declaration	owner_module	visibility	selected_owner	closure_role	seed_memberships	membership_witnesses	co_route_component	minimum_depth	signature_edge_span	body_edge_span
NumStability.RationalOrderCertificate.arcLength_le	NumStability.Analysis.MatrixPowersSpijkerPlanarAnalysis	public	yes	reverse_dependent_boundary	_private.NumStability.Analysis.MatrixPowersSpijkerPlanar.0.NumStability.natDegree_C_mul_mul_le_two_mul;_private.NumStability.Analysis.MatrixPowersSpijkerPlanarAnalysis.0.NumStability.exists_spijkerPartitionCrossing;_private.NumStability.Analysis.MatrixPowersSpijkerPlanarAnalysis.0.NumStability.integral_abs_deriv_le_eVariationOn;_private.NumStability.Analysis.MatrixPowersSpijkerPlanarAnalysis.0.NumStability.lintegral_spijkerPartitionLevelMultiplicity;_private.NumStability.Analysis.MatrixPowersSpijkerPlanarAnalysis.0.NumStability.spijkerActiveIncrements;_private.NumStability.Analysis.MatrixPowersSpijkerPlanarAnalysis.0.NumStability.spijkerActiveIncrements_card_le_of_crossing_bound;_private.NumStability.Analysis.MatrixPowersSpijkerPlanarAnalysis.0.NumStability.spijkerLevelInterval;_private.NumStability.Analysis.MatrixPowersSpijkerPlanarAnalysis.0.NumStability.spijkerPartitionEndpointValues;_private.NumStability.Analysis.MatrixPowersSpijkerPlanarAnalysis.0.NumStability.spijkerPartitionLevelMultiplicity;_private.NumStability.Analysis.MatrixPowersSpijkerPlanarAnalysis.0.NumStability.spijkerPartitionLevelMultiplicity_eq_card;_private.NumStability.Analysis.MatrixPowersSpijkerPlanarAnalysis.0.NumStability.spijkerPartitionLevelMultiplicity_le;_private.NumStability.Analysis.MatrixPowersSpijkerPlanarAnalysis.0.NumStability.spijkerPartition_edist_sum_le;_private.NumStability.Analysis.MatrixPowersSpijkerPlanarAnalysis.0.NumStability.spijker_eVariationOn_le	"[{""depth"":5,""edge_kind"":""body"",""predecessor"":""NumStability.RationalOrderCertificate.arcLength_le_of_planar_analyticBridge"",""seed"":""_private.NumStability.Analysis.MatrixPowersSpijkerPlanar.0.NumStability.natDegree_C_mul_mul_le_two_mul""},{""depth"":7,""edge_kind"":""body"",""predecessor"":""NumStability.spijkerPlanarAnalyticBridge"",""seed"":""_private.NumStability.Analysis.MatrixPowersSpijkerPlanarAnalysis.0.NumStability.exists_spijkerPartitionCrossing""},{""depth"":3,""edge_kind"":""body"",""predecessor"":""NumStability.spijkerPlanarAnalyticBridge"",""seed"":""_private.NumStability.Analysis.MatrixPowersSpijkerPlanarAnalysis.0.NumStability.integral_abs_deriv_le_eVariationOn""},{""depth"":5,""edge_kind"":""body"",""predecessor"":""NumStability.spijkerPlanarAnalyticBridge"",""seed"":""_private.NumStability.Analysis.MatrixPowersSpijkerPlanarAnalysis.0.NumStability.lintegral_spijkerPartitionLevelMultiplicity""},{""depth"":6,""edge_kind"":""body"",""predecessor"":""NumStability.spijkerPlanarAnalyticBridge"",""seed"":""_private.NumStability.Analysis.MatrixPowersSpijkerPlanarAnalysis.0.NumStability.spijkerActiveIncrements""},{""depth"":6,""edge_kind"":""body"",""predecessor"":""NumStability.spijkerPlanarAnalyticBridge"",""seed"":""_private.NumStability.Analysis.MatrixPowersSpijkerPlanarAnalysis.0.NumStability.spijkerActiveIncrements_card_le_of_crossing_bound""},{""depth"":6,""edge_kind"":""body"",""predecessor"":""NumStability.spijkerPlanarAnalyticBridge"",""seed"":""_private.NumStability.Analysis.MatrixPowersSpijkerPlanarAnalysis.0.NumStability.spijkerLevelInterval""},{""depth"":5,""edge_kind"":""body"",""predecessor"":""NumStability.spijkerPlanarAnalyticBridge"",""seed"":""_private.NumStability.Analysis.MatrixPowersSpijkerPlanarAnalysis.0.NumStability.spijkerPartitionEndpointValues""},{""depth"":5,""edge_kind"":""body"",""predecessor"":""NumStability.spijkerPlanarAnalyticBridge"",""seed"":""_private.NumStability.Analysis.MatrixPowersSpijkerPlanarAnalysis.0.NumStability.spijkerPartitionLevelMultiplicity""},{""depth"":6,""edge_kind"":""body"",""predecessor"":""NumStability.spijkerPlanarAnalyticBridge"",""seed"":""_private.NumStability.Analysis.MatrixPowersSpijkerPlanarAnalysis.0.NumStability.spijkerPartitionLevelMultiplicity_eq_card""},{""depth"":5,""edge_kind"":""body"",""predecessor"":""NumStability.spijkerPlanarAnalyticBridge"",""seed"":""_private.NumStability.Analysis.MatrixPowersSpijkerPlanarAnalysis.0.NumStability.spijkerPartitionLevelMultiplicity_le""},{""depth"":4,""edge_kind"":""body"",""predecessor"":""NumStability.spijkerPlanarAnalyticBridge"",""seed"":""_private.NumStability.Analysis.MatrixPowersSpijkerPlanarAnalysis.0.NumStability.spijkerPartition_edist_sum_le""},{""depth"":3,""edge_kind"":""body"",""predecessor"":""NumStability.spijkerPlanarAnalyticBridge"",""seed"":""_private.NumStability.Analysis.MatrixPowersSpijkerPlanarAnalysis.0.NumStability.spijker_eVariationOn_le""}]"	-	3	2	5
NumStability.RationalOrderCertificate.arcLength_le_of_planar_analyticBridge	NumStability.Analysis.MatrixPowersSpijkerPlanar	public	yes	reverse_dependent_boundary	_private.NumStability.Analysis.MatrixPowersSpijkerPlanar.0.NumStability.natDegree_C_mul_mul_le_two_mul	"[{""depth"":4,""edge_kind"":""body"",""predecessor"":""NumStability.RationalOrderCertificate.projection_crossing_finset_card_le_two_mul"",""seed"":""_private.NumStability.Analysis.MatrixPowersSpijkerPlanar.0.NumStability.natDegree_C_mul_mul_le_two_mul""}]"	-	4	3	13
NumStability.RationalOrderCertificate.projection_crossing_finset_card_le_two_mul	NumStability.Analysis.MatrixPowersSpijkerPlanar	public	yes	reverse_dependent_boundary	_private.NumStability.Analysis.MatrixPowersSpijkerPlanar.0.NumStability.natDegree_C_mul_mul_le_two_mul	"[{""depth"":3,""edge_kind"":""body"",""predecessor"":""NumStability.spijker_projection_crossing_finset_card_le_two_mul"",""seed"":""_private.NumStability.Analysis.MatrixPowersSpijkerPlanar.0.NumStability.natDegree_C_mul_mul_le_two_mul""}]"	-	3	3	15
NumStability.exists_schur_powerBounds	NumStability.Analysis.MatrixPowersBinomialBound	public	yes	reverse_dependent_boundary	_private.NumStability.Analysis.MatrixPowersBinomialBound.0.NumStability.Ppiece;_private.NumStability.Analysis.MatrixPowersBinomialBound.0.NumStability.Ppiece_apply_eq_zero;_private.NumStability.Analysis.MatrixPowersBinomialBound.0.NumStability.Ppiece_eq_zero_of_ge;_private.NumStability.Analysis.MatrixPowersBinomialBound.0.NumStability.Ppiece_eq_zero_of_lt;_private.NumStability.Analysis.MatrixPowersBinomialBound.0.NumStability.Ppiece_succ_succ;_private.NumStability.Analysis.MatrixPowersBinomialBound.0.NumStability.Ppiece_succ_zero;_private.NumStability.Analysis.MatrixPowersBinomialBound.0.NumStability.Ppiece_zero_succ;_private.NumStability.Analysis.MatrixPowersBinomialBound.0.NumStability.Ppiece_zero_zero;_private.NumStability.Analysis.MatrixPowersBinomialBound.0.NumStability.norm_Ppiece_le;_private.NumStability.Analysis.MatrixPowersBinomialBound.0.NumStability.opNorm_one;_private.NumStability.Analysis.MatrixPowersBinomialBound.0.NumStability.opNorm_unitary;_private.NumStability.Analysis.MatrixPowersBinomialBound.0.NumStability.opNorm_unitary_conj;_private.NumStability.Analysis.MatrixPowersBinomialBound.0.NumStability.sum_Ppiece	"[{""depth"":2,""edge_kind"":""body"",""predecessor"":""NumStability.opNorm_schurpow_le_binomial"",""seed"":""_private.NumStability.Analysis.MatrixPowersBinomialBound.0.NumStability.Ppiece""},{""depth"":3,""edge_kind"":""body"",""predecessor"":""NumStability.opNorm_schurpow_le_binomial"",""seed"":""_private.NumStability.Analysis.MatrixPowersBinomialBound.0.NumStability.Ppiece_apply_eq_zero""},{""depth"":2,""edge_kind"":""body"",""predecessor"":""NumStability.opNorm_schurpow_le_binomial"",""seed"":""_private.NumStability.Analysis.MatrixPowersBinomialBound.0.NumStability.Ppiece_eq_zero_of_ge""},{""depth"":3,""edge_kind"":""body"",""predecessor"":""NumStability.opNorm_schurpow_le_binomial"",""seed"":""_private.NumStability.Analysis.MatrixPowersBinomialBound.0.NumStability.Ppiece_eq_zero_of_lt""},{""depth"":3,""edge_kind"":""body"",""predecessor"":""NumStability.opNorm_schurpow_le_binomial"",""seed"":""_private.NumStability.Analysis.MatrixPowersBinomialBound.0.NumStability.Ppiece_succ_succ""},{""depth"":3,""edge_kind"":""body"",""predecessor"":""NumStability.opNorm_schurpow_le_binomial"",""seed"":""_private.NumStability.Analysis.MatrixPowersBinomialBound.0.NumStability.Ppiece_succ_zero""},{""depth"":3,""edge_kind"":""body"",""predecessor"":""NumStability.opNorm_schurpow_le_binomial"",""seed"":""_private.NumStability.Analysis.MatrixPowersBinomialBound.0.NumStability.Ppiece_zero_succ""},{""depth"":4,""edge_kind"":""body"",""predecessor"":""NumStability.opNorm_schurpow_le_binomial"",""seed"":""_private.NumStability.Analysis.MatrixPowersBinomialBound.0.NumStability.Ppiece_zero_zero""},{""depth"":2,""edge_kind"":""body"",""predecessor"":""NumStability.opNorm_schurpow_le_binomial"",""seed"":""_private.NumStability.Analysis.MatrixPowersBinomialBound.0.NumStability.norm_Ppiece_le""},{""depth"":4,""edge_kind"":""body"",""predecessor"":""NumStability.norm_pow_eq_norm_schur_pow"",""seed"":""_private.NumStability.Analysis.MatrixPowersBinomialBound.0.NumStability.opNorm_one""},{""depth"":3,""edge_kind"":""body"",""predecessor"":""NumStability.norm_pow_eq_norm_schur_pow"",""seed"":""_private.NumStability.Analysis.MatrixPowersBinomialBound.0.NumStability.opNorm_unitary""},{""depth"":2,""edge_kind"":""body"",""predecessor"":""NumStability.norm_pow_eq_norm_schur_pow"",""seed"":""_private.NumStability.Analysis.MatrixPowersBinomialBound.0.NumStability.opNorm_unitary_conj""},{""depth"":2,""edge_kind"":""body"",""predecessor"":""NumStability.opNorm_schurpow_le_binomial"",""seed"":""_private.NumStability.Analysis.MatrixPowersBinomialBound.0.NumStability.sum_Ppiece""}]"	-	2	0	5
NumStability.higham18_kreiss_two_sided_proved	NumStability.Analysis.MatrixPowersSpijkerClosure	public	yes	reverse_dependent_boundary	_private.NumStability.Analysis.MatrixPowersSpijkerPlanar.0.NumStability.natDegree_C_mul_mul_le_two_mul;_private.NumStability.Analysis.MatrixPowersSpijkerPlanarAnalysis.0.NumStability.exists_spijkerPartitionCrossing;_private.NumStability.Analysis.MatrixPowersSpijkerPlanarAnalysis.0.NumStability.integral_abs_deriv_le_eVariationOn;_private.NumStability.Analysis.MatrixPowersSpijkerPlanarAnalysis.0.NumStability.lintegral_spijkerPartitionLevelMultiplicity;_private.NumStability.Analysis.MatrixPowersSpijkerPlanarAnalysis.0.NumStability.spijkerActiveIncrements;_private.NumStability.Analysis.MatrixPowersSpijkerPlanarAnalysis.0.NumStability.spijkerActiveIncrements_card_le_of_crossing_bound;_private.NumStability.Analysis.MatrixPowersSpijkerPlanarAnalysis.0.NumStability.spijkerLevelInterval;_private.NumStability.Analysis.MatrixPowersSpijkerPlanarAnalysis.0.NumStability.spijkerPartitionEndpointValues;_private.NumStability.Analysis.MatrixPowersSpijkerPlanarAnalysis.0.NumStability.spijkerPartitionLevelMultiplicity;_private.NumStability.Analysis.MatrixPowersSpijkerPlanarAnalysis.0.NumStability.spijkerPartitionLevelMultiplicity_eq_card;_private.NumStability.Analysis.MatrixPowersSpijkerPlanarAnalysis.0.NumStability.spijkerPartitionLevelMultiplicity_le;_private.NumStability.Analysis.MatrixPowersSpijkerPlanarAnalysis.0.NumStability.spijkerPartition_edist_sum_le;_private.NumStability.Analysis.MatrixPowersSpijkerPlanarAnalysis.0.NumStability.spijker_eVariationOn_le	"[{""depth"":7,""edge_kind"":""body"",""predecessor"":""NumStability.spijkerArcLengthBound_proved"",""seed"":""_private.NumStability.Analysis.MatrixPowersSpijkerPlanar.0.NumStability.natDegree_C_mul_mul_le_two_mul""},{""depth"":9,""edge_kind"":""body"",""predecessor"":""NumStability.spijkerArcLengthBound_proved"",""seed"":""_private.NumStability.Analysis.MatrixPowersSpijkerPlanarAnalysis.0.NumStability.exists_spijkerPartitionCrossing""},{""depth"":5,""edge_kind"":""body"",""predecessor"":""NumStability.spijkerArcLengthBound_proved"",""seed"":""_private.NumStability.Analysis.MatrixPowersSpijkerPlanarAnalysis.0.NumStability.integral_abs_deriv_le_eVariationOn""},{""depth"":7,""edge_kind"":""body"",""predecessor"":""NumStability.spijkerArcLengthBound_proved"",""seed"":""_private.NumStability.Analysis.MatrixPowersSpijkerPlanarAnalysis.0.NumStability.lintegral_spijkerPartitionLevelMultiplicity""},{""depth"":8,""edge_kind"":""body"",""predecessor"":""NumStability.spijkerArcLengthBound_proved"",""seed"":""_private.NumStability.Analysis.MatrixPowersSpijkerPlanarAnalysis.0.NumStability.spijkerActiveIncrements""},{""depth"":8,""edge_kind"":""body"",""predecessor"":""NumStability.spijkerArcLengthBound_proved"",""seed"":""_private.NumStability.Analysis.MatrixPowersSpijkerPlanarAnalysis.0.NumStability.spijkerActiveIncrements_card_le_of_crossing_bound""},{""depth"":8,""edge_kind"":""body"",""predecessor"":""NumStability.spijkerArcLengthBound_proved"",""seed"":""_private.NumStability.Analysis.MatrixPowersSpijkerPlanarAnalysis.0.NumStability.spijkerLevelInterval""},{""depth"":7,""edge_kind"":""body"",""predecessor"":""NumStability.spijkerArcLengthBound_proved"",""seed"":""_private.NumStability.Analysis.MatrixPowersSpijkerPlanarAnalysis.0.NumStability.spijkerPartitionEndpointValues""},{""depth"":7,""edge_kind"":""body"",""predecessor"":""NumStability.spijkerArcLengthBound_proved"",""seed"":""_private.NumStability.Analysis.MatrixPowersSpijkerPlanarAnalysis.0.NumStability.spijkerPartitionLevelMultiplicity""},{""depth"":8,""edge_kind"":""body"",""predecessor"":""NumStability.spijkerArcLengthBound_proved"",""seed"":""_private.NumStability.Analysis.MatrixPowersSpijkerPlanarAnalysis.0.NumStability.spijkerPartitionLevelMultiplicity_eq_card""},{""depth"":7,""edge_kind"":""body"",""predecessor"":""NumStability.spijkerArcLengthBound_proved"",""seed"":""_private.NumStability.Analysis.MatrixPowersSpijkerPlanarAnalysis.0.NumStability.spijkerPartitionLevelMultiplicity_le""},{""depth"":6,""edge_kind"":""body"",""predecessor"":""NumStability.spijkerArcLengthBound_proved"",""seed"":""_private.NumStability.Analysis.MatrixPowersSpijkerPlanarAnalysis.0.NumStability.spijkerPartition_edist_sum_le""},{""depth"":5,""edge_kind"":""body"",""predecessor"":""NumStability.spijkerArcLengthBound_proved"",""seed"":""_private.NumStability.Analysis.MatrixPowersSpijkerPlanarAnalysis.0.NumStability.spijker_eVariationOn_le""}]"	-	5	3	3
NumStability.higham18_kreiss_upper_proved	NumStability.Analysis.MatrixPowersSpijkerClosure	public	yes	reverse_dependent_boundary	_private.NumStability.Analysis.MatrixPowersSpijkerPlanar.0.NumStability.natDegree_C_mul_mul_le_two_mul;_private.NumStability.Analysis.MatrixPowersSpijkerPlanarAnalysis.0.NumStability.exists_spijkerPartitionCrossing;_private.NumStability.Analysis.MatrixPowersSpijkerPlanarAnalysis.0.NumStability.integral_abs_deriv_le_eVariationOn;_private.NumStability.Analysis.MatrixPowersSpijkerPlanarAnalysis.0.NumStability.lintegral_spijkerPartitionLevelMultiplicity;_private.NumStability.Analysis.MatrixPowersSpijkerPlanarAnalysis.0.NumStability.spijkerActiveIncrements;_private.NumStability.Analysis.MatrixPowersSpijkerPlanarAnalysis.0.NumStability.spijkerActiveIncrements_card_le_of_crossing_bound;_private.NumStability.Analysis.MatrixPowersSpijkerPlanarAnalysis.0.NumStability.spijkerLevelInterval;_private.NumStability.Analysis.MatrixPowersSpijkerPlanarAnalysis.0.NumStability.spijkerPartitionEndpointValues;_private.NumStability.Analysis.MatrixPowersSpijkerPlanarAnalysis.0.NumStability.spijkerPartitionLevelMultiplicity;_private.NumStability.Analysis.MatrixPowersSpijkerPlanarAnalysis.0.NumStability.spijkerPartitionLevelMultiplicity_eq_card;_private.NumStability.Analysis.MatrixPowersSpijkerPlanarAnalysis.0.NumStability.spijkerPartitionLevelMultiplicity_le;_private.NumStability.Analysis.MatrixPowersSpijkerPlanarAnalysis.0.NumStability.spijkerPartition_edist_sum_le;_private.NumStability.Analysis.MatrixPowersSpijkerPlanarAnalysis.0.NumStability.spijker_eVariationOn_le	"[{""depth"":7,""edge_kind"":""body"",""predecessor"":""NumStability.spijkerArcLengthBound_proved"",""seed"":""_private.NumStability.Analysis.MatrixPowersSpijkerPlanar.0.NumStability.natDegree_C_mul_mul_le_two_mul""},{""depth"":9,""edge_kind"":""body"",""predecessor"":""NumStability.spijkerArcLengthBound_proved"",""seed"":""_private.NumStability.Analysis.MatrixPowersSpijkerPlanarAnalysis.0.NumStability.exists_spijkerPartitionCrossing""},{""depth"":5,""edge_kind"":""body"",""predecessor"":""NumStability.spijkerArcLengthBound_proved"",""seed"":""_private.NumStability.Analysis.MatrixPowersSpijkerPlanarAnalysis.0.NumStability.integral_abs_deriv_le_eVariationOn""},{""depth"":7,""edge_kind"":""body"",""predecessor"":""NumStability.spijkerArcLengthBound_proved"",""seed"":""_private.NumStability.Analysis.MatrixPowersSpijkerPlanarAnalysis.0.NumStability.lintegral_spijkerPartitionLevelMultiplicity""},{""depth"":8,""edge_kind"":""body"",""predecessor"":""NumStability.spijkerArcLengthBound_proved"",""seed"":""_private.NumStability.Analysis.MatrixPowersSpijkerPlanarAnalysis.0.NumStability.spijkerActiveIncrements""},{""depth"":8,""edge_kind"":""body"",""predecessor"":""NumStability.spijkerArcLengthBound_proved"",""seed"":""_private.NumStability.Analysis.MatrixPowersSpijkerPlanarAnalysis.0.NumStability.spijkerActiveIncrements_card_le_of_crossing_bound""},{""depth"":8,""edge_kind"":""body"",""predecessor"":""NumStability.spijkerArcLengthBound_proved"",""seed"":""_private.NumStability.Analysis.MatrixPowersSpijkerPlanarAnalysis.0.NumStability.spijkerLevelInterval""},{""depth"":7,""edge_kind"":""body"",""predecessor"":""NumStability.spijkerArcLengthBound_proved"",""seed"":""_private.NumStability.Analysis.MatrixPowersSpijkerPlanarAnalysis.0.NumStability.spijkerPartitionEndpointValues""},{""depth"":7,""edge_kind"":""body"",""predecessor"":""NumStability.spijkerArcLengthBound_proved"",""seed"":""_private.NumStability.Analysis.MatrixPowersSpijkerPlanarAnalysis.0.NumStability.spijkerPartitionLevelMultiplicity""},{""depth"":8,""edge_kind"":""body"",""predecessor"":""NumStability.spijkerArcLengthBound_proved"",""seed"":""_private.NumStability.Analysis.MatrixPowersSpijkerPlanarAnalysis.0.NumStability.spijkerPartitionLevelMultiplicity_eq_card""},{""depth"":7,""edge_kind"":""body"",""predecessor"":""NumStability.spijkerArcLengthBound_proved"",""seed"":""_private.NumStability.Analysis.MatrixPowersSpijkerPlanarAnalysis.0.NumStability.spijkerPartitionLevelMultiplicity_le""},{""depth"":6,""edge_kind"":""body"",""predecessor"":""NumStability.spijkerArcLengthBound_proved"",""seed"":""_private.NumStability.Analysis.MatrixPowersSpijkerPlanarAnalysis.0.NumStability.spijkerPartition_edist_sum_le""},{""depth"":5,""edge_kind"":""body"",""predecessor"":""NumStability.spijkerArcLengthBound_proved"",""seed"":""_private.NumStability.Analysis.MatrixPowersSpijkerPlanarAnalysis.0.NumStability.spijker_eVariationOn_le""}]"	-	5	3	3
NumStability.norm_apply_sq_add_norm_inner_sq_le	NumStability.Analysis.BergerResolvent	public	yes	reverse_dependent_boundary	_private.NumStability.Analysis.BergerResolvent.0.NumStability.exists_unit_sq_mul;_private.NumStability.Analysis.BergerResolvent.0.NumStability.inner_diag_diff	"[{""depth"":1,""edge_kind"":""body"",""predecessor"":""_private.NumStability.Analysis.BergerResolvent.0.NumStability.exists_unit_sq_mul"",""seed"":""_private.NumStability.Analysis.BergerResolvent.0.NumStability.exists_unit_sq_mul""},{""depth"":1,""edge_kind"":""body"",""predecessor"":""_private.NumStability.Analysis.BergerResolvent.0.NumStability.inner_diag_diff"",""seed"":""_private.NumStability.Analysis.BergerResolvent.0.NumStability.inner_diag_diff""}]"	NumStability.norm_apply_sq_add_norm_inner_sq_le	1	1	6
NumStability.norm_pow_eq_norm_schur_pow	NumStability.Analysis.MatrixPowersBinomialBound	public	yes	reverse_dependent_boundary	_private.NumStability.Analysis.MatrixPowersBinomialBound.0.NumStability.opNorm_one;_private.NumStability.Analysis.MatrixPowersBinomialBound.0.NumStability.opNorm_unitary;_private.NumStability.Analysis.MatrixPowersBinomialBound.0.NumStability.opNorm_unitary_conj	"[{""depth"":3,""edge_kind"":""body"",""predecessor"":""_private.NumStability.Analysis.MatrixPowersBinomialBound.0.NumStability.opNorm_unitary_conj"",""seed"":""_private.NumStability.Analysis.MatrixPowersBinomialBound.0.NumStability.opNorm_one""},{""depth"":2,""edge_kind"":""body"",""predecessor"":""_private.NumStability.Analysis.MatrixPowersBinomialBound.0.NumStability.opNorm_unitary_conj"",""seed"":""_private.NumStability.Analysis.MatrixPowersBinomialBound.0.NumStability.opNorm_unitary""},{""depth"":1,""edge_kind"":""body"",""predecessor"":""_private.NumStability.Analysis.MatrixPowersBinomialBound.0.NumStability.opNorm_unitary_conj"",""seed"":""_private.NumStability.Analysis.MatrixPowersBinomialBound.0.NumStability.opNorm_unitary_conj""}]"	NumStability.norm_pow_eq_norm_schur_pow	1	0	4
NumStability.norm_pow_le_exp_mul_dim_proved	NumStability.Analysis.MatrixPowersSpijkerClosure	public	yes	reverse_dependent_boundary	_private.NumStability.Analysis.MatrixPowersSpijkerPlanar.0.NumStability.natDegree_C_mul_mul_le_two_mul;_private.NumStability.Analysis.MatrixPowersSpijkerPlanarAnalysis.0.NumStability.exists_spijkerPartitionCrossing;_private.NumStability.Analysis.MatrixPowersSpijkerPlanarAnalysis.0.NumStability.integral_abs_deriv_le_eVariationOn;_private.NumStability.Analysis.MatrixPowersSpijkerPlanarAnalysis.0.NumStability.lintegral_spijkerPartitionLevelMultiplicity;_private.NumStability.Analysis.MatrixPowersSpijkerPlanarAnalysis.0.NumStability.spijkerActiveIncrements;_private.NumStability.Analysis.MatrixPowersSpijkerPlanarAnalysis.0.NumStability.spijkerActiveIncrements_card_le_of_crossing_bound;_private.NumStability.Analysis.MatrixPowersSpijkerPlanarAnalysis.0.NumStability.spijkerLevelInterval;_private.NumStability.Analysis.MatrixPowersSpijkerPlanarAnalysis.0.NumStability.spijkerPartitionEndpointValues;_private.NumStability.Analysis.MatrixPowersSpijkerPlanarAnalysis.0.NumStability.spijkerPartitionLevelMultiplicity;_private.NumStability.Analysis.MatrixPowersSpijkerPlanarAnalysis.0.NumStability.spijkerPartitionLevelMultiplicity_eq_card;_private.NumStability.Analysis.MatrixPowersSpijkerPlanarAnalysis.0.NumStability.spijkerPartitionLevelMultiplicity_le;_private.NumStability.Analysis.MatrixPowersSpijkerPlanarAnalysis.0.NumStability.spijkerPartition_edist_sum_le;_private.NumStability.Analysis.MatrixPowersSpijkerPlanarAnalysis.0.NumStability.spijker_eVariationOn_le	"[{""depth"":7,""edge_kind"":""body"",""predecessor"":""NumStability.spijkerArcLengthBound_proved"",""seed"":""_private.NumStability.Analysis.MatrixPowersSpijkerPlanar.0.NumStability.natDegree_C_mul_mul_le_two_mul""},{""depth"":9,""edge_kind"":""body"",""predecessor"":""NumStability.spijkerArcLengthBound_proved"",""seed"":""_private.NumStability.Analysis.MatrixPowersSpijkerPlanarAnalysis.0.NumStability.exists_spijkerPartitionCrossing""},{""depth"":5,""edge_kind"":""body"",""predecessor"":""NumStability.spijkerArcLengthBound_proved"",""seed"":""_private.NumStability.Analysis.MatrixPowersSpijkerPlanarAnalysis.0.NumStability.integral_abs_deriv_le_eVariationOn""},{""depth"":7,""edge_kind"":""body"",""predecessor"":""NumStability.spijkerArcLengthBound_proved"",""seed"":""_private.NumStability.Analysis.MatrixPowersSpijkerPlanarAnalysis.0.NumStability.lintegral_spijkerPartitionLevelMultiplicity""},{""depth"":8,""edge_kind"":""body"",""predecessor"":""NumStability.spijkerArcLengthBound_proved"",""seed"":""_private.NumStability.Analysis.MatrixPowersSpijkerPlanarAnalysis.0.NumStability.spijkerActiveIncrements""},{""depth"":8,""edge_kind"":""body"",""predecessor"":""NumStability.spijkerArcLengthBound_proved"",""seed"":""_private.NumStability.Analysis.MatrixPowersSpijkerPlanarAnalysis.0.NumStability.spijkerActiveIncrements_card_le_of_crossing_bound""},{""depth"":8,""edge_kind"":""body"",""predecessor"":""NumStability.spijkerArcLengthBound_proved"",""seed"":""_private.NumStability.Analysis.MatrixPowersSpijkerPlanarAnalysis.0.NumStability.spijkerLevelInterval""},{""depth"":7,""edge_kind"":""body"",""predecessor"":""NumStability.spijkerArcLengthBound_proved"",""seed"":""_private.NumStability.Analysis.MatrixPowersSpijkerPlanarAnalysis.0.NumStability.spijkerPartitionEndpointValues""},{""depth"":7,""edge_kind"":""body"",""predecessor"":""NumStability.spijkerArcLengthBound_proved"",""seed"":""_private.NumStability.Analysis.MatrixPowersSpijkerPlanarAnalysis.0.NumStability.spijkerPartitionLevelMultiplicity""},{""depth"":8,""edge_kind"":""body"",""predecessor"":""NumStability.spijkerArcLengthBound_proved"",""seed"":""_private.NumStability.Analysis.MatrixPowersSpijkerPlanarAnalysis.0.NumStability.spijkerPartitionLevelMultiplicity_eq_card""},{""depth"":7,""edge_kind"":""body"",""predecessor"":""NumStability.spijkerArcLengthBound_proved"",""seed"":""_private.NumStability.Analysis.MatrixPowersSpijkerPlanarAnalysis.0.NumStability.spijkerPartitionLevelMultiplicity_le""},{""depth"":6,""edge_kind"":""body"",""predecessor"":""NumStability.spijkerArcLengthBound_proved"",""seed"":""_private.NumStability.Analysis.MatrixPowersSpijkerPlanarAnalysis.0.NumStability.spijkerPartition_edist_sum_le""},{""depth"":5,""edge_kind"":""body"",""predecessor"":""NumStability.spijkerArcLengthBound_proved"",""seed"":""_private.NumStability.Analysis.MatrixPowersSpijkerPlanarAnalysis.0.NumStability.spijker_eVariationOn_le""}]"	-	5	1	3
NumStability.norm_pow_le_two_mul_numericalRadius_pow	NumStability.Analysis.BergerGeneral	public	yes	reverse_dependent_boundary	_private.NumStability.Analysis.BergerGeneral.0.NumStability.bergerGeneral_smul_pow;_private.NumStability.Analysis.BergerGeneral.0.NumStability.bergerGeneral_sum_p;_private.NumStability.Analysis.BergerGeneral.0.NumStability.bergerGeneral_telescoping;_private.NumStability.Analysis.BergerGeneral.0.NumStability.bergerGeneral_unit_root	"[{""depth"":3,""edge_kind"":""body"",""predecessor"":""NumStability.numericalRadius_pow_le"",""seed"":""_private.NumStability.Analysis.BergerGeneral.0.NumStability.bergerGeneral_smul_pow""},{""depth"":4,""edge_kind"":""body"",""predecessor"":""NumStability.numericalRadius_pow_le"",""seed"":""_private.NumStability.Analysis.BergerGeneral.0.NumStability.bergerGeneral_sum_p""},{""depth"":4,""edge_kind"":""body"",""predecessor"":""NumStability.numericalRadius_pow_le"",""seed"":""_private.NumStability.Analysis.BergerGeneral.0.NumStability.bergerGeneral_telescoping""},{""depth"":4,""edge_kind"":""body"",""predecessor"":""NumStability.numericalRadius_pow_le"",""seed"":""_private.NumStability.Analysis.BergerGeneral.0.NumStability.bergerGeneral_unit_root""}]"	-	3	1	2
NumStability.norm_pow_nilpotent	NumStability.Analysis.MatrixPowersBinomialBound	public	yes	reverse_dependent_boundary	_private.NumStability.Analysis.MatrixPowersBinomialBound.0.NumStability.opNorm_one;_private.NumStability.Analysis.MatrixPowersBinomialBound.0.NumStability.opNorm_unitary;_private.NumStability.Analysis.MatrixPowersBinomialBound.0.NumStability.opNorm_unitary_conj	"[{""depth"":4,""edge_kind"":""body"",""predecessor"":""NumStability.norm_pow_eq_norm_schur_pow"",""seed"":""_private.NumStability.Analysis.MatrixPowersBinomialBound.0.NumStability.opNorm_one""},{""depth"":3,""edge_kind"":""body"",""predecessor"":""NumStability.norm_pow_eq_norm_schur_pow"",""seed"":""_private.NumStability.Analysis.MatrixPowersBinomialBound.0.NumStability.opNorm_unitary""},{""depth"":2,""edge_kind"":""body"",""predecessor"":""NumStability.norm_pow_eq_norm_schur_pow"",""seed"":""_private.NumStability.Analysis.MatrixPowersBinomialBound.0.NumStability.opNorm_unitary_conj""}]"	-	2	0	2
NumStability.norm_pow_normal_eq	NumStability.Analysis.MatrixPowersSchur	public	yes	reverse_dependent_boundary	_private.NumStability.Analysis.MatrixPowersSchur.0.NumStability.conjTranspose_mul_diag;_private.NumStability.Analysis.MatrixPowersSchur.0.NumStability.l2_opNorm_of_mem_unitaryGroup;_private.NumStability.Analysis.MatrixPowersSchur.0.NumStability.l2_opNorm_one;_private.NumStability.Analysis.MatrixPowersSchur.0.NumStability.l2_opNorm_unitary_conj;_private.NumStability.Analysis.MatrixPowersSchur.0.NumStability.mul_conjTranspose_diag;_private.NumStability.Analysis.MatrixPowersSchur.0.NumStability.pi_norm_pow	"[{""depth"":3,""edge_kind"":""body"",""predecessor"":""NumStability.normal_schur_strictUpper_eq_zero"",""seed"":""_private.NumStability.Analysis.MatrixPowersSchur.0.NumStability.conjTranspose_mul_diag""},{""depth"":2,""edge_kind"":""body"",""predecessor"":""_private.NumStability.Analysis.MatrixPowersSchur.0.NumStability.l2_opNorm_unitary_conj"",""seed"":""_private.NumStability.Analysis.MatrixPowersSchur.0.NumStability.l2_opNorm_of_mem_unitaryGroup""},{""depth"":3,""edge_kind"":""body"",""predecessor"":""_private.NumStability.Analysis.MatrixPowersSchur.0.NumStability.l2_opNorm_unitary_conj"",""seed"":""_private.NumStability.Analysis.MatrixPowersSchur.0.NumStability.l2_opNorm_one""},{""depth"":1,""edge_kind"":""body"",""predecessor"":""_private.NumStability.Analysis.MatrixPowersSchur.0.NumStability.l2_opNorm_unitary_conj"",""seed"":""_private.NumStability.Analysis.MatrixPowersSchur.0.NumStability.l2_opNorm_unitary_conj""},{""depth"":3,""edge_kind"":""body"",""predecessor"":""NumStability.normal_schur_strictUpper_eq_zero"",""seed"":""_private.NumStability.Analysis.MatrixPowersSchur.0.NumStability.mul_conjTranspose_diag""},{""depth"":1,""edge_kind"":""body"",""predecessor"":""_private.NumStability.Analysis.MatrixPowersSchur.0.NumStability.pi_norm_pow"",""seed"":""_private.NumStability.Analysis.MatrixPowersSchur.0.NumStability.pi_norm_pow""}]"	NumStability.norm_pow_normal_eq	1	0	4
NumStability.norm_pow_two_le_two_mul_numericalRadius_sq	NumStability.Analysis.BergerResolvent	public	yes	reverse_dependent_boundary	_private.NumStability.Analysis.BergerResolvent.0.NumStability.exists_unit_sq_mul;_private.NumStability.Analysis.BergerResolvent.0.NumStability.inner_diag_diff	"[{""depth"":4,""edge_kind"":""body"",""predecessor"":""NumStability.numericalRadius_pow_two_le"",""seed"":""_private.NumStability.Analysis.BergerResolvent.0.NumStability.exists_unit_sq_mul""},{""depth"":4,""edge_kind"":""body"",""predecessor"":""NumStability.numericalRadius_pow_two_le"",""seed"":""_private.NumStability.Analysis.BergerResolvent.0.NumStability.inner_diag_diff""}]"	-	4	1	2
NumStability.normal_iff_strictUpper_eq_zero_unconditional	NumStability.Analysis.MatrixPowersHenriciNormal	public	yes	reverse_dependent_boundary	_private.NumStability.Analysis.MatrixPowersSchur.0.NumStability.conjTranspose_mul_diag;_private.NumStability.Analysis.MatrixPowersSchur.0.NumStability.mul_conjTranspose_diag	"[{""depth"":3,""edge_kind"":""body"",""predecessor"":""NumStability.schurNormalImpliesStrictUpperZero_holds"",""seed"":""_private.NumStability.Analysis.MatrixPowersSchur.0.NumStability.conjTranspose_mul_diag""},{""depth"":3,""edge_kind"":""body"",""predecessor"":""NumStability.schurNormalImpliesStrictUpperZero_holds"",""seed"":""_private.NumStability.Analysis.MatrixPowersSchur.0.NumStability.mul_conjTranspose_diag""}]"	-	3	0	2
NumStability.normal_schur_strictUpper_eq_zero	NumStability.Analysis.MatrixPowersSchur	public	yes	reverse_dependent_boundary	_private.NumStability.Analysis.MatrixPowersSchur.0.NumStability.conjTranspose_mul_diag;_private.NumStability.Analysis.MatrixPowersSchur.0.NumStability.mul_conjTranspose_diag	"[{""depth"":2,""edge_kind"":""body"",""predecessor"":""NumStability.normal_upperTriangular_isDiag"",""seed"":""_private.NumStability.Analysis.MatrixPowersSchur.0.NumStability.conjTranspose_mul_diag""},{""depth"":2,""edge_kind"":""body"",""predecessor"":""NumStability.normal_upperTriangular_isDiag"",""seed"":""_private.NumStability.Analysis.MatrixPowersSchur.0.NumStability.mul_conjTranspose_diag""}]"	-	2	0	4
NumStability.normal_upperTriangular_isDiag	NumStability.Analysis.MatrixPowersSchur	public	yes	reverse_dependent_boundary	_private.NumStability.Analysis.MatrixPowersSchur.0.NumStability.conjTranspose_mul_diag;_private.NumStability.Analysis.MatrixPowersSchur.0.NumStability.mul_conjTranspose_diag	"[{""depth"":1,""edge_kind"":""body"",""predecessor"":""_private.NumStability.Analysis.MatrixPowersSchur.0.NumStability.conjTranspose_mul_diag"",""seed"":""_private.NumStability.Analysis.MatrixPowersSchur.0.NumStability.conjTranspose_mul_diag""},{""depth"":1,""edge_kind"":""body"",""predecessor"":""_private.NumStability.Analysis.MatrixPowersSchur.0.NumStability.mul_conjTranspose_diag"",""seed"":""_private.NumStability.Analysis.MatrixPowersSchur.0.NumStability.mul_conjTranspose_diag""}]"	NumStability.normal_upperTriangular_isDiag	1	0	4
NumStability.numericalRadiusCLM_pow_le	NumStability.Analysis.BergerGeneral	public	yes	reverse_dependent_boundary	_private.NumStability.Analysis.BergerGeneral.0.NumStability.bergerGeneral_smul_pow;_private.NumStability.Analysis.BergerGeneral.0.NumStability.bergerGeneral_sum_p;_private.NumStability.Analysis.BergerGeneral.0.NumStability.bergerGeneral_telescoping;_private.NumStability.Analysis.BergerGeneral.0.NumStability.bergerGeneral_unit_root	"[{""depth"":1,""edge_kind"":""body"",""predecessor"":""_private.NumStability.Analysis.BergerGeneral.0.NumStability.bergerGeneral_smul_pow"",""seed"":""_private.NumStability.Analysis.BergerGeneral.0.NumStability.bergerGeneral_smul_pow""},{""depth"":2,""edge_kind"":""body"",""predecessor"":""NumStability.numericalRadiusCLM_pow_pointwise_le_of_le_one"",""seed"":""_private.NumStability.Analysis.BergerGeneral.0.NumStability.bergerGeneral_sum_p""},{""depth"":2,""edge_kind"":""body"",""predecessor"":""NumStability.numericalRadiusCLM_pow_pointwise_le_of_le_one"",""seed"":""_private.NumStability.Analysis.BergerGeneral.0.NumStability.bergerGeneral_telescoping""},{""depth"":2,""edge_kind"":""body"",""predecessor"":""NumStability.numericalRadiusCLM_pow_pointwise_le_of_le_one"",""seed"":""_private.NumStability.Analysis.BergerGeneral.0.NumStability.bergerGeneral_unit_root""}]"	NumStability.numericalRadiusCLM_pow_le	1	1	8
NumStability.numericalRadiusCLM_pow_le_one_of_le_one	NumStability.Analysis.BergerGeneral	public	yes	reverse_dependent_boundary	_private.NumStability.Analysis.BergerGeneral.0.NumStability.bergerGeneral_sum_p;_private.NumStability.Analysis.BergerGeneral.0.NumStability.bergerGeneral_telescoping;_private.NumStability.Analysis.BergerGeneral.0.NumStability.bergerGeneral_unit_root	"[{""depth"":2,""edge_kind"":""body"",""predecessor"":""NumStability.numericalRadiusCLM_pow_pointwise_le_of_le_one"",""seed"":""_private.NumStability.Analysis.BergerGeneral.0.NumStability.bergerGeneral_sum_p""},{""depth"":2,""edge_kind"":""body"",""predecessor"":""NumStability.numericalRadiusCLM_pow_pointwise_le_of_le_one"",""seed"":""_private.NumStability.Analysis.BergerGeneral.0.NumStability.bergerGeneral_telescoping""},{""depth"":2,""edge_kind"":""body"",""predecessor"":""NumStability.numericalRadiusCLM_pow_pointwise_le_of_le_one"",""seed"":""_private.NumStability.Analysis.BergerGeneral.0.NumStability.bergerGeneral_unit_root""}]"	-	2	1	3
NumStability.numericalRadiusCLM_pow_pointwise_le_of_le_one	NumStability.Analysis.BergerGeneral	public	yes	reverse_dependent_boundary	_private.NumStability.Analysis.BergerGeneral.0.NumStability.bergerGeneral_sum_p;_private.NumStability.Analysis.BergerGeneral.0.NumStability.bergerGeneral_telescoping;_private.NumStability.Analysis.BergerGeneral.0.NumStability.bergerGeneral_unit_root	"[{""depth"":1,""edge_kind"":""body"",""predecessor"":""_private.NumStability.Analysis.BergerGeneral.0.NumStability.bergerGeneral_sum_p"",""seed"":""_private.NumStability.Analysis.BergerGeneral.0.NumStability.bergerGeneral_sum_p""},{""depth"":1,""edge_kind"":""body"",""predecessor"":""_private.NumStability.Analysis.BergerGeneral.0.NumStability.bergerGeneral_telescoping"",""seed"":""_private.NumStability.Analysis.BergerGeneral.0.NumStability.bergerGeneral_telescoping""},{""depth"":1,""edge_kind"":""body"",""predecessor"":""_private.NumStability.Analysis.BergerGeneral.0.NumStability.bergerGeneral_unit_root"",""seed"":""_private.NumStability.Analysis.BergerGeneral.0.NumStability.bergerGeneral_unit_root""}]"	NumStability.numericalRadiusCLM_pow_pointwise_le_of_le_one	1	1	7
NumStability.numericalRadiusCLM_pow_two_le	NumStability.Analysis.BergerResolvent	public	yes	reverse_dependent_boundary	_private.NumStability.Analysis.BergerResolvent.0.NumStability.exists_unit_sq_mul;_private.NumStability.Analysis.BergerResolvent.0.NumStability.inner_diag_diff	"[{""depth"":2,""edge_kind"":""body"",""predecessor"":""NumStability.norm_apply_sq_add_norm_inner_sq_le"",""seed"":""_private.NumStability.Analysis.BergerResolvent.0.NumStability.exists_unit_sq_mul""},{""depth"":2,""edge_kind"":""body"",""predecessor"":""NumStability.norm_apply_sq_add_norm_inner_sq_le"",""seed"":""_private.NumStability.Analysis.BergerResolvent.0.NumStability.inner_diag_diff""}]"	-	2	1	7
NumStability.numericalRadiusCLM_pow_two_le_one_of_le_one	NumStability.Analysis.BergerResolvent	public	yes	reverse_dependent_boundary	_private.NumStability.Analysis.BergerResolvent.0.NumStability.exists_unit_sq_mul;_private.NumStability.Analysis.BergerResolvent.0.NumStability.inner_diag_diff	"[{""depth"":2,""edge_kind"":""body"",""predecessor"":""NumStability.norm_apply_sq_add_norm_inner_sq_le"",""seed"":""_private.NumStability.Analysis.BergerResolvent.0.NumStability.exists_unit_sq_mul""},{""depth"":2,""edge_kind"":""body"",""predecessor"":""NumStability.norm_apply_sq_add_norm_inner_sq_le"",""seed"":""_private.NumStability.Analysis.BergerResolvent.0.NumStability.inner_diag_diff""}]"	-	2	1	3
NumStability.numericalRadiusCLM_pow_two_pow_le	NumStability.Analysis.BergerResolvent	public	yes	reverse_dependent_boundary	_private.NumStability.Analysis.BergerResolvent.0.NumStability.exists_unit_sq_mul;_private.NumStability.Analysis.BergerResolvent.0.NumStability.inner_diag_diff	"[{""depth"":3,""edge_kind"":""body"",""predecessor"":""NumStability.numericalRadiusCLM_pow_two_le"",""seed"":""_private.NumStability.Analysis.BergerResolvent.0.NumStability.exists_unit_sq_mul""},{""depth"":3,""edge_kind"":""body"",""predecessor"":""NumStability.numericalRadiusCLM_pow_two_le"",""seed"":""_private.NumStability.Analysis.BergerResolvent.0.NumStability.inner_diag_diff""}]"	-	3	1	3
NumStability.numericalRadius_pow_le	NumStability.Analysis.BergerGeneral	public	yes	reverse_dependent_boundary	_private.NumStability.Analysis.BergerGeneral.0.NumStability.bergerGeneral_smul_pow;_private.NumStability.Analysis.BergerGeneral.0.NumStability.bergerGeneral_sum_p;_private.NumStability.Analysis.BergerGeneral.0.NumStability.bergerGeneral_telescoping;_private.NumStability.Analysis.BergerGeneral.0.NumStability.bergerGeneral_unit_root	"[{""depth"":2,""edge_kind"":""body"",""predecessor"":""NumStability.numericalRadiusCLM_pow_le"",""seed"":""_private.NumStability.Analysis.BergerGeneral.0.NumStability.bergerGeneral_smul_pow""},{""depth"":3,""edge_kind"":""body"",""predecessor"":""NumStability.numericalRadiusCLM_pow_le"",""seed"":""_private.NumStability.Analysis.BergerGeneral.0.NumStability.bergerGeneral_sum_p""},{""depth"":3,""edge_kind"":""body"",""predecessor"":""NumStability.numericalRadiusCLM_pow_le"",""seed"":""_private.NumStability.Analysis.BergerGeneral.0.NumStability.bergerGeneral_telescoping""},{""depth"":3,""edge_kind"":""body"",""predecessor"":""NumStability.numericalRadiusCLM_pow_le"",""seed"":""_private.NumStability.Analysis.BergerGeneral.0.NumStability.bergerGeneral_unit_root""}]"	-	2	1	4
NumStability.numericalRadius_pow_two_le	NumStability.Analysis.BergerResolvent	public	yes	reverse_dependent_boundary	_private.NumStability.Analysis.BergerResolvent.0.NumStability.exists_unit_sq_mul;_private.NumStability.Analysis.BergerResolvent.0.NumStability.inner_diag_diff	"[{""depth"":3,""edge_kind"":""body"",""predecessor"":""NumStability.numericalRadiusCLM_pow_two_le"",""seed"":""_private.NumStability.Analysis.BergerResolvent.0.NumStability.exists_unit_sq_mul""},{""depth"":3,""edge_kind"":""body"",""predecessor"":""NumStability.numericalRadiusCLM_pow_two_le"",""seed"":""_private.NumStability.Analysis.BergerResolvent.0.NumStability.inner_diag_diff""}]"	-	3	1	5
NumStability.numericalRadius_pow_two_pow_le	NumStability.Analysis.BergerResolvent	public	yes	reverse_dependent_boundary	_private.NumStability.Analysis.BergerResolvent.0.NumStability.exists_unit_sq_mul;_private.NumStability.Analysis.BergerResolvent.0.NumStability.inner_diag_diff	"[{""depth"":4,""edge_kind"":""body"",""predecessor"":""NumStability.numericalRadius_pow_two_le"",""seed"":""_private.NumStability.Analysis.BergerResolvent.0.NumStability.exists_unit_sq_mul""},{""depth"":4,""edge_kind"":""body"",""predecessor"":""NumStability.numericalRadius_pow_two_le"",""seed"":""_private.NumStability.Analysis.BergerResolvent.0.NumStability.inner_diag_diff""}]"	-	4	1	3
NumStability.opNorm_schurpow_le_binomial	NumStability.Analysis.MatrixPowersBinomialBound	public	yes	reverse_dependent_boundary	_private.NumStability.Analysis.MatrixPowersBinomialBound.0.NumStability.Ppiece;_private.NumStability.Analysis.MatrixPowersBinomialBound.0.NumStability.Ppiece_apply_eq_zero;_private.NumStability.Analysis.MatrixPowersBinomialBound.0.NumStability.Ppiece_eq_zero_of_ge;_private.NumStability.Analysis.MatrixPowersBinomialBound.0.NumStability.Ppiece_eq_zero_of_lt;_private.NumStability.Analysis.MatrixPowersBinomialBound.0.NumStability.Ppiece_succ_succ;_private.NumStability.Analysis.MatrixPowersBinomialBound.0.NumStability.Ppiece_succ_zero;_private.NumStability.Analysis.MatrixPowersBinomialBound.0.NumStability.Ppiece_zero_succ;_private.NumStability.Analysis.MatrixPowersBinomialBound.0.NumStability.Ppiece_zero_zero;_private.NumStability.Analysis.MatrixPowersBinomialBound.0.NumStability.norm_Ppiece_le;_private.NumStability.Analysis.MatrixPowersBinomialBound.0.NumStability.sum_Ppiece	"[{""depth"":1,""edge_kind"":""body"",""predecessor"":""_private.NumStability.Analysis.MatrixPowersBinomialBound.0.NumStability.Ppiece"",""seed"":""_private.NumStability.Analysis.MatrixPowersBinomialBound.0.NumStability.Ppiece""},{""depth"":2,""edge_kind"":""body"",""predecessor"":""_private.NumStability.Analysis.MatrixPowersBinomialBound.0.NumStability.Ppiece_eq_zero_of_ge"",""seed"":""_private.NumStability.Analysis.MatrixPowersBinomialBound.0.NumStability.Ppiece_apply_eq_zero""},{""depth"":1,""edge_kind"":""body"",""predecessor"":""_private.NumStability.Analysis.MatrixPowersBinomialBound.0.NumStability.Ppiece_eq_zero_of_ge"",""seed"":""_private.NumStability.Analysis.MatrixPowersBinomialBound.0.NumStability.Ppiece_eq_zero_of_ge""},{""depth"":2,""edge_kind"":""body"",""predecessor"":""_private.NumStability.Analysis.MatrixPowersBinomialBound.0.NumStability.norm_Ppiece_le"",""seed"":""_private.NumStability.Analysis.MatrixPowersBinomialBound.0.NumStability.Ppiece_eq_zero_of_lt""},{""depth"":2,""edge_kind"":""body"",""predecessor"":""_private.NumStability.Analysis.MatrixPowersBinomialBound.0.NumStability.norm_Ppiece_le"",""seed"":""_private.NumStability.Analysis.MatrixPowersBinomialBound.0.NumStability.Ppiece_succ_succ""},{""depth"":2,""edge_kind"":""body"",""predecessor"":""_private.NumStability.Analysis.MatrixPowersBinomialBound.0.NumStability.norm_Ppiece_le"",""seed"":""_private.NumStability.Analysis.MatrixPowersBinomialBound.0.NumStability.Ppiece_succ_zero""},{""depth"":2,""edge_kind"":""body"",""predecessor"":""_private.NumStability.Analysis.MatrixPowersBinomialBound.0.NumStability.norm_Ppiece_le"",""seed"":""_private.NumStability.Analysis.MatrixPowersBinomialBound.0.NumStability.Ppiece_zero_succ""},{""depth"":3,""edge_kind"":""body"",""predecessor"":""_private.NumStability.Analysis.MatrixPowersBinomialBound.0.NumStability.Ppiece_eq_zero_of_ge"",""seed"":""_private.NumStability.Analysis.MatrixPowersBinomialBound.0.NumStability.Ppiece_zero_zero""},{""depth"":1,""edge_kind"":""body"",""predecessor"":""_private.NumStability.Analysis.MatrixPowersBinomialBound.0.NumStability.norm_Ppiece_le"",""seed"":""_private.NumStability.Analysis.MatrixPowersBinomialBound.0.NumStability.norm_Ppiece_le""},{""depth"":1,""edge_kind"":""body"",""predecessor"":""_private.NumStability.Analysis.MatrixPowersBinomialBound.0.NumStability.sum_Ppiece"",""seed"":""_private.NumStability.Analysis.MatrixPowersBinomialBound.0.NumStability.sum_Ppiece""}]"	NumStability.opNorm_schurpow_le_binomial	1	0	5
NumStability.powerBound_exp_mul_dim_proved	NumStability.Analysis.MatrixPowersSpijkerClosure	public	yes	reverse_dependent_boundary	_private.NumStability.Analysis.MatrixPowersSpijkerPlanar.0.NumStability.natDegree_C_mul_mul_le_two_mul;_private.NumStability.Analysis.MatrixPowersSpijkerPlanarAnalysis.0.NumStability.exists_spijkerPartitionCrossing;_private.NumStability.Analysis.MatrixPowersSpijkerPlanarAnalysis.0.NumStability.integral_abs_deriv_le_eVariationOn;_private.NumStability.Analysis.MatrixPowersSpijkerPlanarAnalysis.0.NumStability.lintegral_spijkerPartitionLevelMultiplicity;_private.NumStability.Analysis.MatrixPowersSpijkerPlanarAnalysis.0.NumStability.spijkerActiveIncrements;_private.NumStability.Analysis.MatrixPowersSpijkerPlanarAnalysis.0.NumStability.spijkerActiveIncrements_card_le_of_crossing_bound;_private.NumStability.Analysis.MatrixPowersSpijkerPlanarAnalysis.0.NumStability.spijkerLevelInterval;_private.NumStability.Analysis.MatrixPowersSpijkerPlanarAnalysis.0.NumStability.spijkerPartitionEndpointValues;_private.NumStability.Analysis.MatrixPowersSpijkerPlanarAnalysis.0.NumStability.spijkerPartitionLevelMultiplicity;_private.NumStability.Analysis.MatrixPowersSpijkerPlanarAnalysis.0.NumStability.spijkerPartitionLevelMultiplicity_eq_card;_private.NumStability.Analysis.MatrixPowersSpijkerPlanarAnalysis.0.NumStability.spijkerPartitionLevelMultiplicity_le;_private.NumStability.Analysis.MatrixPowersSpijkerPlanarAnalysis.0.NumStability.spijkerPartition_edist_sum_le;_private.NumStability.Analysis.MatrixPowersSpijkerPlanarAnalysis.0.NumStability.spijker_eVariationOn_le	"[{""depth"":7,""edge_kind"":""body"",""predecessor"":""NumStability.spijkerArcLengthBound_proved"",""seed"":""_private.NumStability.Analysis.MatrixPowersSpijkerPlanar.0.NumStability.natDegree_C_mul_mul_le_two_mul""},{""depth"":9,""edge_kind"":""body"",""predecessor"":""NumStability.spijkerArcLengthBound_proved"",""seed"":""_private.NumStability.Analysis.MatrixPowersSpijkerPlanarAnalysis.0.NumStability.exists_spijkerPartitionCrossing""},{""depth"":5,""edge_kind"":""body"",""predecessor"":""NumStability.spijkerArcLengthBound_proved"",""seed"":""_private.NumStability.Analysis.MatrixPowersSpijkerPlanarAnalysis.0.NumStability.integral_abs_deriv_le_eVariationOn""},{""depth"":7,""edge_kind"":""body"",""predecessor"":""NumStability.spijkerArcLengthBound_proved"",""seed"":""_private.NumStability.Analysis.MatrixPowersSpijkerPlanarAnalysis.0.NumStability.lintegral_spijkerPartitionLevelMultiplicity""},{""depth"":8,""edge_kind"":""body"",""predecessor"":""NumStability.spijkerArcLengthBound_proved"",""seed"":""_private.NumStability.Analysis.MatrixPowersSpijkerPlanarAnalysis.0.NumStability.spijkerActiveIncrements""},{""depth"":8,""edge_kind"":""body"",""predecessor"":""NumStability.spijkerArcLengthBound_proved"",""seed"":""_private.NumStability.Analysis.MatrixPowersSpijkerPlanarAnalysis.0.NumStability.spijkerActiveIncrements_card_le_of_crossing_bound""},{""depth"":8,""edge_kind"":""body"",""predecessor"":""NumStability.spijkerArcLengthBound_proved"",""seed"":""_private.NumStability.Analysis.MatrixPowersSpijkerPlanarAnalysis.0.NumStability.spijkerLevelInterval""},{""depth"":7,""edge_kind"":""body"",""predecessor"":""NumStability.spijkerArcLengthBound_proved"",""seed"":""_private.NumStability.Analysis.MatrixPowersSpijkerPlanarAnalysis.0.NumStability.spijkerPartitionEndpointValues""},{""depth"":7,""edge_kind"":""body"",""predecessor"":""NumStability.spijkerArcLengthBound_proved"",""seed"":""_private.NumStability.Analysis.MatrixPowersSpijkerPlanarAnalysis.0.NumStability.spijkerPartitionLevelMultiplicity""},{""depth"":8,""edge_kind"":""body"",""predecessor"":""NumStability.spijkerArcLengthBound_proved"",""seed"":""_private.NumStability.Analysis.MatrixPowersSpijkerPlanarAnalysis.0.NumStability.spijkerPartitionLevelMultiplicity_eq_card""},{""depth"":7,""edge_kind"":""body"",""predecessor"":""NumStability.spijkerArcLengthBound_proved"",""seed"":""_private.NumStability.Analysis.MatrixPowersSpijkerPlanarAnalysis.0.NumStability.spijkerPartitionLevelMultiplicity_le""},{""depth"":6,""edge_kind"":""body"",""predecessor"":""NumStability.spijkerArcLengthBound_proved"",""seed"":""_private.NumStability.Analysis.MatrixPowersSpijkerPlanarAnalysis.0.NumStability.spijkerPartition_edist_sum_le""},{""depth"":5,""edge_kind"":""body"",""predecessor"":""NumStability.spijkerArcLengthBound_proved"",""seed"":""_private.NumStability.Analysis.MatrixPowersSpijkerPlanarAnalysis.0.NumStability.spijker_eVariationOn_le""}]"	-	5	2	3
NumStability.schurNormalImpliesStrictUpperZero_holds	NumStability.Analysis.MatrixPowersHenriciNormal	public	yes	reverse_dependent_boundary	_private.NumStability.Analysis.MatrixPowersSchur.0.NumStability.conjTranspose_mul_diag;_private.NumStability.Analysis.MatrixPowersSchur.0.NumStability.mul_conjTranspose_diag	"[{""depth"":2,""edge_kind"":""body"",""predecessor"":""NumStability.normal_upperTriangular_isDiag"",""seed"":""_private.NumStability.Analysis.MatrixPowersSchur.0.NumStability.conjTranspose_mul_diag""},{""depth"":2,""edge_kind"":""body"",""predecessor"":""NumStability.normal_upperTriangular_isDiag"",""seed"":""_private.NumStability.Analysis.MatrixPowersSchur.0.NumStability.mul_conjTranspose_diag""}]"	-	2	1	3
NumStability.spijkerArcLengthBound_proved	NumStability.Analysis.MatrixPowersSpijkerPlanarAnalysis	public	yes	reverse_dependent_boundary	_private.NumStability.Analysis.MatrixPowersSpijkerPlanar.0.NumStability.natDegree_C_mul_mul_le_two_mul;_private.NumStability.Analysis.MatrixPowersSpijkerPlanarAnalysis.0.NumStability.exists_spijkerPartitionCrossing;_private.NumStability.Analysis.MatrixPowersSpijkerPlanarAnalysis.0.NumStability.integral_abs_deriv_le_eVariationOn;_private.NumStability.Analysis.MatrixPowersSpijkerPlanarAnalysis.0.NumStability.lintegral_spijkerPartitionLevelMultiplicity;_private.NumStability.Analysis.MatrixPowersSpijkerPlanarAnalysis.0.NumStability.spijkerActiveIncrements;_private.NumStability.Analysis.MatrixPowersSpijkerPlanarAnalysis.0.NumStability.spijkerActiveIncrements_card_le_of_crossing_bound;_private.NumStability.Analysis.MatrixPowersSpijkerPlanarAnalysis.0.NumStability.spijkerLevelInterval;_private.NumStability.Analysis.MatrixPowersSpijkerPlanarAnalysis.0.NumStability.spijkerPartitionEndpointValues;_private.NumStability.Analysis.MatrixPowersSpijkerPlanarAnalysis.0.NumStability.spijkerPartitionLevelMultiplicity;_private.NumStability.Analysis.MatrixPowersSpijkerPlanarAnalysis.0.NumStability.spijkerPartitionLevelMultiplicity_eq_card;_private.NumStability.Analysis.MatrixPowersSpijkerPlanarAnalysis.0.NumStability.spijkerPartitionLevelMultiplicity_le;_private.NumStability.Analysis.MatrixPowersSpijkerPlanarAnalysis.0.NumStability.spijkerPartition_edist_sum_le;_private.NumStability.Analysis.MatrixPowersSpijkerPlanarAnalysis.0.NumStability.spijker_eVariationOn_le	"[{""depth"":6,""edge_kind"":""body"",""predecessor"":""NumStability.RationalOrderCertificate.arcLength_le"",""seed"":""_private.NumStability.Analysis.MatrixPowersSpijkerPlanar.0.NumStability.natDegree_C_mul_mul_le_two_mul""},{""depth"":8,""edge_kind"":""body"",""predecessor"":""NumStability.RationalOrderCertificate.arcLength_le"",""seed"":""_private.NumStability.Analysis.MatrixPowersSpijkerPlanarAnalysis.0.NumStability.exists_spijkerPartitionCrossing""},{""depth"":4,""edge_kind"":""body"",""predecessor"":""NumStability.RationalOrderCertificate.arcLength_le"",""seed"":""_private.NumStability.Analysis.MatrixPowersSpijkerPlanarAnalysis.0.NumStability.integral_abs_deriv_le_eVariationOn""},{""depth"":6,""edge_kind"":""body"",""predecessor"":""NumStability.RationalOrderCertificate.arcLength_le"",""seed"":""_private.NumStability.Analysis.MatrixPowersSpijkerPlanarAnalysis.0.NumStability.lintegral_spijkerPartitionLevelMultiplicity""},{""depth"":7,""edge_kind"":""body"",""predecessor"":""NumStability.RationalOrderCertificate.arcLength_le"",""seed"":""_private.NumStability.Analysis.MatrixPowersSpijkerPlanarAnalysis.0.NumStability.spijkerActiveIncrements""},{""depth"":7,""edge_kind"":""body"",""predecessor"":""NumStability.RationalOrderCertificate.arcLength_le"",""seed"":""_private.NumStability.Analysis.MatrixPowersSpijkerPlanarAnalysis.0.NumStability.spijkerActiveIncrements_card_le_of_crossing_bound""},{""depth"":7,""edge_kind"":""body"",""predecessor"":""NumStability.RationalOrderCertificate.arcLength_le"",""seed"":""_private.NumStability.Analysis.MatrixPowersSpijkerPlanarAnalysis.0.NumStability.spijkerLevelInterval""},{""depth"":6,""edge_kind"":""body"",""predecessor"":""NumStability.RationalOrderCertificate.arcLength_le"",""seed"":""_private.NumStability.Analysis.MatrixPowersSpijkerPlanarAnalysis.0.NumStability.spijkerPartitionEndpointValues""},{""depth"":6,""edge_kind"":""body"",""predecessor"":""NumStability.RationalOrderCertificate.arcLength_le"",""seed"":""_private.NumStability.Analysis.MatrixPowersSpijkerPlanarAnalysis.0.NumStability.spijkerPartitionLevelMultiplicity""},{""depth"":7,""edge_kind"":""body"",""predecessor"":""NumStability.RationalOrderCertificate.arcLength_le"",""seed"":""_private.NumStability.Analysis.MatrixPowersSpijkerPlanarAnalysis.0.NumStability.spijkerPartitionLevelMultiplicity_eq_card""},{""depth"":6,""edge_kind"":""body"",""predecessor"":""NumStability.RationalOrderCertificate.arcLength_le"",""seed"":""_private.NumStability.Analysis.MatrixPowersSpijkerPlanarAnalysis.0.NumStability.spijkerPartitionLevelMultiplicity_le""},{""depth"":5,""edge_kind"":""body"",""predecessor"":""NumStability.RationalOrderCertificate.arcLength_le"",""seed"":""_private.NumStability.Analysis.MatrixPowersSpijkerPlanarAnalysis.0.NumStability.spijkerPartition_edist_sum_le""},{""depth"":4,""edge_kind"":""body"",""predecessor"":""NumStability.RationalOrderCertificate.arcLength_le"",""seed"":""_private.NumStability.Analysis.MatrixPowersSpijkerPlanarAnalysis.0.NumStability.spijker_eVariationOn_le""}]"	-	4	1	13
NumStability.spijkerPlanarAnalyticBridge	NumStability.Analysis.MatrixPowersSpijkerPlanarAnalysis	public	yes	reverse_dependent_boundary	_private.NumStability.Analysis.MatrixPowersSpijkerPlanarAnalysis.0.NumStability.exists_spijkerPartitionCrossing;_private.NumStability.Analysis.MatrixPowersSpijkerPlanarAnalysis.0.NumStability.integral_abs_deriv_le_eVariationOn;_private.NumStability.Analysis.MatrixPowersSpijkerPlanarAnalysis.0.NumStability.lintegral_spijkerPartitionLevelMultiplicity;_private.NumStability.Analysis.MatrixPowersSpijkerPlanarAnalysis.0.NumStability.spijkerActiveIncrements;_private.NumStability.Analysis.MatrixPowersSpijkerPlanarAnalysis.0.NumStability.spijkerActiveIncrements_card_le_of_crossing_bound;_private.NumStability.Analysis.MatrixPowersSpijkerPlanarAnalysis.0.NumStability.spijkerLevelInterval;_private.NumStability.Analysis.MatrixPowersSpijkerPlanarAnalysis.0.NumStability.spijkerPartitionEndpointValues;_private.NumStability.Analysis.MatrixPowersSpijkerPlanarAnalysis.0.NumStability.spijkerPartitionLevelMultiplicity;_private.NumStability.Analysis.MatrixPowersSpijkerPlanarAnalysis.0.NumStability.spijkerPartitionLevelMultiplicity_eq_card;_private.NumStability.Analysis.MatrixPowersSpijkerPlanarAnalysis.0.NumStability.spijkerPartitionLevelMultiplicity_le;_private.NumStability.Analysis.MatrixPowersSpijkerPlanarAnalysis.0.NumStability.spijkerPartition_edist_sum_le;_private.NumStability.Analysis.MatrixPowersSpijkerPlanarAnalysis.0.NumStability.spijker_eVariationOn_le	"[{""depth"":6,""edge_kind"":""body"",""predecessor"":""NumStability.spijker_crossing_variation"",""seed"":""_private.NumStability.Analysis.MatrixPowersSpijkerPlanarAnalysis.0.NumStability.exists_spijkerPartitionCrossing""},{""depth"":2,""edge_kind"":""body"",""predecessor"":""NumStability.spijker_crossing_variation"",""seed"":""_private.NumStability.Analysis.MatrixPowersSpijkerPlanarAnalysis.0.NumStability.integral_abs_deriv_le_eVariationOn""},{""depth"":4,""edge_kind"":""body"",""predecessor"":""NumStability.spijker_crossing_variation"",""seed"":""_private.NumStability.Analysis.MatrixPowersSpijkerPlanarAnalysis.0.NumStability.lintegral_spijkerPartitionLevelMultiplicity""},{""depth"":5,""edge_kind"":""body"",""predecessor"":""NumStability.spijker_crossing_variation"",""seed"":""_private.NumStability.Analysis.MatrixPowersSpijkerPlanarAnalysis.0.NumStability.spijkerActiveIncrements""},{""depth"":5,""edge_kind"":""body"",""predecessor"":""NumStability.spijker_crossing_variation"",""seed"":""_private.NumStability.Analysis.MatrixPowersSpijkerPlanarAnalysis.0.NumStability.spijkerActiveIncrements_card_le_of_crossing_bound""},{""depth"":5,""edge_kind"":""body"",""predecessor"":""NumStability.spijker_crossing_variation"",""seed"":""_private.NumStability.Analysis.MatrixPowersSpijkerPlanarAnalysis.0.NumStability.spijkerLevelInterval""},{""depth"":4,""edge_kind"":""body"",""predecessor"":""NumStability.spijker_crossing_variation"",""seed"":""_private.NumStability.Analysis.MatrixPowersSpijkerPlanarAnalysis.0.NumStability.spijkerPartitionEndpointValues""},{""depth"":4,""edge_kind"":""body"",""predecessor"":""NumStability.spijker_crossing_variation"",""seed"":""_private.NumStability.Analysis.MatrixPowersSpijkerPlanarAnalysis.0.NumStability.spijkerPartitionLevelMultiplicity""},{""depth"":5,""edge_kind"":""body"",""predecessor"":""NumStability.spijker_crossing_variation"",""seed"":""_private.NumStability.Analysis.MatrixPowersSpijkerPlanarAnalysis.0.NumStability.spijkerPartitionLevelMultiplicity_eq_card""},{""depth"":4,""edge_kind"":""body"",""predecessor"":""NumStability.spijker_crossing_variation"",""seed"":""_private.NumStability.Analysis.MatrixPowersSpijkerPlanarAnalysis.0.NumStability.spijkerPartitionLevelMultiplicity_le""},{""depth"":3,""edge_kind"":""body"",""predecessor"":""NumStability.spijker_crossing_variation"",""seed"":""_private.NumStability.Analysis.MatrixPowersSpijkerPlanarAnalysis.0.NumStability.spijkerPartition_edist_sum_le""},{""depth"":2,""edge_kind"":""body"",""predecessor"":""NumStability.spijker_crossing_variation"",""seed"":""_private.NumStability.Analysis.MatrixPowersSpijkerPlanarAnalysis.0.NumStability.spijker_eVariationOn_le""}]"	-	2	1	4
NumStability.spijkerProjectionCrossingPolynomial_natDegree_le	NumStability.Analysis.MatrixPowersSpijkerPlanar	public	yes	reverse_dependent_boundary	_private.NumStability.Analysis.MatrixPowersSpijkerPlanar.0.NumStability.natDegree_C_mul_mul_le_two_mul	"[{""depth"":1,""edge_kind"":""body"",""predecessor"":""_private.NumStability.Analysis.MatrixPowersSpijkerPlanar.0.NumStability.natDegree_C_mul_mul_le_two_mul"",""seed"":""_private.NumStability.Analysis.MatrixPowersSpijkerPlanar.0.NumStability.natDegree_C_mul_mul_le_two_mul""}]"	NumStability.spijkerProjectionCrossingPolynomial_natDegree_le	1	1	5
NumStability.spijker_crossing_variation	NumStability.Analysis.MatrixPowersSpijkerPlanarAnalysis	public	yes	reverse_dependent_boundary	_private.NumStability.Analysis.MatrixPowersSpijkerPlanarAnalysis.0.NumStability.exists_spijkerPartitionCrossing;_private.NumStability.Analysis.MatrixPowersSpijkerPlanarAnalysis.0.NumStability.integral_abs_deriv_le_eVariationOn;_private.NumStability.Analysis.MatrixPowersSpijkerPlanarAnalysis.0.NumStability.lintegral_spijkerPartitionLevelMultiplicity;_private.NumStability.Analysis.MatrixPowersSpijkerPlanarAnalysis.0.NumStability.spijkerActiveIncrements;_private.NumStability.Analysis.MatrixPowersSpijkerPlanarAnalysis.0.NumStability.spijkerActiveIncrements_card_le_of_crossing_bound;_private.NumStability.Analysis.MatrixPowersSpijkerPlanarAnalysis.0.NumStability.spijkerLevelInterval;_private.NumStability.Analysis.MatrixPowersSpijkerPlanarAnalysis.0.NumStability.spijkerPartitionEndpointValues;_private.NumStability.Analysis.MatrixPowersSpijkerPlanarAnalysis.0.NumStability.spijkerPartitionLevelMultiplicity;_private.NumStability.Analysis.MatrixPowersSpijkerPlanarAnalysis.0.NumStability.spijkerPartitionLevelMultiplicity_eq_card;_private.NumStability.Analysis.MatrixPowersSpijkerPlanarAnalysis.0.NumStability.spijkerPartitionLevelMultiplicity_le;_private.NumStability.Analysis.MatrixPowersSpijkerPlanarAnalysis.0.NumStability.spijkerPartition_edist_sum_le;_private.NumStability.Analysis.MatrixPowersSpijkerPlanarAnalysis.0.NumStability.spijker_eVariationOn_le	"[{""depth"":5,""edge_kind"":""body"",""predecessor"":""_private.NumStability.Analysis.MatrixPowersSpijkerPlanarAnalysis.0.NumStability.spijker_eVariationOn_le"",""seed"":""_private.NumStability.Analysis.MatrixPowersSpijkerPlanarAnalysis.0.NumStability.exists_spijkerPartitionCrossing""},{""depth"":1,""edge_kind"":""body"",""predecessor"":""_private.NumStability.Analysis.MatrixPowersSpijkerPlanarAnalysis.0.NumStability.integral_abs_deriv_le_eVariationOn"",""seed"":""_private.NumStability.Analysis.MatrixPowersSpijkerPlanarAnalysis.0.NumStability.integral_abs_deriv_le_eVariationOn""},{""depth"":3,""edge_kind"":""body"",""predecessor"":""_private.NumStability.Analysis.MatrixPowersSpijkerPlanarAnalysis.0.NumStability.spijker_eVariationOn_le"",""seed"":""_private.NumStability.Analysis.MatrixPowersSpijkerPlanarAnalysis.0.NumStability.lintegral_spijkerPartitionLevelMultiplicity""},{""depth"":4,""edge_kind"":""body"",""predecessor"":""_private.NumStability.Analysis.MatrixPowersSpijkerPlanarAnalysis.0.NumStability.spijker_eVariationOn_le"",""seed"":""_private.NumStability.Analysis.MatrixPowersSpijkerPlanarAnalysis.0.NumStability.spijkerActiveIncrements""},{""depth"":4,""edge_kind"":""body"",""predecessor"":""_private.NumStability.Analysis.MatrixPowersSpijkerPlanarAnalysis.0.NumStability.spijker_eVariationOn_le"",""seed"":""_private.NumStability.Analysis.MatrixPowersSpijkerPlanarAnalysis.0.NumStability.spijkerActiveIncrements_card_le_of_crossing_bound""},{""depth"":4,""edge_kind"":""body"",""predecessor"":""_private.NumStability.Analysis.MatrixPowersSpijkerPlanarAnalysis.0.NumStability.spijker_eVariationOn_le"",""seed"":""_private.NumStability.Analysis.MatrixPowersSpijkerPlanarAnalysis.0.NumStability.spijkerLevelInterval""},{""depth"":3,""edge_kind"":""body"",""predecessor"":""_private.NumStability.Analysis.MatrixPowersSpijkerPlanarAnalysis.0.NumStability.spijker_eVariationOn_le"",""seed"":""_private.NumStability.Analysis.MatrixPowersSpijkerPlanarAnalysis.0.NumStability.spijkerPartitionEndpointValues""},{""depth"":3,""edge_kind"":""body"",""predecessor"":""_private.NumStability.Analysis.MatrixPowersSpijkerPlanarAnalysis.0.NumStability.spijker_eVariationOn_le"",""seed"":""_private.NumStability.Analysis.MatrixPowersSpijkerPlanarAnalysis.0.NumStability.spijkerPartitionLevelMultiplicity""},{""depth"":4,""edge_kind"":""body"",""predecessor"":""_private.NumStability.Analysis.MatrixPowersSpijkerPlanarAnalysis.0.NumStability.spijker_eVariationOn_le"",""seed"":""_private.NumStability.Analysis.MatrixPowersSpijkerPlanarAnalysis.0.NumStability.spijkerPartitionLevelMultiplicity_eq_card""},{""depth"":3,""edge_kind"":""body"",""predecessor"":""_private.NumStability.Analysis.MatrixPowersSpijkerPlanarAnalysis.0.NumStability.spijker_eVariationOn_le"",""seed"":""_private.NumStability.Analysis.MatrixPowersSpijkerPlanarAnalysis.0.NumStability.spijkerPartitionLevelMultiplicity_le""},{""depth"":2,""edge_kind"":""body"",""predecessor"":""_private.NumStability.Analysis.MatrixPowersSpijkerPlanarAnalysis.0.NumStability.spijker_eVariationOn_le"",""seed"":""_private.NumStability.Analysis.MatrixPowersSpijkerPlanarAnalysis.0.NumStability.spijkerPartition_edist_sum_le""},{""depth"":1,""edge_kind"":""body"",""predecessor"":""_private.NumStability.Analysis.MatrixPowersSpijkerPlanarAnalysis.0.NumStability.spijker_eVariationOn_le"",""seed"":""_private.NumStability.Analysis.MatrixPowersSpijkerPlanarAnalysis.0.NumStability.spijker_eVariationOn_le""}]"	NumStability.spijker_crossing_variation	1	0	3
NumStability.spijker_projection_crossing_finset_card_le_two_mul	NumStability.Analysis.MatrixPowersSpijkerPlanar	public	yes	reverse_dependent_boundary	_private.NumStability.Analysis.MatrixPowersSpijkerPlanar.0.NumStability.natDegree_C_mul_mul_le_two_mul	"[{""depth"":2,""edge_kind"":""body"",""predecessor"":""NumStability.spijkerProjectionCrossingPolynomial_natDegree_le"",""seed"":""_private.NumStability.Analysis.MatrixPowersSpijkerPlanar.0.NumStability.natDegree_C_mul_mul_le_two_mul""}]"	-	2	2	5
_private.NumStability.Analysis.BergerGeneral.0.NumStability.bergerGeneral_smul_pow	NumStability.Analysis.BergerGeneral	private	yes	private_seed	_private.NumStability.Analysis.BergerGeneral.0.NumStability.bergerGeneral_smul_pow	"[{""depth"":0,""edge_kind"":""seed"",""predecessor"":""-"",""seed"":""_private.NumStability.Analysis.BergerGeneral.0.NumStability.bergerGeneral_smul_pow""}]"	NumStability.numericalRadiusCLM_pow_le	0	0	1
_private.NumStability.Analysis.BergerGeneral.0.NumStability.bergerGeneral_sum_p	NumStability.Analysis.BergerGeneral	private	yes	private_seed	_private.NumStability.Analysis.BergerGeneral.0.NumStability.bergerGeneral_sum_p	"[{""depth"":0,""edge_kind"":""seed"",""predecessor"":""-"",""seed"":""_private.NumStability.Analysis.BergerGeneral.0.NumStability.bergerGeneral_sum_p""}]"	NumStability.numericalRadiusCLM_pow_pointwise_le_of_le_one	0	0	1
_private.NumStability.Analysis.BergerGeneral.0.NumStability.bergerGeneral_telescoping	NumStability.Analysis.BergerGeneral	private	yes	private_seed	_private.NumStability.Analysis.BergerGeneral.0.NumStability.bergerGeneral_telescoping	"[{""depth"":0,""edge_kind"":""seed"",""predecessor"":""-"",""seed"":""_private.NumStability.Analysis.BergerGeneral.0.NumStability.bergerGeneral_telescoping""}]"	NumStability.numericalRadiusCLM_pow_pointwise_le_of_le_one	0	0	1
_private.NumStability.Analysis.BergerGeneral.0.NumStability.bergerGeneral_unit_root	NumStability.Analysis.BergerGeneral	private	yes	private_seed	_private.NumStability.Analysis.BergerGeneral.0.NumStability.bergerGeneral_unit_root	"[{""depth"":0,""edge_kind"":""seed"",""predecessor"":""-"",""seed"":""_private.NumStability.Analysis.BergerGeneral.0.NumStability.bergerGeneral_unit_root""}]"	NumStability.numericalRadiusCLM_pow_pointwise_le_of_le_one	0	0	1
_private.NumStability.Analysis.BergerGeneral.0.NumStability.term𝔼	NumStability.Analysis.BergerGeneral	private	yes	private_seed	_private.NumStability.Analysis.BergerGeneral.0.NumStability.term𝔼	"[{""depth"":0,""edge_kind"":""seed"",""predecessor"":""-"",""seed"":""_private.NumStability.Analysis.BergerGeneral.0.NumStability.term𝔼""}]"	_private.NumStability.Analysis.BergerGeneral.0.NumStability.term𝔼	0	0	0
_private.NumStability.Analysis.BergerInequality.0.NumStability.term𝔼	NumStability.Analysis.BergerInequality	private	yes	private_seed	_private.NumStability.Analysis.BergerInequality.0.NumStability.term𝔼	"[{""depth"":0,""edge_kind"":""seed"",""predecessor"":""-"",""seed"":""_private.NumStability.Analysis.BergerInequality.0.NumStability.term𝔼""}]"	_private.NumStability.Analysis.BergerInequality.0.NumStability.term𝔼	0	0	0
_private.NumStability.Analysis.BergerResolvent.0.NumStability.exists_unit_sq_mul	NumStability.Analysis.BergerResolvent	private	yes	private_seed	_private.NumStability.Analysis.BergerResolvent.0.NumStability.exists_unit_sq_mul	"[{""depth"":0,""edge_kind"":""seed"",""predecessor"":""-"",""seed"":""_private.NumStability.Analysis.BergerResolvent.0.NumStability.exists_unit_sq_mul""}]"	NumStability.norm_apply_sq_add_norm_inner_sq_le	0	0	1
_private.NumStability.Analysis.BergerResolvent.0.NumStability.inner_diag_diff	NumStability.Analysis.BergerResolvent	private	yes	private_seed	_private.NumStability.Analysis.BergerResolvent.0.NumStability.inner_diag_diff	"[{""depth"":0,""edge_kind"":""seed"",""predecessor"":""-"",""seed"":""_private.NumStability.Analysis.BergerResolvent.0.NumStability.inner_diag_diff""}]"	NumStability.norm_apply_sq_add_norm_inner_sq_le	0	0	1
_private.NumStability.Analysis.BergerResolvent.0.NumStability.term𝔼	NumStability.Analysis.BergerResolvent	private	yes	private_seed	_private.NumStability.Analysis.BergerResolvent.0.NumStability.term𝔼	"[{""depth"":0,""edge_kind"":""seed"",""predecessor"":""-"",""seed"":""_private.NumStability.Analysis.BergerResolvent.0.NumStability.term𝔼""}]"	_private.NumStability.Analysis.BergerResolvent.0.NumStability.term𝔼	0	0	0
_private.NumStability.Analysis.MatrixPowersBinomialBound.0.NumStability.Ppiece	NumStability.Analysis.MatrixPowersBinomialBound	private	yes	private_seed	_private.NumStability.Analysis.MatrixPowersBinomialBound.0.NumStability.Ppiece	"[{""depth"":0,""edge_kind"":""seed"",""predecessor"":""-"",""seed"":""_private.NumStability.Analysis.MatrixPowersBinomialBound.0.NumStability.Ppiece""}]"	NumStability.opNorm_schurpow_le_binomial	0	9	10
_private.NumStability.Analysis.MatrixPowersBinomialBound.0.NumStability.Ppiece_apply_eq_zero	NumStability.Analysis.MatrixPowersBinomialBound	private	yes	private_seed	_private.NumStability.Analysis.MatrixPowersBinomialBound.0.NumStability.Ppiece;_private.NumStability.Analysis.MatrixPowersBinomialBound.0.NumStability.Ppiece_apply_eq_zero;_private.NumStability.Analysis.MatrixPowersBinomialBound.0.NumStability.Ppiece_succ_succ;_private.NumStability.Analysis.MatrixPowersBinomialBound.0.NumStability.Ppiece_succ_zero;_private.NumStability.Analysis.MatrixPowersBinomialBound.0.NumStability.Ppiece_zero_succ;_private.NumStability.Analysis.MatrixPowersBinomialBound.0.NumStability.Ppiece_zero_zero	"[{""depth"":1,""edge_kind"":""body"",""predecessor"":""_private.NumStability.Analysis.MatrixPowersBinomialBound.0.NumStability.Ppiece"",""seed"":""_private.NumStability.Analysis.MatrixPowersBinomialBound.0.NumStability.Ppiece""},{""depth"":0,""edge_kind"":""seed"",""predecessor"":""-"",""seed"":""_private.NumStability.Analysis.MatrixPowersBinomialBound.0.NumStability.Ppiece_apply_eq_zero""},{""depth"":1,""edge_kind"":""body"",""predecessor"":""_private.NumStability.Analysis.MatrixPowersBinomialBound.0.NumStability.Ppiece_succ_succ"",""seed"":""_private.NumStability.Analysis.MatrixPowersBinomialBound.0.NumStability.Ppiece_succ_succ""},{""depth"":1,""edge_kind"":""body"",""predecessor"":""_private.NumStability.Analysis.MatrixPowersBinomialBound.0.NumStability.Ppiece_succ_zero"",""seed"":""_private.NumStability.Analysis.MatrixPowersBinomialBound.0.NumStability.Ppiece_succ_zero""},{""depth"":1,""edge_kind"":""body"",""predecessor"":""_private.NumStability.Analysis.MatrixPowersBinomialBound.0.NumStability.Ppiece_zero_succ"",""seed"":""_private.NumStability.Analysis.MatrixPowersBinomialBound.0.NumStability.Ppiece_zero_succ""},{""depth"":1,""edge_kind"":""body"",""predecessor"":""_private.NumStability.Analysis.MatrixPowersBinomialBound.0.NumStability.Ppiece_zero_zero"",""seed"":""_private.NumStability.Analysis.MatrixPowersBinomialBound.0.NumStability.Ppiece_zero_zero""}]"	NumStability.opNorm_schurpow_le_binomial	0	1	6
_private.NumStability.Analysis.MatrixPowersBinomialBound.0.NumStability.Ppiece_eq_zero_of_ge	NumStability.Analysis.MatrixPowersBinomialBound	private	yes	private_seed	_private.NumStability.Analysis.MatrixPowersBinomialBound.0.NumStability.Ppiece;_private.NumStability.Analysis.MatrixPowersBinomialBound.0.NumStability.Ppiece_apply_eq_zero;_private.NumStability.Analysis.MatrixPowersBinomialBound.0.NumStability.Ppiece_eq_zero_of_ge;_private.NumStability.Analysis.MatrixPowersBinomialBound.0.NumStability.Ppiece_succ_succ;_private.NumStability.Analysis.MatrixPowersBinomialBound.0.NumStability.Ppiece_succ_zero;_private.NumStability.Analysis.MatrixPowersBinomialBound.0.NumStability.Ppiece_zero_succ;_private.NumStability.Analysis.MatrixPowersBinomialBound.0.NumStability.Ppiece_zero_zero	"[{""depth"":1,""edge_kind"":""body"",""predecessor"":""_private.NumStability.Analysis.MatrixPowersBinomialBound.0.NumStability.Ppiece"",""seed"":""_private.NumStability.Analysis.MatrixPowersBinomialBound.0.NumStability.Ppiece""},{""depth"":1,""edge_kind"":""body"",""predecessor"":""_private.NumStability.Analysis.MatrixPowersBinomialBound.0.NumStability.Ppiece_apply_eq_zero"",""seed"":""_private.NumStability.Analysis.MatrixPowersBinomialBound.0.NumStability.Ppiece_apply_eq_zero""},{""depth"":0,""edge_kind"":""seed"",""predecessor"":""-"",""seed"":""_private.NumStability.Analysis.MatrixPowersBinomialBound.0.NumStability.Ppiece_eq_zero_of_ge""},{""depth"":2,""edge_kind"":""body"",""predecessor"":""_private.NumStability.Analysis.MatrixPowersBinomialBound.0.NumStability.Ppiece_apply_eq_zero"",""seed"":""_private.NumStability.Analysis.MatrixPowersBinomialBound.0.NumStability.Ppiece_succ_succ""},{""depth"":2,""edge_kind"":""body"",""predecessor"":""_private.NumStability.Analysis.MatrixPowersBinomialBound.0.NumStability.Ppiece_apply_eq_zero"",""seed"":""_private.NumStability.Analysis.MatrixPowersBinomialBound.0.NumStability.Ppiece_succ_zero""},{""depth"":2,""edge_kind"":""body"",""predecessor"":""_private.NumStability.Analysis.MatrixPowersBinomialBound.0.NumStability.Ppiece_apply_eq_zero"",""seed"":""_private.NumStability.Analysis.MatrixPowersBinomialBound.0.NumStability.Ppiece_zero_succ""},{""depth"":2,""edge_kind"":""body"",""predecessor"":""_private.NumStability.Analysis.MatrixPowersBinomialBound.0.NumStability.Ppiece_apply_eq_zero"",""seed"":""_private.NumStability.Analysis.MatrixPowersBinomialBound.0.NumStability.Ppiece_zero_zero""}]"	NumStability.opNorm_schurpow_le_binomial	0	1	3
_private.NumStability.Analysis.MatrixPowersBinomialBound.0.NumStability.Ppiece_eq_zero_of_lt	NumStability.Analysis.MatrixPowersBinomialBound	private	yes	private_seed	_private.NumStability.Analysis.MatrixPowersBinomialBound.0.NumStability.Ppiece;_private.NumStability.Analysis.MatrixPowersBinomialBound.0.NumStability.Ppiece_eq_zero_of_lt;_private.NumStability.Analysis.MatrixPowersBinomialBound.0.NumStability.Ppiece_succ_succ	"[{""depth"":1,""edge_kind"":""body"",""predecessor"":""_private.NumStability.Analysis.MatrixPowersBinomialBound.0.NumStability.Ppiece"",""seed"":""_private.NumStability.Analysis.MatrixPowersBinomialBound.0.NumStability.Ppiece""},{""depth"":0,""edge_kind"":""seed"",""predecessor"":""-"",""seed"":""_private.NumStability.Analysis.MatrixPowersBinomialBound.0.NumStability.Ppiece_eq_zero_of_lt""},{""depth"":1,""edge_kind"":""body"",""predecessor"":""_private.NumStability.Analysis.MatrixPowersBinomialBound.0.NumStability.Ppiece_succ_succ"",""seed"":""_private.NumStability.Analysis.MatrixPowersBinomialBound.0.NumStability.Ppiece_succ_succ""}]"	NumStability.opNorm_schurpow_le_binomial	0	1	4
_private.NumStability.Analysis.MatrixPowersBinomialBound.0.NumStability.Ppiece_succ_succ	NumStability.Analysis.MatrixPowersBinomialBound	private	yes	private_seed	_private.NumStability.Analysis.MatrixPowersBinomialBound.0.NumStability.Ppiece;_private.NumStability.Analysis.MatrixPowersBinomialBound.0.NumStability.Ppiece_succ_succ	"[{""depth"":1,""edge_kind"":""body"",""predecessor"":""_private.NumStability.Analysis.MatrixPowersBinomialBound.0.NumStability.Ppiece"",""seed"":""_private.NumStability.Analysis.MatrixPowersBinomialBound.0.NumStability.Ppiece""},{""depth"":0,""edge_kind"":""seed"",""predecessor"":""-"",""seed"":""_private.NumStability.Analysis.MatrixPowersBinomialBound.0.NumStability.Ppiece_succ_succ""}]"	NumStability.opNorm_schurpow_le_binomial	0	1	4
_private.NumStability.Analysis.MatrixPowersBinomialBound.0.NumStability.Ppiece_succ_zero	NumStability.Analysis.MatrixPowersBinomialBound	private	yes	private_seed	_private.NumStability.Analysis.MatrixPowersBinomialBound.0.NumStability.Ppiece;_private.NumStability.Analysis.MatrixPowersBinomialBound.0.NumStability.Ppiece_succ_zero	"[{""depth"":1,""edge_kind"":""body"",""predecessor"":""_private.NumStability.Analysis.MatrixPowersBinomialBound.0.NumStability.Ppiece"",""seed"":""_private.NumStability.Analysis.MatrixPowersBinomialBound.0.NumStability.Ppiece""},{""depth"":0,""edge_kind"":""seed"",""predecessor"":""-"",""seed"":""_private.NumStability.Analysis.MatrixPowersBinomialBound.0.NumStability.Ppiece_succ_zero""}]"	NumStability.opNorm_schurpow_le_binomial	0	1	3
_private.NumStability.Analysis.MatrixPowersBinomialBound.0.NumStability.Ppiece_zero_succ	NumStability.Analysis.MatrixPowersBinomialBound	private	yes	private_seed	_private.NumStability.Analysis.MatrixPowersBinomialBound.0.NumStability.Ppiece;_private.NumStability.Analysis.MatrixPowersBinomialBound.0.NumStability.Ppiece_zero_succ	"[{""depth"":1,""edge_kind"":""body"",""predecessor"":""_private.NumStability.Analysis.MatrixPowersBinomialBound.0.NumStability.Ppiece"",""seed"":""_private.NumStability.Analysis.MatrixPowersBinomialBound.0.NumStability.Ppiece""},{""depth"":0,""edge_kind"":""seed"",""predecessor"":""-"",""seed"":""_private.NumStability.Analysis.MatrixPowersBinomialBound.0.NumStability.Ppiece_zero_succ""}]"	NumStability.opNorm_schurpow_le_binomial	0	1	3
_private.NumStability.Analysis.MatrixPowersBinomialBound.0.NumStability.Ppiece_zero_zero	NumStability.Analysis.MatrixPowersBinomialBound	private	yes	private_seed	_private.NumStability.Analysis.MatrixPowersBinomialBound.0.NumStability.Ppiece;_private.NumStability.Analysis.MatrixPowersBinomialBound.0.NumStability.Ppiece_zero_zero	"[{""depth"":1,""edge_kind"":""body"",""predecessor"":""_private.NumStability.Analysis.MatrixPowersBinomialBound.0.NumStability.Ppiece"",""seed"":""_private.NumStability.Analysis.MatrixPowersBinomialBound.0.NumStability.Ppiece""},{""depth"":0,""edge_kind"":""seed"",""predecessor"":""-"",""seed"":""_private.NumStability.Analysis.MatrixPowersBinomialBound.0.NumStability.Ppiece_zero_zero""}]"	NumStability.opNorm_schurpow_le_binomial	0	1	2
_private.NumStability.Analysis.MatrixPowersBinomialBound.0.NumStability.norm_Ppiece_le	NumStability.Analysis.MatrixPowersBinomialBound	private	yes	private_seed	_private.NumStability.Analysis.MatrixPowersBinomialBound.0.NumStability.Ppiece;_private.NumStability.Analysis.MatrixPowersBinomialBound.0.NumStability.Ppiece_eq_zero_of_lt;_private.NumStability.Analysis.MatrixPowersBinomialBound.0.NumStability.Ppiece_succ_succ;_private.NumStability.Analysis.MatrixPowersBinomialBound.0.NumStability.Ppiece_succ_zero;_private.NumStability.Analysis.MatrixPowersBinomialBound.0.NumStability.Ppiece_zero_succ;_private.NumStability.Analysis.MatrixPowersBinomialBound.0.NumStability.norm_Ppiece_le	"[{""depth"":1,""edge_kind"":""body"",""predecessor"":""_private.NumStability.Analysis.MatrixPowersBinomialBound.0.NumStability.Ppiece"",""seed"":""_private.NumStability.Analysis.MatrixPowersBinomialBound.0.NumStability.Ppiece""},{""depth"":1,""edge_kind"":""body"",""predecessor"":""_private.NumStability.Analysis.MatrixPowersBinomialBound.0.NumStability.Ppiece_eq_zero_of_lt"",""seed"":""_private.NumStability.Analysis.MatrixPowersBinomialBound.0.NumStability.Ppiece_eq_zero_of_lt""},{""depth"":1,""edge_kind"":""body"",""predecessor"":""_private.NumStability.Analysis.MatrixPowersBinomialBound.0.NumStability.Ppiece_succ_succ"",""seed"":""_private.NumStability.Analysis.MatrixPowersBinomialBound.0.NumStability.Ppiece_succ_succ""},{""depth"":1,""edge_kind"":""body"",""predecessor"":""_private.NumStability.Analysis.MatrixPowersBinomialBound.0.NumStability.Ppiece_succ_zero"",""seed"":""_private.NumStability.Analysis.MatrixPowersBinomialBound.0.NumStability.Ppiece_succ_zero""},{""depth"":1,""edge_kind"":""body"",""predecessor"":""_private.NumStability.Analysis.MatrixPowersBinomialBound.0.NumStability.Ppiece_zero_succ"",""seed"":""_private.NumStability.Analysis.MatrixPowersBinomialBound.0.NumStability.Ppiece_zero_succ""},{""depth"":0,""edge_kind"":""seed"",""predecessor"":""-"",""seed"":""_private.NumStability.Analysis.MatrixPowersBinomialBound.0.NumStability.norm_Ppiece_le""}]"	NumStability.opNorm_schurpow_le_binomial	0	1	6
_private.NumStability.Analysis.MatrixPowersBinomialBound.0.NumStability.opNorm_one	NumStability.Analysis.MatrixPowersBinomialBound	private	yes	private_seed	_private.NumStability.Analysis.MatrixPowersBinomialBound.0.NumStability.opNorm_one	"[{""depth"":0,""edge_kind"":""seed"",""predecessor"":""-"",""seed"":""_private.NumStability.Analysis.MatrixPowersBinomialBound.0.NumStability.opNorm_one""}]"	NumStability.norm_pow_eq_norm_schur_pow	0	0	1
_private.NumStability.Analysis.MatrixPowersBinomialBound.0.NumStability.opNorm_unitary	NumStability.Analysis.MatrixPowersBinomialBound	private	yes	private_seed	_private.NumStability.Analysis.MatrixPowersBinomialBound.0.NumStability.opNorm_one;_private.NumStability.Analysis.MatrixPowersBinomialBound.0.NumStability.opNorm_unitary	"[{""depth"":1,""edge_kind"":""body"",""predecessor"":""_private.NumStability.Analysis.MatrixPowersBinomialBound.0.NumStability.opNorm_one"",""seed"":""_private.NumStability.Analysis.MatrixPowersBinomialBound.0.NumStability.opNorm_one""},{""depth"":0,""edge_kind"":""seed"",""predecessor"":""-"",""seed"":""_private.NumStability.Analysis.MatrixPowersBinomialBound.0.NumStability.opNorm_unitary""}]"	NumStability.norm_pow_eq_norm_schur_pow	0	0	2
_private.NumStability.Analysis.MatrixPowersBinomialBound.0.NumStability.opNorm_unitary_conj	NumStability.Analysis.MatrixPowersBinomialBound	private	yes	private_seed	_private.NumStability.Analysis.MatrixPowersBinomialBound.0.NumStability.opNorm_one;_private.NumStability.Analysis.MatrixPowersBinomialBound.0.NumStability.opNorm_unitary;_private.NumStability.Analysis.MatrixPowersBinomialBound.0.NumStability.opNorm_unitary_conj	"[{""depth"":2,""edge_kind"":""body"",""predecessor"":""_private.NumStability.Analysis.MatrixPowersBinomialBound.0.NumStability.opNorm_unitary"",""seed"":""_private.NumStability.Analysis.MatrixPowersBinomialBound.0.NumStability.opNorm_one""},{""depth"":1,""edge_kind"":""body"",""predecessor"":""_private.NumStability.Analysis.MatrixPowersBinomialBound.0.NumStability.opNorm_unitary"",""seed"":""_private.NumStability.Analysis.MatrixPowersBinomialBound.0.NumStability.opNorm_unitary""},{""depth"":0,""edge_kind"":""seed"",""predecessor"":""-"",""seed"":""_private.NumStability.Analysis.MatrixPowersBinomialBound.0.NumStability.opNorm_unitary_conj""}]"	NumStability.norm_pow_eq_norm_schur_pow	0	0	2
_private.NumStability.Analysis.MatrixPowersBinomialBound.0.NumStability.sum_Ppiece	NumStability.Analysis.MatrixPowersBinomialBound	private	yes	private_seed	_private.NumStability.Analysis.MatrixPowersBinomialBound.0.NumStability.Ppiece;_private.NumStability.Analysis.MatrixPowersBinomialBound.0.NumStability.Ppiece_eq_zero_of_lt;_private.NumStability.Analysis.MatrixPowersBinomialBound.0.NumStability.Ppiece_succ_succ;_private.NumStability.Analysis.MatrixPowersBinomialBound.0.NumStability.sum_Ppiece	"[{""depth"":1,""edge_kind"":""body"",""predecessor"":""_private.NumStability.Analysis.MatrixPowersBinomialBound.0.NumStability.Ppiece"",""seed"":""_private.NumStability.Analysis.MatrixPowersBinomialBound.0.NumStability.Ppiece""},{""depth"":1,""edge_kind"":""body"",""predecessor"":""_private.NumStability.Analysis.MatrixPowersBinomialBound.0.NumStability.Ppiece_eq_zero_of_lt"",""seed"":""_private.NumStability.Analysis.MatrixPowersBinomialBound.0.NumStability.Ppiece_eq_zero_of_lt""},{""depth"":2,""edge_kind"":""body"",""predecessor"":""_private.NumStability.Analysis.MatrixPowersBinomialBound.0.NumStability.Ppiece_eq_zero_of_lt"",""seed"":""_private.NumStability.Analysis.MatrixPowersBinomialBound.0.NumStability.Ppiece_succ_succ""},{""depth"":0,""edge_kind"":""seed"",""predecessor"":""-"",""seed"":""_private.NumStability.Analysis.MatrixPowersBinomialBound.0.NumStability.sum_Ppiece""}]"	NumStability.opNorm_schurpow_le_binomial	0	1	3
_private.NumStability.Analysis.MatrixPowersSchur.0.NumStability.conjTranspose_mul_diag	NumStability.Analysis.MatrixPowersSchur	private	yes	private_seed	_private.NumStability.Analysis.MatrixPowersSchur.0.NumStability.conjTranspose_mul_diag	"[{""depth"":0,""edge_kind"":""seed"",""predecessor"":""-"",""seed"":""_private.NumStability.Analysis.MatrixPowersSchur.0.NumStability.conjTranspose_mul_diag""}]"	NumStability.normal_upperTriangular_isDiag	0	0	1
_private.NumStability.Analysis.MatrixPowersSchur.0.NumStability.l2_opNorm_of_mem_unitaryGroup	NumStability.Analysis.MatrixPowersSchur	private	yes	private_seed	_private.NumStability.Analysis.MatrixPowersSchur.0.NumStability.l2_opNorm_of_mem_unitaryGroup;_private.NumStability.Analysis.MatrixPowersSchur.0.NumStability.l2_opNorm_one	"[{""depth"":0,""edge_kind"":""seed"",""predecessor"":""-"",""seed"":""_private.NumStability.Analysis.MatrixPowersSchur.0.NumStability.l2_opNorm_of_mem_unitaryGroup""},{""depth"":1,""edge_kind"":""body"",""predecessor"":""_private.NumStability.Analysis.MatrixPowersSchur.0.NumStability.l2_opNorm_one"",""seed"":""_private.NumStability.Analysis.MatrixPowersSchur.0.NumStability.l2_opNorm_one""}]"	NumStability.norm_pow_normal_eq	0	0	2
_private.NumStability.Analysis.MatrixPowersSchur.0.NumStability.l2_opNorm_one	NumStability.Analysis.MatrixPowersSchur	private	yes	private_seed	_private.NumStability.Analysis.MatrixPowersSchur.0.NumStability.l2_opNorm_one	"[{""depth"":0,""edge_kind"":""seed"",""predecessor"":""-"",""seed"":""_private.NumStability.Analysis.MatrixPowersSchur.0.NumStability.l2_opNorm_one""}]"	NumStability.norm_pow_normal_eq	0	0	1
_private.NumStability.Analysis.MatrixPowersSchur.0.NumStability.l2_opNorm_unitary_conj	NumStability.Analysis.MatrixPowersSchur	private	yes	private_seed	_private.NumStability.Analysis.MatrixPowersSchur.0.NumStability.l2_opNorm_of_mem_unitaryGroup;_private.NumStability.Analysis.MatrixPowersSchur.0.NumStability.l2_opNorm_one;_private.NumStability.Analysis.MatrixPowersSchur.0.NumStability.l2_opNorm_unitary_conj	"[{""depth"":1,""edge_kind"":""body"",""predecessor"":""_private.NumStability.Analysis.MatrixPowersSchur.0.NumStability.l2_opNorm_of_mem_unitaryGroup"",""seed"":""_private.NumStability.Analysis.MatrixPowersSchur.0.NumStability.l2_opNorm_of_mem_unitaryGroup""},{""depth"":2,""edge_kind"":""body"",""predecessor"":""_private.NumStability.Analysis.MatrixPowersSchur.0.NumStability.l2_opNorm_of_mem_unitaryGroup"",""seed"":""_private.NumStability.Analysis.MatrixPowersSchur.0.NumStability.l2_opNorm_one""},{""depth"":0,""edge_kind"":""seed"",""predecessor"":""-"",""seed"":""_private.NumStability.Analysis.MatrixPowersSchur.0.NumStability.l2_opNorm_unitary_conj""}]"	NumStability.norm_pow_normal_eq	0	0	2
_private.NumStability.Analysis.MatrixPowersSchur.0.NumStability.mul_conjTranspose_diag	NumStability.Analysis.MatrixPowersSchur	private	yes	private_seed	_private.NumStability.Analysis.MatrixPowersSchur.0.NumStability.mul_conjTranspose_diag	"[{""depth"":0,""edge_kind"":""seed"",""predecessor"":""-"",""seed"":""_private.NumStability.Analysis.MatrixPowersSchur.0.NumStability.mul_conjTranspose_diag""}]"	NumStability.normal_upperTriangular_isDiag	0	0	1
_private.NumStability.Analysis.MatrixPowersSchur.0.NumStability.pi_norm_pow	NumStability.Analysis.MatrixPowersSchur	private	yes	private_seed	_private.NumStability.Analysis.MatrixPowersSchur.0.NumStability.pi_norm_pow	"[{""depth"":0,""edge_kind"":""seed"",""predecessor"":""-"",""seed"":""_private.NumStability.Analysis.MatrixPowersSchur.0.NumStability.pi_norm_pow""}]"	NumStability.norm_pow_normal_eq	0	0	1
_private.NumStability.Analysis.MatrixPowersSpijkerPlanar.0.NumStability.natDegree_C_mul_mul_le_two_mul	NumStability.Analysis.MatrixPowersSpijkerPlanar	private	yes	private_seed	_private.NumStability.Analysis.MatrixPowersSpijkerPlanar.0.NumStability.natDegree_C_mul_mul_le_two_mul	"[{""depth"":0,""edge_kind"":""seed"",""predecessor"":""-"",""seed"":""_private.NumStability.Analysis.MatrixPowersSpijkerPlanar.0.NumStability.natDegree_C_mul_mul_le_two_mul""}]"	NumStability.spijkerProjectionCrossingPolynomial_natDegree_le	0	0	1
_private.NumStability.Analysis.MatrixPowersSpijkerPlanarAnalysis.0.NumStability.exists_spijkerPartitionCrossing	NumStability.Analysis.MatrixPowersSpijkerPlanarAnalysis	private	yes	private_seed	_private.NumStability.Analysis.MatrixPowersSpijkerPlanarAnalysis.0.NumStability.exists_spijkerPartitionCrossing;_private.NumStability.Analysis.MatrixPowersSpijkerPlanarAnalysis.0.NumStability.spijkerLevelInterval	"[{""depth"":0,""edge_kind"":""seed"",""predecessor"":""-"",""seed"":""_private.NumStability.Analysis.MatrixPowersSpijkerPlanarAnalysis.0.NumStability.exists_spijkerPartitionCrossing""},{""depth"":1,""edge_kind"":""body"",""predecessor"":""_private.NumStability.Analysis.MatrixPowersSpijkerPlanarAnalysis.0.NumStability.spijkerLevelInterval"",""seed"":""_private.NumStability.Analysis.MatrixPowersSpijkerPlanarAnalysis.0.NumStability.spijkerLevelInterval""}]"	NumStability.spijker_crossing_variation	0	1	2
_private.NumStability.Analysis.MatrixPowersSpijkerPlanarAnalysis.0.NumStability.integral_abs_deriv_le_eVariationOn	NumStability.Analysis.MatrixPowersSpijkerPlanarAnalysis	private	yes	private_seed	_private.NumStability.Analysis.MatrixPowersSpijkerPlanarAnalysis.0.NumStability.integral_abs_deriv_le_eVariationOn	"[{""depth"":0,""edge_kind"":""seed"",""predecessor"":""-"",""seed"":""_private.NumStability.Analysis.MatrixPowersSpijkerPlanarAnalysis.0.NumStability.integral_abs_deriv_le_eVariationOn""}]"	NumStability.spijker_crossing_variation	0	0	1
_private.NumStability.Analysis.MatrixPowersSpijkerPlanarAnalysis.0.NumStability.lintegral_spijkerPartitionLevelMultiplicity	NumStability.Analysis.MatrixPowersSpijkerPlanarAnalysis	private	yes	private_seed	_private.NumStability.Analysis.MatrixPowersSpijkerPlanarAnalysis.0.NumStability.lintegral_spijkerPartitionLevelMultiplicity;_private.NumStability.Analysis.MatrixPowersSpijkerPlanarAnalysis.0.NumStability.spijkerLevelInterval;_private.NumStability.Analysis.MatrixPowersSpijkerPlanarAnalysis.0.NumStability.spijkerPartitionLevelMultiplicity	"[{""depth"":0,""edge_kind"":""seed"",""predecessor"":""-"",""seed"":""_private.NumStability.Analysis.MatrixPowersSpijkerPlanarAnalysis.0.NumStability.lintegral_spijkerPartitionLevelMultiplicity""},{""depth"":1,""edge_kind"":""body"",""predecessor"":""_private.NumStability.Analysis.MatrixPowersSpijkerPlanarAnalysis.0.NumStability.spijkerLevelInterval"",""seed"":""_private.NumStability.Analysis.MatrixPowersSpijkerPlanarAnalysis.0.NumStability.spijkerLevelInterval""},{""depth"":1,""edge_kind"":""body"",""predecessor"":""_private.NumStability.Analysis.MatrixPowersSpijkerPlanarAnalysis.0.NumStability.spijkerPartitionLevelMultiplicity"",""seed"":""_private.NumStability.Analysis.MatrixPowersSpijkerPlanarAnalysis.0.NumStability.spijkerPartitionLevelMultiplicity""}]"	NumStability.spijker_crossing_variation	0	1	3
_private.NumStability.Analysis.MatrixPowersSpijkerPlanarAnalysis.0.NumStability.measurable_spijkerPartitionLevelMultiplicity	NumStability.Analysis.MatrixPowersSpijkerPlanarAnalysis	private	yes	private_seed	_private.NumStability.Analysis.MatrixPowersSpijkerPlanarAnalysis.0.NumStability.measurable_spijkerPartitionLevelMultiplicity;_private.NumStability.Analysis.MatrixPowersSpijkerPlanarAnalysis.0.NumStability.spijkerLevelInterval;_private.NumStability.Analysis.MatrixPowersSpijkerPlanarAnalysis.0.NumStability.spijkerPartitionLevelMultiplicity	"[{""depth"":0,""edge_kind"":""seed"",""predecessor"":""-"",""seed"":""_private.NumStability.Analysis.MatrixPowersSpijkerPlanarAnalysis.0.NumStability.measurable_spijkerPartitionLevelMultiplicity""},{""depth"":1,""edge_kind"":""body"",""predecessor"":""_private.NumStability.Analysis.MatrixPowersSpijkerPlanarAnalysis.0.NumStability.spijkerLevelInterval"",""seed"":""_private.NumStability.Analysis.MatrixPowersSpijkerPlanarAnalysis.0.NumStability.spijkerLevelInterval""},{""depth"":1,""edge_kind"":""body"",""predecessor"":""_private.NumStability.Analysis.MatrixPowersSpijkerPlanarAnalysis.0.NumStability.spijkerPartitionLevelMultiplicity"",""seed"":""_private.NumStability.Analysis.MatrixPowersSpijkerPlanarAnalysis.0.NumStability.spijkerPartitionLevelMultiplicity""}]"	NumStability.spijker_crossing_variation	0	1	2
_private.NumStability.Analysis.MatrixPowersSpijkerPlanarAnalysis.0.NumStability.spijkerActiveIncrements	NumStability.Analysis.MatrixPowersSpijkerPlanarAnalysis	private	yes	private_seed	_private.NumStability.Analysis.MatrixPowersSpijkerPlanarAnalysis.0.NumStability.spijkerActiveIncrements;_private.NumStability.Analysis.MatrixPowersSpijkerPlanarAnalysis.0.NumStability.spijkerLevelInterval	"[{""depth"":0,""edge_kind"":""seed"",""predecessor"":""-"",""seed"":""_private.NumStability.Analysis.MatrixPowersSpijkerPlanarAnalysis.0.NumStability.spijkerActiveIncrements""},{""depth"":1,""edge_kind"":""body"",""predecessor"":""_private.NumStability.Analysis.MatrixPowersSpijkerPlanarAnalysis.0.NumStability.spijkerLevelInterval"",""seed"":""_private.NumStability.Analysis.MatrixPowersSpijkerPlanarAnalysis.0.NumStability.spijkerLevelInterval""}]"	NumStability.spijker_crossing_variation	0	2	4
_private.NumStability.Analysis.MatrixPowersSpijkerPlanarAnalysis.0.NumStability.spijkerActiveIncrements_card_le_of_crossing_bound	NumStability.Analysis.MatrixPowersSpijkerPlanarAnalysis	private	yes	private_seed	_private.NumStability.Analysis.MatrixPowersSpijkerPlanarAnalysis.0.NumStability.exists_spijkerPartitionCrossing;_private.NumStability.Analysis.MatrixPowersSpijkerPlanarAnalysis.0.NumStability.spijkerActiveIncrements;_private.NumStability.Analysis.MatrixPowersSpijkerPlanarAnalysis.0.NumStability.spijkerActiveIncrements_card_le_of_crossing_bound;_private.NumStability.Analysis.MatrixPowersSpijkerPlanarAnalysis.0.NumStability.spijkerLevelInterval;_private.NumStability.Analysis.MatrixPowersSpijkerPlanarAnalysis.0.NumStability.spijkerPartitionEndpointValues	"[{""depth"":1,""edge_kind"":""body"",""predecessor"":""_private.NumStability.Analysis.MatrixPowersSpijkerPlanarAnalysis.0.NumStability.exists_spijkerPartitionCrossing"",""seed"":""_private.NumStability.Analysis.MatrixPowersSpijkerPlanarAnalysis.0.NumStability.exists_spijkerPartitionCrossing""},{""depth"":1,""edge_kind"":""body"",""predecessor"":""_private.NumStability.Analysis.MatrixPowersSpijkerPlanarAnalysis.0.NumStability.spijkerActiveIncrements"",""seed"":""_private.NumStability.Analysis.MatrixPowersSpijkerPlanarAnalysis.0.NumStability.spijkerActiveIncrements""},{""depth"":0,""edge_kind"":""seed"",""predecessor"":""-"",""seed"":""_private.NumStability.Analysis.MatrixPowersSpijkerPlanarAnalysis.0.NumStability.spijkerActiveIncrements_card_le_of_crossing_bound""},{""depth"":1,""edge_kind"":""body"",""predecessor"":""_private.NumStability.Analysis.MatrixPowersSpijkerPlanarAnalysis.0.NumStability.spijkerLevelInterval"",""seed"":""_private.NumStability.Analysis.MatrixPowersSpijkerPlanarAnalysis.0.NumStability.spijkerLevelInterval""},{""depth"":1,""edge_kind"":""body"",""predecessor"":""_private.NumStability.Analysis.MatrixPowersSpijkerPlanarAnalysis.0.NumStability.spijkerPartitionEndpointValues"",""seed"":""_private.NumStability.Analysis.MatrixPowersSpijkerPlanarAnalysis.0.NumStability.spijkerPartitionEndpointValues""}]"	NumStability.spijker_crossing_variation	0	2	5
_private.NumStability.Analysis.MatrixPowersSpijkerPlanarAnalysis.0.NumStability.spijkerLevelInterval	NumStability.Analysis.MatrixPowersSpijkerPlanarAnalysis	private	yes	private_seed	_private.NumStability.Analysis.MatrixPowersSpijkerPlanarAnalysis.0.NumStability.spijkerLevelInterval	"[{""depth"":0,""edge_kind"":""seed"",""predecessor"":""-"",""seed"":""_private.NumStability.Analysis.MatrixPowersSpijkerPlanarAnalysis.0.NumStability.spijkerLevelInterval""}]"	NumStability.spijker_crossing_variation	0	1	8
_private.NumStability.Analysis.MatrixPowersSpijkerPlanarAnalysis.0.NumStability.spijkerPartitionEndpointValues	NumStability.Analysis.MatrixPowersSpijkerPlanarAnalysis	private	yes	private_seed	_private.NumStability.Analysis.MatrixPowersSpijkerPlanarAnalysis.0.NumStability.spijkerPartitionEndpointValues	"[{""depth"":0,""edge_kind"":""seed"",""predecessor"":""-"",""seed"":""_private.NumStability.Analysis.MatrixPowersSpijkerPlanarAnalysis.0.NumStability.spijkerPartitionEndpointValues""}]"	NumStability.spijker_crossing_variation	0	2	3
_private.NumStability.Analysis.MatrixPowersSpijkerPlanarAnalysis.0.NumStability.spijkerPartitionLevelMultiplicity	NumStability.Analysis.MatrixPowersSpijkerPlanarAnalysis	private	yes	private_seed	_private.NumStability.Analysis.MatrixPowersSpijkerPlanarAnalysis.0.NumStability.spijkerLevelInterval;_private.NumStability.Analysis.MatrixPowersSpijkerPlanarAnalysis.0.NumStability.spijkerPartitionLevelMultiplicity	"[{""depth"":1,""edge_kind"":""body"",""predecessor"":""_private.NumStability.Analysis.MatrixPowersSpijkerPlanarAnalysis.0.NumStability.spijkerLevelInterval"",""seed"":""_private.NumStability.Analysis.MatrixPowersSpijkerPlanarAnalysis.0.NumStability.spijkerLevelInterval""},{""depth"":0,""edge_kind"":""seed"",""predecessor"":""-"",""seed"":""_private.NumStability.Analysis.MatrixPowersSpijkerPlanarAnalysis.0.NumStability.spijkerPartitionLevelMultiplicity""}]"	NumStability.spijker_crossing_variation	0	4	6
_private.NumStability.Analysis.MatrixPowersSpijkerPlanarAnalysis.0.NumStability.spijkerPartitionLevelMultiplicity_eq_card	NumStability.Analysis.MatrixPowersSpijkerPlanarAnalysis	private	yes	private_seed	_private.NumStability.Analysis.MatrixPowersSpijkerPlanarAnalysis.0.NumStability.spijkerActiveIncrements;_private.NumStability.Analysis.MatrixPowersSpijkerPlanarAnalysis.0.NumStability.spijkerLevelInterval;_private.NumStability.Analysis.MatrixPowersSpijkerPlanarAnalysis.0.NumStability.spijkerPartitionLevelMultiplicity;_private.NumStability.Analysis.MatrixPowersSpijkerPlanarAnalysis.0.NumStability.spijkerPartitionLevelMultiplicity_eq_card	"[{""depth"":1,""edge_kind"":""body"",""predecessor"":""_private.NumStability.Analysis.MatrixPowersSpijkerPlanarAnalysis.0.NumStability.spijkerActiveIncrements"",""seed"":""_private.NumStability.Analysis.MatrixPowersSpijkerPlanarAnalysis.0.NumStability.spijkerActiveIncrements""},{""depth"":1,""edge_kind"":""body"",""predecessor"":""_private.NumStability.Analysis.MatrixPowersSpijkerPlanarAnalysis.0.NumStability.spijkerLevelInterval"",""seed"":""_private.NumStability.Analysis.MatrixPowersSpijkerPlanarAnalysis.0.NumStability.spijkerLevelInterval""},{""depth"":1,""edge_kind"":""body"",""predecessor"":""_private.NumStability.Analysis.MatrixPowersSpijkerPlanarAnalysis.0.NumStability.spijkerPartitionLevelMultiplicity"",""seed"":""_private.NumStability.Analysis.MatrixPowersSpijkerPlanarAnalysis.0.NumStability.spijkerPartitionLevelMultiplicity""},{""depth"":0,""edge_kind"":""seed"",""predecessor"":""-"",""seed"":""_private.NumStability.Analysis.MatrixPowersSpijkerPlanarAnalysis.0.NumStability.spijkerPartitionLevelMultiplicity_eq_card""}]"	NumStability.spijker_crossing_variation	0	2	4
_private.NumStability.Analysis.MatrixPowersSpijkerPlanarAnalysis.0.NumStability.spijkerPartitionLevelMultiplicity_le	NumStability.Analysis.MatrixPowersSpijkerPlanarAnalysis	private	yes	private_seed	_private.NumStability.Analysis.MatrixPowersSpijkerPlanarAnalysis.0.NumStability.exists_spijkerPartitionCrossing;_private.NumStability.Analysis.MatrixPowersSpijkerPlanarAnalysis.0.NumStability.spijkerActiveIncrements;_private.NumStability.Analysis.MatrixPowersSpijkerPlanarAnalysis.0.NumStability.spijkerActiveIncrements_card_le_of_crossing_bound;_private.NumStability.Analysis.MatrixPowersSpijkerPlanarAnalysis.0.NumStability.spijkerLevelInterval;_private.NumStability.Analysis.MatrixPowersSpijkerPlanarAnalysis.0.NumStability.spijkerPartitionEndpointValues;_private.NumStability.Analysis.MatrixPowersSpijkerPlanarAnalysis.0.NumStability.spijkerPartitionLevelMultiplicity;_private.NumStability.Analysis.MatrixPowersSpijkerPlanarAnalysis.0.NumStability.spijkerPartitionLevelMultiplicity_eq_card;_private.NumStability.Analysis.MatrixPowersSpijkerPlanarAnalysis.0.NumStability.spijkerPartitionLevelMultiplicity_le	"[{""depth"":2,""edge_kind"":""body"",""predecessor"":""_private.NumStability.Analysis.MatrixPowersSpijkerPlanarAnalysis.0.NumStability.spijkerActiveIncrements_card_le_of_crossing_bound"",""seed"":""_private.NumStability.Analysis.MatrixPowersSpijkerPlanarAnalysis.0.NumStability.exists_spijkerPartitionCrossing""},{""depth"":1,""edge_kind"":""body"",""predecessor"":""_private.NumStability.Analysis.MatrixPowersSpijkerPlanarAnalysis.0.NumStability.spijkerActiveIncrements"",""seed"":""_private.NumStability.Analysis.MatrixPowersSpijkerPlanarAnalysis.0.NumStability.spijkerActiveIncrements""},{""depth"":1,""edge_kind"":""body"",""predecessor"":""_private.NumStability.Analysis.MatrixPowersSpijkerPlanarAnalysis.0.NumStability.spijkerActiveIncrements_card_le_of_crossing_bound"",""seed"":""_private.NumStability.Analysis.MatrixPowersSpijkerPlanarAnalysis.0.NumStability.spijkerActiveIncrements_card_le_of_crossing_bound""},{""depth"":1,""edge_kind"":""body"",""predecessor"":""_private.NumStability.Analysis.MatrixPowersSpijkerPlanarAnalysis.0.NumStability.spijkerLevelInterval"",""seed"":""_private.NumStability.Analysis.MatrixPowersSpijkerPlanarAnalysis.0.NumStability.spijkerLevelInterval""},{""depth"":1,""edge_kind"":""body"",""predecessor"":""_private.NumStability.Analysis.MatrixPowersSpijkerPlanarAnalysis.0.NumStability.spijkerPartitionEndpointValues"",""seed"":""_private.NumStability.Analysis.MatrixPowersSpijkerPlanarAnalysis.0.NumStability.spijkerPartitionEndpointValues""},{""depth"":1,""edge_kind"":""body"",""predecessor"":""_private.NumStability.Analysis.MatrixPowersSpijkerPlanarAnalysis.0.NumStability.spijkerPartitionLevelMultiplicity"",""seed"":""_private.NumStability.Analysis.MatrixPowersSpijkerPlanarAnalysis.0.NumStability.spijkerPartitionLevelMultiplicity""},{""depth"":1,""edge_kind"":""body"",""predecessor"":""_private.NumStability.Analysis.MatrixPowersSpijkerPlanarAnalysis.0.NumStability.spijkerPartitionLevelMultiplicity_eq_card"",""seed"":""_private.NumStability.Analysis.MatrixPowersSpijkerPlanarAnalysis.0.NumStability.spijkerPartitionLevelMultiplicity_eq_card""},{""depth"":0,""edge_kind"":""seed"",""predecessor"":""-"",""seed"":""_private.NumStability.Analysis.MatrixPowersSpijkerPlanarAnalysis.0.NumStability.spijkerPartitionLevelMultiplicity_le""}]"	NumStability.spijker_crossing_variation	0	2	7
_private.NumStability.Analysis.MatrixPowersSpijkerPlanarAnalysis.0.NumStability.spijkerPartition_edist_sum_le	NumStability.Analysis.MatrixPowersSpijkerPlanarAnalysis	private	yes	private_seed	_private.NumStability.Analysis.MatrixPowersSpijkerPlanarAnalysis.0.NumStability.exists_spijkerPartitionCrossing;_private.NumStability.Analysis.MatrixPowersSpijkerPlanarAnalysis.0.NumStability.lintegral_spijkerPartitionLevelMultiplicity;_private.NumStability.Analysis.MatrixPowersSpijkerPlanarAnalysis.0.NumStability.spijkerActiveIncrements;_private.NumStability.Analysis.MatrixPowersSpijkerPlanarAnalysis.0.NumStability.spijkerActiveIncrements_card_le_of_crossing_bound;_private.NumStability.Analysis.MatrixPowersSpijkerPlanarAnalysis.0.NumStability.spijkerLevelInterval;_private.NumStability.Analysis.MatrixPowersSpijkerPlanarAnalysis.0.NumStability.spijkerPartitionEndpointValues;_private.NumStability.Analysis.MatrixPowersSpijkerPlanarAnalysis.0.NumStability.spijkerPartitionLevelMultiplicity;_private.NumStability.Analysis.MatrixPowersSpijkerPlanarAnalysis.0.NumStability.spijkerPartitionLevelMultiplicity_eq_card;_private.NumStability.Analysis.MatrixPowersSpijkerPlanarAnalysis.0.NumStability.spijkerPartitionLevelMultiplicity_le;_private.NumStability.Analysis.MatrixPowersSpijkerPlanarAnalysis.0.NumStability.spijkerPartition_edist_sum_le	"[{""depth"":3,""edge_kind"":""body"",""predecessor"":""_private.NumStability.Analysis.MatrixPowersSpijkerPlanarAnalysis.0.NumStability.spijkerPartitionLevelMultiplicity_le"",""seed"":""_private.NumStability.Analysis.MatrixPowersSpijkerPlanarAnalysis.0.NumStability.exists_spijkerPartitionCrossing""},{""depth"":1,""edge_kind"":""body"",""predecessor"":""_private.NumStability.Analysis.MatrixPowersSpijkerPlanarAnalysis.0.NumStability.lintegral_spijkerPartitionLevelMultiplicity"",""seed"":""_private.NumStability.Analysis.MatrixPowersSpijkerPlanarAnalysis.0.NumStability.lintegral_spijkerPartitionLevelMultiplicity""},{""depth"":2,""edge_kind"":""body"",""predecessor"":""_private.NumStability.Analysis.MatrixPowersSpijkerPlanarAnalysis.0.NumStability.spijkerPartitionLevelMultiplicity_le"",""seed"":""_private.NumStability.Analysis.MatrixPowersSpijkerPlanarAnalysis.0.NumStability.spijkerActiveIncrements""},{""depth"":2,""edge_kind"":""body"",""predecessor"":""_private.NumStability.Analysis.MatrixPowersSpijkerPlanarAnalysis.0.NumStability.spijkerPartitionLevelMultiplicity_le"",""seed"":""_private.NumStability.Analysis.MatrixPowersSpijkerPlanarAnalysis.0.NumStability.spijkerActiveIncrements_card_le_of_crossing_bound""},{""depth"":2,""edge_kind"":""body"",""predecessor"":""_private.NumStability.Analysis.MatrixPowersSpijkerPlanarAnalysis.0.NumStability.lintegral_spijkerPartitionLevelMultiplicity"",""seed"":""_private.NumStability.Analysis.MatrixPowersSpijkerPlanarAnalysis.0.NumStability.spijkerLevelInterval""},{""depth"":1,""edge_kind"":""body"",""predecessor"":""_private.NumStability.Analysis.MatrixPowersSpijkerPlanarAnalysis.0.NumStability.spijkerPartitionEndpointValues"",""seed"":""_private.NumStability.Analysis.MatrixPowersSpijkerPlanarAnalysis.0.NumStability.spijkerPartitionEndpointValues""},{""depth"":1,""edge_kind"":""body"",""predecessor"":""_private.NumStability.Analysis.MatrixPowersSpijkerPlanarAnalysis.0.NumStability.spijkerPartitionLevelMultiplicity"",""seed"":""_private.NumStability.Analysis.MatrixPowersSpijkerPlanarAnalysis.0.NumStability.spijkerPartitionLevelMultiplicity""},{""depth"":2,""edge_kind"":""body"",""predecessor"":""_private.NumStability.Analysis.MatrixPowersSpijkerPlanarAnalysis.0.NumStability.spijkerPartitionLevelMultiplicity_le"",""seed"":""_private.NumStability.Analysis.MatrixPowersSpijkerPlanarAnalysis.0.NumStability.spijkerPartitionLevelMultiplicity_eq_card""},{""depth"":1,""edge_kind"":""body"",""predecessor"":""_private.NumStability.Analysis.MatrixPowersSpijkerPlanarAnalysis.0.NumStability.spijkerPartitionLevelMultiplicity_le"",""seed"":""_private.NumStability.Analysis.MatrixPowersSpijkerPlanarAnalysis.0.NumStability.spijkerPartitionLevelMultiplicity_le""},{""depth"":0,""edge_kind"":""seed"",""predecessor"":""-"",""seed"":""_private.NumStability.Analysis.MatrixPowersSpijkerPlanarAnalysis.0.NumStability.spijkerPartition_edist_sum_le""}]"	NumStability.spijker_crossing_variation	0	0	5
_private.NumStability.Analysis.MatrixPowersSpijkerPlanarAnalysis.0.NumStability.spijker_eVariationOn_le	NumStability.Analysis.MatrixPowersSpijkerPlanarAnalysis	private	yes	private_seed	_private.NumStability.Analysis.MatrixPowersSpijkerPlanarAnalysis.0.NumStability.exists_spijkerPartitionCrossing;_private.NumStability.Analysis.MatrixPowersSpijkerPlanarAnalysis.0.NumStability.lintegral_spijkerPartitionLevelMultiplicity;_private.NumStability.Analysis.MatrixPowersSpijkerPlanarAnalysis.0.NumStability.spijkerActiveIncrements;_private.NumStability.Analysis.MatrixPowersSpijkerPlanarAnalysis.0.NumStability.spijkerActiveIncrements_card_le_of_crossing_bound;_private.NumStability.Analysis.MatrixPowersSpijkerPlanarAnalysis.0.NumStability.spijkerLevelInterval;_private.NumStability.Analysis.MatrixPowersSpijkerPlanarAnalysis.0.NumStability.spijkerPartitionEndpointValues;_private.NumStability.Analysis.MatrixPowersSpijkerPlanarAnalysis.0.NumStability.spijkerPartitionLevelMultiplicity;_private.NumStability.Analysis.MatrixPowersSpijkerPlanarAnalysis.0.NumStability.spijkerPartitionLevelMultiplicity_eq_card;_private.NumStability.Analysis.MatrixPowersSpijkerPlanarAnalysis.0.NumStability.spijkerPartitionLevelMultiplicity_le;_private.NumStability.Analysis.MatrixPowersSpijkerPlanarAnalysis.0.NumStability.spijkerPartition_edist_sum_le;_private.NumStability.Analysis.MatrixPowersSpijkerPlanarAnalysis.0.NumStability.spijker_eVariationOn_le	"[{""depth"":4,""edge_kind"":""body"",""predecessor"":""_private.NumStability.Analysis.MatrixPowersSpijkerPlanarAnalysis.0.NumStability.spijkerPartition_edist_sum_le"",""seed"":""_private.NumStability.Analysis.MatrixPowersSpijkerPlanarAnalysis.0.NumStability.exists_spijkerPartitionCrossing""},{""depth"":2,""edge_kind"":""body"",""predecessor"":""_private.NumStability.Analysis.MatrixPowersSpijkerPlanarAnalysis.0.NumStability.spijkerPartition_edist_sum_le"",""seed"":""_private.NumStability.Analysis.MatrixPowersSpijkerPlanarAnalysis.0.NumStability.lintegral_spijkerPartitionLevelMultiplicity""},{""depth"":3,""edge_kind"":""body"",""predecessor"":""_private.NumStability.Analysis.MatrixPowersSpijkerPlanarAnalysis.0.NumStability.spijkerPartition_edist_sum_le"",""seed"":""_private.NumStability.Analysis.MatrixPowersSpijkerPlanarAnalysis.0.NumStability.spijkerActiveIncrements""},{""depth"":3,""edge_kind"":""body"",""predecessor"":""_private.NumStability.Analysis.MatrixPowersSpijkerPlanarAnalysis.0.NumStability.spijkerPartition_edist_sum_le"",""seed"":""_private.NumStability.Analysis.MatrixPowersSpijkerPlanarAnalysis.0.NumStability.spijkerActiveIncrements_card_le_of_crossing_bound""},{""depth"":3,""edge_kind"":""body"",""predecessor"":""_private.NumStability.Analysis.MatrixPowersSpijkerPlanarAnalysis.0.NumStability.spijkerPartition_edist_sum_le"",""seed"":""_private.NumStability.Analysis.MatrixPowersSpijkerPlanarAnalysis.0.NumStability.spijkerLevelInterval""},{""depth"":2,""edge_kind"":""body"",""predecessor"":""_private.NumStability.Analysis.MatrixPowersSpijkerPlanarAnalysis.0.NumStability.spijkerPartition_edist_sum_le"",""seed"":""_private.NumStability.Analysis.MatrixPowersSpijkerPlanarAnalysis.0.NumStability.spijkerPartitionEndpointValues""},{""depth"":2,""edge_kind"":""body"",""predecessor"":""_private.NumStability.Analysis.MatrixPowersSpijkerPlanarAnalysis.0.NumStability.spijkerPartition_edist_sum_le"",""seed"":""_private.NumStability.Analysis.MatrixPowersSpijkerPlanarAnalysis.0.NumStability.spijkerPartitionLevelMultiplicity""},{""depth"":3,""edge_kind"":""body"",""predecessor"":""_private.NumStability.Analysis.MatrixPowersSpijkerPlanarAnalysis.0.NumStability.spijkerPartition_edist_sum_le"",""seed"":""_private.NumStability.Analysis.MatrixPowersSpijkerPlanarAnalysis.0.NumStability.spijkerPartitionLevelMultiplicity_eq_card""},{""depth"":2,""edge_kind"":""body"",""predecessor"":""_private.NumStability.Analysis.MatrixPowersSpijkerPlanarAnalysis.0.NumStability.spijkerPartition_edist_sum_le"",""seed"":""_private.NumStability.Analysis.MatrixPowersSpijkerPlanarAnalysis.0.NumStability.spijkerPartitionLevelMultiplicity_le""},{""depth"":1,""edge_kind"":""body"",""predecessor"":""_private.NumStability.Analysis.MatrixPowersSpijkerPlanarAnalysis.0.NumStability.spijkerPartition_edist_sum_le"",""seed"":""_private.NumStability.Analysis.MatrixPowersSpijkerPlanarAnalysis.0.NumStability.spijkerPartition_edist_sum_le""},{""depth"":0,""edge_kind"":""seed"",""predecessor"":""-"",""seed"":""_private.NumStability.Analysis.MatrixPowersSpijkerPlanarAnalysis.0.NumStability.spijker_eVariationOn_le""}]"	NumStability.spijker_crossing_variation	0	0	2
_private.NumStability.Analysis.NumericalRadius.0.NumStability.term𝔼	NumStability.Analysis.NumericalRadius	private	yes	private_seed	_private.NumStability.Analysis.NumericalRadius.0.NumStability.term𝔼	"[{""depth"":0,""edge_kind"":""seed"",""predecessor"":""-"",""seed"":""_private.NumStability.Analysis.NumericalRadius.0.NumStability.term𝔼""}]"	_private.NumStability.Analysis.NumericalRadius.0.NumStability.term𝔼	0	0	0
_private.NumStability.Analysis.PseudospectralResolvent.0.NumStability.«term↑ₐ»	NumStability.Analysis.PseudospectralResolvent	private	yes	private_seed	_private.NumStability.Analysis.PseudospectralResolvent.0.NumStability.«term↑ₐ»	"[{""depth"":0,""edge_kind"":""seed"",""predecessor"":""-"",""seed"":""_private.NumStability.Analysis.PseudospectralResolvent.0.NumStability.«term↑ₐ»""}]"	_private.NumStability.Analysis.PseudospectralResolvent.0.NumStability.«term↑ₐ»	0	0	0
