declaration	kind	visibility	owner_module	destination_code	destination_module	tier	pinned_by_private_closure	demoted	review_batch
NumStability.Ch15.H15_Theorem15_7	theorem	public	NumStability.Algorithms.LU.TridiagonalCondCh15	S:Theorem07/TridiagonalLU	NumStability.Source.Higham.Chapter15.Theorem07.TridiagonalLU.Basic	source	no	no	lu-tridiagonal
NumStability.Ch15.H15_Theorem15_8	theorem	public	NumStability.Algorithms.LU.TridiagonalCondCh15	S:Theorem08/TridiagonalDiagonalDominance	NumStability.Source.Higham.Chapter15.Theorem08.TridiagonalDiagonalDominance.Basic	source	no	no	lu-tridiagonal
NumStability.Ch15.H15_Theorem15_9	theorem	public	NumStability.Algorithms.LU.TridiagonalCondCh15	S:Theorem09/Ikebe	NumStability.Source.Higham.Chapter15.Theorem09.Ikebe.Basic	source	no	no	lu-tridiagonal
NumStability.Ch15.HasDirectionalGradientAt	definition	public	NumStability.Algorithms.PNormPowerMethod	R:PNorm/Duality	NumStability.Algorithms.NormEstimation.PNorm.Duality.PNormPowerMethod	reusable	no	no	pnorm-main
NumStability.Ch15.IsBoydConcreteNondegenerate	definition	public	NumStability.Algorithms.HighamChapter15BoydConcreteLemma3	R:PNorm/Boyd/SecondVariation	NumStability.Algorithms.NormEstimation.PNorm.Boyd.SecondVariation.BoydConcrete	reusable	no	no	boyd-scalar
NumStability.Ch15.IsBoydConcreteSourceStrongLocalMaximum	definition	public	NumStability.Algorithms.HighamChapter15BoydSourceClosure	S:Section02/Boyd/SourceDomain	NumStability.Source.Higham.Chapter15.Section02.Boyd.SourceDomain.BoydCompletion	source	no	no	boyd-bridges
NumStability.Ch15.IsBoydConcreteSourceStrongLocalMaximum.hasActualSecondDerivativeGap	theorem	public	NumStability.Algorithms.HighamChapter15BoydSourceClosure	RETAIN	NumStability.Algorithms.HighamChapter15BoydSourceClosure	historical	yes	no	boyd-bridges
NumStability.Ch15.IsBoydConcreteStationary	definition	public	NumStability.Algorithms.HighamChapter15BoydConcreteLemma3	R:PNorm/Boyd/FixedPoints	NumStability.Algorithms.NormEstimation.PNorm.Boyd.FixedPoints.BoydConcrete	reusable	no	no	boyd-scalar
NumStability.Ch15.IsBoydConcreteStrongLocalMaximum	definition	public	NumStability.Algorithms.HighamChapter15BoydConcreteLemma3	S:Section02/Boyd/Corrections	NumStability.Source.Higham.Chapter15.Section02.Boyd.Corrections.BoydConcrete	source	no	no	boyd-scalar
NumStability.Ch15.IsBoydInnerRowwiseSmoothDomain	definition	public	NumStability.Algorithms.HighamChapter15BoydRowwiseDomain	R:PNorm/Boyd/RowwiseDomain	NumStability.Algorithms.NormEstimation.PNorm.Boyd.RowwiseDomain.Basic	reusable	no	no	boyd-domains
NumStability.Ch15.IsBoydInnerSmoothDomain	definition	public	NumStability.Algorithms.HighamChapter15BoydSourceDomain	S:Section02/Boyd/SourceDomain	NumStability.Source.Higham.Chapter15.Section02.Boyd.SourceDomain.BoydDomain	source	no	no	boyd-domains
NumStability.Ch15.IsBoydNondegenerateTangentHessian	definition	public	NumStability.Algorithms.HighamChapter15BoydSourceLocal	R:PNorm/Boyd/SecondVariation	NumStability.Algorithms.NormEstimation.PNorm.Boyd.SecondVariation.BoydLocal	reusable	no	no	boyd-domains
NumStability.Ch15.IsBoydRowwiseCompositionSmooth	definition	public	NumStability.Algorithms.HighamChapter15BoydRowwiseDomain	R:PNorm/Boyd/RowwiseDomain	NumStability.Algorithms.NormEstimation.PNorm.Boyd.RowwiseDomain.Basic	reusable	no	no	boyd-domains
NumStability.Ch15.IsLocalContractionTo	definition	public	NumStability.Algorithms.HighamChapter15BoydBridges	R:PNorm/Boyd/LocalStability	NumStability.Algorithms.NormEstimation.PNorm.Boyd.LocalStability.BoydInterface	reusable	no	no	boyd-bridges
NumStability.Ch15.IsLocalSeminormContractionTo	definition	public	NumStability.Algorithms.HighamChapter15BoydLocalStability	R:PNorm/Boyd/LocalStability	NumStability.Algorithms.NormEstimation.PNorm.Boyd.LocalStability.BoydLocalStability	reusable	no	no	boyd-domains
NumStability.Ch15.IsPlusMinusOne	definition	public	NumStability.Algorithms.Ch15CondEstimators	R:OneNorm/LINPACK	NumStability.Algorithms.NormEstimation.OneNorm.LINPACK.Basic	reusable	no	no	onenorm-core
NumStability.Ch15.IsRealLpNormer	definition	public	NumStability.Algorithms.PNormPowerMethodGeneralP	R:PNorm/Duality	NumStability.Algorithms.NormEstimation.PNorm.Duality.PNormGeneral	reusable	no	no	pnorm-gen-rect
NumStability.Ch15.IsSubgradient	definition	public	NumStability.Algorithms.PNormPowerMethod	R:PNorm/Duality	NumStability.Algorithms.NormEstimation.PNorm.Duality.PNormPowerMethod	reusable	no	no	pnorm-main
NumStability.Ch15.IsUpperTriangular	definition	public	NumStability.Algorithms.Ch15CondEstimators	R:OneNorm/LINPACK	NumStability.Algorithms.NormEstimation.OneNorm.LINPACK.Basic	reusable	no	no	onenorm-core
NumStability.Ch15.PNormPair	inductive	public	NumStability.Algorithms.PNormPowerMethod	R:PNorm/PowerMethod	NumStability.Algorithms.NormEstimation.PNorm.PowerMethod.PNormPowerMethod	reusable	no	no	pnorm-main
NumStability.Ch15.PNormPair.A	definition	public	NumStability.Algorithms.PNormPowerMethod	R:PNorm/PowerMethod	NumStability.Algorithms.NormEstimation.PNorm.PowerMethod.PNormPowerMethod	reusable	no	no	pnorm-main
NumStability.Ch15.PNormPair.State	inductive	public	NumStability.Algorithms.PNormPowerMethod	S:Algorithm01/PNormPowerMethod	NumStability.Source.Higham.Chapter15.Algorithm01.PNormPowerMethod.PNormPowerMethod	source	no	no	pnorm-main
NumStability.Ch15.PNormPair.State.casesOn	definition	public	NumStability.Algorithms.PNormPowerMethod	S:Algorithm01/PNormPowerMethod	NumStability.Source.Higham.Chapter15.Algorithm01.PNormPowerMethod.PNormPowerMethod	source	no	no	pnorm-main
NumStability.Ch15.PNormPair.State.ctorIdx	definition	public	NumStability.Algorithms.PNormPowerMethod	S:Algorithm01/PNormPowerMethod	NumStability.Source.Higham.Chapter15.Algorithm01.PNormPowerMethod.PNormPowerMethod	source	no	no	pnorm-main
NumStability.Ch15.PNormPair.State.mk	constructor	public	NumStability.Algorithms.PNormPowerMethod	S:Algorithm01/PNormPowerMethod	NumStability.Source.Higham.Chapter15.Algorithm01.PNormPowerMethod.PNormPowerMethod	source	no	no	pnorm-main
NumStability.Ch15.PNormPair.State.mk.inj	theorem	public	NumStability.Algorithms.PNormPowerMethod	S:Algorithm01/PNormPowerMethod	NumStability.Source.Higham.Chapter15.Algorithm01.PNormPowerMethod.PNormPowerMethod	source	no	no	pnorm-main
NumStability.Ch15.PNormPair.State.mk.injEq	theorem	public	NumStability.Algorithms.PNormPowerMethod	S:Algorithm01/PNormPowerMethod	NumStability.Source.Higham.Chapter15.Algorithm01.PNormPowerMethod.PNormPowerMethod	source	no	no	pnorm-main
NumStability.Ch15.PNormPair.State.mk.noConfusion	definition	public	NumStability.Algorithms.PNormPowerMethod	S:Algorithm01/PNormPowerMethod	NumStability.Source.Higham.Chapter15.Algorithm01.PNormPowerMethod.PNormPowerMethod	source	no	no	pnorm-main
NumStability.Ch15.PNormPair.State.mk.sizeOf_spec	theorem	public	NumStability.Algorithms.PNormPowerMethod	S:Algorithm01/PNormPowerMethod	NumStability.Source.Higham.Chapter15.Algorithm01.PNormPowerMethod.PNormPowerMethod	source	no	no	pnorm-main
NumStability.Ch15.PNormPair.State.noConfusion	definition	public	NumStability.Algorithms.PNormPowerMethod	S:Algorithm01/PNormPowerMethod	NumStability.Source.Higham.Chapter15.Algorithm01.PNormPowerMethod.PNormPowerMethod	source	no	no	pnorm-main
NumStability.Ch15.PNormPair.State.noConfusionType	definition	public	NumStability.Algorithms.PNormPowerMethod	S:Algorithm01/PNormPowerMethod	NumStability.Source.Higham.Chapter15.Algorithm01.PNormPowerMethod.PNormPowerMethod	source	no	no	pnorm-main
NumStability.Ch15.PNormPair.State.rec	recursor	public	NumStability.Algorithms.PNormPowerMethod	S:Algorithm01/PNormPowerMethod	NumStability.Source.Higham.Chapter15.Algorithm01.PNormPowerMethod.PNormPowerMethod	source	no	no	pnorm-main
NumStability.Ch15.PNormPair.State.recOn	definition	public	NumStability.Algorithms.PNormPowerMethod	S:Algorithm01/PNormPowerMethod	NumStability.Source.Higham.Chapter15.Algorithm01.PNormPowerMethod.PNormPowerMethod	source	no	no	pnorm-main
NumStability.Ch15.PNormPair.State.x	definition	public	NumStability.Algorithms.PNormPowerMethod	S:Algorithm01/PNormPowerMethod	NumStability.Source.Higham.Chapter15.Algorithm01.PNormPowerMethod.PNormPowerMethod	source	no	no	pnorm-main
NumStability.Ch15.PNormPair.State.γ	definition	public	NumStability.Algorithms.PNormPowerMethod	S:Algorithm01/PNormPowerMethod	NumStability.Source.Higham.Chapter15.Algorithm01.PNormPowerMethod.PNormPowerMethod	source	no	no	pnorm-main
NumStability.Ch15.PNormPair.casesOn	definition	public	NumStability.Algorithms.PNormPowerMethod	R:PNorm/PowerMethod	NumStability.Algorithms.NormEstimation.PNorm.PowerMethod.PNormPowerMethod	reusable	no	no	pnorm-main
NumStability.Ch15.PNormPair.convergence_test_iff	theorem	public	NumStability.Algorithms.PNormPowerMethod	S:Lemma02/PNormPowerMethod	NumStability.Source.Higham.Chapter15.Lemma02.PNormPowerMethod.PNormPowerMethod	source	no	no	pnorm-main
NumStability.Ch15.PNormPair.ctorIdx	definition	public	NumStability.Algorithms.PNormPowerMethod	R:PNorm/PowerMethod	NumStability.Algorithms.NormEstimation.PNorm.PowerMethod.PNormPowerMethod	reusable	no	no	pnorm-main
NumStability.Ch15.PNormPair.dp	definition	public	NumStability.Algorithms.PNormPowerMethod	R:PNorm/PowerMethod	NumStability.Algorithms.NormEstimation.PNorm.PowerMethod.PNormPowerMethod	reusable	no	no	pnorm-main
NumStability.Ch15.PNormPair.dp_attains	theorem	public	NumStability.Algorithms.PNormPowerMethod	R:PNorm/PowerMethod	NumStability.Algorithms.NormEstimation.PNorm.PowerMethod.PNormPowerMethod	reusable	no	no	pnorm-main
NumStability.Ch15.PNormPair.dp_isSubgradient	theorem	public	NumStability.Algorithms.PNormPowerMethod	R:PNorm/PowerMethod	NumStability.Algorithms.NormEstimation.PNorm.PowerMethod.PNormPowerMethod	reusable	no	no	pnorm-main
NumStability.Ch15.PNormPair.dp_qunit	theorem	public	NumStability.Algorithms.PNormPowerMethod	R:PNorm/PowerMethod	NumStability.Algorithms.NormEstimation.PNorm.PowerMethod.PNormPowerMethod	reusable	no	no	pnorm-main
NumStability.Ch15.PNormPair.dq	definition	public	NumStability.Algorithms.PNormPowerMethod	R:PNorm/PowerMethod	NumStability.Algorithms.NormEstimation.PNorm.PowerMethod.PNormPowerMethod	reusable	no	no	pnorm-main
NumStability.Ch15.PNormPair.dq_attains	theorem	public	NumStability.Algorithms.PNormPowerMethod	R:PNorm/PowerMethod	NumStability.Algorithms.NormEstimation.PNorm.PowerMethod.PNormPowerMethod	reusable	no	no	pnorm-main
NumStability.Ch15.PNormPair.dq_punit	theorem	public	NumStability.Algorithms.PNormPowerMethod	R:PNorm/PowerMethod	NumStability.Algorithms.NormEstimation.PNorm.PowerMethod.PNormPowerMethod	reusable	no	no	pnorm-main
NumStability.Ch15.PNormPair.eq15_2_zof_isSubgradient	theorem	public	NumStability.Algorithms.PNormPowerMethod	S:Equation02/Subgradient	NumStability.Source.Higham.Chapter15.Equation02.Subgradient.PNormPowerMethod	source	no	no	pnorm-main
NumStability.Ch15.PNormPair.eq15_5_subgradient_inequality	theorem	public	NumStability.Algorithms.PNormPowerMethod	S:Equation05/SubgradientInequality	NumStability.Source.Higham.Chapter15.Equation05.SubgradientInequality.Basic	source	no	no	pnorm-main
NumStability.Ch15.PNormPair.exists_gammaSeq_limit	theorem	public	NumStability.Algorithms.HighamChapter15ConvergenceProse	S:Section02/Boyd/GlobalConvergence	NumStability.Source.Higham.Chapter15.Section02.Boyd.GlobalConvergence.ConvergenceStatements	source	no	no	boyd-bridges
NumStability.Ch15.PNormPair.gammaSeq	definition	public	NumStability.Algorithms.PNormPowerMethod	R:PNorm/PowerMethod	NumStability.Algorithms.NormEstimation.PNorm.PowerMethod.PNormPowerMethod	reusable	no	no	pnorm-main
NumStability.Ch15.PNormPair.gammaSeq_bddAbove	theorem	public	NumStability.Algorithms.HighamChapter15ConvergenceProse	S:Algorithm01/PNormPowerMethod	NumStability.Source.Higham.Chapter15.Algorithm01.PNormPowerMethod.ConvergenceStatements	source	no	yes	boyd-bridges
NumStability.Ch15.PNormPair.gammaSeq_ge_start	theorem	public	NumStability.Algorithms.PNormPowerMethod	S:Algorithm01/PNormPowerMethod	NumStability.Source.Higham.Chapter15.Algorithm01.PNormPowerMethod.PNormPowerMethod	source	no	no	pnorm-main
NumStability.Ch15.PNormPair.gammaSeq_le_opP	theorem	public	NumStability.Algorithms.PNormPowerMethod	S:Algorithm01/PNormPowerMethod	NumStability.Source.Higham.Chapter15.Algorithm01.PNormPowerMethod.PNormPowerMethod	source	no	no	pnorm-main
NumStability.Ch15.PNormPair.gammaSeq_mono	theorem	public	NumStability.Algorithms.PNormPowerMethod	S:Algorithm01/PNormPowerMethod	NumStability.Source.Higham.Chapter15.Algorithm01.PNormPowerMethod.PNormPowerMethod	source	no	no	pnorm-main
NumStability.Ch15.PNormPair.gammaSeq_monotone	theorem	public	NumStability.Algorithms.HighamChapter15ConvergenceProse	S:Algorithm01/PNormPowerMethod	NumStability.Source.Higham.Chapter15.Algorithm01.PNormPowerMethod.ConvergenceStatements	source	no	yes	boyd-bridges
NumStability.Ch15.PNormPair.gammaSeq_tendsto_ciSup	theorem	public	NumStability.Algorithms.HighamChapter15ConvergenceProse	S:Section02/Boyd/GlobalConvergence	NumStability.Source.Higham.Chapter15.Section02.Boyd.GlobalConvergence.ConvergenceStatements	source	no	no	boyd-bridges
NumStability.Ch15.PNormPair.holder	theorem	public	NumStability.Algorithms.PNormPowerMethod	R:PNorm/PowerMethod	NumStability.Algorithms.NormEstimation.PNorm.PowerMethod.PNormPowerMethod	reusable	no	no	pnorm-main
NumStability.Ch15.PNormPair.lemma152a	theorem	public	NumStability.Algorithms.PNormPowerMethod	S:Lemma02/PNormPowerMethod	NumStability.Source.Higham.Chapter15.Lemma02.PNormPowerMethod.PNormPowerMethod	source	no	no	pnorm-main
NumStability.Ch15.PNormPair.lemma152b	theorem	public	NumStability.Algorithms.PNormPowerMethod	S:Lemma02/PNormPowerMethod	NumStability.Source.Higham.Chapter15.Lemma02.PNormPowerMethod.PNormPowerMethod	source	no	no	pnorm-main
NumStability.Ch15.PNormPair.mk	constructor	public	NumStability.Algorithms.PNormPowerMethod	R:PNorm/PowerMethod	NumStability.Algorithms.NormEstimation.PNorm.PowerMethod.PNormPowerMethod	reusable	no	no	pnorm-main
NumStability.Ch15.PNormPair.mk.inj	theorem	public	NumStability.Algorithms.PNormPowerMethod	R:PNorm/PowerMethod	NumStability.Algorithms.NormEstimation.PNorm.PowerMethod.PNormPowerMethod	reusable	no	no	pnorm-main
NumStability.Ch15.PNormPair.mk.injEq	theorem	public	NumStability.Algorithms.PNormPowerMethod	R:PNorm/PowerMethod	NumStability.Algorithms.NormEstimation.PNorm.PowerMethod.PNormPowerMethod	reusable	no	no	pnorm-main
NumStability.Ch15.PNormPair.mk.noConfusion	definition	public	NumStability.Algorithms.PNormPowerMethod	R:PNorm/PowerMethod	NumStability.Algorithms.NormEstimation.PNorm.PowerMethod.PNormPowerMethod	reusable	no	no	pnorm-main
NumStability.Ch15.PNormPair.mk.sizeOf_spec	theorem	public	NumStability.Algorithms.PNormPowerMethod	R:PNorm/PowerMethod	NumStability.Algorithms.NormEstimation.PNorm.PowerMethod.PNormPowerMethod	reusable	no	no	pnorm-main
NumStability.Ch15.PNormPair.noConfusion	definition	public	NumStability.Algorithms.PNormPowerMethod	R:PNorm/PowerMethod	NumStability.Algorithms.NormEstimation.PNorm.PowerMethod.PNormPowerMethod	reusable	no	no	pnorm-main
NumStability.Ch15.PNormPair.noConfusionType	definition	public	NumStability.Algorithms.PNormPowerMethod	R:PNorm/PowerMethod	NumStability.Algorithms.NormEstimation.PNorm.PowerMethod.PNormPowerMethod	reusable	no	no	pnorm-main
NumStability.Ch15.PNormPair.opP	definition	public	NumStability.Algorithms.PNormPowerMethod	R:PNorm/PowerMethod	NumStability.Algorithms.NormEstimation.PNorm.PowerMethod.PNormPowerMethod	reusable	no	no	pnorm-main
NumStability.Ch15.PNormPair.op_bound	theorem	public	NumStability.Algorithms.PNormPowerMethod	R:PNorm/PowerMethod	NumStability.Algorithms.NormEstimation.PNorm.PowerMethod.PNormPowerMethod	reusable	no	no	pnorm-main
NumStability.Ch15.PNormPair.pN	definition	public	NumStability.Algorithms.PNormPowerMethod	R:PNorm/PowerMethod	NumStability.Algorithms.NormEstimation.PNorm.PowerMethod.PNormPowerMethod	reusable	no	no	pnorm-main
NumStability.Ch15.PNormPair.pN_nonneg	theorem	public	NumStability.Algorithms.PNormPowerMethod	R:PNorm/PowerMethod	NumStability.Algorithms.NormEstimation.PNorm.PowerMethod.PNormPowerMethod	reusable	no	no	pnorm-main
NumStability.Ch15.PNormPair.powerStep	definition	public	NumStability.Algorithms.PNormPowerMethod	S:Algorithm01/PNormPowerMethod	NumStability.Source.Higham.Chapter15.Algorithm01.PNormPowerMethod.PNormPowerMethod	source	no	no	pnorm-main
NumStability.Ch15.PNormPair.powerStep_gamma_eq	theorem	public	NumStability.Algorithms.PNormPowerMethod	S:Algorithm01/PNormPowerMethod	NumStability.Source.Higham.Chapter15.Algorithm01.PNormPowerMethod.PNormPowerMethod	source	no	no	pnorm-main
NumStability.Ch15.PNormPair.powerStep_gamma_le_opP	theorem	public	NumStability.Algorithms.PNormPowerMethod	S:Algorithm01/PNormPowerMethod	NumStability.Source.Higham.Chapter15.Algorithm01.PNormPowerMethod.PNormPowerMethod	source	no	no	pnorm-main
NumStability.Ch15.PNormPair.powerStep_scaling	theorem	public	NumStability.Algorithms.PNormPowerMethod	S:Algorithm01/PNormPowerMethod	NumStability.Source.Higham.Chapter15.Algorithm01.PNormPowerMethod.PNormPowerMethod	source	no	no	pnorm-main
NumStability.Ch15.PNormPair.qN	definition	public	NumStability.Algorithms.PNormPowerMethod	R:PNorm/PowerMethod	NumStability.Algorithms.NormEstimation.PNorm.PowerMethod.PNormPowerMethod	reusable	no	no	pnorm-main
NumStability.Ch15.PNormPair.rec	recursor	public	NumStability.Algorithms.PNormPowerMethod	R:PNorm/PowerMethod	NumStability.Algorithms.NormEstimation.PNorm.PowerMethod.PNormPowerMethod	reusable	no	no	pnorm-main
NumStability.Ch15.PNormPair.recOn	definition	public	NumStability.Algorithms.PNormPowerMethod	R:PNorm/PowerMethod	NumStability.Algorithms.NormEstimation.PNorm.PowerMethod.PNormPowerMethod	reusable	no	no	pnorm-main
NumStability.Ch15.PNormPair.xnext	definition	public	NumStability.Algorithms.PNormPowerMethod	R:PNorm/PowerMethod	NumStability.Algorithms.NormEstimation.PNorm.PowerMethod.PNormPowerMethod	reusable	no	no	pnorm-main
NumStability.Ch15.PNormPair.xseq	definition	public	NumStability.Algorithms.PNormPowerMethod	R:PNorm/PowerMethod	NumStability.Algorithms.NormEstimation.PNorm.PowerMethod.PNormPowerMethod	reusable	no	no	pnorm-main
NumStability.Ch15.PNormPair.xseq_has_convergent_subsequence	theorem	public	NumStability.Algorithms.HighamChapter15ConvergenceProse	R:PNorm/Convergence	NumStability.Algorithms.NormEstimation.PNorm.Convergence.ConvergenceStatements	reusable	no	no	boyd-bridges
NumStability.Ch15.PNormPair.xseq_limit_is_fixed_of_continuousAt	theorem	public	NumStability.Algorithms.HighamChapter15ConvergenceProse	R:PNorm/Convergence	NumStability.Algorithms.NormEstimation.PNorm.Convergence.ConvergenceStatements	reusable	no	no	boyd-bridges
NumStability.Ch15.PNormPair.xseq_punit	theorem	public	NumStability.Algorithms.PNormPowerMethod	R:PNorm/PowerMethod	NumStability.Algorithms.NormEstimation.PNorm.PowerMethod.PNormPowerMethod	reusable	no	no	pnorm-main
NumStability.Ch15.PNormPair.yof	definition	public	NumStability.Algorithms.PNormPowerMethod	R:PNorm/PowerMethod	NumStability.Algorithms.NormEstimation.PNorm.PowerMethod.PNormPowerMethod	reusable	no	no	pnorm-main
NumStability.Ch15.PNormPair.yof_sub	theorem	public	NumStability.Algorithms.PNormPowerMethod	R:PNorm/PowerMethod	NumStability.Algorithms.NormEstimation.PNorm.PowerMethod.PNormPowerMethod	reusable	no	no	pnorm-main
NumStability.Ch15.PNormPair.z_dot	theorem	public	NumStability.Algorithms.PNormPowerMethod	R:PNorm/PowerMethod	NumStability.Algorithms.NormEstimation.PNorm.PowerMethod.PNormPowerMethod	reusable	no	no	pnorm-main
NumStability.Ch15.PNormPair.zof	definition	public	NumStability.Algorithms.PNormPowerMethod	R:PNorm/PowerMethod	NumStability.Algorithms.NormEstimation.PNorm.PowerMethod.PNormPowerMethod	reusable	no	no	pnorm-main
NumStability.Ch15.SmoothPNormPair	inductive	public	NumStability.Algorithms.PNormPowerMethod	R:PNorm/PowerMethod	NumStability.Algorithms.NormEstimation.PNorm.PowerMethod.PNormPowerMethod	reusable	no	no	pnorm-main
NumStability.Ch15.SmoothPNormPair.P	definition	public	NumStability.Algorithms.PNormPowerMethod	R:PNorm/PowerMethod	NumStability.Algorithms.NormEstimation.PNorm.PowerMethod.PNormPowerMethod	reusable	no	no	pnorm-main
NumStability.Ch15.SmoothPNormPair.casesOn	definition	public	NumStability.Algorithms.PNormPowerMethod	R:PNorm/PowerMethod	NumStability.Algorithms.NormEstimation.PNorm.PowerMethod.PNormPowerMethod	reusable	no	no	pnorm-main
NumStability.Ch15.SmoothPNormPair.composite_hasDirectionalGradientAt	theorem	public	NumStability.Algorithms.PNormPowerMethod	R:PNorm/PowerMethod	NumStability.Algorithms.NormEstimation.PNorm.PowerMethod.PNormPowerMethod	reusable	no	no	pnorm-main
NumStability.Ch15.SmoothPNormPair.conjugate	theorem	public	NumStability.Algorithms.PNormPowerMethod	R:PNorm/PowerMethod	NumStability.Algorithms.NormEstimation.PNorm.PowerMethod.PNormPowerMethod	reusable	no	no	pnorm-main
NumStability.Ch15.SmoothPNormPair.ctorIdx	definition	public	NumStability.Algorithms.PNormPowerMethod	R:PNorm/PowerMethod	NumStability.Algorithms.NormEstimation.PNorm.PowerMethod.PNormPowerMethod	reusable	no	no	pnorm-main
NumStability.Ch15.SmoothPNormPair.dp_qnorm_one	theorem	public	NumStability.Algorithms.PNormPowerMethod	R:PNorm/PowerMethod	NumStability.Algorithms.NormEstimation.PNorm.PowerMethod.PNormPowerMethod	reusable	no	no	pnorm-main
NumStability.Ch15.SmoothPNormPair.eq15_2_subdifferential_singleton	theorem	public	NumStability.Algorithms.PNormPowerMethod	S:Equation02/Subgradient	NumStability.Source.Higham.Chapter15.Equation02.Subgradient.PNormPowerMethod	source	no	no	pnorm-main
NumStability.Ch15.SmoothPNormPair.eq15_3_F	definition	public	NumStability.Algorithms.PNormPowerMethod	S:Equation03/GradientQuotient	NumStability.Source.Higham.Chapter15.Equation03.GradientQuotient.PNormPowerMethod	source	no	no	pnorm-main
NumStability.Ch15.SmoothPNormPair.eq15_3_directional	theorem	public	NumStability.Algorithms.PNormPowerMethod	S:Equation03/GradientQuotient	NumStability.Source.Higham.Chapter15.Equation03.GradientQuotient.PNormPowerMethod	source	no	no	pnorm-main
NumStability.Ch15.SmoothPNormPair.eq15_3_directional_of_full_rank	theorem	public	NumStability.Algorithms.PNormPowerMethod	S:Equation03/GradientQuotient	NumStability.Source.Higham.Chapter15.Equation03.GradientQuotient.PNormPowerMethod	source	no	no	pnorm-main
NumStability.Ch15.SmoothPNormPair.eq15_3_gradient	definition	public	NumStability.Algorithms.PNormPowerMethod	S:Equation03/GradientQuotient	NumStability.Source.Higham.Chapter15.Equation03.GradientQuotient.PNormPowerMethod	source	no	no	pnorm-main
NumStability.Ch15.SmoothPNormPair.eq15_5_subgradient_inequality	theorem	public	NumStability.Algorithms.PNormPowerMethod	S:Equation05/SubgradientInequality	NumStability.Source.Higham.Chapter15.Equation05.SubgradientInequality.Basic	source	no	no	pnorm-main
NumStability.Ch15.SmoothPNormPair.general	definition	public	NumStability.Algorithms.PNormPowerMethodGeneralP	R:PNorm/PowerMethod	NumStability.Algorithms.NormEstimation.PNorm.PowerMethod.PNormGeneral	reusable	no	no	pnorm-gen-rect
NumStability.Ch15.SmoothPNormPair.mk	constructor	public	NumStability.Algorithms.PNormPowerMethod	R:PNorm/PowerMethod	NumStability.Algorithms.NormEstimation.PNorm.PowerMethod.PNormPowerMethod	reusable	no	no	pnorm-main
NumStability.Ch15.SmoothPNormPair.mk.inj	theorem	public	NumStability.Algorithms.PNormPowerMethod	R:PNorm/PowerMethod	NumStability.Algorithms.NormEstimation.PNorm.PowerMethod.PNormPowerMethod	reusable	no	no	pnorm-main
NumStability.Ch15.SmoothPNormPair.mk.injEq	theorem	public	NumStability.Algorithms.PNormPowerMethod	R:PNorm/PowerMethod	NumStability.Algorithms.NormEstimation.PNorm.PowerMethod.PNormPowerMethod	reusable	no	no	pnorm-main
NumStability.Ch15.SmoothPNormPair.mk.noConfusion	definition	public	NumStability.Algorithms.PNormPowerMethod	R:PNorm/PowerMethod	NumStability.Algorithms.NormEstimation.PNorm.PowerMethod.PNormPowerMethod	reusable	no	no	pnorm-main
NumStability.Ch15.SmoothPNormPair.mk.sizeOf_spec	theorem	public	NumStability.Algorithms.PNormPowerMethod	R:PNorm/PowerMethod	NumStability.Algorithms.NormEstimation.PNorm.PowerMethod.PNormPowerMethod	reusable	no	no	pnorm-main
NumStability.Ch15.SmoothPNormPair.noConfusion	definition	public	NumStability.Algorithms.PNormPowerMethod	R:PNorm/PowerMethod	NumStability.Algorithms.NormEstimation.PNorm.PowerMethod.PNormPowerMethod	reusable	no	no	pnorm-main
NumStability.Ch15.SmoothPNormPair.noConfusionType	definition	public	NumStability.Algorithms.PNormPowerMethod	R:PNorm/PowerMethod	NumStability.Algorithms.NormEstimation.PNorm.PowerMethod.PNormPowerMethod	reusable	no	no	pnorm-main
NumStability.Ch15.SmoothPNormPair.one_lt_p	theorem	public	NumStability.Algorithms.PNormPowerMethod	R:PNorm/PowerMethod	NumStability.Algorithms.NormEstimation.PNorm.PowerMethod.PNormPowerMethod	reusable	no	no	pnorm-main
NumStability.Ch15.SmoothPNormPair.one_lt_q	theorem	public	NumStability.Algorithms.PNormPowerMethod	R:PNorm/PowerMethod	NumStability.Algorithms.NormEstimation.PNorm.PowerMethod.PNormPowerMethod	reusable	no	no	pnorm-main
NumStability.Ch15.SmoothPNormPair.p	definition	public	NumStability.Algorithms.PNormPowerMethod	R:PNorm/PowerMethod	NumStability.Algorithms.NormEstimation.PNorm.PowerMethod.PNormPowerMethod	reusable	no	no	pnorm-main
NumStability.Ch15.SmoothPNormPair.pN_gradient	theorem	public	NumStability.Algorithms.PNormPowerMethod	R:PNorm/PowerMethod	NumStability.Algorithms.NormEstimation.PNorm.PowerMethod.PNormPowerMethod	reusable	no	no	pnorm-main
NumStability.Ch15.SmoothPNormPair.pN_pos	theorem	public	NumStability.Algorithms.PNormPowerMethod	R:PNorm/PowerMethod	NumStability.Algorithms.NormEstimation.PNorm.PowerMethod.PNormPowerMethod	reusable	no	no	pnorm-main
NumStability.Ch15.SmoothPNormPair.pN_zero	theorem	public	NumStability.Algorithms.PNormPowerMethod	R:PNorm/PowerMethod	NumStability.Algorithms.NormEstimation.PNorm.PowerMethod.PNormPowerMethod	reusable	no	no	pnorm-main
NumStability.Ch15.SmoothPNormPair.q	definition	public	NumStability.Algorithms.PNormPowerMethod	R:PNorm/PowerMethod	NumStability.Algorithms.NormEstimation.PNorm.PowerMethod.PNormPowerMethod	reusable	no	no	pnorm-main
NumStability.Ch15.SmoothPNormPair.rec	recursor	public	NumStability.Algorithms.PNormPowerMethod	R:PNorm/PowerMethod	NumStability.Algorithms.NormEstimation.PNorm.PowerMethod.PNormPowerMethod	reusable	no	no	pnorm-main
NumStability.Ch15.SmoothPNormPair.recOn	definition	public	NumStability.Algorithms.PNormPowerMethod	R:PNorm/PowerMethod	NumStability.Algorithms.NormEstimation.PNorm.PowerMethod.PNormPowerMethod	reusable	no	no	pnorm-main
NumStability.Ch15.SmoothPNormPair.two	definition	public	NumStability.Algorithms.PNormPowerMethod	R:PNorm/PowerMethod	NumStability.Algorithms.NormEstimation.PNorm.PowerMethod.PNormPowerMethod	reusable	no	no	pnorm-main
NumStability.Ch15.abs_dot_normalize2_smul	theorem	public	NumStability.Algorithms.HighamChapter15ConvergenceProse	R:PNorm/Duality	NumStability.Algorithms.NormEstimation.PNorm.Duality.ConvergenceStatements	reusable	no	no	boyd-bridges
NumStability.Ch15.blockTriangular_id_of_isUpperTriangular	theorem	public	NumStability.Algorithms.Ch15CondEstimators	R:OneNorm/LINPACK	NumStability.Algorithms.NormEstimation.OneNorm.LINPACK.Basic	reusable	no	no	onenorm-core
NumStability.Ch15.boydCarrier_fixedPoint_isMax_rawPower	theorem	public	NumStability.Algorithms.HighamChapter15BoydUniqueness	S:Lemma02/PNormPowerMethod	NumStability.Source.Higham.Chapter15.Lemma02.PNormPowerMethod.BoydUniqueness	source	no	yes	boyd-scalar
NumStability.Ch15.boydCarrier_fixedPoint_pos	theorem	public	NumStability.Algorithms.HighamChapter15BoydBridges	S:Lemma02/PNormPowerMethod	NumStability.Source.Higham.Chapter15.Lemma02.PNormPowerMethod.BoydInterface	source	no	yes	boyd-bridges
NumStability.Ch15.boydCarrier_fixedPoint_unique	theorem	public	NumStability.Algorithms.HighamChapter15BoydUniqueness	S:Lemma02/PNormPowerMethod	NumStability.Source.Higham.Chapter15.Lemma02.PNormPowerMethod.BoydUniqueness	source	no	yes	boyd-scalar
NumStability.Ch15.boydCarrier_maximum_eq_opP	theorem	public	NumStability.Algorithms.HighamChapter15BoydBridges	R:PNorm/Boyd/FixedPoints	NumStability.Algorithms.NormEstimation.PNorm.Boyd.FixedPoints.BoydInterface	reusable	no	no	boyd-bridges
NumStability.Ch15.boydCarrier_ne_zero	theorem	public	NumStability.Algorithms.HighamChapter15BoydBridges	R:PNorm/Boyd/Carrier	NumStability.Algorithms.NormEstimation.PNorm.Boyd.Carrier.BoydInterface	reusable	no	no	boyd-bridges
NumStability.Ch15.boydConcreteB	definition	public	NumStability.Algorithms.HighamChapter15BoydConcreteLemma3	R:PNorm/Boyd/LocalStability	NumStability.Algorithms.NormEstimation.PNorm.Boyd.LocalStability.BoydConcrete	reusable	no	no	boyd-scalar
NumStability.Ch15.boydConcreteB_apply	theorem	public	NumStability.Algorithms.HighamChapter15BoydConcreteLemma3	R:PNorm/Boyd/LocalStability	NumStability.Algorithms.NormEstimation.PNorm.Boyd.LocalStability.BoydConcrete	reusable	no	no	boyd-scalar
NumStability.Ch15.boydConcreteB_apply_self_of_stationary	theorem	public	NumStability.Algorithms.HighamChapter15BoydConcreteLemma3	R:PNorm/Boyd/LocalStability	NumStability.Algorithms.NormEstimation.PNorm.Boyd.LocalStability.BoydConcrete	reusable	no	no	boyd-scalar
NumStability.Ch15.boydConcreteB_eq_smul_lemma3B	theorem	public	NumStability.Algorithms.HighamChapter15BoydConcreteLemma3	R:PNorm/Boyd/LocalStability	NumStability.Algorithms.NormEstimation.PNorm.Boyd.LocalStability.BoydConcrete	reusable	no	no	boyd-scalar
NumStability.Ch15.boydConcreteB_weightedPair	theorem	public	NumStability.Algorithms.HighamChapter15BoydConcreteLemma3	R:PNorm/Boyd/LocalStability	NumStability.Algorithms.NormEstimation.PNorm.Boyd.LocalStability.BoydConcrete	reusable	no	no	boyd-scalar
NumStability.Ch15.boydConcreteB_weighted_nonneg	theorem	public	NumStability.Algorithms.HighamChapter15BoydConcreteLemma3	R:PNorm/Boyd/LocalStability	NumStability.Algorithms.NormEstimation.PNorm.Boyd.LocalStability.BoydConcrete	reusable	no	no	boyd-scalar
NumStability.Ch15.boydConcreteB_weighted_symmetric	theorem	public	NumStability.Algorithms.HighamChapter15BoydConcreteLemma3	R:PNorm/Boyd/LocalStability	NumStability.Algorithms.NormEstimation.PNorm.Boyd.LocalStability.BoydConcrete	reusable	no	no	boyd-scalar
NumStability.Ch15.boydConcreteFullDerivative	definition	public	NumStability.Algorithms.HighamChapter15BoydConcreteLemma3	R:PNorm/Boyd/LocalStability	NumStability.Algorithms.NormEstimation.PNorm.Boyd.LocalStability.BoydConcrete	reusable	no	no	boyd-scalar
NumStability.Ch15.boydConcreteFullDerivative_apply	theorem	public	NumStability.Algorithms.HighamChapter15BoydConcreteLemma3	R:PNorm/Boyd/LocalStability	NumStability.Algorithms.NormEstimation.PNorm.Boyd.LocalStability.BoydConcrete	reusable	no	no	boyd-scalar
NumStability.Ch15.boydConcreteFullDerivative_apply_self	theorem	public	NumStability.Algorithms.HighamChapter15BoydConcreteLemma3	R:PNorm/Boyd/LocalStability	NumStability.Algorithms.NormEstimation.PNorm.Boyd.LocalStability.BoydConcrete	reusable	no	no	boyd-scalar
NumStability.Ch15.boydConcreteFullDerivative_eq_normalized_projected	theorem	public	NumStability.Algorithms.HighamChapter15BoydConcreteLemma3	R:PNorm/Boyd/LocalStability	NumStability.Algorithms.NormEstimation.PNorm.Boyd.LocalStability.BoydConcrete	reusable	no	no	boyd-scalar
NumStability.Ch15.boydConcreteFullDerivative_is_tangent	theorem	public	NumStability.Algorithms.HighamChapter15BoydConcreteLemma3	R:PNorm/Boyd/LocalStability	NumStability.Algorithms.NormEstimation.PNorm.Boyd.LocalStability.BoydConcrete	reusable	no	no	boyd-scalar
NumStability.Ch15.boydConcreteFullDerivative_pair_eq_B_projection	theorem	public	NumStability.Algorithms.HighamChapter15BoydConcreteLemma3	R:PNorm/Boyd/LocalStability	NumStability.Algorithms.NormEstimation.PNorm.Boyd.LocalStability.BoydConcrete	reusable	no	no	boyd-scalar
NumStability.Ch15.boydConcreteFullDerivative_power_stable	theorem	public	NumStability.Algorithms.HighamChapter15BoydConcreteLemma3	R:PNorm/Boyd/LocalStability	NumStability.Algorithms.NormEstimation.PNorm.Boyd.LocalStability.BoydConcrete	reusable	no	no	boyd-scalar
NumStability.Ch15.boydConcreteFullDerivative_weighted_nonneg	theorem	public	NumStability.Algorithms.HighamChapter15BoydConcreteLemma3	R:PNorm/Boyd/LocalStability	NumStability.Algorithms.NormEstimation.PNorm.Boyd.LocalStability.BoydConcrete	reusable	no	no	boyd-scalar
NumStability.Ch15.boydConcreteFullDerivative_weighted_rayleigh_gap	theorem	public	NumStability.Algorithms.HighamChapter15BoydConcreteLemma3	R:PNorm/Boyd/LocalStability	NumStability.Algorithms.NormEstimation.PNorm.Boyd.LocalStability.BoydConcrete	reusable	no	no	boyd-scalar
NumStability.Ch15.boydConcreteFullDerivative_weighted_symmetric	theorem	public	NumStability.Algorithms.HighamChapter15BoydConcreteLemma3	R:PNorm/Boyd/LocalStability	NumStability.Algorithms.NormEstimation.PNorm.Boyd.LocalStability.BoydConcrete	reusable	no	no	boyd-scalar
NumStability.Ch15.boydConcreteTangent	definition	public	NumStability.Algorithms.HighamChapter15BoydConcreteLemma3	R:PNorm/Boyd/LocalStability	NumStability.Algorithms.NormEstimation.PNorm.Boyd.LocalStability.BoydConcrete	reusable	no	no	boyd-scalar
NumStability.Ch15.boydConstrainedLagrangianFirst	definition	public	NumStability.Algorithms.HighamChapter15BoydConcreteLemma3	R:PNorm/Boyd/SecondVariation	NumStability.Algorithms.NormEstimation.PNorm.Boyd.SecondVariation.BoydConcrete	reusable	no	no	boyd-scalar
NumStability.Ch15.boydConstrainedLagrangianFirst_hasDerivAt	theorem	public	NumStability.Algorithms.HighamChapter15BoydConcreteLemma3	RETAIN	NumStability.Algorithms.HighamChapter15BoydConcreteLemma3	historical	yes	no	boyd-scalar
NumStability.Ch15.boydConstrainedLagrangianFirst_hasDerivAt_rowwise_source_domain	theorem	public	NumStability.Algorithms.HighamChapter15BoydSourceSecondDerivative	RETAIN	NumStability.Algorithms.HighamChapter15BoydSourceSecondDerivative	historical	yes	no	boyd-bridges
NumStability.Ch15.boydConstrainedLagrangianLine	definition	public	NumStability.Algorithms.HighamChapter15BoydConcreteLemma3	R:PNorm/Boyd/SecondVariation	NumStability.Algorithms.NormEstimation.PNorm.Boyd.SecondVariation.BoydConcrete	reusable	no	no	boyd-scalar
NumStability.Ch15.boydConstrainedLagrangianLine_hasDerivAt	theorem	public	NumStability.Algorithms.HighamChapter15BoydConcreteLemma3	RETAIN	NumStability.Algorithms.HighamChapter15BoydConcreteLemma3	historical	yes	no	boyd-scalar
NumStability.Ch15.boydConstrainedSecondVariation	definition	public	NumStability.Algorithms.HighamChapter15BoydConcreteLemma3	R:PNorm/Boyd/SecondVariation	NumStability.Algorithms.NormEstimation.PNorm.Boyd.SecondVariation.BoydConcrete	reusable	no	no	boyd-scalar
NumStability.Ch15.boydConstrainedSecondVariation_eq_B_rayleigh	theorem	public	NumStability.Algorithms.HighamChapter15BoydConcreteLemma3	R:PNorm/Boyd/LocalStability	NumStability.Algorithms.NormEstimation.PNorm.Boyd.LocalStability.BoydConcrete	reusable	no	no	boyd-scalar
NumStability.Ch15.boydConstrainedSecondVariation_eq_full_rayleigh_of_tangent	theorem	public	NumStability.Algorithms.HighamChapter15BoydConcreteLemma3	R:PNorm/Boyd/LocalStability	NumStability.Algorithms.NormEstimation.PNorm.Boyd.LocalStability.BoydConcrete	reusable	no	no	boyd-scalar
NumStability.Ch15.boydConstrainedSecondVariation_is_second_derivative	theorem	public	NumStability.Algorithms.HighamChapter15BoydConcreteLemma3	RETAIN	NumStability.Algorithms.HighamChapter15BoydConcreteLemma3	historical	yes	no	boyd-scalar
NumStability.Ch15.boydConstrainedSecondVariation_is_second_derivative_rowwise_source_domain	theorem	public	NumStability.Algorithms.HighamChapter15BoydSourceSecondDerivative	RETAIN	NumStability.Algorithms.HighamChapter15BoydSourceSecondDerivative	historical	yes	no	boyd-bridges
NumStability.Ch15.boydEuclideanFullDerivative	definition	public	NumStability.Algorithms.HighamChapter15BoydConcreteLemma3	R:PNorm/Boyd/LocalStability	NumStability.Algorithms.NormEstimation.PNorm.Boyd.LocalStability.BoydConcrete	reusable	no	no	boyd-scalar
NumStability.Ch15.boydEuclideanFullDerivative_psd	theorem	public	NumStability.Algorithms.HighamChapter15BoydConcreteLemma3	R:PNorm/Boyd/LocalStability	NumStability.Algorithms.NormEstimation.PNorm.Boyd.LocalStability.BoydConcrete	reusable	no	no	boyd-scalar
NumStability.Ch15.boydEuclideanFullDerivative_rayleigh_gap	theorem	public	NumStability.Algorithms.HighamChapter15BoydConcreteLemma3	R:PNorm/Boyd/LocalStability	NumStability.Algorithms.NormEstimation.PNorm.Boyd.LocalStability.BoydConcrete	reusable	no	no	boyd-scalar
NumStability.Ch15.boydEuclideanFullDerivative_strict_contraction	theorem	public	NumStability.Algorithms.HighamChapter15BoydConcreteLemma3	R:PNorm/Boyd/LocalStability	NumStability.Algorithms.NormEstimation.PNorm.Boyd.LocalStability.BoydConcrete	reusable	no	no	boyd-scalar
NumStability.Ch15.boydEuclideanFullDerivative_symmetric	theorem	public	NumStability.Algorithms.HighamChapter15BoydConcreteLemma3	R:PNorm/Boyd/LocalStability	NumStability.Algorithms.NormEstimation.PNorm.Boyd.LocalStability.BoydConcrete	reusable	no	no	boyd-scalar
NumStability.Ch15.boydInvariantRestriction	definition	public	NumStability.Algorithms.HighamChapter15BoydSourceLocal	R:PNorm/Boyd/SecondVariation	NumStability.Algorithms.NormEstimation.PNorm.Boyd.SecondVariation.BoydLocal	reusable	no	no	boyd-domains
NumStability.Ch15.boydLemma3B	definition	public	NumStability.Algorithms.HighamChapter15BoydSourceLocal	R:PNorm/Boyd/Carrier	NumStability.Algorithms.NormEstimation.PNorm.Boyd.Carrier.BoydLocal	reusable	no	no	boyd-domains
NumStability.Ch15.boydLemma3B_apply_self_of_stationary	theorem	public	NumStability.Algorithms.HighamChapter15BoydConcreteLemma3	R:PNorm/Boyd/LocalStability	NumStability.Algorithms.NormEstimation.PNorm.Boyd.LocalStability.BoydConcrete	reusable	no	no	boyd-scalar
NumStability.Ch15.boydLemma3B_sub	theorem	public	NumStability.Algorithms.HighamChapter15BoydSourceLocal	R:PNorm/Boyd/Carrier	NumStability.Algorithms.NormEstimation.PNorm.Boyd.Carrier.BoydLocal	reusable	no	no	boyd-domains
NumStability.Ch15.boydLemma3B_weighted_psd	theorem	public	NumStability.Algorithms.HighamChapter15BoydSourceLocal	R:PNorm/Boyd/Carrier	NumStability.Algorithms.NormEstimation.PNorm.Boyd.Carrier.BoydLocal	reusable	no	no	boyd-domains
NumStability.Ch15.boydLemma3B_weighted_symmetric	theorem	public	NumStability.Algorithms.HighamChapter15BoydSourceLocal	R:PNorm/Boyd/Carrier	NumStability.Algorithms.NormEstimation.PNorm.Boyd.Carrier.BoydLocal	reusable	no	no	boyd-domains
NumStability.Ch15.boydNonnegativeUnitCarrier	definition	public	NumStability.Algorithms.HighamChapter15BoydBridges	R:PNorm/Boyd/Carrier	NumStability.Algorithms.NormEstimation.PNorm.Boyd.Carrier.BoydInterface	reusable	no	no	boyd-bridges
NumStability.Ch15.boydNonnegativeUnitCarrier_nonempty	theorem	public	NumStability.Algorithms.HighamChapter15BoydBridges	R:PNorm/Boyd/Carrier	NumStability.Algorithms.NormEstimation.PNorm.Boyd.Carrier.BoydInterface	reusable	no	no	boyd-bridges
NumStability.Ch15.boydProjectedLemma3B	definition	public	NumStability.Algorithms.HighamChapter15BoydSourceLocal	R:PNorm/Boyd/Carrier	NumStability.Algorithms.NormEstimation.PNorm.Boyd.Carrier.BoydLocal	reusable	no	no	boyd-domains
NumStability.Ch15.boydProjectedLemma3B_eq_projection	theorem	public	NumStability.Algorithms.HighamChapter15BoydSourceLocal	R:PNorm/Boyd/Carrier	NumStability.Algorithms.NormEstimation.PNorm.Boyd.Carrier.BoydLocal	reusable	no	no	boyd-domains
NumStability.Ch15.boydProjectedLemma3B_is_tangent	theorem	public	NumStability.Algorithms.HighamChapter15BoydSourceLocal	R:PNorm/Boyd/Carrier	NumStability.Algorithms.NormEstimation.PNorm.Boyd.Carrier.BoydLocal	reusable	no	no	boyd-domains
NumStability.Ch15.boydProjectedLemma3B_weighted_psd	theorem	public	NumStability.Algorithms.HighamChapter15BoydSourceLocal	R:PNorm/Boyd/Carrier	NumStability.Algorithms.NormEstimation.PNorm.Boyd.Carrier.BoydLocal	reusable	no	no	boyd-domains
NumStability.Ch15.boydProjectedLemma3B_weighted_psd_on_tangent	theorem	public	NumStability.Algorithms.HighamChapter15BoydSourceLocal	R:PNorm/Boyd/Carrier	NumStability.Algorithms.NormEstimation.PNorm.Boyd.Carrier.BoydLocal	reusable	no	no	boyd-domains
NumStability.Ch15.boydProjectedLemma3B_weighted_symmetric	theorem	public	NumStability.Algorithms.HighamChapter15BoydSourceLocal	R:PNorm/Boyd/Carrier	NumStability.Algorithms.NormEstimation.PNorm.Boyd.Carrier.BoydLocal	reusable	no	no	boyd-domains
NumStability.Ch15.boydProjectedLemma3B_weighted_symmetric_on_tangent	theorem	public	NumStability.Algorithms.HighamChapter15BoydSourceLocal	R:PNorm/Boyd/Carrier	NumStability.Algorithms.NormEstimation.PNorm.Boyd.Carrier.BoydLocal	reusable	no	no	boyd-domains
NumStability.Ch15.boydRawAdjoint	definition	public	NumStability.Algorithms.HighamChapter15BoydUniqueness	R:PNorm/Boyd/Uniqueness	NumStability.Algorithms.NormEstimation.PNorm.Boyd.Uniqueness.Basic	reusable	no	no	boyd-scalar
NumStability.Ch15.boydRawAdjoint_coord_eq_objective_mul_rpow_of_fixed	theorem	public	NumStability.Algorithms.HighamChapter15BoydUniqueness	S:Lemma02/PNormPowerMethod	NumStability.Source.Higham.Chapter15.Lemma02.PNormPowerMethod.BoydUniqueness	source	no	yes	boyd-scalar
NumStability.Ch15.boydRawPowerObjective	definition	public	NumStability.Algorithms.HighamChapter15BoydUniqueness	R:PNorm/Boyd/Uniqueness	NumStability.Algorithms.NormEstimation.PNorm.Boyd.Uniqueness.Basic	reusable	no	no	boyd-scalar
NumStability.Ch15.boydRawPowerObjective_eq_realLpPowerSum	theorem	public	NumStability.Algorithms.HighamChapter15BoydUniqueness	R:PNorm/Boyd/Uniqueness	NumStability.Algorithms.NormEstimation.PNorm.Boyd.Uniqueness.Basic	reusable	no	no	boyd-scalar
NumStability.Ch15.boydRawPowerObjective_le_simplex_tangent	theorem	public	NumStability.Algorithms.HighamChapter15BoydUniqueness	R:PNorm/Boyd/Uniqueness	NumStability.Algorithms.NormEstimation.PNorm.Boyd.Uniqueness.Basic	reusable	no	no	boyd-scalar
NumStability.Ch15.boydRectActionCLM	definition	public	NumStability.Algorithms.HighamChapter15BoydSourceLocal	R:PNorm/Boyd/Carrier	NumStability.Algorithms.NormEstimation.PNorm.Boyd.Carrier.BoydLocal	reusable	no	no	boyd-domains
NumStability.Ch15.boydRectActionCLM_apply	theorem	public	NumStability.Algorithms.HighamChapter15BoydSourceLocal	R:PNorm/Boyd/Carrier	NumStability.Algorithms.NormEstimation.PNorm.Boyd.Carrier.BoydLocal	reusable	no	no	boyd-domains
NumStability.Ch15.boydRectActionCLM_apply_eq_zero_of_row_zero	theorem	public	NumStability.Algorithms.HighamChapter15BoydRowwiseDomain	R:PNorm/Boyd/RowwiseDomain	NumStability.Algorithms.NormEstimation.PNorm.Boyd.RowwiseDomain.Basic	reusable	no	no	boyd-domains
NumStability.Ch15.boydRectInnerNormalMap	definition	public	NumStability.Algorithms.HighamChapter15BoydRowwiseDomain	R:PNorm/Boyd/RowwiseDomain	NumStability.Algorithms.NormEstimation.PNorm.Boyd.RowwiseDomain.Basic	reusable	no	no	boyd-domains
NumStability.Ch15.boydRectInnerNormalMap_coordinateFactor_eq_zero_of_row_zero	theorem	public	NumStability.Algorithms.HighamChapter15BoydRowwiseDomain	R:PNorm/Boyd/RowwiseDomain	NumStability.Algorithms.NormEstimation.PNorm.Boyd.RowwiseDomain.Basic	reusable	no	no	boyd-domains
NumStability.Ch15.boydRectInnerNormalMap_line_hasDerivAt_of_rowwise	theorem	public	NumStability.Algorithms.HighamChapter15BoydRowwiseDomain	R:PNorm/Boyd/RowwiseDomain	NumStability.Algorithms.NormEstimation.PNorm.Boyd.RowwiseDomain.Basic	reusable	no	no	boyd-domains
NumStability.Ch15.boydRectNormalMap	definition	public	NumStability.Algorithms.HighamChapter15BoydRowwiseDomain	R:PNorm/Boyd/RowwiseDomain	NumStability.Algorithms.NormEstimation.PNorm.Boyd.RowwiseDomain.Basic	reusable	no	no	boyd-domains
NumStability.Ch15.boydRectNormalMap_line_hasDerivAt_of_rowwise	theorem	public	NumStability.Algorithms.HighamChapter15BoydRowwiseDomain	R:PNorm/Boyd/RowwiseDomain	NumStability.Algorithms.NormEstimation.PNorm.Boyd.RowwiseDomain.Basic	reusable	no	no	boyd-domains
NumStability.Ch15.boydRectTransposeActionCLM	definition	public	NumStability.Algorithms.HighamChapter15BoydSourceLocal	R:PNorm/Boyd/Carrier	NumStability.Algorithms.NormEstimation.PNorm.Boyd.Carrier.BoydLocal	reusable	no	no	boyd-domains
NumStability.Ch15.boydRectTransposeActionCLM_apply	theorem	public	NumStability.Algorithms.HighamChapter15BoydSourceLocal	R:PNorm/Boyd/Carrier	NumStability.Algorithms.NormEstimation.PNorm.Boyd.Carrier.BoydLocal	reusable	no	no	boyd-domains
NumStability.Ch15.boydScalar_basis_mem_carrier	theorem	public	NumStability.Algorithms.HighamChapter15BoydScalar	RETAIN	NumStability.Algorithms.HighamChapter15BoydScalar	historical	yes	no	boyd-scalar
NumStability.Ch15.boydScalar_carrier_eq_basis	theorem	public	NumStability.Algorithms.HighamChapter15BoydScalar	RETAIN	NumStability.Algorithms.HighamChapter15BoydScalar	historical	yes	no	boyd-scalar
NumStability.Ch15.boydScalar_xnext_basis_eq	theorem	public	NumStability.Algorithms.HighamChapter15BoydScalar	RETAIN	NumStability.Algorithms.HighamChapter15BoydScalar	historical	yes	no	boyd-scalar
NumStability.Ch15.boydScalar_xnext_basis_nonneg	theorem	public	NumStability.Algorithms.HighamChapter15BoydScalar	RETAIN	NumStability.Algorithms.HighamChapter15BoydScalar	historical	yes	no	boyd-scalar
NumStability.Ch15.boydScalar_xseq_basis_eq	theorem	public	NumStability.Algorithms.HighamChapter15BoydScalar	RETAIN	NumStability.Algorithms.HighamChapter15BoydScalar	historical	yes	no	boyd-scalar
NumStability.Ch15.boydScalar_zof_basis_nonneg	theorem	public	NumStability.Algorithms.HighamChapter15BoydScalar	RETAIN	NumStability.Algorithms.HighamChapter15BoydScalar	historical	yes	no	boyd-scalar
NumStability.Ch15.boydScaledTangent	definition	public	NumStability.Algorithms.HighamChapter15BoydConcreteLemma3	R:PNorm/Boyd/LocalStability	NumStability.Algorithms.NormEstimation.PNorm.Boyd.LocalStability.BoydConcrete	reusable	no	no	boyd-scalar
NumStability.Ch15.boydScaledTangentEquiv	definition	public	NumStability.Algorithms.HighamChapter15BoydConcreteLemma3	R:PNorm/Boyd/LocalStability	NumStability.Algorithms.NormEstimation.PNorm.Boyd.LocalStability.BoydConcrete	reusable	no	no	boyd-scalar
NumStability.Ch15.boydSimplexTangentCoeff	definition	public	NumStability.Algorithms.HighamChapter15BoydUniqueness	R:PNorm/Boyd/Uniqueness	NumStability.Algorithms.NormEstimation.PNorm.Boyd.Uniqueness.Basic	reusable	no	no	boyd-scalar
NumStability.Ch15.boydSimplexTangentCoeff_eq_mul_boydRawAdjoint	theorem	public	NumStability.Algorithms.HighamChapter15BoydUniqueness	R:PNorm/Boyd/Uniqueness	NumStability.Algorithms.NormEstimation.PNorm.Boyd.Uniqueness.Basic	reusable	no	no	boyd-scalar
NumStability.Ch15.boydSimplexTangentCoeff_eq_objective_mul_rpow_of_fixed	theorem	public	NumStability.Algorithms.HighamChapter15BoydUniqueness	S:Lemma02/PNormPowerMethod	NumStability.Source.Higham.Chapter15.Lemma02.PNormPowerMethod.BoydUniqueness	source	no	yes	boyd-scalar
NumStability.Ch15.boydSimplexTangent_sum_eq_objective_of_fixed	theorem	public	NumStability.Algorithms.HighamChapter15BoydUniqueness	S:Lemma02/PNormPowerMethod	NumStability.Source.Higham.Chapter15.Lemma02.PNormPowerMethod.BoydUniqueness	source	no	yes	boyd-scalar
NumStability.Ch15.boydSmoothRectDerivative	definition	public	NumStability.Algorithms.HighamChapter15BoydSourceLocal	R:PNorm/Boyd/Carrier	NumStability.Algorithms.NormEstimation.PNorm.Boyd.Carrier.BoydLocal	reusable	no	no	boyd-domains
NumStability.Ch15.boydSmoothRectDerivative_apply_directional_chain	theorem	public	NumStability.Algorithms.HighamChapter15BoydSourceLocal	R:PNorm/Boyd/Differentiation	NumStability.Algorithms.NormEstimation.PNorm.Boyd.Differentiation.BoydLocal	reusable	no	no	boyd-domains
NumStability.Ch15.boydSmoothRectDerivative_apply_directional_chain_of_rowwise_lt_two	theorem	public	NumStability.Algorithms.HighamChapter15BoydRowwiseDomain	R:PNorm/Boyd/RowwiseDomain	NumStability.Algorithms.NormEstimation.PNorm.Boyd.RowwiseDomain.Basic	reusable	no	no	boyd-domains
NumStability.Ch15.boydSmoothRectDerivative_apply_directional_chain_of_two_le	theorem	public	NumStability.Algorithms.HighamChapter15BoydSourceDomain	R:PNorm/Boyd/Differentiation	NumStability.Algorithms.NormEstimation.PNorm.Boyd.Differentiation.BoydDomain	reusable	no	no	boyd-domains
NumStability.Ch15.boydSmoothRectDerivative_apply_eq_inv_projectedLemma3B	theorem	public	NumStability.Algorithms.HighamChapter15BoydSourceLocal	R:PNorm/Boyd/Differentiation	NumStability.Algorithms.NormEstimation.PNorm.Boyd.Differentiation.BoydLocal	reusable	no	no	boyd-domains
NumStability.Ch15.boydSmoothRectDerivative_apply_eq_inv_projectedLemma3B_of_rowwise_lt_two	theorem	public	NumStability.Algorithms.HighamChapter15BoydRowwiseDomain	R:PNorm/Boyd/RowwiseDomain	NumStability.Algorithms.NormEstimation.PNorm.Boyd.RowwiseDomain.Basic	reusable	no	no	boyd-domains
NumStability.Ch15.boydSmoothRectDerivative_apply_eq_inv_projectedLemma3B_of_two_le	theorem	public	NumStability.Algorithms.HighamChapter15BoydSourceDomain	R:PNorm/Boyd/Differentiation	NumStability.Algorithms.NormEstimation.PNorm.Boyd.Differentiation.BoydDomain	reusable	no	no	boyd-domains
NumStability.Ch15.boydSmoothRectUpdate	definition	public	NumStability.Algorithms.HighamChapter15BoydSourceLocal	R:PNorm/Boyd/Carrier	NumStability.Algorithms.NormEstimation.PNorm.Boyd.Carrier.BoydLocal	reusable	no	no	boyd-domains
NumStability.Ch15.boydSmoothRectUpdate_eq_of_stationarity	theorem	public	NumStability.Algorithms.HighamChapter15BoydSourceLocal	R:PNorm/Boyd/FixedPoints	NumStability.Algorithms.NormEstimation.PNorm.Boyd.FixedPoints.BoydLocal	reusable	no	no	boyd-domains
NumStability.Ch15.boydSmoothRectUpdate_hasFDerivAt	theorem	public	NumStability.Algorithms.HighamChapter15BoydSourceLocal	R:PNorm/Boyd/Differentiation	NumStability.Algorithms.NormEstimation.PNorm.Boyd.Differentiation.BoydLocal	reusable	no	no	boyd-domains
NumStability.Ch15.boydSmoothRectUpdate_hasFDerivAt_of_rowwise_lt_two	theorem	public	NumStability.Algorithms.HighamChapter15BoydRowwiseDomain	R:PNorm/Boyd/RowwiseDomain	NumStability.Algorithms.NormEstimation.PNorm.Boyd.RowwiseDomain.Basic	reusable	no	no	boyd-domains
NumStability.Ch15.boydSmoothRectUpdate_hasFDerivAt_of_two_le	theorem	public	NumStability.Algorithms.HighamChapter15BoydSourceDomain	R:PNorm/Boyd/Differentiation	NumStability.Algorithms.NormEstimation.PNorm.Boyd.Differentiation.BoydDomain	reusable	no	no	boyd-domains
NumStability.Ch15.boydTangentProjection	definition	public	NumStability.Algorithms.HighamChapter15BoydConcreteLemma3	R:PNorm/Boyd/LocalStability	NumStability.Algorithms.NormEstimation.PNorm.Boyd.LocalStability.BoydConcrete	reusable	no	no	boyd-scalar
NumStability.Ch15.boydTangentProjection_apply	theorem	public	NumStability.Algorithms.HighamChapter15BoydConcreteLemma3	R:PNorm/Boyd/LocalStability	NumStability.Algorithms.NormEstimation.PNorm.Boyd.LocalStability.BoydConcrete	reusable	no	no	boyd-scalar
NumStability.Ch15.boydTangentProjection_eq_self_of_tangent	theorem	public	NumStability.Algorithms.HighamChapter15BoydConcreteLemma3	R:PNorm/Boyd/LocalStability	NumStability.Algorithms.NormEstimation.PNorm.Boyd.LocalStability.BoydConcrete	reusable	no	no	boyd-scalar
NumStability.Ch15.boydTangentProjection_is_tangent	theorem	public	NumStability.Algorithms.HighamChapter15BoydConcreteLemma3	R:PNorm/Boyd/LocalStability	NumStability.Algorithms.NormEstimation.PNorm.Boyd.LocalStability.BoydConcrete	reusable	no	no	boyd-scalar
NumStability.Ch15.boydTangentProjection_pair_le	theorem	public	NumStability.Algorithms.HighamChapter15BoydConcreteLemma3	R:PNorm/Boyd/LocalStability	NumStability.Algorithms.NormEstimation.PNorm.Boyd.LocalStability.BoydConcrete	reusable	no	no	boyd-scalar
NumStability.Ch15.boydTangentProjection_pair_self	theorem	public	NumStability.Algorithms.HighamChapter15BoydConcreteLemma3	R:PNorm/Boyd/LocalStability	NumStability.Algorithms.NormEstimation.PNorm.Boyd.LocalStability.BoydConcrete	reusable	no	no	boyd-scalar
NumStability.Ch15.boydTangentProjection_weighted_symmetric	theorem	public	NumStability.Algorithms.HighamChapter15BoydConcreteLemma3	R:PNorm/Boyd/LocalStability	NumStability.Algorithms.NormEstimation.PNorm.Boyd.LocalStability.BoydConcrete	reusable	no	no	boyd-scalar
NumStability.Ch15.boydWeightEuclideanEquiv	definition	public	NumStability.Algorithms.HighamChapter15BoydConcreteLemma3	R:PNorm/Boyd/LocalStability	NumStability.Algorithms.NormEstimation.PNorm.Boyd.LocalStability.BoydConcrete	reusable	no	no	boyd-scalar
NumStability.Ch15.boydWeightEuclideanEquiv_apply	theorem	public	NumStability.Algorithms.HighamChapter15BoydConcreteLemma3	R:PNorm/Boyd/LocalStability	NumStability.Algorithms.NormEstimation.PNorm.Boyd.LocalStability.BoydConcrete	reusable	no	no	boyd-scalar
NumStability.Ch15.boydWeightScaleContinuousEquiv	definition	public	NumStability.Algorithms.HighamChapter15BoydConcreteLemma3	R:PNorm/Boyd/LocalStability	NumStability.Algorithms.NormEstimation.PNorm.Boyd.LocalStability.BoydConcrete	reusable	no	no	boyd-scalar
NumStability.Ch15.boydWeightScaleEquiv	definition	public	NumStability.Algorithms.HighamChapter15BoydConcreteLemma3	R:PNorm/Boyd/LocalStability	NumStability.Algorithms.NormEstimation.PNorm.Boyd.LocalStability.BoydConcrete	reusable	no	no	boyd-scalar
NumStability.Ch15.boydWeightedFunctional	definition	public	NumStability.Algorithms.HighamChapter15BoydConcreteLemma3	R:PNorm/Boyd/LocalStability	NumStability.Algorithms.NormEstimation.PNorm.Boyd.LocalStability.BoydConcrete	reusable	no	no	boyd-scalar
NumStability.Ch15.boydWeightedFunctional_apply	theorem	public	NumStability.Algorithms.HighamChapter15BoydConcreteLemma3	R:PNorm/Boyd/LocalStability	NumStability.Algorithms.NormEstimation.PNorm.Boyd.LocalStability.BoydConcrete	reusable	no	no	boyd-scalar
NumStability.Ch15.boydWeightedPair	definition	public	NumStability.Algorithms.HighamChapter15BoydSourceLocal	R:PNorm/Boyd/Carrier	NumStability.Algorithms.NormEstimation.PNorm.Boyd.Carrier.BoydLocal	reusable	no	no	boyd-domains
NumStability.Ch15.boydWeightedPair_lemma3B	theorem	public	NumStability.Algorithms.HighamChapter15BoydSourceLocal	R:PNorm/Boyd/Carrier	NumStability.Algorithms.NormEstimation.PNorm.Boyd.Carrier.BoydLocal	reusable	no	no	boyd-domains
NumStability.Ch15.boydWeightedPair_projection_left_of_tangent	theorem	public	NumStability.Algorithms.HighamChapter15BoydSourceLocal	R:PNorm/Boyd/Carrier	NumStability.Algorithms.NormEstimation.PNorm.Boyd.Carrier.BoydLocal	reusable	no	no	boyd-domains
NumStability.Ch15.boydWeightedPair_projection_right_of_tangent	theorem	public	NumStability.Algorithms.HighamChapter15BoydSourceLocal	R:PNorm/Boyd/Carrier	NumStability.Algorithms.NormEstimation.PNorm.Boyd.Carrier.BoydLocal	reusable	no	no	boyd-domains
NumStability.Ch15.boydWeightedPair_self_nonneg	theorem	public	NumStability.Algorithms.HighamChapter15BoydConcreteLemma3	R:PNorm/Boyd/LocalStability	NumStability.Algorithms.NormEstimation.PNorm.Boyd.LocalStability.BoydConcrete	reusable	no	no	boyd-scalar
NumStability.Ch15.boydWeightedPair_smul_left	theorem	public	NumStability.Algorithms.HighamChapter15BoydSourceLocal	R:PNorm/Boyd/Carrier	NumStability.Algorithms.NormEstimation.PNorm.Boyd.Carrier.BoydLocal	reusable	no	no	boyd-domains
NumStability.Ch15.boydWeightedPair_smul_right	theorem	public	NumStability.Algorithms.HighamChapter15BoydSourceLocal	R:PNorm/Boyd/Carrier	NumStability.Algorithms.NormEstimation.PNorm.Boyd.Carrier.BoydLocal	reusable	no	no	boyd-domains
NumStability.Ch15.boydWeightedPair_sub_left	theorem	public	NumStability.Algorithms.HighamChapter15BoydSourceLocal	R:PNorm/Boyd/Carrier	NumStability.Algorithms.NormEstimation.PNorm.Boyd.Carrier.BoydLocal	reusable	no	no	boyd-domains
NumStability.Ch15.boydWeightedPair_sub_right	theorem	public	NumStability.Algorithms.HighamChapter15BoydSourceLocal	R:PNorm/Boyd/Carrier	NumStability.Algorithms.NormEstimation.PNorm.Boyd.Carrier.BoydLocal	reusable	no	no	boyd-domains
NumStability.Ch15.boydWeightedPair_symm	theorem	public	NumStability.Algorithms.HighamChapter15BoydSourceLocal	R:PNorm/Boyd/Carrier	NumStability.Algorithms.NormEstimation.PNorm.Boyd.Carrier.BoydLocal	reusable	no	no	boyd-domains
NumStability.Ch15.boydWeightedPair_x_self_eq_powerSum	theorem	public	NumStability.Algorithms.HighamChapter15BoydSourceLocal	R:PNorm/Boyd/Carrier	NumStability.Algorithms.NormEstimation.PNorm.Boyd.Carrier.BoydLocal	reusable	no	no	boyd-domains
NumStability.Ch15.boydWeightedProjection	definition	public	NumStability.Algorithms.HighamChapter15BoydSourceLocal	R:PNorm/Boyd/Carrier	NumStability.Algorithms.NormEstimation.PNorm.Boyd.Carrier.BoydLocal	reusable	no	no	boyd-domains
NumStability.Ch15.boydWeightedProjection_eq_self_of_tangent	theorem	public	NumStability.Algorithms.HighamChapter15BoydSourceLocal	R:PNorm/Boyd/Carrier	NumStability.Algorithms.NormEstimation.PNorm.Boyd.Carrier.BoydLocal	reusable	no	no	boyd-domains
NumStability.Ch15.boydWeightedProjection_is_tangent	theorem	public	NumStability.Algorithms.HighamChapter15BoydSourceLocal	R:PNorm/Boyd/Carrier	NumStability.Algorithms.NormEstimation.PNorm.Boyd.Carrier.BoydLocal	reusable	no	no	boyd-domains
NumStability.Ch15.boydWeightedProjection_sq	theorem	public	NumStability.Algorithms.HighamChapter15BoydSourceLocal	R:PNorm/Boyd/Carrier	NumStability.Algorithms.NormEstimation.PNorm.Boyd.Carrier.BoydLocal	reusable	no	no	boyd-domains
NumStability.Ch15.boydWeightedProjection_sq_le	theorem	public	NumStability.Algorithms.HighamChapter15BoydSourceLocal	R:PNorm/Boyd/Carrier	NumStability.Algorithms.NormEstimation.PNorm.Boyd.Carrier.BoydLocal	reusable	no	no	boyd-domains
NumStability.Ch15.boydWeightedTangentDerivative	definition	public	NumStability.Algorithms.HighamChapter15BoydSourceLocal	R:PNorm/Boyd/SecondVariation	NumStability.Algorithms.NormEstimation.PNorm.Boyd.SecondVariation.BoydLocal	reusable	no	no	boyd-domains
NumStability.Ch15.boyd_abs_dualCoordinate	theorem	public	NumStability.Algorithms.HighamChapter15BoydSourceLocal	R:PNorm/Boyd/Scalar	NumStability.Algorithms.NormEstimation.PNorm.Boyd.Scalar.BoydLocal	reusable	no	no	boyd-domains
NumStability.Ch15.boyd_concrete_source_strongLocalMaximum_zero_row_example	theorem	public	NumStability.Algorithms.HighamChapter15BoydSourceClosure	S:Section02/Boyd/SourceDomain	NumStability.Source.Higham.Chapter15.Section02.Boyd.SourceDomain.BoydCompletion	source	no	no	boyd-bridges
NumStability.Ch15.boyd_dualCoordinate_abs_rpow_q	theorem	public	NumStability.Algorithms.HighamChapter15BoydSourceLocal	R:PNorm/Boyd/Scalar	NumStability.Algorithms.NormEstimation.PNorm.Boyd.Scalar.BoydLocal	reusable	no	no	boyd-domains
NumStability.Ch15.boyd_dualCoordinate_involution	theorem	public	NumStability.Algorithms.HighamChapter15BoydSourceLocal	R:PNorm/Boyd/Scalar	NumStability.Algorithms.NormEstimation.PNorm.Boyd.Scalar.BoydLocal	reusable	no	no	boyd-domains
NumStability.Ch15.boyd_dualCoordinate_ne_zero	theorem	public	NumStability.Algorithms.HighamChapter15BoydSourceLocal	R:PNorm/Boyd/Scalar	NumStability.Algorithms.NormEstimation.PNorm.Boyd.Scalar.BoydLocal	reusable	no	no	boyd-domains
NumStability.Ch15.boyd_dualCoordinate_weight	theorem	public	NumStability.Algorithms.HighamChapter15BoydSourceLocal	R:PNorm/Boyd/Scalar	NumStability.Algorithms.NormEstimation.PNorm.Boyd.Scalar.BoydLocal	reusable	no	no	boyd-domains
NumStability.Ch15.boyd_holder_sub_one_mul_sub_one	theorem	public	NumStability.Algorithms.HighamChapter15BoydSourceLocal	R:PNorm/Boyd/Scalar	NumStability.Algorithms.NormEstimation.PNorm.Boyd.Scalar.BoydLocal	reusable	no	no	boyd-domains
NumStability.Ch15.boyd_holder_sub_one_mul_sub_two	theorem	public	NumStability.Algorithms.HighamChapter15BoydSourceLocal	R:PNorm/Boyd/Scalar	NumStability.Algorithms.NormEstimation.PNorm.Boyd.Scalar.BoydLocal	reusable	no	no	boyd-domains
NumStability.Ch15.boyd_inner_directional_eq_weighted_projectedLemma3B	theorem	public	NumStability.Algorithms.HighamChapter15BoydSourceLocal	R:PNorm/Boyd/Differentiation	NumStability.Algorithms.NormEstimation.PNorm.Boyd.Differentiation.BoydLocal	reusable	no	no	boyd-domains
NumStability.Ch15.boyd_inner_rowwise_domain_zero_row_example	theorem	public	NumStability.Algorithms.HighamChapter15BoydSourceClosure	S:Section02/Boyd/SourceDomain	NumStability.Source.Higham.Chapter15.Section02.Boyd.SourceDomain.BoydCompletion	source	no	no	boyd-bridges
NumStability.Ch15.boyd_outer_directional_weighted_tangent	theorem	public	NumStability.Algorithms.HighamChapter15BoydSourceLocal	R:PNorm/Boyd/Differentiation	NumStability.Algorithms.NormEstimation.PNorm.Boyd.Differentiation.BoydLocal	reusable	no	no	boyd-domains
NumStability.Ch15.boyd_powerSum_scaled_dual	theorem	public	NumStability.Algorithms.HighamChapter15BoydSourceLocal	R:PNorm/Boyd/Carrier	NumStability.Algorithms.NormEstimation.PNorm.Boyd.Carrier.BoydLocal	reusable	no	no	boyd-domains
NumStability.Ch15.boyd_row_power_tangent_eq_ratio	theorem	public	NumStability.Algorithms.HighamChapter15BoydUniqueness	R:PNorm/Boyd/Uniqueness	NumStability.Algorithms.NormEstimation.PNorm.Boyd.Uniqueness.Basic	reusable	no	no	boyd-scalar
NumStability.Ch15.boyd_row_power_tangent_le	theorem	public	NumStability.Algorithms.HighamChapter15BoydUniqueness	R:PNorm/Boyd/Uniqueness	NumStability.Algorithms.NormEstimation.PNorm.Boyd.Uniqueness.Basic	reusable	no	no	boyd-scalar
NumStability.Ch15.boyd_scale_coefficient	theorem	public	NumStability.Algorithms.HighamChapter15BoydSourceLocal	R:PNorm/Boyd/Scalar	NumStability.Algorithms.NormEstimation.PNorm.Boyd.Scalar.BoydLocal	reusable	no	no	boyd-domains
NumStability.Ch15.boyd_scaled_dualCoordinate_involution	theorem	public	NumStability.Algorithms.HighamChapter15BoydSourceLocal	R:PNorm/Boyd/Scalar	NumStability.Algorithms.NormEstimation.PNorm.Boyd.Scalar.BoydLocal	reusable	no	no	boyd-domains
NumStability.Ch15.boyd_scaled_dualCoordinate_weight	theorem	public	NumStability.Algorithms.HighamChapter15BoydSourceLocal	R:PNorm/Boyd/Scalar	NumStability.Algorithms.NormEstimation.PNorm.Boyd.Scalar.BoydLocal	reusable	no	no	boyd-domains
NumStability.Ch15.boyd_scaled_gradient_coefficient	theorem	public	NumStability.Algorithms.HighamChapter15BoydSourceLocal	R:PNorm/Boyd/Scalar	NumStability.Algorithms.NormEstimation.PNorm.Boyd.Scalar.BoydLocal	reusable	no	no	boyd-domains
NumStability.Ch15.boyd_stationarity_Bx	theorem	public	NumStability.Algorithms.HighamChapter15BoydSourceLocal	R:PNorm/Boyd/FixedPoints	NumStability.Algorithms.NormEstimation.PNorm.Boyd.FixedPoints.BoydLocal	reusable	no	no	boyd-domains
NumStability.Ch15.boyd_stationarity_inner_vector	theorem	public	NumStability.Algorithms.HighamChapter15BoydSourceLocal	R:PNorm/Boyd/FixedPoints	NumStability.Algorithms.NormEstimation.PNorm.Boyd.FixedPoints.BoydLocal	reusable	no	no	boyd-domains
NumStability.Ch15.boyd_stationarity_outer_coord_ne	theorem	public	NumStability.Algorithms.HighamChapter15BoydSourceLocal	R:PNorm/Boyd/FixedPoints	NumStability.Algorithms.NormEstimation.PNorm.Boyd.FixedPoints.BoydLocal	reusable	no	no	boyd-domains
NumStability.Ch15.boyd_tangent_restriction_power_stable_of_nondegenerate_hessian	theorem	public	NumStability.Algorithms.HighamChapter15BoydSourceLocal	R:PNorm/Boyd/SecondVariation	NumStability.Algorithms.NormEstimation.PNorm.Boyd.SecondVariation.BoydLocal	reusable	no	no	boyd-domains
NumStability.Ch15.boyd_transpose_inner_directional_expansion	theorem	public	NumStability.Algorithms.HighamChapter15BoydSourceLocal	R:PNorm/Boyd/Differentiation	NumStability.Algorithms.NormEstimation.PNorm.Boyd.Differentiation.BoydLocal	reusable	no	no	boyd-domains
NumStability.Ch15.boyd_weight_mul_B	theorem	public	NumStability.Algorithms.HighamChapter15BoydSourceLocal	R:PNorm/Boyd/Carrier	NumStability.Algorithms.NormEstimation.PNorm.Boyd.Carrier.BoydLocal	reusable	no	no	boyd-domains
NumStability.Ch15.boyd_weight_mul_inverse_weight	theorem	public	NumStability.Algorithms.HighamChapter15BoydSourceLocal	R:PNorm/Boyd/Scalar	NumStability.Algorithms.NormEstimation.PNorm.Boyd.Scalar.BoydLocal	reusable	no	no	boyd-domains
NumStability.Ch15.boyd_weight_mul_self	theorem	public	NumStability.Algorithms.HighamChapter15BoydSourceLocal	R:PNorm/Boyd/Scalar	NumStability.Algorithms.NormEstimation.PNorm.Boyd.Scalar.BoydLocal	reusable	no	no	boyd-domains
NumStability.Ch15.boyd_weightedPair_scaled_dual_weighted	theorem	public	NumStability.Algorithms.HighamChapter15BoydSourceLocal	R:PNorm/Boyd/Carrier	NumStability.Algorithms.NormEstimation.PNorm.Boyd.Carrier.BoydLocal	reusable	no	no	boyd-domains
NumStability.Ch15.boyd_weighted_tangent_contraction_of_nondegenerate_hessian	theorem	public	NumStability.Algorithms.HighamChapter15BoydSourceLocal	R:PNorm/Boyd/SecondVariation	NumStability.Algorithms.NormEstimation.PNorm.Boyd.SecondVariation.BoydLocal	reusable	no	no	boyd-domains
NumStability.Ch15.ch15p4_Ainv_eq	theorem	public	NumStability.Algorithms.LU.Higham15Problem15_4	S:Problem04/LUConditionBounds	NumStability.Source.Higham.Chapter15.Problem04.LUConditionBounds.Basic	source	no	no	lu-problems
NumStability.Ch15.ch15p4_L_entry_le_one	theorem	public	NumStability.Algorithms.LU.Higham15Problem15_4	S:Problem04/LUConditionBounds	NumStability.Source.Higham.Chapter15.Problem04.LUConditionBounds.Basic	source	no	no	lu-problems
NumStability.Ch15.ch15p4_L_row_sum_le	theorem	public	NumStability.Algorithms.LU.Higham15Problem15_4	S:Problem04/LUConditionBounds	NumStability.Source.Higham.Chapter15.Problem04.LUConditionBounds.Basic	source	no	no	lu-problems
NumStability.Ch15.ch15p4_Linv_diag	theorem	public	NumStability.Algorithms.LU.Higham15Problem15_4	S:Problem04/LUConditionBounds	NumStability.Source.Higham.Chapter15.Problem04.LUConditionBounds.Basic	source	no	no	lu-problems
NumStability.Ch15.ch15p4_Linv_left_recurrence	theorem	public	NumStability.Algorithms.LU.Higham15Problem15_4	S:Problem04/LUConditionBounds	NumStability.Source.Higham.Chapter15.Problem04.LUConditionBounds.Basic	source	no	no	lu-problems
NumStability.Ch15.ch15p4_Linv_row_partial_sum	theorem	public	NumStability.Algorithms.LU.Higham15Problem15_4	S:Problem04/LUConditionBounds	NumStability.Source.Higham.Chapter15.Problem04.LUConditionBounds.Basic	source	no	no	lu-problems
NumStability.Ch15.ch15p4_Linv_row_sum_le	theorem	public	NumStability.Algorithms.LU.Higham15Problem15_4	S:Problem04/LUConditionBounds	NumStability.Source.Higham.Chapter15.Problem04.LUConditionBounds.Basic	source	no	no	lu-problems
NumStability.Ch15.ch15p4_Linv_upper_zero	theorem	public	NumStability.Algorithms.LU.Higham15Problem15_4	S:Problem04/LUConditionBounds	NumStability.Source.Higham.Chapter15.Problem04.LUConditionBounds.Basic	source	no	no	lu-problems
NumStability.Ch15.ch15p4_Uinv_eq	theorem	public	NumStability.Algorithms.LU.Higham15Problem15_4	S:Problem04/LUConditionBounds	NumStability.Source.Higham.Chapter15.Problem04.LUConditionBounds.Basic	source	no	no	lu-problems
NumStability.Ch15.ch15p4_infNorm_L_le	theorem	public	NumStability.Algorithms.LU.Higham15Problem15_4	S:Problem04/LUConditionBounds	NumStability.Source.Higham.Chapter15.Problem04.LUConditionBounds.Basic	source	no	no	lu-problems
NumStability.Ch15.ch15p4_infNorm_Linv_le	theorem	public	NumStability.Algorithms.LU.Higham15Problem15_4	S:Problem04/LUConditionBounds	NumStability.Source.Higham.Chapter15.Problem04.LUConditionBounds.Basic	source	no	no	lu-problems
NumStability.Ch15.ch15p4_infNorm_Uinv_two_sided	theorem	public	NumStability.Algorithms.LU.Higham15Problem15_4	S:Problem04/LUConditionBounds	NumStability.Source.Higham.Chapter15.Problem04.LUConditionBounds.Basic	source	no	no	lu-problems
NumStability.Ch15.ch15p4_leftInv_eq_rightInv	theorem	public	NumStability.Algorithms.LU.Higham15Problem15_4	S:Problem04/LUConditionBounds	NumStability.Source.Higham.Chapter15.Problem04.LUConditionBounds.Basic	source	no	no	lu-problems
NumStability.Ch15.ch15p4_permL_mul_U_eq_A	theorem	public	NumStability.Algorithms.LU.Higham15Problem15_4	S:Problem04/LUConditionBounds	NumStability.Source.Higham.Chapter15.Problem04.LUConditionBounds.Basic	source	no	no	lu-problems
NumStability.Ch15.complex_rect_action_le_abs_real_action	theorem	public	NumStability.Algorithms.HighamChapter15BoydBridges	R:PNorm/Boyd/FixedPoints	NumStability.Algorithms.NormEstimation.PNorm.Boyd.FixedPoints.BoydInterface	reusable	no	no	boyd-bridges
NumStability.Ch15.continuousAt_realLpDual	theorem	public	NumStability.Algorithms.HighamChapter15BoydBridges	R:PNorm/Duality	NumStability.Algorithms.NormEstimation.PNorm.Duality.BoydInterface	reusable	no	no	boyd-bridges
NumStability.Ch15.continuousAt_realLpDualUnit	theorem	public	NumStability.Algorithms.HighamChapter15BoydBridges	R:PNorm/Duality	NumStability.Algorithms.NormEstimation.PNorm.Duality.BoydInterface	reusable	no	no	boyd-bridges
NumStability.Ch15.continuousAt_realLpGradient	theorem	public	NumStability.Algorithms.HighamChapter15BoydBridges	R:PNorm/Duality	NumStability.Algorithms.NormEstimation.PNorm.Duality.BoydInterface	reusable	no	no	boyd-bridges
NumStability.Ch15.continuousAt_rect_general_xnext	theorem	public	NumStability.Algorithms.HighamChapter15BoydBridges	R:PNorm/Boyd/Differentiation	NumStability.Algorithms.NormEstimation.PNorm.Boyd.Differentiation.BoydInterface	reusable	no	no	boyd-bridges
NumStability.Ch15.continuousAt_rect_general_zof	theorem	public	NumStability.Algorithms.HighamChapter15BoydBridges	R:PNorm/Boyd/Differentiation	NumStability.Algorithms.NormEstimation.PNorm.Boyd.Differentiation.BoydInterface	reusable	no	no	boyd-bridges
NumStability.Ch15.continuousLinearEquiv_conj_pow	theorem	public	NumStability.Algorithms.HighamChapter15BoydSourceLocal	R:PNorm/Boyd/LocalStability	NumStability.Algorithms.NormEstimation.PNorm.Boyd.LocalStability.BoydLocal	reusable	no	no	boyd-domains
NumStability.Ch15.continuousOn_rect_general_xnext_boydCarrier	theorem	public	NumStability.Algorithms.HighamChapter15BoydBridges	S:Lemma02/PNormPowerMethod	NumStability.Source.Higham.Chapter15.Lemma02.PNormPowerMethod.BoydInterface	source	no	yes	boyd-bridges
NumStability.Ch15.continuous_realLpGradient_coordFactor	theorem	public	NumStability.Algorithms.HighamChapter15BoydBridges	R:PNorm/Duality	NumStability.Algorithms.NormEstimation.PNorm.Duality.BoydInterface	reusable	no	no	boyd-bridges
NumStability.Ch15.continuous_realLpPowerSum	theorem	public	NumStability.Algorithms.HighamChapter15BoydBridges	R:PNorm/Duality	NumStability.Algorithms.NormEstimation.PNorm.Duality.BoydInterface	reusable	no	no	boyd-bridges
NumStability.Ch15.continuous_realLpSignedPower	theorem	public	NumStability.Algorithms.HighamChapter15BoydBridges	R:PNorm/Duality	NumStability.Algorithms.NormEstimation.PNorm.Duality.BoydInterface	reusable	no	no	boyd-bridges
NumStability.Ch15.continuous_realVecLpNorm	theorem	public	NumStability.Algorithms.HighamChapter15BoydBridges	R:PNorm/Duality	NumStability.Algorithms.NormEstimation.PNorm.Duality.BoydInterface	reusable	no	no	boyd-bridges
NumStability.Ch15.continuous_rect_general_objective	theorem	public	NumStability.Algorithms.HighamChapter15BoydBridges	R:PNorm/Boyd/Differentiation	NumStability.Algorithms.NormEstimation.PNorm.Boyd.Differentiation.BoydInterface	reusable	no	no	boyd-bridges
NumStability.Ch15.continuous_rect_general_yof	theorem	public	NumStability.Algorithms.HighamChapter15BoydBridges	R:PNorm/Boyd/Differentiation	NumStability.Algorithms.NormEstimation.PNorm.Boyd.Differentiation.BoydInterface	reusable	no	no	boyd-bridges
NumStability.Ch15.diag_ne_zero_of_isUpperTriangular_isLeftInverse	theorem	public	NumStability.Algorithms.Ch15CondEstimators	R:OneNorm/LINPACK	NumStability.Algorithms.NormEstimation.OneNorm.LINPACK.Basic	reusable	no	no	onenorm-core
NumStability.Ch15.differentiableAt_boydRectInnerNormalMap_of_rowwise	theorem	public	NumStability.Algorithms.HighamChapter15BoydRowwiseDomain	R:PNorm/Boyd/RowwiseDomain	NumStability.Algorithms.NormEstimation.PNorm.Boyd.RowwiseDomain.Basic	reusable	no	no	boyd-domains
NumStability.Ch15.differentiableAt_boydRectNormalMap_of_rowwise	theorem	public	NumStability.Algorithms.HighamChapter15BoydRowwiseDomain	R:PNorm/Boyd/RowwiseDomain	NumStability.Algorithms.NormEstimation.PNorm.Boyd.RowwiseDomain.Basic	reusable	no	no	boyd-domains
NumStability.Ch15.differentiableAt_realLpGradientCoordinateFactor	theorem	public	NumStability.Algorithms.HighamChapter15BoydSourceLocal	R:PNorm/Boyd/Differentiation	NumStability.Algorithms.NormEstimation.PNorm.Boyd.Differentiation.BoydLocal	reusable	no	no	boyd-domains
NumStability.Ch15.differentiableAt_realLpGradient_of_all_ne	theorem	public	NumStability.Algorithms.HighamChapter15BoydSourceLocal	R:PNorm/Boyd/Differentiation	NumStability.Algorithms.NormEstimation.PNorm.Boyd.Differentiation.BoydLocal	reusable	no	no	boyd-domains
NumStability.Ch15.differentiableAt_realLpGradient_of_two_le	theorem	public	NumStability.Algorithms.HighamChapter15BoydSourceDomain	R:PNorm/Boyd/Differentiation	NumStability.Algorithms.NormEstimation.PNorm.Boyd.Differentiation.BoydDomain	reusable	no	no	boyd-domains
NumStability.Ch15.differentiableAt_realLpPowerSum	theorem	public	NumStability.Algorithms.HighamChapter15BoydSourceLocal	R:PNorm/Boyd/Differentiation	NumStability.Algorithms.NormEstimation.PNorm.Boyd.Differentiation.BoydLocal	reusable	no	no	boyd-domains
NumStability.Ch15.dixon_left_inequality	theorem	public	NumStability.Algorithms.Ch15CondEstimators	R:TwoNorm/Dixon/PowerBounds	NumStability.Algorithms.NormEstimation.TwoNorm.Dixon.PowerBounds.CondEstimators	reusable	no	no	onenorm-core
NumStability.Ch15.dixon_quadForm_gram_eq	theorem	public	NumStability.Algorithms.Ch15CondEstimators	R:TwoNorm/Dixon/Algebra	NumStability.Algorithms.NormEstimation.TwoNorm.Dixon.Algebra.CondEstimators	reusable	no	no	onenorm-core
NumStability.Ch15.dixon_sqrt_quadForm_le_opNorm2	theorem	public	NumStability.Algorithms.Ch15CondEstimators	S:Equation07/DixonBound	NumStability.Source.Higham.Chapter15.Equation07.DixonBound.Basic	source	no	no	onenorm-core
NumStability.Ch15.dualq_one	definition	public	NumStability.Algorithms.PNormPowerMethod	R:OneNorm/PowerMethod	NumStability.Algorithms.NormEstimation.OneNorm.PowerMethod.PNormPowerMethod	reusable	no	no	pnorm-main
NumStability.Ch15.dualq_one_attains	theorem	public	NumStability.Algorithms.PNormPowerMethod	R:OneNorm/PowerMethod	NumStability.Algorithms.NormEstimation.OneNorm.PowerMethod.PNormPowerMethod	reusable	no	no	pnorm-main
NumStability.Ch15.dualq_one_punit	theorem	public	NumStability.Algorithms.PNormPowerMethod	R:OneNorm/PowerMethod	NumStability.Algorithms.NormEstimation.OneNorm.PowerMethod.PNormPowerMethod	reusable	no	no	pnorm-main
NumStability.Ch15.e0Vec	definition	public	NumStability.Algorithms.PNormPowerMethod	R:PNorm/Duality	NumStability.Algorithms.NormEstimation.PNorm.Duality.PNormPowerMethod	reusable	no	no	pnorm-main
NumStability.Ch15.eq15_2_subdifferential_singleton_general	theorem	public	NumStability.Algorithms.PNormPowerMethodGeneralP	S:Equation02/Subgradient	NumStability.Source.Higham.Chapter15.Equation02.Subgradient.PNormGeneral	source	no	no	pnorm-gen-rect
NumStability.Ch15.eq15_2_subdifferential_singleton_general_rect	theorem	public	NumStability.Algorithms.PNormPowerMethodGeneralP	S:Equation02/Subgradient	NumStability.Source.Higham.Chapter15.Equation02.Subgradient.PNormGeneral	source	no	no	pnorm-gen-rect
NumStability.Ch15.eq15_3_F_two	definition	public	NumStability.Algorithms.PNormPowerMethod	S:Equation03/GradientQuotient	NumStability.Source.Higham.Chapter15.Equation03.GradientQuotient.PNormPowerMethod	source	no	no	pnorm-main
NumStability.Ch15.eq15_3_directional_general_of_full_rank	theorem	public	NumStability.Algorithms.PNormPowerMethodGeneralP	S:Equation03/GradientQuotient	NumStability.Source.Higham.Chapter15.Equation03.GradientQuotient.PNormGeneral	source	no	no	pnorm-gen-rect
NumStability.Ch15.eq15_3_directional_general_rect_of_full_rank	theorem	public	NumStability.Algorithms.PNormPowerMethodGeneralP	S:Equation03/GradientQuotient	NumStability.Source.Higham.Chapter15.Equation03.GradientQuotient.PNormGeneral	source	no	no	pnorm-gen-rect
NumStability.Ch15.eq15_3_directional_two	theorem	public	NumStability.Algorithms.PNormPowerMethod	S:Equation03/GradientQuotient	NumStability.Source.Higham.Chapter15.Equation03.GradientQuotient.PNormPowerMethod	source	no	no	pnorm-main
NumStability.Ch15.eq15_3_gradient_two	definition	public	NumStability.Algorithms.PNormPowerMethod	S:Equation03/GradientQuotient	NumStability.Source.Higham.Chapter15.Equation03.GradientQuotient.PNormPowerMethod	source	no	no	pnorm-main
NumStability.Ch15.eq15_3_gradient_two_eq_zero_of_fixed	theorem	public	NumStability.Algorithms.HighamChapter15ConvergenceProse	S:Equation03/GradientQuotient	NumStability.Source.Higham.Chapter15.Equation03.GradientQuotient.ConvergenceStatements	source	no	no	boyd-bridges
NumStability.Ch15.eq15_4_counterexampleA	definition	public	NumStability.Algorithms.PNormPowerMethod	S:Equation04/NormalizedDualDiscrepancy	NumStability.Source.Higham.Chapter15.Equation04.NormalizedDualDiscrepancy.Basic	source	no	no	pnorm-main
NumStability.Ch15.eq15_4_counterexampleX	definition	public	NumStability.Algorithms.PNormPowerMethod	S:Equation04/NormalizedDualDiscrepancy	NumStability.Source.Higham.Chapter15.Equation04.NormalizedDualDiscrepancy.Basic	source	no	no	pnorm-main
NumStability.Ch15.eq15_4_counterexampleX_norm	theorem	public	NumStability.Algorithms.PNormPowerMethod	S:Equation04/NormalizedDualDiscrepancy	NumStability.Source.Higham.Chapter15.Equation04.NormalizedDualDiscrepancy.Basic	source	no	no	pnorm-main
NumStability.Ch15.eq15_4_counterexample_dp_x	theorem	public	NumStability.Algorithms.PNormPowerMethod	S:Equation04/NormalizedDualDiscrepancy	NumStability.Source.Higham.Chapter15.Equation04.NormalizedDualDiscrepancy.Basic	source	no	no	pnorm-main
NumStability.Ch15.eq15_4_counterexample_dq_z	theorem	public	NumStability.Algorithms.PNormPowerMethod	S:Equation04/NormalizedDualDiscrepancy	NumStability.Source.Higham.Chapter15.Equation04.NormalizedDualDiscrepancy.Basic	source	no	no	pnorm-main
NumStability.Ch15.eq15_4_counterexample_satisfies_KKT	theorem	public	NumStability.Algorithms.PNormPowerMethod	S:Equation04/NormalizedDualDiscrepancy	NumStability.Source.Higham.Chapter15.Equation04.NormalizedDualDiscrepancy.Basic	source	no	no	pnorm-main
NumStability.Ch15.eq15_4_counterexample_y	theorem	public	NumStability.Algorithms.PNormPowerMethod	S:Equation04/NormalizedDualDiscrepancy	NumStability.Source.Higham.Chapter15.Equation04.NormalizedDualDiscrepancy.Basic	source	no	no	pnorm-main
NumStability.Ch15.eq15_4_counterexample_y_norm	theorem	public	NumStability.Algorithms.PNormPowerMethod	S:Equation04/NormalizedDualDiscrepancy	NumStability.Source.Higham.Chapter15.Equation04.NormalizedDualDiscrepancy.Basic	source	no	no	pnorm-main
NumStability.Ch15.eq15_4_counterexample_z	theorem	public	NumStability.Algorithms.PNormPowerMethod	S:Equation04/NormalizedDualDiscrepancy	NumStability.Source.Higham.Chapter15.Equation04.NormalizedDualDiscrepancy.Basic	source	no	no	pnorm-main
NumStability.Ch15.eq15_4_literal_counterexample	theorem	public	NumStability.Algorithms.PNormPowerMethod	S:Equation04/NormalizedDualDiscrepancy	NumStability.Source.Higham.Chapter15.Equation04.NormalizedDualDiscrepancy.Basic	source	no	no	pnorm-main
NumStability.Ch15.eq15_4_normalize2_one	theorem	public	NumStability.Algorithms.PNormPowerMethod	S:Equation04/NormalizedDualDiscrepancy	NumStability.Source.Higham.Chapter15.Equation04.NormalizedDualDiscrepancy.Basic	source	no	no	pnorm-main
NumStability.Ch15.eq15_4_normalize2_two	theorem	public	NumStability.Algorithms.PNormPowerMethod	S:Equation04/NormalizedDualDiscrepancy	NumStability.Source.Higham.Chapter15.Equation04.NormalizedDualDiscrepancy.Basic	source	no	no	pnorm-main
NumStability.Ch15.eventually_norm_pow_le_of_spectralRadius_lt	theorem	public	NumStability.Algorithms.HighamChapter15BoydLocalStability	R:PNorm/Boyd/LocalStability	NumStability.Algorithms.NormEstimation.PNorm.Boyd.LocalStability.BoydLocalStability	reusable	no	no	boyd-domains
NumStability.Ch15.exists_boydCarrier_maximizing_fixedPoint	theorem	public	NumStability.Algorithms.HighamChapter15BoydBridges	S:Lemma02/PNormPowerMethod	NumStability.Source.Higham.Chapter15.Lemma02.PNormPowerMethod.BoydInterface	source	no	yes	boyd-bridges
NumStability.Ch15.exists_boydCarrier_positive_opP_fixedPoint	theorem	public	NumStability.Algorithms.HighamChapter15BoydBridges	S:Lemma02/PNormPowerMethod	NumStability.Source.Higham.Chapter15.Lemma02.PNormPowerMethod.BoydInterface	source	no	yes	boyd-bridges
NumStability.Ch15.exists_isLocalContractionTo_iterate_of_hasFDerivAt_pow_norm_lt	theorem	public	NumStability.Algorithms.HighamChapter15BoydLocalStability	R:PNorm/Boyd/LocalStability	NumStability.Algorithms.NormEstimation.PNorm.Boyd.LocalStability.BoydLocalStability	reusable	no	no	boyd-domains
NumStability.Ch15.exists_isLocalContractionTo_of_hasFDerivAt_norm_lt	theorem	public	NumStability.Algorithms.HighamChapter15BoydBridges	R:PNorm/Boyd/LocalStability	NumStability.Algorithms.NormEstimation.PNorm.Boyd.LocalStability.BoydInterface	reusable	no	no	boyd-bridges
NumStability.Ch15.exists_local_powerAdaptedSeminormContraction	theorem	public	NumStability.Algorithms.HighamChapter15BoydLocalStability	R:PNorm/Boyd/LocalStability	NumStability.Algorithms.NormEstimation.PNorm.Boyd.LocalStability.BoydLocalStability	reusable	no	no	boyd-domains
NumStability.Ch15.exists_nonincreasing_step_of_fin_labels	theorem	public	NumStability.Algorithms.HighamChapter15ConvergenceProse	R:PNorm/Endpoints	NumStability.Algorithms.NormEstimation.PNorm.Endpoints.ConvergenceStatements	reusable	no	no	boyd-bridges
NumStability.Ch15.exists_pos_coord_of_mem_boydCarrier	theorem	public	NumStability.Algorithms.HighamChapter15BoydBridges	R:PNorm/Boyd/Carrier	NumStability.Algorithms.NormEstimation.PNorm.Boyd.Carrier.BoydInterface	reusable	no	no	boyd-bridges
NumStability.Ch15.exists_pos_in_column_of_rectGram_irreducible	theorem	public	NumStability.Algorithms.HighamChapter15BoydBridges	R:PNorm/Boyd/Carrier	NumStability.Algorithms.NormEstimation.PNorm.Boyd.Carrier.BoydInterface	reusable	no	no	boyd-bridges
NumStability.Ch15.exists_pos_norm_pow_le_of_spectralRadius_lt	theorem	public	NumStability.Algorithms.HighamChapter15BoydLocalStability	R:PNorm/Boyd/LocalStability	NumStability.Algorithms.NormEstimation.PNorm.Boyd.LocalStability.BoydLocalStability	reusable	no	no	boyd-domains
NumStability.Ch15.exists_pos_power_bound_of_equivalent_contraction	theorem	public	NumStability.Algorithms.HighamChapter15BoydSourceLocal	R:PNorm/Boyd/LocalStability	NumStability.Algorithms.NormEstimation.PNorm.Boyd.LocalStability.BoydLocal	reusable	no	no	boyd-domains
NumStability.Ch15.exists_realLpNormer	theorem	public	NumStability.Algorithms.PNormPowerMethodGeneralP	R:PNorm/Duality	NumStability.Algorithms.NormEstimation.PNorm.Duality.PNormGeneral	reusable	no	no	pnorm-gen-rect
NumStability.Ch15.exists_subsequence_in_powerAdapted_ball	theorem	public	NumStability.Algorithms.HighamChapter15BoydConcreteLemma3	R:PNorm/Boyd/LocalStability	NumStability.Algorithms.NormEstimation.PNorm.Boyd.LocalStability.BoydConcrete	reusable	no	no	boyd-scalar
NumStability.Ch15.fderiv_boydRectInnerNormalMap_apply_of_rowwise	theorem	public	NumStability.Algorithms.HighamChapter15BoydRowwiseDomain	R:PNorm/Boyd/RowwiseDomain	NumStability.Algorithms.NormEstimation.PNorm.Boyd.RowwiseDomain.Basic	reusable	no	no	boyd-domains
NumStability.Ch15.fderiv_boydRectNormalMap_apply_of_rowwise	theorem	public	NumStability.Algorithms.HighamChapter15BoydRowwiseDomain	R:PNorm/Boyd/RowwiseDomain	NumStability.Algorithms.NormEstimation.PNorm.Boyd.RowwiseDomain.Basic	reusable	no	no	boyd-domains
NumStability.Ch15.fderiv_realLpGradient_apply	theorem	public	NumStability.Algorithms.HighamChapter15BoydSourceLocal	R:PNorm/Boyd/Differentiation	NumStability.Algorithms.NormEstimation.PNorm.Boyd.Differentiation.BoydLocal	reusable	no	no	boyd-domains
NumStability.Ch15.fderiv_realLpGradient_apply_of_two_le	theorem	public	NumStability.Algorithms.HighamChapter15BoydSourceDomain	R:PNorm/Boyd/Differentiation	NumStability.Algorithms.NormEstimation.PNorm.Boyd.Differentiation.BoydDomain	reusable	no	no	boyd-domains
NumStability.Ch15.gammaSeq_one_le_oneNorm	theorem	public	NumStability.Algorithms.PNormPowerMethod	S:Algorithm01/PNormPowerMethod	NumStability.Source.Higham.Chapter15.Algorithm01.PNormPowerMethod.PNormPowerMethod	source	no	no	pnorm-main
NumStability.Ch15.gammaSeq_one_mono	theorem	public	NumStability.Algorithms.PNormPowerMethod	S:Algorithm01/PNormPowerMethod	NumStability.Source.Higham.Chapter15.Algorithm01.PNormPowerMethod.PNormPowerMethod	source	no	no	pnorm-main
NumStability.Ch15.gammaSeq_one_succ_eq_column	theorem	public	NumStability.Algorithms.HighamChapter15ConvergenceProse	R:PNorm/Endpoints	NumStability.Algorithms.NormEstimation.PNorm.Endpoints.ConvergenceStatements	reusable	no	no	boyd-bridges
NumStability.Ch15.gammaSeq_two_le_opNorm2	theorem	public	NumStability.Algorithms.PNormPowerMethod	S:Algorithm01/PNormPowerMethod	NumStability.Source.Higham.Chapter15.Algorithm01.PNormPowerMethod.PNormPowerMethod	source	no	no	pnorm-main
NumStability.Ch15.gammaSeq_two_mono	theorem	public	NumStability.Algorithms.PNormPowerMethod	S:Algorithm01/PNormPowerMethod	NumStability.Source.Higham.Chapter15.Algorithm01.PNormPowerMethod.PNormPowerMethod	source	no	no	pnorm-main
NumStability.Ch15.gram_inv_of_isInverse	theorem	public	NumStability.Algorithms.Ch15CondEstimators	R:TwoNorm/Dixon/Algebra	NumStability.Algorithms.NormEstimation.TwoNorm.Dixon.Algebra.CondEstimators	reusable	no	no	onenorm-core
NumStability.Ch15.hasDerivAt_abs_rpow_sub_two_mul_self	theorem	public	NumStability.Algorithms.HighamChapter15BoydSourceLocal	R:PNorm/Boyd/Scalar	NumStability.Algorithms.NormEstimation.PNorm.Boyd.Scalar.BoydLocal	reusable	no	no	boyd-domains
NumStability.Ch15.hasDerivAt_abs_rpow_sub_two_mul_self_of_two_le	theorem	public	NumStability.Algorithms.HighamChapter15BoydSourceDomain	R:PNorm/Boyd/Scalar	NumStability.Algorithms.NormEstimation.PNorm.Boyd.Scalar.BoydDomain	reusable	no	no	boyd-domains
NumStability.Ch15.higham15TransientNilpotent	definition	public	NumStability.Algorithms.HighamChapter15BoydLocalStability	S:Section02/Boyd/Corrections	NumStability.Source.Higham.Chapter15.Section02.Boyd.Corrections.BoydLocalStability	source	no	no	boyd-domains
NumStability.Ch15.higham15TransientNilpotent_apply	theorem	public	NumStability.Algorithms.HighamChapter15BoydLocalStability	S:Section02/Boyd/Corrections	NumStability.Source.Higham.Chapter15.Section02.Boyd.Corrections.BoydLocalStability	source	no	no	boyd-domains
NumStability.Ch15.higham15TransientNilpotent_norm_ge_two	theorem	public	NumStability.Algorithms.HighamChapter15BoydLocalStability	S:Section02/Boyd/Corrections	NumStability.Source.Higham.Chapter15.Section02.Boyd.Corrections.BoydLocalStability	source	no	no	boyd-domains
NumStability.Ch15.higham15TransientNilpotent_sq	theorem	public	NumStability.Algorithms.HighamChapter15BoydLocalStability	S:Section02/Boyd/Corrections	NumStability.Source.Higham.Chapter15.Section02.Boyd.Corrections.BoydLocalStability	source	no	no	boyd-domains
NumStability.Ch15.higham15_boyd_concrete_linear_of_strongLocalMaximum_subsequentialLimit	theorem	public	NumStability.Algorithms.HighamChapter15BoydConcreteLemma3	S:Section02/Boyd/LocalConvergence	NumStability.Source.Higham.Chapter15.Section02.Boyd.LocalConvergence.BoydConcrete	source	no	no	boyd-scalar
NumStability.Ch15.higham15_boyd_global_of_compact_unique_optimal_fixed	theorem	public	NumStability.Algorithms.HighamChapter15BoydBridges	S:Section02/Boyd/GlobalConvergence	NumStability.Source.Higham.Chapter15.Section02.Boyd.GlobalConvergence.BoydInterface	source	no	no	boyd-bridges
NumStability.Ch15.higham15_boyd_global_of_nonnegative_irreducibleGram	theorem	public	NumStability.Algorithms.HighamChapter15BoydUniqueness	S:Section02/Boyd/GlobalConvergence	NumStability.Source.Higham.Chapter15.Section02.Boyd.GlobalConvergence.BoydUniqueness	source	no	no	boyd-scalar
NumStability.Ch15.higham15_boyd_global_of_nonnegative_irreducibleGram_all_dimensions	theorem	public	NumStability.Algorithms.HighamChapter15BoydScalar	RETAIN	NumStability.Algorithms.HighamChapter15BoydScalar	historical	yes	no	boyd-scalar
NumStability.Ch15.higham15_boyd_global_scalar	theorem	public	NumStability.Algorithms.HighamChapter15BoydScalar	RETAIN	NumStability.Algorithms.HighamChapter15BoydScalar	historical	yes	no	boyd-scalar
NumStability.Ch15.higham15_boyd_local_corrected_of_actual_derivative_power_stable	theorem	public	NumStability.Algorithms.HighamChapter15BoydSourceLocal	S:Section02/Boyd/LocalConvergence	NumStability.Source.Higham.Chapter15.Section02.Boyd.LocalConvergence.BoydLocal	source	no	no	boyd-domains
NumStability.Ch15.higham15_boyd_local_linear_of_fderiv_norm_lt	theorem	public	NumStability.Algorithms.HighamChapter15BoydBridges	S:Section02/Boyd/LocalConvergence	NumStability.Source.Higham.Chapter15.Section02.Boyd.LocalConvergence.BoydInterface	source	no	no	boyd-bridges
NumStability.Ch15.higham15_boyd_local_linear_of_fderiv_power_stable	theorem	public	NumStability.Algorithms.HighamChapter15BoydLocalStability	S:Section02/Boyd/LocalConvergence	NumStability.Source.Higham.Chapter15.Section02.Boyd.LocalConvergence.BoydLocalStability	source	no	no	boyd-domains
NumStability.Ch15.higham15_boyd_local_linear_of_local_contraction	theorem	public	NumStability.Algorithms.HighamChapter15BoydBridges	S:Section02/Boyd/LocalConvergence	NumStability.Source.Higham.Chapter15.Section02.Boyd.LocalConvergence.BoydInterface	source	no	no	boyd-bridges
NumStability.Ch15.higham15_boyd_local_linear_subsequence_of_fderiv_pow_norm_lt	theorem	public	NumStability.Algorithms.HighamChapter15BoydLocalStability	S:Section02/Boyd/LocalConvergence	NumStability.Source.Higham.Chapter15.Section02.Boyd.LocalConvergence.BoydLocalStability	source	no	no	boyd-domains
NumStability.Ch15.higham15_boyd_normalized_positive_orbit	theorem	public	NumStability.Algorithms.HighamChapter15BoydBridges	S:Section02/Boyd/GlobalConvergence	NumStability.Source.Higham.Chapter15.Section02.Boyd.GlobalConvergence.BoydInterface	source	no	no	boyd-bridges
NumStability.Ch15.higham15_boyd_source_linear_of_strongLocalMaximum_subsequentialLimit	theorem	public	NumStability.Algorithms.HighamChapter15BoydSourceClosure	RETAIN	NumStability.Algorithms.HighamChapter15BoydSourceClosure	historical	yes	no	boyd-bridges
NumStability.Ch15.higham15_power_stable_not_default_norm_contraction_witness	theorem	public	NumStability.Algorithms.HighamChapter15BoydLocalStability	S:Section02/Boyd/Corrections	NumStability.Source.Higham.Chapter15.Section02.Boyd.Corrections.BoydLocalStability	source	no	no	boyd-domains
NumStability.Ch15.holderConjugate_two_le_right_of_left_le_two	theorem	public	NumStability.Algorithms.HighamChapter15BoydRowwiseDomain	R:PNorm/Boyd/Scalar	NumStability.Algorithms.NormEstimation.PNorm.Boyd.Scalar.BoydRowwise	reusable	no	no	boyd-domains
NumStability.Ch15.holder_inf	theorem	public	NumStability.Algorithms.HighamChapter15ConvergenceProse	R:PNorm/Endpoints	NumStability.Algorithms.NormEstimation.PNorm.Endpoints.ConvergenceStatements	reusable	no	no	boyd-bridges
NumStability.Ch15.holder_one	theorem	public	NumStability.Algorithms.PNormPowerMethod	R:OneNorm/PowerMethod	NumStability.Algorithms.NormEstimation.OneNorm.PowerMethod.PNormPowerMethod	reusable	no	no	pnorm-main
NumStability.Ch15.holder_two	theorem	public	NumStability.Algorithms.PNormPowerMethod	R:PNorm/Duality	NumStability.Algorithms.NormEstimation.PNorm.Duality.PNormPowerMethod	reusable	no	no	pnorm-main
NumStability.Ch15.infNormVec_eq_one_of_plusMinusOne	theorem	public	NumStability.Algorithms.Ch15CondEstimators	R:OneNorm/LINPACK	NumStability.Algorithms.NormEstimation.OneNorm.LINPACK.Basic	reusable	no	no	onenorm-core
NumStability.Ch15.infRowValue	definition	public	NumStability.Algorithms.HighamChapter15ConvergenceProse	R:PNorm/Endpoints	NumStability.Algorithms.NormEstimation.PNorm.Endpoints.ConvergenceStatements	reusable	no	no	boyd-bridges
NumStability.Ch15.inner_boydEuclideanFullDerivative	theorem	public	NumStability.Algorithms.HighamChapter15BoydConcreteLemma3	R:PNorm/Boyd/LocalStability	NumStability.Algorithms.NormEstimation.PNorm.Boyd.LocalStability.BoydConcrete	reusable	no	no	boyd-scalar
NumStability.Ch15.inner_boydWeightScale_eq_weightedPair	theorem	public	NumStability.Algorithms.HighamChapter15BoydConcreteLemma3	R:PNorm/Boyd/LocalStability	NumStability.Algorithms.NormEstimation.PNorm.Boyd.LocalStability.BoydConcrete	reusable	no	no	boyd-scalar
NumStability.Ch15.isClosed_boydNonnegativeUnitCarrier	theorem	public	NumStability.Algorithms.HighamChapter15BoydBridges	R:PNorm/Boyd/Carrier	NumStability.Algorithms.NormEstimation.PNorm.Boyd.Carrier.BoydInterface	reusable	no	no	boyd-bridges
NumStability.Ch15.isCompact_boydNonnegativeUnitCarrier	theorem	public	NumStability.Algorithms.HighamChapter15BoydBridges	R:PNorm/Boyd/Carrier	NumStability.Algorithms.NormEstimation.PNorm.Boyd.Carrier.BoydInterface	reusable	no	no	boyd-bridges
NumStability.Ch15.iterate_dist_le_geometric_of_isLocalContractionTo	theorem	public	NumStability.Algorithms.HighamChapter15BoydBridges	R:PNorm/Boyd/LocalStability	NumStability.Algorithms.NormEstimation.PNorm.Boyd.LocalStability.BoydInterface	reusable	no	no	boyd-bridges
NumStability.Ch15.iterate_seminorm_le_geometric_of_localSeminormContraction	theorem	public	NumStability.Algorithms.HighamChapter15BoydLocalStability	R:PNorm/Boyd/LocalStability	NumStability.Algorithms.NormEstimation.PNorm.Boyd.LocalStability.BoydLocalStability	reusable	no	no	boyd-domains
NumStability.Ch15.lemma152_one	theorem	public	NumStability.Algorithms.PNormPowerMethod	S:Lemma02/PNormPowerMethod	NumStability.Source.Higham.Chapter15.Lemma02.PNormPowerMethod.PNormPowerMethod	source	no	no	pnorm-main
NumStability.Ch15.lemma152_two	theorem	public	NumStability.Algorithms.PNormPowerMethod	S:Lemma02/PNormPowerMethod	NumStability.Source.Higham.Chapter15.Lemma02.PNormPowerMethod.PNormPowerMethod	source	no	no	pnorm-main
NumStability.Ch15.lemma152b_strict	theorem	public	NumStability.Algorithms.PNormPowerMethod	S:Lemma02/PNormPowerMethod	NumStability.Source.Higham.Chapter15.Lemma02.PNormPowerMethod.PNormPowerMethod	source	no	no	pnorm-main
NumStability.Ch15.linpackD	definition	public	NumStability.Algorithms.Ch15CondEstimators	R:OneNorm/LINPACK	NumStability.Algorithms.NormEstimation.OneNorm.LINPACK.Basic	reusable	no	no	onenorm-core
NumStability.Ch15.linpackD_isPlusMinusOne	theorem	public	NumStability.Algorithms.Ch15CondEstimators	RETAIN	NumStability.Algorithms.Ch15CondEstimators	historical	yes	no	onenorm-core
NumStability.Ch15.linpackPartial	definition	public	NumStability.Algorithms.Ch15CondEstimators	R:OneNorm/LINPACK	NumStability.Algorithms.NormEstimation.OneNorm.LINPACK.Basic	reusable	no	no	onenorm-core
NumStability.Ch15.linpackSign	definition	public	NumStability.Algorithms.Ch15CondEstimators	S:Algorithm05/LINPACKConditionEstimator	NumStability.Source.Higham.Chapter15.Algorithm05.LINPACKConditionEstimator.Basic	source	no	no	onenorm-core
NumStability.Ch15.linpackSign_plusMinusOne	theorem	public	NumStability.Algorithms.Ch15CondEstimators	S:Algorithm05/LINPACKConditionEstimator	NumStability.Source.Higham.Chapter15.Algorithm05.LINPACKConditionEstimator.Basic	source	no	no	onenorm-core
NumStability.Ch15.linpackY	definition	public	NumStability.Algorithms.Ch15CondEstimators	R:OneNorm/LINPACK	NumStability.Algorithms.NormEstimation.OneNorm.LINPACK.Basic	reusable	no	no	onenorm-core
NumStability.Ch15.linpackYSteps	definition	public	NumStability.Algorithms.Ch15CondEstimators	R:OneNorm/LINPACK	NumStability.Algorithms.NormEstimation.OneNorm.LINPACK.Basic	reusable	no	no	onenorm-core
NumStability.Ch15.linpackY_infNorm_le_infNorm_inv	theorem	public	NumStability.Algorithms.Ch15CondEstimators	RETAIN	NumStability.Algorithms.Ch15CondEstimators	historical	yes	no	onenorm-core
NumStability.Ch15.linpackY_infNorm_le_infNorm_inv_nonsingular	theorem	public	NumStability.Algorithms.Ch15CondEstimators	RETAIN	NumStability.Algorithms.Ch15CondEstimators	historical	yes	no	onenorm-core
NumStability.Ch15.linpackY_solves	theorem	public	NumStability.Algorithms.Ch15CondEstimators	S:Algorithm05/LINPACKConditionEstimator	NumStability.Source.Higham.Chapter15.Algorithm05.LINPACKConditionEstimator.Basic	source	no	no	onenorm-core
NumStability.Ch15.linpack_estimate_le_infNorm_inv	theorem	public	NumStability.Algorithms.Ch15CondEstimators	R:OneNorm/LINPACK	NumStability.Algorithms.NormEstimation.OneNorm.LINPACK.Basic	reusable	no	no	onenorm-core
NumStability.Ch15.mem_boydConcreteTangent	theorem	public	NumStability.Algorithms.HighamChapter15BoydConcreteLemma3	R:PNorm/Boyd/LocalStability	NumStability.Algorithms.NormEstimation.PNorm.Boyd.LocalStability.BoydConcrete	reusable	no	no	boyd-scalar
NumStability.Ch15.norm_le_powerAdaptedSeminorm	theorem	public	NumStability.Algorithms.HighamChapter15BoydLocalStability	R:PNorm/Boyd/LocalStability	NumStability.Algorithms.NormEstimation.PNorm.Boyd.LocalStability.BoydLocalStability	reusable	no	no	boyd-domains
NumStability.Ch15.normalize2	definition	public	NumStability.Algorithms.PNormPowerMethod	R:PNorm/Duality	NumStability.Algorithms.NormEstimation.PNorm.Duality.PNormPowerMethod	reusable	no	no	pnorm-main
NumStability.Ch15.normalize2_attains	theorem	public	NumStability.Algorithms.PNormPowerMethod	R:PNorm/Duality	NumStability.Algorithms.NormEstimation.PNorm.Duality.PNormPowerMethod	reusable	no	no	pnorm-main
NumStability.Ch15.normalize2_eq_self_of_unit	theorem	public	NumStability.Algorithms.HighamChapter15ConvergenceProse	R:PNorm/Duality	NumStability.Algorithms.NormEstimation.PNorm.Duality.ConvergenceStatements	reusable	no	no	boyd-bridges
NumStability.Ch15.normalize2_unit	theorem	public	NumStability.Algorithms.PNormPowerMethod	R:PNorm/Duality	NumStability.Algorithms.NormEstimation.PNorm.Duality.PNormPowerMethod	reusable	no	no	pnorm-main
NumStability.Ch15.oneColumnValue	definition	public	NumStability.Algorithms.HighamChapter15ConvergenceProse	R:PNorm/Endpoints	NumStability.Algorithms.NormEstimation.PNorm.Endpoints.ConvergenceStatements	reusable	no	no	boyd-bridges
NumStability.Ch15.opBound_two	theorem	public	NumStability.Algorithms.PNormPowerMethod	R:PNorm/Duality	NumStability.Algorithms.NormEstimation.PNorm.Duality.PNormPowerMethod	reusable	no	no	pnorm-main
NumStability.Ch15.opNorm2_rankOne_eq	theorem	public	NumStability.Algorithms.HighamChapter15ConvergenceProse	R:PNorm/Duality	NumStability.Algorithms.NormEstimation.PNorm.Duality.ConvergenceStatements	reusable	no	no	boyd-bridges
NumStability.Ch15.opNorm_le_one_sub_of_symmetric_psd_rayleigh_gap	theorem	public	NumStability.Algorithms.HighamChapter15BoydSourceLocal	R:PNorm/Boyd/SecondVariation	NumStability.Algorithms.NormEstimation.PNorm.Boyd.SecondVariation.BoydLocal	reusable	no	no	boyd-domains
NumStability.Ch15.pNormPair_general	definition	public	NumStability.Algorithms.PNormPowerMethodGeneralP	R:PNorm/PowerMethod	NumStability.Algorithms.NormEstimation.PNorm.PowerMethod.PNormGeneral	reusable	no	no	pnorm-gen-rect
NumStability.Ch15.pNormPair_inf	definition	public	NumStability.Algorithms.HighamChapter15ConvergenceProse	R:PNorm/Endpoints	NumStability.Algorithms.NormEstimation.PNorm.Endpoints.ConvergenceStatements	reusable	no	no	boyd-bridges
NumStability.Ch15.pNormPair_inf_terminates_by_n_plus_one	theorem	public	NumStability.Algorithms.HighamChapter15ConvergenceProse	S:Section02/Boyd/EndpointTermination	NumStability.Source.Higham.Chapter15.Section02.Boyd.EndpointTermination.ConvergenceStatements	source	no	no	boyd-bridges
NumStability.Ch15.pNormPair_one	definition	public	NumStability.Algorithms.PNormPowerMethod	R:OneNorm/PowerMethod	NumStability.Algorithms.NormEstimation.OneNorm.PowerMethod.PNormPowerMethod	reusable	no	no	pnorm-main
NumStability.Ch15.pNormPair_one_terminates_by_n_plus_one	theorem	public	NumStability.Algorithms.HighamChapter15ConvergenceProse	S:Section02/Boyd/EndpointTermination	NumStability.Source.Higham.Chapter15.Section02.Boyd.EndpointTermination.ConvergenceStatements	source	no	no	boyd-bridges
NumStability.Ch15.pNormPair_two	definition	public	NumStability.Algorithms.PNormPowerMethod	R:PNorm/PowerMethod	NumStability.Algorithms.NormEstimation.PNorm.PowerMethod.PNormPowerMethod	reusable	no	no	pnorm-main
NumStability.Ch15.powerAdaptedBound	definition	public	NumStability.Algorithms.HighamChapter15BoydLocalStability	R:PNorm/Boyd/LocalStability	NumStability.Algorithms.NormEstimation.PNorm.Boyd.LocalStability.BoydLocalStability	reusable	no	no	boyd-domains
NumStability.Ch15.powerAdaptedSeminorm	definition	public	NumStability.Algorithms.HighamChapter15BoydLocalStability	R:PNorm/Boyd/LocalStability	NumStability.Algorithms.NormEstimation.PNorm.Boyd.LocalStability.BoydLocalStability	reusable	no	no	boyd-domains
NumStability.Ch15.powerAdaptedSeminorm_apply	theorem	public	NumStability.Algorithms.HighamChapter15BoydLocalStability	R:PNorm/Boyd/LocalStability	NumStability.Algorithms.NormEstimation.PNorm.Boyd.LocalStability.BoydLocalStability	reusable	no	no	boyd-domains
NumStability.Ch15.powerAdaptedSeminorm_le_bound_mul_norm	theorem	public	NumStability.Algorithms.HighamChapter15BoydLocalStability	R:PNorm/Boyd/LocalStability	NumStability.Algorithms.NormEstimation.PNorm.Boyd.LocalStability.BoydLocalStability	reusable	no	no	boyd-domains
NumStability.Ch15.powerAdaptedSeminorm_map_identity	theorem	public	NumStability.Algorithms.HighamChapter15BoydLocalStability	R:PNorm/Boyd/LocalStability	NumStability.Algorithms.NormEstimation.PNorm.Boyd.LocalStability.BoydLocalStability	reusable	no	no	boyd-domains
NumStability.Ch15.powerAdaptedSeminorm_map_le	theorem	public	NumStability.Algorithms.HighamChapter15BoydLocalStability	R:PNorm/Boyd/LocalStability	NumStability.Algorithms.NormEstimation.PNorm.Boyd.LocalStability.BoydLocalStability	reusable	no	no	boyd-domains
NumStability.Ch15.powerAdaptedSeminorm_succ	theorem	public	NumStability.Algorithms.HighamChapter15BoydLocalStability	R:PNorm/Boyd/LocalStability	NumStability.Algorithms.NormEstimation.PNorm.Boyd.LocalStability.BoydLocalStability	reusable	no	no	boyd-domains
NumStability.Ch15.qNorm_zof_inf_eq_row	theorem	public	NumStability.Algorithms.HighamChapter15ConvergenceProse	R:PNorm/Endpoints	NumStability.Algorithms.NormEstimation.PNorm.Endpoints.ConvergenceStatements	reusable	no	no	boyd-bridges
NumStability.Ch15.quadForm	definition	public	NumStability.Algorithms.Ch15CondEstimators	R:TwoNorm/Dixon/Algebra	NumStability.Algorithms.NormEstimation.TwoNorm.Dixon.Algebra.CondEstimators	reusable	no	no	onenorm-core
NumStability.Ch15.rankOneZeroStartFactor	definition	public	NumStability.Algorithms.HighamChapter15ConvergenceProse	S:Section02/Boyd/Corrections	NumStability.Source.Higham.Chapter15.Section02.Boyd.Corrections.ConvergenceStatements	source	no	no	boyd-bridges
NumStability.Ch15.rankOneZeroStartMatrix	definition	public	NumStability.Algorithms.HighamChapter15ConvergenceProse	S:Section02/Boyd/Corrections	NumStability.Source.Higham.Chapter15.Section02.Boyd.Corrections.ConvergenceStatements	source	no	no	boyd-bridges
NumStability.Ch15.rankOneZeroStartX	definition	public	NumStability.Algorithms.HighamChapter15ConvergenceProse	S:Section02/Boyd/Corrections	NumStability.Source.Higham.Chapter15.Section02.Boyd.Corrections.ConvergenceStatements	source	no	no	boyd-bridges
NumStability.Ch15.rankOneZeroStart_factor_norm_product	theorem	public	NumStability.Algorithms.HighamChapter15ConvergenceProse	S:Section02/Boyd/Corrections	NumStability.Source.Higham.Chapter15.Section02.Boyd.Corrections.ConvergenceStatements	source	no	no	boyd-bridges
NumStability.Ch15.rankOneZeroStart_gamma_eq_zero	theorem	public	NumStability.Algorithms.HighamChapter15ConvergenceProse	S:Section02/Boyd/Corrections	NumStability.Source.Higham.Chapter15.Section02.Boyd.Corrections.ConvergenceStatements	source	no	no	boyd-bridges
NumStability.Ch15.rankOneZeroStart_xnext_fixed	theorem	public	NumStability.Algorithms.HighamChapter15ConvergenceProse	S:Section02/Boyd/Corrections	NumStability.Source.Higham.Chapter15.Section02.Boyd.Corrections.ConvergenceStatements	source	no	no	boyd-bridges
NumStability.Ch15.rankOneZeroStart_xseq_fixed	theorem	public	NumStability.Algorithms.HighamChapter15ConvergenceProse	S:Section02/Boyd/Corrections	NumStability.Source.Higham.Chapter15.Section02.Boyd.Corrections.ConvergenceStatements	source	no	no	boyd-bridges
NumStability.Ch15.rankOneZeroStart_y_eq_zero	theorem	public	NumStability.Algorithms.HighamChapter15ConvergenceProse	S:Section02/Boyd/Corrections	NumStability.Source.Higham.Chapter15.Section02.Boyd.Corrections.ConvergenceStatements	source	no	no	boyd-bridges
NumStability.Ch15.rankOneZeroStart_z_eq_zero	theorem	public	NumStability.Algorithms.HighamChapter15ConvergenceProse	S:Section02/Boyd/Corrections	NumStability.Source.Higham.Chapter15.Section02.Boyd.Corrections.ConvergenceStatements	source	no	no	boyd-bridges
NumStability.Ch15.rankOne_second_step_whatever_x0_false	theorem	public	NumStability.Algorithms.HighamChapter15ConvergenceProse	S:Section02/Boyd/Corrections	NumStability.Source.Higham.Chapter15.Section02.Boyd.Corrections.ConvergenceStatements	source	no	no	boyd-bridges
NumStability.Ch15.rankOne_second_step_whatever_x0_unit_opNorm_counterexample	theorem	public	NumStability.Algorithms.HighamChapter15ConvergenceProse	S:Section02/Boyd/Corrections	NumStability.Source.Higham.Chapter15.Section02.Boyd.Corrections.ConvergenceStatements	source	no	no	boyd-bridges
NumStability.Ch15.rankOne_two_converges_second_step_of_pairing_ne_zero	theorem	public	NumStability.Algorithms.HighamChapter15ConvergenceProse	S:Section02/Boyd/Corrections	NumStability.Source.Higham.Chapter15.Section02.Boyd.Corrections.ConvergenceStatements	source	no	no	boyd-bridges
NumStability.Ch15.realLpDual	definition	public	NumStability.Algorithms.PNormPowerMethodGeneralP	R:PNorm/Duality	NumStability.Algorithms.NormEstimation.PNorm.Duality.PNormGeneral	reusable	no	no	pnorm-gen-rect
NumStability.Ch15.realLpDualUnit	definition	public	NumStability.Algorithms.PNormPowerMethodGeneralP	R:PNorm/Duality	NumStability.Algorithms.NormEstimation.PNorm.Duality.PNormGeneral	reusable	no	no	pnorm-gen-rect
NumStability.Ch15.realLpDualUnit_attains	theorem	public	NumStability.Algorithms.PNormPowerMethodGeneralP	R:PNorm/Duality	NumStability.Algorithms.NormEstimation.PNorm.Duality.PNormGeneral	reusable	no	no	pnorm-gen-rect
NumStability.Ch15.realLpDualUnit_norm_eq_one	theorem	public	NumStability.Algorithms.PNormPowerMethodGeneralP	R:PNorm/Duality	NumStability.Algorithms.NormEstimation.PNorm.Duality.PNormGeneral	reusable	no	no	pnorm-gen-rect
NumStability.Ch15.realLpDualUnit_pos_of_pos	theorem	public	NumStability.Algorithms.HighamChapter15BoydBridges	R:PNorm/Duality	NumStability.Algorithms.NormEstimation.PNorm.Duality.BoydInterface	reusable	no	no	boyd-bridges
NumStability.Ch15.realLpDual_eq_realLpGradient	theorem	public	NumStability.Algorithms.HighamChapter15BoydBridges	R:PNorm/Duality	NumStability.Algorithms.NormEstimation.PNorm.Duality.BoydInterface	reusable	no	no	boyd-bridges
NumStability.Ch15.realLpDual_hasDirectionalGradientAt	theorem	public	NumStability.Algorithms.PNormPowerMethodGeneralP	R:PNorm/Boyd/Differentiation	NumStability.Algorithms.NormEstimation.PNorm.Boyd.Differentiation.PNormGeneral	reusable	no	no	pnorm-gen-rect
NumStability.Ch15.realLpDual_isSubgradient	theorem	public	NumStability.Algorithms.PNormPowerMethodGeneralP	R:PNorm/Duality	NumStability.Algorithms.NormEstimation.PNorm.Duality.PNormGeneral	reusable	no	no	pnorm-gen-rect
NumStability.Ch15.realLpDual_nonneg_of_nonneg	theorem	public	NumStability.Algorithms.HighamChapter15BoydBridges	R:PNorm/Duality	NumStability.Algorithms.NormEstimation.PNorm.Duality.BoydInterface	reusable	no	no	boyd-bridges
NumStability.Ch15.realLpDual_norm_eq_one	theorem	public	NumStability.Algorithms.PNormPowerMethodGeneralP	R:PNorm/Duality	NumStability.Algorithms.NormEstimation.PNorm.Duality.PNormGeneral	reusable	no	no	pnorm-gen-rect
NumStability.Ch15.realLpDual_pos_of_pos	theorem	public	NumStability.Algorithms.HighamChapter15BoydBridges	R:PNorm/Duality	NumStability.Algorithms.NormEstimation.PNorm.Duality.BoydInterface	reusable	no	no	boyd-bridges
NumStability.Ch15.realLpDual_spec	theorem	public	NumStability.Algorithms.PNormPowerMethodGeneralP	R:PNorm/Duality	NumStability.Algorithms.NormEstimation.PNorm.Duality.PNormGeneral	reusable	no	no	pnorm-gen-rect
NumStability.Ch15.realLpGradient	definition	public	NumStability.Algorithms.PNormPowerMethodGeneralP	R:PNorm/Boyd/Differentiation	NumStability.Algorithms.NormEstimation.PNorm.Boyd.Differentiation.PNormGeneral	reusable	no	no	pnorm-gen-rect
NumStability.Ch15.realLpGradientDirectional	definition	public	NumStability.Algorithms.HighamChapter15BoydSourceLocal	R:PNorm/Boyd/Carrier	NumStability.Algorithms.NormEstimation.PNorm.Boyd.Carrier.BoydLocal	reusable	no	no	boyd-domains
NumStability.Ch15.realLpGradient_coord_eq_rpow_sub_one_of_pos_unit	theorem	public	NumStability.Algorithms.HighamChapter15BoydUniqueness	R:PNorm/Duality	NumStability.Algorithms.NormEstimation.PNorm.Duality.BoydUniqueness	reusable	no	no	boyd-scalar
NumStability.Ch15.realLpGradient_coord_eq_signedPower	theorem	public	NumStability.Algorithms.HighamChapter15BoydBridges	R:PNorm/Duality	NumStability.Algorithms.NormEstimation.PNorm.Duality.BoydInterface	reusable	no	no	boyd-bridges
NumStability.Ch15.realLpGradient_line_hasDerivAt	theorem	public	NumStability.Algorithms.HighamChapter15BoydSourceLocal	R:PNorm/Boyd/Differentiation	NumStability.Algorithms.NormEstimation.PNorm.Boyd.Differentiation.BoydLocal	reusable	no	no	boyd-domains
NumStability.Ch15.realLpGradient_line_hasDerivAt_of_two_le	theorem	public	NumStability.Algorithms.HighamChapter15BoydSourceDomain	R:PNorm/Boyd/Differentiation	NumStability.Algorithms.NormEstimation.PNorm.Boyd.Differentiation.BoydDomain	reusable	no	no	boyd-domains
NumStability.Ch15.realLpGradient_nonneg_of_nonneg_coord	theorem	public	NumStability.Algorithms.HighamChapter15BoydBridges	R:PNorm/Duality	NumStability.Algorithms.NormEstimation.PNorm.Duality.BoydInterface	reusable	no	no	boyd-bridges
NumStability.Ch15.realLpGradient_pos_of_pos_coord	theorem	public	NumStability.Algorithms.HighamChapter15BoydBridges	R:PNorm/Duality	NumStability.Algorithms.NormEstimation.PNorm.Duality.BoydInterface	reusable	no	no	boyd-bridges
NumStability.Ch15.realLpGradient_scaled_dual_eq	theorem	public	NumStability.Algorithms.HighamChapter15BoydSourceLocal	R:PNorm/Boyd/Carrier	NumStability.Algorithms.NormEstimation.PNorm.Boyd.Carrier.BoydLocal	reusable	no	no	boyd-domains
NumStability.Ch15.realLpNormalizedStart	definition	public	NumStability.Algorithms.HighamChapter15BoydBridges	R:PNorm/PowerMethod	NumStability.Algorithms.NormEstimation.PNorm.PowerMethod.BoydInterface	reusable	no	no	boyd-bridges
NumStability.Ch15.realLpNormalizedStart_norm_eq_one	theorem	public	NumStability.Algorithms.HighamChapter15BoydBridges	R:PNorm/PowerMethod	NumStability.Algorithms.NormEstimation.PNorm.PowerMethod.BoydInterface	reusable	no	no	boyd-bridges
NumStability.Ch15.realLpNormalizedStart_pos	theorem	public	NumStability.Algorithms.HighamChapter15BoydBridges	R:PNorm/PowerMethod	NumStability.Algorithms.NormEstimation.PNorm.PowerMethod.BoydInterface	reusable	no	no	boyd-bridges
NumStability.Ch15.realLpNormer_eq_dual	theorem	public	NumStability.Algorithms.HighamChapter15BoydBridges	R:PNorm/Duality	NumStability.Algorithms.NormEstimation.PNorm.Duality.BoydInterface	reusable	no	no	boyd-bridges
NumStability.Ch15.realLpPowerSum	definition	public	NumStability.Algorithms.PNormPowerMethodGeneralP	R:PNorm/Boyd/Differentiation	NumStability.Algorithms.NormEstimation.PNorm.Boyd.Differentiation.PNormGeneral	reusable	no	no	pnorm-gen-rect
NumStability.Ch15.realLpPowerSum_eq_one_of_unit	theorem	public	NumStability.Algorithms.HighamChapter15BoydUniqueness	R:PNorm/Duality	NumStability.Algorithms.NormEstimation.PNorm.Duality.BoydUniqueness	reusable	no	no	boyd-scalar
NumStability.Ch15.realLpPowerSum_pos	theorem	public	NumStability.Algorithms.PNormPowerMethodGeneralP	R:PNorm/Boyd/Differentiation	NumStability.Algorithms.NormEstimation.PNorm.Boyd.Differentiation.PNormGeneral	reusable	no	no	pnorm-gen-rect
NumStability.Ch15.realLpQuotient	definition	public	NumStability.Algorithms.PNormPowerMethodGeneralP	S:Equation03/GradientQuotient	NumStability.Source.Higham.Chapter15.Equation03.GradientQuotient.PNormGeneral	source	no	no	pnorm-gen-rect
NumStability.Ch15.realLpQuotientGradient	definition	public	NumStability.Algorithms.PNormPowerMethodGeneralP	S:Equation03/GradientQuotient	NumStability.Source.Higham.Chapter15.Equation03.GradientQuotient.PNormGeneral	source	no	no	pnorm-gen-rect
NumStability.Ch15.realLpSignedPower	definition	public	NumStability.Algorithms.HighamChapter15BoydBridges	R:PNorm/Duality	NumStability.Algorithms.NormEstimation.PNorm.Duality.BoydInterface	reusable	no	no	boyd-bridges
NumStability.Ch15.realMatrixLpNorm	definition	public	NumStability.Algorithms.PNormPowerMethodGeneralP	R:PNorm/PowerMethod	NumStability.Algorithms.NormEstimation.PNorm.PowerMethod.PNormGeneral	reusable	no	no	pnorm-gen-rect
NumStability.Ch15.realRectLpComposite_hasDirectionalGradientAt	theorem	public	NumStability.Algorithms.PNormPowerMethodGeneralP	R:PNorm/Rectangular	NumStability.Algorithms.NormEstimation.PNorm.Rectangular.PNormGeneral	reusable	no	no	pnorm-gen-rect
NumStability.Ch15.realRectLpComposite_isSubgradient	theorem	public	NumStability.Algorithms.PNormPowerMethodGeneralP	R:PNorm/Rectangular	NumStability.Algorithms.NormEstimation.PNorm.Rectangular.PNormGeneral	reusable	no	no	pnorm-gen-rect
NumStability.Ch15.realRectLpQuotient	definition	public	NumStability.Algorithms.PNormPowerMethodGeneralP	S:Equation03/GradientQuotient	NumStability.Source.Higham.Chapter15.Equation03.GradientQuotient.PNormGeneral	source	no	no	pnorm-gen-rect
NumStability.Ch15.realRectLpQuotientGradient	definition	public	NumStability.Algorithms.PNormPowerMethodGeneralP	S:Equation03/GradientQuotient	NumStability.Source.Higham.Chapter15.Equation03.GradientQuotient.PNormGeneral	source	no	no	pnorm-gen-rect
NumStability.Ch15.realRectMatVec	definition	public	NumStability.Algorithms.PNormPowerMethodGeneralP	R:PNorm/Rectangular	NumStability.Algorithms.NormEstimation.PNorm.Rectangular.PNormGeneral	reusable	no	no	pnorm-gen-rect
NumStability.Ch15.realRectMatVec_add_smul	theorem	public	NumStability.Algorithms.PNormPowerMethodGeneralP	R:PNorm/Rectangular	NumStability.Algorithms.NormEstimation.PNorm.Rectangular.PNormGeneral	reusable	no	no	pnorm-gen-rect
NumStability.Ch15.realRectTransposeVec	definition	public	NumStability.Algorithms.PNormPowerMethodGeneralP	R:PNorm/Rectangular	NumStability.Algorithms.NormEstimation.PNorm.Rectangular.PNormGeneral	reusable	no	no	pnorm-gen-rect
NumStability.Ch15.realRectTranspose_pairing	theorem	public	NumStability.Algorithms.PNormPowerMethodGeneralP	R:PNorm/Rectangular	NumStability.Algorithms.NormEstimation.PNorm.Rectangular.PNormGeneral	reusable	no	no	pnorm-gen-rect
NumStability.Ch15.realVecLpNorm	definition	public	NumStability.Algorithms.PNormPowerMethodGeneralP	R:PNorm/Duality	NumStability.Algorithms.NormEstimation.PNorm.Duality.PNormGeneral	reusable	no	no	pnorm-gen-rect
NumStability.Ch15.realVecLpNorm_basisVec	theorem	public	NumStability.Algorithms.PNormPowerMethodGeneralP	R:PNorm/Duality	NumStability.Algorithms.NormEstimation.PNorm.Duality.PNormGeneral	reusable	no	no	pnorm-gen-rect
NumStability.Ch15.realVecLpNorm_eq_sum_rpow	theorem	public	NumStability.Algorithms.PNormPowerMethodGeneralP	R:PNorm/Duality	NumStability.Algorithms.NormEstimation.PNorm.Duality.PNormGeneral	reusable	no	no	pnorm-gen-rect
NumStability.Ch15.realVecLpNorm_hasDirectionalGradientAt	theorem	public	NumStability.Algorithms.PNormPowerMethodGeneralP	R:PNorm/Boyd/Differentiation	NumStability.Algorithms.NormEstimation.PNorm.Boyd.Differentiation.PNormGeneral	reusable	no	no	pnorm-gen-rect
NumStability.Ch15.realVecLpNorm_holder	theorem	public	NumStability.Algorithms.PNormPowerMethodGeneralP	R:PNorm/Duality	NumStability.Algorithms.NormEstimation.PNorm.Duality.PNormGeneral	reusable	no	no	pnorm-gen-rect
NumStability.Ch15.realVecLpNorm_pos	theorem	public	NumStability.Algorithms.PNormPowerMethodGeneralP	R:PNorm/Duality	NumStability.Algorithms.NormEstimation.PNorm.Duality.PNormGeneral	reusable	no	no	pnorm-gen-rect
NumStability.Ch15.realVecLpNorm_rpow_eq_boydRawPowerObjective	theorem	public	NumStability.Algorithms.HighamChapter15BoydUniqueness	R:PNorm/Boyd/Uniqueness	NumStability.Algorithms.NormEstimation.PNorm.Boyd.Uniqueness.Basic	reusable	no	no	boyd-scalar
NumStability.Ch15.realVecLpNorm_smul_real	theorem	public	NumStability.Algorithms.HighamChapter15BoydBridges	R:PNorm/Duality	NumStability.Algorithms.NormEstimation.PNorm.Duality.BoydInterface	reusable	no	no	boyd-bridges
NumStability.Ch15.realVecLpNorm_zero	theorem	public	NumStability.Algorithms.PNormPowerMethodGeneralP	R:PNorm/Duality	NumStability.Algorithms.NormEstimation.PNorm.Duality.PNormGeneral	reusable	no	no	pnorm-gen-rect
NumStability.Ch15.rectGram	definition	public	NumStability.Algorithms.HighamChapter15BoydBridges	R:PNorm/Boyd/Carrier	NumStability.Algorithms.NormEstimation.PNorm.Boyd.Carrier.BoydInterface	reusable	no	no	boyd-bridges
NumStability.Ch15.rectGram_mulVec_eq_transpose_yof	theorem	public	NumStability.Algorithms.HighamChapter15BoydBridges	R:PNorm/Boyd/Carrier	NumStability.Algorithms.NormEstimation.PNorm.Boyd.Carrier.BoydInterface	reusable	no	no	boyd-bridges
NumStability.Ch15.rectGram_mulVec_zero_at_zero_of_fixed	theorem	public	NumStability.Algorithms.HighamChapter15BoydBridges	S:Lemma02/PNormPowerMethod	NumStability.Source.Higham.Chapter15.Lemma02.PNormPowerMethod.BoydInterface	source	no	yes	boyd-bridges
NumStability.Ch15.rectGram_nonneg	theorem	public	NumStability.Algorithms.HighamChapter15BoydBridges	R:PNorm/Boyd/Carrier	NumStability.Algorithms.NormEstimation.PNorm.Boyd.Carrier.BoydInterface	reusable	no	no	boyd-bridges
NumStability.Ch15.rectMatVec_pos_of_row_entry	theorem	public	NumStability.Algorithms.HighamChapter15BoydBridges	R:PNorm/Boyd/Carrier	NumStability.Algorithms.NormEstimation.PNorm.Boyd.Carrier.BoydInterface	reusable	no	no	boyd-bridges
NumStability.Ch15.rectPNormPair_xseq_eq_iterate	theorem	public	NumStability.Algorithms.HighamChapter15BoydBridges	R:PNorm/Rectangular	NumStability.Algorithms.NormEstimation.PNorm.Rectangular.BoydInterface	reusable	no	no	boyd-bridges
NumStability.Ch15.rectPNormPair_xseq_shift_add	theorem	public	NumStability.Algorithms.HighamChapter15BoydConcreteLemma3	R:PNorm/PowerMethod	NumStability.Algorithms.NormEstimation.PNorm.PowerMethod.BoydConcrete	reusable	no	no	boyd-scalar
NumStability.Ch15.rect_gammaSeq_bddAbove	theorem	public	NumStability.Algorithms.HighamChapter15BoydBridges	R:PNorm/Convergence	NumStability.Algorithms.NormEstimation.PNorm.Convergence.BoydInterface	reusable	no	no	boyd-bridges
NumStability.Ch15.rect_gammaSeq_monotone	theorem	public	NumStability.Algorithms.HighamChapter15BoydBridges	S:Lemma02/PNormPowerMethod	NumStability.Source.Higham.Chapter15.Lemma02.PNormPowerMethod.BoydInterface	source	no	yes	boyd-bridges
NumStability.Ch15.rect_gammaSeq_tendsto_ciSup	theorem	public	NumStability.Algorithms.HighamChapter15BoydBridges	S:Section02/Boyd/GlobalConvergence	NumStability.Source.Higham.Chapter15.Section02.Boyd.GlobalConvergence.BoydInterface	source	no	no	boyd-bridges
NumStability.Ch15.rect_general_boyd_concrete_linear_of_subsequential_limit	theorem	public	NumStability.Algorithms.HighamChapter15BoydConcreteLemma3	S:Section02/Boyd/SourceDomain	NumStability.Source.Higham.Chapter15.Section02.Boyd.SourceDomain.BoydConcrete	source	no	yes	boyd-scalar
NumStability.Ch15.rect_general_boyd_concrete_local_linear	theorem	public	NumStability.Algorithms.HighamChapter15BoydConcreteLemma3	S:Section02/Boyd/SourceDomain	NumStability.Source.Higham.Chapter15.Section02.Boyd.SourceDomain.BoydConcrete	source	no	yes	boyd-scalar
NumStability.Ch15.rect_general_boyd_concrete_local_linear_uniform	theorem	public	NumStability.Algorithms.HighamChapter15BoydConcreteLemma3	S:Section02/Boyd/SourceDomain	NumStability.Source.Higham.Chapter15.Section02.Boyd.SourceDomain.BoydConcrete	source	no	yes	boyd-scalar
NumStability.Ch15.rect_general_boyd_concrete_source_local_linear	theorem	public	NumStability.Algorithms.HighamChapter15BoydSourceClosure	RETAIN	NumStability.Algorithms.HighamChapter15BoydSourceClosure	historical	yes	no	boyd-bridges
NumStability.Ch15.rect_general_boyd_concrete_source_local_linear_uniform	theorem	public	NumStability.Algorithms.HighamChapter15BoydSourceClosure	RETAIN	NumStability.Algorithms.HighamChapter15BoydSourceClosure	historical	yes	no	boyd-bridges
NumStability.Ch15.rect_general_boyd_tangent_power_stable_of_nondegenerate_hessian	theorem	public	NumStability.Algorithms.HighamChapter15BoydSourceLocal	S:Section02/Boyd/LocalConvergence	NumStability.Source.Higham.Chapter15.Section02.Boyd.LocalConvergence.BoydLocal	source	no	no	boyd-domains
NumStability.Ch15.rect_general_fderiv_xnext_apply_eq_inv_projectedLemma3B	theorem	public	NumStability.Algorithms.HighamChapter15BoydSourceLocal	S:Section02/Boyd/SourceDomain	NumStability.Source.Higham.Chapter15.Section02.Boyd.SourceDomain.BoydLocal	source	no	no	boyd-domains
NumStability.Ch15.rect_general_fderiv_xnext_apply_eq_inv_projectedLemma3B_of_rowwise_lt_two	theorem	public	NumStability.Algorithms.HighamChapter15BoydRowwiseDomain	S:Section02/Boyd/SourceDomain	NumStability.Source.Higham.Chapter15.Section02.Boyd.SourceDomain.BoydRowwise	source	no	no	boyd-domains
NumStability.Ch15.rect_general_fderiv_xnext_apply_eq_inv_projectedLemma3B_rowwise_source_domain	theorem	public	NumStability.Algorithms.HighamChapter15BoydRowwiseDomain	S:Section02/Boyd/SourceDomain	NumStability.Source.Higham.Chapter15.Section02.Boyd.SourceDomain.BoydRowwise	source	no	no	boyd-domains
NumStability.Ch15.rect_general_fderiv_xnext_apply_eq_inv_projectedLemma3B_source_domain	theorem	public	NumStability.Algorithms.HighamChapter15BoydSourceDomain	S:Section02/Boyd/SourceDomain	NumStability.Source.Higham.Chapter15.Section02.Boyd.SourceDomain.BoydDomain	source	no	no	boyd-domains
NumStability.Ch15.rect_general_fderiv_xnext_eq_boydSmoothRectDerivative	theorem	public	NumStability.Algorithms.HighamChapter15BoydSourceLocal	S:Section02/Boyd/SourceDomain	NumStability.Source.Higham.Chapter15.Section02.Boyd.SourceDomain.BoydLocal	source	no	no	boyd-domains
NumStability.Ch15.rect_general_fderiv_xnext_eq_boydSmoothRectDerivative_of_rowwise_lt_two	theorem	public	NumStability.Algorithms.HighamChapter15BoydRowwiseDomain	S:Section02/Boyd/SourceDomain	NumStability.Source.Higham.Chapter15.Section02.Boyd.SourceDomain.BoydRowwise	source	no	no	boyd-domains
NumStability.Ch15.rect_general_fderiv_xnext_eq_boydSmoothRectDerivative_of_two_le	theorem	public	NumStability.Algorithms.HighamChapter15BoydSourceDomain	S:Section02/Boyd/SourceDomain	NumStability.Source.Higham.Chapter15.Section02.Boyd.SourceDomain.BoydDomain	source	no	no	boyd-domains
NumStability.Ch15.rect_general_fderiv_xnext_eq_boydSmoothRectDerivative_rowwise_source_domain	theorem	public	NumStability.Algorithms.HighamChapter15BoydRowwiseDomain	S:Section02/Boyd/SourceDomain	NumStability.Source.Higham.Chapter15.Section02.Boyd.SourceDomain.BoydRowwise	source	no	no	boyd-domains
NumStability.Ch15.rect_general_stopsAt_iff_xnext_eq	theorem	public	NumStability.Algorithms.HighamChapter15BoydBridges	S:Lemma02/PNormPowerMethod	NumStability.Source.Higham.Chapter15.Lemma02.PNormPowerMethod.BoydInterface	source	no	yes	boyd-bridges
NumStability.Ch15.rect_general_xnext_eq_boydSmoothRectUpdate	theorem	public	NumStability.Algorithms.HighamChapter15BoydSourceLocal	S:Section02/Boyd/SourceDomain	NumStability.Source.Higham.Chapter15.Section02.Boyd.SourceDomain.BoydLocal	source	no	no	boyd-domains
NumStability.Ch15.rect_general_xnext_eq_of_objective_not_increased	theorem	public	NumStability.Algorithms.HighamChapter15BoydBridges	S:Lemma02/PNormPowerMethod	NumStability.Source.Higham.Chapter15.Lemma02.PNormPowerMethod.BoydInterface	source	no	yes	boyd-bridges
NumStability.Ch15.rect_general_xnext_eq_of_stationarity	theorem	public	NumStability.Algorithms.HighamChapter15BoydSourceLocal	S:Section02/Boyd/SourceDomain	NumStability.Source.Higham.Chapter15.Section02.Boyd.SourceDomain.BoydLocal	source	no	no	boyd-domains
NumStability.Ch15.rect_general_xnext_eq_of_stationarity_source_domain	theorem	public	NumStability.Algorithms.HighamChapter15BoydSourceDomain	S:Section02/Boyd/SourceDomain	NumStability.Source.Higham.Chapter15.Section02.Boyd.SourceDomain.BoydDomain	source	no	no	boyd-domains
NumStability.Ch15.rect_general_xnext_hasFDerivAt_boyd	theorem	public	NumStability.Algorithms.HighamChapter15BoydSourceLocal	S:Section02/Boyd/SourceDomain	NumStability.Source.Higham.Chapter15.Section02.Boyd.SourceDomain.BoydLocal	source	no	no	boyd-domains
NumStability.Ch15.rect_general_xnext_hasFDerivAt_boyd_of_rowwise_lt_two	theorem	public	NumStability.Algorithms.HighamChapter15BoydRowwiseDomain	S:Section02/Boyd/SourceDomain	NumStability.Source.Higham.Chapter15.Section02.Boyd.SourceDomain.BoydRowwise	source	no	no	boyd-domains
NumStability.Ch15.rect_general_xnext_hasFDerivAt_boyd_of_two_le	theorem	public	NumStability.Algorithms.HighamChapter15BoydSourceDomain	S:Section02/Boyd/SourceDomain	NumStability.Source.Higham.Chapter15.Section02.Boyd.SourceDomain.BoydDomain	source	no	no	boyd-domains
NumStability.Ch15.rect_general_xnext_hasFDerivAt_boyd_rowwise_source_domain	theorem	public	NumStability.Algorithms.HighamChapter15BoydRowwiseDomain	S:Section02/Boyd/SourceDomain	NumStability.Source.Higham.Chapter15.Section02.Boyd.SourceDomain.BoydRowwise	source	no	no	boyd-domains
NumStability.Ch15.rect_general_xnext_mapsTo_boydCarrier	theorem	public	NumStability.Algorithms.HighamChapter15BoydBridges	S:Lemma02/PNormPowerMethod	NumStability.Source.Higham.Chapter15.Lemma02.PNormPowerMethod.BoydInterface	source	no	yes	boyd-bridges
NumStability.Ch15.rect_general_xnext_mem_boydCarrier	theorem	public	NumStability.Algorithms.HighamChapter15BoydBridges	S:Lemma02/PNormPowerMethod	NumStability.Source.Higham.Chapter15.Lemma02.PNormPowerMethod.BoydInterface	source	no	yes	boyd-bridges
NumStability.Ch15.rect_general_xnext_pos_of_nonneg_gram_irreducible	theorem	public	NumStability.Algorithms.HighamChapter15BoydBridges	R:PNorm/Boyd/Carrier	NumStability.Algorithms.NormEstimation.PNorm.Boyd.Carrier.BoydInterface	reusable	no	no	boyd-bridges
NumStability.Ch15.rect_general_xnext_pos_of_pos_columns	theorem	public	NumStability.Algorithms.HighamChapter15BoydBridges	R:PNorm/Boyd/Carrier	NumStability.Algorithms.NormEstimation.PNorm.Boyd.Carrier.BoydInterface	reusable	no	no	boyd-bridges
NumStability.Ch15.rect_general_xseq_pos_of_nonneg_gram_irreducible	theorem	public	NumStability.Algorithms.HighamChapter15BoydBridges	R:PNorm/Boyd/Carrier	NumStability.Algorithms.NormEstimation.PNorm.Boyd.Carrier.BoydInterface	reusable	no	no	boyd-bridges
NumStability.Ch15.rect_general_yof_ne_zero_of_mem_boydCarrier	theorem	public	NumStability.Algorithms.HighamChapter15BoydBridges	R:PNorm/Boyd/Carrier	NumStability.Algorithms.NormEstimation.PNorm.Boyd.Carrier.BoydInterface	reusable	no	no	boyd-bridges
NumStability.Ch15.rect_general_zof_coord_eq_norm_mul_rpow_of_fixed	theorem	public	NumStability.Algorithms.HighamChapter15BoydUniqueness	S:Lemma02/PNormPowerMethod	NumStability.Source.Higham.Chapter15.Lemma02.PNormPowerMethod.BoydUniqueness	source	no	yes	boyd-scalar
NumStability.Ch15.rect_general_zof_eq_scale_mul_boydRawAdjoint	theorem	public	NumStability.Algorithms.HighamChapter15BoydUniqueness	R:PNorm/Boyd/Uniqueness	NumStability.Algorithms.NormEstimation.PNorm.Boyd.Uniqueness.Basic	reusable	no	no	boyd-scalar
NumStability.Ch15.rect_general_zof_ne_zero_of_mem_boydCarrier	theorem	public	NumStability.Algorithms.HighamChapter15BoydBridges	S:Lemma02/PNormPowerMethod	NumStability.Source.Higham.Chapter15.Lemma02.PNormPowerMethod.BoydInterface	source	no	yes	boyd-bridges
NumStability.Ch15.rect_general_zof_nonneg_of_mem_boydCarrier	theorem	public	NumStability.Algorithms.HighamChapter15BoydBridges	R:PNorm/Boyd/Carrier	NumStability.Algorithms.NormEstimation.PNorm.Boyd.Carrier.BoydInterface	reusable	no	no	boyd-bridges
NumStability.Ch15.rpow_div_rpow_cancel	theorem	public	NumStability.Algorithms.HighamChapter15BoydUniqueness	R:PNorm/Duality	NumStability.Algorithms.NormEstimation.PNorm.Duality.BoydUniqueness	reusable	no	no	boyd-scalar
NumStability.Ch15.rpow_mul_mul_div_eq	theorem	public	NumStability.Algorithms.HighamChapter15BoydUniqueness	R:PNorm/Boyd/Uniqueness	NumStability.Algorithms.NormEstimation.PNorm.Boyd.Uniqueness.Basic	reusable	no	no	boyd-scalar
NumStability.Ch15.rpow_one_sub_mul_rpow_sub_one	theorem	public	NumStability.Algorithms.HighamChapter15BoydUniqueness	R:PNorm/Duality	NumStability.Algorithms.NormEstimation.PNorm.Duality.BoydUniqueness	reusable	no	no	boyd-scalar
NumStability.Ch15.rpow_sub_two_mul_self_eq_rpow_sub_one	theorem	public	NumStability.Algorithms.HighamChapter15BoydUniqueness	R:PNorm/Duality	NumStability.Algorithms.NormEstimation.PNorm.Duality.BoydUniqueness	reusable	no	no	boyd-scalar
NumStability.Ch15.rpow_sub_two_mul_self_eq_rpow_sub_one_of_nonneg	theorem	public	NumStability.Algorithms.HighamChapter15BoydUniqueness	R:PNorm/Duality	NumStability.Algorithms.NormEstimation.PNorm.Duality.BoydUniqueness	reusable	no	no	boyd-scalar
NumStability.Ch15.sign_attains_one	theorem	public	NumStability.Algorithms.PNormPowerMethod	R:OneNorm/PowerMethod	NumStability.Algorithms.NormEstimation.OneNorm.PowerMethod.PNormPowerMethod	reusable	no	no	pnorm-main
NumStability.Ch15.sign_infNorm_eq_one	theorem	public	NumStability.Algorithms.HighamChapter15ConvergenceProse	R:PNorm/Endpoints	NumStability.Algorithms.NormEstimation.PNorm.Endpoints.ConvergenceStatements	reusable	no	no	boyd-bridges
NumStability.Ch15.sign_qunit_one	theorem	public	NumStability.Algorithms.PNormPowerMethod	R:OneNorm/PowerMethod	NumStability.Algorithms.NormEstimation.OneNorm.PowerMethod.PNormPowerMethod	reusable	no	no	pnorm-main
NumStability.Ch15.strictMaximum_does_not_imply_negative_quadratic_term	theorem	public	NumStability.Algorithms.HighamChapter15BoydSourceLocal	S:Section02/Boyd/Corrections	NumStability.Source.Higham.Chapter15.Section02.Boyd.Corrections.BoydLocal	source	no	no	boyd-domains
NumStability.Ch15.tendsto_iterate_of_compact_strictLyapunov_unique_fixed	theorem	public	NumStability.Algorithms.HighamChapter15BoydBridges	R:PNorm/Convergence	NumStability.Algorithms.NormEstimation.PNorm.Convergence.BoydInterface	reusable	no	no	boyd-bridges
NumStability.Ch15.tendsto_iterate_of_isLocalContractionTo	theorem	public	NumStability.Algorithms.HighamChapter15BoydBridges	R:PNorm/Boyd/LocalStability	NumStability.Algorithms.NormEstimation.PNorm.Boyd.LocalStability.BoydInterface	reusable	no	no	boyd-bridges
NumStability.Ch15.tendsto_iterate_of_localSeminormContraction	theorem	public	NumStability.Algorithms.HighamChapter15BoydLocalStability	R:PNorm/Boyd/LocalStability	NumStability.Algorithms.NormEstimation.PNorm.Boyd.LocalStability.BoydLocalStability	reusable	no	no	boyd-domains
NumStability.Ch15.tendsto_rectPNormPair_xseq_of_tail	theorem	public	NumStability.Algorithms.HighamChapter15BoydConcreteLemma3	R:PNorm/Convergence	NumStability.Algorithms.NormEstimation.PNorm.Convergence.BoydConcrete	reusable	no	no	boyd-scalar
NumStability.Ch15.unique_subgradient_of_directional_gradient	theorem	public	NumStability.Algorithms.PNormPowerMethod	R:PNorm/Duality	NumStability.Algorithms.NormEstimation.PNorm.Duality.PNormPowerMethod	reusable	no	no	pnorm-main
NumStability.Ch15.vecNorm2_e0	theorem	public	NumStability.Algorithms.PNormPowerMethod	R:PNorm/Duality	NumStability.Algorithms.NormEstimation.PNorm.Duality.PNormPowerMethod	reusable	no	no	pnorm-main
NumStability.Ch15.vecNorm2_hasDirectionalGradientAt	theorem	public	NumStability.Algorithms.PNormPowerMethod	R:PNorm/Duality	NumStability.Algorithms.NormEstimation.PNorm.Duality.PNormPowerMethod	reusable	no	no	pnorm-main
NumStability.Ch15.vecNorm2_pos_of_ne	theorem	public	NumStability.Algorithms.PNormPowerMethod	R:PNorm/Duality	NumStability.Algorithms.NormEstimation.PNorm.Duality.PNormPowerMethod	reusable	no	no	pnorm-main
NumStability.Ch15.xseq_two_has_convergent_subsequence	theorem	public	NumStability.Algorithms.HighamChapter15ConvergenceProse	S:Section02/Boyd/GlobalConvergence	NumStability.Source.Higham.Chapter15.Section02.Boyd.GlobalConvergence.ConvergenceStatements	source	no	no	boyd-bridges
NumStability.Ch15.xseq_two_limit_is_stationary_of_continuousAt	theorem	public	NumStability.Algorithms.HighamChapter15ConvergenceProse	S:Section02/Boyd/GlobalConvergence	NumStability.Source.Higham.Chapter15.Section02.Boyd.GlobalConvergence.ConvergenceStatements	source	no	no	boyd-bridges
NumStability.Ch15Closure.H15_Theorem15_7_of_absLU_eq	theorem	public	NumStability.Algorithms.LU.TridiagonalCondCh15Closure	RETAIN	NumStability.Algorithms.LU.TridiagonalCondCh15Closure	historical	yes	no	lu-tridiagonal
NumStability.Ch15Closure.H15_Theorem15_8_of_rowDiagDominant	theorem	public	NumStability.Algorithms.LU.TridiagonalCondCh15Closure	RETAIN	NumStability.Algorithms.LU.TridiagonalCondCh15Closure	historical	yes	no	lu-tridiagonal
NumStability.Ch15IkebeClosure.H15_Theorem15_9_of_irreducible_rightInverse	theorem	public	NumStability.Algorithms.LU.TridiagonalCondCh15IkebeClosure	RETAIN	NumStability.Algorithms.LU.TridiagonalCondCh15IkebeClosure	historical	yes	no	lu-tridiagonal
NumStability.Higham15.H15_Algorithm15_3_gamma	definition	public	NumStability.Algorithms.Chapter15CondEst	S:Algorithm03/OneNormPowerMethod	NumStability.Source.Higham.Chapter15.Algorithm03.OneNormPowerMethod.Basic	source	no	no	cond-source
NumStability.Higham15.H15_Algorithm15_3_lower_bound	theorem	public	NumStability.Algorithms.Chapter15CondEst	S:Algorithm03/OneNormPowerMethod	NumStability.Source.Higham.Chapter15.Algorithm03.OneNormPowerMethod.Basic	source	no	no	cond-source
NumStability.Higham15.H15_Algorithm15_3_norm_eq	theorem	public	NumStability.Algorithms.Chapter15CondEst	S:Algorithm03/OneNormPowerMethod	NumStability.Source.Higham.Chapter15.Algorithm03.OneNormPowerMethod.Basic	source	no	no	cond-source
NumStability.Higham15.H15_Algorithm15_3_spec	theorem	public	NumStability.Algorithms.Chapter15CondEst	S:Algorithm03/OneNormPowerMethod	NumStability.Source.Higham.Chapter15.Algorithm03.OneNormPowerMethod.Basic	source	no	no	cond-source
NumStability.Higham15.H15_Algorithm15_3_stored_gamma_realized	theorem	public	NumStability.Algorithms.Chapter15CondEst	S:Algorithm03/OneNormPowerMethod	NumStability.Source.Higham.Chapter15.Algorithm03.OneNormPowerMethod.Basic	source	no	no	cond-source
NumStability.Higham15.H15_Algorithm15_3_x	definition	public	NumStability.Algorithms.Chapter15CondEst	S:Algorithm03/OneNormPowerMethod	NumStability.Source.Higham.Chapter15.Algorithm03.OneNormPowerMethod.Basic	source	no	no	cond-source
NumStability.Higham15.H15_Algorithm15_3_x_oneNorm_eq_one	theorem	public	NumStability.Algorithms.Chapter15CondEst	S:Algorithm03/OneNormPowerMethod	NumStability.Source.Higham.Chapter15.Algorithm03.OneNormPowerMethod.Basic	source	no	no	cond-source
NumStability.Higham15.H15_Algorithm15_4_condEstimate_le_kappaOne	theorem	public	NumStability.Algorithms.Chapter15CondEst	RETAIN	NumStability.Algorithms.Chapter15CondEst	historical	no	no	cond-full-graph-reentry
NumStability.Higham15.H15_Algorithm15_4_exact_ratio_witness	theorem	public	NumStability.Algorithms.Chapter15CondEst	RETAIN	NumStability.Algorithms.Chapter15CondEst	historical	yes	no	cond-source
NumStability.Higham15.H15_Algorithm15_4_gamma	definition	public	NumStability.Algorithms.Chapter15CondEst	S:Algorithm04/LAPACKNormEstimator	NumStability.Source.Higham.Chapter15.Algorithm04.LAPACKNormEstimator.Basic	source	no	no	cond-source
NumStability.Higham15.H15_Algorithm15_4_lower_bound	theorem	public	NumStability.Algorithms.Chapter15CondEst	RETAIN	NumStability.Algorithms.Chapter15CondEst	historical	yes	no	cond-source
NumStability.Higham15.H15_Algorithm15_4_ratio_witness	theorem	public	NumStability.Algorithms.Chapter15CondEst	RETAIN	NumStability.Algorithms.Chapter15CondEst	historical	yes	no	cond-source
NumStability.Higham15.H15_Algorithm15_4_scaled_le_kappaOne	theorem	public	NumStability.Algorithms.Chapter15CondEst	RETAIN	NumStability.Algorithms.Chapter15CondEst	historical	no	no	cond-full-graph-reentry
NumStability.Higham15.H15_eq15_6_A	definition	public	NumStability.Algorithms.Chapter15CondEst	S:Equation06/LAPACKCounterexample	NumStability.Source.Higham.Chapter15.Equation06.LAPACKCounterexample.Basic	source	no	no	cond-source
NumStability.Higham15.H15_eq15_6_AT_mul_e	theorem	public	NumStability.Algorithms.Chapter15CondEst	S:Equation06/LAPACKCounterexample	NumStability.Source.Higham.Chapter15.Equation06.LAPACKCounterexample.Basic	source	no	no	cond-source
NumStability.Higham15.H15_eq15_6_A_mul_b	theorem	public	NumStability.Algorithms.Chapter15CondEst	S:Equation06/LAPACKCounterexample	NumStability.Source.Higham.Chapter15.Equation06.LAPACKCounterexample.Basic	source	no	no	cond-source
NumStability.Higham15.H15_eq15_6_A_mul_uniform	theorem	public	NumStability.Algorithms.Chapter15CondEst	S:Equation06/LAPACKCounterexample	NumStability.Source.Higham.Chapter15.Equation06.LAPACKCounterexample.Basic	source	no	no	cond-source
NumStability.Higham15.H15_eq15_6_P	definition	public	NumStability.Algorithms.Chapter15CondEst	S:Equation06/LAPACKCounterexample	NumStability.Source.Higham.Chapter15.Equation06.LAPACKCounterexample.Basic	source	no	no	cond-source
NumStability.Higham15.H15_eq15_6_P_mul_b	theorem	public	NumStability.Algorithms.Chapter15CondEst	S:Equation06/LAPACKCounterexample	NumStability.Source.Higham.Chapter15.Equation06.LAPACKCounterexample.Basic	source	no	no	cond-source
NumStability.Higham15.H15_eq15_6_P_mul_e	theorem	public	NumStability.Algorithms.Chapter15CondEst	S:Equation06/LAPACKCounterexample	NumStability.Source.Higham.Chapter15.Equation06.LAPACKCounterexample.Basic	source	no	no	cond-source
NumStability.Higham15.H15_eq15_6_P_mul_e1	theorem	public	NumStability.Algorithms.Chapter15CondEst	S:Equation06/LAPACKCounterexample	NumStability.Source.Higham.Chapter15.Equation06.LAPACKCounterexample.Basic	source	no	no	cond-source
NumStability.Higham15.H15_eq15_6_P_symmetric	theorem	public	NumStability.Algorithms.Chapter15CondEst	S:Equation06/LAPACKCounterexample	NumStability.Source.Higham.Chapter15.Equation06.LAPACKCounterexample.Basic	source	no	no	cond-source
NumStability.Higham15.H15_eq15_6_lapackNormEstimator	theorem	public	NumStability.Algorithms.Chapter15CondEst	S:Equation06/LAPACKCounterexample	NumStability.Source.Higham.Chapter15.Equation06.LAPACKCounterexample.Basic	source	no	no	cond-source
NumStability.Higham15.H15_eq15_6_oneNorm_lower	theorem	public	NumStability.Algorithms.Chapter15CondEst	S:Equation06/LAPACKCounterexample	NumStability.Source.Higham.Chapter15.Equation06.LAPACKCounterexample.Basic	source	no	no	cond-source
NumStability.Higham15.H15_eq15_6_v	definition	public	NumStability.Algorithms.Chapter15CondEst	S:Equation06/LAPACKCounterexample	NumStability.Source.Higham.Chapter15.Equation06.LAPACKCounterexample.Basic	source	no	no	cond-source
NumStability.Higham15.H15_kappaOne	definition	public	NumStability.Algorithms.Chapter15CondEst	S:Section01/ConditionNumbers	NumStability.Source.Higham.Chapter15.Section01.ConditionNumbers.ConditionEstimators	source	no	no	cond-source
NumStability.Higham15.H15_kappaOne_eq_of_rightInverse	theorem	public	NumStability.Algorithms.Chapter15CondEst	S:Section01/ConditionNumbers	NumStability.Source.Higham.Chapter15.Section01.ConditionNumbers.ConditionEstimators	source	no	no	cond-source
NumStability.Higham15.H15_kappaOne_nonneg	theorem	public	NumStability.Algorithms.Chapter15CondEst	S:Section01/ConditionNumbers	NumStability.Source.Higham.Chapter15.Section01.ConditionNumbers.ConditionEstimators	source	no	no	cond-source
NumStability.Higham15Problem15_6.H15_Problem15_6_of_irreducible_rightInverse	theorem	public	NumStability.Algorithms.LU.Higham15Problem15_6Closure	RETAIN	NumStability.Algorithms.LU.Higham15Problem15_6Closure	historical	yes	no	lu-problems
NumStability.Higham15Problem15_6.H15_Problem15_6_operational_of_irreducible_rightInverse	theorem	public	NumStability.Algorithms.LU.Higham15Problem15_6Operational	RETAIN	NumStability.Algorithms.LU.Higham15Problem15_6Operational	historical	yes	no	lu-problems
NumStability.Higham15Problem15_6.Problem15_6Factors	inductive	public	NumStability.Algorithms.LU.Higham15Problem15_6	S:Problem06/TridiagonalInverseNorm	NumStability.Source.Higham.Chapter15.Problem06.TridiagonalInverseNorm.TridiagonalInverse	source	no	no	lu-problems
NumStability.Higham15Problem15_6.Problem15_6Factors.casesOn	definition	public	NumStability.Algorithms.LU.Higham15Problem15_6	S:Problem06/TridiagonalInverseNorm	NumStability.Source.Higham.Chapter15.Problem06.TridiagonalInverseNorm.TridiagonalInverse	source	no	no	lu-problems
NumStability.Higham15Problem15_6.Problem15_6Factors.ctorIdx	definition	public	NumStability.Algorithms.LU.Higham15Problem15_6	S:Problem06/TridiagonalInverseNorm	NumStability.Source.Higham.Chapter15.Problem06.TridiagonalInverseNorm.TridiagonalInverse	source	no	no	lu-problems
NumStability.Higham15Problem15_6.Problem15_6Factors.mk	constructor	public	NumStability.Algorithms.LU.Higham15Problem15_6	S:Problem06/TridiagonalInverseNorm	NumStability.Source.Higham.Chapter15.Problem06.TridiagonalInverseNorm.TridiagonalInverse	source	no	no	lu-problems
NumStability.Higham15Problem15_6.Problem15_6Factors.mk.inj	theorem	public	NumStability.Algorithms.LU.Higham15Problem15_6	S:Problem06/TridiagonalInverseNorm	NumStability.Source.Higham.Chapter15.Problem06.TridiagonalInverseNorm.TridiagonalInverse	source	no	no	lu-problems
NumStability.Higham15Problem15_6.Problem15_6Factors.mk.injEq	theorem	public	NumStability.Algorithms.LU.Higham15Problem15_6	S:Problem06/TridiagonalInverseNorm	NumStability.Source.Higham.Chapter15.Problem06.TridiagonalInverseNorm.TridiagonalInverse	source	no	no	lu-problems
NumStability.Higham15Problem15_6.Problem15_6Factors.mk.noConfusion	definition	public	NumStability.Algorithms.LU.Higham15Problem15_6	S:Problem06/TridiagonalInverseNorm	NumStability.Source.Higham.Chapter15.Problem06.TridiagonalInverseNorm.TridiagonalInverse	source	no	no	lu-problems
NumStability.Higham15Problem15_6.Problem15_6Factors.mk.sizeOf_spec	theorem	public	NumStability.Algorithms.LU.Higham15Problem15_6	S:Problem06/TridiagonalInverseNorm	NumStability.Source.Higham.Chapter15.Problem06.TridiagonalInverseNorm.TridiagonalInverse	source	no	no	lu-problems
NumStability.Higham15Problem15_6.Problem15_6Factors.noConfusion	definition	public	NumStability.Algorithms.LU.Higham15Problem15_6	S:Problem06/TridiagonalInverseNorm	NumStability.Source.Higham.Chapter15.Problem06.TridiagonalInverseNorm.TridiagonalInverse	source	no	no	lu-problems
NumStability.Higham15Problem15_6.Problem15_6Factors.noConfusionType	definition	public	NumStability.Algorithms.LU.Higham15Problem15_6	S:Problem06/TridiagonalInverseNorm	NumStability.Source.Higham.Chapter15.Problem06.TridiagonalInverseNorm.TridiagonalInverse	source	no	no	lu-problems
NumStability.Higham15Problem15_6.Problem15_6Factors.p	definition	public	NumStability.Algorithms.LU.Higham15Problem15_6	S:Problem06/TridiagonalInverseNorm	NumStability.Source.Higham.Chapter15.Problem06.TridiagonalInverseNorm.TridiagonalInverse	source	no	no	lu-problems
NumStability.Higham15Problem15_6.Problem15_6Factors.q	definition	public	NumStability.Algorithms.LU.Higham15Problem15_6	S:Problem06/TridiagonalInverseNorm	NumStability.Source.Higham.Chapter15.Problem06.TridiagonalInverseNorm.TridiagonalInverse	source	no	no	lu-problems
NumStability.Higham15Problem15_6.Problem15_6Factors.rec	recursor	public	NumStability.Algorithms.LU.Higham15Problem15_6	S:Problem06/TridiagonalInverseNorm	NumStability.Source.Higham.Chapter15.Problem06.TridiagonalInverseNorm.TridiagonalInverse	source	no	no	lu-problems
NumStability.Higham15Problem15_6.Problem15_6Factors.recOn	definition	public	NumStability.Algorithms.LU.Higham15Problem15_6	S:Problem06/TridiagonalInverseNorm	NumStability.Source.Higham.Chapter15.Problem06.TridiagonalInverseNorm.TridiagonalInverse	source	no	no	lu-problems
NumStability.Higham15Problem15_6.Problem15_6Factors.x	definition	public	NumStability.Algorithms.LU.Higham15Problem15_6	S:Problem06/TridiagonalInverseNorm	NumStability.Source.Higham.Chapter15.Problem06.TridiagonalInverseNorm.TridiagonalInverse	source	no	no	lu-problems
NumStability.Higham15Problem15_6.Problem15_6Factors.y	definition	public	NumStability.Algorithms.LU.Higham15Problem15_6	S:Problem06/TridiagonalInverseNorm	NumStability.Source.Higham.Chapter15.Problem06.TridiagonalInverseNorm.TridiagonalInverse	source	no	no	lu-problems
NumStability.Higham15Problem15_6.Problem15_6OperationSchedule	inductive	public	NumStability.Algorithms.LU.Higham15Problem15_6Closure	S:Problem06/TridiagonalInverseNorm	NumStability.Source.Higham.Chapter15.Problem06.TridiagonalInverseNorm.TridiagonalInverseCompletion	source	no	no	lu-problems
NumStability.Higham15Problem15_6.Problem15_6OperationSchedule.casesOn	definition	public	NumStability.Algorithms.LU.Higham15Problem15_6Closure	S:Problem06/TridiagonalInverseNorm	NumStability.Source.Higham.Chapter15.Problem06.TridiagonalInverseNorm.TridiagonalInverseCompletion	source	no	no	lu-problems
NumStability.Higham15Problem15_6.Problem15_6OperationSchedule.ctorIdx	definition	public	NumStability.Algorithms.LU.Higham15Problem15_6Closure	S:Problem06/TridiagonalInverseNorm	NumStability.Source.Higham.Chapter15.Problem06.TridiagonalInverseNorm.TridiagonalInverseCompletion	source	no	no	lu-problems
NumStability.Higham15Problem15_6.Problem15_6OperationSchedule.factorRecurrences	definition	public	NumStability.Algorithms.LU.Higham15Problem15_6Closure	S:Problem06/TridiagonalInverseNorm	NumStability.Source.Higham.Chapter15.Problem06.TridiagonalInverseNorm.TridiagonalInverseCompletion	source	no	no	lu-problems
NumStability.Higham15Problem15_6.Problem15_6OperationSchedule.mk	constructor	public	NumStability.Algorithms.LU.Higham15Problem15_6Closure	S:Problem06/TridiagonalInverseNorm	NumStability.Source.Higham.Chapter15.Problem06.TridiagonalInverseNorm.TridiagonalInverseCompletion	source	no	no	lu-problems
NumStability.Higham15Problem15_6.Problem15_6OperationSchedule.mk.inj	theorem	public	NumStability.Algorithms.LU.Higham15Problem15_6Closure	S:Problem06/TridiagonalInverseNorm	NumStability.Source.Higham.Chapter15.Problem06.TridiagonalInverseNorm.TridiagonalInverseCompletion	source	no	no	lu-problems
NumStability.Higham15Problem15_6.Problem15_6OperationSchedule.mk.injEq	theorem	public	NumStability.Algorithms.LU.Higham15Problem15_6Closure	S:Problem06/TridiagonalInverseNorm	NumStability.Source.Higham.Chapter15.Problem06.TridiagonalInverseNorm.TridiagonalInverseCompletion	source	no	no	lu-problems
NumStability.Higham15Problem15_6.Problem15_6OperationSchedule.mk.noConfusion	definition	public	NumStability.Algorithms.LU.Higham15Problem15_6Closure	S:Problem06/TridiagonalInverseNorm	NumStability.Source.Higham.Chapter15.Problem06.TridiagonalInverseNorm.TridiagonalInverseCompletion	source	no	no	lu-problems
NumStability.Higham15Problem15_6.Problem15_6OperationSchedule.mk.sizeOf_spec	theorem	public	NumStability.Algorithms.LU.Higham15Problem15_6Closure	S:Problem06/TridiagonalInverseNorm	NumStability.Source.Higham.Chapter15.Problem06.TridiagonalInverseNorm.TridiagonalInverseCompletion	source	no	no	lu-problems
NumStability.Higham15Problem15_6.Problem15_6OperationSchedule.noConfusion	definition	public	NumStability.Algorithms.LU.Higham15Problem15_6Closure	S:Problem06/TridiagonalInverseNorm	NumStability.Source.Higham.Chapter15.Problem06.TridiagonalInverseNorm.TridiagonalInverseCompletion	source	no	no	lu-problems
NumStability.Higham15Problem15_6.Problem15_6OperationSchedule.noConfusionType	definition	public	NumStability.Algorithms.LU.Higham15Problem15_6Closure	S:Problem06/TridiagonalInverseNorm	NumStability.Source.Higham.Chapter15.Problem06.TridiagonalInverseNorm.TridiagonalInverseCompletion	source	no	no	lu-problems
NumStability.Higham15Problem15_6.Problem15_6OperationSchedule.rec	recursor	public	NumStability.Algorithms.LU.Higham15Problem15_6Closure	S:Problem06/TridiagonalInverseNorm	NumStability.Source.Higham.Chapter15.Problem06.TridiagonalInverseNorm.TridiagonalInverseCompletion	source	no	no	lu-problems
NumStability.Higham15Problem15_6.Problem15_6OperationSchedule.recOn	definition	public	NumStability.Algorithms.LU.Higham15Problem15_6Closure	S:Problem06/TridiagonalInverseNorm	NumStability.Source.Higham.Chapter15.Problem06.TridiagonalInverseNorm.TridiagonalInverseCompletion	source	no	no	lu-problems
NumStability.Higham15Problem15_6.Problem15_6OperationSchedule.residualsAndNormalizations	definition	public	NumStability.Algorithms.LU.Higham15Problem15_6Closure	S:Problem06/TridiagonalInverseNorm	NumStability.Source.Higham.Chapter15.Problem06.TridiagonalInverseNorm.TridiagonalInverseCompletion	source	no	no	lu-problems
NumStability.Higham15Problem15_6.Problem15_6OperationSchedule.rowAssembly	definition	public	NumStability.Algorithms.LU.Higham15Problem15_6Closure	S:Problem06/TridiagonalInverseNorm	NumStability.Source.Higham.Chapter15.Problem06.TridiagonalInverseNorm.TridiagonalInverseCompletion	source	no	no	lu-problems
NumStability.Higham15Problem15_6.Problem15_6OperationSchedule.scanAdds	definition	public	NumStability.Algorithms.LU.Higham15Problem15_6Closure	S:Problem06/TridiagonalInverseNorm	NumStability.Source.Higham.Chapter15.Problem06.TridiagonalInverseNorm.TridiagonalInverseCompletion	source	no	no	lu-problems
NumStability.Higham15Problem15_6.Problem15_6OperationSchedule.weightProducts	definition	public	NumStability.Algorithms.LU.Higham15Problem15_6Closure	S:Problem06/TridiagonalInverseNorm	NumStability.Source.Higham.Chapter15.Problem06.TridiagonalInverseNorm.TridiagonalInverseCompletion	source	no	no	lu-problems
NumStability.Higham15Problem15_6.Problem15_6OperationalRun	inductive	public	NumStability.Algorithms.LU.Higham15Problem15_6Operational	S:Problem06/TridiagonalInverseNorm	NumStability.Source.Higham.Chapter15.Problem06.TridiagonalInverseNorm.TridiagonalInverseRuns	source	no	no	lu-problems
NumStability.Higham15Problem15_6.Problem15_6OperationalRun.absEvaluations	definition	public	NumStability.Algorithms.LU.Higham15Problem15_6Operational	S:Problem06/TridiagonalInverseNorm	NumStability.Source.Higham.Chapter15.Problem06.TridiagonalInverseNorm.TridiagonalInverseRuns	source	no	no	lu-problems
NumStability.Higham15Problem15_6.Problem15_6OperationalRun.casesOn	definition	public	NumStability.Algorithms.LU.Higham15Problem15_6Operational	S:Problem06/TridiagonalInverseNorm	NumStability.Source.Higham.Chapter15.Problem06.TridiagonalInverseNorm.TridiagonalInverseRuns	source	no	no	lu-problems
NumStability.Higham15Problem15_6.Problem15_6OperationalRun.ctorIdx	definition	public	NumStability.Algorithms.LU.Higham15Problem15_6Operational	S:Problem06/TridiagonalInverseNorm	NumStability.Source.Higham.Chapter15.Problem06.TridiagonalInverseNorm.TridiagonalInverseRuns	source	no	no	lu-problems
NumStability.Higham15Problem15_6.Problem15_6OperationalRun.factors	definition	public	NumStability.Algorithms.LU.Higham15Problem15_6Operational	S:Problem06/TridiagonalInverseNorm	NumStability.Source.Higham.Chapter15.Problem06.TridiagonalInverseNorm.TridiagonalInverseRuns	source	no	no	lu-problems
NumStability.Higham15Problem15_6.Problem15_6OperationalRun.lowerPrefix	definition	public	NumStability.Algorithms.LU.Higham15Problem15_6Operational	S:Problem06/TridiagonalInverseNorm	NumStability.Source.Higham.Chapter15.Problem06.TridiagonalInverseNorm.TridiagonalInverseRuns	source	no	no	lu-problems
NumStability.Higham15Problem15_6.Problem15_6OperationalRun.lowerWeights	definition	public	NumStability.Algorithms.LU.Higham15Problem15_6Operational	S:Problem06/TridiagonalInverseNorm	NumStability.Source.Higham.Chapter15.Problem06.TridiagonalInverseNorm.TridiagonalInverseRuns	source	no	no	lu-problems
NumStability.Higham15Problem15_6.Problem15_6OperationalRun.maxComparisons	definition	public	NumStability.Algorithms.LU.Higham15Problem15_6Operational	S:Problem06/TridiagonalInverseNorm	NumStability.Source.Higham.Chapter15.Problem06.TridiagonalInverseNorm.TridiagonalInverseRuns	source	no	no	lu-problems
NumStability.Higham15Problem15_6.Problem15_6OperationalRun.mk	constructor	public	NumStability.Algorithms.LU.Higham15Problem15_6Operational	S:Problem06/TridiagonalInverseNorm	NumStability.Source.Higham.Chapter15.Problem06.TridiagonalInverseNorm.TridiagonalInverseRuns	source	no	no	lu-problems
NumStability.Higham15Problem15_6.Problem15_6OperationalRun.mk.inj	theorem	public	NumStability.Algorithms.LU.Higham15Problem15_6Operational	S:Problem06/TridiagonalInverseNorm	NumStability.Source.Higham.Chapter15.Problem06.TridiagonalInverseNorm.TridiagonalInverseRuns	source	no	no	lu-problems
NumStability.Higham15Problem15_6.Problem15_6OperationalRun.mk.injEq	theorem	public	NumStability.Algorithms.LU.Higham15Problem15_6Operational	S:Problem06/TridiagonalInverseNorm	NumStability.Source.Higham.Chapter15.Problem06.TridiagonalInverseNorm.TridiagonalInverseRuns	source	no	no	lu-problems
NumStability.Higham15Problem15_6.Problem15_6OperationalRun.mk.noConfusion	definition	public	NumStability.Algorithms.LU.Higham15Problem15_6Operational	S:Problem06/TridiagonalInverseNorm	NumStability.Source.Higham.Chapter15.Problem06.TridiagonalInverseNorm.TridiagonalInverseRuns	source	no	no	lu-problems
NumStability.Higham15Problem15_6.Problem15_6OperationalRun.mk.sizeOf_spec	theorem	public	NumStability.Algorithms.LU.Higham15Problem15_6Operational	S:Problem06/TridiagonalInverseNorm	NumStability.Source.Higham.Chapter15.Problem06.TridiagonalInverseNorm.TridiagonalInverseRuns	source	no	no	lu-problems
NumStability.Higham15Problem15_6.Problem15_6OperationalRun.noConfusion	definition	public	NumStability.Algorithms.LU.Higham15Problem15_6Operational	S:Problem06/TridiagonalInverseNorm	NumStability.Source.Higham.Chapter15.Problem06.TridiagonalInverseNorm.TridiagonalInverseRuns	source	no	no	lu-problems
NumStability.Higham15Problem15_6.Problem15_6OperationalRun.noConfusionType	definition	public	NumStability.Algorithms.LU.Higham15Problem15_6Operational	S:Problem06/TridiagonalInverseNorm	NumStability.Source.Higham.Chapter15.Problem06.TridiagonalInverseNorm.TridiagonalInverseRuns	source	no	no	lu-problems
NumStability.Higham15Problem15_6.Problem15_6OperationalRun.output	definition	public	NumStability.Algorithms.LU.Higham15Problem15_6Operational	S:Problem06/TridiagonalInverseNorm	NumStability.Source.Higham.Chapter15.Problem06.TridiagonalInverseNorm.TridiagonalInverseRuns	source	no	no	lu-problems
NumStability.Higham15Problem15_6.Problem15_6OperationalRun.rec	recursor	public	NumStability.Algorithms.LU.Higham15Problem15_6Operational	S:Problem06/TridiagonalInverseNorm	NumStability.Source.Higham.Chapter15.Problem06.TridiagonalInverseNorm.TridiagonalInverseRuns	source	no	no	lu-problems
NumStability.Higham15Problem15_6.Problem15_6OperationalRun.recOn	definition	public	NumStability.Algorithms.LU.Higham15Problem15_6Operational	S:Problem06/TridiagonalInverseNorm	NumStability.Source.Higham.Chapter15.Problem06.TridiagonalInverseNorm.TridiagonalInverseRuns	source	no	no	lu-problems
NumStability.Higham15Problem15_6.Problem15_6OperationalRun.scalarOps	definition	public	NumStability.Algorithms.LU.Higham15Problem15_6Operational	S:Problem06/TridiagonalInverseNorm	NumStability.Source.Higham.Chapter15.Problem06.TridiagonalInverseNorm.TridiagonalInverseRuns	source	no	no	lu-problems
NumStability.Higham15Problem15_6.Problem15_6OperationalRun.upperSuffix	definition	public	NumStability.Algorithms.LU.Higham15Problem15_6Operational	S:Problem06/TridiagonalInverseNorm	NumStability.Source.Higham.Chapter15.Problem06.TridiagonalInverseNorm.TridiagonalInverseRuns	source	no	no	lu-problems
NumStability.Higham15Problem15_6.Problem15_6OperationalRun.upperWeights	definition	public	NumStability.Algorithms.LU.Higham15Problem15_6Operational	S:Problem06/TridiagonalInverseNorm	NumStability.Source.Higham.Chapter15.Problem06.TridiagonalInverseNorm.TridiagonalInverseRuns	source	no	no	lu-problems
NumStability.Higham15Problem15_6.Problem15_6StoredFactorsOperational	inductive	public	NumStability.Algorithms.LU.Higham15Problem15_6Operational	S:Problem06/TridiagonalInverseNorm	NumStability.Source.Higham.Chapter15.Problem06.TridiagonalInverseNorm.TridiagonalInverseRuns	source	no	no	lu-problems
NumStability.Higham15Problem15_6.Problem15_6StoredFactorsOperational.casesOn	definition	public	NumStability.Algorithms.LU.Higham15Problem15_6Operational	S:Problem06/TridiagonalInverseNorm	NumStability.Source.Higham.Chapter15.Problem06.TridiagonalInverseNorm.TridiagonalInverseRuns	source	no	no	lu-problems
NumStability.Higham15Problem15_6.Problem15_6StoredFactorsOperational.ctorIdx	definition	public	NumStability.Algorithms.LU.Higham15Problem15_6Operational	S:Problem06/TridiagonalInverseNorm	NumStability.Source.Higham.Chapter15.Problem06.TridiagonalInverseNorm.TridiagonalInverseRuns	source	no	no	lu-problems
NumStability.Higham15Problem15_6.Problem15_6StoredFactorsOperational.mk	constructor	public	NumStability.Algorithms.LU.Higham15Problem15_6Operational	S:Problem06/TridiagonalInverseNorm	NumStability.Source.Higham.Chapter15.Problem06.TridiagonalInverseNorm.TridiagonalInverseRuns	source	no	no	lu-problems
NumStability.Higham15Problem15_6.Problem15_6StoredFactorsOperational.mk.inj	theorem	public	NumStability.Algorithms.LU.Higham15Problem15_6Operational	S:Problem06/TridiagonalInverseNorm	NumStability.Source.Higham.Chapter15.Problem06.TridiagonalInverseNorm.TridiagonalInverseRuns	source	no	no	lu-problems
NumStability.Higham15Problem15_6.Problem15_6StoredFactorsOperational.mk.injEq	theorem	public	NumStability.Algorithms.LU.Higham15Problem15_6Operational	S:Problem06/TridiagonalInverseNorm	NumStability.Source.Higham.Chapter15.Problem06.TridiagonalInverseNorm.TridiagonalInverseRuns	source	no	no	lu-problems
NumStability.Higham15Problem15_6.Problem15_6StoredFactorsOperational.mk.noConfusion	definition	public	NumStability.Algorithms.LU.Higham15Problem15_6Operational	S:Problem06/TridiagonalInverseNorm	NumStability.Source.Higham.Chapter15.Problem06.TridiagonalInverseNorm.TridiagonalInverseRuns	source	no	no	lu-problems
NumStability.Higham15Problem15_6.Problem15_6StoredFactorsOperational.mk.sizeOf_spec	theorem	public	NumStability.Algorithms.LU.Higham15Problem15_6Operational	S:Problem06/TridiagonalInverseNorm	NumStability.Source.Higham.Chapter15.Problem06.TridiagonalInverseNorm.TridiagonalInverseRuns	source	no	no	lu-problems
NumStability.Higham15Problem15_6.Problem15_6StoredFactorsOperational.noConfusion	definition	public	NumStability.Algorithms.LU.Higham15Problem15_6Operational	S:Problem06/TridiagonalInverseNorm	NumStability.Source.Higham.Chapter15.Problem06.TridiagonalInverseNorm.TridiagonalInverseRuns	source	no	no	lu-problems
NumStability.Higham15Problem15_6.Problem15_6StoredFactorsOperational.noConfusionType	definition	public	NumStability.Algorithms.LU.Higham15Problem15_6Operational	S:Problem06/TridiagonalInverseNorm	NumStability.Source.Higham.Chapter15.Problem06.TridiagonalInverseNorm.TridiagonalInverseRuns	source	no	no	lu-problems
NumStability.Higham15Problem15_6.Problem15_6StoredFactorsOperational.p	definition	public	NumStability.Algorithms.LU.Higham15Problem15_6Operational	S:Problem06/TridiagonalInverseNorm	NumStability.Source.Higham.Chapter15.Problem06.TridiagonalInverseNorm.TridiagonalInverseRuns	source	no	no	lu-problems
NumStability.Higham15Problem15_6.Problem15_6StoredFactorsOperational.q	definition	public	NumStability.Algorithms.LU.Higham15Problem15_6Operational	S:Problem06/TridiagonalInverseNorm	NumStability.Source.Higham.Chapter15.Problem06.TridiagonalInverseNorm.TridiagonalInverseRuns	source	no	no	lu-problems
NumStability.Higham15Problem15_6.Problem15_6StoredFactorsOperational.rec	recursor	public	NumStability.Algorithms.LU.Higham15Problem15_6Operational	S:Problem06/TridiagonalInverseNorm	NumStability.Source.Higham.Chapter15.Problem06.TridiagonalInverseNorm.TridiagonalInverseRuns	source	no	no	lu-problems
NumStability.Higham15Problem15_6.Problem15_6StoredFactorsOperational.recOn	definition	public	NumStability.Algorithms.LU.Higham15Problem15_6Operational	S:Problem06/TridiagonalInverseNorm	NumStability.Source.Higham.Chapter15.Problem06.TridiagonalInverseNorm.TridiagonalInverseRuns	source	no	no	lu-problems
NumStability.Higham15Problem15_6.Problem15_6StoredFactorsOperational.x	definition	public	NumStability.Algorithms.LU.Higham15Problem15_6Operational	S:Problem06/TridiagonalInverseNorm	NumStability.Source.Higham.Chapter15.Problem06.TridiagonalInverseNorm.TridiagonalInverseRuns	source	no	no	lu-problems
NumStability.Higham15Problem15_6.Problem15_6StoredFactorsOperational.y	definition	public	NumStability.Algorithms.LU.Higham15Problem15_6Operational	S:Problem06/TridiagonalInverseNorm	NumStability.Source.Higham.Chapter15.Problem06.TridiagonalInverseNorm.TridiagonalInverseRuns	source	no	no	lu-problems
NumStability.Higham15Problem15_6.WorkspaceOperational	inductive	public	NumStability.Algorithms.LU.Higham15Problem15_6Operational	S:Problem06/TridiagonalInverseNorm	NumStability.Source.Higham.Chapter15.Problem06.TridiagonalInverseNorm.TridiagonalInverseRuns	source	no	no	lu-problems
NumStability.Higham15Problem15_6.WorkspaceOperational.casesOn	definition	public	NumStability.Algorithms.LU.Higham15Problem15_6Operational	S:Problem06/TridiagonalInverseNorm	NumStability.Source.Higham.Chapter15.Problem06.TridiagonalInverseNorm.TridiagonalInverseRuns	source	no	no	lu-problems
NumStability.Higham15Problem15_6.WorkspaceOperational.ctorIdx	definition	public	NumStability.Algorithms.LU.Higham15Problem15_6Operational	S:Problem06/TridiagonalInverseNorm	NumStability.Source.Higham.Chapter15.Problem06.TridiagonalInverseNorm.TridiagonalInverseRuns	source	no	no	lu-problems
NumStability.Higham15Problem15_6.WorkspaceOperational.lower	definition	public	NumStability.Algorithms.LU.Higham15Problem15_6Operational	S:Problem06/TridiagonalInverseNorm	NumStability.Source.Higham.Chapter15.Problem06.TridiagonalInverseNorm.TridiagonalInverseRuns	source	no	no	lu-problems
NumStability.Higham15Problem15_6.WorkspaceOperational.lower_size	theorem	public	NumStability.Algorithms.LU.Higham15Problem15_6Operational	S:Problem06/TridiagonalInverseNorm	NumStability.Source.Higham.Chapter15.Problem06.TridiagonalInverseNorm.TridiagonalInverseRuns	source	no	no	lu-problems
NumStability.Higham15Problem15_6.WorkspaceOperational.mk	constructor	public	NumStability.Algorithms.LU.Higham15Problem15_6Operational	S:Problem06/TridiagonalInverseNorm	NumStability.Source.Higham.Chapter15.Problem06.TridiagonalInverseNorm.TridiagonalInverseRuns	source	no	no	lu-problems
NumStability.Higham15Problem15_6.WorkspaceOperational.mk.inj	theorem	public	NumStability.Algorithms.LU.Higham15Problem15_6Operational	S:Problem06/TridiagonalInverseNorm	NumStability.Source.Higham.Chapter15.Problem06.TridiagonalInverseNorm.TridiagonalInverseRuns	source	no	no	lu-problems
NumStability.Higham15Problem15_6.WorkspaceOperational.mk.injEq	theorem	public	NumStability.Algorithms.LU.Higham15Problem15_6Operational	S:Problem06/TridiagonalInverseNorm	NumStability.Source.Higham.Chapter15.Problem06.TridiagonalInverseNorm.TridiagonalInverseRuns	source	no	no	lu-problems
NumStability.Higham15Problem15_6.WorkspaceOperational.mk.noConfusion	definition	public	NumStability.Algorithms.LU.Higham15Problem15_6Operational	S:Problem06/TridiagonalInverseNorm	NumStability.Source.Higham.Chapter15.Problem06.TridiagonalInverseNorm.TridiagonalInverseRuns	source	no	no	lu-problems
NumStability.Higham15Problem15_6.WorkspaceOperational.mk.sizeOf_spec	theorem	public	NumStability.Algorithms.LU.Higham15Problem15_6Operational	S:Problem06/TridiagonalInverseNorm	NumStability.Source.Higham.Chapter15.Problem06.TridiagonalInverseNorm.TridiagonalInverseRuns	source	no	no	lu-problems
NumStability.Higham15Problem15_6.WorkspaceOperational.noConfusion	definition	public	NumStability.Algorithms.LU.Higham15Problem15_6Operational	S:Problem06/TridiagonalInverseNorm	NumStability.Source.Higham.Chapter15.Problem06.TridiagonalInverseNorm.TridiagonalInverseRuns	source	no	no	lu-problems
NumStability.Higham15Problem15_6.WorkspaceOperational.noConfusionType	definition	public	NumStability.Algorithms.LU.Higham15Problem15_6Operational	S:Problem06/TridiagonalInverseNorm	NumStability.Source.Higham.Chapter15.Problem06.TridiagonalInverseNorm.TridiagonalInverseRuns	source	no	no	lu-problems
NumStability.Higham15Problem15_6.WorkspaceOperational.rec	recursor	public	NumStability.Algorithms.LU.Higham15Problem15_6Operational	S:Problem06/TridiagonalInverseNorm	NumStability.Source.Higham.Chapter15.Problem06.TridiagonalInverseNorm.TridiagonalInverseRuns	source	no	no	lu-problems
NumStability.Higham15Problem15_6.WorkspaceOperational.recOn	definition	public	NumStability.Algorithms.LU.Higham15Problem15_6Operational	S:Problem06/TridiagonalInverseNorm	NumStability.Source.Higham.Chapter15.Problem06.TridiagonalInverseNorm.TridiagonalInverseRuns	source	no	no	lu-problems
NumStability.Higham15Problem15_6.WorkspaceOperational.upper	definition	public	NumStability.Algorithms.LU.Higham15Problem15_6Operational	S:Problem06/TridiagonalInverseNorm	NumStability.Source.Higham.Chapter15.Problem06.TridiagonalInverseNorm.TridiagonalInverseRuns	source	no	no	lu-problems
NumStability.Higham15Problem15_6.WorkspaceOperational.upper_size	theorem	public	NumStability.Algorithms.LU.Higham15Problem15_6Operational	S:Problem06/TridiagonalInverseNorm	NumStability.Source.Higham.Chapter15.Problem06.TridiagonalInverseNorm.TridiagonalInverseRuns	source	no	no	lu-problems
NumStability.Higham15Problem15_6.absInvMul_correct	theorem	public	NumStability.Algorithms.LU.Higham15Problem15_6Closure	RETAIN	NumStability.Algorithms.LU.Higham15Problem15_6Closure	historical	yes	no	lu-problems
NumStability.Higham15Problem15_6.backwardColumnArrayOperational	definition	public	NumStability.Algorithms.LU.Higham15Problem15_6Operational	S:Problem06/TridiagonalInverseNorm	NumStability.Source.Higham.Chapter15.Problem06.TridiagonalInverseNorm.TridiagonalInverseRuns	source	no	no	lu-problems
NumStability.Higham15Problem15_6.backwardColumnArrayOperational_get	theorem	public	NumStability.Algorithms.LU.Higham15Problem15_6Operational	S:Problem06/TridiagonalInverseNorm	NumStability.Source.Higham.Chapter15.Problem06.TridiagonalInverseNorm.TridiagonalInverseRuns	source	no	no	lu-problems
NumStability.Higham15Problem15_6.backwardColumnArrayOperational_size	theorem	public	NumStability.Algorithms.LU.Higham15Problem15_6Operational	S:Problem06/TridiagonalInverseNorm	NumStability.Source.Higham.Chapter15.Problem06.TridiagonalInverseNorm.TridiagonalInverseRuns	source	no	no	lu-problems
NumStability.Higham15Problem15_6.backwardColumnNat	definition	public	NumStability.Algorithms.LU.Higham15Problem15_6	S:Problem06/TridiagonalInverseNorm	NumStability.Source.Higham.Chapter15.Problem06.TridiagonalInverseNorm.TridiagonalInverse	source	no	no	lu-problems
NumStability.Higham15Problem15_6.backwardColumnVectorOperational	definition	public	NumStability.Algorithms.LU.Higham15Problem15_6Operational	S:Problem06/TridiagonalInverseNorm	NumStability.Source.Higham.Chapter15.Problem06.TridiagonalInverseNorm.TridiagonalInverseRuns	source	no	no	lu-problems
NumStability.Higham15Problem15_6.backwardColumnVectorOperational_get	theorem	public	NumStability.Algorithms.LU.Higham15Problem15_6Operational	S:Problem06/TridiagonalInverseNorm	NumStability.Source.Higham.Chapter15.Problem06.TridiagonalInverseNorm.TridiagonalInverseRuns	source	no	no	lu-problems
NumStability.Higham15Problem15_6.backwardRowArrayOperational	definition	public	NumStability.Algorithms.LU.Higham15Problem15_6Operational	S:Problem06/TridiagonalInverseNorm	NumStability.Source.Higham.Chapter15.Problem06.TridiagonalInverseNorm.TridiagonalInverseRuns	source	no	no	lu-problems
NumStability.Higham15Problem15_6.backwardRowArrayOperational_get	theorem	public	NumStability.Algorithms.LU.Higham15Problem15_6Operational	S:Problem06/TridiagonalInverseNorm	NumStability.Source.Higham.Chapter15.Problem06.TridiagonalInverseNorm.TridiagonalInverseRuns	source	no	no	lu-problems
NumStability.Higham15Problem15_6.backwardRowArrayOperational_size	theorem	public	NumStability.Algorithms.LU.Higham15Problem15_6Operational	S:Problem06/TridiagonalInverseNorm	NumStability.Source.Higham.Chapter15.Problem06.TridiagonalInverseNorm.TridiagonalInverseRuns	source	no	no	lu-problems
NumStability.Higham15Problem15_6.backwardRowNat	definition	public	NumStability.Algorithms.LU.Higham15Problem15_6	S:Problem06/TridiagonalInverseNorm	NumStability.Source.Higham.Chapter15.Problem06.TridiagonalInverseNorm.TridiagonalInverse	source	no	no	lu-problems
NumStability.Higham15Problem15_6.backwardRowVectorOperational	definition	public	NumStability.Algorithms.LU.Higham15Problem15_6Operational	S:Problem06/TridiagonalInverseNorm	NumStability.Source.Higham.Chapter15.Problem06.TridiagonalInverseNorm.TridiagonalInverseRuns	source	no	no	lu-problems
NumStability.Higham15Problem15_6.backwardRowVectorOperational_get	theorem	public	NumStability.Algorithms.LU.Higham15Problem15_6Operational	S:Problem06/TridiagonalInverseNorm	NumStability.Source.Higham.Chapter15.Problem06.TridiagonalInverseNorm.TridiagonalInverseRuns	source	no	no	lu-problems
NumStability.Higham15Problem15_6.backward_column_scaled	theorem	public	NumStability.Algorithms.LU.Higham15Problem15_6Closure	RETAIN	NumStability.Algorithms.LU.Higham15Problem15_6Closure	historical	yes	no	lu-problems
NumStability.Higham15Problem15_6.backward_row_scaled	theorem	public	NumStability.Algorithms.LU.Higham15Problem15_6Closure	RETAIN	NumStability.Algorithms.LU.Higham15Problem15_6Closure	historical	yes	no	lu-problems
NumStability.Higham15Problem15_6.diagAt	definition	public	NumStability.Algorithms.LU.Higham15Problem15_6	S:Problem06/TridiagonalInverseNorm	NumStability.Source.Higham.Chapter15.Problem06.TridiagonalInverseNorm.TridiagonalInverse	source	no	no	lu-problems
NumStability.Higham15Problem15_6.diagAt_of_lt	theorem	public	NumStability.Algorithms.LU.Higham15Problem15_6	S:Problem06/TridiagonalInverseNorm	NumStability.Source.Higham.Chapter15.Problem06.TridiagonalInverseNorm.TridiagonalInverse	source	no	no	lu-problems
NumStability.Higham15Problem15_6.finVectorAt	definition	public	NumStability.Algorithms.LU.Higham15Problem15_6Closure	S:Problem06/TridiagonalInverseNorm	NumStability.Source.Higham.Chapter15.Problem06.TridiagonalInverseNorm.TridiagonalInverseCompletion	source	no	no	lu-problems
NumStability.Higham15Problem15_6.finVectorAt_of_lt	theorem	public	NumStability.Algorithms.LU.Higham15Problem15_6Closure	S:Problem06/TridiagonalInverseNorm	NumStability.Source.Higham.Chapter15.Problem06.TridiagonalInverseNorm.TridiagonalInverseCompletion	source	no	no	lu-problems
NumStability.Higham15Problem15_6.forwardColumnArrayOperational	definition	public	NumStability.Algorithms.LU.Higham15Problem15_6Operational	S:Problem06/TridiagonalInverseNorm	NumStability.Source.Higham.Chapter15.Problem06.TridiagonalInverseNorm.TridiagonalInverseRuns	source	no	no	lu-problems
NumStability.Higham15Problem15_6.forwardColumnArrayOperational_get	theorem	public	NumStability.Algorithms.LU.Higham15Problem15_6Operational	S:Problem06/TridiagonalInverseNorm	NumStability.Source.Higham.Chapter15.Problem06.TridiagonalInverseNorm.TridiagonalInverseRuns	source	no	no	lu-problems
NumStability.Higham15Problem15_6.forwardColumnArrayOperational_size	theorem	public	NumStability.Algorithms.LU.Higham15Problem15_6Operational	S:Problem06/TridiagonalInverseNorm	NumStability.Source.Higham.Chapter15.Problem06.TridiagonalInverseNorm.TridiagonalInverseRuns	source	no	no	lu-problems
NumStability.Higham15Problem15_6.forwardColumnNat	definition	public	NumStability.Algorithms.LU.Higham15Problem15_6	S:Problem06/TridiagonalInverseNorm	NumStability.Source.Higham.Chapter15.Problem06.TridiagonalInverseNorm.TridiagonalInverse	source	no	no	lu-problems
NumStability.Higham15Problem15_6.forwardColumnVectorOperational	definition	public	NumStability.Algorithms.LU.Higham15Problem15_6Operational	S:Problem06/TridiagonalInverseNorm	NumStability.Source.Higham.Chapter15.Problem06.TridiagonalInverseNorm.TridiagonalInverseRuns	source	no	no	lu-problems
NumStability.Higham15Problem15_6.forwardColumnVectorOperational_get	theorem	public	NumStability.Algorithms.LU.Higham15Problem15_6Operational	S:Problem06/TridiagonalInverseNorm	NumStability.Source.Higham.Chapter15.Problem06.TridiagonalInverseNorm.TridiagonalInverseRuns	source	no	no	lu-problems
NumStability.Higham15Problem15_6.forwardRowArrayOperational	definition	public	NumStability.Algorithms.LU.Higham15Problem15_6Operational	S:Problem06/TridiagonalInverseNorm	NumStability.Source.Higham.Chapter15.Problem06.TridiagonalInverseNorm.TridiagonalInverseRuns	source	no	no	lu-problems
NumStability.Higham15Problem15_6.forwardRowArrayOperational_get	theorem	public	NumStability.Algorithms.LU.Higham15Problem15_6Operational	S:Problem06/TridiagonalInverseNorm	NumStability.Source.Higham.Chapter15.Problem06.TridiagonalInverseNorm.TridiagonalInverseRuns	source	no	no	lu-problems
NumStability.Higham15Problem15_6.forwardRowArrayOperational_size	theorem	public	NumStability.Algorithms.LU.Higham15Problem15_6Operational	S:Problem06/TridiagonalInverseNorm	NumStability.Source.Higham.Chapter15.Problem06.TridiagonalInverseNorm.TridiagonalInverseRuns	source	no	no	lu-problems
NumStability.Higham15Problem15_6.forwardRowNat	definition	public	NumStability.Algorithms.LU.Higham15Problem15_6	S:Problem06/TridiagonalInverseNorm	NumStability.Source.Higham.Chapter15.Problem06.TridiagonalInverseNorm.TridiagonalInverse	source	no	no	lu-problems
NumStability.Higham15Problem15_6.forwardRowVectorOperational	definition	public	NumStability.Algorithms.LU.Higham15Problem15_6Operational	S:Problem06/TridiagonalInverseNorm	NumStability.Source.Higham.Chapter15.Problem06.TridiagonalInverseNorm.TridiagonalInverseRuns	source	no	no	lu-problems
NumStability.Higham15Problem15_6.forwardRowVectorOperational_get	theorem	public	NumStability.Algorithms.LU.Higham15Problem15_6Operational	S:Problem06/TridiagonalInverseNorm	NumStability.Source.Higham.Chapter15.Problem06.TridiagonalInverseNorm.TridiagonalInverseRuns	source	no	no	lu-problems
NumStability.Higham15Problem15_6.forward_column_scaled	theorem	public	NumStability.Algorithms.LU.Higham15Problem15_6Closure	RETAIN	NumStability.Algorithms.LU.Higham15Problem15_6Closure	historical	yes	no	lu-problems
NumStability.Higham15Problem15_6.forward_row_scaled	theorem	public	NumStability.Algorithms.LU.Higham15Problem15_6Closure	RETAIN	NumStability.Algorithms.LU.Higham15Problem15_6Closure	historical	yes	no	lu-problems
NumStability.Higham15Problem15_6.infNorm_correct	theorem	public	NumStability.Algorithms.LU.Higham15Problem15_6Closure	RETAIN	NumStability.Algorithms.LU.Higham15Problem15_6Closure	historical	yes	no	lu-problems
NumStability.Higham15Problem15_6.listVectorCongrOperational_get	theorem	public	NumStability.Algorithms.LU.Higham15Problem15_6Operational	S:Problem06/TridiagonalInverseNorm	NumStability.Source.Higham.Chapter15.Problem06.TridiagonalInverseNorm.TridiagonalInverseRuns	source	no	no	lu-problems
NumStability.Higham15Problem15_6.listVectorReverseOperational_get	theorem	public	NumStability.Algorithms.LU.Higham15Problem15_6Operational	S:Problem06/TridiagonalInverseNorm	NumStability.Source.Higham.Chapter15.Problem06.TridiagonalInverseNorm.TridiagonalInverseRuns	source	no	no	lu-problems
NumStability.Higham15Problem15_6.listVectorScanOperational_get_of_get	theorem	public	NumStability.Algorithms.LU.Higham15Problem15_6Operational	S:Problem06/TridiagonalInverseNorm	NumStability.Source.Higham.Chapter15.Problem06.TridiagonalInverseNorm.TridiagonalInverseRuns	source	no	no	lu-problems
NumStability.Higham15Problem15_6.lowerPrefixVectorOfWeightsOperational	definition	public	NumStability.Algorithms.LU.Higham15Problem15_6Operational	S:Problem06/TridiagonalInverseNorm	NumStability.Source.Higham.Chapter15.Problem06.TridiagonalInverseNorm.TridiagonalInverseRuns	source	no	no	lu-problems
NumStability.Higham15Problem15_6.lowerWeightVectorOfFactorsOperational	definition	public	NumStability.Algorithms.LU.Higham15Problem15_6Operational	S:Problem06/TridiagonalInverseNorm	NumStability.Source.Higham.Chapter15.Problem06.TridiagonalInverseNorm.TridiagonalInverseRuns	source	no	no	lu-problems
NumStability.Higham15Problem15_6.lower_factorization	theorem	public	NumStability.Algorithms.LU.Higham15Problem15_6Closure	RETAIN	NumStability.Algorithms.LU.Higham15Problem15_6Closure	historical	yes	no	lu-problems
NumStability.Higham15Problem15_6.p_correct	theorem	public	NumStability.Algorithms.LU.Higham15Problem15_6Closure	RETAIN	NumStability.Algorithms.LU.Higham15Problem15_6Closure	historical	yes	no	lu-problems
NumStability.Higham15Problem15_6.prefixReverseOperational_eq_suffix	theorem	public	NumStability.Algorithms.LU.Higham15Problem15_6Operational	S:Problem06/TridiagonalInverseNorm	NumStability.Source.Higham.Chapter15.Problem06.TridiagonalInverseNorm.TridiagonalInverseRuns	source	no	no	lu-problems
NumStability.Higham15Problem15_6.prefixScanNat	definition	public	NumStability.Algorithms.LU.Higham15Problem15_6Closure	S:Problem06/TridiagonalInverseNorm	NumStability.Source.Higham.Chapter15.Problem06.TridiagonalInverseNorm.TridiagonalInverseCompletion	source	no	no	lu-problems
NumStability.Higham15Problem15_6.prefixScanNat_const_mul	theorem	public	NumStability.Algorithms.LU.Higham15Problem15_6Closure	S:Problem06/TridiagonalInverseNorm	NumStability.Source.Higham.Chapter15.Problem06.TridiagonalInverseNorm.TridiagonalInverseCompletion	source	no	no	lu-problems
NumStability.Higham15Problem15_6.prefixScanNat_eq_sum	theorem	public	NumStability.Algorithms.LU.Higham15Problem15_6Closure	S:Problem06/TridiagonalInverseNorm	NumStability.Source.Higham.Chapter15.Problem06.TridiagonalInverseNorm.TridiagonalInverseCompletion	source	no	no	lu-problems
NumStability.Higham15Problem15_6.prefix_suffix_scan_split	theorem	public	NumStability.Algorithms.LU.Higham15Problem15_6Closure	S:Problem06/TridiagonalInverseNorm	NumStability.Source.Higham.Chapter15.Problem06.TridiagonalInverseNorm.TridiagonalInverseCompletion	source	no	no	lu-problems
NumStability.Higham15Problem15_6.problem15_6_absEvaluations	definition	public	NumStability.Algorithms.LU.Higham15Problem15_6Closure	S:Problem06/TridiagonalInverseNorm	NumStability.Source.Higham.Chapter15.Problem06.TridiagonalInverseNorm.TridiagonalInverseCompletion	source	no	no	lu-problems
NumStability.Higham15Problem15_6.problem15_6_absInvMul	definition	public	NumStability.Algorithms.LU.Higham15Problem15_6Closure	S:Problem06/TridiagonalInverseNorm	NumStability.Source.Higham.Chapter15.Problem06.TridiagonalInverseNorm.TridiagonalInverseCompletion	source	no	no	lu-problems
NumStability.Higham15Problem15_6.problem15_6_absInvMulOperational	definition	public	NumStability.Algorithms.LU.Higham15Problem15_6Operational	S:Problem06/TridiagonalInverseNorm	NumStability.Source.Higham.Chapter15.Problem06.TridiagonalInverseNorm.TridiagonalInverseRuns	source	no	no	lu-problems
NumStability.Higham15Problem15_6.problem15_6_absInvMulOperational_correct	theorem	public	NumStability.Algorithms.LU.Higham15Problem15_6Operational	RETAIN	NumStability.Algorithms.LU.Higham15Problem15_6Operational	historical	yes	no	lu-problems
NumStability.Higham15Problem15_6.problem15_6_absInvMulOperational_eq	theorem	public	NumStability.Algorithms.LU.Higham15Problem15_6Operational	S:Problem06/TridiagonalInverseNorm	NumStability.Source.Higham.Chapter15.Problem06.TridiagonalInverseNorm.TridiagonalInverseRuns	source	no	no	lu-problems
NumStability.Higham15Problem15_6.problem15_6_factors	definition	public	NumStability.Algorithms.LU.Higham15Problem15_6	S:Problem06/TridiagonalInverseNorm	NumStability.Source.Higham.Chapter15.Problem06.TridiagonalInverseNorm.TridiagonalInverse	source	no	no	lu-problems
NumStability.Higham15Problem15_6.problem15_6_infNorm	definition	public	NumStability.Algorithms.LU.Higham15Problem15_6Closure	S:Problem06/TridiagonalInverseNorm	NumStability.Source.Higham.Chapter15.Problem06.TridiagonalInverseNorm.TridiagonalInverseCompletion	source	no	no	lu-problems
NumStability.Higham15Problem15_6.problem15_6_infNormOperational	definition	public	NumStability.Algorithms.LU.Higham15Problem15_6Operational	S:Problem06/TridiagonalInverseNorm	NumStability.Source.Higham.Chapter15.Problem06.TridiagonalInverseNorm.TridiagonalInverseRuns	source	no	no	lu-problems
NumStability.Higham15Problem15_6.problem15_6_infNormOperational_correct	theorem	public	NumStability.Algorithms.LU.Higham15Problem15_6Operational	RETAIN	NumStability.Algorithms.LU.Higham15Problem15_6Operational	historical	yes	no	lu-problems
NumStability.Higham15Problem15_6.problem15_6_lowerPrefixVectorOperational	definition	public	NumStability.Algorithms.LU.Higham15Problem15_6Operational	S:Problem06/TridiagonalInverseNorm	NumStability.Source.Higham.Chapter15.Problem06.TridiagonalInverseNorm.TridiagonalInverseRuns	source	no	no	lu-problems
NumStability.Higham15Problem15_6.problem15_6_lowerPrefixVectorOperational_get	theorem	public	NumStability.Algorithms.LU.Higham15Problem15_6Operational	S:Problem06/TridiagonalInverseNorm	NumStability.Source.Higham.Chapter15.Problem06.TridiagonalInverseNorm.TridiagonalInverseRuns	source	no	no	lu-problems
NumStability.Higham15Problem15_6.problem15_6_lowerWeight	definition	public	NumStability.Algorithms.LU.Higham15Problem15_6Closure	S:Problem06/TridiagonalInverseNorm	NumStability.Source.Higham.Chapter15.Problem06.TridiagonalInverseNorm.TridiagonalInverseCompletion	source	no	no	lu-problems
NumStability.Higham15Problem15_6.problem15_6_lowerWeightVectorOperational	definition	public	NumStability.Algorithms.LU.Higham15Problem15_6Operational	S:Problem06/TridiagonalInverseNorm	NumStability.Source.Higham.Chapter15.Problem06.TridiagonalInverseNorm.TridiagonalInverseRuns	source	no	no	lu-problems
NumStability.Higham15Problem15_6.problem15_6_lowerWeightVectorOperational_get	theorem	public	NumStability.Algorithms.LU.Higham15Problem15_6Operational	S:Problem06/TridiagonalInverseNorm	NumStability.Source.Higham.Chapter15.Problem06.TridiagonalInverseNorm.TridiagonalInverseRuns	source	no	no	lu-problems
NumStability.Higham15Problem15_6.problem15_6_maxComparisons	definition	public	NumStability.Algorithms.LU.Higham15Problem15_6Closure	S:Problem06/TridiagonalInverseNorm	NumStability.Source.Higham.Chapter15.Problem06.TridiagonalInverseNorm.TridiagonalInverseCompletion	source	no	no	lu-problems
NumStability.Higham15Problem15_6.problem15_6_operationSchedule	definition	public	NumStability.Algorithms.LU.Higham15Problem15_6Closure	S:Problem06/TridiagonalInverseNorm	NumStability.Source.Higham.Chapter15.Problem06.TridiagonalInverseNorm.TridiagonalInverseCompletion	source	no	no	lu-problems
NumStability.Higham15Problem15_6.problem15_6_operationalRun	definition	public	NumStability.Algorithms.LU.Higham15Problem15_6Operational	S:Problem06/TridiagonalInverseNorm	NumStability.Source.Higham.Chapter15.Problem06.TridiagonalInverseNorm.TridiagonalInverseRuns	source	no	no	lu-problems
NumStability.Higham15Problem15_6.problem15_6_operationalRun_factors	theorem	public	NumStability.Algorithms.LU.Higham15Problem15_6Operational	S:Problem06/TridiagonalInverseNorm	NumStability.Source.Higham.Chapter15.Problem06.TridiagonalInverseNorm.TridiagonalInverseRuns	source	no	no	lu-problems
NumStability.Higham15Problem15_6.problem15_6_operationalRun_lowerPrefix	theorem	public	NumStability.Algorithms.LU.Higham15Problem15_6Operational	S:Problem06/TridiagonalInverseNorm	NumStability.Source.Higham.Chapter15.Problem06.TridiagonalInverseNorm.TridiagonalInverseRuns	source	no	no	lu-problems
NumStability.Higham15Problem15_6.problem15_6_operationalRun_output_get	theorem	public	NumStability.Algorithms.LU.Higham15Problem15_6Operational	S:Problem06/TridiagonalInverseNorm	NumStability.Source.Higham.Chapter15.Problem06.TridiagonalInverseNorm.TridiagonalInverseRuns	source	no	no	lu-problems
NumStability.Higham15Problem15_6.problem15_6_operationalRun_scalarOps_exact	theorem	public	NumStability.Algorithms.LU.Higham15Problem15_6Operational	S:Problem06/TridiagonalInverseNorm	NumStability.Source.Higham.Chapter15.Problem06.TridiagonalInverseNorm.TridiagonalInverseRuns	source	no	no	lu-problems
NumStability.Higham15Problem15_6.problem15_6_operationalRun_scalarOps_linear	theorem	public	NumStability.Algorithms.LU.Higham15Problem15_6Operational	S:Problem06/TridiagonalInverseNorm	NumStability.Source.Higham.Chapter15.Problem06.TridiagonalInverseNorm.TridiagonalInverseRuns	source	no	no	lu-problems
NumStability.Higham15Problem15_6.problem15_6_operationalRun_upperSuffix	theorem	public	NumStability.Algorithms.LU.Higham15Problem15_6Operational	S:Problem06/TridiagonalInverseNorm	NumStability.Source.Higham.Chapter15.Problem06.TridiagonalInverseNorm.TridiagonalInverseRuns	source	no	no	lu-problems
NumStability.Higham15Problem15_6.problem15_6_p	definition	public	NumStability.Algorithms.LU.Higham15Problem15_6	S:Problem06/TridiagonalInverseNorm	NumStability.Source.Higham.Chapter15.Problem06.TridiagonalInverseNorm.TridiagonalInverse	source	no	no	lu-problems
NumStability.Higham15Problem15_6.problem15_6_q	definition	public	NumStability.Algorithms.LU.Higham15Problem15_6	S:Problem06/TridiagonalInverseNorm	NumStability.Source.Higham.Chapter15.Problem06.TridiagonalInverseNorm.TridiagonalInverse	source	no	no	lu-problems
NumStability.Higham15Problem15_6.problem15_6_qBar	definition	public	NumStability.Algorithms.LU.Higham15Problem15_6	S:Problem06/TridiagonalInverseNorm	NumStability.Source.Higham.Chapter15.Problem06.TridiagonalInverseNorm.TridiagonalInverse	source	no	no	lu-problems
NumStability.Higham15Problem15_6.problem15_6_qResidual	definition	public	NumStability.Algorithms.LU.Higham15Problem15_6	S:Problem06/TridiagonalInverseNorm	NumStability.Source.Higham.Chapter15.Problem06.TridiagonalInverseNorm.TridiagonalInverse	source	no	no	lu-problems
NumStability.Higham15Problem15_6.problem15_6_recurrenceScalarOps	definition	public	NumStability.Algorithms.LU.Higham15Problem15_6Closure	S:Problem06/TridiagonalInverseNorm	NumStability.Source.Higham.Chapter15.Problem06.TridiagonalInverseNorm.TridiagonalInverseCompletion	source	no	no	lu-problems
NumStability.Higham15Problem15_6.problem15_6_scalarOps	definition	public	NumStability.Algorithms.LU.Higham15Problem15_6Closure	S:Problem06/TridiagonalInverseNorm	NumStability.Source.Higham.Chapter15.Problem06.TridiagonalInverseNorm.TridiagonalInverseCompletion	source	no	no	lu-problems
NumStability.Higham15Problem15_6.problem15_6_scalarOps_exact	theorem	public	NumStability.Algorithms.LU.Higham15Problem15_6Closure	S:Problem06/TridiagonalInverseNorm	NumStability.Source.Higham.Chapter15.Problem06.TridiagonalInverseNorm.TridiagonalInverseCompletion	source	no	no	lu-problems
NumStability.Higham15Problem15_6.problem15_6_scalarOps_linear	theorem	public	NumStability.Algorithms.LU.Higham15Problem15_6Closure	S:Problem06/TridiagonalInverseNorm	NumStability.Source.Higham.Chapter15.Problem06.TridiagonalInverseNorm.TridiagonalInverseCompletion	source	no	no	lu-problems
NumStability.Higham15Problem15_6.problem15_6_scalarOps_one	theorem	public	NumStability.Algorithms.LU.Higham15Problem15_6Closure	S:Problem06/TridiagonalInverseNorm	NumStability.Source.Higham.Chapter15.Problem06.TridiagonalInverseNorm.TridiagonalInverseCompletion	source	no	no	lu-problems
NumStability.Higham15Problem15_6.problem15_6_scalarOps_zero	theorem	public	NumStability.Algorithms.LU.Higham15Problem15_6Closure	S:Problem06/TridiagonalInverseNorm	NumStability.Source.Higham.Chapter15.Problem06.TridiagonalInverseNorm.TridiagonalInverseCompletion	source	no	no	lu-problems
NumStability.Higham15Problem15_6.problem15_6_storedFactorsOperational	definition	public	NumStability.Algorithms.LU.Higham15Problem15_6Operational	S:Problem06/TridiagonalInverseNorm	NumStability.Source.Higham.Chapter15.Problem06.TridiagonalInverseNorm.TridiagonalInverseRuns	source	no	no	lu-problems
NumStability.Higham15Problem15_6.problem15_6_storedFactorsOperational_p_get	theorem	public	NumStability.Algorithms.LU.Higham15Problem15_6Operational	S:Problem06/TridiagonalInverseNorm	NumStability.Source.Higham.Chapter15.Problem06.TridiagonalInverseNorm.TridiagonalInverseRuns	source	no	no	lu-problems
NumStability.Higham15Problem15_6.problem15_6_storedFactorsOperational_q_get	theorem	public	NumStability.Algorithms.LU.Higham15Problem15_6Operational	S:Problem06/TridiagonalInverseNorm	NumStability.Source.Higham.Chapter15.Problem06.TridiagonalInverseNorm.TridiagonalInverseRuns	source	no	no	lu-problems
NumStability.Higham15Problem15_6.problem15_6_storedFactorsOperational_x_get	theorem	public	NumStability.Algorithms.LU.Higham15Problem15_6Operational	S:Problem06/TridiagonalInverseNorm	NumStability.Source.Higham.Chapter15.Problem06.TridiagonalInverseNorm.TridiagonalInverseRuns	source	no	no	lu-problems
NumStability.Higham15Problem15_6.problem15_6_storedFactorsOperational_y_get	theorem	public	NumStability.Algorithms.LU.Higham15Problem15_6Operational	S:Problem06/TridiagonalInverseNorm	NumStability.Source.Higham.Chapter15.Problem06.TridiagonalInverseNorm.TridiagonalInverseRuns	source	no	no	lu-problems
NumStability.Higham15Problem15_6.problem15_6_upperSuffixVectorOperational	definition	public	NumStability.Algorithms.LU.Higham15Problem15_6Operational	S:Problem06/TridiagonalInverseNorm	NumStability.Source.Higham.Chapter15.Problem06.TridiagonalInverseNorm.TridiagonalInverseRuns	source	no	no	lu-problems
NumStability.Higham15Problem15_6.problem15_6_upperSuffixVectorOperational_get	theorem	public	NumStability.Algorithms.LU.Higham15Problem15_6Operational	S:Problem06/TridiagonalInverseNorm	NumStability.Source.Higham.Chapter15.Problem06.TridiagonalInverseNorm.TridiagonalInverseRuns	source	no	no	lu-problems
NumStability.Higham15Problem15_6.problem15_6_upperWeight	definition	public	NumStability.Algorithms.LU.Higham15Problem15_6Closure	S:Problem06/TridiagonalInverseNorm	NumStability.Source.Higham.Chapter15.Problem06.TridiagonalInverseNorm.TridiagonalInverseCompletion	source	no	no	lu-problems
NumStability.Higham15Problem15_6.problem15_6_upperWeightVectorOperational	definition	public	NumStability.Algorithms.LU.Higham15Problem15_6Operational	S:Problem06/TridiagonalInverseNorm	NumStability.Source.Higham.Chapter15.Problem06.TridiagonalInverseNorm.TridiagonalInverseRuns	source	no	no	lu-problems
NumStability.Higham15Problem15_6.problem15_6_upperWeightVectorOperational_get	theorem	public	NumStability.Algorithms.LU.Higham15Problem15_6Operational	S:Problem06/TridiagonalInverseNorm	NumStability.Source.Higham.Chapter15.Problem06.TridiagonalInverseNorm.TridiagonalInverseRuns	source	no	no	lu-problems
NumStability.Higham15Problem15_6.problem15_6_x	definition	public	NumStability.Algorithms.LU.Higham15Problem15_6	S:Problem06/TridiagonalInverseNorm	NumStability.Source.Higham.Chapter15.Problem06.TridiagonalInverseNorm.TridiagonalInverse	source	no	no	lu-problems
NumStability.Higham15Problem15_6.problem15_6_y	definition	public	NumStability.Algorithms.LU.Higham15Problem15_6	S:Problem06/TridiagonalInverseNorm	NumStability.Source.Higham.Chapter15.Problem06.TridiagonalInverseNorm.TridiagonalInverse	source	no	no	lu-problems
NumStability.Higham15Problem15_6.problem15_6_yBar	definition	public	NumStability.Algorithms.LU.Higham15Problem15_6	S:Problem06/TridiagonalInverseNorm	NumStability.Source.Higham.Chapter15.Problem06.TridiagonalInverseNorm.TridiagonalInverse	source	no	no	lu-problems
NumStability.Higham15Problem15_6.problem15_6_yResidual	definition	public	NumStability.Algorithms.LU.Higham15Problem15_6	S:Problem06/TridiagonalInverseNorm	NumStability.Source.Higham.Chapter15.Problem06.TridiagonalInverseNorm.TridiagonalInverse	source	no	no	lu-problems
NumStability.Higham15Problem15_6.qResidual_ne	theorem	public	NumStability.Algorithms.LU.Higham15Problem15_6Closure	RETAIN	NumStability.Algorithms.LU.Higham15Problem15_6Closure	historical	yes	no	lu-problems
NumStability.Higham15Problem15_6.qResidual_scaled	theorem	public	NumStability.Algorithms.LU.Higham15Problem15_6Closure	RETAIN	NumStability.Algorithms.LU.Higham15Problem15_6Closure	historical	yes	no	lu-problems
NumStability.Higham15Problem15_6.q_correct	theorem	public	NumStability.Algorithms.LU.Higham15Problem15_6Closure	RETAIN	NumStability.Algorithms.LU.Higham15Problem15_6Closure	historical	yes	no	lu-problems
NumStability.Higham15Problem15_6.reverseSuffixScanNat	definition	public	NumStability.Algorithms.LU.Higham15Problem15_6Closure	S:Problem06/TridiagonalInverseNorm	NumStability.Source.Higham.Chapter15.Problem06.TridiagonalInverseNorm.TridiagonalInverseCompletion	source	no	no	lu-problems
NumStability.Higham15Problem15_6.reverseSuffixScanNat_const_mul	theorem	public	NumStability.Algorithms.LU.Higham15Problem15_6Closure	S:Problem06/TridiagonalInverseNorm	NumStability.Source.Higham.Chapter15.Problem06.TridiagonalInverseNorm.TridiagonalInverseCompletion	source	no	no	lu-problems
NumStability.Higham15Problem15_6.reverseSuffixScanNat_eq_sum	theorem	public	NumStability.Algorithms.LU.Higham15Problem15_6Closure	S:Problem06/TridiagonalInverseNorm	NumStability.Source.Higham.Chapter15.Problem06.TridiagonalInverseNorm.TridiagonalInverseCompletion	source	no	no	lu-problems
NumStability.Higham15Problem15_6.reverseSuffixScanNat_eq_sum_Ico	theorem	public	NumStability.Algorithms.LU.Higham15Problem15_6Closure	S:Problem06/TridiagonalInverseNorm	NumStability.Source.Higham.Chapter15.Problem06.TridiagonalInverseNorm.TridiagonalInverseCompletion	source	no	no	lu-problems
NumStability.Higham15Problem15_6.rowArrayOperational	definition	public	NumStability.Algorithms.LU.Higham15Problem15_6Operational	S:Problem06/TridiagonalInverseNorm	NumStability.Source.Higham.Chapter15.Problem06.TridiagonalInverseNorm.TridiagonalInverseRuns	source	no	no	lu-problems
NumStability.Higham15Problem15_6.rowArrayOperational_get	theorem	public	NumStability.Algorithms.LU.Higham15Problem15_6Operational	S:Problem06/TridiagonalInverseNorm	NumStability.Source.Higham.Chapter15.Problem06.TridiagonalInverseNorm.TridiagonalInverseRuns	source	no	no	lu-problems
NumStability.Higham15Problem15_6.rowArrayOperational_size	theorem	public	NumStability.Algorithms.LU.Higham15Problem15_6Operational	S:Problem06/TridiagonalInverseNorm	NumStability.Source.Higham.Chapter15.Problem06.TridiagonalInverseNorm.TridiagonalInverseRuns	source	no	no	lu-problems
NumStability.Higham15Problem15_6.scanStatesOperational	definition	public	NumStability.Algorithms.LU.Higham15Problem15_6Operational	S:Problem06/TridiagonalInverseNorm	NumStability.Source.Higham.Chapter15.Problem06.TridiagonalInverseNorm.TridiagonalInverseRuns	source	no	no	lu-problems
NumStability.Higham15Problem15_6.scanStatesOperational_get	theorem	public	NumStability.Algorithms.LU.Higham15Problem15_6Operational	S:Problem06/TridiagonalInverseNorm	NumStability.Source.Higham.Chapter15.Problem06.TridiagonalInverseNorm.TridiagonalInverseRuns	source	no	no	lu-problems
NumStability.Higham15Problem15_6.scanStatesOperational_size	theorem	public	NumStability.Algorithms.LU.Higham15Problem15_6Operational	S:Problem06/TridiagonalInverseNorm	NumStability.Source.Higham.Chapter15.Problem06.TridiagonalInverseNorm.TridiagonalInverseRuns	source	no	no	lu-problems
NumStability.Higham15Problem15_6.storedQResidualOperational	definition	public	NumStability.Algorithms.LU.Higham15Problem15_6Operational	S:Problem06/TridiagonalInverseNorm	NumStability.Source.Higham.Chapter15.Problem06.TridiagonalInverseNorm.TridiagonalInverseRuns	source	no	no	lu-problems
NumStability.Higham15Problem15_6.storedQResidualOperational_eq	theorem	public	NumStability.Algorithms.LU.Higham15Problem15_6Operational	S:Problem06/TridiagonalInverseNorm	NumStability.Source.Higham.Chapter15.Problem06.TridiagonalInverseNorm.TridiagonalInverseRuns	source	no	no	lu-problems
NumStability.Higham15Problem15_6.storedYResidualOperational	definition	public	NumStability.Algorithms.LU.Higham15Problem15_6Operational	S:Problem06/TridiagonalInverseNorm	NumStability.Source.Higham.Chapter15.Problem06.TridiagonalInverseNorm.TridiagonalInverseRuns	source	no	no	lu-problems
NumStability.Higham15Problem15_6.storedYResidualOperational_eq	theorem	public	NumStability.Algorithms.LU.Higham15Problem15_6Operational	S:Problem06/TridiagonalInverseNorm	NumStability.Source.Higham.Chapter15.Problem06.TridiagonalInverseNorm.TridiagonalInverseRuns	source	no	no	lu-problems
NumStability.Higham15Problem15_6.subAt	definition	public	NumStability.Algorithms.LU.Higham15Problem15_6	S:Problem06/TridiagonalInverseNorm	NumStability.Source.Higham.Chapter15.Problem06.TridiagonalInverseNorm.TridiagonalInverse	source	no	no	lu-problems
NumStability.Higham15Problem15_6.subAt_of_lt	theorem	public	NumStability.Algorithms.LU.Higham15Problem15_6	S:Problem06/TridiagonalInverseNorm	NumStability.Source.Higham.Chapter15.Problem06.TridiagonalInverseNorm.TridiagonalInverse	source	no	no	lu-problems
NumStability.Higham15Problem15_6.superAt	definition	public	NumStability.Algorithms.LU.Higham15Problem15_6	S:Problem06/TridiagonalInverseNorm	NumStability.Source.Higham.Chapter15.Problem06.TridiagonalInverseNorm.TridiagonalInverse	source	no	no	lu-problems
NumStability.Higham15Problem15_6.superAt_of_lt	theorem	public	NumStability.Algorithms.LU.Higham15Problem15_6	S:Problem06/TridiagonalInverseNorm	NumStability.Source.Higham.Chapter15.Problem06.TridiagonalInverseNorm.TridiagonalInverse	source	no	no	lu-problems
NumStability.Higham15Problem15_6.transposeData	definition	public	NumStability.Algorithms.LU.Higham15Problem15_6	S:Problem06/TridiagonalInverseNorm	NumStability.Source.Higham.Chapter15.Problem06.TridiagonalInverseNorm.TridiagonalInverse	source	no	no	lu-problems
NumStability.Higham15Problem15_6.transposeData_matrix	theorem	public	NumStability.Algorithms.LU.Higham15Problem15_6	S:Problem06/TridiagonalInverseNorm	NumStability.Source.Higham.Chapter15.Problem06.TridiagonalInverseNorm.TridiagonalInverse	source	no	no	lu-problems
NumStability.Higham15Problem15_6.tridiag_mulVec_entry	theorem	public	NumStability.Algorithms.LU.Higham15Problem15_6	RETAIN	NumStability.Algorithms.LU.Higham15Problem15_6	historical	yes	no	lu-problems
NumStability.Higham15Problem15_6.tridiag_vecMul_entry	theorem	public	NumStability.Algorithms.LU.Higham15Problem15_6	RETAIN	NumStability.Algorithms.LU.Higham15Problem15_6	historical	yes	no	lu-problems
NumStability.Higham15Problem15_6.twoStepArrayOperational	definition	public	NumStability.Algorithms.LU.Higham15Problem15_6Operational	S:Problem06/TridiagonalInverseNorm	NumStability.Source.Higham.Chapter15.Problem06.TridiagonalInverseNorm.TridiagonalInverseRuns	source	no	no	lu-problems
NumStability.Higham15Problem15_6.twoStepArrayOperational_get_of_recurrence	theorem	public	NumStability.Algorithms.LU.Higham15Problem15_6Operational	S:Problem06/TridiagonalInverseNorm	NumStability.Source.Higham.Chapter15.Problem06.TridiagonalInverseNorm.TridiagonalInverseRuns	source	no	no	lu-problems
NumStability.Higham15Problem15_6.twoStepArrayOperational_size	theorem	public	NumStability.Algorithms.LU.Higham15Problem15_6Operational	S:Problem06/TridiagonalInverseNorm	NumStability.Source.Higham.Chapter15.Problem06.TridiagonalInverseNorm.TridiagonalInverseRuns	source	no	no	lu-problems
NumStability.Higham15Problem15_6.twoStepStateArrayOperational	definition	public	NumStability.Algorithms.LU.Higham15Problem15_6Operational	S:Problem06/TridiagonalInverseNorm	NumStability.Source.Higham.Chapter15.Problem06.TridiagonalInverseNorm.TridiagonalInverseRuns	source	no	no	lu-problems
NumStability.Higham15Problem15_6.twoStepStateArrayOperational_get_of_recurrence	theorem	public	NumStability.Algorithms.LU.Higham15Problem15_6Operational	S:Problem06/TridiagonalInverseNorm	NumStability.Source.Higham.Chapter15.Problem06.TridiagonalInverseNorm.TridiagonalInverseRuns	source	no	no	lu-problems
NumStability.Higham15Problem15_6.twoStepStateArrayOperational_size	theorem	public	NumStability.Algorithms.LU.Higham15Problem15_6Operational	S:Problem06/TridiagonalInverseNorm	NumStability.Source.Higham.Chapter15.Problem06.TridiagonalInverseNorm.TridiagonalInverseRuns	source	no	no	lu-problems
NumStability.Higham15Problem15_6.upperSuffixVectorOfWeightsOperational	definition	public	NumStability.Algorithms.LU.Higham15Problem15_6Operational	S:Problem06/TridiagonalInverseNorm	NumStability.Source.Higham.Chapter15.Problem06.TridiagonalInverseNorm.TridiagonalInverseRuns	source	no	no	lu-problems
NumStability.Higham15Problem15_6.upperWeightVectorOfFactorsOperational	definition	public	NumStability.Algorithms.LU.Higham15Problem15_6Operational	S:Problem06/TridiagonalInverseNorm	NumStability.Source.Higham.Chapter15.Problem06.TridiagonalInverseNorm.TridiagonalInverseRuns	source	no	no	lu-problems
NumStability.Higham15Problem15_6.upper_factorization	theorem	public	NumStability.Algorithms.LU.Higham15Problem15_6Closure	RETAIN	NumStability.Algorithms.LU.Higham15Problem15_6Closure	historical	yes	no	lu-problems
NumStability.Higham15Problem15_6.vectorGetOfFnOperational	theorem	public	NumStability.Algorithms.LU.Higham15Problem15_6Operational	S:Problem06/TridiagonalInverseNorm	NumStability.Source.Higham.Chapter15.Problem06.TridiagonalInverseNorm.TridiagonalInverseRuns	source	no	no	lu-problems
NumStability.Higham15Problem15_6.workspaceOperational	definition	public	NumStability.Algorithms.LU.Higham15Problem15_6Operational	S:Problem06/TridiagonalInverseNorm	NumStability.Source.Higham.Chapter15.Problem06.TridiagonalInverseNorm.TridiagonalInverseRuns	source	no	no	lu-problems
NumStability.Higham15Problem15_6.x_correct	theorem	public	NumStability.Algorithms.LU.Higham15Problem15_6Closure	RETAIN	NumStability.Algorithms.LU.Higham15Problem15_6Closure	historical	yes	no	lu-problems
NumStability.Higham15Problem15_6.yResidual_ne	theorem	public	NumStability.Algorithms.LU.Higham15Problem15_6Closure	RETAIN	NumStability.Algorithms.LU.Higham15Problem15_6Closure	historical	yes	no	lu-problems
NumStability.Higham15Problem15_6.yResidual_scaled	theorem	public	NumStability.Algorithms.LU.Higham15Problem15_6Closure	RETAIN	NumStability.Algorithms.LU.Higham15Problem15_6Closure	historical	yes	no	lu-problems
NumStability.Higham15Problem15_6.y_correct	theorem	public	NumStability.Algorithms.LU.Higham15Problem15_6Closure	RETAIN	NumStability.Algorithms.LU.Higham15Problem15_6Closure	historical	yes	no	lu-problems
NumStability.OneNormState	inductive	public	NumStability.Algorithms.CondEstimation	R:OneNorm/PowerMethod	NumStability.Algorithms.NormEstimation.OneNorm.PowerMethod.CondEstimation	reusable	no	no	onenorm-core
NumStability.OneNormState.casesOn	definition	public	NumStability.Algorithms.CondEstimation	R:OneNorm/PowerMethod	NumStability.Algorithms.NormEstimation.OneNorm.PowerMethod.CondEstimation	reusable	no	no	onenorm-core
NumStability.OneNormState.ctorIdx	definition	public	NumStability.Algorithms.CondEstimation	R:OneNorm/PowerMethod	NumStability.Algorithms.NormEstimation.OneNorm.PowerMethod.CondEstimation	reusable	no	no	onenorm-core
NumStability.OneNormState.mk	constructor	public	NumStability.Algorithms.CondEstimation	R:OneNorm/PowerMethod	NumStability.Algorithms.NormEstimation.OneNorm.PowerMethod.CondEstimation	reusable	no	no	onenorm-core
NumStability.OneNormState.mk.inj	theorem	public	NumStability.Algorithms.CondEstimation	R:OneNorm/PowerMethod	NumStability.Algorithms.NormEstimation.OneNorm.PowerMethod.CondEstimation	reusable	no	no	onenorm-core
NumStability.OneNormState.mk.injEq	theorem	public	NumStability.Algorithms.CondEstimation	R:OneNorm/PowerMethod	NumStability.Algorithms.NormEstimation.OneNorm.PowerMethod.CondEstimation	reusable	no	no	onenorm-core
NumStability.OneNormState.mk.noConfusion	definition	public	NumStability.Algorithms.CondEstimation	R:OneNorm/PowerMethod	NumStability.Algorithms.NormEstimation.OneNorm.PowerMethod.CondEstimation	reusable	no	no	onenorm-core
NumStability.OneNormState.mk.sizeOf_spec	theorem	public	NumStability.Algorithms.CondEstimation	R:OneNorm/PowerMethod	NumStability.Algorithms.NormEstimation.OneNorm.PowerMethod.CondEstimation	reusable	no	no	onenorm-core
NumStability.OneNormState.noConfusion	definition	public	NumStability.Algorithms.CondEstimation	R:OneNorm/PowerMethod	NumStability.Algorithms.NormEstimation.OneNorm.PowerMethod.CondEstimation	reusable	no	no	onenorm-core
NumStability.OneNormState.noConfusionType	definition	public	NumStability.Algorithms.CondEstimation	R:OneNorm/PowerMethod	NumStability.Algorithms.NormEstimation.OneNorm.PowerMethod.CondEstimation	reusable	no	no	onenorm-core
NumStability.OneNormState.rec	recursor	public	NumStability.Algorithms.CondEstimation	R:OneNorm/PowerMethod	NumStability.Algorithms.NormEstimation.OneNorm.PowerMethod.CondEstimation	reusable	no	no	onenorm-core
NumStability.OneNormState.recOn	definition	public	NumStability.Algorithms.CondEstimation	R:OneNorm/PowerMethod	NumStability.Algorithms.NormEstimation.OneNorm.PowerMethod.CondEstimation	reusable	no	no	onenorm-core
NumStability.OneNormState.x	definition	public	NumStability.Algorithms.CondEstimation	R:OneNorm/PowerMethod	NumStability.Algorithms.NormEstimation.OneNorm.PowerMethod.CondEstimation	reusable	no	no	onenorm-core
NumStability.OneNormState.γ	definition	public	NumStability.Algorithms.CondEstimation	R:OneNorm/PowerMethod	NumStability.Algorithms.NormEstimation.OneNorm.PowerMethod.CondEstimation	reusable	no	no	onenorm-core
NumStability.RectPNormPair	inductive	public	NumStability.Algorithms.PNormPowerMethodRect	R:PNorm/Rectangular	NumStability.Algorithms.NormEstimation.PNorm.Rectangular.PNormRectangular	reusable	no	no	pnorm-gen-rect
NumStability.RectPNormPair.A	definition	public	NumStability.Algorithms.PNormPowerMethodRect	R:PNorm/Rectangular	NumStability.Algorithms.NormEstimation.PNorm.Rectangular.PNormRectangular	reusable	no	no	pnorm-gen-rect
NumStability.RectPNormPair.AlgorithmResult	definition	public	NumStability.Algorithms.PNormPowerMethodRect	S:Algorithm01/PNormPowerMethod	NumStability.Source.Higham.Chapter15.Algorithm01.PNormPowerMethod.PNormRectangular	source	no	no	pnorm-gen-rect
NumStability.RectPNormPair.State	inductive	public	NumStability.Algorithms.PNormPowerMethodRect	R:PNorm/Rectangular	NumStability.Algorithms.NormEstimation.PNorm.Rectangular.PNormRectangular	reusable	no	no	pnorm-gen-rect
NumStability.RectPNormPair.State.casesOn	definition	public	NumStability.Algorithms.PNormPowerMethodRect	R:PNorm/Rectangular	NumStability.Algorithms.NormEstimation.PNorm.Rectangular.PNormRectangular	reusable	no	no	pnorm-gen-rect
NumStability.RectPNormPair.State.ctorIdx	definition	public	NumStability.Algorithms.PNormPowerMethodRect	R:PNorm/Rectangular	NumStability.Algorithms.NormEstimation.PNorm.Rectangular.PNormRectangular	reusable	no	no	pnorm-gen-rect
NumStability.RectPNormPair.State.mk	constructor	public	NumStability.Algorithms.PNormPowerMethodRect	R:PNorm/Rectangular	NumStability.Algorithms.NormEstimation.PNorm.Rectangular.PNormRectangular	reusable	no	no	pnorm-gen-rect
NumStability.RectPNormPair.State.mk.inj	theorem	public	NumStability.Algorithms.PNormPowerMethodRect	R:PNorm/Rectangular	NumStability.Algorithms.NormEstimation.PNorm.Rectangular.PNormRectangular	reusable	no	no	pnorm-gen-rect
NumStability.RectPNormPair.State.mk.injEq	theorem	public	NumStability.Algorithms.PNormPowerMethodRect	R:PNorm/Rectangular	NumStability.Algorithms.NormEstimation.PNorm.Rectangular.PNormRectangular	reusable	no	no	pnorm-gen-rect
NumStability.RectPNormPair.State.mk.noConfusion	definition	public	NumStability.Algorithms.PNormPowerMethodRect	R:PNorm/Rectangular	NumStability.Algorithms.NormEstimation.PNorm.Rectangular.PNormRectangular	reusable	no	no	pnorm-gen-rect
NumStability.RectPNormPair.State.mk.sizeOf_spec	theorem	public	NumStability.Algorithms.PNormPowerMethodRect	R:PNorm/Rectangular	NumStability.Algorithms.NormEstimation.PNorm.Rectangular.PNormRectangular	reusable	no	no	pnorm-gen-rect
NumStability.RectPNormPair.State.noConfusion	definition	public	NumStability.Algorithms.PNormPowerMethodRect	R:PNorm/Rectangular	NumStability.Algorithms.NormEstimation.PNorm.Rectangular.PNormRectangular	reusable	no	no	pnorm-gen-rect
NumStability.RectPNormPair.State.noConfusionType	definition	public	NumStability.Algorithms.PNormPowerMethodRect	R:PNorm/Rectangular	NumStability.Algorithms.NormEstimation.PNorm.Rectangular.PNormRectangular	reusable	no	no	pnorm-gen-rect
NumStability.RectPNormPair.State.rec	recursor	public	NumStability.Algorithms.PNormPowerMethodRect	R:PNorm/Rectangular	NumStability.Algorithms.NormEstimation.PNorm.Rectangular.PNormRectangular	reusable	no	no	pnorm-gen-rect
NumStability.RectPNormPair.State.recOn	definition	public	NumStability.Algorithms.PNormPowerMethodRect	R:PNorm/Rectangular	NumStability.Algorithms.NormEstimation.PNorm.Rectangular.PNormRectangular	reusable	no	no	pnorm-gen-rect
NumStability.RectPNormPair.State.x	definition	public	NumStability.Algorithms.PNormPowerMethodRect	R:PNorm/Rectangular	NumStability.Algorithms.NormEstimation.PNorm.Rectangular.PNormRectangular	reusable	no	no	pnorm-gen-rect
NumStability.RectPNormPair.State.γ	definition	public	NumStability.Algorithms.PNormPowerMethodRect	R:PNorm/Rectangular	NumStability.Algorithms.NormEstimation.PNorm.Rectangular.PNormRectangular	reusable	no	no	pnorm-gen-rect
NumStability.RectPNormPair.StopsAt	definition	public	NumStability.Algorithms.PNormPowerMethodRect	R:PNorm/Rectangular	NumStability.Algorithms.NormEstimation.PNorm.Rectangular.PNormRectangular	reusable	no	no	pnorm-gen-rect
NumStability.RectPNormPair.casesOn	definition	public	NumStability.Algorithms.PNormPowerMethodRect	R:PNorm/Rectangular	NumStability.Algorithms.NormEstimation.PNorm.Rectangular.PNormRectangular	reusable	no	no	pnorm-gen-rect
NumStability.RectPNormPair.ctorIdx	definition	public	NumStability.Algorithms.PNormPowerMethodRect	R:PNorm/Rectangular	NumStability.Algorithms.NormEstimation.PNorm.Rectangular.PNormRectangular	reusable	no	no	pnorm-gen-rect
NumStability.RectPNormPair.dpOut	definition	public	NumStability.Algorithms.PNormPowerMethodRect	R:PNorm/Rectangular	NumStability.Algorithms.NormEstimation.PNorm.Rectangular.PNormRectangular	reusable	no	no	pnorm-gen-rect
NumStability.RectPNormPair.dpOut_attains	theorem	public	NumStability.Algorithms.PNormPowerMethodRect	R:PNorm/Rectangular	NumStability.Algorithms.NormEstimation.PNorm.Rectangular.PNormRectangular	reusable	no	no	pnorm-gen-rect
NumStability.RectPNormPair.dpOut_qunit	theorem	public	NumStability.Algorithms.PNormPowerMethodRect	R:PNorm/Rectangular	NumStability.Algorithms.NormEstimation.PNorm.Rectangular.PNormRectangular	reusable	no	no	pnorm-gen-rect
NumStability.RectPNormPair.dqIn	definition	public	NumStability.Algorithms.PNormPowerMethodRect	R:PNorm/Rectangular	NumStability.Algorithms.NormEstimation.PNorm.Rectangular.PNormRectangular	reusable	no	no	pnorm-gen-rect
NumStability.RectPNormPair.dqIn_attains	theorem	public	NumStability.Algorithms.PNormPowerMethodRect	R:PNorm/Rectangular	NumStability.Algorithms.NormEstimation.PNorm.Rectangular.PNormRectangular	reusable	no	no	pnorm-gen-rect
NumStability.RectPNormPair.dqIn_punit	theorem	public	NumStability.Algorithms.PNormPowerMethodRect	R:PNorm/Rectangular	NumStability.Algorithms.NormEstimation.PNorm.Rectangular.PNormRectangular	reusable	no	no	pnorm-gen-rect
NumStability.RectPNormPair.gammaSeq	definition	public	NumStability.Algorithms.PNormPowerMethodRect	R:PNorm/Rectangular	NumStability.Algorithms.NormEstimation.PNorm.Rectangular.PNormRectangular	reusable	no	no	pnorm-gen-rect
NumStability.RectPNormPair.gammaSeq_le_opP	theorem	public	NumStability.Algorithms.PNormPowerMethodRect	R:PNorm/Rectangular	NumStability.Algorithms.NormEstimation.PNorm.Rectangular.PNormRectangular	reusable	no	no	pnorm-gen-rect
NumStability.RectPNormPair.gammaSeq_mono	theorem	public	NumStability.Algorithms.PNormPowerMethodRect	S:Lemma02/PNormPowerMethod	NumStability.Source.Higham.Chapter15.Lemma02.PNormPowerMethod.PNormRectangular	source	no	no	pnorm-gen-rect
NumStability.RectPNormPair.gammaSeq_one_succ_eq_column_rect	theorem	public	NumStability.Algorithms.HighamChapter15RectTermination	R:PNorm/Rectangular	NumStability.Algorithms.NormEstimation.PNorm.Rectangular.RectangularTermination	reusable	no	no	rect-term
NumStability.RectPNormPair.general	definition	public	NumStability.Algorithms.PNormPowerMethodRect	R:PNorm/Rectangular	NumStability.Algorithms.NormEstimation.PNorm.Rectangular.PNormRectangular	reusable	no	no	pnorm-gen-rect
NumStability.RectPNormPair.higham15_algorithm15_1_rectangular_result	theorem	public	NumStability.Algorithms.PNormPowerMethodRect	S:Algorithm01/PNormPowerMethod	NumStability.Source.Higham.Chapter15.Algorithm01.PNormPowerMethod.PNormRectangular	source	no	no	pnorm-gen-rect
NumStability.RectPNormPair.higham15_algorithm15_1_rectangular_step	theorem	public	NumStability.Algorithms.PNormPowerMethodRect	S:Algorithm01/PNormPowerMethod	NumStability.Source.Higham.Chapter15.Algorithm01.PNormPowerMethod.PNormRectangular	source	no	no	pnorm-gen-rect
NumStability.RectPNormPair.higham15_lemma15_2_rectangular	theorem	public	NumStability.Algorithms.PNormPowerMethodRect	S:Lemma02/PNormPowerMethod	NumStability.Source.Higham.Chapter15.Lemma02.PNormPowerMethod.PNormRectangular	source	no	no	pnorm-gen-rect
NumStability.RectPNormPair.higham15_lemma15_2_rectangular_infinity	theorem	public	NumStability.Algorithms.PNormPowerMethodRect	S:Lemma02/PNormPowerMethod	NumStability.Source.Higham.Chapter15.Lemma02.PNormPowerMethod.PNormRectangular	source	no	no	pnorm-gen-rect
NumStability.RectPNormPair.higham15_lemma15_2_rectangular_one	theorem	public	NumStability.Algorithms.PNormPowerMethodRect	S:Lemma02/PNormPowerMethod	NumStability.Source.Higham.Chapter15.Lemma02.PNormPowerMethod.PNormRectangular	source	no	no	pnorm-gen-rect
NumStability.RectPNormPair.higham15_lemma15_2_rectangular_strict	theorem	public	NumStability.Algorithms.PNormPowerMethodRect	S:Lemma02/PNormPowerMethod	NumStability.Source.Higham.Chapter15.Lemma02.PNormPowerMethod.PNormRectangular	source	no	no	pnorm-gen-rect
NumStability.RectPNormPair.higham15_lemma15_2a_rectangular	theorem	public	NumStability.Algorithms.PNormPowerMethodRect	S:Lemma02/PNormPowerMethod	NumStability.Source.Higham.Chapter15.Lemma02.PNormPowerMethod.PNormRectangular	source	no	no	pnorm-gen-rect
NumStability.RectPNormPair.higham15_lemma15_2b_rectangular	theorem	public	NumStability.Algorithms.PNormPowerMethodRect	S:Lemma02/PNormPowerMethod	NumStability.Source.Higham.Chapter15.Lemma02.PNormPowerMethod.PNormRectangular	source	no	no	pnorm-gen-rect
NumStability.RectPNormPair.higham15_rectangular_infinity_counterexample_stops_at_four	theorem	public	NumStability.Algorithms.HighamChapter15RectTermination	RETAIN	NumStability.Algorithms.HighamChapter15RectTermination	historical	yes	no	rect-term
NumStability.RectPNormPair.higham15_rectangular_infinity_n_plus_one_source_discrepancy	theorem	public	NumStability.Algorithms.HighamChapter15RectTermination	RETAIN	NumStability.Algorithms.HighamChapter15RectTermination	historical	yes	no	rect-term
NumStability.RectPNormPair.holderIn	theorem	public	NumStability.Algorithms.PNormPowerMethodRect	R:PNorm/Rectangular	NumStability.Algorithms.NormEstimation.PNorm.Rectangular.PNormRectangular	reusable	no	no	pnorm-gen-rect
NumStability.RectPNormPair.holderOut	theorem	public	NumStability.Algorithms.PNormPowerMethodRect	R:PNorm/Rectangular	NumStability.Algorithms.NormEstimation.PNorm.Rectangular.PNormRectangular	reusable	no	no	pnorm-gen-rect
NumStability.RectPNormPair.holder_inf	theorem	public	NumStability.Algorithms.PNormPowerMethodRect	R:PNorm/Endpoints	NumStability.Algorithms.NormEstimation.PNorm.Endpoints.PNormRectangular	reusable	no	no	pnorm-gen-rect
NumStability.RectPNormPair.infNormVec_rectMatVec_le	theorem	public	NumStability.Algorithms.PNormPowerMethodRect	R:PNorm/Endpoints	NumStability.Algorithms.NormEstimation.PNorm.Endpoints.PNormRectangular	reusable	no	no	pnorm-gen-rect
NumStability.RectPNormPair.infRowValueRect	definition	public	NumStability.Algorithms.HighamChapter15RectTermination	R:PNorm/Rectangular	NumStability.Algorithms.NormEstimation.PNorm.Rectangular.RectangularTermination	reusable	no	no	rect-term
NumStability.RectPNormPair.infinity	definition	public	NumStability.Algorithms.PNormPowerMethodRect	R:PNorm/Endpoints	NumStability.Algorithms.NormEstimation.PNorm.Endpoints.PNormRectangular	reusable	no	no	pnorm-gen-rect
NumStability.RectPNormPair.infinityNPlusOneCounterexampleA	definition	public	NumStability.Algorithms.HighamChapter15RectTermination	S:Section02/Boyd/EndpointTermination	NumStability.Source.Higham.Chapter15.Section02.Boyd.EndpointTermination.RectangularTermination	source	no	no	rect-term
NumStability.RectPNormPair.infinityNPlusOneCounterexampleX0	definition	public	NumStability.Algorithms.HighamChapter15RectTermination	S:Section02/Boyd/EndpointTermination	NumStability.Source.Higham.Chapter15.Section02.Boyd.EndpointTermination.RectangularTermination	source	no	no	rect-term
NumStability.RectPNormPair.infinityNPlusOneCounterexample_unit	theorem	public	NumStability.Algorithms.HighamChapter15RectTermination	S:Section02/Boyd/EndpointTermination	NumStability.Source.Higham.Chapter15.Section02.Boyd.EndpointTermination.RectangularTermination	source	no	no	rect-term
NumStability.RectPNormPair.infinity_terminates_by_m_plus_one_rect	theorem	public	NumStability.Algorithms.HighamChapter15RectTermination	S:Section02/Boyd/EndpointTermination	NumStability.Source.Higham.Chapter15.Section02.Boyd.EndpointTermination.RectangularTermination	source	no	no	rect-term
NumStability.RectPNormPair.mk	constructor	public	NumStability.Algorithms.PNormPowerMethodRect	R:PNorm/Rectangular	NumStability.Algorithms.NormEstimation.PNorm.Rectangular.PNormRectangular	reusable	no	no	pnorm-gen-rect
NumStability.RectPNormPair.mk.inj	theorem	public	NumStability.Algorithms.PNormPowerMethodRect	R:PNorm/Rectangular	NumStability.Algorithms.NormEstimation.PNorm.Rectangular.PNormRectangular	reusable	no	no	pnorm-gen-rect
NumStability.RectPNormPair.mk.injEq	theorem	public	NumStability.Algorithms.PNormPowerMethodRect	R:PNorm/Rectangular	NumStability.Algorithms.NormEstimation.PNorm.Rectangular.PNormRectangular	reusable	no	no	pnorm-gen-rect
NumStability.RectPNormPair.mk.noConfusion	definition	public	NumStability.Algorithms.PNormPowerMethodRect	R:PNorm/Rectangular	NumStability.Algorithms.NormEstimation.PNorm.Rectangular.PNormRectangular	reusable	no	no	pnorm-gen-rect
NumStability.RectPNormPair.mk.sizeOf_spec	theorem	public	NumStability.Algorithms.PNormPowerMethodRect	R:PNorm/Rectangular	NumStability.Algorithms.NormEstimation.PNorm.Rectangular.PNormRectangular	reusable	no	no	pnorm-gen-rect
NumStability.RectPNormPair.noConfusion	definition	public	NumStability.Algorithms.PNormPowerMethodRect	R:PNorm/Rectangular	NumStability.Algorithms.NormEstimation.PNorm.Rectangular.PNormRectangular	reusable	no	no	pnorm-gen-rect
NumStability.RectPNormPair.noConfusionType	definition	public	NumStability.Algorithms.PNormPowerMethodRect	R:PNorm/Rectangular	NumStability.Algorithms.NormEstimation.PNorm.Rectangular.PNormRectangular	reusable	no	no	pnorm-gen-rect
NumStability.RectPNormPair.one	definition	public	NumStability.Algorithms.PNormPowerMethodRect	R:PNorm/Endpoints	NumStability.Algorithms.NormEstimation.PNorm.Endpoints.PNormRectangular	reusable	no	no	pnorm-gen-rect
NumStability.RectPNormPair.oneColumnValueRect	definition	public	NumStability.Algorithms.HighamChapter15RectTermination	R:PNorm/Rectangular	NumStability.Algorithms.NormEstimation.PNorm.Rectangular.RectangularTermination	reusable	no	no	rect-term
NumStability.RectPNormPair.oneNormVec_rectMatVec_le	theorem	public	NumStability.Algorithms.PNormPowerMethodRect	R:PNorm/Endpoints	NumStability.Algorithms.NormEstimation.PNorm.Endpoints.PNormRectangular	reusable	no	no	pnorm-gen-rect
NumStability.RectPNormPair.one_terminates_by_n_plus_one_rect	theorem	public	NumStability.Algorithms.HighamChapter15RectTermination	S:Section02/Boyd/EndpointTermination	NumStability.Source.Higham.Chapter15.Section02.Boyd.EndpointTermination.RectangularTermination	source	no	no	rect-term
NumStability.RectPNormPair.opP	definition	public	NumStability.Algorithms.PNormPowerMethodRect	R:PNorm/Rectangular	NumStability.Algorithms.NormEstimation.PNorm.Rectangular.PNormRectangular	reusable	no	no	pnorm-gen-rect
NumStability.RectPNormPair.op_bound	theorem	public	NumStability.Algorithms.PNormPowerMethodRect	R:PNorm/Rectangular	NumStability.Algorithms.NormEstimation.PNorm.Rectangular.PNormRectangular	reusable	no	no	pnorm-gen-rect
NumStability.RectPNormPair.pIn	definition	public	NumStability.Algorithms.PNormPowerMethodRect	R:PNorm/Rectangular	NumStability.Algorithms.NormEstimation.PNorm.Rectangular.PNormRectangular	reusable	no	no	pnorm-gen-rect
NumStability.RectPNormPair.pIn_nonneg	theorem	public	NumStability.Algorithms.PNormPowerMethodRect	R:PNorm/Rectangular	NumStability.Algorithms.NormEstimation.PNorm.Rectangular.PNormRectangular	reusable	no	no	pnorm-gen-rect
NumStability.RectPNormPair.pOut	definition	public	NumStability.Algorithms.PNormPowerMethodRect	R:PNorm/Rectangular	NumStability.Algorithms.NormEstimation.PNorm.Rectangular.PNormRectangular	reusable	no	no	pnorm-gen-rect
NumStability.RectPNormPair.pOut_nonneg	theorem	public	NumStability.Algorithms.PNormPowerMethodRect	R:PNorm/Rectangular	NumStability.Algorithms.NormEstimation.PNorm.Rectangular.PNormRectangular	reusable	no	no	pnorm-gen-rect
NumStability.RectPNormPair.powerStep	definition	public	NumStability.Algorithms.PNormPowerMethodRect	R:PNorm/Rectangular	NumStability.Algorithms.NormEstimation.PNorm.Rectangular.PNormRectangular	reusable	no	no	pnorm-gen-rect
NumStability.RectPNormPair.powerStep_gamma_eq	theorem	public	NumStability.Algorithms.PNormPowerMethodRect	R:PNorm/Rectangular	NumStability.Algorithms.NormEstimation.PNorm.Rectangular.PNormRectangular	reusable	no	no	pnorm-gen-rect
NumStability.RectPNormPair.qIn	definition	public	NumStability.Algorithms.PNormPowerMethodRect	R:PNorm/Rectangular	NumStability.Algorithms.NormEstimation.PNorm.Rectangular.PNormRectangular	reusable	no	no	pnorm-gen-rect
NumStability.RectPNormPair.qIn_zof_infinity_eq_row_rect	theorem	public	NumStability.Algorithms.HighamChapter15RectTermination	R:PNorm/Rectangular	NumStability.Algorithms.NormEstimation.PNorm.Rectangular.RectangularTermination	reusable	no	no	rect-term
NumStability.RectPNormPair.qOut	definition	public	NumStability.Algorithms.PNormPowerMethodRect	R:PNorm/Rectangular	NumStability.Algorithms.NormEstimation.PNorm.Rectangular.PNormRectangular	reusable	no	no	pnorm-gen-rect
NumStability.RectPNormPair.realRectMatrixLpNorm	definition	public	NumStability.Algorithms.PNormPowerMethodRect	R:PNorm/Rectangular	NumStability.Algorithms.NormEstimation.PNorm.Rectangular.PNormRectangular	reusable	no	no	pnorm-gen-rect
NumStability.RectPNormPair.rec	recursor	public	NumStability.Algorithms.PNormPowerMethodRect	R:PNorm/Rectangular	NumStability.Algorithms.NormEstimation.PNorm.Rectangular.PNormRectangular	reusable	no	no	pnorm-gen-rect
NumStability.RectPNormPair.recOn	definition	public	NumStability.Algorithms.PNormPowerMethodRect	R:PNorm/Rectangular	NumStability.Algorithms.NormEstimation.PNorm.Rectangular.PNormRectangular	reusable	no	no	pnorm-gen-rect
NumStability.RectPNormPair.signVec_infNorm_eq_one	theorem	public	NumStability.Algorithms.PNormPowerMethodRect	R:PNorm/Endpoints	NumStability.Algorithms.NormEstimation.PNorm.Endpoints.PNormRectangular	reusable	no	no	pnorm-gen-rect
NumStability.RectPNormPair.xnext	definition	public	NumStability.Algorithms.PNormPowerMethodRect	R:PNorm/Rectangular	NumStability.Algorithms.NormEstimation.PNorm.Rectangular.PNormRectangular	reusable	no	no	pnorm-gen-rect
NumStability.RectPNormPair.xseq	definition	public	NumStability.Algorithms.PNormPowerMethodRect	R:PNorm/Rectangular	NumStability.Algorithms.NormEstimation.PNorm.Rectangular.PNormRectangular	reusable	no	no	pnorm-gen-rect
NumStability.RectPNormPair.xseq_punit	theorem	public	NumStability.Algorithms.PNormPowerMethodRect	R:PNorm/Rectangular	NumStability.Algorithms.NormEstimation.PNorm.Rectangular.PNormRectangular	reusable	no	no	pnorm-gen-rect
NumStability.RectPNormPair.yof	definition	public	NumStability.Algorithms.PNormPowerMethodRect	R:PNorm/Rectangular	NumStability.Algorithms.NormEstimation.PNorm.Rectangular.PNormRectangular	reusable	no	no	pnorm-gen-rect
NumStability.RectPNormPair.z_dot	theorem	public	NumStability.Algorithms.PNormPowerMethodRect	R:PNorm/Rectangular	NumStability.Algorithms.NormEstimation.PNorm.Rectangular.PNormRectangular	reusable	no	no	pnorm-gen-rect
NumStability.RectPNormPair.zof	definition	public	NumStability.Algorithms.PNormPowerMethodRect	R:PNorm/Rectangular	NumStability.Algorithms.NormEstimation.PNorm.Rectangular.PNormRectangular	reusable	no	no	pnorm-gen-rect
NumStability.RectPNormPair.zof_infinity_eq_signed_selected_row_rect	theorem	public	NumStability.Algorithms.HighamChapter15RectTermination	R:PNorm/Rectangular	NumStability.Algorithms.NormEstimation.PNorm.Rectangular.RectangularTermination	reusable	no	no	rect-term
NumStability.abs_signVec	theorem	public	NumStability.Algorithms.CondEstimation	R:OneNorm/PowerMethod	NumStability.Algorithms.NormEstimation.OneNorm.PowerMethod.CondEstimation	reusable	no	no	onenorm-core
NumStability.argmaxAbs	definition	public	NumStability.Algorithms.CondEstimation	R:OneNorm/FiniteIndex	NumStability.Algorithms.NormEstimation.OneNorm.FiniteIndex.Basic	reusable	no	no	onenorm-core
NumStability.argmaxAbs_spec	theorem	public	NumStability.Algorithms.CondEstimation	R:OneNorm/FiniteIndex	NumStability.Algorithms.NormEstimation.OneNorm.FiniteIndex.Basic	reusable	no	no	onenorm-core
NumStability.basisVec	definition	public	NumStability.Algorithms.CondEstimation	R:OneNorm/FiniteIndex	NumStability.Algorithms.NormEstimation.OneNorm.FiniteIndex.Basic	reusable	no	no	onenorm-core
NumStability.ch15Closure_ch15SphereInner_unitSphereOfFiniteVec	theorem	public	NumStability.Algorithms.Ch15DixonClosure	R:TwoNorm/Dixon/Probability	NumStability.Algorithms.NormEstimation.TwoNorm.Dixon.Probability.DixonCompletion	reusable	no	no	dixon
NumStability.ch15Closure_dixon_failure_probability_le	theorem	public	NumStability.Algorithms.Ch15DixonClosure	S:Theorem06/Dixon	NumStability.Source.Higham.Chapter15.Theorem06.Dixon.Basic	source	no	no	dixon
NumStability.ch15Closure_dixon_left_power_inequality	theorem	public	NumStability.Algorithms.Ch15DixonClosure	R:TwoNorm/Dixon/PowerBounds	NumStability.Algorithms.NormEstimation.TwoNorm.Dixon.PowerBounds.DixonCompletion	reusable	no	no	dixon
NumStability.ch15Closure_dixon_success_probability_ge	theorem	public	NumStability.Algorithms.Ch15DixonClosure	S:Theorem06/Dixon	NumStability.Source.Higham.Chapter15.Theorem06.Dixon.Basic	source	no	no	dixon
NumStability.ch15Closure_exists_dixon_sphere_direction_power_lower	theorem	public	NumStability.Algorithms.Ch15DixonClosure	R:TwoNorm/Dixon/PowerBounds	NumStability.Algorithms.NormEstimation.TwoNorm.Dixon.PowerBounds.DixonCompletion	reusable	no	no	dixon
NumStability.ch15Closure_exists_gram_opNorm2_sq_unit_eigenvector	theorem	public	NumStability.Algorithms.Ch15DixonClosure	R:TwoNorm/Dixon/Algebra	NumStability.Algorithms.NormEstimation.TwoNorm.Dixon.Algebra.DixonCompletion	reusable	no	no	dixon
NumStability.ch15Closure_gram_pow_finitePSD	theorem	public	NumStability.Algorithms.Ch15DixonClosure	R:TwoNorm/Dixon/Algebra	NumStability.Algorithms.NormEstimation.TwoNorm.Dixon.Algebra.DixonCompletion	reusable	no	no	dixon
NumStability.ch15Closure_gram_symmetric	theorem	public	NumStability.Algorithms.Ch15DixonClosure	R:TwoNorm/Dixon/Algebra	NumStability.Algorithms.NormEstimation.TwoNorm.Dixon.Algebra.DixonCompletion	reusable	no	no	dixon
NumStability.ch15Closure_matPow_matrix_eq_pow	theorem	public	NumStability.Algorithms.Ch15DixonClosure	R:TwoNorm/Dixon/Algebra	NumStability.Algorithms.NormEstimation.TwoNorm.Dixon.Algebra.DixonCompletion	reusable	no	no	dixon
NumStability.ch15Closure_matPow_mulVec_eigenvector	theorem	public	NumStability.Algorithms.Ch15DixonClosure	R:TwoNorm/Dixon/Algebra	NumStability.Algorithms.NormEstimation.TwoNorm.Dixon.Algebra.DixonCompletion	reusable	no	no	dixon
NumStability.ch15Closure_matPow_symmetric	theorem	public	NumStability.Algorithms.Ch15DixonClosure	R:TwoNorm/Dixon/Algebra	NumStability.Algorithms.NormEstimation.TwoNorm.Dixon.Algebra.DixonCompletion	reusable	no	no	dixon
NumStability.ch15Closure_opNorm2Le_matPow	theorem	public	NumStability.Algorithms.Ch15DixonClosure	R:TwoNorm/Dixon/PowerBounds	NumStability.Algorithms.NormEstimation.TwoNorm.Dixon.PowerBounds.DixonCompletion	reusable	no	no	dixon
NumStability.ch15Closure_quadForm_power_lower_of_unit_eigenvector	theorem	public	NumStability.Algorithms.Ch15DixonClosure	R:TwoNorm/Dixon/PowerBounds	NumStability.Algorithms.NormEstimation.TwoNorm.Dixon.PowerBounds.DixonCompletion	reusable	no	no	dixon
NumStability.ch15Closure_sqrt_inv_pow_eq_rpow_neg_half	theorem	public	NumStability.Algorithms.Ch15DixonClosure	R:TwoNorm/Dixon/Algebra	NumStability.Algorithms.NormEstimation.TwoNorm.Dixon.Algebra.DixonCompletion	reusable	no	no	dixon
NumStability.ch15Closure_unitSphereOfFiniteVec	definition	public	NumStability.Algorithms.Ch15DixonClosure	R:TwoNorm/Dixon/Algebra	NumStability.Algorithms.NormEstimation.TwoNorm.Dixon.Algebra.DixonCompletion	reusable	no	no	dixon
NumStability.ch15SphereFirstCoordinate	definition	public	NumStability.Algorithms.Ch15DixonProbability	R:TwoNorm/Dixon/Probability	NumStability.Algorithms.NormEstimation.TwoNorm.Dixon.Probability.DixonProbability	reusable	no	no	dixon
NumStability.ch15SphereInner	definition	public	NumStability.Algorithms.Ch15DixonProbability	R:TwoNorm/Dixon/Probability	NumStability.Algorithms.NormEstimation.TwoNorm.Dixon.Probability.DixonProbability	reusable	no	no	dixon
NumStability.ch15SphereInner_base	theorem	public	NumStability.Algorithms.Ch15DixonProbability	R:TwoNorm/Dixon/Probability	NumStability.Algorithms.NormEstimation.TwoNorm.Dixon.Probability.DixonProbability	reusable	no	no	dixon
NumStability.ch15SphereInner_smul	theorem	public	NumStability.Algorithms.Ch15DixonProbability	R:TwoNorm/Dixon/Probability	NumStability.Algorithms.NormEstimation.TwoNorm.Dixon.Probability.DixonProbability	reusable	no	no	dixon
NumStability.ch15_dixon_strip_coefficient_le	theorem	public	NumStability.Algorithms.Ch15DixonProbability	R:TwoNorm/Dixon/Probability	NumStability.Algorithms.NormEstimation.TwoNorm.Dixon.Probability.DixonProbability	reusable	no	no	dixon
NumStability.ch15_inv_sqrt_two_pi_le	theorem	public	NumStability.Algorithms.Ch15DixonProbability	R:TwoNorm/Dixon/Probability	NumStability.Algorithms.NormEstimation.TwoNorm.Dixon.Probability.DixonProbability	reusable	no	no	dixon
NumStability.ch15_measurable_sphereFirstCoordinate	theorem	public	NumStability.Algorithms.Ch15DixonProbability	R:TwoNorm/Dixon/Probability	NumStability.Algorithms.NormEstimation.TwoNorm.Dixon.Probability.DixonProbability	reusable	no	no	dixon
NumStability.ch15_piFinSuccAbove_norm_sq	theorem	public	NumStability.Algorithms.Ch15DixonProbability	R:TwoNorm/Dixon/Probability	NumStability.Algorithms.NormEstimation.TwoNorm.Dixon.Probability.DixonProbability	reusable	no	no	dixon
NumStability.ch15_ratio_implies_strip	theorem	public	NumStability.Algorithms.Ch15DixonProbability	R:TwoNorm/Dixon/Probability	NumStability.Algorithms.NormEstimation.TwoNorm.Dixon.Probability.DixonProbability	reusable	no	no	dixon
NumStability.ch15_standardGaussianDirection_firstCoordinate_dixon_bound	theorem	public	NumStability.Algorithms.Ch15DixonProbability	R:TwoNorm/Dixon/Probability	NumStability.Algorithms.NormEstimation.TwoNorm.Dixon.Probability.DixonProbability	reusable	no	no	dixon
NumStability.ch15_standardGaussianDirection_firstCoordinate_small	theorem	public	NumStability.Algorithms.Ch15DixonProbability	R:TwoNorm/Dixon/Probability	NumStability.Algorithms.NormEstimation.TwoNorm.Dixon.Probability.DixonProbability	reusable	no	no	dixon
NumStability.ch15_standardGaussianDirection_inner_dixon_bound	theorem	public	NumStability.Algorithms.Ch15DixonProbability	R:TwoNorm/Dixon/Probability	NumStability.Algorithms.NormEstimation.TwoNorm.Dixon.Probability.DixonProbability	reusable	no	no	dixon
NumStability.ch15_standardGaussian_abs_le	theorem	public	NumStability.Algorithms.Ch15DixonProbability	R:TwoNorm/Dixon/Probability	NumStability.Algorithms.NormEstimation.TwoNorm.Dixon.Probability.DixonProbability	reusable	no	no	dixon
NumStability.ch15_standardGaussian_coordinate_sq_integral	theorem	public	NumStability.Algorithms.Ch15DixonProbability	R:TwoNorm/Dixon/Probability	NumStability.Algorithms.NormEstimation.TwoNorm.Dixon.Probability.DixonProbability	reusable	no	no	dixon
NumStability.ch15_standardGaussian_norm_integral_le_sqrt	theorem	public	NumStability.Algorithms.Ch15DixonProbability	R:TwoNorm/Dixon/Probability	NumStability.Algorithms.NormEstimation.TwoNorm.Dixon.Probability.DixonProbability	reusable	no	no	dixon
NumStability.ch15_standardGaussian_norm_sq_integral	theorem	public	NumStability.Algorithms.Ch15DixonProbability	R:TwoNorm/Dixon/Probability	NumStability.Algorithms.NormEstimation.TwoNorm.Dixon.Probability.DixonProbability	reusable	no	no	dixon
NumStability.ch15_standardGaussian_pdf_le	theorem	public	NumStability.Algorithms.Ch15DixonProbability	R:TwoNorm/Dixon/Probability	NumStability.Algorithms.NormEstimation.TwoNorm.Dixon.Probability.DixonProbability	reusable	no	no	dixon
NumStability.ch15_standardGaussian_product_strip_bound	theorem	public	NumStability.Algorithms.Ch15DixonProbability	R:TwoNorm/Dixon/Probability	NumStability.Algorithms.NormEstimation.TwoNorm.Dixon.Probability.DixonProbability	reusable	no	no	dixon
NumStability.cond_norm_identity	theorem	public	NumStability.Algorithms.CondEstimation	R:OneNorm/FiniteIndex	NumStability.Algorithms.NormEstimation.OneNorm.FiniteIndex.Basic	reusable	no	no	onenorm-core
NumStability.higham15_6_dixon_closed	theorem	public	NumStability.Algorithms.Ch15DixonClosure	S:Theorem06/Dixon	NumStability.Source.Higham.Chapter15.Theorem06.Dixon.Basic	source	no	no	dixon
NumStability.initial_vec_oneNorm	theorem	public	NumStability.Algorithms.CondEstimation	R:OneNorm/PowerMethod	NumStability.Algorithms.NormEstimation.OneNorm.PowerMethod.CondEstimation	reusable	no	no	onenorm-core
NumStability.lapackAltVec	definition	public	NumStability.Algorithms.CondEstimation	R:OneNorm/LAPACK	NumStability.Algorithms.NormEstimation.OneNorm.LAPACK.Basic	reusable	no	no	onenorm-core
NumStability.lapackNormEstimator	definition	public	NumStability.Algorithms.CondEstimation	R:OneNorm/LAPACK	NumStability.Algorithms.NormEstimation.OneNorm.LAPACK.Basic	reusable	no	no	onenorm-core
NumStability.lapackNormEstimator_lower_bound	theorem	public	NumStability.Algorithms.CondEstimation	RETAIN	NumStability.Algorithms.CondEstimation	historical	yes	no	onenorm-core
NumStability.mul_signVec_eq_abs	theorem	public	NumStability.Algorithms.CondEstimation	R:OneNorm/PowerMethod	NumStability.Algorithms.NormEstimation.OneNorm.PowerMethod.CondEstimation	reusable	no	no	onenorm-core
NumStability.oneNormPowerMethod	definition	public	NumStability.Algorithms.CondEstimation	R:OneNorm/PowerMethod	NumStability.Algorithms.NormEstimation.OneNorm.PowerMethod.CondEstimation	reusable	no	no	onenorm-core
NumStability.oneNormPowerMethod_lower_bound	theorem	public	NumStability.Algorithms.CondEstimation	RETAIN	NumStability.Algorithms.CondEstimation	historical	yes	no	onenorm-core
NumStability.oneNormStep	definition	public	NumStability.Algorithms.CondEstimation	R:OneNorm/PowerMethod	NumStability.Algorithms.NormEstimation.OneNorm.PowerMethod.CondEstimation	reusable	no	no	onenorm-core
NumStability.oneNormVec	definition	public	NumStability.Algorithms.CondEstimation	R:OneNorm/PowerMethod	NumStability.Algorithms.NormEstimation.OneNorm.PowerMethod.CondEstimation	reusable	no	no	onenorm-core
NumStability.oneNormVec_basisVec	theorem	public	NumStability.Algorithms.CondEstimation	R:OneNorm/PowerMethod	NumStability.Algorithms.NormEstimation.OneNorm.PowerMethod.CondEstimation	reusable	no	no	onenorm-core
NumStability.oneNormVec_matVec_le	theorem	public	NumStability.Algorithms.CondEstimation	R:OneNorm/PowerMethod	NumStability.Algorithms.NormEstimation.OneNorm.PowerMethod.CondEstimation	reusable	no	no	onenorm-core
NumStability.oneNormVec_nonneg	theorem	public	NumStability.Algorithms.CondEstimation	R:OneNorm/PowerMethod	NumStability.Algorithms.NormEstimation.OneNorm.PowerMethod.CondEstimation	reusable	no	no	onenorm-core
NumStability.oneNorm_eq_infNorm_transpose'	theorem	public	NumStability.Algorithms.CondEstimation	R:OneNorm/FiniteIndex	NumStability.Algorithms.NormEstimation.OneNorm.FiniteIndex.Basic	reusable	no	no	onenorm-core
NumStability.signVec	definition	public	NumStability.Algorithms.CondEstimation	R:OneNorm/PowerMethod	NumStability.Algorithms.NormEstimation.OneNorm.PowerMethod.CondEstimation	reusable	no	no	onenorm-core
_private.NumStability.Algorithms.Ch15CondEstimators.0.NumStability.Ch15.linpackYSteps_solves	theorem	private	NumStability.Algorithms.Ch15CondEstimators	RETAIN	NumStability.Algorithms.Ch15CondEstimators	historical	yes	no	onenorm-core
_private.NumStability.Algorithms.Ch15CondEstimators.0.NumStability.Ch15.linpackYSteps_stable	theorem	private	NumStability.Algorithms.Ch15CondEstimators	RETAIN	NumStability.Algorithms.Ch15CondEstimators	historical	yes	no	onenorm-core
_private.NumStability.Algorithms.Ch15CondEstimators.0.NumStability.Ch15.linpackYSteps_value_at	theorem	private	NumStability.Algorithms.Ch15CondEstimators	RETAIN	NumStability.Algorithms.Ch15CondEstimators	historical	yes	no	onenorm-core
_private.NumStability.Algorithms.Ch15CondEstimators.0.NumStability.Ch15.matMulVec_upperTri_split	theorem	private	NumStability.Algorithms.Ch15CondEstimators	RETAIN	NumStability.Algorithms.Ch15CondEstimators	historical	yes	no	onenorm-core
_private.NumStability.Algorithms.CondEstimation.0.NumStability.oneNormPowerMethod_invariant	theorem	private	NumStability.Algorithms.CondEstimation	RETAIN	NumStability.Algorithms.CondEstimation	historical	yes	no	onenorm-core
_private.NumStability.Algorithms.CondEstimation.0.NumStability.oneNormStep_gamma_eq	theorem	private	NumStability.Algorithms.CondEstimation	RETAIN	NumStability.Algorithms.CondEstimation	historical	yes	no	onenorm-core
_private.NumStability.Algorithms.CondEstimation.0.NumStability.oneNormStep_gamma_le	theorem	private	NumStability.Algorithms.CondEstimation	RETAIN	NumStability.Algorithms.CondEstimation	historical	yes	no	onenorm-core
_private.NumStability.Algorithms.CondEstimation.0.NumStability.oneNormStep_x_le	theorem	private	NumStability.Algorithms.CondEstimation	RETAIN	NumStability.Algorithms.CondEstimation	historical	yes	no	onenorm-core
_private.NumStability.Algorithms.HighamChapter15BoydConcreteLemma3.0.NumStability.Ch15.boyd_weight_exponents_cancel	theorem	private	NumStability.Algorithms.HighamChapter15BoydConcreteLemma3	RETAIN	NumStability.Algorithms.HighamChapter15BoydConcreteLemma3	historical	yes	no	boyd-scalar
_private.NumStability.Algorithms.HighamChapter15BoydConcreteLemma3.0.NumStability.Ch15.hasDerivAt_abs_rpow_affine	theorem	private	NumStability.Algorithms.HighamChapter15BoydConcreteLemma3	RETAIN	NumStability.Algorithms.HighamChapter15BoydConcreteLemma3	historical	yes	no	boyd-scalar
_private.NumStability.Algorithms.HighamChapter15BoydConcreteLemma3.0.NumStability.Ch15.hasDerivAt_gradientFactor_affine	theorem	private	NumStability.Algorithms.HighamChapter15BoydConcreteLemma3	RETAIN	NumStability.Algorithms.HighamChapter15BoydConcreteLemma3	historical	yes	no	boyd-scalar
_private.NumStability.Algorithms.HighamChapter15BoydScalar.0.NumStability.Ch15.scalarBasis	definition	private	NumStability.Algorithms.HighamChapter15BoydScalar	RETAIN	NumStability.Algorithms.HighamChapter15BoydScalar	historical	yes	no	boyd-scalar
_private.NumStability.Algorithms.HighamChapter15BoydSourceSecondDerivative.0.NumStability.Ch15.hasDerivAt_gradientFactor_affine_of_ne	theorem	private	NumStability.Algorithms.HighamChapter15BoydSourceSecondDerivative	RETAIN	NumStability.Algorithms.HighamChapter15BoydSourceSecondDerivative	historical	yes	no	boyd-bridges
_private.NumStability.Algorithms.HighamChapter15BoydSourceSecondDerivative.0.NumStability.Ch15.hasDerivAt_gradientFactor_affine_of_two_le	theorem	private	NumStability.Algorithms.HighamChapter15BoydSourceSecondDerivative	RETAIN	NumStability.Algorithms.HighamChapter15BoydSourceSecondDerivative	historical	yes	no	boyd-bridges
_private.NumStability.Algorithms.HighamChapter15RectTermination.0.NumStability.RectPNormPair.infinityNPlusOneCounterexampleX1	definition	private	NumStability.Algorithms.HighamChapter15RectTermination	RETAIN	NumStability.Algorithms.HighamChapter15RectTermination	historical	yes	no	rect-term
_private.NumStability.Algorithms.HighamChapter15RectTermination.0.NumStability.RectPNormPair.infinityNPlusOneCounterexampleX2	definition	private	NumStability.Algorithms.HighamChapter15RectTermination	RETAIN	NumStability.Algorithms.HighamChapter15RectTermination	historical	yes	no	rect-term
_private.NumStability.Algorithms.HighamChapter15RectTermination.0.NumStability.RectPNormPair.infinityNPlusOneCounterexampleX3	definition	private	NumStability.Algorithms.HighamChapter15RectTermination	RETAIN	NumStability.Algorithms.HighamChapter15RectTermination	historical	yes	no	rect-term
_private.NumStability.Algorithms.HighamChapter15RectTermination.0.NumStability.RectPNormPair.infinityNPlusOneCounterexampleX4	definition	private	NumStability.Algorithms.HighamChapter15RectTermination	RETAIN	NumStability.Algorithms.HighamChapter15RectTermination	historical	yes	no	rect-term
_private.NumStability.Algorithms.HighamChapter15RectTermination.0.NumStability.RectPNormPair.infinityNPlusOneCounterexampleY0	definition	private	NumStability.Algorithms.HighamChapter15RectTermination	RETAIN	NumStability.Algorithms.HighamChapter15RectTermination	historical	yes	no	rect-term
_private.NumStability.Algorithms.HighamChapter15RectTermination.0.NumStability.RectPNormPair.infinityNPlusOneCounterexampleY1	definition	private	NumStability.Algorithms.HighamChapter15RectTermination	RETAIN	NumStability.Algorithms.HighamChapter15RectTermination	historical	yes	no	rect-term
_private.NumStability.Algorithms.HighamChapter15RectTermination.0.NumStability.RectPNormPair.infinityNPlusOneCounterexampleY2	definition	private	NumStability.Algorithms.HighamChapter15RectTermination	RETAIN	NumStability.Algorithms.HighamChapter15RectTermination	historical	yes	no	rect-term
_private.NumStability.Algorithms.HighamChapter15RectTermination.0.NumStability.RectPNormPair.infinityNPlusOneCounterexampleY3	definition	private	NumStability.Algorithms.HighamChapter15RectTermination	RETAIN	NumStability.Algorithms.HighamChapter15RectTermination	historical	yes	no	rect-term
_private.NumStability.Algorithms.HighamChapter15RectTermination.0.NumStability.RectPNormPair.infinityNPlusOneCounterexampleY4	definition	private	NumStability.Algorithms.HighamChapter15RectTermination	RETAIN	NumStability.Algorithms.HighamChapter15RectTermination	historical	yes	no	rect-term
_private.NumStability.Algorithms.HighamChapter15RectTermination.0.NumStability.RectPNormPair.infinityNPlusOneCounterexampleZ0	definition	private	NumStability.Algorithms.HighamChapter15RectTermination	RETAIN	NumStability.Algorithms.HighamChapter15RectTermination	historical	yes	no	rect-term
_private.NumStability.Algorithms.HighamChapter15RectTermination.0.NumStability.RectPNormPair.infinityNPlusOneCounterexampleZ1	definition	private	NumStability.Algorithms.HighamChapter15RectTermination	RETAIN	NumStability.Algorithms.HighamChapter15RectTermination	historical	yes	no	rect-term
_private.NumStability.Algorithms.HighamChapter15RectTermination.0.NumStability.RectPNormPair.infinityNPlusOneCounterexampleZ2	definition	private	NumStability.Algorithms.HighamChapter15RectTermination	RETAIN	NumStability.Algorithms.HighamChapter15RectTermination	historical	yes	no	rect-term
_private.NumStability.Algorithms.HighamChapter15RectTermination.0.NumStability.RectPNormPair.infinityNPlusOneCounterexampleZ3	definition	private	NumStability.Algorithms.HighamChapter15RectTermination	RETAIN	NumStability.Algorithms.HighamChapter15RectTermination	historical	yes	no	rect-term
_private.NumStability.Algorithms.HighamChapter15RectTermination.0.NumStability.RectPNormPair.infinityNPlusOneCounterexampleZ4	definition	private	NumStability.Algorithms.HighamChapter15RectTermination	RETAIN	NumStability.Algorithms.HighamChapter15RectTermination	historical	yes	no	rect-term
_private.NumStability.Algorithms.HighamChapter15RectTermination.0.NumStability.RectPNormPair.infinityNPlusOneCounterexample_argmax_x0	theorem	private	NumStability.Algorithms.HighamChapter15RectTermination	RETAIN	NumStability.Algorithms.HighamChapter15RectTermination	historical	yes	no	rect-term
_private.NumStability.Algorithms.HighamChapter15RectTermination.0.NumStability.RectPNormPair.infinityNPlusOneCounterexample_argmax_x1	theorem	private	NumStability.Algorithms.HighamChapter15RectTermination	RETAIN	NumStability.Algorithms.HighamChapter15RectTermination	historical	yes	no	rect-term
_private.NumStability.Algorithms.HighamChapter15RectTermination.0.NumStability.RectPNormPair.infinityNPlusOneCounterexample_argmax_x2	theorem	private	NumStability.Algorithms.HighamChapter15RectTermination	RETAIN	NumStability.Algorithms.HighamChapter15RectTermination	historical	yes	no	rect-term
_private.NumStability.Algorithms.HighamChapter15RectTermination.0.NumStability.RectPNormPair.infinityNPlusOneCounterexample_argmax_x3	theorem	private	NumStability.Algorithms.HighamChapter15RectTermination	RETAIN	NumStability.Algorithms.HighamChapter15RectTermination	historical	yes	no	rect-term
_private.NumStability.Algorithms.HighamChapter15RectTermination.0.NumStability.RectPNormPair.infinityNPlusOneCounterexample_argmax_x4	theorem	private	NumStability.Algorithms.HighamChapter15RectTermination	RETAIN	NumStability.Algorithms.HighamChapter15RectTermination	historical	yes	no	rect-term
_private.NumStability.Algorithms.HighamChapter15RectTermination.0.NumStability.RectPNormPair.infinityNPlusOneCounterexample_not_stops_x0	theorem	private	NumStability.Algorithms.HighamChapter15RectTermination	RETAIN	NumStability.Algorithms.HighamChapter15RectTermination	historical	yes	no	rect-term
_private.NumStability.Algorithms.HighamChapter15RectTermination.0.NumStability.RectPNormPair.infinityNPlusOneCounterexample_not_stops_x1	theorem	private	NumStability.Algorithms.HighamChapter15RectTermination	RETAIN	NumStability.Algorithms.HighamChapter15RectTermination	historical	yes	no	rect-term
_private.NumStability.Algorithms.HighamChapter15RectTermination.0.NumStability.RectPNormPair.infinityNPlusOneCounterexample_not_stops_x2	theorem	private	NumStability.Algorithms.HighamChapter15RectTermination	RETAIN	NumStability.Algorithms.HighamChapter15RectTermination	historical	yes	no	rect-term
_private.NumStability.Algorithms.HighamChapter15RectTermination.0.NumStability.RectPNormPair.infinityNPlusOneCounterexample_not_stops_x3	theorem	private	NumStability.Algorithms.HighamChapter15RectTermination	RETAIN	NumStability.Algorithms.HighamChapter15RectTermination	historical	yes	no	rect-term
_private.NumStability.Algorithms.HighamChapter15RectTermination.0.NumStability.RectPNormPair.infinityNPlusOneCounterexample_stops_x4	theorem	private	NumStability.Algorithms.HighamChapter15RectTermination	RETAIN	NumStability.Algorithms.HighamChapter15RectTermination	historical	yes	no	rect-term
_private.NumStability.Algorithms.HighamChapter15RectTermination.0.NumStability.RectPNormPair.infinityNPlusOneCounterexample_xnext_x0	theorem	private	NumStability.Algorithms.HighamChapter15RectTermination	RETAIN	NumStability.Algorithms.HighamChapter15RectTermination	historical	yes	no	rect-term
_private.NumStability.Algorithms.HighamChapter15RectTermination.0.NumStability.RectPNormPair.infinityNPlusOneCounterexample_xnext_x1	theorem	private	NumStability.Algorithms.HighamChapter15RectTermination	RETAIN	NumStability.Algorithms.HighamChapter15RectTermination	historical	yes	no	rect-term
_private.NumStability.Algorithms.HighamChapter15RectTermination.0.NumStability.RectPNormPair.infinityNPlusOneCounterexample_xnext_x2	theorem	private	NumStability.Algorithms.HighamChapter15RectTermination	RETAIN	NumStability.Algorithms.HighamChapter15RectTermination	historical	yes	no	rect-term
_private.NumStability.Algorithms.HighamChapter15RectTermination.0.NumStability.RectPNormPair.infinityNPlusOneCounterexample_xnext_x3	theorem	private	NumStability.Algorithms.HighamChapter15RectTermination	RETAIN	NumStability.Algorithms.HighamChapter15RectTermination	historical	yes	no	rect-term
_private.NumStability.Algorithms.HighamChapter15RectTermination.0.NumStability.RectPNormPair.infinityNPlusOneCounterexample_xseq_four	theorem	private	NumStability.Algorithms.HighamChapter15RectTermination	RETAIN	NumStability.Algorithms.HighamChapter15RectTermination	historical	yes	no	rect-term
_private.NumStability.Algorithms.HighamChapter15RectTermination.0.NumStability.RectPNormPair.infinityNPlusOneCounterexample_xseq_one	theorem	private	NumStability.Algorithms.HighamChapter15RectTermination	RETAIN	NumStability.Algorithms.HighamChapter15RectTermination	historical	yes	no	rect-term
_private.NumStability.Algorithms.HighamChapter15RectTermination.0.NumStability.RectPNormPair.infinityNPlusOneCounterexample_xseq_three	theorem	private	NumStability.Algorithms.HighamChapter15RectTermination	RETAIN	NumStability.Algorithms.HighamChapter15RectTermination	historical	yes	no	rect-term
_private.NumStability.Algorithms.HighamChapter15RectTermination.0.NumStability.RectPNormPair.infinityNPlusOneCounterexample_xseq_two	theorem	private	NumStability.Algorithms.HighamChapter15RectTermination	RETAIN	NumStability.Algorithms.HighamChapter15RectTermination	historical	yes	no	rect-term
_private.NumStability.Algorithms.HighamChapter15RectTermination.0.NumStability.RectPNormPair.infinityNPlusOneCounterexample_xseq_zero	theorem	private	NumStability.Algorithms.HighamChapter15RectTermination	RETAIN	NumStability.Algorithms.HighamChapter15RectTermination	historical	yes	no	rect-term
_private.NumStability.Algorithms.HighamChapter15RectTermination.0.NumStability.RectPNormPair.infinityNPlusOneCounterexample_yof_x0	theorem	private	NumStability.Algorithms.HighamChapter15RectTermination	RETAIN	NumStability.Algorithms.HighamChapter15RectTermination	historical	yes	no	rect-term
_private.NumStability.Algorithms.HighamChapter15RectTermination.0.NumStability.RectPNormPair.infinityNPlusOneCounterexample_yof_x1	theorem	private	NumStability.Algorithms.HighamChapter15RectTermination	RETAIN	NumStability.Algorithms.HighamChapter15RectTermination	historical	yes	no	rect-term
_private.NumStability.Algorithms.HighamChapter15RectTermination.0.NumStability.RectPNormPair.infinityNPlusOneCounterexample_yof_x2	theorem	private	NumStability.Algorithms.HighamChapter15RectTermination	RETAIN	NumStability.Algorithms.HighamChapter15RectTermination	historical	yes	no	rect-term
_private.NumStability.Algorithms.HighamChapter15RectTermination.0.NumStability.RectPNormPair.infinityNPlusOneCounterexample_yof_x3	theorem	private	NumStability.Algorithms.HighamChapter15RectTermination	RETAIN	NumStability.Algorithms.HighamChapter15RectTermination	historical	yes	no	rect-term
_private.NumStability.Algorithms.HighamChapter15RectTermination.0.NumStability.RectPNormPair.infinityNPlusOneCounterexample_yof_x4	theorem	private	NumStability.Algorithms.HighamChapter15RectTermination	RETAIN	NumStability.Algorithms.HighamChapter15RectTermination	historical	yes	no	rect-term
_private.NumStability.Algorithms.HighamChapter15RectTermination.0.NumStability.RectPNormPair.infinityNPlusOneCounterexample_zof_x0	theorem	private	NumStability.Algorithms.HighamChapter15RectTermination	RETAIN	NumStability.Algorithms.HighamChapter15RectTermination	historical	yes	no	rect-term
_private.NumStability.Algorithms.HighamChapter15RectTermination.0.NumStability.RectPNormPair.infinityNPlusOneCounterexample_zof_x1	theorem	private	NumStability.Algorithms.HighamChapter15RectTermination	RETAIN	NumStability.Algorithms.HighamChapter15RectTermination	historical	yes	no	rect-term
_private.NumStability.Algorithms.HighamChapter15RectTermination.0.NumStability.RectPNormPair.infinityNPlusOneCounterexample_zof_x2	theorem	private	NumStability.Algorithms.HighamChapter15RectTermination	RETAIN	NumStability.Algorithms.HighamChapter15RectTermination	historical	yes	no	rect-term
_private.NumStability.Algorithms.HighamChapter15RectTermination.0.NumStability.RectPNormPair.infinityNPlusOneCounterexample_zof_x3	theorem	private	NumStability.Algorithms.HighamChapter15RectTermination	RETAIN	NumStability.Algorithms.HighamChapter15RectTermination	historical	yes	no	rect-term
_private.NumStability.Algorithms.HighamChapter15RectTermination.0.NumStability.RectPNormPair.infinityNPlusOneCounterexample_zof_x4	theorem	private	NumStability.Algorithms.HighamChapter15RectTermination	RETAIN	NumStability.Algorithms.HighamChapter15RectTermination	historical	yes	no	rect-term
_private.NumStability.Algorithms.LU.Higham15Problem15_6.0.NumStability.Higham15Problem15_6.sum_nested_ite_three	theorem	private	NumStability.Algorithms.LU.Higham15Problem15_6	RETAIN	NumStability.Algorithms.LU.Higham15Problem15_6	historical	yes	no	lu-problems
_private.NumStability.Algorithms.LU.Higham15Problem15_6.0.NumStability.Higham15Problem15_6.sum_nested_ite_two	theorem	private	NumStability.Algorithms.LU.Higham15Problem15_6	RETAIN	NumStability.Algorithms.LU.Higham15Problem15_6	historical	yes	no	lu-problems
_private.NumStability.Algorithms.LU.Higham15Problem15_6.0.NumStability.Higham15Problem15_6.upper_corner_ne	theorem	private	NumStability.Algorithms.LU.Higham15Problem15_6	RETAIN	NumStability.Algorithms.LU.Higham15Problem15_6	historical	yes	no	lu-problems
_private.NumStability.Algorithms.LU.TridiagonalCondCh15Closure.0.NumStability.Ch15Closure.c15_LU_diag_rel	theorem	private	NumStability.Algorithms.LU.TridiagonalCondCh15Closure	RETAIN	NumStability.Algorithms.LU.TridiagonalCondCh15Closure	historical	yes	no	lu-tridiagonal
_private.NumStability.Algorithms.LU.TridiagonalCondCh15Closure.0.NumStability.Ch15Closure.c15_LU_sub_eq	theorem	private	NumStability.Algorithms.LU.TridiagonalCondCh15Closure	RETAIN	NumStability.Algorithms.LU.TridiagonalCondCh15Closure	historical	yes	no	lu-tridiagonal
_private.NumStability.Algorithms.LU.TridiagonalCondCh15Closure.0.NumStability.Ch15Closure.c15_LU_super_eq	theorem	private	NumStability.Algorithms.LU.TridiagonalCondCh15Closure	RETAIN	NumStability.Algorithms.LU.TridiagonalCondCh15Closure	historical	yes	no	lu-tridiagonal
_private.NumStability.Algorithms.LU.TridiagonalCondCh15Closure.0.NumStability.Ch15Closure.c15_Linv_rec	theorem	private	NumStability.Algorithms.LU.TridiagonalCondCh15Closure	RETAIN	NumStability.Algorithms.LU.TridiagonalCondCh15Closure	historical	yes	no	lu-tridiagonal
_private.NumStability.Algorithms.LU.TridiagonalCondCh15Closure.0.NumStability.Ch15Closure.c15_Uinv_rec	theorem	private	NumStability.Algorithms.LU.TridiagonalCondCh15Closure	RETAIN	NumStability.Algorithms.LU.TridiagonalCondCh15Closure	historical	yes	no	lu-tridiagonal
_private.NumStability.Algorithms.LU.TridiagonalCondCh15Closure.0.NumStability.Ch15Closure.c15_absLU_diag	theorem	private	NumStability.Algorithms.LU.TridiagonalCondCh15Closure	RETAIN	NumStability.Algorithms.LU.TridiagonalCondCh15Closure	historical	yes	no	lu-tridiagonal
_private.NumStability.Algorithms.LU.TridiagonalCondCh15Closure.0.NumStability.Ch15Closure.c15_abs_sum_of_pairwise_nonneg	theorem	private	NumStability.Algorithms.LU.TridiagonalCondCh15Closure	RETAIN	NumStability.Algorithms.LU.TridiagonalCondCh15Closure	historical	yes	no	lu-tridiagonal
_private.NumStability.Algorithms.LU.TridiagonalCondCh15Closure.0.NumStability.Ch15Closure.c15_bidiag_U_isDiagDominantUpper	theorem	private	NumStability.Algorithms.LU.TridiagonalCondCh15Closure	RETAIN	NumStability.Algorithms.LU.TridiagonalCondCh15Closure	historical	yes	no	lu-tridiagonal
_private.NumStability.Algorithms.LU.TridiagonalCondCh15Closure.0.NumStability.Ch15Closure.c15_bidiag_rowSum_bound	theorem	private	NumStability.Algorithms.LU.TridiagonalCondCh15Closure	RETAIN	NumStability.Algorithms.LU.TridiagonalCondCh15Closure	historical	yes	no	lu-tridiagonal
_private.NumStability.Algorithms.LU.TridiagonalCondCh15Closure.0.NumStability.Ch15Closure.c15_diag_sign	theorem	private	NumStability.Algorithms.LU.TridiagonalCondCh15Closure	RETAIN	NumStability.Algorithms.LU.TridiagonalCondCh15Closure	historical	yes	no	lu-tridiagonal
_private.NumStability.Algorithms.LU.TridiagonalCondCh15Closure.0.NumStability.Ch15Closure.c15_filter_lower_succ	theorem	private	NumStability.Algorithms.LU.TridiagonalCondCh15Closure	RETAIN	NumStability.Algorithms.LU.TridiagonalCondCh15Closure	historical	yes	no	lu-tridiagonal
_private.NumStability.Algorithms.LU.TridiagonalCondCh15Closure.0.NumStability.Ch15Closure.c15_filter_upper_succ	theorem	private	NumStability.Algorithms.LU.TridiagonalCondCh15Closure	RETAIN	NumStability.Algorithms.LU.TridiagonalCondCh15Closure	historical	yes	no	lu-tridiagonal
_private.NumStability.Algorithms.LU.TridiagonalCondCh15Closure.0.NumStability.Ch15Closure.c15_nonneg_of_abs_add_eq	theorem	private	NumStability.Algorithms.LU.TridiagonalCondCh15Closure	RETAIN	NumStability.Algorithms.LU.TridiagonalCondCh15Closure	historical	yes	no	lu-tridiagonal
_private.NumStability.Algorithms.LU.TridiagonalCondCh15Closure.0.NumStability.Ch15Closure.c15_row_offdiag_le	theorem	private	NumStability.Algorithms.LU.TridiagonalCondCh15Closure	RETAIN	NumStability.Algorithms.LU.TridiagonalCondCh15Closure	historical	yes	no	lu-tridiagonal
_private.NumStability.Algorithms.LU.TridiagonalCondCh15Closure.0.NumStability.Ch15Closure.c15_row_two_offdiag_le	theorem	private	NumStability.Algorithms.LU.TridiagonalCondCh15Closure	RETAIN	NumStability.Algorithms.LU.TridiagonalCondCh15Closure	historical	yes	no	lu-tridiagonal
_private.NumStability.Algorithms.LU.TridiagonalCondCh15Closure.0.NumStability.Ch15Closure.c15_t_pairwise_ge	theorem	private	NumStability.Algorithms.LU.TridiagonalCondCh15Closure	RETAIN	NumStability.Algorithms.LU.TridiagonalCondCh15Closure	historical	yes	no	lu-tridiagonal
_private.NumStability.Algorithms.LU.TridiagonalCondCh15Closure.0.NumStability.Ch15Closure.c15_t_recurrence	theorem	private	NumStability.Algorithms.LU.TridiagonalCondCh15Closure	RETAIN	NumStability.Algorithms.LU.TridiagonalCondCh15Closure	historical	yes	no	lu-tridiagonal
_private.NumStability.Algorithms.LU.TridiagonalCondCh15Closure.0.NumStability.Ch15Closure.c15_tridiag_rowDom_U_super_le_diag	theorem	private	NumStability.Algorithms.LU.TridiagonalCondCh15Closure	RETAIN	NumStability.Algorithms.LU.TridiagonalCondCh15Closure	historical	yes	no	lu-tridiagonal
_private.NumStability.Algorithms.LU.TridiagonalCondCh15Closure.0.NumStability.Ch15Closure.c15_upperBidiagInv_abs_le	theorem	private	NumStability.Algorithms.LU.TridiagonalCondCh15Closure	RETAIN	NumStability.Algorithms.LU.TridiagonalCondCh15Closure	historical	yes	no	lu-tridiagonal
_private.NumStability.Algorithms.LU.TridiagonalCondCh15IkebeClosure.0.NumStability.Ch15IkebeClosure.upper_triangle_rank_one_of_rightInverse	theorem	private	NumStability.Algorithms.LU.TridiagonalCondCh15IkebeClosure	RETAIN	NumStability.Algorithms.LU.TridiagonalCondCh15IkebeClosure	historical	yes	no	lu-tridiagonal
