status	category	path
M	request_aggregate_sort_followup	NumStability/Algorithms.lean
M	reviewed_request	NumStability/Algorithms/Ch10Theorem107FailureVacuity.lean
M	reviewed_request	NumStability/Algorithms/Ch14MethodsBC.lean
M	immutable_delivery	NumStability/Algorithms/Ch5DerivativeError.lean
M	reviewed_request	NumStability/Algorithms/Ch5LejaProducer.lean
M	reviewed_request	NumStability/Algorithms/Ch5NewtonForm.lean
M	immutable_delivery	NumStability/Algorithms/Ch5SourceClosure.lean
M	immutable_delivery	NumStability/Algorithms/Higham5FastPolynomialEvaluation.lean
M	immutable_delivery	NumStability/Algorithms/Higham5PatersonStockmeyer.lean
M	immutable_delivery	NumStability/Algorithms/Higham726Rump.lean
M	reviewed_request	NumStability/Algorithms/HighamChapter12.lean
M	immutable_delivery	NumStability/Algorithms/HighamChapter5ComplexAlgorithm51.lean
M	immutable_delivery	NumStability/Algorithms/HighamChapter8.lean
M	immutable_delivery	NumStability/Algorithms/HighamChapters1To9SourceClosure.lean
M	immutable_delivery	NumStability/Algorithms/Horner.lean
M	reviewed_request	NumStability/Algorithms/IterativeRefinement.lean
M	immutable_delivery	NumStability/Algorithms/KahanAbsolute.lean
M	immutable_delivery	NumStability/Algorithms/LU/Doolittle.lean
M	reviewed_request	NumStability/Algorithms/LeastSquares/Higham20Equations.lean
M	immutable_delivery	NumStability/Algorithms/LinearSystems/IterativeRefinement/Core.lean
M	bounded_aggregate_followup	NumStability/Algorithms/LinearSystems/LU.lean
A	immutable_delivery	NumStability/Algorithms/LinearSystems/LU/Doolittle/Assembly/Core.lean
M	immutable_delivery	NumStability/Algorithms/LinearSystems/LU/Doolittle/BackwardError.lean
M	immutable_delivery	NumStability/Algorithms/LinearSystems/LU/Doolittle/Basic.lean
M	immutable_delivery	NumStability/Algorithms/LinearSystems/LU/Doolittle/Budgets.lean
M	immutable_delivery	NumStability/Algorithms/LinearSystems/LU/Doolittle/Certificates.lean
M	immutable_delivery	NumStability/Algorithms/LinearSystems/LU/Doolittle/RoundedEntries.lean
M	reviewed_request	NumStability/Algorithms/LinearSystems/Underdetermined/BackwardError/Normwise/UnderdeterminedSolve.lean
M	reviewed_request	NumStability/Algorithms/LinearSystems/Underdetermined/BackwardError/Rowwise/UnderdeterminedSolve.lean
M	reviewed_request	NumStability/Algorithms/LinearSystems/Underdetermined/Conditioning/Componentwise/Radius.lean
M	reviewed_request	NumStability/Algorithms/LinearSystems/Underdetermined/Conditioning/Componentwise/UnderdeterminedSolve.lean
M	reviewed_request	NumStability/Algorithms/LinearSystems/Underdetermined/MinimumNorm/Solvers/UnderdeterminedSolve.lean
M	reviewed_request	NumStability/Algorithms/LinearSystems/Underdetermined/MinimumNorm/Specifications/UnderdeterminedSolve.lean
M	reviewed_request	NumStability/Algorithms/LinearSystems/Underdetermined/Perturbation/Componentwise/Radius.lean
M	reviewed_request	NumStability/Algorithms/LinearSystems/Underdetermined/Perturbation/Componentwise/UnderdeterminedSolve.lean
M	reviewed_request	NumStability/Algorithms/LinearSystems/Underdetermined/Perturbation/FixedRadius/Radius.lean
M	reviewed_request	NumStability/Algorithms/LinearSystems/Underdetermined/Projectors/ComplementNorm/ProjectorNorm.lean
M	reviewed_request	NumStability/Algorithms/LinearSystems/Underdetermined/QR/Foundations/UnderdeterminedSolve.lean
M	reviewed_request	NumStability/Algorithms/LinearSystems/Underdetermined/QR/Givens/BackwardError/Core.lean
M	reviewed_request	NumStability/Algorithms/LinearSystems/Underdetermined/QR/Givens/StoredReplay/Closure.lean
M	reviewed_request	NumStability/Algorithms/LinearSystems/Underdetermined/QR/Givens/StoredReplay/RoundedReplay.lean
M	reviewed_request	NumStability/Algorithms/LinearSystems/Underdetermined/QR/ModifiedGramSchmidt/CorrectedRecurrence/Core.lean
M	reviewed_request	NumStability/Algorithms/LinearSystems/Underdetermined/QR/ModifiedGramSchmidt/RoundedReplay/RoundedReplay.lean
M	reviewed_request	NumStability/Algorithms/LinearSystems/Underdetermined/RankStability/FullRowRank/UnderdeterminedSolve.lean
M	reviewed_request	NumStability/Algorithms/LinearSystems/Underdetermined/SeminormalEquations/ForwardError/ActualOutput.lean
M	reviewed_request	NumStability/Algorithms/LinearSystems/Underdetermined/SeminormalEquations/ForwardError/Forward.lean
M	reviewed_request	NumStability/Algorithms/LinearSystems/Underdetermined/SeminormalEquations/ForwardError/RemainderBounds.lean
M	reviewed_request	NumStability/Algorithms/LinearSystems/Underdetermined/SeminormalEquations/ForwardError/UnderdeterminedSolve.lean
M	reviewed_request	NumStability/Algorithms/LinearSystems/Underdetermined/SeminormalEquations/HouseholderClosure/Closure.lean
M	reviewed_request	NumStability/Algorithms/LinearSystems/Underdetermined/SeminormalEquations/HouseholderClosure/Uniform.lean
M	reviewed_request	NumStability/Algorithms/LinearSystems/Underdetermined/SeminormalEquations/QRTransfer/EnvelopeTransfer.lean
M	reviewed_request	NumStability/Algorithms/LinearSystems/Underdetermined/SeminormalEquations/QRTransfer/QRMajorant.lean
M	reviewed_request	NumStability/Algorithms/LinearSystems/Underdetermined/SeminormalEquations/QRTransfer/Signed.lean
M	reviewed_request	NumStability/Algorithms/LinearSystems/Underdetermined/SeminormalEquations/TriangularSolves/EnvelopeTransfer.lean
M	reviewed_request	NumStability/Algorithms/LinearSystems/Underdetermined/SeminormalEquations/TriangularSolves/UnderdeterminedSolve.lean
A	immutable_delivery	NumStability/Algorithms/PolynomialEvaluation/DerivativeEvaluation/ErrorBounds.lean
M	reviewed_request	NumStability/Algorithms/RandNLA/LowRankApprox.lean
M	immutable_delivery	NumStability/Algorithms/Summation/Tree/ArbitraryOrderError/PivotNormalized.lean
M	immutable_delivery	NumStability/Algorithms/WilkinsonAttainability.lean
M	request_aggregate_sort_followup	NumStability/Analysis.lean
M	immutable_delivery	NumStability/Analysis/AccuracyTests.lean
A	immutable_delivery	NumStability/Analysis/Approximation/SineTaylor/OddDegreeFiveError/Theorems.lean
M	immutable_delivery	NumStability/Analysis/CancellationOfRoundingErrors.lean
M	reviewed_request	NumStability/Analysis/Counting.lean
M	immutable_delivery	NumStability/Analysis/DoubleRounding.lean
M	bounded_aggregate_followup	NumStability/Analysis/FloatingPointArithmetic.lean
A	immutable_delivery	NumStability/Analysis/FloatingPointArithmetic/IeeeSpecialValueOperations/Results.lean
M	immutable_delivery	NumStability/Analysis/HighamChapter2ElementaryFunctions.lean
M	immutable_delivery	NumStability/Analysis/HighamChapter2FmaDiscriminant.lean
M	reviewed_request	NumStability/Analysis/HighamChapter2GradualUnderflowExact.lean
M	immutable_delivery	NumStability/Analysis/HighamChapter2Lindemann.lean
M	reviewed_request	NumStability/Analysis/HighamChapter2Tablemaker.lean
M	immutable_delivery	NumStability/Analysis/HighamChapter7.lean
M	immutable_delivery	NumStability/Analysis/HighamChapter7Rectangular.lean
M	immutable_delivery	NumStability/Analysis/IncreasingPrecision.lean
M	immutable_delivery	NumStability/Analysis/InstabilityWithoutCancellation.lean
M	immutable_delivery	NumStability/Analysis/Problem2_10.lean
M	immutable_delivery	NumStability/Analysis/Problem2_12.lean
M	immutable_delivery	NumStability/Analysis/Problem2_13.lean
M	immutable_delivery	NumStability/Analysis/Problem2_14.lean
M	reviewed_request	NumStability/Analysis/Problem2_15_16.lean
M	immutable_delivery	NumStability/Analysis/Problem2_17.lean
M	immutable_delivery	NumStability/Analysis/Problem2_20.lean
M	reviewed_request	NumStability/Analysis/Problem2_23.lean
M	immutable_delivery	NumStability/Analysis/Problem2_24.lean
M	reviewed_request	NumStability/Analysis/Problem2_26.lean
M	immutable_delivery	NumStability/Analysis/Problem2_27.lean
M	immutable_delivery	NumStability/Analysis/Problem2_3.lean
M	reviewed_request	NumStability/Analysis/Problem2_5.lean
M	reviewed_request	NumStability/Analysis/Problem2_6.lean
M	immutable_delivery	NumStability/Analysis/SampleVariance.lean
A	immutable_delivery	NumStability/Analysis/Statistics/SampleVariance/RoundingErrorBounds/Theorems.lean
M	immutable_delivery	NumStability/FloatingPoint/Model.lean
M	bounded_aggregate_followup	NumStability/Source.lean
M	reviewed_request	NumStability/Source/DrineasMahoney/RandNLA2016/Equation09/LowRankApproximation/Endpoints.lean
M	bounded_aggregate_followup	NumStability/Source/Higham.lean
M	bounded_aggregate_followup	NumStability/Source/Higham/Chapter01.lean
M	reviewed_request	NumStability/Source/Higham/Chapter01/Problem03/CancellationRewrites/Algebra.lean
M	reviewed_request	NumStability/Source/Higham/Chapter01/Problem07/SampleVarianceConditioning/ConditionNumbers.lean
M	reviewed_request	NumStability/Source/Higham/Chapter01/Problem10/TwoPassSampleVariance/Bounds.lean
A	immutable_delivery	NumStability/Source/Higham/Chapter01/Problem10/TwoPassSampleVariance/RemainderBound/Theorem.lean
M	reviewed_request	NumStability/Source/Higham/Chapter01/Section07/TrigonometricCancellation/Example.lean
M	reviewed_request	NumStability/Source/Higham/Chapter01/Section09/SampleVariance/Examples.lean
A	immutable_delivery	NumStability/Source/Higham/Chapter01/Section09/SampleVariance/IeeeSingleOnePassCounterexample/Results.lean
A	immutable_delivery	NumStability/Source/Higham/Chapter01/Section12/InstabilityWithoutCancellation/PivotingExample.lean
A	immutable_delivery	NumStability/Source/Higham/Chapter01/Section13/IncreasingPrecision/BinaryStorageExamples.lean
A	immutable_delivery	NumStability/Source/Higham/Chapter01/Section14/CancellationOfRoundingErrors/Algorithm02RoundedCore.lean
M	reviewed_request	NumStability/Source/Higham/Chapter01/Section16/ProblemDependentStability/ExactExample.lean
M	reviewed_request	NumStability/Source/Higham/Chapter01/Section16/ProblemDependentStability/Table13IeeeSingle.lean
M	reviewed_request	NumStability/Source/Higham/Chapter01/Section17/HornerEvaluation.lean
M	bounded_aggregate_followup	NumStability/Source/Higham/Chapter02.lean
M	reviewed_request	NumStability/Source/Higham/Chapter02/Problem01/FloatingPointCounts/Basic.lean
M	reviewed_request	NumStability/Source/Higham/Chapter02/Problem02.lean
M	reviewed_request	NumStability/Source/Higham/Chapter02/Problem03/AdjacentPrecisionValues/Basic.lean
A	immutable_delivery	NumStability/Source/Higham/Chapter02/Problem03/AdjacentPrecisionValues/Results/Theorems.lean
M	reviewed_request	NumStability/Source/Higham/Chapter02/Problem04.lean
M	reviewed_request	NumStability/Source/Higham/Chapter02/Problem05/BinaryOneTenth/Basic.lean
M	reviewed_request	NumStability/Source/Higham/Chapter02/Problem06/IntegerRepresentability/Basic.lean
M	reviewed_request	NumStability/Source/Higham/Chapter02/Problem09/DoubleRounding/Counterexample.lean
A	immutable_delivery	NumStability/Source/Higham/Chapter02/Problem09/DoubleRounding/Counterexample/Results.lean
M	reviewed_request	NumStability/Source/Higham/Chapter02/Problem10/DivisionRoundTrip/Basic.lean
A	immutable_delivery	NumStability/Source/Higham/Chapter02/Problem10/DivisionRoundTrip/ExhaustiveBinary64/Results.lean
M	reviewed_request	NumStability/Source/Higham/Chapter02/Problem12/ReciprocalProduct/Basic.lean
A	immutable_delivery	NumStability/Source/Higham/Chapter02/Problem12/ReciprocalProduct/Results/Theorems.lean
A	immutable_delivery	NumStability/Source/Higham/Chapter02/Problem13/ReciprocalProductThreshold/Results/Theorems.lean
A	immutable_delivery	NumStability/Source/Higham/Chapter02/Problem14/UnitRoundoffProbe/IeeeExamples/Results.lean
M	reviewed_request	NumStability/Source/Higham/Chapter02/Problem19/GradualUnderflowExactness/Basic.lean
A	immutable_delivery	NumStability/Source/Higham/Chapter02/Problem21/HypotenuseNormalization/StandardModelCounterexample/Results.lean
M	reviewed_request	NumStability/Source/Higham/Chapter02/Problem24/GuardDigitCancellation/Basic.lean
A	immutable_delivery	NumStability/Source/Higham/Chapter02/Problem25/NonzeroEvaluation/IeeeFiniteSystems/Results.lean
M	reviewed_request	NumStability/Source/Higham/Chapter02/Problem26/ExactProduct/Discrepancy.lean
A	immutable_delivery	NumStability/Source/Higham/Chapter02/Problem28/IterativeDivisionTermination/UnderflowAwareConvergence/Results.lean
M	reviewed_request	NumStability/Source/Higham/Chapter02/Problems15And16/SpecialValueProbes/Basic.lean
M	reviewed_request	NumStability/Source/Higham/Chapter02/Section03/DoubleRounding/Counterexample.lean
A	immutable_delivery	NumStability/Source/Higham/Chapter02/Section06/Discriminant/FusedMultiplyAdd/Counterexample/Results.lean
A	immutable_delivery	NumStability/Source/Higham/Chapter02/Section06/Discriminant/StandardModel/Counterexample/Results.lean
M	reviewed_request	NumStability/Source/Higham/Chapter02/Section06/FusedMultiplyAdd/DotProductCount.lean
M	reviewed_request	NumStability/Source/Higham/Chapter02/Section10/ArctangentRange/Basic.lean
A	immutable_delivery	NumStability/Source/Higham/Chapter02/Section10/ArctangentRange/Counterexample/Results.lean
M	reviewed_request	NumStability/Source/Higham/Chapter02/Section10/Tablemaker/FiniteSeparation/Basic.lean
A	immutable_delivery	NumStability/Source/Higham/Chapter02/Section10/Tablemaker/FiniteSeparation/Results/Theorems.lean
M	reviewed_request	NumStability/Source/Higham/Chapter02/Section10/Tablemaker/HermiteLindemann/Basic.lean
A	immutable_delivery	NumStability/Source/Higham/Chapter02/Section11/AccuracyTests/CodySineResults/Theorems.lean
M	bounded_aggregate_followup	NumStability/Source/Higham/Chapter03.lean
M	reviewed_request	NumStability/Source/Higham/Chapter03/Problem11/KahanAbsoluteValue/Basic.lean
A	immutable_delivery	NumStability/Source/Higham/Chapter03/Problem11/KahanAbsoluteValue/IeeeDoubleTrace/Results.lean
M	bounded_aggregate_followup	NumStability/Source/Higham/Chapter04.lean
M	reviewed_request	NumStability/Source/Higham/Chapter04/Equation07/SterbenzCounterexamples.lean
M	reviewed_request	NumStability/Source/Higham/Chapter04/Equation08/FiniteFamily.lean
M	reviewed_request	NumStability/Source/Higham/Chapter04/Equation08/FiniteRouteLimitations.lean
M	reviewed_request	NumStability/Source/Higham/Chapter04/Equation08/ReturnedSum.lean
A	immutable_delivery	NumStability/Source/Higham/Chapter04/Problem02/WilkinsonAttainability/IeeeDoubleTrace/Results.lean
M	reviewed_request	NumStability/Source/Higham/Chapter04/Problem10.lean
A	immutable_delivery	NumStability/Source/Higham/Chapter05/Algorithm01/ComplexHorner/ErrorBounds/Theorems.lean
M	reviewed_request	NumStability/Source/Higham/Chapter05/Equation14/MatrixPolynomialForms/Basic.lean
M	reviewed_request	NumStability/Source/Higham/Chapter05/Problem01/DifferentiatedHorner/Basic.lean
M	reviewed_request	NumStability/Source/Higham/Chapter05/Problem02/PowerBuilding/Basic.lean
M	reviewed_request	NumStability/Source/Higham/Chapter05/Problem03/EvenOddSplitting/Basic.lean
M	reviewed_request	NumStability/Source/Higham/Chapter05/Problem04/LejaOrdering/Basic.lean
M	reviewed_request	NumStability/Source/Higham/Chapter05/Problem06/MatrixPolynomialHorner/Basic.lean
M	reviewed_request	NumStability/Source/Higham/Chapter05/Section01/Horner/Basic.lean
M	reviewed_request	NumStability/Source/Higham/Chapter05/Section01/RelativeError/Basic.lean
M	reviewed_request	NumStability/Source/Higham/Chapter05/Section02/BidiagonalDerivativeAnalysis/Basic.lean
A	immutable_delivery	NumStability/Source/Higham/Chapter05/Section02/BidiagonalDerivativeAnalysis/Results/Theorems.lean
M	reviewed_request	NumStability/Source/Higham/Chapter05/Section02/DerivativeError/Basic.lean
A	immutable_delivery	NumStability/Source/Higham/Chapter05/Section02/DerivativeError/Results/Theorems.lean
M	reviewed_request	NumStability/Source/Higham/Chapter05/Section02/DerivativeEvaluation/Bidiagonal.lean
M	reviewed_request	NumStability/Source/Higham/Chapter05/Section02/DerivativeEvaluation/SyntheticDivision.lean
M	reviewed_request	NumStability/Source/Higham/Chapter05/Section03/DividedDifferences/Basic.lean
M	reviewed_request	NumStability/Source/Higham/Chapter05/Section03/LejaOrdering/Basic.lean
M	reviewed_request	NumStability/Source/Higham/Chapter05/Section03/NewtonEvaluation/Basic.lean
M	reviewed_request	NumStability/Source/Higham/Chapter05/Section03/NewtonEvaluation/HornerBasis.lean
M	reviewed_request	NumStability/Source/Higham/Chapter05/Section03/ResidualUnwind/Basic.lean
A	immutable_delivery	NumStability/Source/Higham/Chapter05/Section04/PatersonStockmeyer/Results/Theorems.lean
M	reviewed_request	NumStability/Source/Higham/Chapter05/Section05/FastPolynomialEvaluation/Basic.lean
A	immutable_delivery	NumStability/Source/Higham/Chapter05/Section05/FastPolynomialEvaluation/Results/Theorems.lean
M	reviewed_request	NumStability/Source/Higham/Chapter06/Theorem05/DistanceToSingularity/All.lean
M	immutable_delivery	NumStability/Source/Higham/Chapter06/Theorem05/DistanceToSingularity/Chapter07Equation26.lean
M	bounded_aggregate_followup	NumStability/Source/Higham/Chapter07.lean
A	immutable_delivery	NumStability/Source/Higham/Chapter07/Equation17/KahanConditioningExample.lean
A	immutable_delivery	NumStability/Source/Higham/Chapter07/Equation26/DistanceToSingularity/Results.lean
A	immutable_delivery	NumStability/Source/Higham/Chapter07/Equation26/RumpCycle/Results/Theorems.lean
A	immutable_delivery	NumStability/Source/Higham/Chapter07/LinearSystemsConditioning/Theorem03/RectangularResults.lean
A	immutable_delivery	NumStability/Source/Higham/Chapter07/LinearSystemsConditioning/Theorem05/RowInfinityScaleCounterexample/Theorems.lean
M	bounded_aggregate_followup	NumStability/Source/Higham/Chapter08.lean
A	immutable_delivery	NumStability/Source/Higham/Chapter08/Equation02/TriangularSubstitution/RelativeInfinityNormBounds/Theorems.lean
A	immutable_delivery	NumStability/Source/Higham/Chapter08/Equation15/FanInExecutor/FirstOrderResidual.lean
A	immutable_delivery	NumStability/Source/Higham/Chapter08/Equation15/GlobalEnvelopeCounterexample/LocalCancellationResults/Theorems.lean
M	immutable_delivery	NumStability/Source/Higham/Chapter08/Equation15/GlobalEnvelopeCounterexample/RawCube.lean
A	immutable_delivery	NumStability/Source/Higham/Chapter08/Equation18/FanInExecutor/FirstOrderForwardError.lean
A	immutable_delivery	NumStability/Source/Higham/Chapter08/Problem02/ComparisonMatrixWitness/ArbitraryRatios/Theorems.lean
A	immutable_delivery	NumStability/Source/Higham/Chapter08/Problem07/DiagonalScaling/Results/Theorems.lean
A	immutable_delivery	NumStability/Source/Higham/Chapter08/Problem08/SingleEntrySingularity/Results/Theorems.lean
A	immutable_delivery	NumStability/Source/Higham/Chapter08/Problem09/KahanSingularValues/Results/Theorems.lean
M	immutable_delivery	NumStability/Source/Higham/Chapter08/Section03/TriangularSystems/ArbitraryOrder.lean
A	immutable_delivery	NumStability/Source/Higham/Chapter08/Section03/TriangularSystems/ComparisonConditioningResults/Theorems.lean
A	immutable_delivery	NumStability/Source/Higham/Chapter08/Section03/TriangularSystems/InverseNormResults/Theorems.lean
M	reviewed_request	NumStability/Source/Higham/Chapter09/ComputedCorrection.lean
M	reviewed_request	NumStability/Source/Higham/Chapter09/Section02.lean
M	reviewed_request	NumStability/Source/Higham/Chapter09/Section03.lean
M	reviewed_request	NumStability/Source/Higham/Chapter09/Section06.lean
M	reviewed_request	NumStability/Source/Higham/Chapter10/Theorem07/FailureVacuity/Vacuity.lean
M	reviewed_request	NumStability/Source/Higham/Chapter12.lean
M	immutable_delivery	NumStability/Source/Higham/Chapter12/IterativeRefinement.lean
M	reviewed_request	NumStability/Source/Higham/Chapter12/IterativeRefinement/All.lean
M	bounded_aggregate_followup	NumStability/Source/Higham/Chapter12/IterativeRefinement/Chapter12Bounds.lean
A	immutable_delivery	NumStability/Source/Higham/Chapter12/IterativeRefinement/ForwardErrorBounds/Results.lean
M	immutable_delivery	NumStability/Source/Higham/Chapter12/IterativeRefinement/LegacyChapter11Surface.lean
A	immutable_delivery	NumStability/Source/Higham/Chapter12/IterativeRefinement/Results/Theorems.lean
M	reviewed_request	NumStability/Source/Higham/Chapter12/OmegaDiscontinuity.lean
M	reviewed_request	NumStability/Source/Higham/Chapter12/Problem02.lean
M	reviewed_request	NumStability/Source/Higham/Chapter14/Section03/LUFactorInversion/MethodB/MethodsBC.lean
M	reviewed_request	NumStability/Source/Higham/Chapter14/Section03/LUFactorInversion/MethodC/MethodsBC.lean
M	reviewed_request	NumStability/Source/Higham/Chapter20/Equations.lean
M	reviewed_request	NumStability/Source/Higham/Chapter20/Theorem04/Refinement.lean
M	reviewed_request	NumStability/Source/Higham/Chapter22/Section03/ComplexConfluentRefinement.lean
M	reviewed_request	NumStability/Source/Higham/Chapter22/Section03/RealRefinement.lean
M	reviewed_request	NumStability/Source/Higham/Chapter26/IntervalArithmetic/DirectedRounding.lean
M	request_dependency_supply_followup	NumStability/Source/Higham/Chapter27/SoftwareEnvironment.lean
M	reviewed_request	NumStability/Source/Higham/CrossChapter/LUSolverWeights/Doolittle.lean
M	reviewed_request	NumStability/Source/Higham/CrossChapter/LUSolverWeights/Factorization.lean
M	reviewed_request	NumStabilityTest.lean
A	immutable_delivery	NumStabilityTest/Reorganization/R03/Aggregate/NumStability.lean
A	immutable_delivery	NumStabilityTest/Reorganization/R03/Aggregate/NumStability_Algorithms.lean
A	immutable_delivery	NumStabilityTest/Reorganization/R03/Aggregate/NumStability_Analysis.lean
A	immutable_delivery	NumStabilityTest/Reorganization/R03/Aggregate/NumStability_Analysis_FloatingPointArithmetic.lean
A	immutable_delivery	NumStabilityTest/Reorganization/R03/Aggregate/NumStability_Source.lean
A	immutable_delivery	NumStabilityTest/Reorganization/R03/Aggregate/NumStability_Source_Higham.lean
A	immutable_delivery	NumStabilityTest/Reorganization/R03/Aggregate/NumStability_Source_Higham_Chapter12_IterativeRefinement.lean
A	bounded_test_followup	NumStabilityTest/Reorganization/R03/All.lean
A	immutable_delivery	NumStabilityTest/Reorganization/R03/Canonical/NumStability_Algorithms_LinearSystems_LU_Doolittle_Assembly_Core.lean
A	immutable_delivery	NumStabilityTest/Reorganization/R03/Canonical/NumStability_Algorithms_PolynomialEvaluation_DerivativeEvaluation_ErrorBounds.lean
A	immutable_delivery	NumStabilityTest/Reorganization/R03/Canonical/NumStability_Analysis_Approximation_SineTaylor_OddDegreeFiveError_Theorems.lean
A	immutable_delivery	NumStabilityTest/Reorganization/R03/Canonical/NumStability_Analysis_FloatingPointArithmetic_IeeeSpecialValueOperations_Results.lean
A	immutable_delivery	NumStabilityTest/Reorganization/R03/Canonical/NumStability_Analysis_Statistics_SampleVariance_RoundingErrorBounds_Theorems.lean
A	immutable_delivery	NumStabilityTest/Reorganization/R03/Canonical/NumStability_Source_Higham_Chapter01_Problem10_TwoPassSampleVariance_RemainderBound_Theorem.lean
A	immutable_delivery	NumStabilityTest/Reorganization/R03/Canonical/NumStability_Source_Higham_Chapter01_Section09_SampleVariance_IeeeSingleOnePassCounterexample_Results.lean
A	immutable_delivery	NumStabilityTest/Reorganization/R03/Canonical/NumStability_Source_Higham_Chapter01_Section12_InstabilityWithoutCancellation_PivotingExample.lean
A	immutable_delivery	NumStabilityTest/Reorganization/R03/Canonical/NumStability_Source_Higham_Chapter01_Section13_IncreasingPrecision_BinaryStorageExamples.lean
A	immutable_delivery	NumStabilityTest/Reorganization/R03/Canonical/NumStability_Source_Higham_Chapter01_Section14_CancellationOfRoundingErrors_Algorithm02RoundedCore.lean
A	immutable_delivery	NumStabilityTest/Reorganization/R03/Canonical/NumStability_Source_Higham_Chapter02_Problem03_AdjacentPrecisionValues_Results_Theorems.lean
A	immutable_delivery	NumStabilityTest/Reorganization/R03/Canonical/NumStability_Source_Higham_Chapter02_Problem09_DoubleRounding_Counterexample_Results.lean
A	immutable_delivery	NumStabilityTest/Reorganization/R03/Canonical/NumStability_Source_Higham_Chapter02_Problem10_DivisionRoundTrip_ExhaustiveBinary64_Results.lean
A	immutable_delivery	NumStabilityTest/Reorganization/R03/Canonical/NumStability_Source_Higham_Chapter02_Problem12_ReciprocalProduct_Results_Theorems.lean
A	immutable_delivery	NumStabilityTest/Reorganization/R03/Canonical/NumStability_Source_Higham_Chapter02_Problem13_ReciprocalProductThreshold_Results_Theorems.lean
A	immutable_delivery	NumStabilityTest/Reorganization/R03/Canonical/NumStability_Source_Higham_Chapter02_Problem14_UnitRoundoffProbe_IeeeExamples_Results.lean
A	immutable_delivery	NumStabilityTest/Reorganization/R03/Canonical/NumStability_Source_Higham_Chapter02_Problem21_HypotenuseNormalization_StandardModelCounterexample_Results.lean
A	immutable_delivery	NumStabilityTest/Reorganization/R03/Canonical/NumStability_Source_Higham_Chapter02_Problem25_NonzeroEvaluation_IeeeFiniteSystems_Results.lean
A	immutable_delivery	NumStabilityTest/Reorganization/R03/Canonical/NumStability_Source_Higham_Chapter02_Problem28_IterativeDivisionTermination_UnderflowAwareConvergence_Results.lean
A	immutable_delivery	NumStabilityTest/Reorganization/R03/Canonical/NumStability_Source_Higham_Chapter02_Section06_Discriminant_FusedMultiplyAdd_Counterexample_Results.lean
A	immutable_delivery	NumStabilityTest/Reorganization/R03/Canonical/NumStability_Source_Higham_Chapter02_Section06_Discriminant_StandardModel_Counterexample_Results.lean
A	immutable_delivery	NumStabilityTest/Reorganization/R03/Canonical/NumStability_Source_Higham_Chapter02_Section10_ArctangentRange_Counterexample_Results.lean
A	immutable_delivery	NumStabilityTest/Reorganization/R03/Canonical/NumStability_Source_Higham_Chapter02_Section10_Tablemaker_FiniteSeparation_Results_Theorems.lean
A	immutable_delivery	NumStabilityTest/Reorganization/R03/Canonical/NumStability_Source_Higham_Chapter02_Section11_AccuracyTests_CodySineResults_Theorems.lean
A	immutable_delivery	NumStabilityTest/Reorganization/R03/Canonical/NumStability_Source_Higham_Chapter03_Problem11_KahanAbsoluteValue_IeeeDoubleTrace_Results.lean
A	immutable_delivery	NumStabilityTest/Reorganization/R03/Canonical/NumStability_Source_Higham_Chapter04_Problem02_WilkinsonAttainability_IeeeDoubleTrace_Results.lean
A	immutable_delivery	NumStabilityTest/Reorganization/R03/Canonical/NumStability_Source_Higham_Chapter05_Algorithm01_ComplexHorner_ErrorBounds_Theorems.lean
A	immutable_delivery	NumStabilityTest/Reorganization/R03/Canonical/NumStability_Source_Higham_Chapter05_Section02_BidiagonalDerivativeAnalysis_Results_Theorems.lean
A	immutable_delivery	NumStabilityTest/Reorganization/R03/Canonical/NumStability_Source_Higham_Chapter05_Section02_DerivativeError_Results_Theorems.lean
A	immutable_delivery	NumStabilityTest/Reorganization/R03/Canonical/NumStability_Source_Higham_Chapter05_Section04_PatersonStockmeyer_Results_Theorems.lean
A	immutable_delivery	NumStabilityTest/Reorganization/R03/Canonical/NumStability_Source_Higham_Chapter05_Section05_FastPolynomialEvaluation_Results_Theorems.lean
A	immutable_delivery	NumStabilityTest/Reorganization/R03/Canonical/NumStability_Source_Higham_Chapter07_Equation17_KahanConditioningExample.lean
A	immutable_delivery	NumStabilityTest/Reorganization/R03/Canonical/NumStability_Source_Higham_Chapter07_Equation26_DistanceToSingularity_Results.lean
A	immutable_delivery	NumStabilityTest/Reorganization/R03/Canonical/NumStability_Source_Higham_Chapter07_Equation26_RumpCycle_Results_Theorems.lean
A	immutable_delivery	NumStabilityTest/Reorganization/R03/Canonical/NumStability_Source_Higham_Chapter07_LinearSystemsConditioning_Theorem03_RectangularResults.lean
A	immutable_delivery	NumStabilityTest/Reorganization/R03/Canonical/NumStability_Source_Higham_Chapter07_LinearSystemsConditioning_Theorem05_RowInfinityScaleCounterexample_Theorems.lean
A	immutable_delivery	NumStabilityTest/Reorganization/R03/Canonical/NumStability_Source_Higham_Chapter08_Equation02_TriangularSubstitution_RelativeInfinityNormBounds_Theorems.lean
A	bounded_test_followup	NumStabilityTest/Reorganization/R03/Canonical/NumStability_Source_Higham_Chapter08_Equation15_FanInExecutor_FirstOrderResidual.lean
A	immutable_delivery	NumStabilityTest/Reorganization/R03/Canonical/NumStability_Source_Higham_Chapter08_Equation15_GlobalEnvelopeCounterexample_LocalCancellationResults_Theorems.lean
A	immutable_delivery	NumStabilityTest/Reorganization/R03/Canonical/NumStability_Source_Higham_Chapter08_Equation18_FanInExecutor_FirstOrderForwardError.lean
A	immutable_delivery	NumStabilityTest/Reorganization/R03/Canonical/NumStability_Source_Higham_Chapter08_Problem02_ComparisonMatrixWitness_ArbitraryRatios_Theorems.lean
A	immutable_delivery	NumStabilityTest/Reorganization/R03/Canonical/NumStability_Source_Higham_Chapter08_Problem07_DiagonalScaling_Results_Theorems.lean
A	immutable_delivery	NumStabilityTest/Reorganization/R03/Canonical/NumStability_Source_Higham_Chapter08_Problem08_SingleEntrySingularity_Results_Theorems.lean
A	immutable_delivery	NumStabilityTest/Reorganization/R03/Canonical/NumStability_Source_Higham_Chapter08_Problem09_KahanSingularValues_Results_Theorems.lean
A	immutable_delivery	NumStabilityTest/Reorganization/R03/Canonical/NumStability_Source_Higham_Chapter08_Section03_TriangularSystems_ComparisonConditioningResults_Theorems.lean
A	immutable_delivery	NumStabilityTest/Reorganization/R03/Canonical/NumStability_Source_Higham_Chapter08_Section03_TriangularSystems_InverseNormResults_Theorems.lean
A	immutable_delivery	NumStabilityTest/Reorganization/R03/Canonical/NumStability_Source_Higham_Chapter12_IterativeRefinement_ForwardErrorBounds_Results.lean
A	immutable_delivery	NumStabilityTest/Reorganization/R03/Canonical/NumStability_Source_Higham_Chapter12_IterativeRefinement_Results_Theorems.lean
A	bounded_test_followup	NumStabilityTest/Reorganization/R03/Canonical/NumStability_Upstream_Lindemann_Basic.lean
A	immutable_delivery	NumStabilityTest/Reorganization/R03/Consumer/NumStability.lean
A	immutable_delivery	NumStabilityTest/Reorganization/R03/Consumer/NumStability_Algorithms.lean
A	immutable_delivery	NumStabilityTest/Reorganization/R03/Consumer/NumStability_Algorithms_AccumulatorSum.lean
A	immutable_delivery	NumStabilityTest/Reorganization/R03/Consumer/NumStability_Algorithms_AitkenDenominator.lean
A	immutable_delivery	NumStabilityTest/Reorganization/R03/Consumer/NumStability_Algorithms_Arithmetic_DotProduct_NoGuard.lean
A	immutable_delivery	NumStabilityTest/Reorganization/R03/Consumer/NumStability_Algorithms_Arithmetic_DotProduct_NoGuard_Core.lean
A	immutable_delivery	NumStabilityTest/Reorganization/R03/Consumer/NumStability_Algorithms_Arithmetic_DotProduct_NoGuard_Tree.lean
A	immutable_delivery	NumStabilityTest/Reorganization/R03/Consumer/NumStability_Algorithms_AutomaticErrorAnalysis_Higham26.lean
A	immutable_delivery	NumStabilityTest/Reorganization/R03/Consumer/NumStability_Algorithms_AutomaticErrorAnalysis_Higham26SourceSearch.lean
A	immutable_delivery	NumStabilityTest/Reorganization/R03/Consumer/NumStability_Algorithms_BlockDotProduct.lean
A	immutable_delivery	NumStabilityTest/Reorganization/R03/Consumer/NumStability_Algorithms_Ch10ActualSourceClosure.lean
A	immutable_delivery	NumStabilityTest/Reorganization/R03/Consumer/NumStability_Algorithms_Ch10Ch14Lemma66Op2Bridge.lean
A	immutable_delivery	NumStabilityTest/Reorganization/R03/Consumer/NumStability_Algorithms_Ch10ComplexPositiveDefiniteSourceClosure.lean
A	immutable_delivery	NumStabilityTest/Reorganization/R03/Consumer/NumStability_Algorithms_Ch10KahanSharpness.lean
A	immutable_delivery	NumStabilityTest/Reorganization/R03/Consumer/NumStability_Algorithms_Ch10KahanSharpnessSource.lean
A	immutable_delivery	NumStabilityTest/Reorganization/R03/Consumer/NumStability_Algorithms_Ch10Lemma1011Source.lean
A	immutable_delivery	NumStabilityTest/Reorganization/R03/Consumer/NumStability_Algorithms_Ch10PivotedPSDSourceClosure.lean
A	immutable_delivery	NumStabilityTest/Reorganization/R03/Consumer/NumStability_Algorithms_Ch10Theorem107FailureVacuity.lean
A	immutable_delivery	NumStabilityTest/Reorganization/R03/Consumer/NumStability_Algorithms_Ch10Theorem108Componentwise.lean
A	immutable_delivery	NumStabilityTest/Reorganization/R03/Consumer/NumStability_Algorithms_Ch10Theorem108Source.lean
A	immutable_delivery	NumStabilityTest/Reorganization/R03/Consumer/NumStability_Algorithms_Ch14AsymptoticFamilies.lean
A	immutable_delivery	NumStabilityTest/Reorganization/R03/Consumer/NumStability_Algorithms_Ch14BlockTriInverse.lean
A	immutable_delivery	NumStabilityTest/Reorganization/R03/Consumer/NumStability_Algorithms_Ch14Cor146UniformInverseBridge.lean
A	immutable_delivery	NumStabilityTest/Reorganization/R03/Consumer/NumStability_Algorithms_Ch14Cor147FinalDivisionFamilyClosure.lean
A	immutable_delivery	NumStabilityTest/Reorganization/R03/Consumer/NumStability_Algorithms_Ch14Cor147SourceDomainConstructor.lean
A	immutable_delivery	NumStabilityTest/Reorganization/R03/Consumer/NumStability_Algorithms_Ch14Corollary146Closure.lean
A	immutable_delivery	NumStabilityTest/Reorganization/R03/Consumer/NumStability_Algorithms_Ch14Corollary146Concrete.lean
A	immutable_delivery	NumStabilityTest/Reorganization/R03/Consumer/NumStability_Algorithms_Ch14Corollary146SourceClosure.lean
A	immutable_delivery	NumStabilityTest/Reorganization/R03/Consumer/NumStability_Algorithms_Ch14Corollary147.lean
A	immutable_delivery	NumStabilityTest/Reorganization/R03/Consumer/NumStability_Algorithms_Ch14Corollary147Closure.lean
A	immutable_delivery	NumStabilityTest/Reorganization/R03/Consumer/NumStability_Algorithms_Ch14Corollary147Concrete.lean
A	immutable_delivery	NumStabilityTest/Reorganization/R03/Consumer/NumStability_Algorithms_Ch14Corollary147SourceClosure.lean
A	immutable_delivery	NumStabilityTest/Reorganization/R03/Consumer/NumStability_Algorithms_Ch14Corollary147WeakFamily.lean
A	immutable_delivery	NumStabilityTest/Reorganization/R03/Consumer/NumStability_Algorithms_Ch14ForwardErrorEndpoint.lean
A	immutable_delivery	NumStabilityTest/Reorganization/R03/Consumer/NumStability_Algorithms_Ch14GJEActualDoolittleAdapter.lean
A	immutable_delivery	NumStabilityTest/Reorganization/R03/Consumer/NumStability_Algorithms_Ch14GJEAsymptoticFamilies.lean
A	immutable_delivery	NumStabilityTest/Reorganization/R03/Consumer/NumStability_Algorithms_Ch14GJEFinalDivisionClosure.lean
A	immutable_delivery	NumStabilityTest/Reorganization/R03/Consumer/NumStability_Algorithms_Ch14GJEOperationalBridge.lean
A	immutable_delivery	NumStabilityTest/Reorganization/R03/Consumer/NumStability_Algorithms_Ch14GJEPrintedEnvelopeClosure.lean
A	immutable_delivery	NumStabilityTest/Reorganization/R03/Consumer/NumStability_Algorithms_Ch14GJESourceAccumulationBridge.lean
A	immutable_delivery	NumStabilityTest/Reorganization/R03/Consumer/NumStability_Algorithms_Ch14GJETheorem145SourceClosure.lean
A	immutable_delivery	NumStabilityTest/Reorganization/R03/Consumer/NumStability_Algorithms_Ch14GaussJordanAccumulation.lean
A	immutable_delivery	NumStabilityTest/Reorganization/R03/Consumer/NumStability_Algorithms_Ch14GaussJordanQConstruction.lean
A	immutable_delivery	NumStabilityTest/Reorganization/R03/Consumer/NumStability_Algorithms_Ch14GaussJordanSPDCorollary.lean
A	immutable_delivery	NumStabilityTest/Reorganization/R03/Consumer/NumStability_Algorithms_Ch14GaussJordanSourceClosure.lean
A	immutable_delivery	NumStabilityTest/Reorganization/R03/Consumer/NumStability_Algorithms_Ch14GaussJordanStep.lean
A	immutable_delivery	NumStabilityTest/Reorganization/R03/Consumer/NumStability_Algorithms_Ch14HymanDeterminant.lean
A	immutable_delivery	NumStabilityTest/Reorganization/R03/Consumer/NumStability_Algorithms_Ch14Method1BWhole.lean
A	immutable_delivery	NumStabilityTest/Reorganization/R03/Consumer/NumStability_Algorithms_Ch14Method2C.lean
A	immutable_delivery	NumStabilityTest/Reorganization/R03/Consumer/NumStability_Algorithms_Ch14Method2CWhole.lean
A	immutable_delivery	NumStabilityTest/Reorganization/R03/Consumer/NumStability_Algorithms_Ch14Method2Loop.lean
A	immutable_delivery	NumStabilityTest/Reorganization/R03/Consumer/NumStability_Algorithms_Ch14MethodDLeftResidual.lean
A	immutable_delivery	NumStabilityTest/Reorganization/R03/Consumer/NumStability_Algorithms_Ch14MethodDProductDischarge.lean
A	immutable_delivery	NumStabilityTest/Reorganization/R03/Consumer/NumStability_Algorithms_Ch14MethodDUpperCertificate.lean
A	immutable_delivery	NumStabilityTest/Reorganization/R03/Consumer/NumStability_Algorithms_Ch14MethodsBC.lean
A	immutable_delivery	NumStabilityTest/Reorganization/R03/Consumer/NumStability_Algorithms_Ch14Problem1413Boundary.lean
A	immutable_delivery	NumStabilityTest/Reorganization/R03/Consumer/NumStability_Algorithms_Ch14Problem142.lean
A	immutable_delivery	NumStabilityTest/Reorganization/R03/Consumer/NumStability_Algorithms_Ch14Problem142Families.lean
A	immutable_delivery	NumStabilityTest/Reorganization/R03/Consumer/NumStability_Algorithms_Ch14Problem142Method2B.lean
A	immutable_delivery	NumStabilityTest/Reorganization/R03/Consumer/NumStability_Algorithms_Ch14ProductErrorNotation.lean
A	immutable_delivery	NumStabilityTest/Reorganization/R03/Consumer/NumStability_Algorithms_Ch14SchulzSpectralConvergence.lean
A	immutable_delivery	NumStabilityTest/Reorganization/R03/Consumer/NumStability_Algorithms_Ch14SourceCorrections.lean
A	immutable_delivery	NumStabilityTest/Reorganization/R03/Consumer/NumStability_Algorithms_Ch15CondEstimators.lean
A	immutable_delivery	NumStabilityTest/Reorganization/R03/Consumer/NumStability_Algorithms_Ch15DixonClosure.lean
A	immutable_delivery	NumStabilityTest/Reorganization/R03/Consumer/NumStability_Algorithms_Ch15DixonProbability.lean
A	immutable_delivery	NumStabilityTest/Reorganization/R03/Consumer/NumStability_Algorithms_Ch4KahanFiniteFamily.lean
A	immutable_delivery	NumStabilityTest/Reorganization/R03/Consumer/NumStability_Algorithms_Ch5LejaProducer.lean
A	immutable_delivery	NumStabilityTest/Reorganization/R03/Consumer/NumStability_Algorithms_Ch5NewtonForm.lean
A	immutable_delivery	NumStabilityTest/Reorganization/R03/Consumer/NumStability_Algorithms_Chapter14Problem1415Weyl.lean
A	immutable_delivery	NumStabilityTest/Reorganization/R03/Consumer/NumStability_Algorithms_Chapter15CondEst.lean
A	immutable_delivery	NumStabilityTest/Reorganization/R03/Consumer/NumStability_Algorithms_Cholesky_Aasen118ReducedCh11Closure.lean
A	immutable_delivery	NumStabilityTest/Reorganization/R03/Consumer/NumStability_Algorithms_Cholesky_AasenAdjacentPivotOperationalMiddleCh11.lean
A	immutable_delivery	NumStabilityTest/Reorganization/R03/Consumer/NumStability_Algorithms_Cholesky_AasenAdjacentPivotResidualDomainCh11Discrepancy.lean
A	immutable_delivery	NumStabilityTest/Reorganization/R03/Consumer/NumStability_Algorithms_Cholesky_AasenAdjacentPivotSourceResidualCh11Closure.lean
A	immutable_delivery	NumStabilityTest/Reorganization/R03/Consumer/NumStability_Algorithms_Cholesky_AasenAdjacentPivotTridiagExecutorCh11Closure.lean
A	immutable_delivery	NumStabilityTest/Reorganization/R03/Consumer/NumStability_Algorithms_Cholesky_AasenAdjacentPivotTridiagForwardCounterexampleCh11.lean
A	immutable_delivery	NumStabilityTest/Reorganization/R03/Consumer/NumStability_Algorithms_Cholesky_AasenCoupledFpCh11Closure.lean
A	immutable_delivery	NumStabilityTest/Reorganization/R03/Consumer/NumStability_Algorithms_Cholesky_AasenDirect118Ch11Closure.lean
A	immutable_delivery	NumStabilityTest/Reorganization/R03/Consumer/NumStability_Algorithms_Cholesky_AasenDirectTridiagGEPPSolveCh11Closure.lean
A	immutable_delivery	NumStabilityTest/Reorganization/R03/Consumer/NumStability_Algorithms_Cholesky_AasenFactorNormCh11Closure.lean
A	immutable_delivery	NumStabilityTest/Reorganization/R03/Consumer/NumStability_Algorithms_Cholesky_AasenFactorResidualCh11Closure.lean
A	immutable_delivery	NumStabilityTest/Reorganization/R03/Consumer/NumStability_Algorithms_Cholesky_AasenGrowthCh11Closure.lean
A	immutable_delivery	NumStabilityTest/Reorganization/R03/Consumer/NumStability_Algorithms_Cholesky_AasenMiddleGEPPCh11Counterexample.lean
A	immutable_delivery	NumStabilityTest/Reorganization/R03/Consumer/NumStability_Algorithms_Cholesky_AasenOriginalCoordinateCorrectionCh11.lean
A	immutable_delivery	NumStabilityTest/Reorganization/R03/Consumer/NumStability_Algorithms_Cholesky_AasenPermutationSourceCorrectionCh11.lean
A	immutable_delivery	NumStabilityTest/Reorganization/R03/Consumer/NumStability_Algorithms_Cholesky_AasenPrintedCoefficientAlgebraCh11Closure.lean
A	immutable_delivery	NumStabilityTest/Reorganization/R03/Consumer/NumStability_Algorithms_Cholesky_AasenSourceSharpFactorResidualCh11Closure.lean
A	immutable_delivery	NumStabilityTest/Reorganization/R03/Consumer/NumStability_Algorithms_Cholesky_AasenTheorem118ScalarEdgeCh11Discrepancy.lean
A	immutable_delivery	NumStabilityTest/Reorganization/R03/Consumer/NumStability_Algorithms_Cholesky_AasenTridiagGEPPCh11Closure.lean
A	immutable_delivery	NumStabilityTest/Reorganization/R03/Consumer/NumStability_Algorithms_Cholesky_AasenUnitOuterSolveCh11Closure.lean
A	immutable_delivery	NumStabilityTest/Reorganization/R03/Consumer/NumStability_Algorithms_Cholesky_BlockLDLTAllOneByOnePrintedCh11Closure.lean
A	immutable_delivery	NumStabilityTest/Reorganization/R03/Consumer/NumStability_Algorithms_Cholesky_BlockLDLTBunchTridiagonalCh11Closure.lean
A	immutable_delivery	NumStabilityTest/Reorganization/R03/Consumer/NumStability_Algorithms_Cholesky_BlockLDLTMixedPivotCh11Closure.lean
A	immutable_delivery	NumStabilityTest/Reorganization/R03/Consumer/NumStability_Algorithms_Cholesky_BlockLDLTSolveBackwardCh11Closure.lean
A	immutable_delivery	NumStabilityTest/Reorganization/R03/Consumer/NumStability_Algorithms_Cholesky_BunchKaufmanSolveCh11Closure.lean
A	immutable_delivery	NumStabilityTest/Reorganization/R03/Consumer/NumStability_Algorithms_Cholesky_BunchTridiagonalActualSolveCh11Closure.lean
A	immutable_delivery	NumStabilityTest/Reorganization/R03/Consumer/NumStability_Algorithms_Cholesky_BunchTridiagonalCapstoneCh11Closure.lean
A	immutable_delivery	NumStabilityTest/Reorganization/R03/Consumer/NumStability_Algorithms_Cholesky_BunchTridiagonalFactorBoundCh11Closure.lean
A	immutable_delivery	NumStabilityTest/Reorganization/R03/Consumer/NumStability_Algorithms_Cholesky_BunchTridiagonalGrowthCh11Closure.lean
A	immutable_delivery	NumStabilityTest/Reorganization/R03/Consumer/NumStability_Algorithms_Cholesky_BunchTridiagonalGrowthInvariantCh11Closure.lean
A	immutable_delivery	NumStabilityTest/Reorganization/R03/Consumer/NumStability_Algorithms_Cholesky_BunchTridiagonalHFactorCh11Closure.lean
A	immutable_delivery	NumStabilityTest/Reorganization/R03/Consumer/NumStability_Algorithms_Cholesky_BunchTridiagonalSparseFactorCh11Closure.lean
A	immutable_delivery	NumStabilityTest/Reorganization/R03/Consumer/NumStability_Algorithms_Cholesky_BunchTridiagonalSparseSolveCh11Closure.lean
A	immutable_delivery	NumStabilityTest/Reorganization/R03/Consumer/NumStability_Algorithms_Cholesky_CholeskyDemmel.lean
A	immutable_delivery	NumStabilityTest/Reorganization/R03/Consumer/NumStability_Algorithms_Cholesky_CholeskyFl.lean
A	immutable_delivery	NumStabilityTest/Reorganization/R03/Consumer/NumStability_Algorithms_Cholesky_CholeskyIndefinite.lean
A	immutable_delivery	NumStabilityTest/Reorganization/R03/Consumer/NumStability_Algorithms_Cholesky_CholeskyNonsym.lean
A	immutable_delivery	NumStabilityTest/Reorganization/R03/Consumer/NumStability_Algorithms_Cholesky_CholeskyPSD.lean
A	immutable_delivery	NumStabilityTest/Reorganization/R03/Consumer/NumStability_Algorithms_Cholesky_CholeskyPerturbation.lean
A	immutable_delivery	NumStabilityTest/Reorganization/R03/Consumer/NumStability_Algorithms_Cholesky_CholeskySolve.lean
A	immutable_delivery	NumStabilityTest/Reorganization/R03/Consumer/NumStability_Algorithms_Cholesky_CholeskySpec.lean
A	immutable_delivery	NumStabilityTest/Reorganization/R03/Consumer/NumStability_Algorithms_Cholesky_Higham1014Equation1022.lean
A	immutable_delivery	NumStabilityTest/Reorganization/R03/Consumer/NumStability_Algorithms_Cholesky_Higham1014SourceError.lean
A	immutable_delivery	NumStabilityTest/Reorganization/R03/Consumer/NumStability_Algorithms_Cholesky_Higham1014SourceSuccess.lean
A	immutable_delivery	NumStabilityTest/Reorganization/R03/Consumer/NumStability_Algorithms_Cholesky_Higham1029Source.lean
A	immutable_delivery	NumStabilityTest/Reorganization/R03/Consumer/NumStability_Algorithms_Cholesky_Higham10Problem10_3.lean
A	immutable_delivery	NumStabilityTest/Reorganization/R03/Consumer/NumStability_Algorithms_Cholesky_Higham10Theorem10_7Source.lean
A	immutable_delivery	NumStabilityTest/Reorganization/R03/Consumer/NumStability_Algorithms_Cholesky_Higham11BunchActualSharpGrowthClosure.lean
A	immutable_delivery	NumStabilityTest/Reorganization/R03/Consumer/NumStability_Algorithms_Cholesky_Higham11BunchExactTrace.lean
A	immutable_delivery	NumStabilityTest/Reorganization/R03/Consumer/NumStability_Algorithms_Cholesky_Higham11BunchKaufmanActualSelector.lean
A	immutable_delivery	NumStabilityTest/Reorganization/R03/Consumer/NumStability_Algorithms_Cholesky_Higham11BunchKaufmanExactGrowth.lean
A	immutable_delivery	NumStabilityTest/Reorganization/R03/Consumer/NumStability_Algorithms_Cholesky_Higham11BunchKaufmanExactGrowthArithmetic.lean
A	immutable_delivery	NumStabilityTest/Reorganization/R03/Consumer/NumStability_Algorithms_Cholesky_Higham11BunchKaufmanExactTrace.lean
A	immutable_delivery	NumStabilityTest/Reorganization/R03/Consumer/NumStability_Algorithms_Cholesky_Higham11BunchKaufmanExplicitInverseSolve.lean
A	immutable_delivery	NumStabilityTest/Reorganization/R03/Consumer/NumStability_Algorithms_Cholesky_Higham11BunchKaufmanExplicitInverseTerminalClosedForm.lean
A	immutable_delivery	NumStabilityTest/Reorganization/R03/Consumer/NumStability_Algorithms_Cholesky_Higham11BunchKaufmanRoundedAccumulated.lean
A	immutable_delivery	NumStabilityTest/Reorganization/R03/Consumer/NumStability_Algorithms_Cholesky_Higham11BunchKaufmanRoundedBridge.lean
A	immutable_delivery	NumStabilityTest/Reorganization/R03/Consumer/NumStability_Algorithms_Cholesky_Higham11BunchKaufmanRoundedClosure.lean
A	immutable_delivery	NumStabilityTest/Reorganization/R03/Consumer/NumStability_Algorithms_Cholesky_Higham11BunchKaufmanRoundedExecution.lean
A	immutable_delivery	NumStabilityTest/Reorganization/R03/Consumer/NumStability_Algorithms_Cholesky_Higham11BunchKaufmanRoundedFactors.lean
A	immutable_delivery	NumStabilityTest/Reorganization/R03/Consumer/NumStability_Algorithms_Cholesky_Higham11BunchKaufmanRoundedGlobal.lean
A	immutable_delivery	NumStabilityTest/Reorganization/R03/Consumer/NumStability_Algorithms_Cholesky_Higham11BunchKaufmanRoundedGrowth.lean
A	immutable_delivery	NumStabilityTest/Reorganization/R03/Consumer/NumStability_Algorithms_Cholesky_Higham11BunchKaufmanRoundedGrowthSolve.lean
A	immutable_delivery	NumStabilityTest/Reorganization/R03/Consumer/NumStability_Algorithms_Cholesky_Higham11BunchKaufmanRoundedMiddleSolve.lean
A	immutable_delivery	NumStabilityTest/Reorganization/R03/Consumer/NumStability_Algorithms_Cholesky_Higham11BunchKaufmanRoundedSolve.lean
A	immutable_delivery	NumStabilityTest/Reorganization/R03/Consumer/NumStability_Algorithms_Cholesky_Higham11BunchKaufmanRoundedTerminal.lean
A	immutable_delivery	NumStabilityTest/Reorganization/R03/Consumer/NumStability_Algorithms_Cholesky_Higham11BunchKaufmanRoundedTerminalClosedForm.lean
A	immutable_delivery	NumStabilityTest/Reorganization/R03/Consumer/NumStability_Algorithms_Cholesky_Higham11BunchKaufmanSourceCorrection.lean
A	immutable_delivery	NumStabilityTest/Reorganization/R03/Consumer/NumStability_Algorithms_Cholesky_Higham11BunchSharpGrowthBridge.lean
A	immutable_delivery	NumStabilityTest/Reorganization/R03/Consumer/NumStability_Algorithms_Cholesky_Higham11BunchTraceHadamard.lean
A	immutable_delivery	NumStabilityTest/Reorganization/R03/Consumer/NumStability_Algorithms_Cholesky_Higham11Chapter9ActualExecutorBridge.lean
A	immutable_delivery	NumStabilityTest/Reorganization/R03/Consumer/NumStability_Algorithms_Cholesky_Higham11Chapter9BridgeClosure.lean
A	immutable_delivery	NumStabilityTest/Reorganization/R03/Consumer/NumStability_Algorithms_Cholesky_Higham11RookExactTrace.lean
A	immutable_delivery	NumStabilityTest/Reorganization/R03/Consumer/NumStability_Algorithms_Cholesky_Higham11RookExecutorAdapter.lean
A	immutable_delivery	NumStabilityTest/Reorganization/R03/Consumer/NumStability_Algorithms_Cholesky_Higham11RookRoundedGap.lean
A	immutable_delivery	NumStabilityTest/Reorganization/R03/Consumer/NumStability_Algorithms_Cholesky_Higham11RookSourceClosure.lean
A	immutable_delivery	NumStabilityTest/Reorganization/R03/Consumer/NumStability_Algorithms_Cholesky_Higham11SkewActualSelector.lean
A	immutable_delivery	NumStabilityTest/Reorganization/R03/Consumer/NumStability_Algorithms_Cholesky_Higham11SkewExactTrace.lean
A	immutable_delivery	NumStabilityTest/Reorganization/R03/Consumer/NumStability_Algorithms_Cholesky_Higham11SkewSourceCorrection.lean
A	immutable_delivery	NumStabilityTest/Reorganization/R03/Consumer/NumStability_Algorithms_Cholesky_HighamMathiasFirstBreakdown.lean
A	immutable_delivery	NumStabilityTest/Reorganization/R03/Consumer/NumStability_Algorithms_Cholesky_HighamMathiasSource.lean
A	immutable_delivery	NumStabilityTest/Reorganization/R03/Consumer/NumStability_Algorithms_Cholesky_TwoByTwoSchurStepCh11Closure.lean
A	immutable_delivery	NumStabilityTest/Reorganization/R03/Consumer/NumStability_Algorithms_Circulant_Higham24.lean
A	immutable_delivery	NumStabilityTest/Reorganization/R03/Consumer/NumStability_Algorithms_Circulant_Higham24BackwardStability.lean
A	immutable_delivery	NumStabilityTest/Reorganization/R03/Consumer/NumStability_Algorithms_Circulant_Higham24ForwardError.lean
A	immutable_delivery	NumStabilityTest/Reorganization/R03/Consumer/NumStability_Algorithms_Circulant_Higham24ForwardPerturbation.lean
A	immutable_delivery	NumStabilityTest/Reorganization/R03/Consumer/NumStability_Algorithms_Circulant_Higham24InverseFFT.lean
A	immutable_delivery	NumStabilityTest/Reorganization/R03/Consumer/NumStability_Algorithms_Circulant_Higham24LiteralSolver.lean
A	immutable_delivery	NumStabilityTest/Reorganization/R03/Consumer/NumStability_Algorithms_Circulant_Higham24Rounded.lean
A	immutable_delivery	NumStabilityTest/Reorganization/R03/Consumer/NumStability_Algorithms_Circulant_Higham24Structured.lean
A	immutable_delivery	NumStabilityTest/Reorganization/R03/Consumer/NumStability_Algorithms_CompensatedSum.lean
A	immutable_delivery	NumStabilityTest/Reorganization/R03/Consumer/NumStability_Algorithms_CondEstimation.lean
A	immutable_delivery	NumStabilityTest/Reorganization/R03/Consumer/NumStability_Algorithms_DotProduct.lean
A	immutable_delivery	NumStabilityTest/Reorganization/R03/Consumer/NumStability_Algorithms_DoublyCompensatedSum.lean
A	immutable_delivery	NumStabilityTest/Reorganization/R03/Consumer/NumStability_Algorithms_ExtendedPrecisionDotProduct.lean
A	immutable_delivery	NumStabilityTest/Reorganization/R03/Consumer/NumStability_Algorithms_FFT_Higham24.lean
A	immutable_delivery	NumStabilityTest/Reorganization/R03/Consumer/NumStability_Algorithms_FFT_Higham24Radix2.lean
A	immutable_delivery	NumStabilityTest/Reorganization/R03/Consumer/NumStability_Algorithms_FastMatMul.lean
A	immutable_delivery	NumStabilityTest/Reorganization/R03/Consumer/NumStability_Algorithms_FastMatMul_Higham23.lean
A	immutable_delivery	NumStabilityTest/Reorganization/R03/Consumer/NumStability_Algorithms_FastMatMul_Higham23Bini.lean
A	immutable_delivery	NumStabilityTest/Reorganization/R03/Consumer/NumStability_Algorithms_FastMatMul_Higham23Problem23_8.lean
A	immutable_delivery	NumStabilityTest/Reorganization/R03/Consumer/NumStability_Algorithms_FastMatMul_Higham23Recursive.lean
A	immutable_delivery	NumStabilityTest/Reorganization/R03/Consumer/NumStability_Algorithms_FastMatMul_Higham23Remaining.lean
A	immutable_delivery	NumStabilityTest/Reorganization/R03/Consumer/NumStability_Algorithms_FastMatMul_Higham23ThreeMStrassen.lean
A	immutable_delivery	NumStabilityTest/Reorganization/R03/Consumer/NumStability_Algorithms_ForwardSub.lean
A	immutable_delivery	NumStabilityTest/Reorganization/R03/Consumer/NumStability_Algorithms_GaussJordan.lean
A	immutable_delivery	NumStabilityTest/Reorganization/R03/Consumer/NumStability_Algorithms_GaussJordanPivoting.lean
A	immutable_delivery	NumStabilityTest/Reorganization/R03/Consumer/NumStability_Algorithms_GridPoints.lean
A	immutable_delivery	NumStabilityTest/Reorganization/R03/Consumer/NumStability_Algorithms_HighamChapter10.lean
A	immutable_delivery	NumStabilityTest/Reorganization/R03/Consumer/NumStability_Algorithms_HighamChapter11.lean
A	immutable_delivery	NumStabilityTest/Reorganization/R03/Consumer/NumStability_Algorithms_HighamChapter12.lean
A	immutable_delivery	NumStabilityTest/Reorganization/R03/Consumer/NumStability_Algorithms_HighamChapter12Ch9GenericSolverBridge.lean
A	immutable_delivery	NumStabilityTest/Reorganization/R03/Consumer/NumStability_Algorithms_HighamChapter12Ch9SolverBridge.lean
A	immutable_delivery	NumStabilityTest/Reorganization/R03/Consumer/NumStability_Algorithms_HighamChapter12OmegaDiscontinuity.lean
A	immutable_delivery	NumStabilityTest/Reorganization/R03/Consumer/NumStability_Algorithms_HighamChapter12Problem12_2.lean
A	immutable_delivery	NumStabilityTest/Reorganization/R03/Consumer/NumStability_Algorithms_HighamChapter15BoydBridges.lean
A	immutable_delivery	NumStabilityTest/Reorganization/R03/Consumer/NumStability_Algorithms_HighamChapter15BoydConcreteLemma3.lean
A	immutable_delivery	NumStabilityTest/Reorganization/R03/Consumer/NumStability_Algorithms_HighamChapter15BoydLocalStability.lean
A	immutable_delivery	NumStabilityTest/Reorganization/R03/Consumer/NumStability_Algorithms_HighamChapter15BoydRowwiseDomain.lean
A	immutable_delivery	NumStabilityTest/Reorganization/R03/Consumer/NumStability_Algorithms_HighamChapter15BoydScalar.lean
A	immutable_delivery	NumStabilityTest/Reorganization/R03/Consumer/NumStability_Algorithms_HighamChapter15BoydSourceClosure.lean
A	immutable_delivery	NumStabilityTest/Reorganization/R03/Consumer/NumStability_Algorithms_HighamChapter15BoydSourceDomain.lean
A	immutable_delivery	NumStabilityTest/Reorganization/R03/Consumer/NumStability_Algorithms_HighamChapter15BoydSourceLocal.lean
A	immutable_delivery	NumStabilityTest/Reorganization/R03/Consumer/NumStability_Algorithms_HighamChapter15BoydSourceSecondDerivative.lean
A	immutable_delivery	NumStabilityTest/Reorganization/R03/Consumer/NumStability_Algorithms_HighamChapter15BoydUniqueness.lean
A	immutable_delivery	NumStabilityTest/Reorganization/R03/Consumer/NumStability_Algorithms_HighamChapter15Ch7PracticalBoundBridge.lean
A	immutable_delivery	NumStabilityTest/Reorganization/R03/Consumer/NumStability_Algorithms_HighamChapter15ConvergenceProse.lean
A	immutable_delivery	NumStabilityTest/Reorganization/R03/Consumer/NumStability_Algorithms_HighamChapter15RectTermination.lean
A	immutable_delivery	NumStabilityTest/Reorganization/R03/Consumer/NumStability_Algorithms_HighamChapter3NoGuardDotBridge.lean
A	immutable_delivery	NumStabilityTest/Reorganization/R03/Consumer/NumStability_Algorithms_HighamChapter4KaoWangScope.lean
A	immutable_delivery	NumStabilityTest/Reorganization/R03/Consumer/NumStability_Algorithms_HighamChapter8FanInClosure.lean
A	immutable_delivery	NumStabilityTest/Reorganization/R03/Consumer/NumStability_Algorithms_HighamChapter8Lemma88SourceDiscrepancy.lean
A	immutable_delivery	NumStabilityTest/Reorganization/R03/Consumer/NumStability_Algorithms_HighamChapter9.lean
A	immutable_delivery	NumStabilityTest/Reorganization/R03/Consumer/NumStability_Algorithms_HighamChapter9CompletePivotSharpClosure.lean
A	immutable_delivery	NumStabilityTest/Reorganization/R03/Consumer/NumStability_Algorithms_HighamChapter9ComplexClosure.lean
A	immutable_delivery	NumStabilityTest/Reorganization/R03/Consumer/NumStability_Algorithms_HighamChapter9ComputedCorrection.lean
A	immutable_delivery	NumStabilityTest/Reorganization/R03/Consumer/NumStability_Algorithms_HighamChapter9DoolittleClosure.lean
A	immutable_delivery	NumStabilityTest/Reorganization/R03/Consumer/NumStability_Algorithms_HighamChapter9Theorem914Actual.lean
A	immutable_delivery	NumStabilityTest/Reorganization/R03/Consumer/NumStability_Algorithms_HighamChapter9Theorem914DiagDominant.lean
A	immutable_delivery	NumStabilityTest/Reorganization/R03/Consumer/NumStability_Algorithms_HighamChapter9Theorem914Primitive.lean
A	immutable_delivery	NumStabilityTest/Reorganization/R03/Consumer/NumStability_Algorithms_HighamChapter9Theorem97Classification.lean
A	immutable_delivery	NumStabilityTest/Reorganization/R03/Consumer/NumStability_Algorithms_HighamChapter9Theorem99Closure.lean
A	immutable_delivery	NumStabilityTest/Reorganization/R03/Consumer/NumStability_Algorithms_HighamChapter9Theorem99ComplexClosure.lean
A	immutable_delivery	NumStabilityTest/Reorganization/R03/Consumer/NumStability_Algorithms_HighamLemma88Entrywise.lean
A	immutable_delivery	NumStabilityTest/Reorganization/R03/Consumer/NumStability_Algorithms_InsertionSum.lean
A	immutable_delivery	NumStabilityTest/Reorganization/R03/Consumer/NumStability_Algorithms_InverseBounds.lean
A	immutable_delivery	NumStabilityTest/Reorganization/R03/Consumer/NumStability_Algorithms_IterativeRefinement.lean
A	immutable_delivery	NumStabilityTest/Reorganization/R03/Consumer/NumStability_Algorithms_KahanCompensatedFiniteFormat.lean
A	immutable_delivery	NumStabilityTest/Reorganization/R03/Consumer/NumStability_Algorithms_LU_BlockLU.lean
A	immutable_delivery	NumStabilityTest/Reorganization/R03/Consumer/NumStability_Algorithms_LU_BlockLUArbitraryNormSourceClosure.lean
A	immutable_delivery	NumStabilityTest/Reorganization/R03/Consumer/NumStability_Algorithms_LU_BlockLUComputationSourceClosure.lean
A	immutable_delivery	NumStabilityTest/Reorganization/R03/Consumer/NumStability_Algorithms_LU_BlockLUFirstOrderFamilies.lean
A	immutable_delivery	NumStabilityTest/Reorganization/R03/Consumer/NumStability_Algorithms_LU_BlockLUPointRowGrowthSourceClosure.lean
A	immutable_delivery	NumStabilityTest/Reorganization/R03/Consumer/NumStability_Algorithms_LU_BlockLURowSourceClosure.lean
A	immutable_delivery	NumStabilityTest/Reorganization/R03/Consumer/NumStability_Algorithms_LU_BlockLUSPDFamilies.lean
A	immutable_delivery	NumStabilityTest/Reorganization/R03/Consumer/NumStability_Algorithms_LU_BlockLUSPDSourceClosure.lean
A	immutable_delivery	NumStabilityTest/Reorganization/R03/Consumer/NumStability_Algorithms_LU_BlockLUScalarGrowthBridge.lean
A	immutable_delivery	NumStabilityTest/Reorganization/R03/Consumer/NumStability_Algorithms_LU_BlockLUSourceClosure.lean
A	immutable_delivery	NumStabilityTest/Reorganization/R03/Consumer/NumStability_Algorithms_LU_BlockLUTable13_1Families.lean
A	immutable_delivery	NumStabilityTest/Reorganization/R03/Consumer/NumStability_Algorithms_LU_GaussianElimination.lean
A	immutable_delivery	NumStabilityTest/Reorganization/R03/Consumer/NumStability_Algorithms_LU_GrowthFactor.lean
A	immutable_delivery	NumStabilityTest/Reorganization/R03/Consumer/NumStability_Algorithms_LU_Higham13DemmelSharpMultiplier.lean
A	immutable_delivery	NumStabilityTest/Reorganization/R03/Consumer/NumStability_Algorithms_LU_Higham15Problem15_4.lean
A	immutable_delivery	NumStabilityTest/Reorganization/R03/Consumer/NumStability_Algorithms_LU_Higham15Problem15_6.lean
A	immutable_delivery	NumStabilityTest/Reorganization/R03/Consumer/NumStability_Algorithms_LU_Higham15Problem15_6Closure.lean
A	immutable_delivery	NumStabilityTest/Reorganization/R03/Consumer/NumStability_Algorithms_LU_Higham15Problem15_6Operational.lean
A	immutable_delivery	NumStabilityTest/Reorganization/R03/Consumer/NumStability_Algorithms_LU_LUSolve.lean
A	immutable_delivery	NumStabilityTest/Reorganization/R03/Consumer/NumStability_Algorithms_LU_SpecialMatrices.lean
A	immutable_delivery	NumStabilityTest/Reorganization/R03/Consumer/NumStability_Algorithms_LU_Tridiagonal.lean
A	immutable_delivery	NumStabilityTest/Reorganization/R03/Consumer/NumStability_Algorithms_LU_TridiagonalCond.lean
A	immutable_delivery	NumStabilityTest/Reorganization/R03/Consumer/NumStability_Algorithms_LU_TridiagonalCondCh15.lean
A	immutable_delivery	NumStabilityTest/Reorganization/R03/Consumer/NumStability_Algorithms_LU_TridiagonalCondCh15Closure.lean
A	immutable_delivery	NumStabilityTest/Reorganization/R03/Consumer/NumStability_Algorithms_LU_TridiagonalCondCh15IkebeClosure.lean
A	immutable_delivery	NumStabilityTest/Reorganization/R03/Consumer/NumStability_Algorithms_LU_TridiagonalRecurrence.lean
A	immutable_delivery	NumStabilityTest/Reorganization/R03/Consumer/NumStability_Algorithms_LeastSquares_Higham20Algorithms.lean
A	immutable_delivery	NumStabilityTest/Reorganization/R03/Consumer/NumStability_Algorithms_LeastSquares_Higham20AlternativeBound.lean
A	immutable_delivery	NumStabilityTest/Reorganization/R03/Consumer/NumStability_Algorithms_LeastSquares_Higham20CrossProductExample.lean
A	immutable_delivery	NumStabilityTest/Reorganization/R03/Consumer/NumStability_Algorithms_LeastSquares_Higham20EliminationActual.lean
A	immutable_delivery	NumStabilityTest/Reorganization/R03/Consumer/NumStability_Algorithms_LeastSquares_Higham20Equations.lean
A	immutable_delivery	NumStabilityTest/Reorganization/R03/Consumer/NumStability_Algorithms_LeastSquares_Higham20ExampleCondition.lean
A	immutable_delivery	NumStabilityTest/Reorganization/R03/Consumer/NumStability_Algorithms_LeastSquares_Higham20GeneralWedin.lean
A	immutable_delivery	NumStabilityTest/Reorganization/R03/Consumer/NumStability_Algorithms_LeastSquares_Higham20Lemma20_11.lean
A	immutable_delivery	NumStabilityTest/Reorganization/R03/Consumer/NumStability_Algorithms_LeastSquares_Higham20Lemma20_12.lean
A	immutable_delivery	NumStabilityTest/Reorganization/R03/Consumer/NumStability_Algorithms_LeastSquares_Higham20MGSStability.lean
A	immutable_delivery	NumStabilityTest/Reorganization/R03/Consumer/NumStability_Algorithms_LeastSquares_Higham20MPProse.lean
A	immutable_delivery	NumStabilityTest/Reorganization/R03/Consumer/NumStability_Algorithms_LeastSquares_Higham20MinimumNormBackwardError.lean
A	immutable_delivery	NumStabilityTest/Reorganization/R03/Consumer/NumStability_Algorithms_LeastSquares_Higham20NormalEquationsNorms.lean
A	immutable_delivery	NumStabilityTest/Reorganization/R03/Consumer/NumStability_Algorithms_LeastSquares_Higham20Problem20_3.lean
A	immutable_delivery	NumStabilityTest/Reorganization/R03/Consumer/NumStability_Algorithms_LeastSquares_Higham20Prose.lean
A	immutable_delivery	NumStabilityTest/Reorganization/R03/Consumer/NumStability_Algorithms_LeastSquares_Higham20QuantitativeProse.lean
A	immutable_delivery	NumStabilityTest/Reorganization/R03/Consumer/NumStability_Algorithms_LeastSquares_Higham20Refinement.lean
A	immutable_delivery	NumStabilityTest/Reorganization/R03/Consumer/NumStability_Algorithms_LeastSquares_Higham20Remaining.lean
A	immutable_delivery	NumStabilityTest/Reorganization/R03/Consumer/NumStability_Algorithms_LeastSquares_Higham20ResidualQuality.lean
A	immutable_delivery	NumStabilityTest/Reorganization/R03/Consumer/NumStability_Algorithms_LeastSquares_Higham20RowSorting.lean
A	immutable_delivery	NumStabilityTest/Reorganization/R03/Consumer/NumStability_Algorithms_LeastSquares_Higham20SourceAliases.lean
A	immutable_delivery	NumStabilityTest/Reorganization/R03/Consumer/NumStability_Algorithms_LeastSquares_Higham20Theorem20_10.lean
A	immutable_delivery	NumStabilityTest/Reorganization/R03/Consumer/NumStability_Algorithms_LeastSquares_Higham20Theorem20_3.lean
A	immutable_delivery	NumStabilityTest/Reorganization/R03/Consumer/NumStability_Algorithms_LeastSquares_Higham20Theorem20_4Absorption.lean
A	immutable_delivery	NumStabilityTest/Reorganization/R03/Consumer/NumStability_Algorithms_LeastSquares_Higham20Theorem20_7.lean
A	immutable_delivery	NumStabilityTest/Reorganization/R03/Consumer/NumStability_Algorithms_LeastSquares_Higham20Theorem20_7ActualAssembly.lean
A	immutable_delivery	NumStabilityTest/Reorganization/R03/Consumer/NumStability_Algorithms_LeastSquares_Higham20Theorem20_7ActualBackSub.lean
A	immutable_delivery	NumStabilityTest/Reorganization/R03/Consumer/NumStability_Algorithms_LeastSquares_Higham20Theorem20_7ActualClosure.lean
A	immutable_delivery	NumStabilityTest/Reorganization/R03/Consumer/NumStability_Algorithms_LeastSquares_Higham20Theorem20_7ActualGrowth.lean
A	immutable_delivery	NumStabilityTest/Reorganization/R03/Consumer/NumStability_Algorithms_LeastSquares_Higham20Theorem20_7ActualRhs.lean
A	immutable_delivery	NumStabilityTest/Reorganization/R03/Consumer/NumStability_Algorithms_LeastSquares_Higham20Theorem20_7ActualTrace.lean
A	immutable_delivery	NumStabilityTest/Reorganization/R03/Consumer/NumStability_Algorithms_LeastSquares_Higham20Theorem20_7Contract.lean
A	immutable_delivery	NumStabilityTest/Reorganization/R03/Consumer/NumStability_Algorithms_LeastSquares_Higham20Theorem20_7QdR.lean
A	immutable_delivery	NumStabilityTest/Reorganization/R03/Consumer/NumStability_Algorithms_LeastSquares_Higham20Theorem20_7Runtime.lean
A	immutable_delivery	NumStabilityTest/Reorganization/R03/Consumer/NumStability_Algorithms_LeastSquares_Higham20Theorem20_7SourceTrace.lean
A	immutable_delivery	NumStabilityTest/Reorganization/R03/Consumer/NumStability_Algorithms_LeastSquares_Higham20Theorem20_8.lean
A	immutable_delivery	NumStabilityTest/Reorganization/R03/Consumer/NumStability_Algorithms_LeastSquares_Higham20WeightedLimit.lean
A	immutable_delivery	NumStabilityTest/Reorganization/R03/Consumer/NumStability_Algorithms_LeastSquares_Higham20ZeroDeltaB.lean
A	immutable_delivery	NumStabilityTest/Reorganization/R03/Consumer/NumStability_Algorithms_LeastSquares_LSE.lean
A	immutable_delivery	NumStabilityTest/Reorganization/R03/Consumer/NumStability_Algorithms_LeastSquares_LSNormalEquations.lean
A	immutable_delivery	NumStabilityTest/Reorganization/R03/Consumer/NumStability_Algorithms_LeastSquares_LSPerturbation.lean
A	immutable_delivery	NumStabilityTest/Reorganization/R03/Consumer/NumStability_Algorithms_LeastSquares_LSQRSolve.lean
A	immutable_delivery	NumStabilityTest/Reorganization/R03/Consumer/NumStability_Algorithms_LinearSystems.lean
A	immutable_delivery	NumStabilityTest/Reorganization/R03/Consumer/NumStability_Algorithms_LinearSystems_Cholesky.lean
A	immutable_delivery	NumStabilityTest/Reorganization/R03/Consumer/NumStability_Algorithms_LinearSystems_Cholesky_ErrorAnalysis.lean
A	immutable_delivery	NumStabilityTest/Reorganization/R03/Consumer/NumStability_Algorithms_LinearSystems_Cholesky_ErrorAnalysis_Certificates.lean
A	immutable_delivery	NumStabilityTest/Reorganization/R03/Consumer/NumStability_Algorithms_LinearSystems_Cholesky_ErrorAnalysis_Demmel.lean
A	immutable_delivery	NumStabilityTest/Reorganization/R03/Consumer/NumStability_Algorithms_LinearSystems_Cholesky_Factorization.lean
A	immutable_delivery	NumStabilityTest/Reorganization/R03/Consumer/NumStability_Algorithms_LinearSystems_Cholesky_Factorization_Spec.lean
A	immutable_delivery	NumStabilityTest/Reorganization/R03/Consumer/NumStability_Algorithms_LinearSystems_Cholesky_Perturbation.lean
A	immutable_delivery	NumStabilityTest/Reorganization/R03/Consumer/NumStability_Algorithms_LinearSystems_Cholesky_Perturbation_Basic.lean
A	immutable_delivery	NumStabilityTest/Reorganization/R03/Consumer/NumStability_Algorithms_LinearSystems_Cholesky_PositiveSemidefinite.lean
A	immutable_delivery	NumStabilityTest/Reorganization/R03/Consumer/NumStability_Algorithms_LinearSystems_Cholesky_PositiveSemidefinite_Basic.lean
A	immutable_delivery	NumStabilityTest/Reorganization/R03/Consumer/NumStability_Algorithms_LinearSystems_Cholesky_PositiveSemidefinite_KahanMatrix.lean
A	immutable_delivery	NumStabilityTest/Reorganization/R03/Consumer/NumStability_Algorithms_LinearSystems_Cholesky_PositiveSemidefinite_ScaledStage.lean
A	immutable_delivery	NumStabilityTest/Reorganization/R03/Consumer/NumStability_Algorithms_LinearSystems_Cholesky_RoundedFactorization.lean
A	immutable_delivery	NumStabilityTest/Reorganization/R03/Consumer/NumStability_Algorithms_LinearSystems_Cholesky_RoundedFactorization_Basic.lean
A	immutable_delivery	NumStabilityTest/Reorganization/R03/Consumer/NumStability_Algorithms_LinearSystems_Cholesky_Solve.lean
A	immutable_delivery	NumStabilityTest/Reorganization/R03/Consumer/NumStability_Algorithms_LinearSystems_Cholesky_Solve_Basic.lean
A	immutable_delivery	NumStabilityTest/Reorganization/R03/Consumer/NumStability_Algorithms_LinearSystems_CramersRule_All.lean
A	immutable_delivery	NumStabilityTest/Reorganization/R03/Consumer/NumStability_Algorithms_LinearSystems_CramersRule_Core.lean
A	immutable_delivery	NumStabilityTest/Reorganization/R03/Consumer/NumStability_Algorithms_LinearSystems_GaussJordan.lean
A	immutable_delivery	NumStabilityTest/Reorganization/R03/Consumer/NumStability_Algorithms_LinearSystems_GaussJordan_ErrorAnalysis.lean
A	immutable_delivery	NumStabilityTest/Reorganization/R03/Consumer/NumStability_Algorithms_LinearSystems_GaussJordan_ErrorAnalysis_GaussJordan.lean
A	immutable_delivery	NumStabilityTest/Reorganization/R03/Consumer/NumStability_Algorithms_LinearSystems_IterativeRefinement_All.lean
A	immutable_delivery	NumStabilityTest/Reorganization/R03/Consumer/NumStability_Algorithms_LinearSystems_Iterative_Stationary_Convergence_Singular_FixedSubspaces.lean
A	immutable_delivery	NumStabilityTest/Reorganization/R03/Consumer/NumStability_Algorithms_LinearSystems_Iterative_Stationary_ErrorAnalysis_Forward_ComplementDecomposition.lean
A	immutable_delivery	NumStabilityTest/Reorganization/R03/Consumer/NumStability_Algorithms_LinearSystems_Iterative_Stationary_ErrorAnalysis_Local_OneStep.lean
A	immutable_delivery	NumStabilityTest/Reorganization/R03/Consumer/NumStability_Algorithms_LinearSystems_Iterative_Stationary_ErrorAnalysis_Residual_Identities.lean
A	immutable_delivery	NumStabilityTest/Reorganization/R03/Consumer/NumStability_Algorithms_LinearSystems_Iterative_Stationary_Execution_Computed_Model.lean
A	immutable_delivery	NumStabilityTest/Reorganization/R03/Consumer/NumStability_Algorithms_LinearSystems_Iterative_Stationary_Projectors_Drazin_Algebra.lean
A	immutable_delivery	NumStabilityTest/Reorganization/R03/Consumer/NumStability_Algorithms_LinearSystems_Iterative_Stationary_Recurrences_Affine_Unrolling.lean
A	immutable_delivery	NumStabilityTest/Reorganization/R03/Consumer/NumStability_Algorithms_LinearSystems_Iterative_Stationary_Semiconvergence_All.lean
A	immutable_delivery	NumStabilityTest/Reorganization/R03/Consumer/NumStability_Algorithms_LinearSystems_Iterative_Stationary_Semiconvergence_BlockForm_Existence.lean
A	immutable_delivery	NumStabilityTest/Reorganization/R03/Consumer/NumStability_Algorithms_LinearSystems_Iterative_Stationary_Semiconvergence_BlockForm_ProjectorLimit.lean
A	immutable_delivery	NumStabilityTest/Reorganization/R03/Consumer/NumStability_Algorithms_LinearSystems_Iterative_Stationary_Semiconvergence_Execution_RoundedCertificates.lean
A	immutable_delivery	NumStabilityTest/Reorganization/R03/Consumer/NumStability_Algorithms_LinearSystems_Iterative_Stationary_Semiconvergence_Projectors_FixedRange.lean
A	immutable_delivery	NumStabilityTest/Reorganization/R03/Consumer/NumStability_Algorithms_LinearSystems_Iterative_Stationary_Splittings_Core_Definitions.lean
A	immutable_delivery	NumStabilityTest/Reorganization/R03/Consumer/NumStability_Algorithms_LinearSystems_Iterative_Stationary_Splittings_Scaling_Diagonal.lean
A	immutable_delivery	NumStabilityTest/Reorganization/R03/Consumer/NumStability_Algorithms_LinearSystems_LU.lean
A	immutable_delivery	NumStabilityTest/Reorganization/R03/Consumer/NumStability_Algorithms_LinearSystems_LU_BlockLU.lean
A	immutable_delivery	NumStabilityTest/Reorganization/R03/Consumer/NumStability_Algorithms_LinearSystems_LU_BlockLU_FirstOrderModels.lean
A	immutable_delivery	NumStabilityTest/Reorganization/R03/Consumer/NumStability_Algorithms_LinearSystems_LU_BlockLU_GrowthBounds.lean
A	immutable_delivery	NumStabilityTest/Reorganization/R03/Consumer/NumStability_Algorithms_LinearSystems_LU_BlockLU_PositiveDefinite.lean
A	immutable_delivery	NumStabilityTest/Reorganization/R03/Consumer/NumStability_Algorithms_LinearSystems_LU_BlockLU_PositiveDefiniteFactorBounds.lean
A	immutable_delivery	NumStabilityTest/Reorganization/R03/Consumer/NumStability_Algorithms_LinearSystems_LU_BlockLU_SolveError.lean
A	immutable_delivery	NumStabilityTest/Reorganization/R03/Consumer/NumStability_Algorithms_LinearSystems_LU_Doolittle_All.lean
A	immutable_delivery	NumStabilityTest/Reorganization/R03/Consumer/NumStability_Algorithms_LinearSystems_LU_NonsymmetricPositiveDefinite.lean
A	immutable_delivery	NumStabilityTest/Reorganization/R03/Consumer/NumStability_Algorithms_LinearSystems_LU_NonsymmetricPositiveDefinite_Basic.lean
A	immutable_delivery	NumStabilityTest/Reorganization/R03/Consumer/NumStability_Algorithms_LinearSystems_LeastSquares.lean
A	immutable_delivery	NumStabilityTest/Reorganization/R03/Consumer/NumStability_Algorithms_LinearSystems_LeastSquares_AugmentedSystem.lean
A	immutable_delivery	NumStabilityTest/Reorganization/R03/Consumer/NumStability_Algorithms_LinearSystems_LeastSquares_Basic.lean
A	immutable_delivery	NumStabilityTest/Reorganization/R03/Consumer/NumStability_Algorithms_LinearSystems_LeastSquares_Equality_Basic.lean
A	immutable_delivery	NumStabilityTest/Reorganization/R03/Consumer/NumStability_Algorithms_LinearSystems_LeastSquares_Equality_GQR.lean
A	immutable_delivery	NumStabilityTest/Reorganization/R03/Consumer/NumStability_Algorithms_LinearSystems_LeastSquares_Equality_KKT.lean
A	immutable_delivery	NumStabilityTest/Reorganization/R03/Consumer/NumStability_Algorithms_LinearSystems_LeastSquares_GramBasis.lean
A	immutable_delivery	NumStabilityTest/Reorganization/R03/Consumer/NumStability_Algorithms_LinearSystems_LeastSquares_NormalEquations.lean
A	immutable_delivery	NumStabilityTest/Reorganization/R03/Consumer/NumStability_Algorithms_LinearSystems_LeastSquares_QRSolve.lean
A	immutable_delivery	NumStabilityTest/Reorganization/R03/Consumer/NumStability_Algorithms_LinearSystems_LeastSquares_RankGeometry.lean
A	immutable_delivery	NumStabilityTest/Reorganization/R03/Consumer/NumStability_Algorithms_LinearSystems_LeastSquares_Refinement.lean
A	immutable_delivery	NumStabilityTest/Reorganization/R03/Consumer/NumStability_Algorithms_LinearSystems_LeastSquares_RowSorting.lean
A	immutable_delivery	NumStabilityTest/Reorganization/R03/Consumer/NumStability_Algorithms_LinearSystems_LeastSquares_StoredQR.lean
A	immutable_delivery	NumStabilityTest/Reorganization/R03/Consumer/NumStability_Algorithms_LinearSystems_LeastSquares_TraceKernel.lean
A	immutable_delivery	NumStabilityTest/Reorganization/R03/Consumer/NumStability_Algorithms_LinearSystems_QR.lean
A	immutable_delivery	NumStabilityTest/Reorganization/R03/Consumer/NumStability_Algorithms_LinearSystems_QR_GivensMatrixStep.lean
A	immutable_delivery	NumStabilityTest/Reorganization/R03/Consumer/NumStability_Algorithms_LinearSystems_QR_GivensQR.lean
A	immutable_delivery	NumStabilityTest/Reorganization/R03/Consumer/NumStability_Algorithms_LinearSystems_QR_GivensSpec.lean
A	immutable_delivery	NumStabilityTest/Reorganization/R03/Consumer/NumStability_Algorithms_LinearSystems_QR_GramSchmidt.lean
A	immutable_delivery	NumStabilityTest/Reorganization/R03/Consumer/NumStability_Algorithms_LinearSystems_QR_GramSchmidtPolar.lean
A	immutable_delivery	NumStabilityTest/Reorganization/R03/Consumer/NumStability_Algorithms_LinearSystems_QR_HouseholderApply.lean
A	immutable_delivery	NumStabilityTest/Reorganization/R03/Consumer/NumStability_Algorithms_LinearSystems_QR_HouseholderApplySupport.lean
A	immutable_delivery	NumStabilityTest/Reorganization/R03/Consumer/NumStability_Algorithms_LinearSystems_QR_HouseholderConstruction2.lean
A	immutable_delivery	NumStabilityTest/Reorganization/R03/Consumer/NumStability_Algorithms_LinearSystems_QR_HouseholderMatrixStep.lean
A	immutable_delivery	NumStabilityTest/Reorganization/R03/Consumer/NumStability_Algorithms_LinearSystems_QR_HouseholderOneStep.lean
A	immutable_delivery	NumStabilityTest/Reorganization/R03/Consumer/NumStability_Algorithms_LinearSystems_QR_HouseholderQApply.lean
A	immutable_delivery	NumStabilityTest/Reorganization/R03/Consumer/NumStability_Algorithms_LinearSystems_QR_HouseholderQR.lean
A	immutable_delivery	NumStabilityTest/Reorganization/R03/Consumer/NumStability_Algorithms_LinearSystems_QR_HouseholderQRSupport.lean
A	immutable_delivery	NumStabilityTest/Reorganization/R03/Consumer/NumStability_Algorithms_LinearSystems_QR_HouseholderReflector.lean
A	immutable_delivery	NumStabilityTest/Reorganization/R03/Consumer/NumStability_Algorithms_LinearSystems_QR_Householder_PanelApplication.lean
A	immutable_delivery	NumStabilityTest/Reorganization/R03/Consumer/NumStability_Algorithms_LinearSystems_QR_Householder_StoredQR.lean
A	immutable_delivery	NumStabilityTest/Reorganization/R03/Consumer/NumStability_Algorithms_LinearSystems_QR_QRSolve.lean
A	immutable_delivery	NumStabilityTest/Reorganization/R03/Consumer/NumStability_Algorithms_LinearSystems_SymmetricIndefinite.lean
A	immutable_delivery	NumStabilityTest/Reorganization/R03/Consumer/NumStability_Algorithms_LinearSystems_SymmetricIndefinite_Aasen.lean
A	immutable_delivery	NumStabilityTest/Reorganization/R03/Consumer/NumStability_Algorithms_LinearSystems_SymmetricIndefinite_Aasen_AasenCoupledFp.lean
A	immutable_delivery	NumStabilityTest/Reorganization/R03/Consumer/NumStability_Algorithms_LinearSystems_SymmetricIndefinite_Aasen_AasenFactorResidual.lean
A	immutable_delivery	NumStabilityTest/Reorganization/R03/Consumer/NumStability_Algorithms_LinearSystems_SymmetricIndefinite_BlockLDLT.lean
A	immutable_delivery	NumStabilityTest/Reorganization/R03/Consumer/NumStability_Algorithms_LinearSystems_SymmetricIndefinite_BlockLDLT_BunchTridiagonalFactorBound.lean
A	immutable_delivery	NumStabilityTest/Reorganization/R03/Consumer/NumStability_Algorithms_LinearSystems_SymmetricIndefinite_BlockLDLT_BunchTridiagonalGrowth.lean
A	immutable_delivery	NumStabilityTest/Reorganization/R03/Consumer/NumStability_Algorithms_LinearSystems_SymmetricIndefinite_BlockLDLT_BunchTridiagonalGrowthInvariant.lean
A	immutable_delivery	NumStabilityTest/Reorganization/R03/Consumer/NumStability_Algorithms_LinearSystems_SymmetricIndefinite_BlockLDLT_BunchTridiagonalSparseFactor.lean
A	immutable_delivery	NumStabilityTest/Reorganization/R03/Consumer/NumStability_Algorithms_LinearSystems_SymmetricIndefinite_BlockLDLT_BunchTridiagonalSparseSolve.lean
A	immutable_delivery	NumStabilityTest/Reorganization/R03/Consumer/NumStability_Algorithms_LinearSystems_SymmetricIndefinite_ErrorAnalysis.lean
A	immutable_delivery	NumStabilityTest/Reorganization/R03/Consumer/NumStability_Algorithms_LinearSystems_SymmetricIndefinite_ErrorAnalysis_BlockLDLT.lean
A	immutable_delivery	NumStabilityTest/Reorganization/R03/Consumer/NumStability_Algorithms_LinearSystems_SymmetricIndefinite_ErrorAnalysis_BlockLDLTStep.lean
A	immutable_delivery	NumStabilityTest/Reorganization/R03/Consumer/NumStability_Algorithms_LinearSystems_SymmetricIndefinite_ErrorAnalysis_Predicates.lean
A	immutable_delivery	NumStabilityTest/Reorganization/R03/Consumer/NumStability_Algorithms_LinearSystems_SymmetricIndefinite_ErrorAnalysis_SkewSymmetric.lean
A	immutable_delivery	NumStabilityTest/Reorganization/R03/Consumer/NumStability_Algorithms_LinearSystems_SymmetricIndefinite_Pivoting.lean
A	immutable_delivery	NumStabilityTest/Reorganization/R03/Consumer/NumStability_Algorithms_LinearSystems_SymmetricIndefinite_Pivoting_Basic.lean
A	immutable_delivery	NumStabilityTest/Reorganization/R03/Consumer/NumStability_Algorithms_LinearSystems_SymmetricIndefinite_Pivoting_Tridiagonal.lean
A	immutable_delivery	NumStabilityTest/Reorganization/R03/Consumer/NumStability_Algorithms_LinearSystems_Triangular.lean
A	immutable_delivery	NumStabilityTest/Reorganization/R03/Consumer/NumStability_Algorithms_LinearSystems_Triangular_BackSubstitution.lean
A	immutable_delivery	NumStabilityTest/Reorganization/R03/Consumer/NumStability_Algorithms_LinearSystems_Triangular_Combined.lean
A	immutable_delivery	NumStabilityTest/Reorganization/R03/Consumer/NumStability_Algorithms_LinearSystems_Triangular_ComparisonBounds.lean
A	immutable_delivery	NumStabilityTest/Reorganization/R03/Consumer/NumStability_Algorithms_LinearSystems_Triangular_DiagonalDominance.lean
A	immutable_delivery	NumStabilityTest/Reorganization/R03/Consumer/NumStability_Algorithms_LinearSystems_Triangular_ErrorAnalysis_All.lean
A	immutable_delivery	NumStabilityTest/Reorganization/R03/Consumer/NumStability_Algorithms_LinearSystems_Triangular_ErrorAnalysis_NoGuardBackward.lean
A	immutable_delivery	NumStabilityTest/Reorganization/R03/Consumer/NumStability_Algorithms_LinearSystems_Triangular_ErrorAnalysis_NoGuardForward.lean
A	immutable_delivery	NumStabilityTest/Reorganization/R03/Consumer/NumStability_Algorithms_LinearSystems_Triangular_ForwardSubstitution.lean
A	immutable_delivery	NumStabilityTest/Reorganization/R03/Consumer/NumStability_Algorithms_LinearSystems_Triangular_InverseBounds.lean
A	immutable_delivery	NumStabilityTest/Reorganization/R03/Consumer/NumStability_Algorithms_LinearSystems_Underdetermined_BackwardError_Normwise_UnderdeterminedSolve.lean
A	immutable_delivery	NumStabilityTest/Reorganization/R03/Consumer/NumStability_Algorithms_LinearSystems_Underdetermined_BackwardError_Rowwise_UnderdeterminedSolve.lean
A	immutable_delivery	NumStabilityTest/Reorganization/R03/Consumer/NumStability_Algorithms_LinearSystems_Underdetermined_Conditioning_Componentwise_Radius.lean
A	immutable_delivery	NumStabilityTest/Reorganization/R03/Consumer/NumStability_Algorithms_LinearSystems_Underdetermined_Conditioning_Componentwise_UnderdeterminedSolve.lean
A	immutable_delivery	NumStabilityTest/Reorganization/R03/Consumer/NumStability_Algorithms_LinearSystems_Underdetermined_MinimumNorm_Solvers_UnderdeterminedSolve.lean
A	immutable_delivery	NumStabilityTest/Reorganization/R03/Consumer/NumStability_Algorithms_LinearSystems_Underdetermined_MinimumNorm_Specifications_UnderdeterminedSolve.lean
A	immutable_delivery	NumStabilityTest/Reorganization/R03/Consumer/NumStability_Algorithms_LinearSystems_Underdetermined_Perturbation_Componentwise_Radius.lean
A	immutable_delivery	NumStabilityTest/Reorganization/R03/Consumer/NumStability_Algorithms_LinearSystems_Underdetermined_Perturbation_Componentwise_UnderdeterminedSolve.lean
A	immutable_delivery	NumStabilityTest/Reorganization/R03/Consumer/NumStability_Algorithms_LinearSystems_Underdetermined_Perturbation_FixedRadius_Radius.lean
A	immutable_delivery	NumStabilityTest/Reorganization/R03/Consumer/NumStability_Algorithms_LinearSystems_Underdetermined_Projectors_ComplementNorm_ProjectorNorm.lean
A	immutable_delivery	NumStabilityTest/Reorganization/R03/Consumer/NumStability_Algorithms_LinearSystems_Underdetermined_QR_Foundations_UnderdeterminedSolve.lean
A	immutable_delivery	NumStabilityTest/Reorganization/R03/Consumer/NumStability_Algorithms_LinearSystems_Underdetermined_QR_Givens_BackwardError_Core.lean
A	immutable_delivery	NumStabilityTest/Reorganization/R03/Consumer/NumStability_Algorithms_LinearSystems_Underdetermined_QR_Givens_StoredReplay_Closure.lean
A	immutable_delivery	NumStabilityTest/Reorganization/R03/Consumer/NumStability_Algorithms_LinearSystems_Underdetermined_QR_Givens_StoredReplay_RoundedReplay.lean
A	immutable_delivery	NumStabilityTest/Reorganization/R03/Consumer/NumStability_Algorithms_LinearSystems_Underdetermined_QR_ModifiedGramSchmidt_CorrectedRecurrence_Core.lean
A	immutable_delivery	NumStabilityTest/Reorganization/R03/Consumer/NumStability_Algorithms_LinearSystems_Underdetermined_QR_ModifiedGramSchmidt_RoundedReplay_RoundedReplay.lean
A	immutable_delivery	NumStabilityTest/Reorganization/R03/Consumer/NumStability_Algorithms_LinearSystems_Underdetermined_RankStability_FullRowRank_UnderdeterminedSolve.lean
A	immutable_delivery	NumStabilityTest/Reorganization/R03/Consumer/NumStability_Algorithms_LinearSystems_Underdetermined_SeminormalEquations_ForwardError_ActualOutput.lean
A	immutable_delivery	NumStabilityTest/Reorganization/R03/Consumer/NumStability_Algorithms_LinearSystems_Underdetermined_SeminormalEquations_ForwardError_Forward.lean
A	immutable_delivery	NumStabilityTest/Reorganization/R03/Consumer/NumStability_Algorithms_LinearSystems_Underdetermined_SeminormalEquations_ForwardError_RemainderBounds.lean
A	immutable_delivery	NumStabilityTest/Reorganization/R03/Consumer/NumStability_Algorithms_LinearSystems_Underdetermined_SeminormalEquations_ForwardError_UnderdeterminedSolve.lean
A	immutable_delivery	NumStabilityTest/Reorganization/R03/Consumer/NumStability_Algorithms_LinearSystems_Underdetermined_SeminormalEquations_HouseholderClosure_Closure.lean
A	immutable_delivery	NumStabilityTest/Reorganization/R03/Consumer/NumStability_Algorithms_LinearSystems_Underdetermined_SeminormalEquations_HouseholderClosure_Uniform.lean
A	immutable_delivery	NumStabilityTest/Reorganization/R03/Consumer/NumStability_Algorithms_LinearSystems_Underdetermined_SeminormalEquations_QRTransfer_EnvelopeTransfer.lean
A	immutable_delivery	NumStabilityTest/Reorganization/R03/Consumer/NumStability_Algorithms_LinearSystems_Underdetermined_SeminormalEquations_QRTransfer_QRMajorant.lean
A	immutable_delivery	NumStabilityTest/Reorganization/R03/Consumer/NumStability_Algorithms_LinearSystems_Underdetermined_SeminormalEquations_QRTransfer_Signed.lean
A	immutable_delivery	NumStabilityTest/Reorganization/R03/Consumer/NumStability_Algorithms_LinearSystems_Underdetermined_SeminormalEquations_TriangularSolves_EnvelopeTransfer.lean
A	immutable_delivery	NumStabilityTest/Reorganization/R03/Consumer/NumStability_Algorithms_LinearSystems_Underdetermined_SeminormalEquations_TriangularSolves_UnderdeterminedSolve.lean
A	immutable_delivery	NumStabilityTest/Reorganization/R03/Consumer/NumStability_Algorithms_LogExpProduct.lean
A	immutable_delivery	NumStabilityTest/Reorganization/R03/Consumer/NumStability_Algorithms_MMatrix.lean
A	immutable_delivery	NumStabilityTest/Reorganization/R03/Consumer/NumStability_Algorithms_MatMul.lean
A	immutable_delivery	NumStabilityTest/Reorganization/R03/Consumer/NumStability_Algorithms_MatVec.lean
A	immutable_delivery	NumStabilityTest/Reorganization/R03/Consumer/NumStability_Algorithms_MatrixEquations.lean
A	immutable_delivery	NumStabilityTest/Reorganization/R03/Consumer/NumStability_Algorithms_MatrixEquations_Sylvester.lean
A	immutable_delivery	NumStabilityTest/Reorganization/R03/Consumer/NumStability_Algorithms_MatrixEquations_Sylvester_Conditioning.lean
A	immutable_delivery	NumStabilityTest/Reorganization/R03/Consumer/NumStability_Algorithms_MatrixEquations_Sylvester_Conditioning_AttainedMinima.lean
A	immutable_delivery	NumStabilityTest/Reorganization/R03/Consumer/NumStability_Algorithms_MatrixEquations_Sylvester_Conditioning_AttainedMinima_All.lean
A	immutable_delivery	NumStabilityTest/Reorganization/R03/Consumer/NumStability_Algorithms_MatrixEquations_Sylvester_Conditioning_AttainedMinima_BackwardError.lean
A	immutable_delivery	NumStabilityTest/Reorganization/R03/Consumer/NumStability_Algorithms_MatrixEquations_Sylvester_Conditioning_PracticalEstimator.lean
A	immutable_delivery	NumStabilityTest/Reorganization/R03/Consumer/NumStability_Algorithms_MatrixEquations_Sylvester_Conditioning_PracticalEstimator_All.lean
A	immutable_delivery	NumStabilityTest/Reorganization/R03/Consumer/NumStability_Algorithms_MatrixEquations_Sylvester_Conditioning_PracticalEstimator_OneNorm.lean
A	immutable_delivery	NumStabilityTest/Reorganization/R03/Consumer/NumStability_Algorithms_MatrixEquations_Sylvester_Solvers.lean
A	immutable_delivery	NumStabilityTest/Reorganization/R03/Consumer/NumStability_Algorithms_MatrixEquations_Sylvester_Solvers_PivotedSmallBlocks.lean
A	immutable_delivery	NumStabilityTest/Reorganization/R03/Consumer/NumStability_Algorithms_MatrixEquations_Sylvester_Solvers_PivotedSmallBlocks_All.lean
A	immutable_delivery	NumStabilityTest/Reorganization/R03/Consumer/NumStability_Algorithms_MatrixEquations_Sylvester_Solvers_PivotedSmallBlocks_CompletePivot.lean
A	immutable_delivery	NumStabilityTest/Reorganization/R03/Consumer/NumStability_Algorithms_MatrixEquations_Sylvester_Solvers_QuasiTriangularBartelsStewart.lean
A	immutable_delivery	NumStabilityTest/Reorganization/R03/Consumer/NumStability_Algorithms_MatrixEquations_Sylvester_Solvers_QuasiTriangularBartelsStewart_All.lean
A	immutable_delivery	NumStabilityTest/Reorganization/R03/Consumer/NumStability_Algorithms_MatrixEquations_Sylvester_Solvers_QuasiTriangularBartelsStewart_Executor.lean
A	immutable_delivery	NumStabilityTest/Reorganization/R03/Consumer/NumStability_Algorithms_MatrixEquations_Sylvester_Solvers_QuasiTriangularBartelsStewart_QuasiQuasiSolve.lean
A	immutable_delivery	NumStabilityTest/Reorganization/R03/Consumer/NumStability_Algorithms_MatrixEquations_Sylvester_Solvers_QuasiTriangularBartelsStewart_QuasiTriangularSolve.lean
A	immutable_delivery	NumStabilityTest/Reorganization/R03/Consumer/NumStability_Algorithms_MatrixEquations_Sylvester_Solvers_QuasiTriangularBartelsStewart_QuasiTriangularSylvester.lean
A	immutable_delivery	NumStabilityTest/Reorganization/R03/Consumer/NumStability_Algorithms_MatrixEquations_Sylvester_Solvers_QuasiTriangularBartelsStewart_SmallSystemRounding.lean
A	immutable_delivery	NumStabilityTest/Reorganization/R03/Consumer/NumStability_Algorithms_MatrixEquations_Sylvester_Solvers_TriangularBartelsStewart.lean
A	immutable_delivery	NumStabilityTest/Reorganization/R03/Consumer/NumStability_Algorithms_MatrixEquations_Sylvester_Solvers_TriangularBartelsStewart_All.lean
A	immutable_delivery	NumStabilityTest/Reorganization/R03/Consumer/NumStability_Algorithms_MatrixEquations_Sylvester_Solvers_TriangularBartelsStewart_EndToEnd.lean
A	immutable_delivery	NumStabilityTest/Reorganization/R03/Consumer/NumStability_Algorithms_MatrixEquations_Sylvester_Solvers_TriangularBartelsStewart_ResidualAssembly.lean
A	immutable_delivery	NumStabilityTest/Reorganization/R03/Consumer/NumStability_Algorithms_MatrixEquations_Sylvester_Solvers_TriangularBartelsStewart_RoundedSolve.lean
A	immutable_delivery	NumStabilityTest/Reorganization/R03/Consumer/NumStability_Algorithms_MatrixInversion.lean
A	immutable_delivery	NumStabilityTest/Reorganization/R03/Consumer/NumStability_Algorithms_MatrixInversionMethod2BInstance.lean
A	immutable_delivery	NumStabilityTest/Reorganization/R03/Consumer/NumStability_Algorithms_MatrixInversion_LUFactors.lean
A	immutable_delivery	NumStabilityTest/Reorganization/R03/Consumer/NumStability_Algorithms_MatrixInversion_LUFactors_ErrorAnalysis.lean
A	immutable_delivery	NumStabilityTest/Reorganization/R03/Consumer/NumStability_Algorithms_MatrixInversion_LUFactors_ErrorAnalysis_MatrixInversion.lean
A	immutable_delivery	NumStabilityTest/Reorganization/R03/Consumer/NumStability_Algorithms_MatrixInversion_LUFactors_Methods.lean
A	immutable_delivery	NumStabilityTest/Reorganization/R03/Consumer/NumStability_Algorithms_MatrixInversion_LUFactors_Methods_MatrixInversion.lean
A	immutable_delivery	NumStabilityTest/Reorganization/R03/Consumer/NumStability_Algorithms_MatrixInversion_Residuals.lean
A	immutable_delivery	NumStabilityTest/Reorganization/R03/Consumer/NumStability_Algorithms_MatrixInversion_Residuals_MatrixInversion.lean
A	immutable_delivery	NumStabilityTest/Reorganization/R03/Consumer/NumStability_Algorithms_MatrixInversion_Triangular.lean
A	immutable_delivery	NumStabilityTest/Reorganization/R03/Consumer/NumStability_Algorithms_MatrixInversion_Triangular_ErrorAnalysis.lean
A	immutable_delivery	NumStabilityTest/Reorganization/R03/Consumer/NumStability_Algorithms_MatrixInversion_Triangular_ErrorAnalysis_MatrixInversion.lean
A	immutable_delivery	NumStabilityTest/Reorganization/R03/Consumer/NumStability_Algorithms_MatrixInversion_Triangular_Specifications.lean
A	immutable_delivery	NumStabilityTest/Reorganization/R03/Consumer/NumStability_Algorithms_MatrixInversion_Triangular_Specifications_MatrixInversion.lean
A	immutable_delivery	NumStabilityTest/Reorganization/R03/Consumer/NumStability_Algorithms_MatrixPowers.lean
A	immutable_delivery	NumStabilityTest/Reorganization/R03/Consumer/NumStability_Algorithms_MatrixPowersComplex.lean
A	immutable_delivery	NumStabilityTest/Reorganization/R03/Consumer/NumStability_Algorithms_MatrixPowersJordan.lean
A	immutable_delivery	NumStabilityTest/Reorganization/R03/Consumer/NumStability_Algorithms_MatrixPowersLp.lean
A	immutable_delivery	NumStabilityTest/Reorganization/R03/Consumer/NumStability_Algorithms_MatrixPowersLpJordan.lean
A	immutable_delivery	NumStabilityTest/Reorganization/R03/Consumer/NumStability_Algorithms_MatrixPowersPseudospectral.lean
A	immutable_delivery	NumStabilityTest/Reorganization/R03/Consumer/NumStability_Algorithms_MatrixPowersPseudospectralCriterion.lean
A	immutable_delivery	NumStabilityTest/Reorganization/R03/Consumer/NumStability_Algorithms_MatrixPowersSpectral.lean
A	immutable_delivery	NumStabilityTest/Reorganization/R03/Consumer/NumStability_Algorithms_MatrixPowers_ComputedIteration.lean
A	immutable_delivery	NumStabilityTest/Reorganization/R03/Consumer/NumStability_Algorithms_MatrixPowers_ComputedIteration_All.lean
A	immutable_delivery	NumStabilityTest/Reorganization/R03/Consumer/NumStability_Algorithms_MatrixPowers_ComputedIteration_Model.lean
A	immutable_delivery	NumStabilityTest/Reorganization/R03/Consumer/NumStability_Algorithms_NeumaierCompensatedFiniteFormat.lean
A	immutable_delivery	NumStabilityTest/Reorganization/R03/Consumer/NumStability_Algorithms_Nonlinear_Higham25.lean
A	immutable_delivery	NumStabilityTest/Reorganization/R03/Consumer/NumStability_Algorithms_Nonlinear_Higham25EigenClosure.lean
A	immutable_delivery	NumStabilityTest/Reorganization/R03/Consumer/NumStability_Algorithms_Nonlinear_Higham25Problem25_1.lean
A	immutable_delivery	NumStabilityTest/Reorganization/R03/Consumer/NumStability_Algorithms_Norm2.lean
A	immutable_delivery	NumStabilityTest/Reorganization/R03/Consumer/NumStability_Algorithms_NormEstimation.lean
A	immutable_delivery	NumStabilityTest/Reorganization/R03/Consumer/NumStability_Algorithms_NormEstimation_OneNorm.lean
A	immutable_delivery	NumStabilityTest/Reorganization/R03/Consumer/NumStability_Algorithms_NormEstimation_OneNorm_All.lean
A	immutable_delivery	NumStabilityTest/Reorganization/R03/Consumer/NumStability_Algorithms_NormEstimation_OneNorm_FiniteIndex_Basic.lean
A	immutable_delivery	NumStabilityTest/Reorganization/R03/Consumer/NumStability_Algorithms_NormEstimation_OneNorm_GeneralIndex.lean
A	immutable_delivery	NumStabilityTest/Reorganization/R03/Consumer/NumStability_Algorithms_NormEstimation_OneNorm_LAPACK_Basic.lean
A	immutable_delivery	NumStabilityTest/Reorganization/R03/Consumer/NumStability_Algorithms_NormEstimation_OneNorm_LINPACK_Basic.lean
A	immutable_delivery	NumStabilityTest/Reorganization/R03/Consumer/NumStability_Algorithms_NormEstimation_OneNorm_PowerMethod_CondEstimation.lean
A	immutable_delivery	NumStabilityTest/Reorganization/R03/Consumer/NumStability_Algorithms_NormEstimation_OneNorm_PowerMethod_PNormPowerMethod.lean
A	immutable_delivery	NumStabilityTest/Reorganization/R03/Consumer/NumStability_Algorithms_NormEstimation_PNorm.lean
A	immutable_delivery	NumStabilityTest/Reorganization/R03/Consumer/NumStability_Algorithms_NormEstimation_PNorm_All.lean
A	immutable_delivery	NumStabilityTest/Reorganization/R03/Consumer/NumStability_Algorithms_NormEstimation_PNorm_Boyd.lean
A	immutable_delivery	NumStabilityTest/Reorganization/R03/Consumer/NumStability_Algorithms_NormEstimation_PNorm_Boyd_Carrier_BoydInterface.lean
A	immutable_delivery	NumStabilityTest/Reorganization/R03/Consumer/NumStability_Algorithms_NormEstimation_PNorm_Boyd_Carrier_BoydLocal.lean
A	immutable_delivery	NumStabilityTest/Reorganization/R03/Consumer/NumStability_Algorithms_NormEstimation_PNorm_Boyd_Differentiation_BoydDomain.lean
A	immutable_delivery	NumStabilityTest/Reorganization/R03/Consumer/NumStability_Algorithms_NormEstimation_PNorm_Boyd_Differentiation_BoydInterface.lean
A	immutable_delivery	NumStabilityTest/Reorganization/R03/Consumer/NumStability_Algorithms_NormEstimation_PNorm_Boyd_Differentiation_BoydLocal.lean
A	immutable_delivery	NumStabilityTest/Reorganization/R03/Consumer/NumStability_Algorithms_NormEstimation_PNorm_Boyd_Differentiation_PNormGeneral.lean
A	immutable_delivery	NumStabilityTest/Reorganization/R03/Consumer/NumStability_Algorithms_NormEstimation_PNorm_Boyd_FixedPoints_BoydConcrete.lean
A	immutable_delivery	NumStabilityTest/Reorganization/R03/Consumer/NumStability_Algorithms_NormEstimation_PNorm_Boyd_FixedPoints_BoydInterface.lean
A	immutable_delivery	NumStabilityTest/Reorganization/R03/Consumer/NumStability_Algorithms_NormEstimation_PNorm_Boyd_FixedPoints_BoydLocal.lean
A	immutable_delivery	NumStabilityTest/Reorganization/R03/Consumer/NumStability_Algorithms_NormEstimation_PNorm_Boyd_LocalStability_BoydConcrete.lean
A	immutable_delivery	NumStabilityTest/Reorganization/R03/Consumer/NumStability_Algorithms_NormEstimation_PNorm_Boyd_LocalStability_BoydInterface.lean
A	immutable_delivery	NumStabilityTest/Reorganization/R03/Consumer/NumStability_Algorithms_NormEstimation_PNorm_Boyd_LocalStability_BoydLocal.lean
A	immutable_delivery	NumStabilityTest/Reorganization/R03/Consumer/NumStability_Algorithms_NormEstimation_PNorm_Boyd_LocalStability_BoydLocalStability.lean
A	immutable_delivery	NumStabilityTest/Reorganization/R03/Consumer/NumStability_Algorithms_NormEstimation_PNorm_Boyd_RowwiseDomain_Basic.lean
A	immutable_delivery	NumStabilityTest/Reorganization/R03/Consumer/NumStability_Algorithms_NormEstimation_PNorm_Boyd_Scalar_BoydDomain.lean
A	immutable_delivery	NumStabilityTest/Reorganization/R03/Consumer/NumStability_Algorithms_NormEstimation_PNorm_Boyd_Scalar_BoydLocal.lean
A	immutable_delivery	NumStabilityTest/Reorganization/R03/Consumer/NumStability_Algorithms_NormEstimation_PNorm_Boyd_Scalar_BoydRowwise.lean
A	immutable_delivery	NumStabilityTest/Reorganization/R03/Consumer/NumStability_Algorithms_NormEstimation_PNorm_Boyd_SecondVariation_BoydConcrete.lean
A	immutable_delivery	NumStabilityTest/Reorganization/R03/Consumer/NumStability_Algorithms_NormEstimation_PNorm_Boyd_SecondVariation_BoydLocal.lean
A	immutable_delivery	NumStabilityTest/Reorganization/R03/Consumer/NumStability_Algorithms_NormEstimation_PNorm_Boyd_Uniqueness_Basic.lean
A	immutable_delivery	NumStabilityTest/Reorganization/R03/Consumer/NumStability_Algorithms_NormEstimation_PNorm_Convergence_BoydConcrete.lean
A	immutable_delivery	NumStabilityTest/Reorganization/R03/Consumer/NumStability_Algorithms_NormEstimation_PNorm_Convergence_BoydInterface.lean
A	immutable_delivery	NumStabilityTest/Reorganization/R03/Consumer/NumStability_Algorithms_NormEstimation_PNorm_Convergence_ConvergenceStatements.lean
A	immutable_delivery	NumStabilityTest/Reorganization/R03/Consumer/NumStability_Algorithms_NormEstimation_PNorm_Duality_BoydInterface.lean
A	immutable_delivery	NumStabilityTest/Reorganization/R03/Consumer/NumStability_Algorithms_NormEstimation_PNorm_Duality_BoydUniqueness.lean
A	immutable_delivery	NumStabilityTest/Reorganization/R03/Consumer/NumStability_Algorithms_NormEstimation_PNorm_Duality_ConvergenceStatements.lean
A	immutable_delivery	NumStabilityTest/Reorganization/R03/Consumer/NumStability_Algorithms_NormEstimation_PNorm_Duality_PNormGeneral.lean
A	immutable_delivery	NumStabilityTest/Reorganization/R03/Consumer/NumStability_Algorithms_NormEstimation_PNorm_Duality_PNormPowerMethod.lean
A	immutable_delivery	NumStabilityTest/Reorganization/R03/Consumer/NumStability_Algorithms_NormEstimation_PNorm_Endpoints_ConvergenceStatements.lean
A	immutable_delivery	NumStabilityTest/Reorganization/R03/Consumer/NumStability_Algorithms_NormEstimation_PNorm_Endpoints_PNormRectangular.lean
A	immutable_delivery	NumStabilityTest/Reorganization/R03/Consumer/NumStability_Algorithms_NormEstimation_PNorm_OneAndInfinityNorms_Rectangular.lean
A	immutable_delivery	NumStabilityTest/Reorganization/R03/Consumer/NumStability_Algorithms_NormEstimation_PNorm_OneAndInfinityNorms_Square.lean
A	immutable_delivery	NumStabilityTest/Reorganization/R03/Consumer/NumStability_Algorithms_NormEstimation_PNorm_PowerMethod_BoydConcrete.lean
A	immutable_delivery	NumStabilityTest/Reorganization/R03/Consumer/NumStability_Algorithms_NormEstimation_PNorm_PowerMethod_BoydInterface.lean
A	immutable_delivery	NumStabilityTest/Reorganization/R03/Consumer/NumStability_Algorithms_NormEstimation_PNorm_PowerMethod_PNormGeneral.lean
A	immutable_delivery	NumStabilityTest/Reorganization/R03/Consumer/NumStability_Algorithms_NormEstimation_PNorm_PowerMethod_PNormPowerMethod.lean
A	immutable_delivery	NumStabilityTest/Reorganization/R03/Consumer/NumStability_Algorithms_NormEstimation_PNorm_Rectangular_BoydInterface.lean
A	immutable_delivery	NumStabilityTest/Reorganization/R03/Consumer/NumStability_Algorithms_NormEstimation_PNorm_Rectangular_PNormGeneral.lean
A	immutable_delivery	NumStabilityTest/Reorganization/R03/Consumer/NumStability_Algorithms_NormEstimation_PNorm_Rectangular_PNormRectangular.lean
A	immutable_delivery	NumStabilityTest/Reorganization/R03/Consumer/NumStability_Algorithms_NormEstimation_PNorm_Rectangular_RectangularTermination.lean
A	immutable_delivery	NumStabilityTest/Reorganization/R03/Consumer/NumStability_Algorithms_NormEstimation_TwoNorm.lean
A	immutable_delivery	NumStabilityTest/Reorganization/R03/Consumer/NumStability_Algorithms_NormEstimation_TwoNorm_All.lean
A	immutable_delivery	NumStabilityTest/Reorganization/R03/Consumer/NumStability_Algorithms_NormEstimation_TwoNorm_Dixon.lean
A	immutable_delivery	NumStabilityTest/Reorganization/R03/Consumer/NumStability_Algorithms_NormEstimation_TwoNorm_Dixon_Algebra_CondEstimators.lean
A	immutable_delivery	NumStabilityTest/Reorganization/R03/Consumer/NumStability_Algorithms_NormEstimation_TwoNorm_Dixon_Algebra_DixonCompletion.lean
A	immutable_delivery	NumStabilityTest/Reorganization/R03/Consumer/NumStability_Algorithms_NormEstimation_TwoNorm_Dixon_PowerBounds_CondEstimators.lean
A	immutable_delivery	NumStabilityTest/Reorganization/R03/Consumer/NumStability_Algorithms_NormEstimation_TwoNorm_Dixon_PowerBounds_DixonCompletion.lean
A	immutable_delivery	NumStabilityTest/Reorganization/R03/Consumer/NumStability_Algorithms_NormEstimation_TwoNorm_Dixon_Probability_DixonCompletion.lean
A	immutable_delivery	NumStabilityTest/Reorganization/R03/Consumer/NumStability_Algorithms_NormEstimation_TwoNorm_Dixon_Probability_DixonProbability.lean
A	immutable_delivery	NumStabilityTest/Reorganization/R03/Consumer/NumStability_Algorithms_OrderingExamples.lean
A	immutable_delivery	NumStabilityTest/Reorganization/R03/Consumer/NumStability_Algorithms_OuterProduct.lean
A	immutable_delivery	NumStabilityTest/Reorganization/R03/Consumer/NumStability_Algorithms_PNormPowerMethod.lean
A	immutable_delivery	NumStabilityTest/Reorganization/R03/Consumer/NumStability_Algorithms_PNormPowerMethodGeneralP.lean
A	immutable_delivery	NumStabilityTest/Reorganization/R03/Consumer/NumStability_Algorithms_PNormPowerMethodRect.lean
A	immutable_delivery	NumStabilityTest/Reorganization/R03/Consumer/NumStability_Algorithms_PairwiseSum.lean
A	immutable_delivery	NumStabilityTest/Reorganization/R03/Consumer/NumStability_Algorithms_PlusMinusSum.lean
A	immutable_delivery	NumStabilityTest/Reorganization/R03/Consumer/NumStability_Algorithms_PolynomialEvaluation_ElementaryErrorBounds.lean
A	immutable_delivery	NumStabilityTest/Reorganization/R03/Consumer/NumStability_Algorithms_PolynomialEvaluation_MatrixNorms.lean
A	immutable_delivery	NumStabilityTest/Reorganization/R03/Consumer/NumStability_Algorithms_PolynomialEvaluation_RootProduct.lean
A	immutable_delivery	NumStabilityTest/Reorganization/R03/Consumer/NumStability_Algorithms_PriestAccuracy.lean
A	immutable_delivery	NumStabilityTest/Reorganization/R03/Consumer/NumStability_Algorithms_PriestDefectBounded.lean
A	immutable_delivery	NumStabilityTest/Reorganization/R03/Consumer/NumStability_Algorithms_PriestFiniteFormat.lean
A	immutable_delivery	NumStabilityTest/Reorganization/R03/Consumer/NumStability_Algorithms_QR_GivensMatrixStep.lean
A	immutable_delivery	NumStabilityTest/Reorganization/R03/Consumer/NumStability_Algorithms_QR_GivensQR.lean
A	immutable_delivery	NumStabilityTest/Reorganization/R03/Consumer/NumStability_Algorithms_QR_GivensSpec.lean
A	immutable_delivery	NumStabilityTest/Reorganization/R03/Consumer/NumStability_Algorithms_QR_GramSchmidt.lean
A	immutable_delivery	NumStabilityTest/Reorganization/R03/Consumer/NumStability_Algorithms_QR_GramSchmidtPolar.lean
A	immutable_delivery	NumStabilityTest/Reorganization/R03/Consumer/NumStability_Algorithms_QR_Higham19.lean
A	immutable_delivery	NumStabilityTest/Reorganization/R03/Consumer/NumStability_Algorithms_QR_Higham19Alg11CGSRounded.lean
A	immutable_delivery	NumStabilityTest/Reorganization/R03/Consumer/NumStability_Algorithms_QR_Higham19Alg12MGSClosure.lean
A	immutable_delivery	NumStabilityTest/Reorganization/R03/Consumer/NumStability_Algorithms_QR_Higham19Alg12MGSNonbreakdown.lean
A	immutable_delivery	NumStabilityTest/Reorganization/R03/Consumer/NumStability_Algorithms_QR_Higham19Alg12MGSPaddedClosure.lean
A	immutable_delivery	NumStabilityTest/Reorganization/R03/Consumer/NumStability_Algorithms_QR_Higham19Alg12MGSRepair.lean
A	immutable_delivery	NumStabilityTest/Reorganization/R03/Consumer/NumStability_Algorithms_QR_Higham19Alg12MGSRounded.lean
A	immutable_delivery	NumStabilityTest/Reorganization/R03/Consumer/NumStability_Algorithms_QR_Higham19Alg12MGSSourceRate.lean
A	immutable_delivery	NumStabilityTest/Reorganization/R03/Consumer/NumStability_Algorithms_QR_Higham19FormedQ.lean
A	immutable_delivery	NumStabilityTest/Reorganization/R03/Consumer/NumStability_Algorithms_QR_Higham19Labels.lean
A	immutable_delivery	NumStabilityTest/Reorganization/R03/Consumer/NumStability_Algorithms_QR_Higham19Lemma3ActualSequence.lean
A	immutable_delivery	NumStabilityTest/Reorganization/R03/Consumer/NumStability_Algorithms_QR_Higham19Lemma7Gamma4.lean
A	immutable_delivery	NumStabilityTest/Reorganization/R03/Consumer/NumStability_Algorithms_QR_Higham19Lemma9DisjointSweep.lean
A	immutable_delivery	NumStabilityTest/Reorganization/R03/Consumer/NumStability_Algorithms_QR_Higham19PolarNearest.lean
A	immutable_delivery	NumStabilityTest/Reorganization/R03/Consumer/NumStability_Algorithms_QR_Higham19Problem19_10.lean
A	immutable_delivery	NumStabilityTest/Reorganization/R03/Consumer/NumStability_Algorithms_QR_Higham19Problem19_9.lean
A	immutable_delivery	NumStabilityTest/Reorganization/R03/Consumer/NumStability_Algorithms_QR_Higham19Problem6ActualStep.lean
A	immutable_delivery	NumStabilityTest/Reorganization/R03/Consumer/NumStability_Algorithms_QR_Higham19Sensitivity.lean
A	immutable_delivery	NumStabilityTest/Reorganization/R03/Consumer/NumStability_Algorithms_QR_Higham19SensitivityClosure.lean
A	immutable_delivery	NumStabilityTest/Reorganization/R03/Consumer/NumStability_Algorithms_QR_Higham19StoredLoop.lean
A	immutable_delivery	NumStabilityTest/Reorganization/R03/Consumer/NumStability_Algorithms_QR_Higham19StoredLoopAllPivots.lean
A	immutable_delivery	NumStabilityTest/Reorganization/R03/Consumer/NumStability_Algorithms_QR_Higham19StoredLoopStrongModel.lean
A	immutable_delivery	NumStabilityTest/Reorganization/R03/Consumer/NumStability_Algorithms_QR_Higham19SunBischof.lean
A	immutable_delivery	NumStabilityTest/Reorganization/R03/Consumer/NumStability_Algorithms_QR_Higham19Theorem10ActualMatrix.lean
A	immutable_delivery	NumStabilityTest/Reorganization/R03/Consumer/NumStability_Algorithms_QR_Higham19Theorem5Nonbreakdown.lean
A	immutable_delivery	NumStabilityTest/Reorganization/R03/Consumer/NumStability_Algorithms_QR_Higham19Theorem5SourceClosure.lean
A	immutable_delivery	NumStabilityTest/Reorganization/R03/Consumer/NumStability_Algorithms_QR_Higham19Theorem6ActualSource.lean
A	immutable_delivery	NumStabilityTest/Reorganization/R03/Consumer/NumStability_Algorithms_QR_Higham19Thm6ColPivot.lean
A	immutable_delivery	NumStabilityTest/Reorganization/R03/Consumer/NumStability_Algorithms_QR_Higham19Thm6ColPivotFull.lean
A	immutable_delivery	NumStabilityTest/Reorganization/R03/Consumer/NumStability_Algorithms_QR_Higham19Thm6CoxHigham.lean
A	immutable_delivery	NumStabilityTest/Reorganization/R03/Consumer/NumStability_Algorithms_QR_Higham19Thm6CoxHighamAssembly.lean
A	immutable_delivery	NumStabilityTest/Reorganization/R03/Consumer/NumStability_Algorithms_QR_Higham19Thm6CoxHighamConcrete.lean
A	immutable_delivery	NumStabilityTest/Reorganization/R03/Consumer/NumStability_Algorithms_QR_Higham19Thm6CoxHighamFull.lean
A	immutable_delivery	NumStabilityTest/Reorganization/R03/Consumer/NumStability_Algorithms_QR_Higham19Thm6Elementwise.lean
A	immutable_delivery	NumStabilityTest/Reorganization/R03/Consumer/NumStability_Algorithms_QR_Higham19Thm6ElementwiseEntry.lean
A	immutable_delivery	NumStabilityTest/Reorganization/R03/Consumer/NumStability_Algorithms_QR_Higham19Thm6ElementwisePackaged.lean
A	immutable_delivery	NumStabilityTest/Reorganization/R03/Consumer/NumStability_Algorithms_QR_Higham19Thm6Final.lean
A	immutable_delivery	NumStabilityTest/Reorganization/R03/Consumer/NumStability_Algorithms_QR_Higham19Thm6Pivoted.lean
A	immutable_delivery	NumStabilityTest/Reorganization/R03/Consumer/NumStability_Algorithms_QR_Higham19Thm6RowSpecific.lean
A	immutable_delivery	NumStabilityTest/Reorganization/R03/Consumer/NumStability_Algorithms_QR_Higham19Thm6StrongModel.lean
A	immutable_delivery	NumStabilityTest/Reorganization/R03/Consumer/NumStability_Algorithms_QR_Higham19WYApplicationClosure.lean
A	immutable_delivery	NumStabilityTest/Reorganization/R03/Consumer/NumStability_Algorithms_QR_HouseholderApply.lean
A	immutable_delivery	NumStabilityTest/Reorganization/R03/Consumer/NumStability_Algorithms_QR_HouseholderApplySupport.lean
A	immutable_delivery	NumStabilityTest/Reorganization/R03/Consumer/NumStability_Algorithms_QR_HouseholderConstruction2.lean
A	immutable_delivery	NumStabilityTest/Reorganization/R03/Consumer/NumStability_Algorithms_QR_HouseholderMatrixStep.lean
A	immutable_delivery	NumStabilityTest/Reorganization/R03/Consumer/NumStability_Algorithms_QR_HouseholderOneStep.lean
A	immutable_delivery	NumStabilityTest/Reorganization/R03/Consumer/NumStability_Algorithms_QR_HouseholderQApply.lean
A	immutable_delivery	NumStabilityTest/Reorganization/R03/Consumer/NumStability_Algorithms_QR_HouseholderQR.lean
A	immutable_delivery	NumStabilityTest/Reorganization/R03/Consumer/NumStability_Algorithms_QR_HouseholderQRSupport.lean
A	immutable_delivery	NumStabilityTest/Reorganization/R03/Consumer/NumStability_Algorithms_QR_HouseholderReflector.lean
A	immutable_delivery	NumStabilityTest/Reorganization/R03/Consumer/NumStability_Algorithms_QR_QRSolve.lean
A	immutable_delivery	NumStabilityTest/Reorganization/R03/Consumer/NumStability_Algorithms_Quadrature.lean
A	immutable_delivery	NumStabilityTest/Reorganization/R03/Consumer/NumStability_Algorithms_RandNLA.lean
A	immutable_delivery	NumStabilityTest/Reorganization/R03/Consumer/NumStability_Algorithms_RandNLA_ElementwiseSampling.lean
A	immutable_delivery	NumStabilityTest/Reorganization/R03/Consumer/NumStability_Algorithms_RandNLA_ElementwiseSpectral.lean
A	immutable_delivery	NumStabilityTest/Reorganization/R03/Consumer/NumStability_Algorithms_RandNLA_ElementwiseTraceMGF.lean
A	immutable_delivery	NumStabilityTest/Reorganization/R03/Consumer/NumStability_Algorithms_RandNLA_HitCountConcentration.lean
A	immutable_delivery	NumStabilityTest/Reorganization/R03/Consumer/NumStability_Algorithms_RandNLA_LeastSquaresSketch.lean
A	immutable_delivery	NumStabilityTest/Reorganization/R03/Consumer/NumStability_Algorithms_RandNLA_LowRankApprox.lean
A	immutable_delivery	NumStabilityTest/Reorganization/R03/Consumer/NumStability_Algorithms_RandNLA_Preconditioning.lean
A	immutable_delivery	NumStabilityTest/Reorganization/R03/Consumer/NumStability_Algorithms_RandNLA_RowSampling.lean
A	immutable_delivery	NumStabilityTest/Reorganization/R03/Consumer/NumStability_Algorithms_RandNLA_RowSamplingGram.lean
A	immutable_delivery	NumStabilityTest/Reorganization/R03/Consumer/NumStability_Algorithms_RandNLA_RowSamplingLeverage.lean
A	immutable_delivery	NumStabilityTest/Reorganization/R03/Consumer/NumStability_Algorithms_RandNLA_RowSamplingLeverageComputedBasis.lean
A	immutable_delivery	NumStabilityTest/Reorganization/R03/Consumer/NumStability_Algorithms_RandNLA_RowSamplingLeverageMGF.lean
A	immutable_delivery	NumStabilityTest/Reorganization/R03/Consumer/NumStability_Algorithms_RandNLA_RowSamplingTraceMGF.lean
A	immutable_delivery	NumStabilityTest/Reorganization/R03/Consumer/NumStability_Algorithms_RandNLA_UniformRowSampling.lean
A	immutable_delivery	NumStabilityTest/Reorganization/R03/Consumer/NumStability_Algorithms_RandNLA_UniformRowSamplingComposition.lean
A	immutable_delivery	NumStabilityTest/Reorganization/R03/Consumer/NumStability_Algorithms_RandNLA_UniformRowSamplingFP.lean
A	immutable_delivery	NumStabilityTest/Reorganization/R03/Consumer/NumStability_Algorithms_RandNLA_UniformRowSamplingMGF.lean
A	immutable_delivery	NumStabilityTest/Reorganization/R03/Consumer/NumStability_Algorithms_RandomizedLinearAlgebra_Concentration_HitCounts_Bounds.lean
A	immutable_delivery	NumStabilityTest/Reorganization/R03/Consumer/NumStability_Algorithms_RandomizedLinearAlgebra_Concentration_SpectralTransfer_Elementwise.lean
A	immutable_delivery	NumStabilityTest/Reorganization/R03/Consumer/NumStability_Algorithms_RandomizedLinearAlgebra_Concentration_TraceMGF_Elementwise.lean
A	immutable_delivery	NumStabilityTest/Reorganization/R03/Consumer/NumStability_Algorithms_RandomizedLinearAlgebra_Concentration_TraceMGF_LeverageScore.lean
A	immutable_delivery	NumStabilityTest/Reorganization/R03/Consumer/NumStability_Algorithms_RandomizedLinearAlgebra_Concentration_TraceMGF_RowNorm.lean
A	immutable_delivery	NumStabilityTest/Reorganization/R03/Consumer/NumStability_Algorithms_RandomizedLinearAlgebra_Concentration_TraceMGF_UniformRows.lean
A	immutable_delivery	NumStabilityTest/Reorganization/R03/Consumer/NumStability_Algorithms_RandomizedLinearAlgebra_LeastSquaresSketching_Objectives_Core.lean
A	immutable_delivery	NumStabilityTest/Reorganization/R03/Consumer/NumStability_Algorithms_RandomizedLinearAlgebra_LeastSquaresSketching_RowSampling_Core.lean
A	immutable_delivery	NumStabilityTest/Reorganization/R03/Consumer/NumStability_Algorithms_RandomizedLinearAlgebra_LowRankApproximation_ColumnSketches_Core.lean
A	immutable_delivery	NumStabilityTest/Reorganization/R03/Consumer/NumStability_Algorithms_RandomizedLinearAlgebra_LowRankApproximation_RankFactorizations_Core.lean
A	immutable_delivery	NumStabilityTest/Reorganization/R03/Consumer/NumStability_Algorithms_RandomizedLinearAlgebra_Preconditioning_ExactTransforms_Core.lean
A	immutable_delivery	NumStabilityTest/Reorganization/R03/Consumer/NumStability_Algorithms_RandomizedLinearAlgebra_Preconditioning_ExactTransforms_UniformRowComposition.lean
A	immutable_delivery	NumStabilityTest/Reorganization/R03/Consumer/NumStability_Algorithms_RandomizedLinearAlgebra_Sampling_Elementwise_Core.lean
A	immutable_delivery	NumStabilityTest/Reorganization/R03/Consumer/NumStability_Algorithms_RandomizedLinearAlgebra_Sampling_LeverageScore_ComputedBasis.lean
A	immutable_delivery	NumStabilityTest/Reorganization/R03/Consumer/NumStability_Algorithms_RandomizedLinearAlgebra_Sampling_LeverageScore_Core.lean
A	immutable_delivery	NumStabilityTest/Reorganization/R03/Consumer/NumStability_Algorithms_RandomizedLinearAlgebra_Sampling_RowNorm_Core.lean
A	immutable_delivery	NumStabilityTest/Reorganization/R03/Consumer/NumStability_Algorithms_RandomizedLinearAlgebra_Sampling_RowNorm_Gram.lean
A	immutable_delivery	NumStabilityTest/Reorganization/R03/Consumer/NumStability_Algorithms_RandomizedLinearAlgebra_Sampling_UniformRows_Core.lean
A	immutable_delivery	NumStabilityTest/Reorganization/R03/Consumer/NumStability_Algorithms_RandomizedLinearAlgebra_Sampling_UniformRows_FloatingPoint.lean
A	immutable_delivery	NumStabilityTest/Reorganization/R03/Consumer/NumStability_Algorithms_RankOneUpdate.lean
A	immutable_delivery	NumStabilityTest/Reorganization/R03/Consumer/NumStability_Algorithms_RecursiveSum.lean
A	immutable_delivery	NumStabilityTest/Reorganization/R03/Consumer/NumStability_Algorithms_SoftwareIssues_Higham27.lean
A	immutable_delivery	NumStabilityTest/Reorganization/R03/Consumer/NumStability_Algorithms_SoftwareIssues_Higham27Pythag.lean
A	immutable_delivery	NumStabilityTest/Reorganization/R03/Consumer/NumStability_Algorithms_SquareDifference.lean
A	immutable_delivery	NumStabilityTest/Reorganization/R03/Consumer/NumStability_Algorithms_StationaryIteration.lean
A	immutable_delivery	NumStabilityTest/Reorganization/R03/Consumer/NumStability_Algorithms_StationaryIterationDrazin.lean
A	immutable_delivery	NumStabilityTest/Reorganization/R03/Consumer/NumStability_Algorithms_StationaryIterationRounded.lean
A	immutable_delivery	NumStabilityTest/Reorganization/R03/Consumer/NumStability_Algorithms_StationaryIterationSemiconvergent.lean
A	immutable_delivery	NumStabilityTest/Reorganization/R03/Consumer/NumStability_Algorithms_StationaryIterationSemiconvergentExistence.lean
A	immutable_delivery	NumStabilityTest/Reorganization/R03/Consumer/NumStability_Algorithms_StationaryIterationSeries.lean
A	immutable_delivery	NumStabilityTest/Reorganization/R03/Consumer/NumStability_Algorithms_SumTree.lean
A	immutable_delivery	NumStabilityTest/Reorganization/R03/Consumer/NumStability_Algorithms_Summation.lean
A	immutable_delivery	NumStabilityTest/Reorganization/R03/Consumer/NumStability_Algorithms_Summation_Accumulator.lean
A	immutable_delivery	NumStabilityTest/Reorganization/R03/Consumer/NumStability_Algorithms_Summation_Compensated.lean
A	immutable_delivery	NumStabilityTest/Reorganization/R03/Consumer/NumStability_Algorithms_Summation_Compensated_Alternative.lean
A	immutable_delivery	NumStabilityTest/Reorganization/R03/Consumer/NumStability_Algorithms_Summation_Compensated_Alternative_Core.lean
A	immutable_delivery	NumStabilityTest/Reorganization/R03/Consumer/NumStability_Algorithms_Summation_Compensated_Alternative_ErrorBounds.lean
A	immutable_delivery	NumStabilityTest/Reorganization/R03/Consumer/NumStability_Algorithms_Summation_Compensated_CorrectionFormula.lean
A	immutable_delivery	NumStabilityTest/Reorganization/R03/Consumer/NumStability_Algorithms_Summation_Compensated_FastTwoSum.lean
A	immutable_delivery	NumStabilityTest/Reorganization/R03/Consumer/NumStability_Algorithms_Summation_Compensated_FiniteFormat.lean
A	immutable_delivery	NumStabilityTest/Reorganization/R03/Consumer/NumStability_Algorithms_Summation_Compensated_Kahan.lean
A	immutable_delivery	NumStabilityTest/Reorganization/R03/Consumer/NumStability_Algorithms_Summation_Compensated_Kahan_Coefficients.lean
A	immutable_delivery	NumStabilityTest/Reorganization/R03/Consumer/NumStability_Algorithms_Summation_Compensated_Kahan_Coefficients_Affine.lean
A	immutable_delivery	NumStabilityTest/Reorganization/R03/Consumer/NumStability_Algorithms_Summation_Compensated_Kahan_Coefficients_Coupled.lean
A	immutable_delivery	NumStabilityTest/Reorganization/R03/Consumer/NumStability_Algorithms_Summation_Compensated_Kahan_Core.lean
A	immutable_delivery	NumStabilityTest/Reorganization/R03/Consumer/NumStability_Algorithms_Summation_Compensated_Kahan_ErrorBounds.lean
A	immutable_delivery	NumStabilityTest/Reorganization/R03/Consumer/NumStability_Algorithms_Summation_Compensated_Kahan_Exactness.lean
A	immutable_delivery	NumStabilityTest/Reorganization/R03/Consumer/NumStability_Algorithms_Summation_Compensated_Kahan_Finite.lean
A	immutable_delivery	NumStabilityTest/Reorganization/R03/Consumer/NumStability_Algorithms_Summation_Compensated_Kahan_FiniteErrorBounds.lean
A	immutable_delivery	NumStabilityTest/Reorganization/R03/Consumer/NumStability_Algorithms_Summation_Compensated_Kahan_FiniteFormat.lean
A	immutable_delivery	NumStabilityTest/Reorganization/R03/Consumer/NumStability_Algorithms_Summation_Compensated_Kahan_LocalCoefficients.lean
A	immutable_delivery	NumStabilityTest/Reorganization/R03/Consumer/NumStability_Algorithms_Summation_Compensated_Kahan_Majorants.lean
A	immutable_delivery	NumStabilityTest/Reorganization/R03/Consumer/NumStability_Algorithms_Summation_Compensated_Neumaier_AdaptiveFiniteFormat.lean
A	immutable_delivery	NumStabilityTest/Reorganization/R03/Consumer/NumStability_Algorithms_Summation_Compensated_Neumaier_All.lean
A	immutable_delivery	NumStabilityTest/Reorganization/R03/Consumer/NumStability_Algorithms_Summation_Compensated_Neumaier_ExactResidual.lean
A	immutable_delivery	NumStabilityTest/Reorganization/R03/Consumer/NumStability_Algorithms_Summation_Compensated_Neumaier_FiniteExecutor.lean
A	immutable_delivery	NumStabilityTest/Reorganization/R03/Consumer/NumStability_Algorithms_Summation_Compensated_NoGuard.lean
A	immutable_delivery	NumStabilityTest/Reorganization/R03/Consumer/NumStability_Algorithms_Summation_Compensated_NoGuard_CorrectionFormula.lean
A	immutable_delivery	NumStabilityTest/Reorganization/R03/Consumer/NumStability_Algorithms_Summation_Compensated_NoGuard_Modified.lean
A	immutable_delivery	NumStabilityTest/Reorganization/R03/Consumer/NumStability_Algorithms_Summation_Compensated_NoGuard_Ordinary.lean
A	immutable_delivery	NumStabilityTest/Reorganization/R03/Consumer/NumStability_Algorithms_Summation_Compensated_Priest_All.lean
A	immutable_delivery	NumStabilityTest/Reorganization/R03/Consumer/NumStability_Algorithms_Summation_Compensated_Priest_FiniteFormat.lean
A	immutable_delivery	NumStabilityTest/Reorganization/R03/Consumer/NumStability_Algorithms_Summation_DoublyCompensated.lean
A	immutable_delivery	NumStabilityTest/Reorganization/R03/Consumer/NumStability_Algorithms_Summation_Insertion.lean
A	immutable_delivery	NumStabilityTest/Reorganization/R03/Consumer/NumStability_Algorithms_Summation_Insertion_Executor.lean
A	immutable_delivery	NumStabilityTest/Reorganization/R03/Consumer/NumStability_Algorithms_Summation_Insertion_RunningError.lean
A	immutable_delivery	NumStabilityTest/Reorganization/R03/Consumer/NumStability_Algorithms_Summation_Insertion_Schedule.lean
A	immutable_delivery	NumStabilityTest/Reorganization/R03/Consumer/NumStability_Algorithms_Summation_Insertion_ScheduleExecution.lean
A	immutable_delivery	NumStabilityTest/Reorganization/R03/Consumer/NumStability_Algorithms_Summation_Pairwise.lean
A	immutable_delivery	NumStabilityTest/Reorganization/R03/Consumer/NumStability_Algorithms_Summation_Pairwise_Core.lean
A	immutable_delivery	NumStabilityTest/Reorganization/R03/Consumer/NumStability_Algorithms_Summation_PlusMinus.lean
A	immutable_delivery	NumStabilityTest/Reorganization/R03/Consumer/NumStability_Algorithms_Summation_Recursive.lean
A	immutable_delivery	NumStabilityTest/Reorganization/R03/Consumer/NumStability_Algorithms_Summation_Recursive_Core.lean
A	immutable_delivery	NumStabilityTest/Reorganization/R03/Consumer/NumStability_Algorithms_Summation_Tree.lean
A	immutable_delivery	NumStabilityTest/Reorganization/R03/Consumer/NumStability_Algorithms_Summation_Tree_ArbitraryOrderError_All.lean
A	immutable_delivery	NumStabilityTest/Reorganization/R03/Consumer/NumStability_Algorithms_Summation_Tree_Balanced.lean
A	immutable_delivery	NumStabilityTest/Reorganization/R03/Consumer/NumStability_Algorithms_Summation_Tree_Chain.lean
A	immutable_delivery	NumStabilityTest/Reorganization/R03/Consumer/NumStability_Algorithms_Summation_Tree_Core.lean
A	immutable_delivery	NumStabilityTest/Reorganization/R03/Consumer/NumStability_Algorithms_Summation_Tree_RecursiveBridge.lean
A	immutable_delivery	NumStabilityTest/Reorganization/R03/Consumer/NumStability_Algorithms_Sylvester.lean
A	immutable_delivery	NumStabilityTest/Reorganization/R03/Consumer/NumStability_Algorithms_Sylvester_Higham16Eq9Assembly.lean
A	immutable_delivery	NumStabilityTest/Reorganization/R03/Consumer/NumStability_Algorithms_Sylvester_Higham16Eq9EndToEnd.lean
A	immutable_delivery	NumStabilityTest/Reorganization/R03/Consumer/NumStability_Algorithms_Sylvester_Higham16HessenbergRounded.lean
A	immutable_delivery	NumStabilityTest/Reorganization/R03/Consumer/NumStability_Algorithms_Sylvester_Higham16HessenbergSchur.lean
A	immutable_delivery	NumStabilityTest/Reorganization/R03/Consumer/NumStability_Algorithms_Sylvester_Higham16Minimizers.lean
A	immutable_delivery	NumStabilityTest/Reorganization/R03/Consumer/NumStability_Algorithms_Sylvester_Higham16NormEstimator.lean
A	immutable_delivery	NumStabilityTest/Reorganization/R03/Consumer/NumStability_Algorithms_Sylvester_Higham16PivotedSmallBlocks.lean
A	immutable_delivery	NumStabilityTest/Reorganization/R03/Consumer/NumStability_Algorithms_Sylvester_Higham16QuasiQuasiRounded.lean
A	immutable_delivery	NumStabilityTest/Reorganization/R03/Consumer/NumStability_Algorithms_Sylvester_Higham16QuasiQuasiSylvester.lean
A	immutable_delivery	NumStabilityTest/Reorganization/R03/Consumer/NumStability_Algorithms_Sylvester_Higham16QuasiRoundedSolve.lean
A	immutable_delivery	NumStabilityTest/Reorganization/R03/Consumer/NumStability_Algorithms_Sylvester_Higham16QuasiRoundedSylvester.lean
A	immutable_delivery	NumStabilityTest/Reorganization/R03/Consumer/NumStability_Algorithms_Sylvester_Higham16RoundedExecutor.lean
A	immutable_delivery	NumStabilityTest/Reorganization/R03/Consumer/NumStability_Algorithms_Sylvester_Higham16RoundedTriangular.lean
A	immutable_delivery	NumStabilityTest/Reorganization/R03/Consumer/NumStability_Algorithms_Sylvester_Higham16SpectrumMinimizers.lean
A	immutable_delivery	NumStabilityTest/Reorganization/R03/Consumer/NumStability_Algorithms_TestMatrices_Higham28Cauchy.lean
A	immutable_delivery	NumStabilityTest/Reorganization/R03/Consumer/NumStability_Algorithms_TestMatrices_Higham28Companion.lean
A	immutable_delivery	NumStabilityTest/Reorganization/R03/Consumer/NumStability_Algorithms_TestMatrices_Higham28CompanionSpectral.lean
A	immutable_delivery	NumStabilityTest/Reorganization/R03/Consumer/NumStability_Algorithms_TestMatrices_Higham28Contracts.lean
A	immutable_delivery	NumStabilityTest/Reorganization/R03/Consumer/NumStability_Algorithms_TestMatrices_Higham28GaussianQRHaar.lean
A	immutable_delivery	NumStabilityTest/Reorganization/R03/Consumer/NumStability_Algorithms_TestMatrices_Higham28Ginibre.lean
A	immutable_delivery	NumStabilityTest/Reorganization/R03/Consumer/NumStability_Algorithms_TestMatrices_Higham28GinibreAbsoluteDetRecurrence.lean
A	immutable_delivery	NumStabilityTest/Reorganization/R03/Consumer/NumStability_Algorithms_TestMatrices_Higham28GinibreAtlas.lean
A	immutable_delivery	NumStabilityTest/Reorganization/R03/Consumer/NumStability_Algorithms_TestMatrices_Higham28GinibreCharacteristicProduct.lean
A	immutable_delivery	NumStabilityTest/Reorganization/R03/Consumer/NumStability_Algorithms_TestMatrices_Higham28GinibreComplexPairs.lean
A	immutable_delivery	NumStabilityTest/Reorganization/R03/Consumer/NumStability_Algorithms_TestMatrices_Higham28GinibreCorollary31Factor.lean
A	immutable_delivery	NumStabilityTest/Reorganization/R03/Consumer/NumStability_Algorithms_TestMatrices_Higham28GinibreDeterminantIntegral.lean
A	immutable_delivery	NumStabilityTest/Reorganization/R03/Consumer/NumStability_Algorithms_TestMatrices_Higham28GinibreDeterminantMoment.lean
A	immutable_delivery	NumStabilityTest/Reorganization/R03/Consumer/NumStability_Algorithms_TestMatrices_Higham28GinibreDimensionTwo.lean
A	immutable_delivery	NumStabilityTest/Reorganization/R03/Consumer/NumStability_Algorithms_TestMatrices_Higham28GinibreExpectationGlue.lean
A	immutable_delivery	NumStabilityTest/Reorganization/R03/Consumer/NumStability_Algorithms_TestMatrices_Higham28GinibreFiniteFormula.lean
A	immutable_delivery	NumStabilityTest/Reorganization/R03/Consumer/NumStability_Algorithms_TestMatrices_Higham28GinibreGaussianBridge.lean
A	immutable_delivery	NumStabilityTest/Reorganization/R03/Consumer/NumStability_Algorithms_TestMatrices_Higham28GinibreIncidence.lean
A	immutable_delivery	NumStabilityTest/Reorganization/R03/Consumer/NumStability_Algorithms_TestMatrices_Higham28GinibreIntegral.lean
A	immutable_delivery	NumStabilityTest/Reorganization/R03/Consumer/NumStability_Algorithms_TestMatrices_Higham28GinibreJointDensity.lean
A	immutable_delivery	NumStabilityTest/Reorganization/R03/Consumer/NumStability_Algorithms_TestMatrices_Higham28GinibreMeasure.lean
A	immutable_delivery	NumStabilityTest/Reorganization/R03/Consumer/NumStability_Algorithms_TestMatrices_Higham28GinibreMultiplicity.lean
A	immutable_delivery	NumStabilityTest/Reorganization/R03/Consumer/NumStability_Algorithms_TestMatrices_Higham28GinibreOrthogonalFiber.lean
A	immutable_delivery	NumStabilityTest/Reorganization/R03/Consumer/NumStability_Algorithms_TestMatrices_Higham28GinibreParity.lean
A	immutable_delivery	NumStabilityTest/Reorganization/R03/Consumer/NumStability_Algorithms_TestMatrices_Higham28GinibrePlaneChart.lean
A	immutable_delivery	NumStabilityTest/Reorganization/R03/Consumer/NumStability_Algorithms_TestMatrices_Higham28GinibrePlaneIncidence.lean
A	immutable_delivery	NumStabilityTest/Reorganization/R03/Consumer/NumStability_Algorithms_TestMatrices_Higham28GinibrePlaneSylvester.lean
A	immutable_delivery	NumStabilityTest/Reorganization/R03/Consumer/NumStability_Algorithms_TestMatrices_Higham28GinibreRecurrence.lean
A	immutable_delivery	NumStabilityTest/Reorganization/R03/Consumer/NumStability_Algorithms_TestMatrices_Higham28GinibreRoots.lean
A	immutable_delivery	NumStabilityTest/Reorganization/R03/Consumer/NumStability_Algorithms_TestMatrices_Higham28GinibreSignedConclusion.lean
A	immutable_delivery	NumStabilityTest/Reorganization/R03/Consumer/NumStability_Algorithms_TestMatrices_Higham28GinibreSignedExpectation.lean
A	immutable_delivery	NumStabilityTest/Reorganization/R03/Consumer/NumStability_Algorithms_TestMatrices_Higham28GinibreSignedGaussian.lean
A	immutable_delivery	NumStabilityTest/Reorganization/R03/Consumer/NumStability_Algorithms_TestMatrices_Higham28GinibreSignedIncidence.lean
A	immutable_delivery	NumStabilityTest/Reorganization/R03/Consumer/NumStability_Algorithms_TestMatrices_Higham28GinibreSignedIncidenceAlgebra.lean
A	immutable_delivery	NumStabilityTest/Reorganization/R03/Consumer/NumStability_Algorithms_TestMatrices_Higham28GinibreSignedKernel.lean
A	immutable_delivery	NumStabilityTest/Reorganization/R03/Consumer/NumStability_Algorithms_TestMatrices_Higham28GinibreSignedRank.lean
A	immutable_delivery	NumStabilityTest/Reorganization/R03/Consumer/NumStability_Algorithms_TestMatrices_Higham28GinibreSignedRankTransfer.lean
A	immutable_delivery	NumStabilityTest/Reorganization/R03/Consumer/NumStability_Algorithms_TestMatrices_Higham28GinibreSignedScalar.lean
A	immutable_delivery	NumStabilityTest/Reorganization/R03/Consumer/NumStability_Algorithms_TestMatrices_Higham28GinibreTraceDensity.lean
A	immutable_delivery	NumStabilityTest/Reorganization/R03/Consumer/NumStability_Algorithms_TestMatrices_Higham28GinibreTruncatedIncidence.lean
A	immutable_delivery	NumStabilityTest/Reorganization/R03/Consumer/NumStability_Algorithms_TestMatrices_Higham28HilbertCondition.lean
A	immutable_delivery	NumStabilityTest/Reorganization/R03/Consumer/NumStability_Algorithms_TestMatrices_Higham28OrthogonalFibers.lean
A	immutable_delivery	NumStabilityTest/Reorganization/R03/Consumer/NumStability_Algorithms_TestMatrices_Higham28PascalCondition.lean
A	immutable_delivery	NumStabilityTest/Reorganization/R03/Consumer/NumStability_Algorithms_TestMatrices_Higham28PascalDualFlag.lean
A	immutable_delivery	NumStabilityTest/Reorganization/R03/Consumer/NumStability_Algorithms_TestMatrices_Higham28PascalOscillation.lean
A	immutable_delivery	NumStabilityTest/Reorganization/R03/Consumer/NumStability_Algorithms_TestMatrices_Higham28PascalOscillationCore.lean
A	immutable_delivery	NumStabilityTest/Reorganization/R03/Consumer/NumStability_Algorithms_TestMatrices_Higham28PascalOscillationExact.lean
A	immutable_delivery	NumStabilityTest/Reorganization/R03/Consumer/NumStability_Algorithms_TestMatrices_Higham28PascalSpectral.lean
A	immutable_delivery	NumStabilityTest/Reorganization/R03/Consumer/NumStability_Algorithms_TestMatrices_Higham28PascalTotalPositivity.lean
A	immutable_delivery	NumStabilityTest/Reorganization/R03/Consumer/NumStability_Algorithms_TestMatrices_Higham28Probability.lean
A	immutable_delivery	NumStabilityTest/Reorganization/R03/Consumer/NumStability_Algorithms_TestMatrices_Higham28RandsvdNorm.lean
A	immutable_delivery	NumStabilityTest/Reorganization/R03/Consumer/NumStability_Algorithms_TestMatrices_Higham28ReciprocalSPD.lean
A	immutable_delivery	NumStabilityTest/Reorganization/R03/Consumer/NumStability_Algorithms_TestMatrices_Higham28Stewart.lean
A	immutable_delivery	NumStabilityTest/Reorganization/R03/Consumer/NumStability_Algorithms_TestMatrices_Higham28StewartHaar.lean
A	immutable_delivery	NumStabilityTest/Reorganization/R03/Consumer/NumStability_Algorithms_TestMatrices_Higham28StewartRawFiber.lean
A	immutable_delivery	NumStabilityTest/Reorganization/R03/Consumer/NumStability_Algorithms_TestMatrices_Higham28StewartRecursion.lean
A	immutable_delivery	NumStabilityTest/Reorganization/R03/Consumer/NumStability_Algorithms_TestMatrices_Higham28ToeplitzCondition.lean
A	immutable_delivery	NumStabilityTest/Reorganization/R03/Consumer/NumStability_Algorithms_TestMatrices_Higham28ToeplitzGeneral.lean
A	immutable_delivery	NumStabilityTest/Reorganization/R03/Consumer/NumStability_Algorithms_TestMatrices_Higham28ToeplitzSpectrum.lean
A	immutable_delivery	NumStabilityTest/Reorganization/R03/Consumer/NumStability_Algorithms_TreeDotProduct.lean
A	immutable_delivery	NumStabilityTest/Reorganization/R03/Consumer/NumStability_Algorithms_TriangularArbitraryOrder.lean
A	immutable_delivery	NumStabilityTest/Reorganization/R03/Consumer/NumStability_Algorithms_TriangularForwardBound.lean
A	immutable_delivery	NumStabilityTest/Reorganization/R03/Consumer/NumStability_Algorithms_TriangularForwardComparison.lean
A	immutable_delivery	NumStabilityTest/Reorganization/R03/Consumer/NumStability_Algorithms_TriangularNoGuard.lean
A	immutable_delivery	NumStabilityTest/Reorganization/R03/Consumer/NumStability_Algorithms_TriangularSolve.lean
A	immutable_delivery	NumStabilityTest/Reorganization/R03/Consumer/NumStability_Algorithms_TriangularSolveCombined.lean
A	immutable_delivery	NumStabilityTest/Reorganization/R03/Consumer/NumStability_Algorithms_Underdetermined_Higham21.lean
A	immutable_delivery	NumStabilityTest/Reorganization/R03/Consumer/NumStability_Algorithms_Underdetermined_Higham21Attainability.lean
A	immutable_delivery	NumStabilityTest/Reorganization/R03/Consumer/NumStability_Algorithms_Underdetermined_Higham21Condition.lean
A	immutable_delivery	NumStabilityTest/Reorganization/R03/Consumer/NumStability_Algorithms_Underdetermined_Higham21Eq21_11Uniform.lean
A	immutable_delivery	NumStabilityTest/Reorganization/R03/Consumer/NumStability_Algorithms_Underdetermined_Higham21Eq21_8.lean
A	immutable_delivery	NumStabilityTest/Reorganization/R03/Consumer/NumStability_Algorithms_Underdetermined_Higham21Eq21_9.lean
A	immutable_delivery	NumStabilityTest/Reorganization/R03/Consumer/NumStability_Algorithms_Underdetermined_Higham21Equation21_11.lean
A	immutable_delivery	NumStabilityTest/Reorganization/R03/Consumer/NumStability_Algorithms_Underdetermined_Higham21Equation21_11Scalar.lean
A	immutable_delivery	NumStabilityTest/Reorganization/R03/Consumer/NumStability_Algorithms_Underdetermined_Higham21Givens.lean
A	immutable_delivery	NumStabilityTest/Reorganization/R03/Consumer/NumStability_Algorithms_Underdetermined_Higham21GivensClosure.lean
A	immutable_delivery	NumStabilityTest/Reorganization/R03/Consumer/NumStability_Algorithms_Underdetermined_Higham21GivensRounded.lean
A	immutable_delivery	NumStabilityTest/Reorganization/R03/Consumer/NumStability_Algorithms_Underdetermined_Higham21MGS.lean
A	immutable_delivery	NumStabilityTest/Reorganization/R03/Consumer/NumStability_Algorithms_Underdetermined_Higham21MGSRounded.lean
A	immutable_delivery	NumStabilityTest/Reorganization/R03/Consumer/NumStability_Algorithms_Underdetermined_Higham21Perturbation.lean
A	immutable_delivery	NumStabilityTest/Reorganization/R03/Consumer/NumStability_Algorithms_Underdetermined_Higham21PerturbationRadius.lean
A	immutable_delivery	NumStabilityTest/Reorganization/R03/Consumer/NumStability_Algorithms_Underdetermined_Higham21ProjectorNorm.lean
A	immutable_delivery	NumStabilityTest/Reorganization/R03/Consumer/NumStability_Algorithms_Underdetermined_Higham21QRFoundations.lean
A	immutable_delivery	NumStabilityTest/Reorganization/R03/Consumer/NumStability_Algorithms_Underdetermined_Higham21RankStability.lean
A	immutable_delivery	NumStabilityTest/Reorganization/R03/Consumer/NumStability_Algorithms_Underdetermined_Higham21RowwiseMeasure.lean
A	immutable_delivery	NumStabilityTest/Reorganization/R03/Consumer/NumStability_Algorithms_Underdetermined_Higham21SNEActualOutput.lean
A	immutable_delivery	NumStabilityTest/Reorganization/R03/Consumer/NumStability_Algorithms_Underdetermined_Higham21SNEClosure.lean
A	immutable_delivery	NumStabilityTest/Reorganization/R03/Consumer/NumStability_Algorithms_Underdetermined_Higham21SNEConditionTransfer.lean
A	immutable_delivery	NumStabilityTest/Reorganization/R03/Consumer/NumStability_Algorithms_Underdetermined_Higham21SNEEnvelopeTransfer.lean
A	immutable_delivery	NumStabilityTest/Reorganization/R03/Consumer/NumStability_Algorithms_Underdetermined_Higham21SNEForward.lean
A	immutable_delivery	NumStabilityTest/Reorganization/R03/Consumer/NumStability_Algorithms_Underdetermined_Higham21SNEQRMajorant.lean
A	immutable_delivery	NumStabilityTest/Reorganization/R03/Consumer/NumStability_Algorithms_Underdetermined_Higham21SNERemainderBounds.lean
A	immutable_delivery	NumStabilityTest/Reorganization/R03/Consumer/NumStability_Algorithms_Underdetermined_Higham21SNESigned.lean
A	immutable_delivery	NumStabilityTest/Reorganization/R03/Consumer/NumStability_Algorithms_Underdetermined_Higham21SNEUniform.lean
A	immutable_delivery	NumStabilityTest/Reorganization/R03/Consumer/NumStability_Algorithms_Underdetermined_Higham21Theorem214SourceClosure.lean
A	immutable_delivery	NumStabilityTest/Reorganization/R03/Consumer/NumStability_Algorithms_Underdetermined_Higham21Theorem21_3Attainment.lean
A	immutable_delivery	NumStabilityTest/Reorganization/R03/Consumer/NumStability_Algorithms_Underdetermined_UnderdeterminedSolve.lean
A	immutable_delivery	NumStabilityTest/Reorganization/R03/Consumer/NumStability_Algorithms_Vandermonde_Higham22.lean
A	immutable_delivery	NumStabilityTest/Reorganization/R03/Consumer/NumStability_Algorithms_Vandermonde_Higham22Ch12RefinementBridge.lean
A	immutable_delivery	NumStabilityTest/Reorganization/R03/Consumer/NumStability_Algorithms_Vandermonde_Higham22ComplexConfluentRefinementBridge.lean
A	immutable_delivery	NumStabilityTest/Reorganization/R03/Consumer/NumStability_Algorithms_Vandermonde_Higham22MonomialClosure.lean
A	immutable_delivery	NumStabilityTest/Reorganization/R03/Consumer/NumStability_Algorithms_Vandermonde_Higham22Problem22_7.lean
A	immutable_delivery	NumStabilityTest/Reorganization/R03/Consumer/NumStability_All.lean
A	immutable_delivery	NumStabilityTest/Reorganization/R03/Consumer/NumStability_Analysis.lean
A	immutable_delivery	NumStabilityTest/Reorganization/R03/Consumer/NumStability_Analysis_Accumulation.lean
A	immutable_delivery	NumStabilityTest/Reorganization/R03/Consumer/NumStability_Analysis_BeneficialRounding.lean
A	immutable_delivery	NumStabilityTest/Reorganization/R03/Consumer/NumStability_Analysis_Ch17SemiconvergentBlockFormSourceClosure.lean
A	immutable_delivery	NumStabilityTest/Reorganization/R03/Consumer/NumStability_Analysis_Chopping.lean
A	immutable_delivery	NumStabilityTest/Reorganization/R03/Consumer/NumStability_Analysis_ComplexArithmetic.lean
A	immutable_delivery	NumStabilityTest/Reorganization/R03/Consumer/NumStability_Analysis_ConditionEstimatorLowerBound.lean
A	immutable_delivery	NumStabilityTest/Reorganization/R03/Consumer/NumStability_Analysis_Conditioning.lean
A	immutable_delivery	NumStabilityTest/Reorganization/R03/Consumer/NumStability_Analysis_Conditioning_LinearSystems_All.lean
A	immutable_delivery	NumStabilityTest/Reorganization/R03/Consumer/NumStability_Analysis_Conditioning_LinearSystems_InversePerturbation.lean
A	immutable_delivery	NumStabilityTest/Reorganization/R03/Consumer/NumStability_Analysis_Conditioning_LinearSystems_PerronFrobenius.lean
A	immutable_delivery	NumStabilityTest/Reorganization/R03/Consumer/NumStability_Analysis_Conditioning_LinearSystems_SubordinatePerturbation.lean
A	immutable_delivery	NumStabilityTest/Reorganization/R03/Consumer/NumStability_Analysis_Counting.lean
A	immutable_delivery	NumStabilityTest/Reorganization/R03/Consumer/NumStability_Analysis_CramersRule.lean
A	immutable_delivery	NumStabilityTest/Reorganization/R03/Consumer/NumStability_Analysis_DunfordResidue.lean
A	immutable_delivery	NumStabilityTest/Reorganization/R03/Consumer/NumStability_Analysis_Error.lean
A	immutable_delivery	NumStabilityTest/Reorganization/R03/Consumer/NumStability_Analysis_Error_MatrixProducts.lean
A	immutable_delivery	NumStabilityTest/Reorganization/R03/Consumer/NumStability_Analysis_Error_MatrixProducts_Contracts.lean
A	immutable_delivery	NumStabilityTest/Reorganization/R03/Consumer/NumStability_Analysis_Error_MatrixProducts_Contracts_MatrixInversion.lean
A	immutable_delivery	NumStabilityTest/Reorganization/R03/Consumer/NumStability_Analysis_Error_MatrixProducts_EvaluationTrees.lean
A	immutable_delivery	NumStabilityTest/Reorganization/R03/Consumer/NumStability_Analysis_Error_MatrixProducts_EvaluationTrees_ProductErrorNotation.lean
A	immutable_delivery	NumStabilityTest/Reorganization/R03/Consumer/NumStability_Analysis_Error_Measures_AccuracyPrecision.lean
A	immutable_delivery	NumStabilityTest/Reorganization/R03/Consumer/NumStability_Analysis_Error_Measures_All.lean
A	immutable_delivery	NumStabilityTest/Reorganization/R03/Consumer/NumStability_Analysis_Error_Measures_Componentwise.lean
A	immutable_delivery	NumStabilityTest/Reorganization/R03/Consumer/NumStability_Analysis_Error_Measures_ScalarDefinitions.lean
A	immutable_delivery	NumStabilityTest/Reorganization/R03/Consumer/NumStability_Analysis_Error_Measures_ScalarProperties.lean
A	immutable_delivery	NumStabilityTest/Reorganization/R03/Consumer/NumStability_Analysis_Error_Measures_ScalarWitnesses.lean
A	immutable_delivery	NumStabilityTest/Reorganization/R03/Consumer/NumStability_Analysis_Error_RoundingProducts_All.lean
A	immutable_delivery	NumStabilityTest/Reorganization/R03/Consumer/NumStability_Analysis_Error_RoundingProducts_Core.lean
A	immutable_delivery	NumStabilityTest/Reorganization/R03/Consumer/NumStability_Analysis_FirstOrder.lean
A	immutable_delivery	NumStabilityTest/Reorganization/R03/Consumer/NumStability_Analysis_FirstOrder_FixedPrecision.lean
A	immutable_delivery	NumStabilityTest/Reorganization/R03/Consumer/NumStability_Analysis_FirstOrder_MatrixFamilies.lean
A	immutable_delivery	NumStabilityTest/Reorganization/R03/Consumer/NumStability_Analysis_FirstOrder_MatrixFamilies_AsymptoticFamilies.lean
A	immutable_delivery	NumStabilityTest/Reorganization/R03/Consumer/NumStability_Analysis_FloatingPointArithmetic_DoubleRounding_All.lean
A	immutable_delivery	NumStabilityTest/Reorganization/R03/Consumer/NumStability_Analysis_FloatingPointArithmetic_DoubleRounding_FiniteNormalRange.lean
A	immutable_delivery	NumStabilityTest/Reorganization/R03/Consumer/NumStability_Analysis_FloatingPointArithmetic_DoubleRounding_ToyBinary.lean
A	immutable_delivery	NumStabilityTest/Reorganization/R03/Consumer/NumStability_Analysis_FloatingPointArithmetic_ErrorModels_Additive.lean
A	immutable_delivery	NumStabilityTest/Reorganization/R03/Consumer/NumStability_Analysis_FloatingPointArithmetic_ErrorModels_AdditiveProperties.lean
A	immutable_delivery	NumStabilityTest/Reorganization/R03/Consumer/NumStability_Analysis_FloatingPointArithmetic_ErrorModels_All.lean
A	immutable_delivery	NumStabilityTest/Reorganization/R03/Consumer/NumStability_Analysis_FloatingPointArithmetic_ErrorModels_NoGuardBasic.lean
A	immutable_delivery	NumStabilityTest/Reorganization/R03/Consumer/NumStability_Analysis_FloatingPointArithmetic_ErrorModels_NoGuardModel.lean
A	immutable_delivery	NumStabilityTest/Reorganization/R03/Consumer/NumStability_Analysis_FloatingPointArithmetic_ExactSubtraction.lean
A	immutable_delivery	NumStabilityTest/Reorganization/R03/Consumer/NumStability_Analysis_FloatingPointArithmetic_IeeeExceptions.lean
A	immutable_delivery	NumStabilityTest/Reorganization/R03/Consumer/NumStability_Analysis_FloatingPointArithmetic_IeeeOperations.lean
A	immutable_delivery	NumStabilityTest/Reorganization/R03/Consumer/NumStability_Analysis_FloatingPointArithmetic_MidpointRounding_All.lean
A	immutable_delivery	NumStabilityTest/Reorganization/R03/Consumer/NumStability_Analysis_FloatingPointArithmetic_MidpointRounding_DecimalTieExamples.lean
A	immutable_delivery	NumStabilityTest/Reorganization/R03/Consumer/NumStability_Analysis_FloatingPointArithmetic_NearestRoundingError.lean
A	immutable_delivery	NumStabilityTest/Reorganization/R03/Consumer/NumStability_Analysis_FloatingPointArithmetic_RoundToEvenLocalError.lean
A	immutable_delivery	NumStabilityTest/Reorganization/R03/Consumer/NumStability_Analysis_FloatingPointArithmetic_Rounding.lean
A	immutable_delivery	NumStabilityTest/Reorganization/R03/Consumer/NumStability_Analysis_FloatingPointArithmetic_StandardModel.lean
A	immutable_delivery	NumStabilityTest/Reorganization/R03/Consumer/NumStability_Analysis_FloatingPointArithmetic_TrigonometricCancellation_All.lean
A	immutable_delivery	NumStabilityTest/Reorganization/R03/Consumer/NumStability_Analysis_FloatingPointArithmetic_TrigonometricCancellation_Core.lean
A	immutable_delivery	NumStabilityTest/Reorganization/R03/Consumer/NumStability_Analysis_ForwardError.lean
A	immutable_delivery	NumStabilityTest/Reorganization/R03/Consumer/NumStability_Analysis_FusedMultiplyAdd.lean
A	immutable_delivery	NumStabilityTest/Reorganization/R03/Consumer/NumStability_Analysis_Heron.lean
A	immutable_delivery	NumStabilityTest/Reorganization/R03/Consumer/NumStability_Analysis_HighamChapter2GradualUnderflowExact.lean
A	immutable_delivery	NumStabilityTest/Reorganization/R03/Consumer/NumStability_Analysis_HighamChapter2Tablemaker.lean
A	immutable_delivery	NumStabilityTest/Reorganization/R03/Consumer/NumStability_Analysis_LinearOperators.lean
A	immutable_delivery	NumStabilityTest/Reorganization/R03/Consumer/NumStability_Analysis_LinearOperators_MatrixPowers.lean
A	immutable_delivery	NumStabilityTest/Reorganization/R03/Consumer/NumStability_Analysis_LinearOperators_MatrixPowers_ExactNormBounds.lean
A	immutable_delivery	NumStabilityTest/Reorganization/R03/Consumer/NumStability_Analysis_LinearOperators_MatrixPowers_ExactNormBounds_All.lean
A	immutable_delivery	NumStabilityTest/Reorganization/R03/Consumer/NumStability_Analysis_LinearOperators_MatrixPowers_ExactNormBounds_Complex.lean
A	immutable_delivery	NumStabilityTest/Reorganization/R03/Consumer/NumStability_Analysis_LinearOperators_MatrixPowers_ExactNormBounds_Real.lean
A	immutable_delivery	NumStabilityTest/Reorganization/R03/Consumer/NumStability_Analysis_LinearOperators_MatrixPowers_Gautschi.lean
A	immutable_delivery	NumStabilityTest/Reorganization/R03/Consumer/NumStability_Analysis_LinearOperators_MatrixPowers_Gautschi_All.lean
A	immutable_delivery	NumStabilityTest/Reorganization/R03/Consumer/NumStability_Analysis_LinearOperators_MatrixPowers_Gautschi_Bounds.lean
A	immutable_delivery	NumStabilityTest/Reorganization/R03/Consumer/NumStability_Analysis_LinearOperators_MatrixPowers_JordanScaling.lean
A	immutable_delivery	NumStabilityTest/Reorganization/R03/Consumer/NumStability_Analysis_LinearOperators_MatrixPowers_JordanScaling_All.lean
A	immutable_delivery	NumStabilityTest/Reorganization/R03/Consumer/NumStability_Analysis_LinearOperators_MatrixPowers_JordanScaling_Complex.lean
A	immutable_delivery	NumStabilityTest/Reorganization/R03/Consumer/NumStability_Analysis_LinearOperators_MatrixPowers_JordanScaling_RealDiagonal.lean
A	immutable_delivery	NumStabilityTest/Reorganization/R03/Consumer/NumStability_Analysis_LinearOperators_MatrixPowers_JordanScaling_RealJordan.lean
A	immutable_delivery	NumStabilityTest/Reorganization/R03/Consumer/NumStability_Analysis_LinearOperators_MatrixPowers_LpBounds.lean
A	immutable_delivery	NumStabilityTest/Reorganization/R03/Consumer/NumStability_Analysis_LinearOperators_MatrixPowers_LpBounds_All.lean
A	immutable_delivery	NumStabilityTest/Reorganization/R03/Consumer/NumStability_Analysis_LinearOperators_MatrixPowers_LpBounds_ComplexDiagonal.lean
A	immutable_delivery	NumStabilityTest/Reorganization/R03/Consumer/NumStability_Analysis_LinearOperators_MatrixPowers_LpBounds_ComplexJordan.lean
A	immutable_delivery	NumStabilityTest/Reorganization/R03/Consumer/NumStability_Analysis_LinearOperators_MatrixPowers_Semiconvergence_All.lean
A	immutable_delivery	NumStabilityTest/Reorganization/R03/Consumer/NumStability_Analysis_LinearOperators_MatrixPowers_Semiconvergence_Limits_General.lean
A	immutable_delivery	NumStabilityTest/Reorganization/R03/Consumer/NumStability_Analysis_LinearOperators_MatrixPowers_Semiconvergence_Limits_RealSpectrum.lean
A	immutable_delivery	NumStabilityTest/Reorganization/R03/Consumer/NumStability_Analysis_LinearOperators_MatrixPowers_Semiconvergence_PrimarySplitting.lean
A	immutable_delivery	NumStabilityTest/Reorganization/R03/Consumer/NumStability_Analysis_LinearOperators_MatrixPowers_Semiconvergence_QuasiTriangularBlockForm.lean
A	immutable_delivery	NumStabilityTest/Reorganization/R03/Consumer/NumStability_Analysis_LinearOperators_MatrixPowers_Semiconvergence_TriangularBlockForm.lean
A	immutable_delivery	NumStabilityTest/Reorganization/R03/Consumer/NumStability_Analysis_MatrixNorms.lean
A	immutable_delivery	NumStabilityTest/Reorganization/R03/Consumer/NumStability_Analysis_MatrixNorms_EntrywiseAbsolute.lean
A	immutable_delivery	NumStabilityTest/Reorganization/R03/Consumer/NumStability_Analysis_MatrixNorms_EntrywiseAbsolute_Basic.lean
A	immutable_delivery	NumStabilityTest/Reorganization/R03/Consumer/NumStability_Analysis_MatrixNorms_SpectralExtrema.lean
A	immutable_delivery	NumStabilityTest/Reorganization/R03/Consumer/NumStability_Analysis_MatrixNorms_SpectralExtrema_Basic.lean
A	immutable_delivery	NumStabilityTest/Reorganization/R03/Consumer/NumStability_Analysis_MatrixPowersBaiDemmelGu.lean
A	immutable_delivery	NumStabilityTest/Reorganization/R03/Consumer/NumStability_Analysis_MatrixPowersBaiDemmelGuDistance.lean
A	immutable_delivery	NumStabilityTest/Reorganization/R03/Consumer/NumStability_Analysis_MatrixPowersGautschi.lean
A	immutable_delivery	NumStabilityTest/Reorganization/R03/Consumer/NumStability_Analysis_MatrixPowersKreiss.lean
A	immutable_delivery	NumStabilityTest/Reorganization/R03/Consumer/NumStability_Analysis_MatrixPowersKreissSpijker.lean
A	immutable_delivery	NumStabilityTest/Reorganization/R03/Consumer/NumStability_Analysis_MatrixPowersLp185Primary.lean
A	immutable_delivery	NumStabilityTest/Reorganization/R03/Consumer/NumStability_Analysis_MatrixPowersSpijkerClosure.lean
A	immutable_delivery	NumStabilityTest/Reorganization/R03/Consumer/NumStability_Analysis_MatrixPowersSpijkerPlanar.lean
A	immutable_delivery	NumStabilityTest/Reorganization/R03/Consumer/NumStability_Analysis_MatrixPowersSpijkerPlanarAnalysis.lean
A	immutable_delivery	NumStabilityTest/Reorganization/R03/Consumer/NumStability_Analysis_MatrixPowersSpijkerRational.lean
A	immutable_delivery	NumStabilityTest/Reorganization/R03/Consumer/NumStability_Analysis_Midpoint.lean
A	immutable_delivery	NumStabilityTest/Reorganization/R03/Consumer/NumStability_Analysis_Monotonicity.lean
A	immutable_delivery	NumStabilityTest/Reorganization/R03/Consumer/NumStability_Analysis_Nonassociativity.lean
A	immutable_delivery	NumStabilityTest/Reorganization/R03/Consumer/NumStability_Analysis_NonrandomRounding.lean
A	immutable_delivery	NumStabilityTest/Reorganization/R03/Consumer/NumStability_Analysis_NonrandomRounding_Conclusions.lean
A	immutable_delivery	NumStabilityTest/Reorganization/R03/Consumer/NumStability_Analysis_NonrandomRounding_Core.lean
A	immutable_delivery	NumStabilityTest/Reorganization/R03/Consumer/NumStability_Analysis_NonrandomRounding_GridVariation.lean
A	immutable_delivery	NumStabilityTest/Reorganization/R03/Consumer/NumStability_Analysis_NonrandomRounding_SourceInterval.lean
A	immutable_delivery	NumStabilityTest/Reorganization/R03/Consumer/NumStability_Analysis_NonrandomRounding_StoredGrid.lean
A	immutable_delivery	NumStabilityTest/Reorganization/R03/Consumer/NumStability_Analysis_Norms.lean
A	immutable_delivery	NumStabilityTest/Reorganization/R03/Consumer/NumStability_Analysis_Norms_Core.lean
A	immutable_delivery	NumStabilityTest/Reorganization/R03/Consumer/NumStability_Analysis_Perturbation.lean
A	immutable_delivery	NumStabilityTest/Reorganization/R03/Consumer/NumStability_Analysis_PerturbationTheory.lean
A	immutable_delivery	NumStabilityTest/Reorganization/R03/Consumer/NumStability_Analysis_Perturbation_LeastSquares.lean
A	immutable_delivery	NumStabilityTest/Reorganization/R03/Consumer/NumStability_Analysis_Perturbation_LeastSquares_AugmentedSystem.lean
A	immutable_delivery	NumStabilityTest/Reorganization/R03/Consumer/NumStability_Analysis_Perturbation_LeastSquares_BackwardError.lean
A	immutable_delivery	NumStabilityTest/Reorganization/R03/Consumer/NumStability_Analysis_Perturbation_LeastSquares_Basic.lean
A	immutable_delivery	NumStabilityTest/Reorganization/R03/Consumer/NumStability_Analysis_Perturbation_LeastSquares_Conditioning.lean
A	immutable_delivery	NumStabilityTest/Reorganization/R03/Consumer/NumStability_Analysis_Perturbation_LeastSquares_Equality_KKTInverse.lean
A	immutable_delivery	NumStabilityTest/Reorganization/R03/Consumer/NumStability_Analysis_Perturbation_LeastSquares_Equality_MixedStability.lean
A	immutable_delivery	NumStabilityTest/Reorganization/R03/Consumer/NumStability_Analysis_Perturbation_LeastSquares_Equality_Perturbation.lean
A	immutable_delivery	NumStabilityTest/Reorganization/R03/Consumer/NumStability_Analysis_Perturbation_LeastSquares_Equality_RowwiseBackwardError.lean
A	immutable_delivery	NumStabilityTest/Reorganization/R03/Consumer/NumStability_Analysis_Perturbation_LeastSquares_GramBasis.lean
A	immutable_delivery	NumStabilityTest/Reorganization/R03/Consumer/NumStability_Analysis_Perturbation_LeastSquares_MinimumNorm.lean
A	immutable_delivery	NumStabilityTest/Reorganization/R03/Consumer/NumStability_Analysis_Perturbation_LeastSquares_NormalEquations.lean
A	immutable_delivery	NumStabilityTest/Reorganization/R03/Consumer/NumStability_Analysis_Perturbation_LeastSquares_Normwise.lean
A	immutable_delivery	NumStabilityTest/Reorganization/R03/Consumer/NumStability_Analysis_Perturbation_LeastSquares_ResidualQuality.lean
A	immutable_delivery	NumStabilityTest/Reorganization/R03/Consumer/NumStability_Analysis_Perturbation_LeastSquares_WeightedLimit.lean
A	immutable_delivery	NumStabilityTest/Reorganization/R03/Consumer/NumStability_Analysis_Problem2_15_16.lean
A	immutable_delivery	NumStabilityTest/Reorganization/R03/Consumer/NumStability_Analysis_Problem2_18.lean
A	immutable_delivery	NumStabilityTest/Reorganization/R03/Consumer/NumStability_Analysis_Problem2_19.lean
A	immutable_delivery	NumStabilityTest/Reorganization/R03/Consumer/NumStability_Analysis_Problem2_2.lean
A	immutable_delivery	NumStabilityTest/Reorganization/R03/Consumer/NumStability_Analysis_Problem2_21.lean
A	immutable_delivery	NumStabilityTest/Reorganization/R03/Consumer/NumStability_Analysis_Problem2_22.lean
A	immutable_delivery	NumStabilityTest/Reorganization/R03/Consumer/NumStability_Analysis_Problem2_23.lean
A	immutable_delivery	NumStabilityTest/Reorganization/R03/Consumer/NumStability_Analysis_Problem2_25.lean
A	immutable_delivery	NumStabilityTest/Reorganization/R03/Consumer/NumStability_Analysis_Problem2_26.lean
A	immutable_delivery	NumStabilityTest/Reorganization/R03/Consumer/NumStability_Analysis_Problem2_4.lean
A	immutable_delivery	NumStabilityTest/Reorganization/R03/Consumer/NumStability_Analysis_Problem2_5.lean
A	immutable_delivery	NumStabilityTest/Reorganization/R03/Consumer/NumStability_Analysis_Problem2_6.lean
A	immutable_delivery	NumStabilityTest/Reorganization/R03/Consumer/NumStability_Analysis_Problem2_7.lean
A	immutable_delivery	NumStabilityTest/Reorganization/R03/Consumer/NumStability_Analysis_ProblemDependentStability.lean
A	immutable_delivery	NumStabilityTest/Reorganization/R03/Consumer/NumStability_Analysis_ProblemDependentStability_All.lean
A	immutable_delivery	NumStabilityTest/Reorganization/R03/Consumer/NumStability_Analysis_ProblemDependentStability_HessenbergDeterminant.lean
A	immutable_delivery	NumStabilityTest/Reorganization/R03/Consumer/NumStability_Analysis_PseudospectralLowerBound.lean
A	immutable_delivery	NumStabilityTest/Reorganization/R03/Consumer/NumStability_Analysis_PseudospectralPowerBound.lean
A	immutable_delivery	NumStabilityTest/Reorganization/R03/Consumer/NumStability_Analysis_PseudospectralResolvent.lean
A	immutable_delivery	NumStabilityTest/Reorganization/R03/Consumer/NumStability_Analysis_Quadratic.lean
A	immutable_delivery	NumStabilityTest/Reorganization/R03/Consumer/NumStability_Analysis_ResolventFunctionalCalculus.lean
A	immutable_delivery	NumStabilityTest/Reorganization/R03/Consumer/NumStability_Analysis_Rounding.lean
A	immutable_delivery	NumStabilityTest/Reorganization/R03/Consumer/NumStability_Analysis_RoundingProductBounds.lean
A	immutable_delivery	NumStabilityTest/Reorganization/R03/Consumer/NumStability_Analysis_SemiconvergentBlockFormExists.lean
A	immutable_delivery	NumStabilityTest/Reorganization/R03/Consumer/NumStability_Analysis_SemiconvergentExistenceComplete.lean
A	immutable_delivery	NumStabilityTest/Reorganization/R03/Consumer/NumStability_Analysis_SemiconvergentExistenceFull.lean
A	immutable_delivery	NumStabilityTest/Reorganization/R03/Consumer/NumStability_Analysis_SemiconvergentExistenceGaps.lean
A	immutable_delivery	NumStabilityTest/Reorganization/R03/Consumer/NumStability_Analysis_SemiconvergentLimitGeneral.lean
A	immutable_delivery	NumStabilityTest/Reorganization/R03/Consumer/NumStability_Analysis_SemiconvergentRealSpectrumComplete.lean
A	immutable_delivery	NumStabilityTest/Reorganization/R03/Consumer/NumStability_Analysis_Stability.lean
A	immutable_delivery	NumStabilityTest/Reorganization/R03/Consumer/NumStability_Analysis_Statistics_SampleVariance_All.lean
A	immutable_delivery	NumStabilityTest/Reorganization/R03/Consumer/NumStability_Analysis_Statistics_SampleVariance_Core.lean
A	immutable_delivery	NumStabilityTest/Reorganization/R03/Consumer/NumStability_Analysis_Statistics_SampleVariance_TwoPass.lean
A	immutable_delivery	NumStabilityTest/Reorganization/R03/Consumer/NumStability_Analysis_Statistics_SampleVariance_Updating.lean
A	immutable_delivery	NumStabilityTest/Reorganization/R03/Consumer/NumStability_Analysis_SubtractionFold.lean
A	immutable_delivery	NumStabilityTest/Reorganization/R03/Consumer/NumStability_Analysis_Summation.lean
A	immutable_delivery	NumStabilityTest/Reorganization/R03/Consumer/NumStability_Analysis_Summation_ErrorBounds.lean
A	immutable_delivery	NumStabilityTest/Reorganization/R03/Consumer/NumStability_Analysis_TestMatrices_Cauchy_Cauchy.lean
A	immutable_delivery	NumStabilityTest/Reorganization/R03/Consumer/NumStability_Analysis_TestMatrices_Cauchy_Contracts.lean
A	immutable_delivery	NumStabilityTest/Reorganization/R03/Consumer/NumStability_Analysis_TestMatrices_Companion_Companion.lean
A	immutable_delivery	NumStabilityTest/Reorganization/R03/Consumer/NumStability_Analysis_TestMatrices_Companion_CompanionSpectral.lean
A	immutable_delivery	NumStabilityTest/Reorganization/R03/Consumer/NumStability_Analysis_TestMatrices_Companion_Contracts.lean
A	immutable_delivery	NumStabilityTest/Reorganization/R03/Consumer/NumStability_Analysis_TestMatrices_Orthogonal_OrthogonalFibers.lean
A	immutable_delivery	NumStabilityTest/Reorganization/R03/Consumer/NumStability_Analysis_TestMatrices_Pascal_Contracts.lean
A	immutable_delivery	NumStabilityTest/Reorganization/R03/Consumer/NumStability_Analysis_TestMatrices_Pascal_PascalDualFlag.lean
A	immutable_delivery	NumStabilityTest/Reorganization/R03/Consumer/NumStability_Analysis_TestMatrices_Pascal_PascalOscillation.lean
A	immutable_delivery	NumStabilityTest/Reorganization/R03/Consumer/NumStability_Analysis_TestMatrices_Pascal_PascalOscillationCore.lean
A	immutable_delivery	NumStabilityTest/Reorganization/R03/Consumer/NumStability_Analysis_TestMatrices_Pascal_PascalSpectral.lean
A	immutable_delivery	NumStabilityTest/Reorganization/R03/Consumer/NumStability_Analysis_TestMatrices_Pascal_PascalTotalPositivity.lean
A	immutable_delivery	NumStabilityTest/Reorganization/R03/Consumer/NumStability_Analysis_TestMatrices_RandomSVD_Stewart.lean
A	immutable_delivery	NumStabilityTest/Reorganization/R03/Consumer/NumStability_Analysis_TestMatrices_RandomSVD_StewartHaar.lean
A	immutable_delivery	NumStabilityTest/Reorganization/R03/Consumer/NumStability_Analysis_TestMatrices_RandomSVD_StewartRecursion.lean
A	immutable_delivery	NumStabilityTest/Reorganization/R03/Consumer/NumStability_Analysis_TestMatrices_RealGinibre_GinibreRoots.lean
A	immutable_delivery	NumStabilityTest/Reorganization/R03/Consumer/NumStability_Analysis_TestMatrices_Toeplitz_Contracts.lean
A	immutable_delivery	NumStabilityTest/Reorganization/R03/Consumer/NumStability_Analysis_TieRules.lean
A	immutable_delivery	NumStabilityTest/Reorganization/R03/Consumer/NumStability_Analysis_TrigCancellation.lean
A	immutable_delivery	NumStabilityTest/Reorganization/R03/Consumer/NumStability_Core.lean
A	immutable_delivery	NumStabilityTest/Reorganization/R03/Consumer/NumStability_FloatingPoint.lean
A	immutable_delivery	NumStabilityTest/Reorganization/R03/Consumer/NumStability_FloatingPoint_FusedMultiplyAdd_All.lean
A	immutable_delivery	NumStabilityTest/Reorganization/R03/Consumer/NumStability_FloatingPoint_FusedMultiplyAdd_Core.lean
A	immutable_delivery	NumStabilityTest/Reorganization/R03/Consumer/NumStability_FloatingPoint_FusedMultiplyAdd_DotProductCounts.lean
A	immutable_delivery	NumStabilityTest/Reorganization/R03/Consumer/NumStability_FloatingPoint_OperationLaws.lean
A	immutable_delivery	NumStabilityTest/Reorganization/R03/Consumer/NumStability_Higham.lean
A	immutable_delivery	NumStabilityTest/Reorganization/R03/Consumer/NumStability_Higham_Chapter02_Problem04.lean
A	immutable_delivery	NumStabilityTest/Reorganization/R03/Consumer/NumStability_Higham_Chapter02_Problem07.lean
A	immutable_delivery	NumStabilityTest/Reorganization/R03/Consumer/NumStability_Higham_Chapter02_Problem22.lean
A	immutable_delivery	NumStabilityTest/Reorganization/R03/Consumer/NumStability_Higham_Chapter08_Lemma8_8Discrepancy.lean
A	immutable_delivery	NumStabilityTest/Reorganization/R03/Consumer/NumStability_Higham_Chapter10_Theorem10_7.lean
A	immutable_delivery	NumStabilityTest/Reorganization/R03/Consumer/NumStability_Higham_Chapter11_Theorem11_7Capstone.lean
A	immutable_delivery	NumStabilityTest/Reorganization/R03/Consumer/NumStability_Higham_Chapter13_Table13_1.lean
A	immutable_delivery	NumStabilityTest/Reorganization/R03/Consumer/NumStability_Higham_Chapter14_Discrepancies.lean
A	immutable_delivery	NumStabilityTest/Reorganization/R03/Consumer/NumStability_Higham_Chapter20_SourceAliases.lean
A	immutable_delivery	NumStabilityTest/Reorganization/R03/Consumer/NumStability_Higham_CrossChapter_Chapter02To03NoGuardDot.lean
A	immutable_delivery	NumStabilityTest/Reorganization/R03/Consumer/NumStability_Higham_CrossChapter_Chapter07To15PracticalBound.lean
A	immutable_delivery	NumStabilityTest/Reorganization/R03/Consumer/NumStability_Higham_CrossChapter_Chapter09To12GenericSolver.lean
A	immutable_delivery	NumStabilityTest/Reorganization/R03/Consumer/NumStability_Higham_CrossChapter_Chapter09To12Solver.lean
A	immutable_delivery	NumStabilityTest/Reorganization/R03/Consumer/NumStability_Source.lean
A	immutable_delivery	NumStabilityTest/Reorganization/R03/Consumer/NumStability_Source_DrineasMahoney_RandNLA2016_Algorithm01_ElementwiseSampling_HitCountConcentration.lean
A	immutable_delivery	NumStabilityTest/Reorganization/R03/Consumer/NumStability_Source_DrineasMahoney_RandNLA2016_Algorithm01_ElementwiseSampling_Sampling.lean
A	immutable_delivery	NumStabilityTest/Reorganization/R03/Consumer/NumStability_Source_DrineasMahoney_RandNLA2016_Algorithm01_ElementwiseSampling_TraceMGF.lean
A	immutable_delivery	NumStabilityTest/Reorganization/R03/Consumer/NumStability_Source_DrineasMahoney_RandNLA2016_Algorithm02_RowSampling_Endpoints.lean
A	immutable_delivery	NumStabilityTest/Reorganization/R03/Consumer/NumStability_Source_DrineasMahoney_RandNLA2016_Algorithm03_RandomProjectionPreconditioning_FloatingPoint.lean
A	immutable_delivery	NumStabilityTest/Reorganization/R03/Consumer/NumStability_Source_DrineasMahoney_RandNLA2016_Algorithm03_RandomProjectionPreconditioning_Preconditioning.lean
A	immutable_delivery	NumStabilityTest/Reorganization/R03/Consumer/NumStability_Source_DrineasMahoney_RandNLA2016_Algorithm03_RandomProjectionPreconditioning_UniformRowComposition.lean
A	immutable_delivery	NumStabilityTest/Reorganization/R03/Consumer/NumStability_Source_DrineasMahoney_RandNLA2016_Algorithm03_RandomProjectionPreconditioning_UniformRows.lean
A	immutable_delivery	NumStabilityTest/Reorganization/R03/Consumer/NumStability_Source_DrineasMahoney_RandNLA2016_Equation02_SpectralApproximation_ElementwiseSpectral.lean
A	immutable_delivery	NumStabilityTest/Reorganization/R03/Consumer/NumStability_Source_DrineasMahoney_RandNLA2016_Equation04_RowSamplingProbability_Normalization.lean
A	immutable_delivery	NumStabilityTest/Reorganization/R03/Consumer/NumStability_Source_DrineasMahoney_RandNLA2016_Equation05_GramApproximation_Bounds.lean
A	immutable_delivery	NumStabilityTest/Reorganization/R03/Consumer/NumStability_Source_DrineasMahoney_RandNLA2016_Equation06_LeverageProbability_Normalization.lean
A	immutable_delivery	NumStabilityTest/Reorganization/R03/Consumer/NumStability_Source_DrineasMahoney_RandNLA2016_Equation07_SubspaceEmbedding_ComputedBasis.lean
A	immutable_delivery	NumStabilityTest/Reorganization/R03/Consumer/NumStability_Source_DrineasMahoney_RandNLA2016_Equation07_SubspaceEmbedding_Leverage.lean
A	immutable_delivery	NumStabilityTest/Reorganization/R03/Consumer/NumStability_Source_DrineasMahoney_RandNLA2016_Equation07_SubspaceEmbedding_LeverageTraceMGF.lean
A	immutable_delivery	NumStabilityTest/Reorganization/R03/Consumer/NumStability_Source_DrineasMahoney_RandNLA2016_Equation07_SubspaceEmbedding_RowNormTraceMGF.lean
A	immutable_delivery	NumStabilityTest/Reorganization/R03/Consumer/NumStability_Source_DrineasMahoney_RandNLA2016_Equation08_LeastSquaresSketch_Endpoints.lean
A	immutable_delivery	NumStabilityTest/Reorganization/R03/Consumer/NumStability_Source_DrineasMahoney_RandNLA2016_Equation09_LowRankApproximation_Endpoints.lean
A	immutable_delivery	NumStabilityTest/Reorganization/R03/Consumer/NumStability_Source_Higham.lean
A	immutable_delivery	NumStabilityTest/Reorganization/R03/Consumer/NumStability_Source_Higham_Chapter01.lean
A	immutable_delivery	NumStabilityTest/Reorganization/R03/Consumer/NumStability_Source_Higham_Chapter01_FloatingPointArithmetic_CancellationOfRoundingErrors.lean
A	immutable_delivery	NumStabilityTest/Reorganization/R03/Consumer/NumStability_Source_Higham_Chapter01_FloatingPointArithmetic_IncreasingPrecision.lean
A	immutable_delivery	NumStabilityTest/Reorganization/R03/Consumer/NumStability_Source_Higham_Chapter01_FloatingPointArithmetic_InstabilityWithoutCancellation.lean
A	immutable_delivery	NumStabilityTest/Reorganization/R03/Consumer/NumStability_Source_Higham_Chapter01_Problem01_RelativeError_All.lean
A	immutable_delivery	NumStabilityTest/Reorganization/R03/Consumer/NumStability_Source_Higham_Chapter01_Problem01_RelativeError_Bounds.lean
A	immutable_delivery	NumStabilityTest/Reorganization/R03/Consumer/NumStability_Source_Higham_Chapter01_Problem03_CancellationRewrites_Algebra.lean
A	immutable_delivery	NumStabilityTest/Reorganization/R03/Consumer/NumStability_Source_Higham_Chapter01_Problem03_CancellationRewrites_All.lean
A	immutable_delivery	NumStabilityTest/Reorganization/R03/Consumer/NumStability_Source_Higham_Chapter01_Problem05_CompensatedLogarithm_Basic.lean
A	immutable_delivery	NumStabilityTest/Reorganization/R03/Consumer/NumStability_Source_Higham_Chapter01_Problem07_SampleVarianceConditioning_All.lean
A	immutable_delivery	NumStabilityTest/Reorganization/R03/Consumer/NumStability_Source_Higham_Chapter01_Problem07_SampleVarianceConditioning_ConditionNumbers.lean
A	immutable_delivery	NumStabilityTest/Reorganization/R03/Consumer/NumStability_Source_Higham_Chapter01_Problem09_CramersRule_All.lean
A	immutable_delivery	NumStabilityTest/Reorganization/R03/Consumer/NumStability_Source_Higham_Chapter01_Problem09_CramersRule_ForwardError.lean
A	immutable_delivery	NumStabilityTest/Reorganization/R03/Consumer/NumStability_Source_Higham_Chapter01_Problem10_TwoPassSampleVariance_All.lean
A	immutable_delivery	NumStabilityTest/Reorganization/R03/Consumer/NumStability_Source_Higham_Chapter01_Problem10_TwoPassSampleVariance_Bounds.lean
A	immutable_delivery	NumStabilityTest/Reorganization/R03/Consumer/NumStability_Source_Higham_Chapter01_Section02_ErrorMeasures_All.lean
A	immutable_delivery	NumStabilityTest/Reorganization/R03/Consumer/NumStability_Source_Higham_Chapter01_Section03_ErrorSources_All.lean
A	immutable_delivery	NumStabilityTest/Reorganization/R03/Consumer/NumStability_Source_Higham_Chapter01_Section03_ErrorSources_Core.lean
A	immutable_delivery	NumStabilityTest/Reorganization/R03/Consumer/NumStability_Source_Higham_Chapter01_Section04_AccuracyAndPrecision_All.lean
A	immutable_delivery	NumStabilityTest/Reorganization/R03/Consumer/NumStability_Source_Higham_Chapter01_Section07_Cancellation_All.lean
A	immutable_delivery	NumStabilityTest/Reorganization/R03/Consumer/NumStability_Source_Higham_Chapter01_Section07_Cancellation_Basic.lean
A	immutable_delivery	NumStabilityTest/Reorganization/R03/Consumer/NumStability_Source_Higham_Chapter01_Section07_TrigonometricCancellation_All.lean
A	immutable_delivery	NumStabilityTest/Reorganization/R03/Consumer/NumStability_Source_Higham_Chapter01_Section07_TrigonometricCancellation_Example.lean
A	immutable_delivery	NumStabilityTest/Reorganization/R03/Consumer/NumStability_Source_Higham_Chapter01_Section09_SampleVariance_All.lean
A	immutable_delivery	NumStabilityTest/Reorganization/R03/Consumer/NumStability_Source_Higham_Chapter01_Section09_SampleVariance_Examples.lean
A	immutable_delivery	NumStabilityTest/Reorganization/R03/Consumer/NumStability_Source_Higham_Chapter01_Section10_CramersRule_All.lean
A	immutable_delivery	NumStabilityTest/Reorganization/R03/Consumer/NumStability_Source_Higham_Chapter01_Section10_CramersRule_PrintedComparison.lean
A	immutable_delivery	NumStabilityTest/Reorganization/R03/Consumer/NumStability_Source_Higham_Chapter01_Section11_Accumulation_Basic.lean
A	immutable_delivery	NumStabilityTest/Reorganization/R03/Consumer/NumStability_Source_Higham_Chapter01_Section16_ProblemDependentStability_All.lean
A	immutable_delivery	NumStabilityTest/Reorganization/R03/Consumer/NumStability_Source_Higham_Chapter01_Section16_ProblemDependentStability_ExactExample.lean
A	immutable_delivery	NumStabilityTest/Reorganization/R03/Consumer/NumStability_Source_Higham_Chapter01_Section16_ProblemDependentStability_Table13IeeeSingle.lean
A	immutable_delivery	NumStabilityTest/Reorganization/R03/Consumer/NumStability_Source_Higham_Chapter01_Section17.lean
A	immutable_delivery	NumStabilityTest/Reorganization/R03/Consumer/NumStability_Source_Higham_Chapter01_Section17_ErrorSpread.lean
A	immutable_delivery	NumStabilityTest/Reorganization/R03/Consumer/NumStability_Source_Higham_Chapter01_Section17_GridVariation.lean
A	immutable_delivery	NumStabilityTest/Reorganization/R03/Consumer/NumStability_Source_Higham_Chapter01_Section17_HornerEvaluation.lean
A	immutable_delivery	NumStabilityTest/Reorganization/R03/Consumer/NumStability_Source_Higham_Chapter01_Section17_SourceInterval.lean
A	immutable_delivery	NumStabilityTest/Reorganization/R03/Consumer/NumStability_Source_Higham_Chapter01_Section17_StoredGrid.lean
A	immutable_delivery	NumStabilityTest/Reorganization/R03/Consumer/NumStability_Source_Higham_Chapter02.lean
A	immutable_delivery	NumStabilityTest/Reorganization/R03/Consumer/NumStability_Source_Higham_Chapter02_Equation06_NoGuardModel_All.lean
A	immutable_delivery	NumStabilityTest/Reorganization/R03/Consumer/NumStability_Source_Higham_Chapter02_Equation08_AdditiveError_All.lean
A	immutable_delivery	NumStabilityTest/Reorganization/R03/Consumer/NumStability_Source_Higham_Chapter02_FloatingPointArithmetic_AdditiveUnderflowModel.lean
A	immutable_delivery	NumStabilityTest/Reorganization/R03/Consumer/NumStability_Source_Higham_Chapter02_FloatingPointArithmetic_ExactSubtraction.lean
A	immutable_delivery	NumStabilityTest/Reorganization/R03/Consumer/NumStability_Source_Higham_Chapter02_FloatingPointArithmetic_StandardModel.lean
A	immutable_delivery	NumStabilityTest/Reorganization/R03/Consumer/NumStability_Source_Higham_Chapter02_Problem01_FloatingPointCounts_Basic.lean
A	immutable_delivery	NumStabilityTest/Reorganization/R03/Consumer/NumStability_Source_Higham_Chapter02_Problem02.lean
A	immutable_delivery	NumStabilityTest/Reorganization/R03/Consumer/NumStability_Source_Higham_Chapter02_Problem03_AdjacentPrecisionValues_Basic.lean
A	immutable_delivery	NumStabilityTest/Reorganization/R03/Consumer/NumStability_Source_Higham_Chapter02_Problem04.lean
A	immutable_delivery	NumStabilityTest/Reorganization/R03/Consumer/NumStability_Source_Higham_Chapter02_Problem05_BinaryOneTenth_Basic.lean
A	immutable_delivery	NumStabilityTest/Reorganization/R03/Consumer/NumStability_Source_Higham_Chapter02_Problem06_IntegerRepresentability_Basic.lean
A	immutable_delivery	NumStabilityTest/Reorganization/R03/Consumer/NumStability_Source_Higham_Chapter02_Problem07.lean
A	immutable_delivery	NumStabilityTest/Reorganization/R03/Consumer/NumStability_Source_Higham_Chapter02_Problem08_MidpointRounding_All.lean
A	immutable_delivery	NumStabilityTest/Reorganization/R03/Consumer/NumStability_Source_Higham_Chapter02_Problem08_MidpointRounding_Counterexample.lean
A	immutable_delivery	NumStabilityTest/Reorganization/R03/Consumer/NumStability_Source_Higham_Chapter02_Problem09_DoubleRounding_All.lean
A	immutable_delivery	NumStabilityTest/Reorganization/R03/Consumer/NumStability_Source_Higham_Chapter02_Problem09_DoubleRounding_Counterexample.lean
A	immutable_delivery	NumStabilityTest/Reorganization/R03/Consumer/NumStability_Source_Higham_Chapter02_Problem10_DivisionRoundTrip_Basic.lean
A	immutable_delivery	NumStabilityTest/Reorganization/R03/Consumer/NumStability_Source_Higham_Chapter02_Problem12_ReciprocalProduct_Basic.lean
A	immutable_delivery	NumStabilityTest/Reorganization/R03/Consumer/NumStability_Source_Higham_Chapter02_Problem13_ReciprocalProductThreshold_Basic.lean
A	immutable_delivery	NumStabilityTest/Reorganization/R03/Consumer/NumStability_Source_Higham_Chapter02_Problem14_UnitRoundoffProbe_Basic.lean
A	immutable_delivery	NumStabilityTest/Reorganization/R03/Consumer/NumStability_Source_Higham_Chapter02_Problem18_ExactSubtractionCounterexample_Basic.lean
A	immutable_delivery	NumStabilityTest/Reorganization/R03/Consumer/NumStability_Source_Higham_Chapter02_Problem19_GradualUnderflowExactness_Basic.lean
A	immutable_delivery	NumStabilityTest/Reorganization/R03/Consumer/NumStability_Source_Higham_Chapter02_Problem20_SquareRootIdentities_Basic.lean
A	immutable_delivery	NumStabilityTest/Reorganization/R03/Consumer/NumStability_Source_Higham_Chapter02_Problem21_HypotenuseNormalization_Basic.lean
A	immutable_delivery	NumStabilityTest/Reorganization/R03/Consumer/NumStability_Source_Higham_Chapter02_Problem22.lean
A	immutable_delivery	NumStabilityTest/Reorganization/R03/Consumer/NumStability_Source_Higham_Chapter02_Problem23.lean
A	immutable_delivery	NumStabilityTest/Reorganization/R03/Consumer/NumStability_Source_Higham_Chapter02_Problem24_GuardDigitCancellation_Basic.lean
A	immutable_delivery	NumStabilityTest/Reorganization/R03/Consumer/NumStability_Source_Higham_Chapter02_Problem25_NonzeroEvaluation_Basic.lean
A	immutable_delivery	NumStabilityTest/Reorganization/R03/Consumer/NumStability_Source_Higham_Chapter02_Problem26_ExactProduct_All.lean
A	immutable_delivery	NumStabilityTest/Reorganization/R03/Consumer/NumStability_Source_Higham_Chapter02_Problem26_ExactProduct_Discrepancy.lean
A	immutable_delivery	NumStabilityTest/Reorganization/R03/Consumer/NumStability_Source_Higham_Chapter02_Problem27_KahanDeterminant_Basic.lean
A	immutable_delivery	NumStabilityTest/Reorganization/R03/Consumer/NumStability_Source_Higham_Chapter02_Problem28_IterativeDivisionTermination_Basic.lean
A	immutable_delivery	NumStabilityTest/Reorganization/R03/Consumer/NumStability_Source_Higham_Chapter02_Problems15And16_SpecialValueProbes_Basic.lean
A	immutable_delivery	NumStabilityTest/Reorganization/R03/Consumer/NumStability_Source_Higham_Chapter02_Section03_DoubleRounding_All.lean
A	immutable_delivery	NumStabilityTest/Reorganization/R03/Consumer/NumStability_Source_Higham_Chapter02_Section03_DoubleRounding_Counterexample.lean
A	immutable_delivery	NumStabilityTest/Reorganization/R03/Consumer/NumStability_Source_Higham_Chapter02_Section04_NoGuardModel_All.lean
A	immutable_delivery	NumStabilityTest/Reorganization/R03/Consumer/NumStability_Source_Higham_Chapter02_Section04_NoGuardModel_BinaryT3Example.lean
A	immutable_delivery	NumStabilityTest/Reorganization/R03/Consumer/NumStability_Source_Higham_Chapter02_Section06_Discriminant_FusedMultiplyAdd_Basic.lean
A	immutable_delivery	NumStabilityTest/Reorganization/R03/Consumer/NumStability_Source_Higham_Chapter02_Section06_Discriminant_StandardModel_Basic.lean
A	immutable_delivery	NumStabilityTest/Reorganization/R03/Consumer/NumStability_Source_Higham_Chapter02_Section06_FusedMultiplyAdd_All.lean
A	immutable_delivery	NumStabilityTest/Reorganization/R03/Consumer/NumStability_Source_Higham_Chapter02_Section06_FusedMultiplyAdd_DotProductCount.lean
A	immutable_delivery	NumStabilityTest/Reorganization/R03/Consumer/NumStability_Source_Higham_Chapter02_Section06_ReciprocalIteration_Basic.lean
A	immutable_delivery	NumStabilityTest/Reorganization/R03/Consumer/NumStability_Source_Higham_Chapter02_Section10_ArctangentRange_Basic.lean
A	immutable_delivery	NumStabilityTest/Reorganization/R03/Consumer/NumStability_Source_Higham_Chapter02_Section10_Tablemaker_FiniteSeparation_Basic.lean
A	immutable_delivery	NumStabilityTest/Reorganization/R03/Consumer/NumStability_Source_Higham_Chapter02_Section10_Tablemaker_HermiteLindemann_Basic.lean
A	immutable_delivery	NumStabilityTest/Reorganization/R03/Consumer/NumStability_Source_Higham_Chapter02_Section11_AccuracyTests_Basic.lean
A	immutable_delivery	NumStabilityTest/Reorganization/R03/Consumer/NumStability_Source_Higham_Chapter03.lean
A	immutable_delivery	NumStabilityTest/Reorganization/R03/Consumer/NumStability_Source_Higham_Chapter03_Lemma01_RoundingProducts_All.lean
A	immutable_delivery	NumStabilityTest/Reorganization/R03/Consumer/NumStability_Source_Higham_Chapter03_Lemma04_SmallUnitProductBounds_All.lean
A	immutable_delivery	NumStabilityTest/Reorganization/R03/Consumer/NumStability_Source_Higham_Chapter03_Problem02_ProductBounds_All.lean
A	immutable_delivery	NumStabilityTest/Reorganization/R03/Consumer/NumStability_Source_Higham_Chapter03_Problem02_ProductBounds_PositiveFactors.lean
A	immutable_delivery	NumStabilityTest/Reorganization/R03/Consumer/NumStability_Source_Higham_Chapter03_Problem11_KahanAbsoluteValue_Basic.lean
A	immutable_delivery	NumStabilityTest/Reorganization/R03/Consumer/NumStability_Source_Higham_Chapter03_Section10_WilkinsonProductBound_All.lean
A	immutable_delivery	NumStabilityTest/Reorganization/R03/Consumer/NumStability_Source_Higham_Chapter04.lean
A	immutable_delivery	NumStabilityTest/Reorganization/R03/Consumer/NumStability_Source_Higham_Chapter04_Algorithm02.lean
A	immutable_delivery	NumStabilityTest/Reorganization/R03/Consumer/NumStability_Source_Higham_Chapter04_Algorithm02_InitializationModelLimitations.lean
A	immutable_delivery	NumStabilityTest/Reorganization/R03/Consumer/NumStability_Source_Higham_Chapter04_Algorithm03_Priest_All.lean
A	immutable_delivery	NumStabilityTest/Reorganization/R03/Consumer/NumStability_Source_Higham_Chapter04_Algorithm03_Priest_SourceAssumptions.lean
A	immutable_delivery	NumStabilityTest/Reorganization/R03/Consumer/NumStability_Source_Higham_Chapter04_Algorithm03_SourceClosure_Basic.lean
A	immutable_delivery	NumStabilityTest/Reorganization/R03/Consumer/NumStability_Source_Higham_Chapter04_Equation05_OrderingExamples_Basic.lean
A	immutable_delivery	NumStabilityTest/Reorganization/R03/Consumer/NumStability_Source_Higham_Chapter04_Equation07.lean
A	immutable_delivery	NumStabilityTest/Reorganization/R03/Consumer/NumStability_Source_Higham_Chapter04_Equation07_AbstractModelCounterexample.lean
A	immutable_delivery	NumStabilityTest/Reorganization/R03/Consumer/NumStability_Source_Higham_Chapter04_Equation07_NoGuardCounterexample.lean
A	immutable_delivery	NumStabilityTest/Reorganization/R03/Consumer/NumStability_Source_Higham_Chapter04_Equation07_SterbenzCounterexamples.lean
A	immutable_delivery	NumStabilityTest/Reorganization/R03/Consumer/NumStability_Source_Higham_Chapter04_Equation08.lean
A	immutable_delivery	NumStabilityTest/Reorganization/R03/Consumer/NumStability_Source_Higham_Chapter04_Equation08_FiniteFamily.lean
A	immutable_delivery	NumStabilityTest/Reorganization/R03/Consumer/NumStability_Source_Higham_Chapter04_Equation08_FiniteFormat.lean
A	immutable_delivery	NumStabilityTest/Reorganization/R03/Consumer/NumStability_Source_Higham_Chapter04_Equation08_FiniteRouteLimitations.lean
A	immutable_delivery	NumStabilityTest/Reorganization/R03/Consumer/NumStability_Source_Higham_Chapter04_Equation08_ModelStrength.lean
A	immutable_delivery	NumStabilityTest/Reorganization/R03/Consumer/NumStability_Source_Higham_Chapter04_Equation08_ReturnedSum.lean
A	immutable_delivery	NumStabilityTest/Reorganization/R03/Consumer/NumStability_Source_Higham_Chapter04_Equation09.lean
A	immutable_delivery	NumStabilityTest/Reorganization/R03/Consumer/NumStability_Source_Higham_Chapter04_Equation09_Correction.lean
A	immutable_delivery	NumStabilityTest/Reorganization/R03/Consumer/NumStability_Source_Higham_Chapter04_Equation09_FiniteFormat.lean
A	immutable_delivery	NumStabilityTest/Reorganization/R03/Consumer/NumStability_Source_Higham_Chapter04_Equation09_ModelStrength.lean
A	immutable_delivery	NumStabilityTest/Reorganization/R03/Consumer/NumStability_Source_Higham_Chapter04_Equation10.lean
A	immutable_delivery	NumStabilityTest/Reorganization/R03/Consumer/NumStability_Source_Higham_Chapter04_Equation10_AbstractModel.lean
A	immutable_delivery	NumStabilityTest/Reorganization/R03/Consumer/NumStability_Source_Higham_Chapter04_Equation10_FiniteFormat.lean
A	immutable_delivery	NumStabilityTest/Reorganization/R03/Consumer/NumStability_Source_Higham_Chapter04_Equation10_Neumaier_All.lean
A	immutable_delivery	NumStabilityTest/Reorganization/R03/Consumer/NumStability_Source_Higham_Chapter04_Problem02_WilkinsonAttainability_Basic.lean
A	immutable_delivery	NumStabilityTest/Reorganization/R03/Consumer/NumStability_Source_Higham_Chapter04_Problem03.lean
A	immutable_delivery	NumStabilityTest/Reorganization/R03/Consumer/NumStability_Source_Higham_Chapter04_Problem10.lean
A	immutable_delivery	NumStabilityTest/Reorganization/R03/Consumer/NumStability_Source_Higham_Chapter04_Section01.lean
A	immutable_delivery	NumStabilityTest/Reorganization/R03/Consumer/NumStability_Source_Higham_Chapter04_Section01_InsertionExamples.lean
A	immutable_delivery	NumStabilityTest/Reorganization/R03/Consumer/NumStability_Source_Higham_Chapter04_Section01_PairwiseSixTerm.lean
A	immutable_delivery	NumStabilityTest/Reorganization/R03/Consumer/NumStability_Source_Higham_Chapter04_Section02.lean
A	immutable_delivery	NumStabilityTest/Reorganization/R03/Consumer/NumStability_Source_Higham_Chapter04_Section02_KaoWangCitationDiscrepancy.lean
A	immutable_delivery	NumStabilityTest/Reorganization/R03/Consumer/NumStability_Source_Higham_Chapter04_Section03.lean
A	immutable_delivery	NumStabilityTest/Reorganization/R03/Consumer/NumStability_Source_Higham_Chapter04_Section03_FiniteFormat.lean
A	immutable_delivery	NumStabilityTest/Reorganization/R03/Consumer/NumStability_Source_Higham_Chapter04_Section03_NoGuardKahanCounterexample.lean
A	immutable_delivery	NumStabilityTest/Reorganization/R03/Consumer/NumStability_Source_Higham_Chapter05.lean
A	immutable_delivery	NumStabilityTest/Reorganization/R03/Consumer/NumStability_Source_Higham_Chapter05_Algorithm01_ComplexHorner_Basic.lean
A	immutable_delivery	NumStabilityTest/Reorganization/R03/Consumer/NumStability_Source_Higham_Chapter05_Equation14_MatrixPolynomialForms_Basic.lean
A	immutable_delivery	NumStabilityTest/Reorganization/R03/Consumer/NumStability_Source_Higham_Chapter05_Problem01_DifferentiatedHorner_Basic.lean
A	immutable_delivery	NumStabilityTest/Reorganization/R03/Consumer/NumStability_Source_Higham_Chapter05_Problem02_PowerBuilding_Basic.lean
A	immutable_delivery	NumStabilityTest/Reorganization/R03/Consumer/NumStability_Source_Higham_Chapter05_Problem03_EvenOddSplitting_Basic.lean
A	immutable_delivery	NumStabilityTest/Reorganization/R03/Consumer/NumStability_Source_Higham_Chapter05_Problem04_LejaOrdering_Basic.lean
A	immutable_delivery	NumStabilityTest/Reorganization/R03/Consumer/NumStability_Source_Higham_Chapter05_Problem06_MatrixPolynomialHorner_Basic.lean
A	immutable_delivery	NumStabilityTest/Reorganization/R03/Consumer/NumStability_Source_Higham_Chapter05_Section01_Horner_Basic.lean
A	immutable_delivery	NumStabilityTest/Reorganization/R03/Consumer/NumStability_Source_Higham_Chapter05_Section01_RelativeError_Basic.lean
A	immutable_delivery	NumStabilityTest/Reorganization/R03/Consumer/NumStability_Source_Higham_Chapter05_Section02_BidiagonalDerivativeAnalysis_Basic.lean
A	immutable_delivery	NumStabilityTest/Reorganization/R03/Consumer/NumStability_Source_Higham_Chapter05_Section02_DerivativeError_Basic.lean
A	immutable_delivery	NumStabilityTest/Reorganization/R03/Consumer/NumStability_Source_Higham_Chapter05_Section02_DerivativeEvaluation_Bidiagonal.lean
A	immutable_delivery	NumStabilityTest/Reorganization/R03/Consumer/NumStability_Source_Higham_Chapter05_Section02_DerivativeEvaluation_SyntheticDivision.lean
A	immutable_delivery	NumStabilityTest/Reorganization/R03/Consumer/NumStability_Source_Higham_Chapter05_Section03_DividedDifferences_Basic.lean
A	immutable_delivery	NumStabilityTest/Reorganization/R03/Consumer/NumStability_Source_Higham_Chapter05_Section03_LejaOrdering_Basic.lean
A	immutable_delivery	NumStabilityTest/Reorganization/R03/Consumer/NumStability_Source_Higham_Chapter05_Section03_NewtonEvaluation_Basic.lean
A	immutable_delivery	NumStabilityTest/Reorganization/R03/Consumer/NumStability_Source_Higham_Chapter05_Section03_NewtonEvaluation_HornerBasis.lean
A	immutable_delivery	NumStabilityTest/Reorganization/R03/Consumer/NumStability_Source_Higham_Chapter05_Section03_ResidualUnwind_Basic.lean
A	immutable_delivery	NumStabilityTest/Reorganization/R03/Consumer/NumStability_Source_Higham_Chapter05_Section05_FastPolynomialEvaluation_Basic.lean
A	immutable_delivery	NumStabilityTest/Reorganization/R03/Consumer/NumStability_Source_Higham_Chapter06.lean
A	immutable_delivery	NumStabilityTest/Reorganization/R03/Consumer/NumStability_Source_Higham_Chapter06_Lemma06_OperatorTwoNormBound.lean
A	immutable_delivery	NumStabilityTest/Reorganization/R03/Consumer/NumStability_Source_Higham_Chapter06_Lemma06_OperatorTwoNormBound_Bridge.lean
A	immutable_delivery	NumStabilityTest/Reorganization/R03/Consumer/NumStability_Source_Higham_Chapter06_Theorem05_DistanceToSingularity_All.lean
A	immutable_delivery	NumStabilityTest/Reorganization/R03/Consumer/NumStability_Source_Higham_Chapter07.lean
A	immutable_delivery	NumStabilityTest/Reorganization/R03/Consumer/NumStability_Source_Higham_Chapter07_Corollary06_Equilibration_Basic.lean
A	immutable_delivery	NumStabilityTest/Reorganization/R03/Consumer/NumStability_Source_Higham_Chapter07_Corollary06_LinearSystemsConditioning_All.lean
A	immutable_delivery	NumStabilityTest/Reorganization/R03/Consumer/NumStability_Source_Higham_Chapter07_Corollary06_LinearSystemsConditioning_Basic.lean
A	immutable_delivery	NumStabilityTest/Reorganization/R03/Consumer/NumStability_Source_Higham_Chapter07_Corollary06_LinearSystemsConditioning_Results.lean
A	immutable_delivery	NumStabilityTest/Reorganization/R03/Consumer/NumStability_Source_Higham_Chapter07_Equation25_InverseConditioning_All.lean
A	immutable_delivery	NumStabilityTest/Reorganization/R03/Consumer/NumStability_Source_Higham_Chapter07_Equation25_InverseConditioning_ExactPerturbation.lean
A	immutable_delivery	NumStabilityTest/Reorganization/R03/Consumer/NumStability_Source_Higham_Chapter07_Equation25_SourceEndpoint_Basic.lean
A	immutable_delivery	NumStabilityTest/Reorganization/R03/Consumer/NumStability_Source_Higham_Chapter07_Equation26_ComponentwiseDistance_Basic.lean
A	immutable_delivery	NumStabilityTest/Reorganization/R03/Consumer/NumStability_Source_Higham_Chapter07_Equation26_RumpCycle_Basic.lean
A	immutable_delivery	NumStabilityTest/Reorganization/R03/Consumer/NumStability_Source_Higham_Chapter07_LinearSystemsConditioning_All.lean
A	immutable_delivery	NumStabilityTest/Reorganization/R03/Consumer/NumStability_Source_Higham_Chapter07_LinearSystemsConditioning_ComputedResidual.lean
A	immutable_delivery	NumStabilityTest/Reorganization/R03/Consumer/NumStability_Source_Higham_Chapter07_LinearSystemsConditioning_ConditionNumbers.lean
A	immutable_delivery	NumStabilityTest/Reorganization/R03/Consumer/NumStability_Source_Higham_Chapter07_LinearSystemsConditioning_Equation05.lean
A	immutable_delivery	NumStabilityTest/Reorganization/R03/Consumer/NumStability_Source_Higham_Chapter07_LinearSystemsConditioning_Equation32.lean
A	immutable_delivery	NumStabilityTest/Reorganization/R03/Consumer/NumStability_Source_Higham_Chapter07_LinearSystemsConditioning_Equation33.lean
A	immutable_delivery	NumStabilityTest/Reorganization/R03/Consumer/NumStability_Source_Higham_Chapter07_LinearSystemsConditioning_ForwardErrorKernels.lean
A	immutable_delivery	NumStabilityTest/Reorganization/R03/Consumer/NumStability_Source_Higham_Chapter07_LinearSystemsConditioning_Lemma09.lean
A	immutable_delivery	NumStabilityTest/Reorganization/R03/Consumer/NumStability_Source_Higham_Chapter07_LinearSystemsConditioning_Problem01.lean
A	immutable_delivery	NumStabilityTest/Reorganization/R03/Consumer/NumStability_Source_Higham_Chapter07_LinearSystemsConditioning_Problem02.lean
A	immutable_delivery	NumStabilityTest/Reorganization/R03/Consumer/NumStability_Source_Higham_Chapter07_LinearSystemsConditioning_Problem04.lean
A	immutable_delivery	NumStabilityTest/Reorganization/R03/Consumer/NumStability_Source_Higham_Chapter07_LinearSystemsConditioning_Problem05.lean
A	immutable_delivery	NumStabilityTest/Reorganization/R03/Consumer/NumStability_Source_Higham_Chapter07_LinearSystemsConditioning_Problem06Columnwise.lean
A	immutable_delivery	NumStabilityTest/Reorganization/R03/Consumer/NumStability_Source_Higham_Chapter07_LinearSystemsConditioning_Problem06Rowwise.lean
A	immutable_delivery	NumStabilityTest/Reorganization/R03/Consumer/NumStability_Source_Higham_Chapter07_LinearSystemsConditioning_Problem07.lean
A	immutable_delivery	NumStabilityTest/Reorganization/R03/Consumer/NumStability_Source_Higham_Chapter07_LinearSystemsConditioning_Problem08RectangularBackwardError.lean
A	immutable_delivery	NumStabilityTest/Reorganization/R03/Consumer/NumStability_Source_Higham_Chapter07_LinearSystemsConditioning_Problem09Exact.lean
A	immutable_delivery	NumStabilityTest/Reorganization/R03/Consumer/NumStability_Source_Higham_Chapter07_LinearSystemsConditioning_Problem09Linearized.lean
A	immutable_delivery	NumStabilityTest/Reorganization/R03/Consumer/NumStability_Source_Higham_Chapter07_LinearSystemsConditioning_Problem10Bauer_Part01.lean
A	immutable_delivery	NumStabilityTest/Reorganization/R03/Consumer/NumStability_Source_Higham_Chapter07_LinearSystemsConditioning_Problem10Bauer_Part02.lean
A	immutable_delivery	NumStabilityTest/Reorganization/R03/Consumer/NumStability_Source_Higham_Chapter07_LinearSystemsConditioning_Problem10Bauer_Part03.lean
A	immutable_delivery	NumStabilityTest/Reorganization/R03/Consumer/NumStability_Source_Higham_Chapter07_LinearSystemsConditioning_Problem10OneNorm.lean
A	immutable_delivery	NumStabilityTest/Reorganization/R03/Consumer/NumStability_Source_Higham_Chapter07_LinearSystemsConditioning_Problem13SparseResidual.lean
A	immutable_delivery	NumStabilityTest/Reorganization/R03/Consumer/NumStability_Source_Higham_Chapter07_LinearSystemsConditioning_Problem15Hadamard.lean
A	immutable_delivery	NumStabilityTest/Reorganization/R03/Consumer/NumStability_Source_Higham_Chapter07_LinearSystemsConditioning_RowScaling.lean
A	immutable_delivery	NumStabilityTest/Reorganization/R03/Consumer/NumStability_Source_Higham_Chapter07_LinearSystemsConditioning_Theorem02.lean
A	immutable_delivery	NumStabilityTest/Reorganization/R03/Consumer/NumStability_Source_Higham_Chapter07_LinearSystemsConditioning_Theorem04.lean
A	immutable_delivery	NumStabilityTest/Reorganization/R03/Consumer/NumStability_Source_Higham_Chapter07_LinearSystemsConditioning_Theorem05_Part01.lean
A	immutable_delivery	NumStabilityTest/Reorganization/R03/Consumer/NumStability_Source_Higham_Chapter07_LinearSystemsConditioning_Theorem05_Part02.lean
A	immutable_delivery	NumStabilityTest/Reorganization/R03/Consumer/NumStability_Source_Higham_Chapter07_LinearSystemsConditioning_Theorem05_Part03.lean
A	immutable_delivery	NumStabilityTest/Reorganization/R03/Consumer/NumStability_Source_Higham_Chapter07_LinearSystemsConditioning_Theorem05_Part04.lean
A	immutable_delivery	NumStabilityTest/Reorganization/R03/Consumer/NumStability_Source_Higham_Chapter07_LinearSystemsConditioning_Theorem05_Part05.lean
A	immutable_delivery	NumStabilityTest/Reorganization/R03/Consumer/NumStability_Source_Higham_Chapter07_LinearSystemsConditioning_Theorem05_Part06.lean
A	immutable_delivery	NumStabilityTest/Reorganization/R03/Consumer/NumStability_Source_Higham_Chapter07_LinearSystemsConditioning_Theorem07FrobeniusScaling.lean
A	immutable_delivery	NumStabilityTest/Reorganization/R03/Consumer/NumStability_Source_Higham_Chapter07_LinearSystemsConditioning_Theorem08Aliases.lean
A	immutable_delivery	NumStabilityTest/Reorganization/R03/Consumer/NumStability_Source_Higham_Chapter08.lean
A	immutable_delivery	NumStabilityTest/Reorganization/R03/Consumer/NumStability_Source_Higham_Chapter08_Equation10_ColumnPivotedQR_Basic.lean
A	immutable_delivery	NumStabilityTest/Reorganization/R03/Consumer/NumStability_Source_Higham_Chapter08_Equation14_FanInExecutor_All.lean
A	immutable_delivery	NumStabilityTest/Reorganization/R03/Consumer/NumStability_Source_Higham_Chapter08_Equation14_FanInExecutor_Executor.lean
A	immutable_delivery	NumStabilityTest/Reorganization/R03/Consumer/NumStability_Source_Higham_Chapter08_Equation14_FanInProduct_Basic.lean
A	immutable_delivery	NumStabilityTest/Reorganization/R03/Consumer/NumStability_Source_Higham_Chapter08_Equation15_GlobalEnvelopeCounterexample_All.lean
A	immutable_delivery	NumStabilityTest/Reorganization/R03/Consumer/NumStability_Source_Higham_Chapter08_Lemma08Discrepancy.lean
A	immutable_delivery	NumStabilityTest/Reorganization/R03/Consumer/NumStability_Source_Higham_Chapter08_Lemma08_CorrectedCondition_All.lean
A	immutable_delivery	NumStabilityTest/Reorganization/R03/Consumer/NumStability_Source_Higham_Chapter08_Lemma08_CorrectedCondition_RowDominance.lean
A	immutable_delivery	NumStabilityTest/Reorganization/R03/Consumer/NumStability_Source_Higham_Chapter08_Lemma08_Entrywise_Basic.lean
A	immutable_delivery	NumStabilityTest/Reorganization/R03/Consumer/NumStability_Source_Higham_Chapter08_Problem01_NoGuardSubstitution_Aliases.lean
A	immutable_delivery	NumStabilityTest/Reorganization/R03/Consumer/NumStability_Source_Higham_Chapter08_Problem01_NoGuardSubstitution_All.lean
A	immutable_delivery	NumStabilityTest/Reorganization/R03/Consumer/NumStability_Source_Higham_Chapter08_Problem01_NoGuardSubstitution_BackwardSubstitution.lean
A	immutable_delivery	NumStabilityTest/Reorganization/R03/Consumer/NumStability_Source_Higham_Chapter08_Problem01_NoGuardSubstitution_ForwardSubstitution.lean
A	immutable_delivery	NumStabilityTest/Reorganization/R03/Consumer/NumStability_Source_Higham_Chapter08_Problem02_ComparisonMatrixWitness_All.lean
A	immutable_delivery	NumStabilityTest/Reorganization/R03/Consumer/NumStability_Source_Higham_Chapter08_Problem02_ComparisonMatrixWitness_RatioWitness.lean
A	immutable_delivery	NumStabilityTest/Reorganization/R03/Consumer/NumStability_Source_Higham_Chapter08_Problem03_UnitTriangularSubstitution_All.lean
A	immutable_delivery	NumStabilityTest/Reorganization/R03/Consumer/NumStability_Source_Higham_Chapter08_Problem03_UnitTriangularSubstitution_Bound.lean
A	immutable_delivery	NumStabilityTest/Reorganization/R03/Consumer/NumStability_Source_Higham_Chapter08_Problem04_MMatrixSubstitution_All.lean
A	immutable_delivery	NumStabilityTest/Reorganization/R03/Consumer/NumStability_Source_Higham_Chapter08_Problem04_MMatrixSubstitution_Comparison.lean
A	immutable_delivery	NumStabilityTest/Reorganization/R03/Consumer/NumStability_Source_Higham_Chapter08_Problem05_InverseNormBounds_All.lean
A	immutable_delivery	NumStabilityTest/Reorganization/R03/Consumer/NumStability_Source_Higham_Chapter08_Problem05_InverseNormBounds_ZInverse.lean
A	immutable_delivery	NumStabilityTest/Reorganization/R03/Consumer/NumStability_Source_Higham_Chapter08_Problem06_ComparisonInverseBounds_All.lean
A	immutable_delivery	NumStabilityTest/Reorganization/R03/Consumer/NumStability_Source_Higham_Chapter08_Problem06_ComparisonInverseBounds_VectorBounds.lean
A	immutable_delivery	NumStabilityTest/Reorganization/R03/Consumer/NumStability_Source_Higham_Chapter08_Problem07_DiagonalScaling_All.lean
A	immutable_delivery	NumStabilityTest/Reorganization/R03/Consumer/NumStability_Source_Higham_Chapter08_Problem07_DiagonalScaling_Bounds.lean
A	immutable_delivery	NumStabilityTest/Reorganization/R03/Consumer/NumStability_Source_Higham_Chapter08_Problem08_SingleEntrySingularity_All.lean
A	immutable_delivery	NumStabilityTest/Reorganization/R03/Consumer/NumStability_Source_Higham_Chapter08_Problem08_SingleEntrySingularity_RankOne.lean
A	immutable_delivery	NumStabilityTest/Reorganization/R03/Consumer/NumStability_Source_Higham_Chapter08_Problem09_KahanSingularValues_All.lean
A	immutable_delivery	NumStabilityTest/Reorganization/R03/Consumer/NumStability_Source_Higham_Chapter08_Problem09_KahanSingularValues_KahanMatrix.lean
A	immutable_delivery	NumStabilityTest/Reorganization/R03/Consumer/NumStability_Source_Higham_Chapter08_Section01_BackwardErrorAnalysis_All.lean
A	immutable_delivery	NumStabilityTest/Reorganization/R03/Consumer/NumStability_Source_Higham_Chapter08_Section01_BackwardErrorAnalysis_Core.lean
A	immutable_delivery	NumStabilityTest/Reorganization/R03/Consumer/NumStability_Source_Higham_Chapter08_Section02_ForwardErrorAnalysis_All.lean
A	immutable_delivery	NumStabilityTest/Reorganization/R03/Consumer/NumStability_Source_Higham_Chapter08_Section02_ForwardErrorAnalysis_ComparisonBounds.lean
A	immutable_delivery	NumStabilityTest/Reorganization/R03/Consumer/NumStability_Source_Higham_Chapter08_Section02_ForwardErrorAnalysis_ComparisonBoundsPrelude.lean
A	immutable_delivery	NumStabilityTest/Reorganization/R03/Consumer/NumStability_Source_Higham_Chapter08_Section02_ForwardErrorAnalysis_NormBounds.lean
A	immutable_delivery	NumStabilityTest/Reorganization/R03/Consumer/NumStability_Source_Higham_Chapter08_Section03_BidiagonalComparison_Basic.lean
A	immutable_delivery	NumStabilityTest/Reorganization/R03/Consumer/NumStability_Source_Higham_Chapter08_Section03_TriangularSystems_All.lean
A	immutable_delivery	NumStabilityTest/Reorganization/R03/Consumer/NumStability_Source_Higham_Chapter08_Section03_TriangularSystems_InverseBoundsLower.lean
A	immutable_delivery	NumStabilityTest/Reorganization/R03/Consumer/NumStability_Source_Higham_Chapter08_Section03_TriangularSystems_InverseBoundsPrelude.lean
A	immutable_delivery	NumStabilityTest/Reorganization/R03/Consumer/NumStability_Source_Higham_Chapter08_Section03_TriangularSystems_InverseBoundsUpper.lean
A	immutable_delivery	NumStabilityTest/Reorganization/R03/Consumer/NumStability_Source_Higham_Chapter08_Section04_FanInAsymptotics_Basic.lean
A	immutable_delivery	NumStabilityTest/Reorganization/R03/Consumer/NumStability_Source_Higham_Chapter08_Section04_FanInCore_All.lean
A	immutable_delivery	NumStabilityTest/Reorganization/R03/Consumer/NumStability_Source_Higham_Chapter08_Section04_FanInCore_AllOrdersEnvelope.lean
A	immutable_delivery	NumStabilityTest/Reorganization/R03/Consumer/NumStability_Source_Higham_Chapter08_Section04_FanInCore_Factors.lean
A	immutable_delivery	NumStabilityTest/Reorganization/R03/Consumer/NumStability_Source_Higham_Chapter08_Section04_FanInCore_ResidualForwardBounds.lean
A	immutable_delivery	NumStabilityTest/Reorganization/R03/Consumer/NumStability_Source_Higham_Chapter09.lean
A	immutable_delivery	NumStabilityTest/Reorganization/R03/Consumer/NumStability_Source_Higham_Chapter09_CompletePivotSharpClosure.lean
A	immutable_delivery	NumStabilityTest/Reorganization/R03/Consumer/NumStability_Source_Higham_Chapter09_ComplexClosure.lean
A	immutable_delivery	NumStabilityTest/Reorganization/R03/Consumer/NumStability_Source_Higham_Chapter09_ComputedCorrection.lean
A	immutable_delivery	NumStabilityTest/Reorganization/R03/Consumer/NumStability_Source_Higham_Chapter09_DoolittleClosure.lean
A	immutable_delivery	NumStabilityTest/Reorganization/R03/Consumer/NumStability_Source_Higham_Chapter09_Problems.lean
A	immutable_delivery	NumStabilityTest/Reorganization/R03/Consumer/NumStability_Source_Higham_Chapter09_Section01.lean
A	immutable_delivery	NumStabilityTest/Reorganization/R03/Consumer/NumStability_Source_Higham_Chapter09_Section02.lean
A	immutable_delivery	NumStabilityTest/Reorganization/R03/Consumer/NumStability_Source_Higham_Chapter09_Section03.lean
A	immutable_delivery	NumStabilityTest/Reorganization/R03/Consumer/NumStability_Source_Higham_Chapter09_Section04.lean
A	immutable_delivery	NumStabilityTest/Reorganization/R03/Consumer/NumStability_Source_Higham_Chapter09_Section05.lean
A	immutable_delivery	NumStabilityTest/Reorganization/R03/Consumer/NumStability_Source_Higham_Chapter09_Section06.lean
A	immutable_delivery	NumStabilityTest/Reorganization/R03/Consumer/NumStability_Source_Higham_Chapter09_Section08.lean
A	immutable_delivery	NumStabilityTest/Reorganization/R03/Consumer/NumStability_Source_Higham_Chapter09_Section10.lean
A	immutable_delivery	NumStabilityTest/Reorganization/R03/Consumer/NumStability_Source_Higham_Chapter09_Section11.lean
A	immutable_delivery	NumStabilityTest/Reorganization/R03/Consumer/NumStability_Source_Higham_Chapter09_Theorem15_Barrlund_Basic.lean
A	immutable_delivery	NumStabilityTest/Reorganization/R03/Consumer/NumStability_Source_Higham_Chapter09_Theorem15_Sun_Basic.lean
A	immutable_delivery	NumStabilityTest/Reorganization/R03/Consumer/NumStability_Source_Higham_Chapter09_Theorem914Actual.lean
A	immutable_delivery	NumStabilityTest/Reorganization/R03/Consumer/NumStability_Source_Higham_Chapter09_Theorem914DiagDominant.lean
A	immutable_delivery	NumStabilityTest/Reorganization/R03/Consumer/NumStability_Source_Higham_Chapter09_Theorem914Primitive.lean
A	immutable_delivery	NumStabilityTest/Reorganization/R03/Consumer/NumStability_Source_Higham_Chapter09_Theorem97Classification.lean
A	immutable_delivery	NumStabilityTest/Reorganization/R03/Consumer/NumStability_Source_Higham_Chapter09_Theorem99Closure.lean
A	immutable_delivery	NumStabilityTest/Reorganization/R03/Consumer/NumStability_Source_Higham_Chapter09_Theorem99ComplexClosure.lean
A	immutable_delivery	NumStabilityTest/Reorganization/R03/Consumer/NumStability_Source_Higham_Chapter10.lean
A	immutable_delivery	NumStabilityTest/Reorganization/R03/Consumer/NumStability_Source_Higham_Chapter10_Equation07_AbsoluteFactorNorm.lean
A	immutable_delivery	NumStabilityTest/Reorganization/R03/Consumer/NumStability_Source_Higham_Chapter10_Equation07_AbsoluteFactorNorm_Bridge.lean
A	immutable_delivery	NumStabilityTest/Reorganization/R03/Consumer/NumStability_Source_Higham_Chapter10_Equation07_AbsoluteFactorNorm_Endpoints.lean
A	immutable_delivery	NumStabilityTest/Reorganization/R03/Consumer/NumStability_Source_Higham_Chapter10_Equation29_Mathias.lean
A	immutable_delivery	NumStabilityTest/Reorganization/R03/Consumer/NumStability_Source_Higham_Chapter10_Equation29_Mathias_Endpoints.lean
A	immutable_delivery	NumStabilityTest/Reorganization/R03/Consumer/NumStability_Source_Higham_Chapter10_Equation29_Mathias_FirstBreakdown.lean
A	immutable_delivery	NumStabilityTest/Reorganization/R03/Consumer/NumStability_Source_Higham_Chapter10_Equation29_Mathias_SourceIngredients.lean
A	immutable_delivery	NumStabilityTest/Reorganization/R03/Consumer/NumStability_Source_Higham_Chapter10_Equation30_ComplexPositiveDefinite.lean
A	immutable_delivery	NumStabilityTest/Reorganization/R03/Consumer/NumStability_Source_Higham_Chapter10_Equation30_ComplexPositiveDefinite_Endpoints.lean
A	immutable_delivery	NumStabilityTest/Reorganization/R03/Consumer/NumStability_Source_Higham_Chapter10_Equation30_ComplexPositiveDefinite_SourceClosure.lean
A	immutable_delivery	NumStabilityTest/Reorganization/R03/Consumer/NumStability_Source_Higham_Chapter10_Lemma11_PivotSequenceStability.lean
A	immutable_delivery	NumStabilityTest/Reorganization/R03/Consumer/NumStability_Source_Higham_Chapter10_Lemma11_PivotSequenceStability_Endpoints.lean
A	immutable_delivery	NumStabilityTest/Reorganization/R03/Consumer/NumStability_Source_Higham_Chapter10_Lemma11_PivotSequenceStability_SourceClosure.lean
A	immutable_delivery	NumStabilityTest/Reorganization/R03/Consumer/NumStability_Source_Higham_Chapter10_Lemma13_KahanSharpness.lean
A	immutable_delivery	NumStabilityTest/Reorganization/R03/Consumer/NumStability_Source_Higham_Chapter10_Lemma13_KahanSharpness_CompletePivotingBound.lean
A	immutable_delivery	NumStabilityTest/Reorganization/R03/Consumer/NumStability_Source_Higham_Chapter10_Lemma13_KahanSharpness_Endpoints.lean
A	immutable_delivery	NumStabilityTest/Reorganization/R03/Consumer/NumStability_Source_Higham_Chapter10_Lemma13_KahanSharpness_GramFamily.lean
A	immutable_delivery	NumStabilityTest/Reorganization/R03/Consumer/NumStability_Source_Higham_Chapter10_Lemma13_KahanSharpness_Limit.lean
A	immutable_delivery	NumStabilityTest/Reorganization/R03/Consumer/NumStability_Source_Higham_Chapter10_Problem01_PositiveSemidefiniteEntries.lean
A	immutable_delivery	NumStabilityTest/Reorganization/R03/Consumer/NumStability_Source_Higham_Chapter10_Problem01_PositiveSemidefiniteEntries_Basic.lean
A	immutable_delivery	NumStabilityTest/Reorganization/R03/Consumer/NumStability_Source_Higham_Chapter10_Problem03_ArbitraryEvaluationOrder.lean
A	immutable_delivery	NumStabilityTest/Reorganization/R03/Consumer/NumStability_Source_Higham_Chapter10_Problem03_ArbitraryEvaluationOrder_Basic.lean
A	immutable_delivery	NumStabilityTest/Reorganization/R03/Consumer/NumStability_Source_Higham_Chapter10_Problem04_UnpivotedGrowth.lean
A	immutable_delivery	NumStabilityTest/Reorganization/R03/Consumer/NumStability_Source_Higham_Chapter10_Problem04_UnpivotedGrowth_Basic.lean
A	immutable_delivery	NumStabilityTest/Reorganization/R03/Consumer/NumStability_Source_Higham_Chapter10_Problem08_LeadingMinorsCounterexample.lean
A	immutable_delivery	NumStabilityTest/Reorganization/R03/Consumer/NumStability_Source_Higham_Chapter10_Problem08_LeadingMinorsCounterexample_Basic.lean
A	immutable_delivery	NumStabilityTest/Reorganization/R03/Consumer/NumStability_Source_Higham_Chapter10_Section01_Factorization.lean
A	immutable_delivery	NumStabilityTest/Reorganization/R03/Consumer/NumStability_Source_Higham_Chapter10_Section01_Factorization_Basic.lean
A	immutable_delivery	NumStabilityTest/Reorganization/R03/Consumer/NumStability_Source_Higham_Chapter10_Section02_ErrorAnalysis.lean
A	immutable_delivery	NumStabilityTest/Reorganization/R03/Consumer/NumStability_Source_Higham_Chapter10_Section02_ErrorAnalysis_Basic.lean
A	immutable_delivery	NumStabilityTest/Reorganization/R03/Consumer/NumStability_Source_Higham_Chapter10_Section03_PositiveSemidefinite.lean
A	immutable_delivery	NumStabilityTest/Reorganization/R03/Consumer/NumStability_Source_Higham_Chapter10_Section03_PositiveSemidefinite_Endpoints.lean
A	immutable_delivery	NumStabilityTest/Reorganization/R03/Consumer/NumStability_Source_Higham_Chapter10_Section03_PositiveSemidefinite_Existence.lean
A	immutable_delivery	NumStabilityTest/Reorganization/R03/Consumer/NumStability_Source_Higham_Chapter10_Section03_PositiveSemidefinite_SchurComplement.lean
A	immutable_delivery	NumStabilityTest/Reorganization/R03/Consumer/NumStability_Source_Higham_Chapter10_Section03_PositiveSemidefinite_Termination.lean
A	immutable_delivery	NumStabilityTest/Reorganization/R03/Consumer/NumStability_Source_Higham_Chapter10_Section03_PositiveSemidefinite_WNormBound.lean
A	immutable_delivery	NumStabilityTest/Reorganization/R03/Consumer/NumStability_Source_Higham_Chapter10_Section04_PositiveDefiniteSymmetricPart.lean
A	immutable_delivery	NumStabilityTest/Reorganization/R03/Consumer/NumStability_Source_Higham_Chapter10_Section04_PositiveDefiniteSymmetricPart_Endpoints.lean
A	immutable_delivery	NumStabilityTest/Reorganization/R03/Consumer/NumStability_Source_Higham_Chapter10_Section04_PositiveDefiniteSymmetricPart_Equation29.lean
A	immutable_delivery	NumStabilityTest/Reorganization/R03/Consumer/NumStability_Source_Higham_Chapter10_Theorem06_RoundedCholesky.lean
A	immutable_delivery	NumStabilityTest/Reorganization/R03/Consumer/NumStability_Source_Higham_Chapter10_Theorem06_RoundedCholesky_ActualClosure.lean
A	immutable_delivery	NumStabilityTest/Reorganization/R03/Consumer/NumStability_Source_Higham_Chapter10_Theorem06_RoundedCholesky_Endpoints.lean
A	immutable_delivery	NumStabilityTest/Reorganization/R03/Consumer/NumStability_Source_Higham_Chapter10_Theorem07.lean
A	immutable_delivery	NumStabilityTest/Reorganization/R03/Consumer/NumStability_Source_Higham_Chapter10_Theorem07_FailureVacuity.lean
A	immutable_delivery	NumStabilityTest/Reorganization/R03/Consumer/NumStability_Source_Higham_Chapter10_Theorem07_FailureVacuity_Endpoints.lean
A	immutable_delivery	NumStabilityTest/Reorganization/R03/Consumer/NumStability_Source_Higham_Chapter10_Theorem07_FailureVacuity_Vacuity.lean
A	immutable_delivery	NumStabilityTest/Reorganization/R03/Consumer/NumStability_Source_Higham_Chapter10_Theorem08_ComponentwisePerturbation.lean
A	immutable_delivery	NumStabilityTest/Reorganization/R03/Consumer/NumStability_Source_Higham_Chapter10_Theorem08_ComponentwisePerturbation_Endpoints.lean
A	immutable_delivery	NumStabilityTest/Reorganization/R03/Consumer/NumStability_Source_Higham_Chapter10_Theorem08_ComponentwisePerturbation_Resolvent.lean
A	immutable_delivery	NumStabilityTest/Reorganization/R03/Consumer/NumStability_Source_Higham_Chapter10_Theorem08_NormwiseDiscrepancy.lean
A	immutable_delivery	NumStabilityTest/Reorganization/R03/Consumer/NumStability_Source_Higham_Chapter10_Theorem08_NormwiseDiscrepancy_Endpoints.lean
A	immutable_delivery	NumStabilityTest/Reorganization/R03/Consumer/NumStability_Source_Higham_Chapter10_Theorem08_NormwiseDiscrepancy_LiteralSource.lean
A	immutable_delivery	NumStabilityTest/Reorganization/R03/Consumer/NumStability_Source_Higham_Chapter10_Theorem14_CompletePivotedPSD.lean
A	immutable_delivery	NumStabilityTest/Reorganization/R03/Consumer/NumStability_Source_Higham_Chapter10_Theorem14_CompletePivotedPSD_ActualRun.lean
A	immutable_delivery	NumStabilityTest/Reorganization/R03/Consumer/NumStability_Source_Higham_Chapter10_Theorem14_CompletePivotedPSD_Endpoints.lean
A	immutable_delivery	NumStabilityTest/Reorganization/R03/Consumer/NumStability_Source_Higham_Chapter10_Theorem14_CompletePivotedPSD_Equation22.lean
A	immutable_delivery	NumStabilityTest/Reorganization/R03/Consumer/NumStability_Source_Higham_Chapter10_Theorem14_CompletePivotedPSD_PsdErrorAnalysis.lean
A	immutable_delivery	NumStabilityTest/Reorganization/R03/Consumer/NumStability_Source_Higham_Chapter10_Theorem14_CompletePivotedPSD_SourceError.lean
A	immutable_delivery	NumStabilityTest/Reorganization/R03/Consumer/NumStability_Source_Higham_Chapter10_Theorem14_CompletePivotedPSD_SourceSuccess.lean
A	immutable_delivery	NumStabilityTest/Reorganization/R03/Consumer/NumStability_Source_Higham_Chapter11.lean
A	immutable_delivery	NumStabilityTest/Reorganization/R03/Consumer/NumStability_Source_Higham_Chapter11_Aasen118Reduced.lean
A	immutable_delivery	NumStabilityTest/Reorganization/R03/Consumer/NumStability_Source_Higham_Chapter11_AasenAdjacentPivotOperationalMiddle.lean
A	immutable_delivery	NumStabilityTest/Reorganization/R03/Consumer/NumStability_Source_Higham_Chapter11_AasenAdjacentPivotResidualDomain.lean
A	immutable_delivery	NumStabilityTest/Reorganization/R03/Consumer/NumStability_Source_Higham_Chapter11_AasenAdjacentPivotSourceResidual.lean
A	immutable_delivery	NumStabilityTest/Reorganization/R03/Consumer/NumStability_Source_Higham_Chapter11_AasenAdjacentPivotTridiagExecutor.lean
A	immutable_delivery	NumStabilityTest/Reorganization/R03/Consumer/NumStability_Source_Higham_Chapter11_AasenAdjacentPivotTridiagForwardCounterexample.lean
A	immutable_delivery	NumStabilityTest/Reorganization/R03/Consumer/NumStability_Source_Higham_Chapter11_AasenDirect118.lean
A	immutable_delivery	NumStabilityTest/Reorganization/R03/Consumer/NumStability_Source_Higham_Chapter11_AasenDirectTridiagGEPPSolve.lean
A	immutable_delivery	NumStabilityTest/Reorganization/R03/Consumer/NumStability_Source_Higham_Chapter11_AasenFactorNorm.lean
A	immutable_delivery	NumStabilityTest/Reorganization/R03/Consumer/NumStability_Source_Higham_Chapter11_AasenGrowth.lean
A	immutable_delivery	NumStabilityTest/Reorganization/R03/Consumer/NumStability_Source_Higham_Chapter11_AasenMiddleGEPPCh11Counterexample.lean
A	immutable_delivery	NumStabilityTest/Reorganization/R03/Consumer/NumStability_Source_Higham_Chapter11_AasenOriginalCoordinateCorrection.lean
A	immutable_delivery	NumStabilityTest/Reorganization/R03/Consumer/NumStability_Source_Higham_Chapter11_AasenPermutationSourceCorrection.lean
A	immutable_delivery	NumStabilityTest/Reorganization/R03/Consumer/NumStability_Source_Higham_Chapter11_AasenPrintedCoefficientAlgebra.lean
A	immutable_delivery	NumStabilityTest/Reorganization/R03/Consumer/NumStability_Source_Higham_Chapter11_AasenSourceSharpFactorResidual.lean
A	immutable_delivery	NumStabilityTest/Reorganization/R03/Consumer/NumStability_Source_Higham_Chapter11_AasenTheorem118ScalarEdge.lean
A	immutable_delivery	NumStabilityTest/Reorganization/R03/Consumer/NumStability_Source_Higham_Chapter11_AasenTridiagGEPP.lean
A	immutable_delivery	NumStabilityTest/Reorganization/R03/Consumer/NumStability_Source_Higham_Chapter11_AasenUnitOuterSolve.lean
A	immutable_delivery	NumStabilityTest/Reorganization/R03/Consumer/NumStability_Source_Higham_Chapter11_BlockLDLTAllOneByOnePrinted.lean
A	immutable_delivery	NumStabilityTest/Reorganization/R03/Consumer/NumStability_Source_Higham_Chapter11_BlockLDLTBunchTridiagonal.lean
A	immutable_delivery	NumStabilityTest/Reorganization/R03/Consumer/NumStability_Source_Higham_Chapter11_BlockLDLTMixedPivot.lean
A	immutable_delivery	NumStabilityTest/Reorganization/R03/Consumer/NumStability_Source_Higham_Chapter11_BlockLDLTSolveBackward.lean
A	immutable_delivery	NumStabilityTest/Reorganization/R03/Consumer/NumStability_Source_Higham_Chapter11_BunchKaufmanSolve.lean
A	immutable_delivery	NumStabilityTest/Reorganization/R03/Consumer/NumStability_Source_Higham_Chapter11_BunchTridiagonalActualSolve.lean
A	immutable_delivery	NumStabilityTest/Reorganization/R03/Consumer/NumStability_Source_Higham_Chapter11_BunchTridiagonalHFactor.lean
A	immutable_delivery	NumStabilityTest/Reorganization/R03/Consumer/NumStability_Source_Higham_Chapter11_Higham11BunchActualSharpGrowthClosure.lean
A	immutable_delivery	NumStabilityTest/Reorganization/R03/Consumer/NumStability_Source_Higham_Chapter11_Higham11BunchExactTrace.lean
A	immutable_delivery	NumStabilityTest/Reorganization/R03/Consumer/NumStability_Source_Higham_Chapter11_Higham11BunchKaufmanActualSelector.lean
A	immutable_delivery	NumStabilityTest/Reorganization/R03/Consumer/NumStability_Source_Higham_Chapter11_Higham11BunchKaufmanExactGrowth.lean
A	immutable_delivery	NumStabilityTest/Reorganization/R03/Consumer/NumStability_Source_Higham_Chapter11_Higham11BunchKaufmanExactGrowthArithmetic.lean
A	immutable_delivery	NumStabilityTest/Reorganization/R03/Consumer/NumStability_Source_Higham_Chapter11_Higham11BunchKaufmanExactTrace.lean
A	immutable_delivery	NumStabilityTest/Reorganization/R03/Consumer/NumStability_Source_Higham_Chapter11_Higham11BunchKaufmanExplicitInverseSolve.lean
A	immutable_delivery	NumStabilityTest/Reorganization/R03/Consumer/NumStability_Source_Higham_Chapter11_Higham11BunchKaufmanExplicitInverseTerminalClosedForm.lean
A	immutable_delivery	NumStabilityTest/Reorganization/R03/Consumer/NumStability_Source_Higham_Chapter11_Higham11BunchKaufmanRoundedAccumulated.lean
A	immutable_delivery	NumStabilityTest/Reorganization/R03/Consumer/NumStability_Source_Higham_Chapter11_Higham11BunchKaufmanRoundedBridge.lean
A	immutable_delivery	NumStabilityTest/Reorganization/R03/Consumer/NumStability_Source_Higham_Chapter11_Higham11BunchKaufmanRoundedClosure.lean
A	immutable_delivery	NumStabilityTest/Reorganization/R03/Consumer/NumStability_Source_Higham_Chapter11_Higham11BunchKaufmanRoundedExecution.lean
A	immutable_delivery	NumStabilityTest/Reorganization/R03/Consumer/NumStability_Source_Higham_Chapter11_Higham11BunchKaufmanRoundedFactors.lean
A	immutable_delivery	NumStabilityTest/Reorganization/R03/Consumer/NumStability_Source_Higham_Chapter11_Higham11BunchKaufmanRoundedGlobal.lean
A	immutable_delivery	NumStabilityTest/Reorganization/R03/Consumer/NumStability_Source_Higham_Chapter11_Higham11BunchKaufmanRoundedGrowth.lean
A	immutable_delivery	NumStabilityTest/Reorganization/R03/Consumer/NumStability_Source_Higham_Chapter11_Higham11BunchKaufmanRoundedGrowthSolve.lean
A	immutable_delivery	NumStabilityTest/Reorganization/R03/Consumer/NumStability_Source_Higham_Chapter11_Higham11BunchKaufmanRoundedMiddleSolve.lean
A	immutable_delivery	NumStabilityTest/Reorganization/R03/Consumer/NumStability_Source_Higham_Chapter11_Higham11BunchKaufmanRoundedSolve.lean
A	immutable_delivery	NumStabilityTest/Reorganization/R03/Consumer/NumStability_Source_Higham_Chapter11_Higham11BunchKaufmanRoundedTerminal.lean
A	immutable_delivery	NumStabilityTest/Reorganization/R03/Consumer/NumStability_Source_Higham_Chapter11_Higham11BunchKaufmanRoundedTerminalClosedForm.lean
A	immutable_delivery	NumStabilityTest/Reorganization/R03/Consumer/NumStability_Source_Higham_Chapter11_Higham11BunchKaufmanSourceCorrection.lean
A	immutable_delivery	NumStabilityTest/Reorganization/R03/Consumer/NumStability_Source_Higham_Chapter11_Higham11BunchSharpGrowthBridge.lean
A	immutable_delivery	NumStabilityTest/Reorganization/R03/Consumer/NumStability_Source_Higham_Chapter11_Higham11BunchTraceHadamard.lean
A	immutable_delivery	NumStabilityTest/Reorganization/R03/Consumer/NumStability_Source_Higham_Chapter11_Higham11Chapter9ActualExecutorBridge.lean
A	immutable_delivery	NumStabilityTest/Reorganization/R03/Consumer/NumStability_Source_Higham_Chapter11_Higham11Chapter9BridgeClosure.lean
A	immutable_delivery	NumStabilityTest/Reorganization/R03/Consumer/NumStability_Source_Higham_Chapter11_Higham11RookExactTrace.lean
A	immutable_delivery	NumStabilityTest/Reorganization/R03/Consumer/NumStability_Source_Higham_Chapter11_Higham11RookExecutorAdapter.lean
A	immutable_delivery	NumStabilityTest/Reorganization/R03/Consumer/NumStability_Source_Higham_Chapter11_Higham11RookRoundedGap.lean
A	immutable_delivery	NumStabilityTest/Reorganization/R03/Consumer/NumStability_Source_Higham_Chapter11_Higham11RookSourceClosure.lean
A	immutable_delivery	NumStabilityTest/Reorganization/R03/Consumer/NumStability_Source_Higham_Chapter11_Higham11SkewActualSelector.lean
A	immutable_delivery	NumStabilityTest/Reorganization/R03/Consumer/NumStability_Source_Higham_Chapter11_Higham11SkewExactTrace.lean
A	immutable_delivery	NumStabilityTest/Reorganization/R03/Consumer/NumStability_Source_Higham_Chapter11_Higham11SkewSourceCorrection.lean
A	immutable_delivery	NumStabilityTest/Reorganization/R03/Consumer/NumStability_Source_Higham_Chapter11_Problems.lean
A	immutable_delivery	NumStabilityTest/Reorganization/R03/Consumer/NumStability_Source_Higham_Chapter11_Section01_Basic.lean
A	immutable_delivery	NumStabilityTest/Reorganization/R03/Consumer/NumStability_Source_Higham_Chapter11_Section01_CompletePivoting.lean
A	immutable_delivery	NumStabilityTest/Reorganization/R03/Consumer/NumStability_Source_Higham_Chapter11_Section01_PartialPivoting.lean
A	immutable_delivery	NumStabilityTest/Reorganization/R03/Consumer/NumStability_Source_Higham_Chapter11_Section01_RookPivoting.lean
A	immutable_delivery	NumStabilityTest/Reorganization/R03/Consumer/NumStability_Source_Higham_Chapter11_Section01_Tridiagonal.lean
A	immutable_delivery	NumStabilityTest/Reorganization/R03/Consumer/NumStability_Source_Higham_Chapter11_Section02_Aasen.lean
A	immutable_delivery	NumStabilityTest/Reorganization/R03/Consumer/NumStability_Source_Higham_Chapter11_Section03_SkewSymmetric.lean
A	immutable_delivery	NumStabilityTest/Reorganization/R03/Consumer/NumStability_Source_Higham_Chapter11_Theorem07.lean
A	immutable_delivery	NumStabilityTest/Reorganization/R03/Consumer/NumStability_Source_Higham_Chapter11_Theorem07_TridiagonalTwoByTwoResidual.lean
A	immutable_delivery	NumStabilityTest/Reorganization/R03/Consumer/NumStability_Source_Higham_Chapter11_Theorem07_TridiagonalTwoByTwoResidual_Basic.lean
A	immutable_delivery	NumStabilityTest/Reorganization/R03/Consumer/NumStability_Source_Higham_Chapter11_TwoByTwoSchurStep.lean
A	immutable_delivery	NumStabilityTest/Reorganization/R03/Consumer/NumStability_Source_Higham_Chapter12.lean
A	immutable_delivery	NumStabilityTest/Reorganization/R03/Consumer/NumStability_Source_Higham_Chapter12_IterativeRefinement_All.lean
A	immutable_delivery	NumStabilityTest/Reorganization/R03/Consumer/NumStability_Source_Higham_Chapter12_OmegaDiscontinuity.lean
A	immutable_delivery	NumStabilityTest/Reorganization/R03/Consumer/NumStability_Source_Higham_Chapter12_Problem02.lean
A	immutable_delivery	NumStabilityTest/Reorganization/R03/Consumer/NumStability_Source_Higham_Chapter13.lean
A	immutable_delivery	NumStabilityTest/Reorganization/R03/Consumer/NumStability_Source_Higham_Chapter13_BlockLU.lean
A	immutable_delivery	NumStabilityTest/Reorganization/R03/Consumer/NumStability_Source_Higham_Chapter13_DemmelSharpMultiplier.lean
A	immutable_delivery	NumStabilityTest/Reorganization/R03/Consumer/NumStability_Source_Higham_Chapter13_Equation19.lean
A	immutable_delivery	NumStabilityTest/Reorganization/R03/Consumer/NumStability_Source_Higham_Chapter13_Equation21.lean
A	immutable_delivery	NumStabilityTest/Reorganization/R03/Consumer/NumStability_Source_Higham_Chapter13_Equation22.lean
A	immutable_delivery	NumStabilityTest/Reorganization/R03/Consumer/NumStability_Source_Higham_Chapter13_Equation23.lean
A	immutable_delivery	NumStabilityTest/Reorganization/R03/Consumer/NumStability_Source_Higham_Chapter13_Equation23_PointRowGrowth.lean
A	immutable_delivery	NumStabilityTest/Reorganization/R03/Consumer/NumStability_Source_Higham_Chapter13_Equation23_ProductBounds_PointRow.lean
A	immutable_delivery	NumStabilityTest/Reorganization/R03/Consumer/NumStability_Source_Higham_Chapter13_Equation25.lean
A	immutable_delivery	NumStabilityTest/Reorganization/R03/Consumer/NumStability_Source_Higham_Chapter13_Equation25_BackwardError_Bounds.lean
A	immutable_delivery	NumStabilityTest/Reorganization/R03/Consumer/NumStability_Source_Higham_Chapter13_Equation25_Factorization.lean
A	immutable_delivery	NumStabilityTest/Reorganization/R03/Consumer/NumStability_Source_Higham_Chapter13_Equation25_Families.lean
A	immutable_delivery	NumStabilityTest/Reorganization/R03/Consumer/NumStability_Source_Higham_Chapter13_Equation25_PartitionedComputation_Implementation1.lean
A	immutable_delivery	NumStabilityTest/Reorganization/R03/Consumer/NumStability_Source_Higham_Chapter13_Lemma09.lean
A	immutable_delivery	NumStabilityTest/Reorganization/R03/Consumer/NumStability_Source_Higham_Chapter13_Lemma10.lean
A	immutable_delivery	NumStabilityTest/Reorganization/R03/Consumer/NumStability_Source_Higham_Chapter13_Lemma10_ConditionNumber.lean
A	immutable_delivery	NumStabilityTest/Reorganization/R03/Consumer/NumStability_Source_Higham_Chapter13_Lemma10_SchurComplement.lean
A	immutable_delivery	NumStabilityTest/Reorganization/R03/Consumer/NumStability_Source_Higham_Chapter13_Problem02.lean
A	immutable_delivery	NumStabilityTest/Reorganization/R03/Consumer/NumStability_Source_Higham_Chapter13_Problem03.lean
A	immutable_delivery	NumStabilityTest/Reorganization/R03/Consumer/NumStability_Source_Higham_Chapter13_Problem04.lean
A	immutable_delivery	NumStabilityTest/Reorganization/R03/Consumer/NumStability_Source_Higham_Chapter13_Problem04_ActiveStageBounds.lean
A	immutable_delivery	NumStabilityTest/Reorganization/R03/Consumer/NumStability_Source_Higham_Chapter13_Problem04_ActiveStageProducts.lean
A	immutable_delivery	NumStabilityTest/Reorganization/R03/Consumer/NumStability_Source_Higham_Chapter13_Problem04_ActiveTailProducts.lean
A	immutable_delivery	NumStabilityTest/Reorganization/R03/Consumer/NumStability_Source_Higham_Chapter13_Problem04_BlockInverseBounds.lean
A	immutable_delivery	NumStabilityTest/Reorganization/R03/Consumer/NumStability_Source_Higham_Chapter13_Problem04_ComparisonChains.lean
A	immutable_delivery	NumStabilityTest/Reorganization/R03/Consumer/NumStability_Source_Higham_Chapter13_Problem04_DeterminantChainProducts.lean
A	immutable_delivery	NumStabilityTest/Reorganization/R03/Consumer/NumStability_Source_Higham_Chapter13_Problem04_FactorizationExistence.lean
A	immutable_delivery	NumStabilityTest/Reorganization/R03/Consumer/NumStability_Source_Higham_Chapter13_Problem04_FactorizationProducts.lean
A	immutable_delivery	NumStabilityTest/Reorganization/R03/Consumer/NumStability_Source_Higham_Chapter13_Problem04_FactorizationProducts_ComparisonUpdates.lean
A	immutable_delivery	NumStabilityTest/Reorganization/R03/Consumer/NumStability_Source_Higham_Chapter13_Problem04_FactorizationProducts_DeterminantBounds.lean
A	immutable_delivery	NumStabilityTest/Reorganization/R03/Consumer/NumStability_Source_Higham_Chapter13_Problem04_FactorizationProducts_InverseBounds.lean
A	immutable_delivery	NumStabilityTest/Reorganization/R03/Consumer/NumStability_Source_Higham_Chapter13_Problem04_FactorizationProducts_LocalComparisons.lean
A	immutable_delivery	NumStabilityTest/Reorganization/R03/Consumer/NumStability_Source_Higham_Chapter13_Problem04_FactorizationProducts_LowerBlockBudgets.lean
A	immutable_delivery	NumStabilityTest/Reorganization/R03/Consumer/NumStability_Source_Higham_Chapter13_Problem04_GlobalTableauChain.lean
A	immutable_delivery	NumStabilityTest/Reorganization/R03/Consumer/NumStability_Source_Higham_Chapter13_Problem04_GlobalTableauGrowth.lean
A	immutable_delivery	NumStabilityTest/Reorganization/R03/Consumer/NumStability_Source_Higham_Chapter13_Problem04_GlobalTableauProducts.lean
A	immutable_delivery	NumStabilityTest/Reorganization/R03/Consumer/NumStability_Source_Higham_Chapter13_Problem04_GlobalTableauProducts_ActiveSuffix.lean
A	immutable_delivery	NumStabilityTest/Reorganization/R03/Consumer/NumStability_Source_Higham_Chapter13_Problem04_GlobalTableauProducts_DiagonalUpdate.lean
A	immutable_delivery	NumStabilityTest/Reorganization/R03/Consumer/NumStability_Source_Higham_Chapter13_Problem04_GlobalTableauProducts_TailChain.lean
A	immutable_delivery	NumStabilityTest/Reorganization/R03/Consumer/NumStability_Source_Higham_Chapter13_Problem04_HistoryEnvelope.lean
A	immutable_delivery	NumStabilityTest/Reorganization/R03/Consumer/NumStability_Source_Higham_Chapter13_Problem04_InfNormGrowth.lean
A	immutable_delivery	NumStabilityTest/Reorganization/R03/Consumer/NumStability_Source_Higham_Chapter13_Problem04_InverseRatioChain.lean
A	immutable_delivery	NumStabilityTest/Reorganization/R03/Consumer/NumStability_Source_Higham_Chapter13_Problem04_LocalGrowth.lean
A	immutable_delivery	NumStabilityTest/Reorganization/R03/Consumer/NumStability_Source_Higham_Chapter13_Problem04_LowerComparisonChain.lean
A	immutable_delivery	NumStabilityTest/Reorganization/R03/Consumer/NumStability_Source_Higham_Chapter13_Problem04_MatrixStageHistory.lean
A	immutable_delivery	NumStabilityTest/Reorganization/R03/Consumer/NumStability_Source_Higham_Chapter13_Problem04_MatrixStages.lean
A	immutable_delivery	NumStabilityTest/Reorganization/R03/Consumer/NumStability_Source_Higham_Chapter13_Problem04_OneStepProducts.lean
A	immutable_delivery	NumStabilityTest/Reorganization/R03/Consumer/NumStability_Source_Higham_Chapter13_Problem04_ProductBounds.lean
A	immutable_delivery	NumStabilityTest/Reorganization/R03/Consumer/NumStability_Source_Higham_Chapter13_Problem04_RecursiveBudgetChains.lean
A	immutable_delivery	NumStabilityTest/Reorganization/R03/Consumer/NumStability_Source_Higham_Chapter13_Problem04_ScalarGrowthBridge.lean
A	immutable_delivery	NumStabilityTest/Reorganization/R03/Consumer/NumStability_Source_Higham_Chapter13_Problem04_StageHistory.lean
A	immutable_delivery	NumStabilityTest/Reorganization/R03/Consumer/NumStability_Source_Higham_Chapter13_Problem06.lean
A	immutable_delivery	NumStabilityTest/Reorganization/R03/Consumer/NumStability_Source_Higham_Chapter13_Section01.lean
A	immutable_delivery	NumStabilityTest/Reorganization/R03/Consumer/NumStability_Source_Higham_Chapter13_Section01_OperationModels.lean
A	immutable_delivery	NumStabilityTest/Reorganization/R03/Consumer/NumStability_Source_Higham_Chapter13_Section03.lean
A	immutable_delivery	NumStabilityTest/Reorganization/R03/Consumer/NumStability_Source_Higham_Chapter13_Section03_ArbitraryNormDominance.lean
A	immutable_delivery	NumStabilityTest/Reorganization/R03/Consumer/NumStability_Source_Higham_Chapter13_Section03_ColumnDominanceClosure.lean
A	immutable_delivery	NumStabilityTest/Reorganization/R03/Consumer/NumStability_Source_Higham_Chapter13_Section03_RowDominanceClosure.lean
A	immutable_delivery	NumStabilityTest/Reorganization/R03/Consumer/NumStability_Source_Higham_Chapter13_Section03_SPDFactorBounds.lean
A	immutable_delivery	NumStabilityTest/Reorganization/R03/Consumer/NumStability_Source_Higham_Chapter13_Section03_SchurStageAnalysis.lean
A	immutable_delivery	NumStabilityTest/Reorganization/R03/Consumer/NumStability_Source_Higham_Chapter13_Table01.lean
A	immutable_delivery	NumStabilityTest/Reorganization/R03/Consumer/NumStability_Source_Higham_Chapter13_Table01_BackwardErrorBounds_Endpoints.lean
A	immutable_delivery	NumStabilityTest/Reorganization/R03/Consumer/NumStability_Source_Higham_Chapter13_Table01_ProductTransfers_Families.lean
A	immutable_delivery	NumStabilityTest/Reorganization/R03/Consumer/NumStability_Source_Higham_Chapter13_Theorem02.lean
A	immutable_delivery	NumStabilityTest/Reorganization/R03/Consumer/NumStability_Source_Higham_Chapter13_Theorem02_Factorization.lean
A	immutable_delivery	NumStabilityTest/Reorganization/R03/Consumer/NumStability_Source_Higham_Chapter13_Theorem02_Uniqueness.lean
A	immutable_delivery	NumStabilityTest/Reorganization/R03/Consumer/NumStability_Source_Higham_Chapter13_Theorem05.lean
A	immutable_delivery	NumStabilityTest/Reorganization/R03/Consumer/NumStability_Source_Higham_Chapter13_Theorem05_ErrorAnalysis.lean
A	immutable_delivery	NumStabilityTest/Reorganization/R03/Consumer/NumStability_Source_Higham_Chapter13_Theorem05_FamilyErrorAnalysis.lean
A	immutable_delivery	NumStabilityTest/Reorganization/R03/Consumer/NumStability_Source_Higham_Chapter13_Theorem06.lean
A	immutable_delivery	NumStabilityTest/Reorganization/R03/Consumer/NumStability_Source_Higham_Chapter13_Theorem06_AssumptionModel.lean
A	immutable_delivery	NumStabilityTest/Reorganization/R03/Consumer/NumStability_Source_Higham_Chapter13_Theorem06_Computation.lean
A	immutable_delivery	NumStabilityTest/Reorganization/R03/Consumer/NumStability_Source_Higham_Chapter13_Theorem06_FactorAndSolve.lean
A	immutable_delivery	NumStabilityTest/Reorganization/R03/Consumer/NumStability_Source_Higham_Chapter13_Theorem07.lean
A	immutable_delivery	NumStabilityTest/Reorganization/R03/Consumer/NumStability_Source_Higham_Chapter13_Theorem07_PivotExistence.lean
A	immutable_delivery	NumStabilityTest/Reorganization/R03/Consumer/NumStability_Source_Higham_Chapter14.lean
A	immutable_delivery	NumStabilityTest/Reorganization/R03/Consumer/NumStability_Source_Higham_Chapter14_Algorithm04.lean
A	immutable_delivery	NumStabilityTest/Reorganization/R03/Consumer/NumStability_Source_Higham_Chapter14_Algorithm04_Accumulation.lean
A	immutable_delivery	NumStabilityTest/Reorganization/R03/Consumer/NumStability_Source_Higham_Chapter14_Algorithm04_Accumulation_GJESourceAccumulationBridge.lean
A	immutable_delivery	NumStabilityTest/Reorganization/R03/Consumer/NumStability_Source_Higham_Chapter14_Algorithm04_Accumulation_GaussJordanAccumulation.lean
A	immutable_delivery	NumStabilityTest/Reorganization/R03/Consumer/NumStability_Source_Higham_Chapter14_Algorithm04_Execution.lean
A	immutable_delivery	NumStabilityTest/Reorganization/R03/Consumer/NumStability_Source_Higham_Chapter14_Algorithm04_Execution_GJEActualDoolittleAdapter.lean
A	immutable_delivery	NumStabilityTest/Reorganization/R03/Consumer/NumStability_Source_Higham_Chapter14_Algorithm04_Execution_GJEFinalDivisionClosure.lean
A	immutable_delivery	NumStabilityTest/Reorganization/R03/Consumer/NumStability_Source_Higham_Chapter14_Algorithm04_Execution_GJEOperationalBridge.lean
A	immutable_delivery	NumStabilityTest/Reorganization/R03/Consumer/NumStability_Source_Higham_Chapter14_Algorithm04_Execution_GaussJordanSourceClosure.lean
A	immutable_delivery	NumStabilityTest/Reorganization/R03/Consumer/NumStability_Source_Higham_Chapter14_Algorithm04_Pivoting.lean
A	immutable_delivery	NumStabilityTest/Reorganization/R03/Consumer/NumStability_Source_Higham_Chapter14_Algorithm04_Pivoting_GaussJordanPivoting.lean
A	immutable_delivery	NumStabilityTest/Reorganization/R03/Consumer/NumStability_Source_Higham_Chapter14_Algorithm04_SecondStage.lean
A	immutable_delivery	NumStabilityTest/Reorganization/R03/Consumer/NumStability_Source_Higham_Chapter14_Algorithm04_SecondStage_GaussJordanQConstruction.lean
A	immutable_delivery	NumStabilityTest/Reorganization/R03/Consumer/NumStability_Source_Higham_Chapter14_Algorithm04_SecondStage_GaussJordanStep.lean
A	immutable_delivery	NumStabilityTest/Reorganization/R03/Consumer/NumStability_Source_Higham_Chapter14_Corollary06.lean
A	immutable_delivery	NumStabilityTest/Reorganization/R03/Consumer/NumStability_Source_Higham_Chapter14_Corollary06_SPD.lean
A	immutable_delivery	NumStabilityTest/Reorganization/R03/Consumer/NumStability_Source_Higham_Chapter14_Corollary06_SPD_Closure.lean
A	immutable_delivery	NumStabilityTest/Reorganization/R03/Consumer/NumStability_Source_Higham_Chapter14_Corollary06_SPD_Concrete.lean
A	immutable_delivery	NumStabilityTest/Reorganization/R03/Consumer/NumStability_Source_Higham_Chapter14_Corollary06_SPD_GaussJordanSPDCorollary.lean
A	immutable_delivery	NumStabilityTest/Reorganization/R03/Consumer/NumStability_Source_Higham_Chapter14_Corollary06_SPD_SourceClosure.lean
A	immutable_delivery	NumStabilityTest/Reorganization/R03/Consumer/NumStability_Source_Higham_Chapter14_Corollary06_SPD_UniformInverseBridge.lean
A	immutable_delivery	NumStabilityTest/Reorganization/R03/Consumer/NumStability_Source_Higham_Chapter14_Corollary07.lean
A	immutable_delivery	NumStabilityTest/Reorganization/R03/Consumer/NumStability_Source_Higham_Chapter14_Corollary07_DiagonalDominance.lean
A	immutable_delivery	NumStabilityTest/Reorganization/R03/Consumer/NumStability_Source_Higham_Chapter14_Corollary07_DiagonalDominance_Basic.lean
A	immutable_delivery	NumStabilityTest/Reorganization/R03/Consumer/NumStability_Source_Higham_Chapter14_Corollary07_DiagonalDominance_Closure.lean
A	immutable_delivery	NumStabilityTest/Reorganization/R03/Consumer/NumStability_Source_Higham_Chapter14_Corollary07_DiagonalDominance_Concrete.lean
A	immutable_delivery	NumStabilityTest/Reorganization/R03/Consumer/NumStability_Source_Higham_Chapter14_Corollary07_DiagonalDominance_FinalDivisionFamilyClosure.lean
A	immutable_delivery	NumStabilityTest/Reorganization/R03/Consumer/NumStability_Source_Higham_Chapter14_Corollary07_DiagonalDominance_SourceClosure.lean
A	immutable_delivery	NumStabilityTest/Reorganization/R03/Consumer/NumStability_Source_Higham_Chapter14_Corollary07_DiagonalDominance_SourceDomainConstructor.lean
A	immutable_delivery	NumStabilityTest/Reorganization/R03/Consumer/NumStability_Source_Higham_Chapter14_Corollary07_DiagonalDominance_WeakFamily.lean
A	immutable_delivery	NumStabilityTest/Reorganization/R03/Consumer/NumStability_Source_Higham_Chapter14_Discrepancies.lean
A	immutable_delivery	NumStabilityTest/Reorganization/R03/Consumer/NumStability_Source_Higham_Chapter14_Equation34.lean
A	immutable_delivery	NumStabilityTest/Reorganization/R03/Consumer/NumStability_Source_Higham_Chapter14_Equation34_DeterminantFromLU.lean
A	immutable_delivery	NumStabilityTest/Reorganization/R03/Consumer/NumStability_Source_Higham_Chapter14_Equation34_DeterminantFromLU_MatrixInversion.lean
A	immutable_delivery	NumStabilityTest/Reorganization/R03/Consumer/NumStability_Source_Higham_Chapter14_Equation35.lean
A	immutable_delivery	NumStabilityTest/Reorganization/R03/Consumer/NumStability_Source_Higham_Chapter14_Equation35_HymanBlockFactorization.lean
A	immutable_delivery	NumStabilityTest/Reorganization/R03/Consumer/NumStability_Source_Higham_Chapter14_Equation35_HymanBlockFactorization_MatrixInversion.lean
A	immutable_delivery	NumStabilityTest/Reorganization/R03/Consumer/NumStability_Source_Higham_Chapter14_Equation36.lean
A	immutable_delivery	NumStabilityTest/Reorganization/R03/Consumer/NumStability_Source_Higham_Chapter14_Equation36_HymanDeterminant.lean
A	immutable_delivery	NumStabilityTest/Reorganization/R03/Consumer/NumStability_Source_Higham_Chapter14_Equation36_HymanDeterminant_MatrixInversion.lean
A	immutable_delivery	NumStabilityTest/Reorganization/R03/Consumer/NumStability_Source_Higham_Chapter14_Problem02.lean
A	immutable_delivery	NumStabilityTest/Reorganization/R03/Consumer/NumStability_Source_Higham_Chapter14_Problem02_TriangularInversion.lean
A	immutable_delivery	NumStabilityTest/Reorganization/R03/Consumer/NumStability_Source_Higham_Chapter14_Problem02_TriangularInversion_Basic.lean
A	immutable_delivery	NumStabilityTest/Reorganization/R03/Consumer/NumStability_Source_Higham_Chapter14_Problem02_TriangularInversion_Families.lean
A	immutable_delivery	NumStabilityTest/Reorganization/R03/Consumer/NumStability_Source_Higham_Chapter14_Problem02_TriangularInversion_Method2B.lean
A	immutable_delivery	NumStabilityTest/Reorganization/R03/Consumer/NumStability_Source_Higham_Chapter14_Problem03.lean
A	immutable_delivery	NumStabilityTest/Reorganization/R03/Consumer/NumStability_Source_Higham_Chapter14_Problem03_ResidualComparison.lean
A	immutable_delivery	NumStabilityTest/Reorganization/R03/Consumer/NumStability_Source_Higham_Chapter14_Problem03_ResidualComparison_MatrixInversion.lean
A	immutable_delivery	NumStabilityTest/Reorganization/R03/Consumer/NumStability_Source_Higham_Chapter14_Problem04.lean
A	immutable_delivery	NumStabilityTest/Reorganization/R03/Consumer/NumStability_Source_Higham_Chapter14_Problem04_ResidualCounterexample.lean
A	immutable_delivery	NumStabilityTest/Reorganization/R03/Consumer/NumStability_Source_Higham_Chapter14_Problem04_ResidualCounterexample_MatrixInversion.lean
A	immutable_delivery	NumStabilityTest/Reorganization/R03/Consumer/NumStability_Source_Higham_Chapter14_Problem05.lean
A	immutable_delivery	NumStabilityTest/Reorganization/R03/Consumer/NumStability_Source_Higham_Chapter14_Problem05_InverseBasedSolve.lean
A	immutable_delivery	NumStabilityTest/Reorganization/R03/Consumer/NumStability_Source_Higham_Chapter14_Problem05_InverseBasedSolve_AsymptoticFamilies.lean
A	immutable_delivery	NumStabilityTest/Reorganization/R03/Consumer/NumStability_Source_Higham_Chapter14_Problem05_InverseBasedSolve_ForwardErrorEndpoint.lean
A	immutable_delivery	NumStabilityTest/Reorganization/R03/Consumer/NumStability_Source_Higham_Chapter14_Problem05_InverseBasedSolve_MatrixInversion.lean
A	immutable_delivery	NumStabilityTest/Reorganization/R03/Consumer/NumStability_Source_Higham_Chapter14_Problem07.lean
A	immutable_delivery	NumStabilityTest/Reorganization/R03/Consumer/NumStability_Source_Higham_Chapter14_Problem07_OnesVector.lean
A	immutable_delivery	NumStabilityTest/Reorganization/R03/Consumer/NumStability_Source_Higham_Chapter14_Problem07_OnesVector_MatrixInversion.lean
A	immutable_delivery	NumStabilityTest/Reorganization/R03/Consumer/NumStability_Source_Higham_Chapter14_Problem08.lean
A	immutable_delivery	NumStabilityTest/Reorganization/R03/Consumer/NumStability_Source_Higham_Chapter14_Problem08_ComplexInverseRealBlock.lean
A	immutable_delivery	NumStabilityTest/Reorganization/R03/Consumer/NumStability_Source_Higham_Chapter14_Problem08_ComplexInverseRealBlock_MatrixInversion.lean
A	immutable_delivery	NumStabilityTest/Reorganization/R03/Consumer/NumStability_Source_Higham_Chapter14_Problem10.lean
A	immutable_delivery	NumStabilityTest/Reorganization/R03/Consumer/NumStability_Source_Higham_Chapter14_Problem10_EntryPerturbation.lean
A	immutable_delivery	NumStabilityTest/Reorganization/R03/Consumer/NumStability_Source_Higham_Chapter14_Problem10_EntryPerturbation_MatrixInversion.lean
A	immutable_delivery	NumStabilityTest/Reorganization/R03/Consumer/NumStability_Source_Higham_Chapter14_Problem11.lean
A	immutable_delivery	NumStabilityTest/Reorganization/R03/Consumer/NumStability_Source_Higham_Chapter14_Problem11_HadamardCondition.lean
A	immutable_delivery	NumStabilityTest/Reorganization/R03/Consumer/NumStability_Source_Higham_Chapter14_Problem11_HadamardCondition_MatrixInversion.lean
A	immutable_delivery	NumStabilityTest/Reorganization/R03/Consumer/NumStability_Source_Higham_Chapter14_Problem12.lean
A	immutable_delivery	NumStabilityTest/Reorganization/R03/Consumer/NumStability_Source_Higham_Chapter14_Problem12_HadamardExamples.lean
A	immutable_delivery	NumStabilityTest/Reorganization/R03/Consumer/NumStability_Source_Higham_Chapter14_Problem12_HadamardExamples_MatrixInversion.lean
A	immutable_delivery	NumStabilityTest/Reorganization/R03/Consumer/NumStability_Source_Higham_Chapter14_Problem13.lean
A	immutable_delivery	NumStabilityTest/Reorganization/R03/Consumer/NumStability_Source_Higham_Chapter14_Problem13_GEJBound.lean
A	immutable_delivery	NumStabilityTest/Reorganization/R03/Consumer/NumStability_Source_Higham_Chapter14_Problem13_GEJBound_MatrixInversion.lean
A	immutable_delivery	NumStabilityTest/Reorganization/R03/Consumer/NumStability_Source_Higham_Chapter14_Problem14.lean
A	immutable_delivery	NumStabilityTest/Reorganization/R03/Consumer/NumStability_Source_Higham_Chapter14_Problem14_HymanDeterminant.lean
A	immutable_delivery	NumStabilityTest/Reorganization/R03/Consumer/NumStability_Source_Higham_Chapter14_Problem14_HymanDeterminant_MatrixInversion.lean
A	immutable_delivery	NumStabilityTest/Reorganization/R03/Consumer/NumStability_Source_Higham_Chapter14_Problem15.lean
A	immutable_delivery	NumStabilityTest/Reorganization/R03/Consumer/NumStability_Source_Higham_Chapter14_Problem15_DeterminantPerturbation.lean
A	immutable_delivery	NumStabilityTest/Reorganization/R03/Consumer/NumStability_Source_Higham_Chapter14_Problem15_DeterminantPerturbation_MatrixInversion.lean
A	immutable_delivery	NumStabilityTest/Reorganization/R03/Consumer/NumStability_Source_Higham_Chapter14_Section01.lean
A	immutable_delivery	NumStabilityTest/Reorganization/R03/Consumer/NumStability_Source_Higham_Chapter14_Section01_InverseErrorAnalysis.lean
A	immutable_delivery	NumStabilityTest/Reorganization/R03/Consumer/NumStability_Source_Higham_Chapter14_Section01_InverseErrorAnalysis_AsymptoticFamilies.lean
A	immutable_delivery	NumStabilityTest/Reorganization/R03/Consumer/NumStability_Source_Higham_Chapter14_Section01_InverseErrorAnalysis_ForwardErrorEndpoint.lean
A	immutable_delivery	NumStabilityTest/Reorganization/R03/Consumer/NumStability_Source_Higham_Chapter14_Section01_InverseErrorAnalysis_MatrixInversion.lean
A	immutable_delivery	NumStabilityTest/Reorganization/R03/Consumer/NumStability_Source_Higham_Chapter14_Section01_ProductErrorNotation.lean
A	immutable_delivery	NumStabilityTest/Reorganization/R03/Consumer/NumStability_Source_Higham_Chapter14_Section01_ProductErrorNotation_ProductErrorNotation.lean
A	immutable_delivery	NumStabilityTest/Reorganization/R03/Consumer/NumStability_Source_Higham_Chapter14_Section02.lean
A	immutable_delivery	NumStabilityTest/Reorganization/R03/Consumer/NumStability_Source_Higham_Chapter14_Section02_TriangularInversion.lean
A	immutable_delivery	NumStabilityTest/Reorganization/R03/Consumer/NumStability_Source_Higham_Chapter14_Section02_TriangularInversion_Method1.lean
A	immutable_delivery	NumStabilityTest/Reorganization/R03/Consumer/NumStability_Source_Higham_Chapter14_Section02_TriangularInversion_Method1B.lean
A	immutable_delivery	NumStabilityTest/Reorganization/R03/Consumer/NumStability_Source_Higham_Chapter14_Section02_TriangularInversion_Method1B_BlockTriInverse.lean
A	immutable_delivery	NumStabilityTest/Reorganization/R03/Consumer/NumStability_Source_Higham_Chapter14_Section02_TriangularInversion_Method1B_Method1BWhole.lean
A	immutable_delivery	NumStabilityTest/Reorganization/R03/Consumer/NumStability_Source_Higham_Chapter14_Section02_TriangularInversion_Method1_AsymptoticFamilies.lean
A	immutable_delivery	NumStabilityTest/Reorganization/R03/Consumer/NumStability_Source_Higham_Chapter14_Section02_TriangularInversion_Method1_ForwardErrorEndpoint.lean
A	immutable_delivery	NumStabilityTest/Reorganization/R03/Consumer/NumStability_Source_Higham_Chapter14_Section02_TriangularInversion_Method2.lean
A	immutable_delivery	NumStabilityTest/Reorganization/R03/Consumer/NumStability_Source_Higham_Chapter14_Section02_TriangularInversion_Method2B.lean
A	immutable_delivery	NumStabilityTest/Reorganization/R03/Consumer/NumStability_Source_Higham_Chapter14_Section02_TriangularInversion_Method2B_MatrixInversion.lean
A	immutable_delivery	NumStabilityTest/Reorganization/R03/Consumer/NumStability_Source_Higham_Chapter14_Section02_TriangularInversion_Method2B_MatrixInversionMethod2BInstance.lean
A	immutable_delivery	NumStabilityTest/Reorganization/R03/Consumer/NumStability_Source_Higham_Chapter14_Section02_TriangularInversion_Method2C.lean
A	immutable_delivery	NumStabilityTest/Reorganization/R03/Consumer/NumStability_Source_Higham_Chapter14_Section02_TriangularInversion_Method2C_Method2C.lean
A	immutable_delivery	NumStabilityTest/Reorganization/R03/Consumer/NumStability_Source_Higham_Chapter14_Section02_TriangularInversion_Method2C_Method2CWhole.lean
A	immutable_delivery	NumStabilityTest/Reorganization/R03/Consumer/NumStability_Source_Higham_Chapter14_Section02_TriangularInversion_Method2_Method2Loop.lean
A	immutable_delivery	NumStabilityTest/Reorganization/R03/Consumer/NumStability_Source_Higham_Chapter14_Section03.lean
A	immutable_delivery	NumStabilityTest/Reorganization/R03/Consumer/NumStability_Source_Higham_Chapter14_Section03_LUFactorInversion.lean
A	immutable_delivery	NumStabilityTest/Reorganization/R03/Consumer/NumStability_Source_Higham_Chapter14_Section03_LUFactorInversion_MethodB.lean
A	immutable_delivery	NumStabilityTest/Reorganization/R03/Consumer/NumStability_Source_Higham_Chapter14_Section03_LUFactorInversion_MethodB_MethodsBC.lean
A	immutable_delivery	NumStabilityTest/Reorganization/R03/Consumer/NumStability_Source_Higham_Chapter14_Section03_LUFactorInversion_MethodC.lean
A	immutable_delivery	NumStabilityTest/Reorganization/R03/Consumer/NumStability_Source_Higham_Chapter14_Section03_LUFactorInversion_MethodC_MethodsBC.lean
A	immutable_delivery	NumStabilityTest/Reorganization/R03/Consumer/NumStability_Source_Higham_Chapter14_Section03_LUFactorInversion_MethodD.lean
A	immutable_delivery	NumStabilityTest/Reorganization/R03/Consumer/NumStability_Source_Higham_Chapter14_Section03_LUFactorInversion_MethodD_MatrixInversion.lean
A	immutable_delivery	NumStabilityTest/Reorganization/R03/Consumer/NumStability_Source_Higham_Chapter14_Section03_LUFactorInversion_MethodD_MethodDLeftResidual.lean
A	immutable_delivery	NumStabilityTest/Reorganization/R03/Consumer/NumStability_Source_Higham_Chapter14_Section03_LUFactorInversion_MethodD_MethodDProductDischarge.lean
A	immutable_delivery	NumStabilityTest/Reorganization/R03/Consumer/NumStability_Source_Higham_Chapter14_Section03_LUFactorInversion_MethodD_MethodDUpperCertificate.lean
A	immutable_delivery	NumStabilityTest/Reorganization/R03/Consumer/NumStability_Source_Higham_Chapter14_Section03_ResidualOperatorTwoNorm.lean
A	immutable_delivery	NumStabilityTest/Reorganization/R03/Consumer/NumStability_Source_Higham_Chapter14_Section03_ResidualOperatorTwoNorm_Bridge.lean
A	immutable_delivery	NumStabilityTest/Reorganization/R03/Consumer/NumStability_Source_Higham_Chapter14_Section05.lean
A	immutable_delivery	NumStabilityTest/Reorganization/R03/Consumer/NumStability_Source_Higham_Chapter14_Section05_SpectralConvergence.lean
A	immutable_delivery	NumStabilityTest/Reorganization/R03/Consumer/NumStability_Source_Higham_Chapter14_Theorem05.lean
A	immutable_delivery	NumStabilityTest/Reorganization/R03/Consumer/NumStability_Source_Higham_Chapter14_Theorem05_ForwardError.lean
A	immutable_delivery	NumStabilityTest/Reorganization/R03/Consumer/NumStability_Source_Higham_Chapter14_Theorem05_ForwardError_GJEAsymptoticFamilies.lean
A	immutable_delivery	NumStabilityTest/Reorganization/R03/Consumer/NumStability_Source_Higham_Chapter14_Theorem05_ForwardError_GJEFinalDivisionClosure.lean
A	immutable_delivery	NumStabilityTest/Reorganization/R03/Consumer/NumStability_Source_Higham_Chapter14_Theorem05_ForwardError_GJEPrintedEnvelopeClosure.lean
A	immutable_delivery	NumStabilityTest/Reorganization/R03/Consumer/NumStability_Source_Higham_Chapter14_Theorem05_ForwardError_GJETheorem145SourceClosure.lean
A	immutable_delivery	NumStabilityTest/Reorganization/R03/Consumer/NumStability_Source_Higham_Chapter14_Theorem05_ForwardError_GaussJordanQConstruction.lean
A	immutable_delivery	NumStabilityTest/Reorganization/R03/Consumer/NumStability_Source_Higham_Chapter15.lean
A	immutable_delivery	NumStabilityTest/Reorganization/R03/Consumer/NumStability_Source_Higham_Chapter15_Algorithm01_PNormPowerMethod_ConvergenceStatements.lean
A	immutable_delivery	NumStabilityTest/Reorganization/R03/Consumer/NumStability_Source_Higham_Chapter15_Algorithm01_PNormPowerMethod_PNormPowerMethod.lean
A	immutable_delivery	NumStabilityTest/Reorganization/R03/Consumer/NumStability_Source_Higham_Chapter15_Algorithm01_PNormPowerMethod_PNormRectangular.lean
A	immutable_delivery	NumStabilityTest/Reorganization/R03/Consumer/NumStability_Source_Higham_Chapter15_Algorithm03_OneNormPowerMethod_Basic.lean
A	immutable_delivery	NumStabilityTest/Reorganization/R03/Consumer/NumStability_Source_Higham_Chapter15_Algorithm04_LAPACKNormEstimator_Basic.lean
A	immutable_delivery	NumStabilityTest/Reorganization/R03/Consumer/NumStability_Source_Higham_Chapter15_Algorithm04_LAPACKNormEstimator_ConditionEstimate_Bounds.lean
A	immutable_delivery	NumStabilityTest/Reorganization/R03/Consumer/NumStability_Source_Higham_Chapter15_Algorithm05_LINPACKConditionEstimator_Basic.lean
A	immutable_delivery	NumStabilityTest/Reorganization/R03/Consumer/NumStability_Source_Higham_Chapter15_Algorithm05_LINPACKConditionEstimator_InverseNormBound_TriangularSolve.lean
A	immutable_delivery	NumStabilityTest/Reorganization/R03/Consumer/NumStability_Source_Higham_Chapter15_Equation02_Subgradient_PNormGeneral.lean
A	immutable_delivery	NumStabilityTest/Reorganization/R03/Consumer/NumStability_Source_Higham_Chapter15_Equation02_Subgradient_PNormPowerMethod.lean
A	immutable_delivery	NumStabilityTest/Reorganization/R03/Consumer/NumStability_Source_Higham_Chapter15_Equation03_GradientQuotient_ConvergenceStatements.lean
A	immutable_delivery	NumStabilityTest/Reorganization/R03/Consumer/NumStability_Source_Higham_Chapter15_Equation03_GradientQuotient_PNormGeneral.lean
A	immutable_delivery	NumStabilityTest/Reorganization/R03/Consumer/NumStability_Source_Higham_Chapter15_Equation03_GradientQuotient_PNormPowerMethod.lean
A	immutable_delivery	NumStabilityTest/Reorganization/R03/Consumer/NumStability_Source_Higham_Chapter15_Equation04_NormalizedDualDiscrepancy_Basic.lean
A	immutable_delivery	NumStabilityTest/Reorganization/R03/Consumer/NumStability_Source_Higham_Chapter15_Equation05_SubgradientInequality_Basic.lean
A	immutable_delivery	NumStabilityTest/Reorganization/R03/Consumer/NumStability_Source_Higham_Chapter15_Equation06_LAPACKCounterexample_Basic.lean
A	immutable_delivery	NumStabilityTest/Reorganization/R03/Consumer/NumStability_Source_Higham_Chapter15_Equation07_DixonBound_Basic.lean
A	immutable_delivery	NumStabilityTest/Reorganization/R03/Consumer/NumStability_Source_Higham_Chapter15_Lemma02_PNormPowerMethod_BoydInterface.lean
A	immutable_delivery	NumStabilityTest/Reorganization/R03/Consumer/NumStability_Source_Higham_Chapter15_Lemma02_PNormPowerMethod_BoydUniqueness.lean
A	immutable_delivery	NumStabilityTest/Reorganization/R03/Consumer/NumStability_Source_Higham_Chapter15_Lemma02_PNormPowerMethod_PNormPowerMethod.lean
A	immutable_delivery	NumStabilityTest/Reorganization/R03/Consumer/NumStability_Source_Higham_Chapter15_Lemma02_PNormPowerMethod_PNormRectangular.lean
A	immutable_delivery	NumStabilityTest/Reorganization/R03/Consumer/NumStability_Source_Higham_Chapter15_Problem04_LUConditionBounds_Basic.lean
A	immutable_delivery	NumStabilityTest/Reorganization/R03/Consumer/NumStability_Source_Higham_Chapter15_Problem06_TridiagonalInverseNorm_Recurrences_ArrayExecution.lean
A	immutable_delivery	NumStabilityTest/Reorganization/R03/Consumer/NumStability_Source_Higham_Chapter15_Problem06_TridiagonalInverseNorm_Recurrences_EntryFormulas.lean
A	immutable_delivery	NumStabilityTest/Reorganization/R03/Consumer/NumStability_Source_Higham_Chapter15_Problem06_TridiagonalInverseNorm_Recurrences_FactorizationAndNorm.lean
A	immutable_delivery	NumStabilityTest/Reorganization/R03/Consumer/NumStability_Source_Higham_Chapter15_Problem06_TridiagonalInverseNorm_TridiagonalInverse.lean
A	immutable_delivery	NumStabilityTest/Reorganization/R03/Consumer/NumStability_Source_Higham_Chapter15_Problem06_TridiagonalInverseNorm_TridiagonalInverseCompletion.lean
A	immutable_delivery	NumStabilityTest/Reorganization/R03/Consumer/NumStability_Source_Higham_Chapter15_Problem06_TridiagonalInverseNorm_TridiagonalInverseRuns.lean
A	immutable_delivery	NumStabilityTest/Reorganization/R03/Consumer/NumStability_Source_Higham_Chapter15_Section01_ConditionNumbers_CondEstimation.lean
A	immutable_delivery	NumStabilityTest/Reorganization/R03/Consumer/NumStability_Source_Higham_Chapter15_Section01_ConditionNumbers_ConditionEstimators.lean
A	immutable_delivery	NumStabilityTest/Reorganization/R03/Consumer/NumStability_Source_Higham_Chapter15_Section02_Boyd_Corrections_BoydConcrete.lean
A	immutable_delivery	NumStabilityTest/Reorganization/R03/Consumer/NumStability_Source_Higham_Chapter15_Section02_Boyd_Corrections_BoydLocal.lean
A	immutable_delivery	NumStabilityTest/Reorganization/R03/Consumer/NumStability_Source_Higham_Chapter15_Section02_Boyd_Corrections_BoydLocalStability.lean
A	immutable_delivery	NumStabilityTest/Reorganization/R03/Consumer/NumStability_Source_Higham_Chapter15_Section02_Boyd_Corrections_ConvergenceStatements.lean
A	immutable_delivery	NumStabilityTest/Reorganization/R03/Consumer/NumStability_Source_Higham_Chapter15_Section02_Boyd_EndpointTermination_ConvergenceStatements.lean
A	immutable_delivery	NumStabilityTest/Reorganization/R03/Consumer/NumStability_Source_Higham_Chapter15_Section02_Boyd_EndpointTermination_InfinityCounterexample_Trace.lean
A	immutable_delivery	NumStabilityTest/Reorganization/R03/Consumer/NumStability_Source_Higham_Chapter15_Section02_Boyd_EndpointTermination_RectangularTermination.lean
A	immutable_delivery	NumStabilityTest/Reorganization/R03/Consumer/NumStability_Source_Higham_Chapter15_Section02_Boyd_GlobalConvergence_BoydInterface.lean
A	immutable_delivery	NumStabilityTest/Reorganization/R03/Consumer/NumStability_Source_Higham_Chapter15_Section02_Boyd_GlobalConvergence_BoydUniqueness.lean
A	immutable_delivery	NumStabilityTest/Reorganization/R03/Consumer/NumStability_Source_Higham_Chapter15_Section02_Boyd_GlobalConvergence_ConvergenceStatements.lean
A	immutable_delivery	NumStabilityTest/Reorganization/R03/Consumer/NumStability_Source_Higham_Chapter15_Section02_Boyd_GlobalConvergence_ScalarCase_Iteration.lean
A	immutable_delivery	NumStabilityTest/Reorganization/R03/Consumer/NumStability_Source_Higham_Chapter15_Section02_Boyd_LocalConvergence_BoydConcrete.lean
A	immutable_delivery	NumStabilityTest/Reorganization/R03/Consumer/NumStability_Source_Higham_Chapter15_Section02_Boyd_LocalConvergence_BoydInterface.lean
A	immutable_delivery	NumStabilityTest/Reorganization/R03/Consumer/NumStability_Source_Higham_Chapter15_Section02_Boyd_LocalConvergence_BoydLocal.lean
A	immutable_delivery	NumStabilityTest/Reorganization/R03/Consumer/NumStability_Source_Higham_Chapter15_Section02_Boyd_LocalConvergence_BoydLocalStability.lean
A	immutable_delivery	NumStabilityTest/Reorganization/R03/Consumer/NumStability_Source_Higham_Chapter15_Section02_Boyd_LocalConvergence_ConstrainedLagrangian_Differentiation.lean
A	immutable_delivery	NumStabilityTest/Reorganization/R03/Consumer/NumStability_Source_Higham_Chapter15_Section02_Boyd_SourceDomain_BoydCompletion.lean
A	immutable_delivery	NumStabilityTest/Reorganization/R03/Consumer/NumStability_Source_Higham_Chapter15_Section02_Boyd_SourceDomain_BoydConcrete.lean
A	immutable_delivery	NumStabilityTest/Reorganization/R03/Consumer/NumStability_Source_Higham_Chapter15_Section02_Boyd_SourceDomain_BoydDomain.lean
A	immutable_delivery	NumStabilityTest/Reorganization/R03/Consumer/NumStability_Source_Higham_Chapter15_Section02_Boyd_SourceDomain_BoydLocal.lean
A	immutable_delivery	NumStabilityTest/Reorganization/R03/Consumer/NumStability_Source_Higham_Chapter15_Section02_Boyd_SourceDomain_BoydRowwise.lean
A	immutable_delivery	NumStabilityTest/Reorganization/R03/Consumer/NumStability_Source_Higham_Chapter15_Section02_Boyd_SourceDomain_SecondDerivative_Rowwise.lean
A	immutable_delivery	NumStabilityTest/Reorganization/R03/Consumer/NumStability_Source_Higham_Chapter15_Section02_Boyd_SourceDomain_StrongLocalMaximum_Convergence.lean
A	immutable_delivery	NumStabilityTest/Reorganization/R03/Consumer/NumStability_Source_Higham_Chapter15_Section06_TridiagonalLUConditionBounds_ExactBounds.lean
A	immutable_delivery	NumStabilityTest/Reorganization/R03/Consumer/NumStability_Source_Higham_Chapter15_Theorem06_Dixon_Basic.lean
A	immutable_delivery	NumStabilityTest/Reorganization/R03/Consumer/NumStability_Source_Higham_Chapter15_Theorem07_TridiagonalLU_Basic.lean
A	immutable_delivery	NumStabilityTest/Reorganization/R03/Consumer/NumStability_Source_Higham_Chapter15_Theorem08_TridiagonalDiagonalDominance_Basic.lean
A	immutable_delivery	NumStabilityTest/Reorganization/R03/Consumer/NumStability_Source_Higham_Chapter15_Theorem09_Ikebe_Basic.lean
A	immutable_delivery	NumStabilityTest/Reorganization/R03/Consumer/NumStability_Source_Higham_Chapter15_Theorem09_Ikebe_IrreducibleRightInverse_RankOneStructure.lean
A	immutable_delivery	NumStabilityTest/Reorganization/R03/Consumer/NumStability_Source_Higham_Chapter16.lean
A	immutable_delivery	NumStabilityTest/Reorganization/R03/Consumer/NumStability_Source_Higham_Chapter16_Section02.lean
A	immutable_delivery	NumStabilityTest/Reorganization/R03/Consumer/NumStability_Source_Higham_Chapter16_Section02_BartelsStewart.lean
A	immutable_delivery	NumStabilityTest/Reorganization/R03/Consumer/NumStability_Source_Higham_Chapter16_Section02_BartelsStewart_Equation09.lean
A	immutable_delivery	NumStabilityTest/Reorganization/R03/Consumer/NumStability_Source_Higham_Chapter16_Section02_BartelsStewart_Equation09_All.lean
A	immutable_delivery	NumStabilityTest/Reorganization/R03/Consumer/NumStability_Source_Higham_Chapter16_Section02_BartelsStewart_Equation09_Assembly.lean
A	immutable_delivery	NumStabilityTest/Reorganization/R03/Consumer/NumStability_Source_Higham_Chapter16_Section02_BartelsStewart_Equation09_EndToEnd.lean
A	immutable_delivery	NumStabilityTest/Reorganization/R03/Consumer/NumStability_Source_Higham_Chapter16_Section02_BartelsStewart_Equations04To08.lean
A	immutable_delivery	NumStabilityTest/Reorganization/R03/Consumer/NumStability_Source_Higham_Chapter16_Section02_BartelsStewart_Equations04To08_All.lean
A	immutable_delivery	NumStabilityTest/Reorganization/R03/Consumer/NumStability_Source_Higham_Chapter16_Section02_BartelsStewart_Equations04To08_HessenbergRounded.lean
A	immutable_delivery	NumStabilityTest/Reorganization/R03/Consumer/NumStability_Source_Higham_Chapter16_Section02_BartelsStewart_Equations04To08_HessenbergSchur.lean
A	immutable_delivery	NumStabilityTest/Reorganization/R03/Consumer/NumStability_Source_Higham_Chapter16_Section02_BartelsStewart_Equations04To08_PivotedSmallBlocks.lean
A	immutable_delivery	NumStabilityTest/Reorganization/R03/Consumer/NumStability_Source_Higham_Chapter16_Section02_BartelsStewart_Equations04To08_QuasiQuasiRounded.lean
A	immutable_delivery	NumStabilityTest/Reorganization/R03/Consumer/NumStability_Source_Higham_Chapter16_Section02_BartelsStewart_Equations04To08_QuasiQuasiSylvester.lean
A	immutable_delivery	NumStabilityTest/Reorganization/R03/Consumer/NumStability_Source_Higham_Chapter16_Section02_BartelsStewart_Equations04To08_QuasiRoundedSylvester.lean
A	immutable_delivery	NumStabilityTest/Reorganization/R03/Consumer/NumStability_Source_Higham_Chapter16_Section02_BartelsStewart_Equations04To08_RoundedExecutor.lean
A	immutable_delivery	NumStabilityTest/Reorganization/R03/Consumer/NumStability_Source_Higham_Chapter16_Section02_BartelsStewart_Equations04To08_RoundedTriangular.lean
A	immutable_delivery	NumStabilityTest/Reorganization/R03/Consumer/NumStability_Source_Higham_Chapter16_Section02_SylvesterAndLyapunovBackwardError.lean
A	immutable_delivery	NumStabilityTest/Reorganization/R03/Consumer/NumStability_Source_Higham_Chapter16_Section02_SylvesterAndLyapunovBackwardError_AttainedMinima.lean
A	immutable_delivery	NumStabilityTest/Reorganization/R03/Consumer/NumStability_Source_Higham_Chapter16_Section02_SylvesterAndLyapunovBackwardError_AttainedMinima_All.lean
A	immutable_delivery	NumStabilityTest/Reorganization/R03/Consumer/NumStability_Source_Higham_Chapter16_Section02_SylvesterAndLyapunovBackwardError_AttainedMinima_Equations15And21.lean
A	immutable_delivery	NumStabilityTest/Reorganization/R03/Consumer/NumStability_Source_Higham_Chapter16_Section04.lean
A	immutable_delivery	NumStabilityTest/Reorganization/R03/Consumer/NumStability_Source_Higham_Chapter16_Section04_PracticalErrorBounds.lean
A	immutable_delivery	NumStabilityTest/Reorganization/R03/Consumer/NumStability_Source_Higham_Chapter16_Section04_PracticalErrorBounds_Equation29Extensions.lean
A	immutable_delivery	NumStabilityTest/Reorganization/R03/Consumer/NumStability_Source_Higham_Chapter16_Section04_PracticalErrorBounds_Equation29Extensions_All.lean
A	immutable_delivery	NumStabilityTest/Reorganization/R03/Consumer/NumStability_Source_Higham_Chapter16_Section04_PracticalErrorBounds_Equation29Extensions_Minimizers.lean
A	immutable_delivery	NumStabilityTest/Reorganization/R03/Consumer/NumStability_Source_Higham_Chapter16_Section04_PracticalErrorBounds_NormEstimator.lean
A	immutable_delivery	NumStabilityTest/Reorganization/R03/Consumer/NumStability_Source_Higham_Chapter16_Section04_PracticalErrorBounds_NormEstimator_All.lean
A	immutable_delivery	NumStabilityTest/Reorganization/R03/Consumer/NumStability_Source_Higham_Chapter16_Section04_PracticalErrorBounds_NormEstimator_Equation29.lean
A	immutable_delivery	NumStabilityTest/Reorganization/R03/Consumer/NumStability_Source_Higham_Chapter17.lean
A	immutable_delivery	NumStabilityTest/Reorganization/R03/Consumer/NumStability_Source_Higham_Chapter17_Equation01_ComputedIteration_Results.lean
A	immutable_delivery	NumStabilityTest/Reorganization/R03/Consumer/NumStability_Source_Higham_Chapter17_Equation02_LocalError_Results.lean
A	immutable_delivery	NumStabilityTest/Reorganization/R03/Consumer/NumStability_Source_Higham_Chapter17_Equation03_ComputedRecurrence_Results.lean
A	immutable_delivery	NumStabilityTest/Reorganization/R03/Consumer/NumStability_Source_Higham_Chapter17_Equation04_FixedPoint_Results.lean
A	immutable_delivery	NumStabilityTest/Reorganization/R03/Consumer/NumStability_Source_Higham_Chapter17_Equation05_ErrorExpansion_Results.lean
A	immutable_delivery	NumStabilityTest/Reorganization/R03/Consumer/NumStability_Source_Higham_Chapter17_Equation06_ComponentwiseForward_Results.lean
A	immutable_delivery	NumStabilityTest/Reorganization/R03/Consumer/NumStability_Source_Higham_Chapter17_Equation07_NormwiseGrowth_Results.lean
A	immutable_delivery	NumStabilityTest/Reorganization/R03/Consumer/NumStability_Source_Higham_Chapter17_Equation08_NormwiseForward_Results.lean
A	immutable_delivery	NumStabilityTest/Reorganization/R03/Consumer/NumStability_Source_Higham_Chapter17_Equation09_ComponentwiseGrowth_Results.lean
A	immutable_delivery	NumStabilityTest/Reorganization/R03/Consumer/NumStability_Source_Higham_Chapter17_Equation10_LocalErrorSimplification_Results.lean
A	immutable_delivery	NumStabilityTest/Reorganization/R03/Consumer/NumStability_Source_Higham_Chapter17_Equation12.lean
A	immutable_delivery	NumStabilityTest/Reorganization/R03/Consumer/NumStability_Source_Higham_Chapter17_Equation12_PartialSumBound_Results.lean
A	immutable_delivery	NumStabilityTest/Reorganization/R03/Consumer/NumStability_Source_Higham_Chapter17_Equation13_ComponentwiseForward_Results.lean
A	immutable_delivery	NumStabilityTest/Reorganization/R03/Consumer/NumStability_Source_Higham_Chapter17_Equation15.lean
A	immutable_delivery	NumStabilityTest/Reorganization/R03/Consumer/NumStability_Source_Higham_Chapter17_Equation15_NormwiseForward_Results.lean
A	immutable_delivery	NumStabilityTest/Reorganization/R03/Consumer/NumStability_Source_Higham_Chapter17_Equation16.lean
A	immutable_delivery	NumStabilityTest/Reorganization/R03/Consumer/NumStability_Source_Higham_Chapter17_Equation16_Jacobi_Results.lean
A	immutable_delivery	NumStabilityTest/Reorganization/R03/Consumer/NumStability_Source_Higham_Chapter17_Equation17.lean
A	immutable_delivery	NumStabilityTest/Reorganization/R03/Consumer/NumStability_Source_Higham_Chapter17_Equation17_SOR_Results.lean
A	immutable_delivery	NumStabilityTest/Reorganization/R03/Consumer/NumStability_Source_Higham_Chapter17_Equation18_ResidualRecurrence_Results.lean
A	immutable_delivery	NumStabilityTest/Reorganization/R03/Consumer/NumStability_Source_Higham_Chapter17_Equation19_ResidualBound_Results.lean
A	immutable_delivery	NumStabilityTest/Reorganization/R03/Consumer/NumStability_Source_Higham_Chapter17_Equation20.lean
A	immutable_delivery	NumStabilityTest/Reorganization/R03/Consumer/NumStability_Source_Higham_Chapter17_Equation20_ResidualSigma_Results.lean
A	immutable_delivery	NumStabilityTest/Reorganization/R03/Consumer/NumStability_Source_Higham_Chapter17_Equation21_SingularIteration_Results.lean
A	immutable_delivery	NumStabilityTest/Reorganization/R03/Consumer/NumStability_Source_Higham_Chapter17_Equation22.lean
A	immutable_delivery	NumStabilityTest/Reorganization/R03/Consumer/NumStability_Source_Higham_Chapter17_Equation27_SingularErrorSplit_Results.lean
A	immutable_delivery	NumStabilityTest/Reorganization/R03/Consumer/NumStability_Source_Higham_Chapter17_Equation28_SingularErrorSplit_Results.lean
A	immutable_delivery	NumStabilityTest/Reorganization/R03/Consumer/NumStability_Source_Higham_Chapter17_Equation29_SingularSource_Results.lean
A	immutable_delivery	NumStabilityTest/Reorganization/R03/Consumer/NumStability_Source_Higham_Chapter17_Equation33_StoppingTests_Results.lean
A	immutable_delivery	NumStabilityTest/Reorganization/R03/Consumer/NumStability_Source_Higham_Chapter17_Results_All.lean
A	immutable_delivery	NumStabilityTest/Reorganization/R03/Consumer/NumStability_Source_Higham_Chapter17_Results_Equation12_AttainedPartialSumBound.lean
A	immutable_delivery	NumStabilityTest/Reorganization/R03/Consumer/NumStability_Source_Higham_Chapter17_Results_Equation15_UniformForwardBound.lean
A	immutable_delivery	NumStabilityTest/Reorganization/R03/Consumer/NumStability_Source_Higham_Chapter17_Results_Equation16_JacobiForwardBound.lean
A	immutable_delivery	NumStabilityTest/Reorganization/R03/Consumer/NumStability_Source_Higham_Chapter17_Results_Equation17_SORForwardBound.lean
A	immutable_delivery	NumStabilityTest/Reorganization/R03/Consumer/NumStability_Source_Higham_Chapter17_Results_Equation20_DiagonalizableBounds.lean
A	immutable_delivery	NumStabilityTest/Reorganization/R03/Consumer/NumStability_Source_Higham_Chapter17_Results_Equation20_ResidualSigmaEnvelope.lean
A	immutable_delivery	NumStabilityTest/Reorganization/R03/Consumer/NumStability_Source_Higham_Chapter17_Results_Equation27_SingularErrorSplit.lean
A	immutable_delivery	NumStabilityTest/Reorganization/R03/Consumer/NumStability_Source_Higham_Chapter17_Results_Equation29_SingularBounds.lean
A	immutable_delivery	NumStabilityTest/Reorganization/R03/Consumer/NumStability_Source_Higham_Chapter17_Results_Section01_RoundedExecution.lean
A	immutable_delivery	NumStabilityTest/Reorganization/R03/Consumer/NumStability_Source_Higham_Chapter17_Results_Section04_DrazinConsequences.lean
A	immutable_delivery	NumStabilityTest/Reorganization/R03/Consumer/NumStability_Source_Higham_Chapter17_Results_Series.lean
A	immutable_delivery	NumStabilityTest/Reorganization/R03/Consumer/NumStability_Source_Higham_Chapter17_Section02_ScaleIndependence_Results.lean
A	immutable_delivery	NumStabilityTest/Reorganization/R03/Consumer/NumStability_Source_Higham_Chapter17_Section04_PrintedConclusions_Results.lean
A	immutable_delivery	NumStabilityTest/Reorganization/R03/Consumer/NumStability_Source_Higham_Chapter18.lean
A	immutable_delivery	NumStabilityTest/Reorganization/R03/Consumer/NumStability_Source_Higham_Chapter18_Section01.lean
A	immutable_delivery	NumStabilityTest/Reorganization/R03/Consumer/NumStability_Source_Higham_Chapter18_Section01_MatrixPowerBounds.lean
A	immutable_delivery	NumStabilityTest/Reorganization/R03/Consumer/NumStability_Source_Higham_Chapter18_Section01_MatrixPowerBounds_Equations04And05.lean
A	immutable_delivery	NumStabilityTest/Reorganization/R03/Consumer/NumStability_Source_Higham_Chapter18_Section01_MatrixPowerBounds_Equations04And05_All.lean
A	immutable_delivery	NumStabilityTest/Reorganization/R03/Consumer/NumStability_Source_Higham_Chapter18_Section01_MatrixPowerBounds_Equations04And05_Equation05Primary.lean
A	immutable_delivery	NumStabilityTest/Reorganization/R03/Consumer/NumStability_Source_Higham_Chapter18_Section01_MatrixPowerBounds_Equations04And05_LpDiagonal.lean
A	immutable_delivery	NumStabilityTest/Reorganization/R03/Consumer/NumStability_Source_Higham_Chapter18_Section01_MatrixPowerBounds_Equations04And05_LpJordan.lean
A	immutable_delivery	NumStabilityTest/Reorganization/R03/Consumer/NumStability_Source_Higham_Chapter18_Section01_MatrixPowerBounds_Equations04And05_RealDiagonal.lean
A	immutable_delivery	NumStabilityTest/Reorganization/R03/Consumer/NumStability_Source_Higham_Chapter18_Section01_MatrixPowerBounds_Equations04And05_RealJordan.lean
A	immutable_delivery	NumStabilityTest/Reorganization/R03/Consumer/NumStability_Source_Higham_Chapter18_Section01_MatrixPowerBounds_NamedBounds.lean
A	immutable_delivery	NumStabilityTest/Reorganization/R03/Consumer/NumStability_Source_Higham_Chapter18_Section01_MatrixPowerBounds_NamedBounds_All.lean
A	immutable_delivery	NumStabilityTest/Reorganization/R03/Consumer/NumStability_Source_Higham_Chapter18_Section01_MatrixPowerBounds_NamedBounds_Gautschi.lean
A	immutable_delivery	NumStabilityTest/Reorganization/R03/Consumer/NumStability_Source_Higham_Chapter18_Section02.lean
A	immutable_delivery	NumStabilityTest/Reorganization/R03/Consumer/NumStability_Source_Higham_Chapter18_Section02_FinitePrecisionPowers.lean
A	immutable_delivery	NumStabilityTest/Reorganization/R03/Consumer/NumStability_Source_Higham_Chapter18_Section02_FinitePrecisionPowers_Equations08To14.lean
A	immutable_delivery	NumStabilityTest/Reorganization/R03/Consumer/NumStability_Source_Higham_Chapter18_Section02_FinitePrecisionPowers_Equations08To14_All.lean
A	immutable_delivery	NumStabilityTest/Reorganization/R03/Consumer/NumStability_Source_Higham_Chapter18_Section02_FinitePrecisionPowers_Equations08To14_ComplexSimilarity.lean
A	immutable_delivery	NumStabilityTest/Reorganization/R03/Consumer/NumStability_Source_Higham_Chapter18_Section02_FinitePrecisionPowers_Equations08To14_ComputedIteration.lean
A	immutable_delivery	NumStabilityTest/Reorganization/R03/Consumer/NumStability_Source_Higham_Chapter18_Section02_FinitePrecisionPowers_Theorems01And02.lean
A	immutable_delivery	NumStabilityTest/Reorganization/R03/Consumer/NumStability_Source_Higham_Chapter18_Section02_FinitePrecisionPowers_Theorems01And02_All.lean
A	immutable_delivery	NumStabilityTest/Reorganization/R03/Consumer/NumStability_Source_Higham_Chapter18_Section02_FinitePrecisionPowers_Theorems01And02_ComplexJordan.lean
A	immutable_delivery	NumStabilityTest/Reorganization/R03/Consumer/NumStability_Source_Higham_Chapter18_Section02_FinitePrecisionPowers_Theorems01And02_PseudospectralCriterion.lean
A	immutable_delivery	NumStabilityTest/Reorganization/R03/Consumer/NumStability_Source_Higham_Chapter18_Section02_FinitePrecisionPowers_Theorems01And02_PseudospectralPackaging.lean
A	immutable_delivery	NumStabilityTest/Reorganization/R03/Consumer/NumStability_Source_Higham_Chapter18_Section02_FinitePrecisionPowers_Theorems01And02_RealCases.lean
A	immutable_delivery	NumStabilityTest/Reorganization/R03/Consumer/NumStability_Source_Higham_Chapter18_Section02_FinitePrecisionPowers_Theorems01And02_RealJordan.lean
A	immutable_delivery	NumStabilityTest/Reorganization/R03/Consumer/NumStability_Source_Higham_Chapter18_Section02_FinitePrecisionPowers_Theorems01And02_SpectralCriterion.lean
A	immutable_delivery	NumStabilityTest/Reorganization/R03/Consumer/NumStability_Source_Higham_Chapter19.lean
A	immutable_delivery	NumStabilityTest/Reorganization/R03/Consumer/NumStability_Source_Higham_Chapter19_Algorithm11_CGSRounded.lean
A	immutable_delivery	NumStabilityTest/Reorganization/R03/Consumer/NumStability_Source_Higham_Chapter19_Algorithm12_MGSClosure.lean
A	immutable_delivery	NumStabilityTest/Reorganization/R03/Consumer/NumStability_Source_Higham_Chapter19_Algorithm12_MGSNonbreakdown.lean
A	immutable_delivery	NumStabilityTest/Reorganization/R03/Consumer/NumStability_Source_Higham_Chapter19_Algorithm12_MGSPaddedClosure.lean
A	immutable_delivery	NumStabilityTest/Reorganization/R03/Consumer/NumStability_Source_Higham_Chapter19_Algorithm12_MGSRepair.lean
A	immutable_delivery	NumStabilityTest/Reorganization/R03/Consumer/NumStability_Source_Higham_Chapter19_Algorithm12_MGSRounded.lean
A	immutable_delivery	NumStabilityTest/Reorganization/R03/Consumer/NumStability_Source_Higham_Chapter19_Algorithm12_MGSSourceRate.lean
A	immutable_delivery	NumStabilityTest/Reorganization/R03/Consumer/NumStability_Source_Higham_Chapter19_Core.lean
A	immutable_delivery	NumStabilityTest/Reorganization/R03/Consumer/NumStability_Source_Higham_Chapter19_FormedQ.lean
A	immutable_delivery	NumStabilityTest/Reorganization/R03/Consumer/NumStability_Source_Higham_Chapter19_Labels.lean
A	immutable_delivery	NumStabilityTest/Reorganization/R03/Consumer/NumStability_Source_Higham_Chapter19_Lemma01_Construction2.lean
A	immutable_delivery	NumStabilityTest/Reorganization/R03/Consumer/NumStability_Source_Higham_Chapter19_Lemma03_ActualSequence.lean
A	immutable_delivery	NumStabilityTest/Reorganization/R03/Consumer/NumStability_Source_Higham_Chapter19_Lemma07_Gamma4.lean
A	immutable_delivery	NumStabilityTest/Reorganization/R03/Consumer/NumStability_Source_Higham_Chapter19_Lemma09_DisjointSweep.lean
A	immutable_delivery	NumStabilityTest/Reorganization/R03/Consumer/NumStability_Source_Higham_Chapter19_PolarNearest.lean
A	immutable_delivery	NumStabilityTest/Reorganization/R03/Consumer/NumStability_Source_Higham_Chapter19_Problem06_ActualStep.lean
A	immutable_delivery	NumStabilityTest/Reorganization/R03/Consumer/NumStability_Source_Higham_Chapter19_Problem09.lean
A	immutable_delivery	NumStabilityTest/Reorganization/R03/Consumer/NumStability_Source_Higham_Chapter19_Problem10.lean
A	immutable_delivery	NumStabilityTest/Reorganization/R03/Consumer/NumStability_Source_Higham_Chapter19_Sensitivity.lean
A	immutable_delivery	NumStabilityTest/Reorganization/R03/Consumer/NumStability_Source_Higham_Chapter19_Sensitivity_Bounds_Results.lean
A	immutable_delivery	NumStabilityTest/Reorganization/R03/Consumer/NumStability_Source_Higham_Chapter19_Sensitivity_Closure.lean
A	immutable_delivery	NumStabilityTest/Reorganization/R03/Consumer/NumStability_Source_Higham_Chapter19_StoredLoop.lean
A	immutable_delivery	NumStabilityTest/Reorganization/R03/Consumer/NumStability_Source_Higham_Chapter19_StoredLoop_AllPivots.lean
A	immutable_delivery	NumStabilityTest/Reorganization/R03/Consumer/NumStability_Source_Higham_Chapter19_StoredLoop_Perturbation_Bridge.lean
A	immutable_delivery	NumStabilityTest/Reorganization/R03/Consumer/NumStability_Source_Higham_Chapter19_StoredLoop_StrongModel.lean
A	immutable_delivery	NumStabilityTest/Reorganization/R03/Consumer/NumStability_Source_Higham_Chapter19_SunBischof.lean
A	immutable_delivery	NumStabilityTest/Reorganization/R03/Consumer/NumStability_Source_Higham_Chapter19_Theorem05_Nonbreakdown.lean
A	immutable_delivery	NumStabilityTest/Reorganization/R03/Consumer/NumStability_Source_Higham_Chapter19_Theorem05_SourceClosure.lean
A	immutable_delivery	NumStabilityTest/Reorganization/R03/Consumer/NumStability_Source_Higham_Chapter19_Theorem06_ActualSource.lean
A	immutable_delivery	NumStabilityTest/Reorganization/R03/Consumer/NumStability_Source_Higham_Chapter19_Theorem06_ColumnPivot.lean
A	immutable_delivery	NumStabilityTest/Reorganization/R03/Consumer/NumStability_Source_Higham_Chapter19_Theorem06_ColumnPivotFull.lean
A	immutable_delivery	NumStabilityTest/Reorganization/R03/Consumer/NumStability_Source_Higham_Chapter19_Theorem06_CoxHigham.lean
A	immutable_delivery	NumStabilityTest/Reorganization/R03/Consumer/NumStability_Source_Higham_Chapter19_Theorem06_CoxHighamAssembly.lean
A	immutable_delivery	NumStabilityTest/Reorganization/R03/Consumer/NumStability_Source_Higham_Chapter19_Theorem06_CoxHighamConcrete.lean
A	immutable_delivery	NumStabilityTest/Reorganization/R03/Consumer/NumStability_Source_Higham_Chapter19_Theorem06_CoxHighamFull.lean
A	immutable_delivery	NumStabilityTest/Reorganization/R03/Consumer/NumStability_Source_Higham_Chapter19_Theorem06_Elementwise.lean
A	immutable_delivery	NumStabilityTest/Reorganization/R03/Consumer/NumStability_Source_Higham_Chapter19_Theorem06_ElementwiseEntry.lean
A	immutable_delivery	NumStabilityTest/Reorganization/R03/Consumer/NumStability_Source_Higham_Chapter19_Theorem06_ElementwisePackaged.lean
A	immutable_delivery	NumStabilityTest/Reorganization/R03/Consumer/NumStability_Source_Higham_Chapter19_Theorem06_Final.lean
A	immutable_delivery	NumStabilityTest/Reorganization/R03/Consumer/NumStability_Source_Higham_Chapter19_Theorem06_Pivoted.lean
A	immutable_delivery	NumStabilityTest/Reorganization/R03/Consumer/NumStability_Source_Higham_Chapter19_Theorem06_RowSpecific.lean
A	immutable_delivery	NumStabilityTest/Reorganization/R03/Consumer/NumStability_Source_Higham_Chapter19_Theorem06_StrongModel.lean
A	immutable_delivery	NumStabilityTest/Reorganization/R03/Consumer/NumStability_Source_Higham_Chapter19_Theorem10_ActualMatrix.lean
A	immutable_delivery	NumStabilityTest/Reorganization/R03/Consumer/NumStability_Source_Higham_Chapter19_WYApplicationClosure.lean
A	immutable_delivery	NumStabilityTest/Reorganization/R03/Consumer/NumStability_Source_Higham_Chapter20.lean
A	immutable_delivery	NumStabilityTest/Reorganization/R03/Consumer/NumStability_Source_Higham_Chapter20_Equations.lean
A	immutable_delivery	NumStabilityTest/Reorganization/R03/Consumer/NumStability_Source_Higham_Chapter20_Equations_WeightedLimit.lean
A	immutable_delivery	NumStabilityTest/Reorganization/R03/Consumer/NumStability_Source_Higham_Chapter20_Examples_Condition.lean
A	immutable_delivery	NumStabilityTest/Reorganization/R03/Consumer/NumStability_Source_Higham_Chapter20_Examples_CrossProduct.lean
A	immutable_delivery	NumStabilityTest/Reorganization/R03/Consumer/NumStability_Source_Higham_Chapter20_Examples_GeneralRank.lean
A	immutable_delivery	NumStabilityTest/Reorganization/R03/Consumer/NumStability_Source_Higham_Chapter20_Lemma06.lean
A	immutable_delivery	NumStabilityTest/Reorganization/R03/Consumer/NumStability_Source_Higham_Chapter20_Lemma11_Support.lean
A	immutable_delivery	NumStabilityTest/Reorganization/R03/Consumer/NumStability_Source_Higham_Chapter20_Lemma12.lean
A	immutable_delivery	NumStabilityTest/Reorganization/R03/Consumer/NumStability_Source_Higham_Chapter20_MinimumNormBackwardError.lean
A	immutable_delivery	NumStabilityTest/Reorganization/R03/Consumer/NumStability_Source_Higham_Chapter20_NormalEquations.lean
A	immutable_delivery	NumStabilityTest/Reorganization/R03/Consumer/NumStability_Source_Higham_Chapter20_Problem05_MGSStability.lean
A	immutable_delivery	NumStabilityTest/Reorganization/R03/Consumer/NumStability_Source_Higham_Chapter20_Prose.lean
A	immutable_delivery	NumStabilityTest/Reorganization/R03/Consumer/NumStability_Source_Higham_Chapter20_Prose_MoorePenrose.lean
A	immutable_delivery	NumStabilityTest/Reorganization/R03/Consumer/NumStability_Source_Higham_Chapter20_Prose_Quantitative.lean
A	immutable_delivery	NumStabilityTest/Reorganization/R03/Consumer/NumStability_Source_Higham_Chapter20_Remaining.lean
A	immutable_delivery	NumStabilityTest/Reorganization/R03/Consumer/NumStability_Source_Higham_Chapter20_Section02_Algorithms.lean
A	immutable_delivery	NumStabilityTest/Reorganization/R03/Consumer/NumStability_Source_Higham_Chapter20_Theorem01.lean
A	immutable_delivery	NumStabilityTest/Reorganization/R03/Consumer/NumStability_Source_Higham_Chapter20_Theorem02_AlternativeBound.lean
A	immutable_delivery	NumStabilityTest/Reorganization/R03/Consumer/NumStability_Source_Higham_Chapter20_Theorem03.lean
A	immutable_delivery	NumStabilityTest/Reorganization/R03/Consumer/NumStability_Source_Higham_Chapter20_Theorem03_QRSolve.lean
A	immutable_delivery	NumStabilityTest/Reorganization/R03/Consumer/NumStability_Source_Higham_Chapter20_Theorem03_ResidualQuality.lean
A	immutable_delivery	NumStabilityTest/Reorganization/R03/Consumer/NumStability_Source_Higham_Chapter20_Theorem03_ZeroDeltaB.lean
A	immutable_delivery	NumStabilityTest/Reorganization/R03/Consumer/NumStability_Source_Higham_Chapter20_Theorem04.lean
A	immutable_delivery	NumStabilityTest/Reorganization/R03/Consumer/NumStability_Source_Higham_Chapter20_Theorem04_Refinement.lean
A	immutable_delivery	NumStabilityTest/Reorganization/R03/Consumer/NumStability_Source_Higham_Chapter20_Theorem07.lean
A	immutable_delivery	NumStabilityTest/Reorganization/R03/Consumer/NumStability_Source_Higham_Chapter20_Theorem07_ActualAssembly.lean
A	immutable_delivery	NumStabilityTest/Reorganization/R03/Consumer/NumStability_Source_Higham_Chapter20_Theorem07_ActualBackSub.lean
A	immutable_delivery	NumStabilityTest/Reorganization/R03/Consumer/NumStability_Source_Higham_Chapter20_Theorem07_ActualClosure.lean
A	immutable_delivery	NumStabilityTest/Reorganization/R03/Consumer/NumStability_Source_Higham_Chapter20_Theorem07_ActualGrowth.lean
A	immutable_delivery	NumStabilityTest/Reorganization/R03/Consumer/NumStability_Source_Higham_Chapter20_Theorem07_ActualRhs.lean
A	immutable_delivery	NumStabilityTest/Reorganization/R03/Consumer/NumStability_Source_Higham_Chapter20_Theorem07_ActualTrace.lean
A	immutable_delivery	NumStabilityTest/Reorganization/R03/Consumer/NumStability_Source_Higham_Chapter20_Theorem07_Contract.lean
A	immutable_delivery	NumStabilityTest/Reorganization/R03/Consumer/NumStability_Source_Higham_Chapter20_Theorem07_Elimination.lean
A	immutable_delivery	NumStabilityTest/Reorganization/R03/Consumer/NumStability_Source_Higham_Chapter20_Theorem07_QdR.lean
A	immutable_delivery	NumStabilityTest/Reorganization/R03/Consumer/NumStability_Source_Higham_Chapter20_Theorem07_RowPolicy.lean
A	immutable_delivery	NumStabilityTest/Reorganization/R03/Consumer/NumStability_Source_Higham_Chapter20_Theorem07_Runtime.lean
A	immutable_delivery	NumStabilityTest/Reorganization/R03/Consumer/NumStability_Source_Higham_Chapter20_Theorem07_SourceTrace.lean
A	immutable_delivery	NumStabilityTest/Reorganization/R03/Consumer/NumStability_Source_Higham_Chapter20_Theorem08.lean
A	immutable_delivery	NumStabilityTest/Reorganization/R03/Consumer/NumStability_Source_Higham_Chapter20_Theorem08_LSE.lean
A	immutable_delivery	NumStabilityTest/Reorganization/R03/Consumer/NumStability_Source_Higham_Chapter20_Theorem10.lean
A	immutable_delivery	NumStabilityTest/Reorganization/R03/Consumer/NumStability_Source_Higham_Chapter21.lean
A	immutable_delivery	NumStabilityTest/Reorganization/R03/Consumer/NumStability_Source_Higham_Chapter21_Corrections_Problem19_12_RoundedReplay.lean
A	immutable_delivery	NumStabilityTest/Reorganization/R03/Consumer/NumStability_Source_Higham_Chapter21_Equation01_QRFoundations.lean
A	immutable_delivery	NumStabilityTest/Reorganization/R03/Consumer/NumStability_Source_Higham_Chapter21_Equation01_UnderdeterminedSolve.lean
A	immutable_delivery	NumStabilityTest/Reorganization/R03/Consumer/NumStability_Source_Higham_Chapter21_Equation02_UnderdeterminedSolve.lean
A	immutable_delivery	NumStabilityTest/Reorganization/R03/Consumer/NumStability_Source_Higham_Chapter21_Equation03_QRFoundations.lean
A	immutable_delivery	NumStabilityTest/Reorganization/R03/Consumer/NumStability_Source_Higham_Chapter21_Equation03_UnderdeterminedSolve.lean
A	immutable_delivery	NumStabilityTest/Reorganization/R03/Consumer/NumStability_Source_Higham_Chapter21_Equation04_Pseudoinverse.lean
A	immutable_delivery	NumStabilityTest/Reorganization/R03/Consumer/NumStability_Source_Higham_Chapter21_Equation04_QRFoundations.lean
A	immutable_delivery	NumStabilityTest/Reorganization/R03/Consumer/NumStability_Source_Higham_Chapter21_Equation05_UnderdeterminedSolve.lean
A	immutable_delivery	NumStabilityTest/Reorganization/R03/Consumer/NumStability_Source_Higham_Chapter21_Equation06_Perturbation.lean
A	immutable_delivery	NumStabilityTest/Reorganization/R03/Consumer/NumStability_Source_Higham_Chapter21_Equation07_ConditionTransfer.lean
A	immutable_delivery	NumStabilityTest/Reorganization/R03/Consumer/NumStability_Source_Higham_Chapter21_Equation07_UnderdeterminedSolve.lean
A	immutable_delivery	NumStabilityTest/Reorganization/R03/Consumer/NumStability_Source_Higham_Chapter21_Equation08_EquationClosure.lean
A	immutable_delivery	NumStabilityTest/Reorganization/R03/Consumer/NumStability_Source_Higham_Chapter21_Equation08_ProjectorNorm.lean
A	immutable_delivery	NumStabilityTest/Reorganization/R03/Consumer/NumStability_Source_Higham_Chapter21_Equation09_EquationClosure.lean
A	immutable_delivery	NumStabilityTest/Reorganization/R03/Consumer/NumStability_Source_Higham_Chapter21_Equation09_ProjectorNorm.lean
A	immutable_delivery	NumStabilityTest/Reorganization/R03/Consumer/NumStability_Source_Higham_Chapter21_Equation10_Closure.lean
A	immutable_delivery	NumStabilityTest/Reorganization/R03/Consumer/NumStability_Source_Higham_Chapter21_Equation10_RoundedReplay.lean
A	immutable_delivery	NumStabilityTest/Reorganization/R03/Consumer/NumStability_Source_Higham_Chapter21_Equation10_UnderdeterminedSolve.lean
A	immutable_delivery	NumStabilityTest/Reorganization/R03/Consumer/NumStability_Source_Higham_Chapter21_Equation11_ActualOutput.lean
A	immutable_delivery	NumStabilityTest/Reorganization/R03/Consumer/NumStability_Source_Higham_Chapter21_Equation11_Closure.lean
A	immutable_delivery	NumStabilityTest/Reorganization/R03/Consumer/NumStability_Source_Higham_Chapter21_Equation11_Equation.lean
A	immutable_delivery	NumStabilityTest/Reorganization/R03/Consumer/NumStability_Source_Higham_Chapter21_Equation11_Forward.lean
A	immutable_delivery	NumStabilityTest/Reorganization/R03/Consumer/NumStability_Source_Higham_Chapter21_Equation11_RemainderBounds.lean
A	immutable_delivery	NumStabilityTest/Reorganization/R03/Consumer/NumStability_Source_Higham_Chapter21_Equation11_Scalar.lean
A	immutable_delivery	NumStabilityTest/Reorganization/R03/Consumer/NumStability_Source_Higham_Chapter21_Equation11_UnderdeterminedSolve.lean
A	immutable_delivery	NumStabilityTest/Reorganization/R03/Consumer/NumStability_Source_Higham_Chapter21_Equation11_Uniform.lean
A	immutable_delivery	NumStabilityTest/Reorganization/R03/Consumer/NumStability_Source_Higham_Chapter21_Equation11_UniformClosure.lean
A	immutable_delivery	NumStabilityTest/Reorganization/R03/Consumer/NumStability_Source_Higham_Chapter21_Lemma02_Symmetrization_UnderdeterminedSolve.lean
A	immutable_delivery	NumStabilityTest/Reorganization/R03/Consumer/NumStability_Source_Higham_Chapter21_RowScalingInvariance.lean
A	immutable_delivery	NumStabilityTest/Reorganization/R03/Consumer/NumStability_Source_Higham_Chapter21_Section03_MethodComparison_Core.lean
A	immutable_delivery	NumStabilityTest/Reorganization/R03/Consumer/NumStability_Source_Higham_Chapter21_Theorem01_Attainability_Attainability.lean
A	immutable_delivery	NumStabilityTest/Reorganization/R03/Consumer/NumStability_Source_Higham_Chapter21_Theorem01_ComponentwisePerturbation_Radius.lean
A	immutable_delivery	NumStabilityTest/Reorganization/R03/Consumer/NumStability_Source_Higham_Chapter21_Theorem01_ComponentwisePerturbation_RankStability.lean
A	immutable_delivery	NumStabilityTest/Reorganization/R03/Consumer/NumStability_Source_Higham_Chapter21_Theorem03.lean
A	immutable_delivery	NumStabilityTest/Reorganization/R03/Consumer/NumStability_Source_Higham_Chapter21_Theorem03_Attainment.lean
A	immutable_delivery	NumStabilityTest/Reorganization/R03/Consumer/NumStability_Source_Higham_Chapter21_Theorem03_NormwiseBackwardError_UnderdeterminedSolve.lean
A	immutable_delivery	NumStabilityTest/Reorganization/R03/Consumer/NumStability_Source_Higham_Chapter21_Theorem04.lean
A	immutable_delivery	NumStabilityTest/Reorganization/R03/Consumer/NumStability_Source_Higham_Chapter21_Theorem04_GivensQMethod_Closure.lean
A	immutable_delivery	NumStabilityTest/Reorganization/R03/Consumer/NumStability_Source_Higham_Chapter21_Theorem04_GivensQMethod_Core.lean
A	immutable_delivery	NumStabilityTest/Reorganization/R03/Consumer/NumStability_Source_Higham_Chapter21_Theorem04_GivensQMethod_RoundedReplay.lean
A	immutable_delivery	NumStabilityTest/Reorganization/R03/Consumer/NumStability_Source_Higham_Chapter21_Theorem04_HouseholderQMethod_UnderdeterminedSolve.lean
A	immutable_delivery	NumStabilityTest/Reorganization/R03/Consumer/NumStability_Source_Higham_Chapter21_Theorem04_ModifiedGramSchmidtQMethod_Core.lean
A	immutable_delivery	NumStabilityTest/Reorganization/R03/Consumer/NumStability_Source_Higham_Chapter21_Theorem04_ModifiedGramSchmidtQMethod_RoundedReplay.lean
A	immutable_delivery	NumStabilityTest/Reorganization/R03/Consumer/NumStability_Source_Higham_Chapter21_Theorem04_RowwiseBackwardError.lean
A	immutable_delivery	NumStabilityTest/Reorganization/R03/Consumer/NumStability_Source_Higham_Chapter21_Theorem04_SeminormalEquations_ActualOutput.lean
A	immutable_delivery	NumStabilityTest/Reorganization/R03/Consumer/NumStability_Source_Higham_Chapter21_Theorem04_SeminormalEquations_Closure.lean
A	immutable_delivery	NumStabilityTest/Reorganization/R03/Consumer/NumStability_Source_Higham_Chapter21_Theorem04_SeminormalEquations_EnvelopeTransfer.lean
A	immutable_delivery	NumStabilityTest/Reorganization/R03/Consumer/NumStability_Source_Higham_Chapter21_Theorem04_SeminormalEquations_Forward.lean
A	immutable_delivery	NumStabilityTest/Reorganization/R03/Consumer/NumStability_Source_Higham_Chapter21_Theorem04_SeminormalEquations_QRMajorant.lean
A	immutable_delivery	NumStabilityTest/Reorganization/R03/Consumer/NumStability_Source_Higham_Chapter21_Theorem04_SeminormalEquations_RemainderBounds.lean
A	immutable_delivery	NumStabilityTest/Reorganization/R03/Consumer/NumStability_Source_Higham_Chapter21_Theorem04_SeminormalEquations_Signed.lean
A	immutable_delivery	NumStabilityTest/Reorganization/R03/Consumer/NumStability_Source_Higham_Chapter21_Theorem04_SeminormalEquations_Uniform.lean
A	immutable_delivery	NumStabilityTest/Reorganization/R03/Consumer/NumStability_Source_Higham_Chapter21_Theorem04_SourceClosure_SourceClosure.lean
A	immutable_delivery	NumStabilityTest/Reorganization/R03/Consumer/NumStability_Source_Higham_Chapter22.lean
A	immutable_delivery	NumStabilityTest/Reorganization/R03/Consumer/NumStability_Source_Higham_Chapter22_MonomialResidual.lean
A	immutable_delivery	NumStabilityTest/Reorganization/R03/Consumer/NumStability_Source_Higham_Chapter22_Problem07.lean
A	immutable_delivery	NumStabilityTest/Reorganization/R03/Consumer/NumStability_Source_Higham_Chapter22_Section03.lean
A	immutable_delivery	NumStabilityTest/Reorganization/R03/Consumer/NumStability_Source_Higham_Chapter22_Section03_ComplexConfluentRefinement.lean
A	immutable_delivery	NumStabilityTest/Reorganization/R03/Consumer/NumStability_Source_Higham_Chapter22_Section03_RealRefinement.lean
A	immutable_delivery	NumStabilityTest/Reorganization/R03/Consumer/NumStability_Source_Higham_Chapter22_VandermondeSystems.lean
A	immutable_delivery	NumStabilityTest/Reorganization/R03/Consumer/NumStability_Source_Higham_Chapter23.lean
A	immutable_delivery	NumStabilityTest/Reorganization/R03/Consumer/NumStability_Source_Higham_Chapter23_BalancedScaling.lean
A	immutable_delivery	NumStabilityTest/Reorganization/R03/Consumer/NumStability_Source_Higham_Chapter23_BiniLotti.lean
A	immutable_delivery	NumStabilityTest/Reorganization/R03/Consumer/NumStability_Source_Higham_Chapter23_BiniLotti_ExactMajorant.lean
A	immutable_delivery	NumStabilityTest/Reorganization/R03/Consumer/NumStability_Source_Higham_Chapter23_BiniLotti_Execution.lean
A	immutable_delivery	NumStabilityTest/Reorganization/R03/Consumer/NumStability_Source_Higham_Chapter23_BiniLotti_FirstOrder.lean
A	immutable_delivery	NumStabilityTest/Reorganization/R03/Consumer/NumStability_Source_Higham_Chapter23_BiniLotti_RecursiveAlgebra.lean
A	immutable_delivery	NumStabilityTest/Reorganization/R03/Consumer/NumStability_Source_Higham_Chapter23_ConventionalMultiplication.lean
A	immutable_delivery	NumStabilityTest/Reorganization/R03/Consumer/NumStability_Source_Higham_Chapter23_Equation11.lean
A	immutable_delivery	NumStabilityTest/Reorganization/R03/Consumer/NumStability_Source_Higham_Chapter23_GammaAsymptotics.lean
A	immutable_delivery	NumStabilityTest/Reorganization/R03/Consumer/NumStability_Source_Higham_Chapter23_Theorem02.lean
A	immutable_delivery	NumStabilityTest/Reorganization/R03/Consumer/NumStability_Source_Higham_Chapter23_Theorem02_ErrorBound.lean
A	immutable_delivery	NumStabilityTest/Reorganization/R03/Consumer/NumStability_Source_Higham_Chapter23_Theorem02_ErrorRelations.lean
A	immutable_delivery	NumStabilityTest/Reorganization/R03/Consumer/NumStability_Source_Higham_Chapter23_Theorem02_ExactMajorant.lean
A	immutable_delivery	NumStabilityTest/Reorganization/R03/Consumer/NumStability_Source_Higham_Chapter23_Theorem02_Execution.lean
A	immutable_delivery	NumStabilityTest/Reorganization/R03/Consumer/NumStability_Source_Higham_Chapter23_Theorem03.lean
A	immutable_delivery	NumStabilityTest/Reorganization/R03/Consumer/NumStability_Source_Higham_Chapter23_Theorem03_Certificates.lean
A	immutable_delivery	NumStabilityTest/Reorganization/R03/Consumer/NumStability_Source_Higham_Chapter23_Theorem03_ErrorBound.lean
A	immutable_delivery	NumStabilityTest/Reorganization/R03/Consumer/NumStability_Source_Higham_Chapter23_Theorem03_ExactMajorant.lean
A	immutable_delivery	NumStabilityTest/Reorganization/R03/Consumer/NumStability_Source_Higham_Chapter23_Theorem03_Execution.lean
A	immutable_delivery	NumStabilityTest/Reorganization/R03/Consumer/NumStability_Source_Higham_Chapter23_ThreeM.lean
A	immutable_delivery	NumStabilityTest/Reorganization/R03/Consumer/NumStability_Source_Higham_Chapter23_ThreeMStrassen.lean
A	immutable_delivery	NumStabilityTest/Reorganization/R03/Consumer/NumStability_Source_Higham_Chapter23_ThreeMStrassen_ExactMajorant.lean
A	immutable_delivery	NumStabilityTest/Reorganization/R03/Consumer/NumStability_Source_Higham_Chapter23_ThreeMStrassen_Execution.lean
A	immutable_delivery	NumStabilityTest/Reorganization/R03/Consumer/NumStability_Source_Higham_Chapter23_ThreeMStrassen_FirstOrder.lean
A	immutable_delivery	NumStabilityTest/Reorganization/R03/Consumer/NumStability_Source_Higham_Chapter23_WinogradInnerProduct.lean
A	immutable_delivery	NumStabilityTest/Reorganization/R03/Consumer/NumStability_Source_Higham_Chapter24.lean
A	immutable_delivery	NumStabilityTest/Reorganization/R03/Consumer/NumStability_Source_Higham_Chapter24_CirculantForwardError.lean
A	immutable_delivery	NumStabilityTest/Reorganization/R03/Consumer/NumStability_Source_Higham_Chapter24_CirculantSystems.lean
A	immutable_delivery	NumStabilityTest/Reorganization/R03/Consumer/NumStability_Source_Higham_Chapter24_FFTBackwardStability.lean
A	immutable_delivery	NumStabilityTest/Reorganization/R03/Consumer/NumStability_Source_Higham_Chapter24_ForwardFFTPerturbation.lean
A	immutable_delivery	NumStabilityTest/Reorganization/R03/Consumer/NumStability_Source_Higham_Chapter24_FourierTransform.lean
A	immutable_delivery	NumStabilityTest/Reorganization/R03/Consumer/NumStability_Source_Higham_Chapter24_InverseFFT.lean
A	immutable_delivery	NumStabilityTest/Reorganization/R03/Consumer/NumStability_Source_Higham_Chapter24_Radix2FFT.lean
A	immutable_delivery	NumStabilityTest/Reorganization/R03/Consumer/NumStability_Source_Higham_Chapter24_RoundedCirculantSolver.lean
A	immutable_delivery	NumStabilityTest/Reorganization/R03/Consumer/NumStability_Source_Higham_Chapter24_RoundedDiagonalSolve.lean
A	immutable_delivery	NumStabilityTest/Reorganization/R03/Consumer/NumStability_Source_Higham_Chapter24_StructuredMixedStability.lean
A	immutable_delivery	NumStabilityTest/Reorganization/R03/Consumer/NumStability_Source_Higham_Chapter25.lean
A	immutable_delivery	NumStabilityTest/Reorganization/R03/Consumer/NumStability_Source_Higham_Chapter25_Eigenproblem.lean
A	immutable_delivery	NumStabilityTest/Reorganization/R03/Consumer/NumStability_Source_Higham_Chapter25_NonlinearSystems.lean
A	immutable_delivery	NumStabilityTest/Reorganization/R03/Consumer/NumStability_Source_Higham_Chapter25_Problem01.lean
A	immutable_delivery	NumStabilityTest/Reorganization/R03/Consumer/NumStability_Source_Higham_Chapter26.lean
A	immutable_delivery	NumStabilityTest/Reorganization/R03/Consumer/NumStability_Source_Higham_Chapter26_IntervalArithmetic.lean
A	immutable_delivery	NumStabilityTest/Reorganization/R03/Consumer/NumStability_Source_Higham_Chapter26_IntervalArithmetic_DirectedRounding.lean
A	immutable_delivery	NumStabilityTest/Reorganization/R03/Consumer/NumStability_Source_Higham_Chapter27.lean
A	immutable_delivery	NumStabilityTest/Reorganization/R03/Consumer/NumStability_Source_Higham_Chapter27_Problem06.lean
A	immutable_delivery	NumStabilityTest/Reorganization/R03/Consumer/NumStability_Source_Higham_Chapter27_SoftwareEnvironment.lean
A	immutable_delivery	NumStabilityTest/Reorganization/R03/Consumer/NumStability_Source_Higham_Chapter28.lean
A	immutable_delivery	NumStabilityTest/Reorganization/R03/Consumer/NumStability_Source_Higham_Chapter28_Section01_Cauchy_Cauchy.lean
A	immutable_delivery	NumStabilityTest/Reorganization/R03/Consumer/NumStability_Source_Higham_Chapter28_Section01_HilbertConditioning_Cauchy.lean
A	immutable_delivery	NumStabilityTest/Reorganization/R03/Consumer/NumStability_Source_Higham_Chapter28_Section01_HilbertConditioning_HilbertCondition.lean
A	immutable_delivery	NumStabilityTest/Reorganization/R03/Consumer/NumStability_Source_Higham_Chapter28_Section02_RealGinibre_FiniteExpectation_Ginibre.lean
A	immutable_delivery	NumStabilityTest/Reorganization/R03/Consumer/NumStability_Source_Higham_Chapter28_Section02_RealGinibre_FiniteExpectation_GinibreAbsoluteDetRecurrence.lean
A	immutable_delivery	NumStabilityTest/Reorganization/R03/Consumer/NumStability_Source_Higham_Chapter28_Section02_RealGinibre_FiniteExpectation_GinibreCharacteristicProduct.lean
A	immutable_delivery	NumStabilityTest/Reorganization/R03/Consumer/NumStability_Source_Higham_Chapter28_Section02_RealGinibre_FiniteExpectation_GinibreCorollary31Factor.lean
A	immutable_delivery	NumStabilityTest/Reorganization/R03/Consumer/NumStability_Source_Higham_Chapter28_Section02_RealGinibre_FiniteExpectation_GinibreDeterminantMoment.lean
A	immutable_delivery	NumStabilityTest/Reorganization/R03/Consumer/NumStability_Source_Higham_Chapter28_Section02_RealGinibre_FiniteExpectation_GinibreExpectationGlue.lean
A	immutable_delivery	NumStabilityTest/Reorganization/R03/Consumer/NumStability_Source_Higham_Chapter28_Section02_RealGinibre_FiniteExpectation_GinibreFiniteFormula.lean
A	immutable_delivery	NumStabilityTest/Reorganization/R03/Consumer/NumStability_Source_Higham_Chapter28_Section02_RealGinibre_FiniteExpectation_GinibreGaussianBridge.lean
A	immutable_delivery	NumStabilityTest/Reorganization/R03/Consumer/NumStability_Source_Higham_Chapter28_Section02_RealGinibre_FiniteExpectation_GinibreRecurrence.lean
A	immutable_delivery	NumStabilityTest/Reorganization/R03/Consumer/NumStability_Source_Higham_Chapter28_Section02_RealGinibre_FiniteExpectation_GinibreSignedExpectation.lean
A	immutable_delivery	NumStabilityTest/Reorganization/R03/Consumer/NumStability_Source_Higham_Chapter28_Section02_RealGinibre_Incidence_GinibreIncidence.lean
A	immutable_delivery	NumStabilityTest/Reorganization/R03/Consumer/NumStability_Source_Higham_Chapter28_Section02_RealGinibre_Incidence_GinibrePlaneIncidence.lean
A	immutable_delivery	NumStabilityTest/Reorganization/R03/Consumer/NumStability_Source_Higham_Chapter28_Section02_RealGinibre_Incidence_GinibreSignedIncidenceAlgebra.lean
A	immutable_delivery	NumStabilityTest/Reorganization/R03/Consumer/NumStability_Source_Higham_Chapter28_Section02_RealGinibre_Incidence_GinibreTruncatedIncidence.lean
A	immutable_delivery	NumStabilityTest/Reorganization/R03/Consumer/NumStability_Source_Higham_Chapter28_Section02_RealGinibre_InvariantPlanes_GinibreAtlas.lean
A	immutable_delivery	NumStabilityTest/Reorganization/R03/Consumer/NumStability_Source_Higham_Chapter28_Section02_RealGinibre_InvariantPlanes_GinibreComplexPairs.lean
A	immutable_delivery	NumStabilityTest/Reorganization/R03/Consumer/NumStability_Source_Higham_Chapter28_Section02_RealGinibre_InvariantPlanes_GinibreDimensionTwo.lean
A	immutable_delivery	NumStabilityTest/Reorganization/R03/Consumer/NumStability_Source_Higham_Chapter28_Section02_RealGinibre_InvariantPlanes_GinibreOrthogonalFiber.lean
A	immutable_delivery	NumStabilityTest/Reorganization/R03/Consumer/NumStability_Source_Higham_Chapter28_Section02_RealGinibre_InvariantPlanes_GinibrePlaneChart.lean
A	immutable_delivery	NumStabilityTest/Reorganization/R03/Consumer/NumStability_Source_Higham_Chapter28_Section02_RealGinibre_InvariantPlanes_GinibrePlaneSylvester.lean
A	immutable_delivery	NumStabilityTest/Reorganization/R03/Consumer/NumStability_Source_Higham_Chapter28_Section02_RealGinibre_ProbabilityLaw_GinibreJointDensity.lean
A	immutable_delivery	NumStabilityTest/Reorganization/R03/Consumer/NumStability_Source_Higham_Chapter28_Section02_RealGinibre_ProbabilityLaw_GinibreMeasure.lean
A	immutable_delivery	NumStabilityTest/Reorganization/R03/Consumer/NumStability_Source_Higham_Chapter28_Section02_RealGinibre_ProbabilityLaw_GinibreTraceDensity.lean
A	immutable_delivery	NumStabilityTest/Reorganization/R03/Consumer/NumStability_Source_Higham_Chapter28_Section02_RealGinibre_ProbabilityLaw_Probability.lean
A	immutable_delivery	NumStabilityTest/Reorganization/R03/Consumer/NumStability_Source_Higham_Chapter28_Section02_RealGinibre_RootMeasurability_GinibreMultiplicity.lean
A	immutable_delivery	NumStabilityTest/Reorganization/R03/Consumer/NumStability_Source_Higham_Chapter28_Section02_RealGinibre_RootMeasurability_GinibreRoots.lean
A	immutable_delivery	NumStabilityTest/Reorganization/R03/Consumer/NumStability_Source_Higham_Chapter28_Section02_RealGinibre_SignedIncidence_GinibreParity.lean
A	immutable_delivery	NumStabilityTest/Reorganization/R03/Consumer/NumStability_Source_Higham_Chapter28_Section02_RealGinibre_SignedIncidence_GinibreSignedConclusion.lean
A	immutable_delivery	NumStabilityTest/Reorganization/R03/Consumer/NumStability_Source_Higham_Chapter28_Section02_RealGinibre_SignedIncidence_GinibreSignedGaussian.lean
A	immutable_delivery	NumStabilityTest/Reorganization/R03/Consumer/NumStability_Source_Higham_Chapter28_Section02_RealGinibre_SignedIncidence_GinibreSignedIncidence.lean
A	immutable_delivery	NumStabilityTest/Reorganization/R03/Consumer/NumStability_Source_Higham_Chapter28_Section02_RealGinibre_SignedIncidence_GinibreSignedKernel.lean
A	immutable_delivery	NumStabilityTest/Reorganization/R03/Consumer/NumStability_Source_Higham_Chapter28_Section02_RealGinibre_SignedIncidence_GinibreSignedRank.lean
A	immutable_delivery	NumStabilityTest/Reorganization/R03/Consumer/NumStability_Source_Higham_Chapter28_Section02_RealGinibre_SignedIncidence_GinibreSignedRankTransfer.lean
A	immutable_delivery	NumStabilityTest/Reorganization/R03/Consumer/NumStability_Source_Higham_Chapter28_Section02_RealGinibre_SignedIncidence_GinibreSignedScalar.lean
A	immutable_delivery	NumStabilityTest/Reorganization/R03/Consumer/NumStability_Source_Higham_Chapter28_Section03_RandomSVD_RandsvdNorm.lean
A	immutable_delivery	NumStabilityTest/Reorganization/R03/Consumer/NumStability_Source_Higham_Chapter28_Section03_Theorem01_StewartHaar_GaussianQRHaar.lean
A	immutable_delivery	NumStabilityTest/Reorganization/R03/Consumer/NumStability_Source_Higham_Chapter28_Section03_Theorem01_StewartHaar_Stewart.lean
A	immutable_delivery	NumStabilityTest/Reorganization/R03/Consumer/NumStability_Source_Higham_Chapter28_Section03_Theorem01_StewartHaar_StewartRawFiber.lean
A	immutable_delivery	NumStabilityTest/Reorganization/R03/Consumer/NumStability_Source_Higham_Chapter28_Section04_Pascal_PascalCondition.lean
A	immutable_delivery	NumStabilityTest/Reorganization/R03/Consumer/NumStability_Source_Higham_Chapter28_Section04_Pascal_PascalOscillation.lean
A	immutable_delivery	NumStabilityTest/Reorganization/R03/Consumer/NumStability_Source_Higham_Chapter28_Section04_Pascal_PascalSpectral.lean
A	immutable_delivery	NumStabilityTest/Reorganization/R03/Consumer/NumStability_Source_Higham_Chapter28_Section04_ReciprocalSpectrumSPD_ReciprocalSPD.lean
A	immutable_delivery	NumStabilityTest/Reorganization/R03/Consumer/NumStability_Source_Higham_Chapter28_Section05_TridiagonalToeplitz_ToeplitzCondition.lean
A	immutable_delivery	NumStabilityTest/Reorganization/R03/Consumer/NumStability_Source_Higham_Chapter28_Section05_TridiagonalToeplitz_ToeplitzGeneral.lean
A	immutable_delivery	NumStabilityTest/Reorganization/R03/Consumer/NumStability_Source_Higham_Chapter28_Section06_Companion_Companion.lean
A	immutable_delivery	NumStabilityTest/Reorganization/R03/Consumer/NumStability_Source_Higham_Chapter28_Section06_Companion_CompanionSpectral.lean
A	immutable_delivery	NumStabilityTest/Reorganization/R03/Consumer/NumStability_Source_Higham_CrossChapter.lean
A	immutable_delivery	NumStabilityTest/Reorganization/R03/Consumer/NumStability_Source_Higham_CrossChapter_LUSolverWeights.lean
A	immutable_delivery	NumStabilityTest/Reorganization/R03/Consumer/NumStability_Source_Higham_CrossChapter_LUSolverWeights_Doolittle.lean
A	immutable_delivery	NumStabilityTest/Reorganization/R03/Consumer/NumStability_Source_Higham_CrossChapter_LUSolverWeights_Factorization.lean
A	immutable_delivery	NumStabilityTest/Reorganization/R03/Consumer/NumStability_Source_Higham_CrossChapter_NoGuardDotProduct.lean
A	immutable_delivery	NumStabilityTest/Reorganization/R03/Consumer/NumStability_Source_Higham_CrossChapter_PracticalConditionBound.lean
A	immutable_delivery	NumStabilityTest/Reorganization/R03/OldOnly/NumStability_Algorithms_Ch5DerivativeError.lean
A	immutable_delivery	NumStabilityTest/Reorganization/R03/OldOnly/NumStability_Algorithms_Ch5SourceClosure.lean
A	immutable_delivery	NumStabilityTest/Reorganization/R03/OldOnly/NumStability_Algorithms_Higham5FastPolynomialEvaluation.lean
A	immutable_delivery	NumStabilityTest/Reorganization/R03/OldOnly/NumStability_Algorithms_Higham5PatersonStockmeyer.lean
A	immutable_delivery	NumStabilityTest/Reorganization/R03/OldOnly/NumStability_Algorithms_Higham726Rump.lean
A	immutable_delivery	NumStabilityTest/Reorganization/R03/OldOnly/NumStability_Algorithms_HighamChapter5ComplexAlgorithm51.lean
A	immutable_delivery	NumStabilityTest/Reorganization/R03/OldOnly/NumStability_Algorithms_HighamChapter8.lean
A	immutable_delivery	NumStabilityTest/Reorganization/R03/OldOnly/NumStability_Algorithms_HighamChapters1To9SourceClosure.lean
A	immutable_delivery	NumStabilityTest/Reorganization/R03/OldOnly/NumStability_Algorithms_Horner.lean
A	immutable_delivery	NumStabilityTest/Reorganization/R03/OldOnly/NumStability_Algorithms_KahanAbsolute.lean
A	immutable_delivery	NumStabilityTest/Reorganization/R03/OldOnly/NumStability_Algorithms_LU_Doolittle.lean
A	immutable_delivery	NumStabilityTest/Reorganization/R03/OldOnly/NumStability_Algorithms_WilkinsonAttainability.lean
A	immutable_delivery	NumStabilityTest/Reorganization/R03/OldOnly/NumStability_Analysis_AccuracyTests.lean
A	immutable_delivery	NumStabilityTest/Reorganization/R03/OldOnly/NumStability_Analysis_CancellationOfRoundingErrors.lean
A	immutable_delivery	NumStabilityTest/Reorganization/R03/OldOnly/NumStability_Analysis_DoubleRounding.lean
A	immutable_delivery	NumStabilityTest/Reorganization/R03/OldOnly/NumStability_Analysis_FloatingPointArithmetic.lean
A	immutable_delivery	NumStabilityTest/Reorganization/R03/OldOnly/NumStability_Analysis_HighamChapter2ElementaryFunctions.lean
A	immutable_delivery	NumStabilityTest/Reorganization/R03/OldOnly/NumStability_Analysis_HighamChapter2FmaDiscriminant.lean
A	immutable_delivery	NumStabilityTest/Reorganization/R03/OldOnly/NumStability_Analysis_HighamChapter2Lindemann.lean
A	immutable_delivery	NumStabilityTest/Reorganization/R03/OldOnly/NumStability_Analysis_HighamChapter7.lean
A	immutable_delivery	NumStabilityTest/Reorganization/R03/OldOnly/NumStability_Analysis_HighamChapter7Rectangular.lean
A	immutable_delivery	NumStabilityTest/Reorganization/R03/OldOnly/NumStability_Analysis_IncreasingPrecision.lean
A	immutable_delivery	NumStabilityTest/Reorganization/R03/OldOnly/NumStability_Analysis_InstabilityWithoutCancellation.lean
A	immutable_delivery	NumStabilityTest/Reorganization/R03/OldOnly/NumStability_Analysis_Problem2_10.lean
A	immutable_delivery	NumStabilityTest/Reorganization/R03/OldOnly/NumStability_Analysis_Problem2_12.lean
A	immutable_delivery	NumStabilityTest/Reorganization/R03/OldOnly/NumStability_Analysis_Problem2_13.lean
A	immutable_delivery	NumStabilityTest/Reorganization/R03/OldOnly/NumStability_Analysis_Problem2_14.lean
A	immutable_delivery	NumStabilityTest/Reorganization/R03/OldOnly/NumStability_Analysis_Problem2_17.lean
A	immutable_delivery	NumStabilityTest/Reorganization/R03/OldOnly/NumStability_Analysis_Problem2_20.lean
A	immutable_delivery	NumStabilityTest/Reorganization/R03/OldOnly/NumStability_Analysis_Problem2_24.lean
A	immutable_delivery	NumStabilityTest/Reorganization/R03/OldOnly/NumStability_Analysis_Problem2_27.lean
A	immutable_delivery	NumStabilityTest/Reorganization/R03/OldOnly/NumStability_Analysis_Problem2_3.lean
A	immutable_delivery	NumStabilityTest/Reorganization/R03/OldOnly/NumStability_Analysis_SampleVariance.lean
A	immutable_delivery	NumStabilityTest/Reorganization/R03/OldOnly/NumStability_Source_Higham_Chapter06_Theorem05_DistanceToSingularity_Chapter07Equation26.lean
A	immutable_delivery	NumStabilityTest/Reorganization/R03/OldOnly/NumStability_Source_Higham_Chapter12_IterativeRefinement.lean
A	immutable_delivery	NumStabilityTest/Reorganization/R03/OldOnly/NumStability_Source_Higham_Chapter12_IterativeRefinement_Chapter12Bounds.lean
A	immutable_delivery	NumStabilityTest/Reorganization/R03/PrivateNormalization.lean
M	integration_documentation	README.md
M	request_compatibility_reconciliation	docs/architecture/COMPATIBILITY.md
M	integration_documentation	docs/architecture/MIGRATION.md
A	immutable_delivery	docs/architecture/deliveries/R03/CHANGED_PATHS.md
A	immutable_delivery	docs/architecture/deliveries/R03/DECLARATION_ROUTES.tsv
A	immutable_delivery	docs/architecture/deliveries/R03/DELIVERY.md
A	immutable_delivery	docs/architecture/deliveries/R03/GATE_RESULTS.tsv
A	immutable_delivery	docs/architecture/deliveries/R03/PRIVATE_CLOSURE.tsv
A	immutable_delivery	docs/architecture/deliveries/R03/PRIVATE_NORMALIZATION.tsv
A	immutable_delivery	docs/architecture/deliveries/R03/PROJECTION.md
A	immutable_delivery	docs/architecture/deliveries/R03/RETENTION.tsv
A	immutable_delivery	docs/architecture/deliveries/R03/TEST_MATRIX.tsv
M	request_layout_ratchet_followup	docs/architecture/layout-exceptions.json
M	integration_documentation	docs/architecture/phases/2026-08-repository-reorganization-completion/README.md
M	milestone_dag_refresh	docs/architecture/phases/2026-08-repository-reorganization-completion/branches/B0001.json
M	milestone_dag_refresh	docs/architecture/phases/2026-08-repository-reorganization-completion/branches/B0002.json
M	milestone_dag_refresh	docs/architecture/phases/2026-08-repository-reorganization-completion/reviews/milestone-dag.tsv
M	integration_documentation	docs/architecture/phases/README.md
M	request_tier_reclassification_followup	docs/architecture/tiers.json
