destination	tier	owner	root_import_order	root_lean_import_line	frontier_lean_import_line	expansion_depth	expansion_path	disposition	final_import_present
NumStability.Algorithms.LinearSystems.Cholesky.ErrorAnalysis.PositivePivots.Certificate	reusable	NumStability.Algorithms.HighamChapter10	1	import Mathlib.Data.Complex.Basic	import Mathlib.Data.Complex.Basic	0	Mathlib.Data.Complex.Basic	preserved_direct	1
NumStability.Algorithms.LinearSystems.Cholesky.ErrorAnalysis.PositivePivots.Certificate	reusable	NumStability.Algorithms.HighamChapter10	2	import NumStability.Algorithms.Cholesky.CholeskyDemmel	import NumStability.Algorithms.Cholesky.CholeskyDemmel	0	NumStability.Algorithms.Cholesky.CholeskyDemmel	preserved_direct	1
NumStability.Algorithms.LinearSystems.Cholesky.ErrorAnalysis.PositivePivots.Certificate	reusable	NumStability.Algorithms.HighamChapter10	3	import NumStability.Algorithms.Cholesky.CholeskyFl	import NumStability.Algorithms.Cholesky.CholeskyFl	0	NumStability.Algorithms.Cholesky.CholeskyFl	preserved_direct	1
NumStability.Algorithms.LinearSystems.Cholesky.ErrorAnalysis.PositivePivots.Certificate	reusable	NumStability.Algorithms.HighamChapter10	4	import NumStability.Algorithms.Cholesky.CholeskyNonsym	import NumStability.Algorithms.Cholesky.CholeskyNonsym	0	NumStability.Algorithms.Cholesky.CholeskyNonsym	preserved_direct	1
NumStability.Algorithms.LinearSystems.Cholesky.ErrorAnalysis.PositivePivots.Certificate	reusable	NumStability.Algorithms.HighamChapter10	5	import NumStability.Algorithms.Cholesky.CholeskyPSD	import Mathlib.Algebra.BigOperators.Field	1	NumStability.Algorithms.Cholesky.CholeskyPSD -> Mathlib.Algebra.BigOperators.Field	preserved_recursive	1
NumStability.Algorithms.LinearSystems.Cholesky.ErrorAnalysis.PositivePivots.Certificate	reusable	NumStability.Algorithms.HighamChapter10	5	import NumStability.Algorithms.Cholesky.CholeskyPSD	import Mathlib.Algebra.BigOperators.Group.Finset.Basic	1	NumStability.Algorithms.Cholesky.CholeskyPSD -> Mathlib.Algebra.BigOperators.Group.Finset.Basic	preserved_recursive	1
NumStability.Algorithms.LinearSystems.Cholesky.ErrorAnalysis.PositivePivots.Certificate	reusable	NumStability.Algorithms.HighamChapter10	5	import NumStability.Algorithms.Cholesky.CholeskyPSD	import Mathlib.Algebra.Order.BigOperators.Group.Finset	1	NumStability.Algorithms.Cholesky.CholeskyPSD -> Mathlib.Algebra.Order.BigOperators.Group.Finset	preserved_recursive	1
NumStability.Algorithms.LinearSystems.Cholesky.ErrorAnalysis.PositivePivots.Certificate	reusable	NumStability.Algorithms.HighamChapter10	5	import NumStability.Algorithms.Cholesky.CholeskyPSD	import Mathlib.Data.Real.Basic	1	NumStability.Algorithms.Cholesky.CholeskyPSD -> Mathlib.Data.Real.Basic	preserved_recursive	1
NumStability.Algorithms.LinearSystems.Cholesky.ErrorAnalysis.PositivePivots.Certificate	reusable	NumStability.Algorithms.HighamChapter10	5	import NumStability.Algorithms.Cholesky.CholeskyPSD	import Mathlib.Data.Real.Sqrt	1	NumStability.Algorithms.Cholesky.CholeskyPSD -> Mathlib.Data.Real.Sqrt	preserved_recursive	1
NumStability.Algorithms.LinearSystems.Cholesky.ErrorAnalysis.PositivePivots.Certificate	reusable	NumStability.Algorithms.HighamChapter10	5	import NumStability.Algorithms.Cholesky.CholeskyPSD	import Mathlib.LinearAlgebra.Matrix.Block	1	NumStability.Algorithms.Cholesky.CholeskyPSD -> Mathlib.LinearAlgebra.Matrix.Block	preserved_recursive	1
NumStability.Algorithms.LinearSystems.Cholesky.ErrorAnalysis.PositivePivots.Certificate	reusable	NumStability.Algorithms.HighamChapter10	5	import NumStability.Algorithms.Cholesky.CholeskyPSD	import Mathlib.LinearAlgebra.Matrix.NonsingularInverse	1	NumStability.Algorithms.Cholesky.CholeskyPSD -> Mathlib.LinearAlgebra.Matrix.NonsingularInverse	preserved_recursive	1
NumStability.Algorithms.LinearSystems.Cholesky.ErrorAnalysis.PositivePivots.Certificate	reusable	NumStability.Algorithms.HighamChapter10	5	import NumStability.Algorithms.Cholesky.CholeskyPSD	import Mathlib.LinearAlgebra.Matrix.Rank	1	NumStability.Algorithms.Cholesky.CholeskyPSD -> Mathlib.LinearAlgebra.Matrix.Rank	preserved_recursive	1
NumStability.Algorithms.LinearSystems.Cholesky.ErrorAnalysis.PositivePivots.Certificate	reusable	NumStability.Algorithms.HighamChapter10	5	import NumStability.Algorithms.Cholesky.CholeskyPSD	import Mathlib.Tactic.FieldSimp	1	NumStability.Algorithms.Cholesky.CholeskyPSD -> Mathlib.Tactic.FieldSimp	preserved_recursive	1
NumStability.Algorithms.LinearSystems.Cholesky.ErrorAnalysis.PositivePivots.Certificate	reusable	NumStability.Algorithms.HighamChapter10	5	import NumStability.Algorithms.Cholesky.CholeskyPSD	import Mathlib.Tactic.Linarith	1	NumStability.Algorithms.Cholesky.CholeskyPSD -> Mathlib.Tactic.Linarith	preserved_recursive	1
NumStability.Algorithms.LinearSystems.Cholesky.ErrorAnalysis.PositivePivots.Certificate	reusable	NumStability.Algorithms.HighamChapter10	5	import NumStability.Algorithms.Cholesky.CholeskyPSD	import Mathlib.Tactic.Ring	1	NumStability.Algorithms.Cholesky.CholeskyPSD -> Mathlib.Tactic.Ring	preserved_recursive	1
NumStability.Algorithms.LinearSystems.Cholesky.ErrorAnalysis.PositivePivots.Certificate	reusable	NumStability.Algorithms.HighamChapter10	5	import NumStability.Algorithms.Cholesky.CholeskyPSD	import NumStability.Algorithms.Cholesky.CholeskySpec	1	NumStability.Algorithms.Cholesky.CholeskyPSD -> NumStability.Algorithms.Cholesky.CholeskySpec	preserved_recursive	1
NumStability.Algorithms.LinearSystems.Cholesky.ErrorAnalysis.PositivePivots.Certificate	reusable	NumStability.Algorithms.HighamChapter10	5	import NumStability.Algorithms.Cholesky.CholeskyPSD	import NumStability.Algorithms.LU.GaussianElimination	1	NumStability.Algorithms.Cholesky.CholeskyPSD -> NumStability.Algorithms.LU.GaussianElimination	preserved_recursive	1
NumStability.Algorithms.LinearSystems.Cholesky.ErrorAnalysis.PositivePivots.Certificate	reusable	NumStability.Algorithms.HighamChapter10	5	import NumStability.Algorithms.Cholesky.CholeskyPSD	import NumStability.Algorithms.LinearSystems.Cholesky.PositiveSemidefinite.Basic	1	NumStability.Algorithms.Cholesky.CholeskyPSD -> NumStability.Algorithms.LinearSystems.Cholesky.PositiveSemidefinite.Basic	preserved_recursive	1
NumStability.Algorithms.LinearSystems.Cholesky.ErrorAnalysis.PositivePivots.Certificate	reusable	NumStability.Algorithms.HighamChapter10	5	import NumStability.Algorithms.Cholesky.CholeskyPSD	import NumStability.Analysis.Rounding	1	NumStability.Algorithms.Cholesky.CholeskyPSD -> NumStability.Analysis.Rounding	preserved_recursive	1
NumStability.Algorithms.LinearSystems.Cholesky.ErrorAnalysis.PositivePivots.Certificate	reusable	NumStability.Algorithms.HighamChapter10	5	import NumStability.Algorithms.Cholesky.CholeskyPSD	import NumStability.FloatingPoint.Model	1	NumStability.Algorithms.Cholesky.CholeskyPSD -> NumStability.FloatingPoint.Model	preserved_recursive	1
NumStability.Algorithms.LinearSystems.Cholesky.ErrorAnalysis.PositivePivots.Certificate	reusable	NumStability.Algorithms.HighamChapter10	5	import NumStability.Algorithms.Cholesky.CholeskyPSD	import NumStability.Source.Higham.Chapter10.Lemma13.KahanSharpness.CompletePivotingBound	1	NumStability.Algorithms.Cholesky.CholeskyPSD -> NumStability.Source.Higham.Chapter10.Lemma13.KahanSharpness.CompletePivotingBound	filtered_source_for_reusable	0
NumStability.Algorithms.LinearSystems.Cholesky.ErrorAnalysis.PositivePivots.Certificate	reusable	NumStability.Algorithms.HighamChapter10	5	import NumStability.Algorithms.Cholesky.CholeskyPSD	import NumStability.Source.Higham.Chapter10.Section03.PositiveSemidefinite.Existence	1	NumStability.Algorithms.Cholesky.CholeskyPSD -> NumStability.Source.Higham.Chapter10.Section03.PositiveSemidefinite.Existence	filtered_source_for_reusable	0
NumStability.Algorithms.LinearSystems.Cholesky.ErrorAnalysis.PositivePivots.Certificate	reusable	NumStability.Algorithms.HighamChapter10	5	import NumStability.Algorithms.Cholesky.CholeskyPSD	import NumStability.Source.Higham.Chapter10.Section03.PositiveSemidefinite.SchurComplement	1	NumStability.Algorithms.Cholesky.CholeskyPSD -> NumStability.Source.Higham.Chapter10.Section03.PositiveSemidefinite.SchurComplement	filtered_source_for_reusable	0
NumStability.Algorithms.LinearSystems.Cholesky.ErrorAnalysis.PositivePivots.Certificate	reusable	NumStability.Algorithms.HighamChapter10	5	import NumStability.Algorithms.Cholesky.CholeskyPSD	import NumStability.Source.Higham.Chapter10.Section03.PositiveSemidefinite.Termination	1	NumStability.Algorithms.Cholesky.CholeskyPSD -> NumStability.Source.Higham.Chapter10.Section03.PositiveSemidefinite.Termination	filtered_source_for_reusable	0
NumStability.Algorithms.LinearSystems.Cholesky.ErrorAnalysis.PositivePivots.Certificate	reusable	NumStability.Algorithms.HighamChapter10	5	import NumStability.Algorithms.Cholesky.CholeskyPSD	import NumStability.Source.Higham.Chapter10.Section03.PositiveSemidefinite.WNormBound	1	NumStability.Algorithms.Cholesky.CholeskyPSD -> NumStability.Source.Higham.Chapter10.Section03.PositiveSemidefinite.WNormBound	filtered_source_for_reusable	0
NumStability.Algorithms.LinearSystems.Cholesky.ErrorAnalysis.PositivePivots.Certificate	reusable	NumStability.Algorithms.HighamChapter10	5	import NumStability.Algorithms.Cholesky.CholeskyPSD	import NumStability.Source.Higham.Chapter10.Theorem14.CompletePivotedPSD.PsdErrorAnalysis	1	NumStability.Algorithms.Cholesky.CholeskyPSD -> NumStability.Source.Higham.Chapter10.Theorem14.CompletePivotedPSD.PsdErrorAnalysis	filtered_source_for_reusable	0
NumStability.Algorithms.LinearSystems.Cholesky.ErrorAnalysis.PositivePivots.Certificate	reusable	NumStability.Algorithms.HighamChapter10	6	import NumStability.Algorithms.Cholesky.CholeskySpec	import NumStability.Algorithms.Cholesky.CholeskySpec	0	NumStability.Algorithms.Cholesky.CholeskySpec	preserved_direct	1
NumStability.Algorithms.LinearSystems.Cholesky.ErrorAnalysis.PositivePivots.Certificate	reusable	NumStability.Algorithms.HighamChapter10	7	import NumStability.Algorithms.LinearSystems.Cholesky.ErrorAnalysis.Certificates	import NumStability.Algorithms.LinearSystems.Cholesky.ErrorAnalysis.Certificates	0	NumStability.Algorithms.LinearSystems.Cholesky.ErrorAnalysis.Certificates	preserved_direct	1
NumStability.Algorithms.LinearSystems.Cholesky.ErrorAnalysis.PositivePivots.Certificate	reusable	NumStability.Algorithms.HighamChapter10	8	import NumStability.Algorithms.LinearSystems.Cholesky.Perturbation.Basic	import NumStability.Algorithms.LinearSystems.Cholesky.Perturbation.Basic	0	NumStability.Algorithms.LinearSystems.Cholesky.Perturbation.Basic	preserved_direct	1
NumStability.Algorithms.LinearSystems.Cholesky.ErrorAnalysis.PositivePivots.Certificate	reusable	NumStability.Algorithms.HighamChapter10	9	import NumStability.Algorithms.LinearSystems.Cholesky.PositiveSemidefinite.KahanMatrix	import NumStability.Algorithms.LinearSystems.Cholesky.PositiveSemidefinite.KahanMatrix	0	NumStability.Algorithms.LinearSystems.Cholesky.PositiveSemidefinite.KahanMatrix	preserved_direct	1
NumStability.Algorithms.LinearSystems.Cholesky.ErrorAnalysis.PositivePivots.Certificate	reusable	NumStability.Algorithms.HighamChapter10	10	import NumStability.Algorithms.LinearSystems.Cholesky.PositiveSemidefinite.ScaledStage	import NumStability.Algorithms.LinearSystems.Cholesky.PositiveSemidefinite.ScaledStage	0	NumStability.Algorithms.LinearSystems.Cholesky.PositiveSemidefinite.ScaledStage	preserved_direct	1
NumStability.Algorithms.LinearSystems.Cholesky.ErrorAnalysis.PositivePivots.Certificate	reusable	NumStability.Algorithms.HighamChapter10	11	import NumStability.Analysis.MatrixNorms.EntrywiseAbsolute.Basic	import NumStability.Analysis.MatrixNorms.EntrywiseAbsolute.Basic	0	NumStability.Analysis.MatrixNorms.EntrywiseAbsolute.Basic	preserved_direct	1
NumStability.Algorithms.LinearSystems.Cholesky.ErrorAnalysis.PositivePivots.Certificate	reusable	NumStability.Algorithms.HighamChapter10	12	import NumStability.Analysis.MatrixNorms.SpectralExtrema.Basic	import NumStability.Analysis.MatrixNorms.SpectralExtrema.Basic	0	NumStability.Analysis.MatrixNorms.SpectralExtrema.Basic	preserved_direct	1
NumStability.Algorithms.LinearSystems.Cholesky.ErrorAnalysis.PositivePivots.Certificate	reusable	NumStability.Algorithms.HighamChapter10	13	import NumStability.Analysis.MatrixSpectral	import NumStability.Analysis.MatrixSpectral	0	NumStability.Analysis.MatrixSpectral	preserved_direct	1
NumStability.Algorithms.LinearSystems.Cholesky.ErrorAnalysis.PositivePivots.Certificate	reusable	NumStability.Algorithms.HighamChapter10	14	import NumStability.Source.Higham.Chapter09.Problems	import NumStability.Source.Higham.Chapter09.Problems	0	NumStability.Source.Higham.Chapter09.Problems	filtered_source_for_reusable	0
NumStability.Algorithms.LinearSystems.Cholesky.ErrorAnalysis.PositivePivots.Certificate	reusable	NumStability.Algorithms.HighamChapter10	15	import NumStability.Source.Higham.Chapter09.Section01	import NumStability.Source.Higham.Chapter09.Section01	0	NumStability.Source.Higham.Chapter09.Section01	filtered_source_for_reusable	0
NumStability.Algorithms.LinearSystems.Cholesky.ErrorAnalysis.PositivePivots.Certificate	reusable	NumStability.Algorithms.HighamChapter10	16	import NumStability.Source.Higham.Chapter09.Section02	import NumStability.Source.Higham.Chapter09.Section02	0	NumStability.Source.Higham.Chapter09.Section02	filtered_source_for_reusable	0
NumStability.Algorithms.LinearSystems.Cholesky.ErrorAnalysis.PositivePivots.Certificate	reusable	NumStability.Algorithms.HighamChapter10	17	import NumStability.Source.Higham.Chapter09.Section03	import NumStability.Source.Higham.Chapter09.Section03	0	NumStability.Source.Higham.Chapter09.Section03	filtered_source_for_reusable	0
NumStability.Algorithms.LinearSystems.Cholesky.ErrorAnalysis.PositivePivots.Certificate	reusable	NumStability.Algorithms.HighamChapter10	18	import NumStability.Source.Higham.Chapter09.Section04	import NumStability.Source.Higham.Chapter09.Section04	0	NumStability.Source.Higham.Chapter09.Section04	filtered_source_for_reusable	0
NumStability.Algorithms.LinearSystems.Cholesky.ErrorAnalysis.PositivePivots.Certificate	reusable	NumStability.Algorithms.HighamChapter10	19	import NumStability.Source.Higham.Chapter09.Section05	import NumStability.Source.Higham.Chapter09.Section05	0	NumStability.Source.Higham.Chapter09.Section05	filtered_source_for_reusable	0
NumStability.Algorithms.LinearSystems.Cholesky.ErrorAnalysis.PositivePivots.Certificate	reusable	NumStability.Algorithms.HighamChapter10	20	import NumStability.Source.Higham.Chapter09.Section06	import NumStability.Source.Higham.Chapter09.Section06	0	NumStability.Source.Higham.Chapter09.Section06	filtered_source_for_reusable	0
NumStability.Algorithms.LinearSystems.Cholesky.ErrorAnalysis.PositivePivots.Certificate	reusable	NumStability.Algorithms.HighamChapter10	21	import NumStability.Source.Higham.Chapter09.Section08	import NumStability.Source.Higham.Chapter09.Section08	0	NumStability.Source.Higham.Chapter09.Section08	filtered_source_for_reusable	0
NumStability.Algorithms.LinearSystems.Cholesky.ErrorAnalysis.PositivePivots.Certificate	reusable	NumStability.Algorithms.HighamChapter10	22	import NumStability.Source.Higham.Chapter09.Section10	import NumStability.Source.Higham.Chapter09.Section10	0	NumStability.Source.Higham.Chapter09.Section10	filtered_source_for_reusable	0
NumStability.Algorithms.LinearSystems.Cholesky.ErrorAnalysis.PositivePivots.Certificate	reusable	NumStability.Algorithms.HighamChapter10	23	import NumStability.Source.Higham.Chapter09.Section11	import NumStability.Source.Higham.Chapter09.Section11	0	NumStability.Source.Higham.Chapter09.Section11	filtered_source_for_reusable	0
NumStability.Algorithms.LinearSystems.Cholesky.ErrorAnalysis.PositivePivots.Certificate	reusable	NumStability.Algorithms.HighamChapter10	24	import NumStability.Source.Higham.Chapter10.Equation07.AbsoluteFactorNorm.Endpoints	import NumStability.Source.Higham.Chapter10.Equation07.AbsoluteFactorNorm.Endpoints	0	NumStability.Source.Higham.Chapter10.Equation07.AbsoluteFactorNorm.Endpoints	filtered_source_for_reusable	0
NumStability.Algorithms.LinearSystems.Cholesky.ErrorAnalysis.PositivePivots.Certificate	reusable	NumStability.Algorithms.HighamChapter10	25	import NumStability.Source.Higham.Chapter10.Equation29.Mathias.Endpoints	import NumStability.Source.Higham.Chapter10.Equation29.Mathias.Endpoints	0	NumStability.Source.Higham.Chapter10.Equation29.Mathias.Endpoints	filtered_source_for_reusable	0
NumStability.Algorithms.LinearSystems.Cholesky.ErrorAnalysis.PositivePivots.Certificate	reusable	NumStability.Algorithms.HighamChapter10	26	import NumStability.Source.Higham.Chapter10.Equation30.ComplexPositiveDefinite.Endpoints	import NumStability.Source.Higham.Chapter10.Equation30.ComplexPositiveDefinite.Endpoints	0	NumStability.Source.Higham.Chapter10.Equation30.ComplexPositiveDefinite.Endpoints	filtered_source_for_reusable	0
NumStability.Algorithms.LinearSystems.Cholesky.ErrorAnalysis.PositivePivots.Certificate	reusable	NumStability.Algorithms.HighamChapter10	27	import NumStability.Source.Higham.Chapter10.Lemma11.PivotSequenceStability.Endpoints	import NumStability.Source.Higham.Chapter10.Lemma11.PivotSequenceStability.Endpoints	0	NumStability.Source.Higham.Chapter10.Lemma11.PivotSequenceStability.Endpoints	filtered_source_for_reusable	0
NumStability.Algorithms.LinearSystems.Cholesky.ErrorAnalysis.PositivePivots.Certificate	reusable	NumStability.Algorithms.HighamChapter10	28	import NumStability.Source.Higham.Chapter10.Lemma13.KahanSharpness.Endpoints	import NumStability.Source.Higham.Chapter10.Lemma13.KahanSharpness.Endpoints	0	NumStability.Source.Higham.Chapter10.Lemma13.KahanSharpness.Endpoints	filtered_source_for_reusable	0
NumStability.Algorithms.LinearSystems.Cholesky.ErrorAnalysis.PositivePivots.Certificate	reusable	NumStability.Algorithms.HighamChapter10	29	import NumStability.Source.Higham.Chapter10.Problem01.PositiveSemidefiniteEntries.Basic	import NumStability.Source.Higham.Chapter10.Problem01.PositiveSemidefiniteEntries.Basic	0	NumStability.Source.Higham.Chapter10.Problem01.PositiveSemidefiniteEntries.Basic	filtered_source_for_reusable	0
NumStability.Algorithms.LinearSystems.Cholesky.ErrorAnalysis.PositivePivots.Certificate	reusable	NumStability.Algorithms.HighamChapter10	30	import NumStability.Source.Higham.Chapter10.Problem04.UnpivotedGrowth.Basic	import NumStability.Source.Higham.Chapter10.Problem04.UnpivotedGrowth.Basic	0	NumStability.Source.Higham.Chapter10.Problem04.UnpivotedGrowth.Basic	filtered_source_for_reusable	0
NumStability.Algorithms.LinearSystems.Cholesky.ErrorAnalysis.PositivePivots.Certificate	reusable	NumStability.Algorithms.HighamChapter10	31	import NumStability.Source.Higham.Chapter10.Problem08.LeadingMinorsCounterexample.Basic	import NumStability.Source.Higham.Chapter10.Problem08.LeadingMinorsCounterexample.Basic	0	NumStability.Source.Higham.Chapter10.Problem08.LeadingMinorsCounterexample.Basic	filtered_source_for_reusable	0
NumStability.Algorithms.LinearSystems.Cholesky.ErrorAnalysis.PositivePivots.Certificate	reusable	NumStability.Algorithms.HighamChapter10	32	import NumStability.Source.Higham.Chapter10.Section01.Factorization.Basic	import NumStability.Source.Higham.Chapter10.Section01.Factorization.Basic	0	NumStability.Source.Higham.Chapter10.Section01.Factorization.Basic	filtered_source_for_reusable	0
NumStability.Algorithms.LinearSystems.Cholesky.ErrorAnalysis.PositivePivots.Certificate	reusable	NumStability.Algorithms.HighamChapter10	33	import NumStability.Source.Higham.Chapter10.Section02.ErrorAnalysis.Basic	import NumStability.Source.Higham.Chapter10.Section02.ErrorAnalysis.Basic	0	NumStability.Source.Higham.Chapter10.Section02.ErrorAnalysis.Basic	filtered_source_for_reusable	0
NumStability.Algorithms.LinearSystems.Cholesky.ErrorAnalysis.PositivePivots.Certificate	reusable	NumStability.Algorithms.HighamChapter10	34	import NumStability.Source.Higham.Chapter10.Section03.PositiveSemidefinite.Endpoints	import NumStability.Source.Higham.Chapter10.Section03.PositiveSemidefinite.Endpoints	0	NumStability.Source.Higham.Chapter10.Section03.PositiveSemidefinite.Endpoints	filtered_source_for_reusable	0
NumStability.Algorithms.LinearSystems.Cholesky.ErrorAnalysis.PositivePivots.Certificate	reusable	NumStability.Algorithms.HighamChapter10	35	import NumStability.Source.Higham.Chapter10.Section04.PositiveDefiniteSymmetricPart.Endpoints	import NumStability.Source.Higham.Chapter10.Section04.PositiveDefiniteSymmetricPart.Endpoints	0	NumStability.Source.Higham.Chapter10.Section04.PositiveDefiniteSymmetricPart.Endpoints	filtered_source_for_reusable	0
NumStability.Algorithms.LinearSystems.Cholesky.ErrorAnalysis.PositivePivots.Certificate	reusable	NumStability.Algorithms.HighamChapter10	36	import NumStability.Source.Higham.Chapter10.Theorem06.RoundedCholesky.Endpoints	import NumStability.Source.Higham.Chapter10.Theorem06.RoundedCholesky.Endpoints	0	NumStability.Source.Higham.Chapter10.Theorem06.RoundedCholesky.Endpoints	filtered_source_for_reusable	0
NumStability.Algorithms.LinearSystems.Cholesky.ErrorAnalysis.PositivePivots.Certificate	reusable	NumStability.Algorithms.HighamChapter10	37	import NumStability.Source.Higham.Chapter10.Theorem07.FailureVacuity.Endpoints	import NumStability.Source.Higham.Chapter10.Theorem07.FailureVacuity.Endpoints	0	NumStability.Source.Higham.Chapter10.Theorem07.FailureVacuity.Endpoints	filtered_source_for_reusable	0
NumStability.Algorithms.LinearSystems.Cholesky.ErrorAnalysis.PositivePivots.Certificate	reusable	NumStability.Algorithms.HighamChapter10	38	import NumStability.Source.Higham.Chapter10.Theorem08.ComponentwisePerturbation.Endpoints	import NumStability.Source.Higham.Chapter10.Theorem08.ComponentwisePerturbation.Endpoints	0	NumStability.Source.Higham.Chapter10.Theorem08.ComponentwisePerturbation.Endpoints	filtered_source_for_reusable	0
NumStability.Algorithms.LinearSystems.Cholesky.ErrorAnalysis.PositivePivots.Certificate	reusable	NumStability.Algorithms.HighamChapter10	39	import NumStability.Source.Higham.Chapter10.Theorem08.NormwiseDiscrepancy.Endpoints	import NumStability.Source.Higham.Chapter10.Theorem08.NormwiseDiscrepancy.Endpoints	0	NumStability.Source.Higham.Chapter10.Theorem08.NormwiseDiscrepancy.Endpoints	filtered_source_for_reusable	0
NumStability.Algorithms.LinearSystems.Cholesky.ErrorAnalysis.PositivePivots.Certificate	reusable	NumStability.Algorithms.HighamChapter10	40	import NumStability.Source.Higham.Chapter10.Theorem14.CompletePivotedPSD.Endpoints	import NumStability.Source.Higham.Chapter10.Theorem14.CompletePivotedPSD.Endpoints	0	NumStability.Source.Higham.Chapter10.Theorem14.CompletePivotedPSD.Endpoints	filtered_source_for_reusable	0
NumStability.Algorithms.LinearSystems.Cholesky.PositiveSemidefinite.KahanTelescope.Identity	reusable	NumStability.Algorithms.HighamChapter10	1	import Mathlib.Data.Complex.Basic	import Mathlib.Data.Complex.Basic	0	Mathlib.Data.Complex.Basic	preserved_direct	1
NumStability.Algorithms.LinearSystems.Cholesky.PositiveSemidefinite.KahanTelescope.Identity	reusable	NumStability.Algorithms.HighamChapter10	2	import NumStability.Algorithms.Cholesky.CholeskyDemmel	import NumStability.Algorithms.Cholesky.CholeskyDemmel	0	NumStability.Algorithms.Cholesky.CholeskyDemmel	preserved_direct	1
NumStability.Algorithms.LinearSystems.Cholesky.PositiveSemidefinite.KahanTelescope.Identity	reusable	NumStability.Algorithms.HighamChapter10	3	import NumStability.Algorithms.Cholesky.CholeskyFl	import NumStability.Algorithms.Cholesky.CholeskyFl	0	NumStability.Algorithms.Cholesky.CholeskyFl	preserved_direct	1
NumStability.Algorithms.LinearSystems.Cholesky.PositiveSemidefinite.KahanTelescope.Identity	reusable	NumStability.Algorithms.HighamChapter10	4	import NumStability.Algorithms.Cholesky.CholeskyNonsym	import NumStability.Algorithms.Cholesky.CholeskyNonsym	0	NumStability.Algorithms.Cholesky.CholeskyNonsym	preserved_direct	1
NumStability.Algorithms.LinearSystems.Cholesky.PositiveSemidefinite.KahanTelescope.Identity	reusable	NumStability.Algorithms.HighamChapter10	5	import NumStability.Algorithms.Cholesky.CholeskyPSD	import Mathlib.Algebra.BigOperators.Field	1	NumStability.Algorithms.Cholesky.CholeskyPSD -> Mathlib.Algebra.BigOperators.Field	preserved_recursive	1
NumStability.Algorithms.LinearSystems.Cholesky.PositiveSemidefinite.KahanTelescope.Identity	reusable	NumStability.Algorithms.HighamChapter10	5	import NumStability.Algorithms.Cholesky.CholeskyPSD	import Mathlib.Algebra.BigOperators.Group.Finset.Basic	1	NumStability.Algorithms.Cholesky.CholeskyPSD -> Mathlib.Algebra.BigOperators.Group.Finset.Basic	preserved_recursive	1
NumStability.Algorithms.LinearSystems.Cholesky.PositiveSemidefinite.KahanTelescope.Identity	reusable	NumStability.Algorithms.HighamChapter10	5	import NumStability.Algorithms.Cholesky.CholeskyPSD	import Mathlib.Algebra.Order.BigOperators.Group.Finset	1	NumStability.Algorithms.Cholesky.CholeskyPSD -> Mathlib.Algebra.Order.BigOperators.Group.Finset	preserved_recursive	1
NumStability.Algorithms.LinearSystems.Cholesky.PositiveSemidefinite.KahanTelescope.Identity	reusable	NumStability.Algorithms.HighamChapter10	5	import NumStability.Algorithms.Cholesky.CholeskyPSD	import Mathlib.Data.Real.Basic	1	NumStability.Algorithms.Cholesky.CholeskyPSD -> Mathlib.Data.Real.Basic	preserved_recursive	1
NumStability.Algorithms.LinearSystems.Cholesky.PositiveSemidefinite.KahanTelescope.Identity	reusable	NumStability.Algorithms.HighamChapter10	5	import NumStability.Algorithms.Cholesky.CholeskyPSD	import Mathlib.Data.Real.Sqrt	1	NumStability.Algorithms.Cholesky.CholeskyPSD -> Mathlib.Data.Real.Sqrt	preserved_recursive	1
NumStability.Algorithms.LinearSystems.Cholesky.PositiveSemidefinite.KahanTelescope.Identity	reusable	NumStability.Algorithms.HighamChapter10	5	import NumStability.Algorithms.Cholesky.CholeskyPSD	import Mathlib.LinearAlgebra.Matrix.Block	1	NumStability.Algorithms.Cholesky.CholeskyPSD -> Mathlib.LinearAlgebra.Matrix.Block	preserved_recursive	1
NumStability.Algorithms.LinearSystems.Cholesky.PositiveSemidefinite.KahanTelescope.Identity	reusable	NumStability.Algorithms.HighamChapter10	5	import NumStability.Algorithms.Cholesky.CholeskyPSD	import Mathlib.LinearAlgebra.Matrix.NonsingularInverse	1	NumStability.Algorithms.Cholesky.CholeskyPSD -> Mathlib.LinearAlgebra.Matrix.NonsingularInverse	preserved_recursive	1
NumStability.Algorithms.LinearSystems.Cholesky.PositiveSemidefinite.KahanTelescope.Identity	reusable	NumStability.Algorithms.HighamChapter10	5	import NumStability.Algorithms.Cholesky.CholeskyPSD	import Mathlib.LinearAlgebra.Matrix.Rank	1	NumStability.Algorithms.Cholesky.CholeskyPSD -> Mathlib.LinearAlgebra.Matrix.Rank	preserved_recursive	1
NumStability.Algorithms.LinearSystems.Cholesky.PositiveSemidefinite.KahanTelescope.Identity	reusable	NumStability.Algorithms.HighamChapter10	5	import NumStability.Algorithms.Cholesky.CholeskyPSD	import Mathlib.Tactic.FieldSimp	1	NumStability.Algorithms.Cholesky.CholeskyPSD -> Mathlib.Tactic.FieldSimp	preserved_recursive	1
NumStability.Algorithms.LinearSystems.Cholesky.PositiveSemidefinite.KahanTelescope.Identity	reusable	NumStability.Algorithms.HighamChapter10	5	import NumStability.Algorithms.Cholesky.CholeskyPSD	import Mathlib.Tactic.Linarith	1	NumStability.Algorithms.Cholesky.CholeskyPSD -> Mathlib.Tactic.Linarith	preserved_recursive	1
NumStability.Algorithms.LinearSystems.Cholesky.PositiveSemidefinite.KahanTelescope.Identity	reusable	NumStability.Algorithms.HighamChapter10	5	import NumStability.Algorithms.Cholesky.CholeskyPSD	import Mathlib.Tactic.Ring	1	NumStability.Algorithms.Cholesky.CholeskyPSD -> Mathlib.Tactic.Ring	preserved_recursive	1
NumStability.Algorithms.LinearSystems.Cholesky.PositiveSemidefinite.KahanTelescope.Identity	reusable	NumStability.Algorithms.HighamChapter10	5	import NumStability.Algorithms.Cholesky.CholeskyPSD	import NumStability.Algorithms.Cholesky.CholeskySpec	1	NumStability.Algorithms.Cholesky.CholeskyPSD -> NumStability.Algorithms.Cholesky.CholeskySpec	preserved_recursive	1
NumStability.Algorithms.LinearSystems.Cholesky.PositiveSemidefinite.KahanTelescope.Identity	reusable	NumStability.Algorithms.HighamChapter10	5	import NumStability.Algorithms.Cholesky.CholeskyPSD	import NumStability.Algorithms.LU.GaussianElimination	1	NumStability.Algorithms.Cholesky.CholeskyPSD -> NumStability.Algorithms.LU.GaussianElimination	preserved_recursive	1
NumStability.Algorithms.LinearSystems.Cholesky.PositiveSemidefinite.KahanTelescope.Identity	reusable	NumStability.Algorithms.HighamChapter10	5	import NumStability.Algorithms.Cholesky.CholeskyPSD	import NumStability.Algorithms.LinearSystems.Cholesky.PositiveSemidefinite.Basic	1	NumStability.Algorithms.Cholesky.CholeskyPSD -> NumStability.Algorithms.LinearSystems.Cholesky.PositiveSemidefinite.Basic	preserved_recursive	1
NumStability.Algorithms.LinearSystems.Cholesky.PositiveSemidefinite.KahanTelescope.Identity	reusable	NumStability.Algorithms.HighamChapter10	5	import NumStability.Algorithms.Cholesky.CholeskyPSD	import NumStability.Analysis.Rounding	1	NumStability.Algorithms.Cholesky.CholeskyPSD -> NumStability.Analysis.Rounding	preserved_recursive	1
NumStability.Algorithms.LinearSystems.Cholesky.PositiveSemidefinite.KahanTelescope.Identity	reusable	NumStability.Algorithms.HighamChapter10	5	import NumStability.Algorithms.Cholesky.CholeskyPSD	import NumStability.FloatingPoint.Model	1	NumStability.Algorithms.Cholesky.CholeskyPSD -> NumStability.FloatingPoint.Model	preserved_recursive	1
NumStability.Algorithms.LinearSystems.Cholesky.PositiveSemidefinite.KahanTelescope.Identity	reusable	NumStability.Algorithms.HighamChapter10	5	import NumStability.Algorithms.Cholesky.CholeskyPSD	import NumStability.Source.Higham.Chapter10.Lemma13.KahanSharpness.CompletePivotingBound	1	NumStability.Algorithms.Cholesky.CholeskyPSD -> NumStability.Source.Higham.Chapter10.Lemma13.KahanSharpness.CompletePivotingBound	filtered_source_for_reusable	0
NumStability.Algorithms.LinearSystems.Cholesky.PositiveSemidefinite.KahanTelescope.Identity	reusable	NumStability.Algorithms.HighamChapter10	5	import NumStability.Algorithms.Cholesky.CholeskyPSD	import NumStability.Source.Higham.Chapter10.Section03.PositiveSemidefinite.Existence	1	NumStability.Algorithms.Cholesky.CholeskyPSD -> NumStability.Source.Higham.Chapter10.Section03.PositiveSemidefinite.Existence	filtered_source_for_reusable	0
NumStability.Algorithms.LinearSystems.Cholesky.PositiveSemidefinite.KahanTelescope.Identity	reusable	NumStability.Algorithms.HighamChapter10	5	import NumStability.Algorithms.Cholesky.CholeskyPSD	import NumStability.Source.Higham.Chapter10.Section03.PositiveSemidefinite.SchurComplement	1	NumStability.Algorithms.Cholesky.CholeskyPSD -> NumStability.Source.Higham.Chapter10.Section03.PositiveSemidefinite.SchurComplement	filtered_source_for_reusable	0
NumStability.Algorithms.LinearSystems.Cholesky.PositiveSemidefinite.KahanTelescope.Identity	reusable	NumStability.Algorithms.HighamChapter10	5	import NumStability.Algorithms.Cholesky.CholeskyPSD	import NumStability.Source.Higham.Chapter10.Section03.PositiveSemidefinite.Termination	1	NumStability.Algorithms.Cholesky.CholeskyPSD -> NumStability.Source.Higham.Chapter10.Section03.PositiveSemidefinite.Termination	filtered_source_for_reusable	0
NumStability.Algorithms.LinearSystems.Cholesky.PositiveSemidefinite.KahanTelescope.Identity	reusable	NumStability.Algorithms.HighamChapter10	5	import NumStability.Algorithms.Cholesky.CholeskyPSD	import NumStability.Source.Higham.Chapter10.Section03.PositiveSemidefinite.WNormBound	1	NumStability.Algorithms.Cholesky.CholeskyPSD -> NumStability.Source.Higham.Chapter10.Section03.PositiveSemidefinite.WNormBound	filtered_source_for_reusable	0
NumStability.Algorithms.LinearSystems.Cholesky.PositiveSemidefinite.KahanTelescope.Identity	reusable	NumStability.Algorithms.HighamChapter10	5	import NumStability.Algorithms.Cholesky.CholeskyPSD	import NumStability.Source.Higham.Chapter10.Theorem14.CompletePivotedPSD.PsdErrorAnalysis	1	NumStability.Algorithms.Cholesky.CholeskyPSD -> NumStability.Source.Higham.Chapter10.Theorem14.CompletePivotedPSD.PsdErrorAnalysis	filtered_source_for_reusable	0
NumStability.Algorithms.LinearSystems.Cholesky.PositiveSemidefinite.KahanTelescope.Identity	reusable	NumStability.Algorithms.HighamChapter10	6	import NumStability.Algorithms.Cholesky.CholeskySpec	import NumStability.Algorithms.Cholesky.CholeskySpec	0	NumStability.Algorithms.Cholesky.CholeskySpec	preserved_direct	1
NumStability.Algorithms.LinearSystems.Cholesky.PositiveSemidefinite.KahanTelescope.Identity	reusable	NumStability.Algorithms.HighamChapter10	7	import NumStability.Algorithms.LinearSystems.Cholesky.ErrorAnalysis.Certificates	import NumStability.Algorithms.LinearSystems.Cholesky.ErrorAnalysis.Certificates	0	NumStability.Algorithms.LinearSystems.Cholesky.ErrorAnalysis.Certificates	preserved_direct	1
NumStability.Algorithms.LinearSystems.Cholesky.PositiveSemidefinite.KahanTelescope.Identity	reusable	NumStability.Algorithms.HighamChapter10	8	import NumStability.Algorithms.LinearSystems.Cholesky.Perturbation.Basic	import NumStability.Algorithms.LinearSystems.Cholesky.Perturbation.Basic	0	NumStability.Algorithms.LinearSystems.Cholesky.Perturbation.Basic	preserved_direct	1
NumStability.Algorithms.LinearSystems.Cholesky.PositiveSemidefinite.KahanTelescope.Identity	reusable	NumStability.Algorithms.HighamChapter10	9	import NumStability.Algorithms.LinearSystems.Cholesky.PositiveSemidefinite.KahanMatrix	import NumStability.Algorithms.LinearSystems.Cholesky.PositiveSemidefinite.KahanMatrix	0	NumStability.Algorithms.LinearSystems.Cholesky.PositiveSemidefinite.KahanMatrix	preserved_direct	1
NumStability.Algorithms.LinearSystems.Cholesky.PositiveSemidefinite.KahanTelescope.Identity	reusable	NumStability.Algorithms.HighamChapter10	10	import NumStability.Algorithms.LinearSystems.Cholesky.PositiveSemidefinite.ScaledStage	import NumStability.Algorithms.LinearSystems.Cholesky.PositiveSemidefinite.ScaledStage	0	NumStability.Algorithms.LinearSystems.Cholesky.PositiveSemidefinite.ScaledStage	preserved_direct	1
NumStability.Algorithms.LinearSystems.Cholesky.PositiveSemidefinite.KahanTelescope.Identity	reusable	NumStability.Algorithms.HighamChapter10	11	import NumStability.Analysis.MatrixNorms.EntrywiseAbsolute.Basic	import NumStability.Analysis.MatrixNorms.EntrywiseAbsolute.Basic	0	NumStability.Analysis.MatrixNorms.EntrywiseAbsolute.Basic	preserved_direct	1
NumStability.Algorithms.LinearSystems.Cholesky.PositiveSemidefinite.KahanTelescope.Identity	reusable	NumStability.Algorithms.HighamChapter10	12	import NumStability.Analysis.MatrixNorms.SpectralExtrema.Basic	import NumStability.Analysis.MatrixNorms.SpectralExtrema.Basic	0	NumStability.Analysis.MatrixNorms.SpectralExtrema.Basic	preserved_direct	1
NumStability.Algorithms.LinearSystems.Cholesky.PositiveSemidefinite.KahanTelescope.Identity	reusable	NumStability.Algorithms.HighamChapter10	13	import NumStability.Analysis.MatrixSpectral	import NumStability.Analysis.MatrixSpectral	0	NumStability.Analysis.MatrixSpectral	preserved_direct	1
NumStability.Algorithms.LinearSystems.Cholesky.PositiveSemidefinite.KahanTelescope.Identity	reusable	NumStability.Algorithms.HighamChapter10	14	import NumStability.Source.Higham.Chapter09.Problems	import NumStability.Source.Higham.Chapter09.Problems	0	NumStability.Source.Higham.Chapter09.Problems	filtered_source_for_reusable	0
NumStability.Algorithms.LinearSystems.Cholesky.PositiveSemidefinite.KahanTelescope.Identity	reusable	NumStability.Algorithms.HighamChapter10	15	import NumStability.Source.Higham.Chapter09.Section01	import NumStability.Source.Higham.Chapter09.Section01	0	NumStability.Source.Higham.Chapter09.Section01	filtered_source_for_reusable	0
NumStability.Algorithms.LinearSystems.Cholesky.PositiveSemidefinite.KahanTelescope.Identity	reusable	NumStability.Algorithms.HighamChapter10	16	import NumStability.Source.Higham.Chapter09.Section02	import NumStability.Source.Higham.Chapter09.Section02	0	NumStability.Source.Higham.Chapter09.Section02	filtered_source_for_reusable	0
NumStability.Algorithms.LinearSystems.Cholesky.PositiveSemidefinite.KahanTelescope.Identity	reusable	NumStability.Algorithms.HighamChapter10	17	import NumStability.Source.Higham.Chapter09.Section03	import NumStability.Source.Higham.Chapter09.Section03	0	NumStability.Source.Higham.Chapter09.Section03	filtered_source_for_reusable	0
NumStability.Algorithms.LinearSystems.Cholesky.PositiveSemidefinite.KahanTelescope.Identity	reusable	NumStability.Algorithms.HighamChapter10	18	import NumStability.Source.Higham.Chapter09.Section04	import NumStability.Source.Higham.Chapter09.Section04	0	NumStability.Source.Higham.Chapter09.Section04	filtered_source_for_reusable	0
NumStability.Algorithms.LinearSystems.Cholesky.PositiveSemidefinite.KahanTelescope.Identity	reusable	NumStability.Algorithms.HighamChapter10	19	import NumStability.Source.Higham.Chapter09.Section05	import NumStability.Source.Higham.Chapter09.Section05	0	NumStability.Source.Higham.Chapter09.Section05	filtered_source_for_reusable	0
NumStability.Algorithms.LinearSystems.Cholesky.PositiveSemidefinite.KahanTelescope.Identity	reusable	NumStability.Algorithms.HighamChapter10	20	import NumStability.Source.Higham.Chapter09.Section06	import NumStability.Source.Higham.Chapter09.Section06	0	NumStability.Source.Higham.Chapter09.Section06	filtered_source_for_reusable	0
NumStability.Algorithms.LinearSystems.Cholesky.PositiveSemidefinite.KahanTelescope.Identity	reusable	NumStability.Algorithms.HighamChapter10	21	import NumStability.Source.Higham.Chapter09.Section08	import NumStability.Source.Higham.Chapter09.Section08	0	NumStability.Source.Higham.Chapter09.Section08	filtered_source_for_reusable	0
NumStability.Algorithms.LinearSystems.Cholesky.PositiveSemidefinite.KahanTelescope.Identity	reusable	NumStability.Algorithms.HighamChapter10	22	import NumStability.Source.Higham.Chapter09.Section10	import NumStability.Source.Higham.Chapter09.Section10	0	NumStability.Source.Higham.Chapter09.Section10	filtered_source_for_reusable	0
NumStability.Algorithms.LinearSystems.Cholesky.PositiveSemidefinite.KahanTelescope.Identity	reusable	NumStability.Algorithms.HighamChapter10	23	import NumStability.Source.Higham.Chapter09.Section11	import NumStability.Source.Higham.Chapter09.Section11	0	NumStability.Source.Higham.Chapter09.Section11	filtered_source_for_reusable	0
NumStability.Algorithms.LinearSystems.Cholesky.PositiveSemidefinite.KahanTelescope.Identity	reusable	NumStability.Algorithms.HighamChapter10	24	import NumStability.Source.Higham.Chapter10.Equation07.AbsoluteFactorNorm.Endpoints	import NumStability.Source.Higham.Chapter10.Equation07.AbsoluteFactorNorm.Endpoints	0	NumStability.Source.Higham.Chapter10.Equation07.AbsoluteFactorNorm.Endpoints	filtered_source_for_reusable	0
NumStability.Algorithms.LinearSystems.Cholesky.PositiveSemidefinite.KahanTelescope.Identity	reusable	NumStability.Algorithms.HighamChapter10	25	import NumStability.Source.Higham.Chapter10.Equation29.Mathias.Endpoints	import NumStability.Source.Higham.Chapter10.Equation29.Mathias.Endpoints	0	NumStability.Source.Higham.Chapter10.Equation29.Mathias.Endpoints	filtered_source_for_reusable	0
NumStability.Algorithms.LinearSystems.Cholesky.PositiveSemidefinite.KahanTelescope.Identity	reusable	NumStability.Algorithms.HighamChapter10	26	import NumStability.Source.Higham.Chapter10.Equation30.ComplexPositiveDefinite.Endpoints	import NumStability.Source.Higham.Chapter10.Equation30.ComplexPositiveDefinite.Endpoints	0	NumStability.Source.Higham.Chapter10.Equation30.ComplexPositiveDefinite.Endpoints	filtered_source_for_reusable	0
NumStability.Algorithms.LinearSystems.Cholesky.PositiveSemidefinite.KahanTelescope.Identity	reusable	NumStability.Algorithms.HighamChapter10	27	import NumStability.Source.Higham.Chapter10.Lemma11.PivotSequenceStability.Endpoints	import NumStability.Source.Higham.Chapter10.Lemma11.PivotSequenceStability.Endpoints	0	NumStability.Source.Higham.Chapter10.Lemma11.PivotSequenceStability.Endpoints	filtered_source_for_reusable	0
NumStability.Algorithms.LinearSystems.Cholesky.PositiveSemidefinite.KahanTelescope.Identity	reusable	NumStability.Algorithms.HighamChapter10	28	import NumStability.Source.Higham.Chapter10.Lemma13.KahanSharpness.Endpoints	import NumStability.Source.Higham.Chapter10.Lemma13.KahanSharpness.Endpoints	0	NumStability.Source.Higham.Chapter10.Lemma13.KahanSharpness.Endpoints	filtered_source_for_reusable	0
NumStability.Algorithms.LinearSystems.Cholesky.PositiveSemidefinite.KahanTelescope.Identity	reusable	NumStability.Algorithms.HighamChapter10	29	import NumStability.Source.Higham.Chapter10.Problem01.PositiveSemidefiniteEntries.Basic	import NumStability.Source.Higham.Chapter10.Problem01.PositiveSemidefiniteEntries.Basic	0	NumStability.Source.Higham.Chapter10.Problem01.PositiveSemidefiniteEntries.Basic	filtered_source_for_reusable	0
NumStability.Algorithms.LinearSystems.Cholesky.PositiveSemidefinite.KahanTelescope.Identity	reusable	NumStability.Algorithms.HighamChapter10	30	import NumStability.Source.Higham.Chapter10.Problem04.UnpivotedGrowth.Basic	import NumStability.Source.Higham.Chapter10.Problem04.UnpivotedGrowth.Basic	0	NumStability.Source.Higham.Chapter10.Problem04.UnpivotedGrowth.Basic	filtered_source_for_reusable	0
NumStability.Algorithms.LinearSystems.Cholesky.PositiveSemidefinite.KahanTelescope.Identity	reusable	NumStability.Algorithms.HighamChapter10	31	import NumStability.Source.Higham.Chapter10.Problem08.LeadingMinorsCounterexample.Basic	import NumStability.Source.Higham.Chapter10.Problem08.LeadingMinorsCounterexample.Basic	0	NumStability.Source.Higham.Chapter10.Problem08.LeadingMinorsCounterexample.Basic	filtered_source_for_reusable	0
NumStability.Algorithms.LinearSystems.Cholesky.PositiveSemidefinite.KahanTelescope.Identity	reusable	NumStability.Algorithms.HighamChapter10	32	import NumStability.Source.Higham.Chapter10.Section01.Factorization.Basic	import NumStability.Source.Higham.Chapter10.Section01.Factorization.Basic	0	NumStability.Source.Higham.Chapter10.Section01.Factorization.Basic	filtered_source_for_reusable	0
NumStability.Algorithms.LinearSystems.Cholesky.PositiveSemidefinite.KahanTelescope.Identity	reusable	NumStability.Algorithms.HighamChapter10	33	import NumStability.Source.Higham.Chapter10.Section02.ErrorAnalysis.Basic	import NumStability.Source.Higham.Chapter10.Section02.ErrorAnalysis.Basic	0	NumStability.Source.Higham.Chapter10.Section02.ErrorAnalysis.Basic	filtered_source_for_reusable	0
NumStability.Algorithms.LinearSystems.Cholesky.PositiveSemidefinite.KahanTelescope.Identity	reusable	NumStability.Algorithms.HighamChapter10	34	import NumStability.Source.Higham.Chapter10.Section03.PositiveSemidefinite.Endpoints	import NumStability.Source.Higham.Chapter10.Section03.PositiveSemidefinite.Endpoints	0	NumStability.Source.Higham.Chapter10.Section03.PositiveSemidefinite.Endpoints	filtered_source_for_reusable	0
NumStability.Algorithms.LinearSystems.Cholesky.PositiveSemidefinite.KahanTelescope.Identity	reusable	NumStability.Algorithms.HighamChapter10	35	import NumStability.Source.Higham.Chapter10.Section04.PositiveDefiniteSymmetricPart.Endpoints	import NumStability.Source.Higham.Chapter10.Section04.PositiveDefiniteSymmetricPart.Endpoints	0	NumStability.Source.Higham.Chapter10.Section04.PositiveDefiniteSymmetricPart.Endpoints	filtered_source_for_reusable	0
NumStability.Algorithms.LinearSystems.Cholesky.PositiveSemidefinite.KahanTelescope.Identity	reusable	NumStability.Algorithms.HighamChapter10	36	import NumStability.Source.Higham.Chapter10.Theorem06.RoundedCholesky.Endpoints	import NumStability.Source.Higham.Chapter10.Theorem06.RoundedCholesky.Endpoints	0	NumStability.Source.Higham.Chapter10.Theorem06.RoundedCholesky.Endpoints	filtered_source_for_reusable	0
NumStability.Algorithms.LinearSystems.Cholesky.PositiveSemidefinite.KahanTelescope.Identity	reusable	NumStability.Algorithms.HighamChapter10	37	import NumStability.Source.Higham.Chapter10.Theorem07.FailureVacuity.Endpoints	import NumStability.Source.Higham.Chapter10.Theorem07.FailureVacuity.Endpoints	0	NumStability.Source.Higham.Chapter10.Theorem07.FailureVacuity.Endpoints	filtered_source_for_reusable	0
NumStability.Algorithms.LinearSystems.Cholesky.PositiveSemidefinite.KahanTelescope.Identity	reusable	NumStability.Algorithms.HighamChapter10	38	import NumStability.Source.Higham.Chapter10.Theorem08.ComponentwisePerturbation.Endpoints	import NumStability.Source.Higham.Chapter10.Theorem08.ComponentwisePerturbation.Endpoints	0	NumStability.Source.Higham.Chapter10.Theorem08.ComponentwisePerturbation.Endpoints	filtered_source_for_reusable	0
NumStability.Algorithms.LinearSystems.Cholesky.PositiveSemidefinite.KahanTelescope.Identity	reusable	NumStability.Algorithms.HighamChapter10	39	import NumStability.Source.Higham.Chapter10.Theorem08.NormwiseDiscrepancy.Endpoints	import NumStability.Source.Higham.Chapter10.Theorem08.NormwiseDiscrepancy.Endpoints	0	NumStability.Source.Higham.Chapter10.Theorem08.NormwiseDiscrepancy.Endpoints	filtered_source_for_reusable	0
NumStability.Algorithms.LinearSystems.Cholesky.PositiveSemidefinite.KahanTelescope.Identity	reusable	NumStability.Algorithms.HighamChapter10	40	import NumStability.Source.Higham.Chapter10.Theorem14.CompletePivotedPSD.Endpoints	import NumStability.Source.Higham.Chapter10.Theorem14.CompletePivotedPSD.Endpoints	0	NumStability.Source.Higham.Chapter10.Theorem14.CompletePivotedPSD.Endpoints	filtered_source_for_reusable	0
NumStability.Algorithms.LinearSystems.Cholesky.PositiveSemidefinite.PivotedFactorization.Existence	reusable	NumStability.Algorithms.Cholesky.CholeskyPSD	1	import Mathlib.Algebra.BigOperators.Field	import Mathlib.Algebra.BigOperators.Field	0	Mathlib.Algebra.BigOperators.Field	preserved_direct	1
NumStability.Algorithms.LinearSystems.Cholesky.PositiveSemidefinite.PivotedFactorization.Existence	reusable	NumStability.Algorithms.Cholesky.CholeskyPSD	2	import Mathlib.Algebra.BigOperators.Group.Finset.Basic	import Mathlib.Algebra.BigOperators.Group.Finset.Basic	0	Mathlib.Algebra.BigOperators.Group.Finset.Basic	preserved_direct	1
NumStability.Algorithms.LinearSystems.Cholesky.PositiveSemidefinite.PivotedFactorization.Existence	reusable	NumStability.Algorithms.Cholesky.CholeskyPSD	3	import Mathlib.Algebra.Order.BigOperators.Group.Finset	import Mathlib.Algebra.Order.BigOperators.Group.Finset	0	Mathlib.Algebra.Order.BigOperators.Group.Finset	preserved_direct	1
NumStability.Algorithms.LinearSystems.Cholesky.PositiveSemidefinite.PivotedFactorization.Existence	reusable	NumStability.Algorithms.Cholesky.CholeskyPSD	4	import Mathlib.Data.Real.Basic	import Mathlib.Data.Real.Basic	0	Mathlib.Data.Real.Basic	preserved_direct	1
NumStability.Algorithms.LinearSystems.Cholesky.PositiveSemidefinite.PivotedFactorization.Existence	reusable	NumStability.Algorithms.Cholesky.CholeskyPSD	5	import Mathlib.Data.Real.Sqrt	import Mathlib.Data.Real.Sqrt	0	Mathlib.Data.Real.Sqrt	preserved_direct	1
NumStability.Algorithms.LinearSystems.Cholesky.PositiveSemidefinite.PivotedFactorization.Existence	reusable	NumStability.Algorithms.Cholesky.CholeskyPSD	6	import Mathlib.LinearAlgebra.Matrix.Block	import Mathlib.LinearAlgebra.Matrix.Block	0	Mathlib.LinearAlgebra.Matrix.Block	preserved_direct	1
NumStability.Algorithms.LinearSystems.Cholesky.PositiveSemidefinite.PivotedFactorization.Existence	reusable	NumStability.Algorithms.Cholesky.CholeskyPSD	7	import Mathlib.LinearAlgebra.Matrix.NonsingularInverse	import Mathlib.LinearAlgebra.Matrix.NonsingularInverse	0	Mathlib.LinearAlgebra.Matrix.NonsingularInverse	preserved_direct	1
NumStability.Algorithms.LinearSystems.Cholesky.PositiveSemidefinite.PivotedFactorization.Existence	reusable	NumStability.Algorithms.Cholesky.CholeskyPSD	8	import Mathlib.LinearAlgebra.Matrix.Rank	import Mathlib.LinearAlgebra.Matrix.Rank	0	Mathlib.LinearAlgebra.Matrix.Rank	preserved_direct	1
NumStability.Algorithms.LinearSystems.Cholesky.PositiveSemidefinite.PivotedFactorization.Existence	reusable	NumStability.Algorithms.Cholesky.CholeskyPSD	9	import Mathlib.Tactic.FieldSimp	import Mathlib.Tactic.FieldSimp	0	Mathlib.Tactic.FieldSimp	preserved_direct	1
NumStability.Algorithms.LinearSystems.Cholesky.PositiveSemidefinite.PivotedFactorization.Existence	reusable	NumStability.Algorithms.Cholesky.CholeskyPSD	10	import Mathlib.Tactic.Linarith	import Mathlib.Tactic.Linarith	0	Mathlib.Tactic.Linarith	preserved_direct	1
NumStability.Algorithms.LinearSystems.Cholesky.PositiveSemidefinite.PivotedFactorization.Existence	reusable	NumStability.Algorithms.Cholesky.CholeskyPSD	11	import Mathlib.Tactic.Ring	import Mathlib.Tactic.Ring	0	Mathlib.Tactic.Ring	preserved_direct	1
NumStability.Algorithms.LinearSystems.Cholesky.PositiveSemidefinite.PivotedFactorization.Existence	reusable	NumStability.Algorithms.Cholesky.CholeskyPSD	12	import NumStability.Algorithms.Cholesky.CholeskySpec	import NumStability.Algorithms.Cholesky.CholeskySpec	0	NumStability.Algorithms.Cholesky.CholeskySpec	preserved_direct	1
NumStability.Algorithms.LinearSystems.Cholesky.PositiveSemidefinite.PivotedFactorization.Existence	reusable	NumStability.Algorithms.Cholesky.CholeskyPSD	13	import NumStability.Algorithms.LU.GaussianElimination	import NumStability.Algorithms.LU.GaussianElimination	0	NumStability.Algorithms.LU.GaussianElimination	preserved_direct	1
NumStability.Algorithms.LinearSystems.Cholesky.PositiveSemidefinite.PivotedFactorization.Existence	reusable	NumStability.Algorithms.Cholesky.CholeskyPSD	14	import NumStability.Algorithms.LinearSystems.Cholesky.PositiveSemidefinite.Basic	import NumStability.Algorithms.LinearSystems.Cholesky.PositiveSemidefinite.Basic	0	NumStability.Algorithms.LinearSystems.Cholesky.PositiveSemidefinite.Basic	preserved_direct	1
NumStability.Algorithms.LinearSystems.Cholesky.PositiveSemidefinite.PivotedFactorization.Existence	reusable	NumStability.Algorithms.Cholesky.CholeskyPSD	15	import NumStability.Analysis.Rounding	import NumStability.Analysis.Rounding	0	NumStability.Analysis.Rounding	preserved_direct	1
NumStability.Algorithms.LinearSystems.Cholesky.PositiveSemidefinite.PivotedFactorization.Existence	reusable	NumStability.Algorithms.Cholesky.CholeskyPSD	16	import NumStability.FloatingPoint.Model	import NumStability.FloatingPoint.Model	0	NumStability.FloatingPoint.Model	preserved_direct	1
NumStability.Algorithms.LinearSystems.Cholesky.PositiveSemidefinite.PivotedFactorization.Existence	reusable	NumStability.Algorithms.Cholesky.CholeskyPSD	17	import NumStability.Source.Higham.Chapter10.Lemma13.KahanSharpness.CompletePivotingBound	import NumStability.Source.Higham.Chapter10.Lemma13.KahanSharpness.CompletePivotingBound	0	NumStability.Source.Higham.Chapter10.Lemma13.KahanSharpness.CompletePivotingBound	filtered_source_for_reusable	0
NumStability.Algorithms.LinearSystems.Cholesky.PositiveSemidefinite.PivotedFactorization.Existence	reusable	NumStability.Algorithms.Cholesky.CholeskyPSD	18	import NumStability.Source.Higham.Chapter10.Section03.PositiveSemidefinite.Existence	import NumStability.Source.Higham.Chapter10.Section03.PositiveSemidefinite.Existence	0	NumStability.Source.Higham.Chapter10.Section03.PositiveSemidefinite.Existence	filtered_source_for_reusable	0
NumStability.Algorithms.LinearSystems.Cholesky.PositiveSemidefinite.PivotedFactorization.Existence	reusable	NumStability.Algorithms.Cholesky.CholeskyPSD	19	import NumStability.Source.Higham.Chapter10.Section03.PositiveSemidefinite.SchurComplement	import NumStability.Source.Higham.Chapter10.Section03.PositiveSemidefinite.SchurComplement	0	NumStability.Source.Higham.Chapter10.Section03.PositiveSemidefinite.SchurComplement	filtered_source_for_reusable	0
NumStability.Algorithms.LinearSystems.Cholesky.PositiveSemidefinite.PivotedFactorization.Existence	reusable	NumStability.Algorithms.Cholesky.CholeskyPSD	20	import NumStability.Source.Higham.Chapter10.Section03.PositiveSemidefinite.Termination	import NumStability.Source.Higham.Chapter10.Section03.PositiveSemidefinite.Termination	0	NumStability.Source.Higham.Chapter10.Section03.PositiveSemidefinite.Termination	filtered_source_for_reusable	0
NumStability.Algorithms.LinearSystems.Cholesky.PositiveSemidefinite.PivotedFactorization.Existence	reusable	NumStability.Algorithms.Cholesky.CholeskyPSD	21	import NumStability.Source.Higham.Chapter10.Section03.PositiveSemidefinite.WNormBound	import NumStability.Source.Higham.Chapter10.Section03.PositiveSemidefinite.WNormBound	0	NumStability.Source.Higham.Chapter10.Section03.PositiveSemidefinite.WNormBound	filtered_source_for_reusable	0
NumStability.Algorithms.LinearSystems.Cholesky.PositiveSemidefinite.PivotedFactorization.Existence	reusable	NumStability.Algorithms.Cholesky.CholeskyPSD	22	import NumStability.Source.Higham.Chapter10.Theorem14.CompletePivotedPSD.PsdErrorAnalysis	import NumStability.Source.Higham.Chapter10.Theorem14.CompletePivotedPSD.PsdErrorAnalysis	0	NumStability.Source.Higham.Chapter10.Theorem14.CompletePivotedPSD.PsdErrorAnalysis	filtered_source_for_reusable	0
NumStability.Algorithms.LinearSystems.Cholesky.PositiveSemidefinite.StageEmbedding.InteriorMass	reusable	NumStability.Algorithms.HighamChapter10	1	import Mathlib.Data.Complex.Basic	import Mathlib.Data.Complex.Basic	0	Mathlib.Data.Complex.Basic	preserved_direct	1
NumStability.Algorithms.LinearSystems.Cholesky.PositiveSemidefinite.StageEmbedding.InteriorMass	reusable	NumStability.Algorithms.HighamChapter10	2	import NumStability.Algorithms.Cholesky.CholeskyDemmel	import NumStability.Algorithms.Cholesky.CholeskyDemmel	0	NumStability.Algorithms.Cholesky.CholeskyDemmel	preserved_direct	1
NumStability.Algorithms.LinearSystems.Cholesky.PositiveSemidefinite.StageEmbedding.InteriorMass	reusable	NumStability.Algorithms.HighamChapter10	3	import NumStability.Algorithms.Cholesky.CholeskyFl	import NumStability.Algorithms.Cholesky.CholeskyFl	0	NumStability.Algorithms.Cholesky.CholeskyFl	preserved_direct	1
NumStability.Algorithms.LinearSystems.Cholesky.PositiveSemidefinite.StageEmbedding.InteriorMass	reusable	NumStability.Algorithms.HighamChapter10	4	import NumStability.Algorithms.Cholesky.CholeskyNonsym	import NumStability.Algorithms.Cholesky.CholeskyNonsym	0	NumStability.Algorithms.Cholesky.CholeskyNonsym	preserved_direct	1
NumStability.Algorithms.LinearSystems.Cholesky.PositiveSemidefinite.StageEmbedding.InteriorMass	reusable	NumStability.Algorithms.HighamChapter10	5	import NumStability.Algorithms.Cholesky.CholeskyPSD	import Mathlib.Algebra.BigOperators.Field	1	NumStability.Algorithms.Cholesky.CholeskyPSD -> Mathlib.Algebra.BigOperators.Field	preserved_recursive	1
NumStability.Algorithms.LinearSystems.Cholesky.PositiveSemidefinite.StageEmbedding.InteriorMass	reusable	NumStability.Algorithms.HighamChapter10	5	import NumStability.Algorithms.Cholesky.CholeskyPSD	import Mathlib.Algebra.BigOperators.Group.Finset.Basic	1	NumStability.Algorithms.Cholesky.CholeskyPSD -> Mathlib.Algebra.BigOperators.Group.Finset.Basic	preserved_recursive	1
NumStability.Algorithms.LinearSystems.Cholesky.PositiveSemidefinite.StageEmbedding.InteriorMass	reusable	NumStability.Algorithms.HighamChapter10	5	import NumStability.Algorithms.Cholesky.CholeskyPSD	import Mathlib.Algebra.Order.BigOperators.Group.Finset	1	NumStability.Algorithms.Cholesky.CholeskyPSD -> Mathlib.Algebra.Order.BigOperators.Group.Finset	preserved_recursive	1
NumStability.Algorithms.LinearSystems.Cholesky.PositiveSemidefinite.StageEmbedding.InteriorMass	reusable	NumStability.Algorithms.HighamChapter10	5	import NumStability.Algorithms.Cholesky.CholeskyPSD	import Mathlib.Data.Real.Basic	1	NumStability.Algorithms.Cholesky.CholeskyPSD -> Mathlib.Data.Real.Basic	preserved_recursive	1
NumStability.Algorithms.LinearSystems.Cholesky.PositiveSemidefinite.StageEmbedding.InteriorMass	reusable	NumStability.Algorithms.HighamChapter10	5	import NumStability.Algorithms.Cholesky.CholeskyPSD	import Mathlib.Data.Real.Sqrt	1	NumStability.Algorithms.Cholesky.CholeskyPSD -> Mathlib.Data.Real.Sqrt	preserved_recursive	1
NumStability.Algorithms.LinearSystems.Cholesky.PositiveSemidefinite.StageEmbedding.InteriorMass	reusable	NumStability.Algorithms.HighamChapter10	5	import NumStability.Algorithms.Cholesky.CholeskyPSD	import Mathlib.LinearAlgebra.Matrix.Block	1	NumStability.Algorithms.Cholesky.CholeskyPSD -> Mathlib.LinearAlgebra.Matrix.Block	preserved_recursive	1
NumStability.Algorithms.LinearSystems.Cholesky.PositiveSemidefinite.StageEmbedding.InteriorMass	reusable	NumStability.Algorithms.HighamChapter10	5	import NumStability.Algorithms.Cholesky.CholeskyPSD	import Mathlib.LinearAlgebra.Matrix.NonsingularInverse	1	NumStability.Algorithms.Cholesky.CholeskyPSD -> Mathlib.LinearAlgebra.Matrix.NonsingularInverse	preserved_recursive	1
NumStability.Algorithms.LinearSystems.Cholesky.PositiveSemidefinite.StageEmbedding.InteriorMass	reusable	NumStability.Algorithms.HighamChapter10	5	import NumStability.Algorithms.Cholesky.CholeskyPSD	import Mathlib.LinearAlgebra.Matrix.Rank	1	NumStability.Algorithms.Cholesky.CholeskyPSD -> Mathlib.LinearAlgebra.Matrix.Rank	preserved_recursive	1
NumStability.Algorithms.LinearSystems.Cholesky.PositiveSemidefinite.StageEmbedding.InteriorMass	reusable	NumStability.Algorithms.HighamChapter10	5	import NumStability.Algorithms.Cholesky.CholeskyPSD	import Mathlib.Tactic.FieldSimp	1	NumStability.Algorithms.Cholesky.CholeskyPSD -> Mathlib.Tactic.FieldSimp	preserved_recursive	1
NumStability.Algorithms.LinearSystems.Cholesky.PositiveSemidefinite.StageEmbedding.InteriorMass	reusable	NumStability.Algorithms.HighamChapter10	5	import NumStability.Algorithms.Cholesky.CholeskyPSD	import Mathlib.Tactic.Linarith	1	NumStability.Algorithms.Cholesky.CholeskyPSD -> Mathlib.Tactic.Linarith	preserved_recursive	1
NumStability.Algorithms.LinearSystems.Cholesky.PositiveSemidefinite.StageEmbedding.InteriorMass	reusable	NumStability.Algorithms.HighamChapter10	5	import NumStability.Algorithms.Cholesky.CholeskyPSD	import Mathlib.Tactic.Ring	1	NumStability.Algorithms.Cholesky.CholeskyPSD -> Mathlib.Tactic.Ring	preserved_recursive	1
NumStability.Algorithms.LinearSystems.Cholesky.PositiveSemidefinite.StageEmbedding.InteriorMass	reusable	NumStability.Algorithms.HighamChapter10	5	import NumStability.Algorithms.Cholesky.CholeskyPSD	import NumStability.Algorithms.Cholesky.CholeskySpec	1	NumStability.Algorithms.Cholesky.CholeskyPSD -> NumStability.Algorithms.Cholesky.CholeskySpec	preserved_recursive	1
NumStability.Algorithms.LinearSystems.Cholesky.PositiveSemidefinite.StageEmbedding.InteriorMass	reusable	NumStability.Algorithms.HighamChapter10	5	import NumStability.Algorithms.Cholesky.CholeskyPSD	import NumStability.Algorithms.LU.GaussianElimination	1	NumStability.Algorithms.Cholesky.CholeskyPSD -> NumStability.Algorithms.LU.GaussianElimination	preserved_recursive	1
NumStability.Algorithms.LinearSystems.Cholesky.PositiveSemidefinite.StageEmbedding.InteriorMass	reusable	NumStability.Algorithms.HighamChapter10	5	import NumStability.Algorithms.Cholesky.CholeskyPSD	import NumStability.Algorithms.LinearSystems.Cholesky.PositiveSemidefinite.Basic	1	NumStability.Algorithms.Cholesky.CholeskyPSD -> NumStability.Algorithms.LinearSystems.Cholesky.PositiveSemidefinite.Basic	preserved_recursive	1
NumStability.Algorithms.LinearSystems.Cholesky.PositiveSemidefinite.StageEmbedding.InteriorMass	reusable	NumStability.Algorithms.HighamChapter10	5	import NumStability.Algorithms.Cholesky.CholeskyPSD	import NumStability.Analysis.Rounding	1	NumStability.Algorithms.Cholesky.CholeskyPSD -> NumStability.Analysis.Rounding	preserved_recursive	1
NumStability.Algorithms.LinearSystems.Cholesky.PositiveSemidefinite.StageEmbedding.InteriorMass	reusable	NumStability.Algorithms.HighamChapter10	5	import NumStability.Algorithms.Cholesky.CholeskyPSD	import NumStability.FloatingPoint.Model	1	NumStability.Algorithms.Cholesky.CholeskyPSD -> NumStability.FloatingPoint.Model	preserved_recursive	1
NumStability.Algorithms.LinearSystems.Cholesky.PositiveSemidefinite.StageEmbedding.InteriorMass	reusable	NumStability.Algorithms.HighamChapter10	5	import NumStability.Algorithms.Cholesky.CholeskyPSD	import NumStability.Source.Higham.Chapter10.Lemma13.KahanSharpness.CompletePivotingBound	1	NumStability.Algorithms.Cholesky.CholeskyPSD -> NumStability.Source.Higham.Chapter10.Lemma13.KahanSharpness.CompletePivotingBound	filtered_source_for_reusable	0
NumStability.Algorithms.LinearSystems.Cholesky.PositiveSemidefinite.StageEmbedding.InteriorMass	reusable	NumStability.Algorithms.HighamChapter10	5	import NumStability.Algorithms.Cholesky.CholeskyPSD	import NumStability.Source.Higham.Chapter10.Section03.PositiveSemidefinite.Existence	1	NumStability.Algorithms.Cholesky.CholeskyPSD -> NumStability.Source.Higham.Chapter10.Section03.PositiveSemidefinite.Existence	filtered_source_for_reusable	0
NumStability.Algorithms.LinearSystems.Cholesky.PositiveSemidefinite.StageEmbedding.InteriorMass	reusable	NumStability.Algorithms.HighamChapter10	5	import NumStability.Algorithms.Cholesky.CholeskyPSD	import NumStability.Source.Higham.Chapter10.Section03.PositiveSemidefinite.SchurComplement	1	NumStability.Algorithms.Cholesky.CholeskyPSD -> NumStability.Source.Higham.Chapter10.Section03.PositiveSemidefinite.SchurComplement	filtered_source_for_reusable	0
NumStability.Algorithms.LinearSystems.Cholesky.PositiveSemidefinite.StageEmbedding.InteriorMass	reusable	NumStability.Algorithms.HighamChapter10	5	import NumStability.Algorithms.Cholesky.CholeskyPSD	import NumStability.Source.Higham.Chapter10.Section03.PositiveSemidefinite.Termination	1	NumStability.Algorithms.Cholesky.CholeskyPSD -> NumStability.Source.Higham.Chapter10.Section03.PositiveSemidefinite.Termination	filtered_source_for_reusable	0
NumStability.Algorithms.LinearSystems.Cholesky.PositiveSemidefinite.StageEmbedding.InteriorMass	reusable	NumStability.Algorithms.HighamChapter10	5	import NumStability.Algorithms.Cholesky.CholeskyPSD	import NumStability.Source.Higham.Chapter10.Section03.PositiveSemidefinite.WNormBound	1	NumStability.Algorithms.Cholesky.CholeskyPSD -> NumStability.Source.Higham.Chapter10.Section03.PositiveSemidefinite.WNormBound	filtered_source_for_reusable	0
NumStability.Algorithms.LinearSystems.Cholesky.PositiveSemidefinite.StageEmbedding.InteriorMass	reusable	NumStability.Algorithms.HighamChapter10	5	import NumStability.Algorithms.Cholesky.CholeskyPSD	import NumStability.Source.Higham.Chapter10.Theorem14.CompletePivotedPSD.PsdErrorAnalysis	1	NumStability.Algorithms.Cholesky.CholeskyPSD -> NumStability.Source.Higham.Chapter10.Theorem14.CompletePivotedPSD.PsdErrorAnalysis	filtered_source_for_reusable	0
NumStability.Algorithms.LinearSystems.Cholesky.PositiveSemidefinite.StageEmbedding.InteriorMass	reusable	NumStability.Algorithms.HighamChapter10	6	import NumStability.Algorithms.Cholesky.CholeskySpec	import NumStability.Algorithms.Cholesky.CholeskySpec	0	NumStability.Algorithms.Cholesky.CholeskySpec	preserved_direct	1
NumStability.Algorithms.LinearSystems.Cholesky.PositiveSemidefinite.StageEmbedding.InteriorMass	reusable	NumStability.Algorithms.HighamChapter10	7	import NumStability.Algorithms.LinearSystems.Cholesky.ErrorAnalysis.Certificates	import NumStability.Algorithms.LinearSystems.Cholesky.ErrorAnalysis.Certificates	0	NumStability.Algorithms.LinearSystems.Cholesky.ErrorAnalysis.Certificates	preserved_direct	1
NumStability.Algorithms.LinearSystems.Cholesky.PositiveSemidefinite.StageEmbedding.InteriorMass	reusable	NumStability.Algorithms.HighamChapter10	8	import NumStability.Algorithms.LinearSystems.Cholesky.Perturbation.Basic	import NumStability.Algorithms.LinearSystems.Cholesky.Perturbation.Basic	0	NumStability.Algorithms.LinearSystems.Cholesky.Perturbation.Basic	preserved_direct	1
NumStability.Algorithms.LinearSystems.Cholesky.PositiveSemidefinite.StageEmbedding.InteriorMass	reusable	NumStability.Algorithms.HighamChapter10	9	import NumStability.Algorithms.LinearSystems.Cholesky.PositiveSemidefinite.KahanMatrix	import NumStability.Algorithms.LinearSystems.Cholesky.PositiveSemidefinite.KahanMatrix	0	NumStability.Algorithms.LinearSystems.Cholesky.PositiveSemidefinite.KahanMatrix	preserved_direct	1
NumStability.Algorithms.LinearSystems.Cholesky.PositiveSemidefinite.StageEmbedding.InteriorMass	reusable	NumStability.Algorithms.HighamChapter10	10	import NumStability.Algorithms.LinearSystems.Cholesky.PositiveSemidefinite.ScaledStage	import NumStability.Algorithms.LinearSystems.Cholesky.PositiveSemidefinite.ScaledStage	0	NumStability.Algorithms.LinearSystems.Cholesky.PositiveSemidefinite.ScaledStage	preserved_direct	1
NumStability.Algorithms.LinearSystems.Cholesky.PositiveSemidefinite.StageEmbedding.InteriorMass	reusable	NumStability.Algorithms.HighamChapter10	11	import NumStability.Analysis.MatrixNorms.EntrywiseAbsolute.Basic	import NumStability.Analysis.MatrixNorms.EntrywiseAbsolute.Basic	0	NumStability.Analysis.MatrixNorms.EntrywiseAbsolute.Basic	preserved_direct	1
NumStability.Algorithms.LinearSystems.Cholesky.PositiveSemidefinite.StageEmbedding.InteriorMass	reusable	NumStability.Algorithms.HighamChapter10	12	import NumStability.Analysis.MatrixNorms.SpectralExtrema.Basic	import NumStability.Analysis.MatrixNorms.SpectralExtrema.Basic	0	NumStability.Analysis.MatrixNorms.SpectralExtrema.Basic	preserved_direct	1
NumStability.Algorithms.LinearSystems.Cholesky.PositiveSemidefinite.StageEmbedding.InteriorMass	reusable	NumStability.Algorithms.HighamChapter10	13	import NumStability.Analysis.MatrixSpectral	import NumStability.Analysis.MatrixSpectral	0	NumStability.Analysis.MatrixSpectral	preserved_direct	1
NumStability.Algorithms.LinearSystems.Cholesky.PositiveSemidefinite.StageEmbedding.InteriorMass	reusable	NumStability.Algorithms.HighamChapter10	14	import NumStability.Source.Higham.Chapter09.Problems	import NumStability.Source.Higham.Chapter09.Problems	0	NumStability.Source.Higham.Chapter09.Problems	filtered_source_for_reusable	0
NumStability.Algorithms.LinearSystems.Cholesky.PositiveSemidefinite.StageEmbedding.InteriorMass	reusable	NumStability.Algorithms.HighamChapter10	15	import NumStability.Source.Higham.Chapter09.Section01	import NumStability.Source.Higham.Chapter09.Section01	0	NumStability.Source.Higham.Chapter09.Section01	filtered_source_for_reusable	0
NumStability.Algorithms.LinearSystems.Cholesky.PositiveSemidefinite.StageEmbedding.InteriorMass	reusable	NumStability.Algorithms.HighamChapter10	16	import NumStability.Source.Higham.Chapter09.Section02	import NumStability.Source.Higham.Chapter09.Section02	0	NumStability.Source.Higham.Chapter09.Section02	filtered_source_for_reusable	0
NumStability.Algorithms.LinearSystems.Cholesky.PositiveSemidefinite.StageEmbedding.InteriorMass	reusable	NumStability.Algorithms.HighamChapter10	17	import NumStability.Source.Higham.Chapter09.Section03	import NumStability.Source.Higham.Chapter09.Section03	0	NumStability.Source.Higham.Chapter09.Section03	filtered_source_for_reusable	0
NumStability.Algorithms.LinearSystems.Cholesky.PositiveSemidefinite.StageEmbedding.InteriorMass	reusable	NumStability.Algorithms.HighamChapter10	18	import NumStability.Source.Higham.Chapter09.Section04	import NumStability.Source.Higham.Chapter09.Section04	0	NumStability.Source.Higham.Chapter09.Section04	filtered_source_for_reusable	0
NumStability.Algorithms.LinearSystems.Cholesky.PositiveSemidefinite.StageEmbedding.InteriorMass	reusable	NumStability.Algorithms.HighamChapter10	19	import NumStability.Source.Higham.Chapter09.Section05	import NumStability.Source.Higham.Chapter09.Section05	0	NumStability.Source.Higham.Chapter09.Section05	filtered_source_for_reusable	0
NumStability.Algorithms.LinearSystems.Cholesky.PositiveSemidefinite.StageEmbedding.InteriorMass	reusable	NumStability.Algorithms.HighamChapter10	20	import NumStability.Source.Higham.Chapter09.Section06	import NumStability.Source.Higham.Chapter09.Section06	0	NumStability.Source.Higham.Chapter09.Section06	filtered_source_for_reusable	0
NumStability.Algorithms.LinearSystems.Cholesky.PositiveSemidefinite.StageEmbedding.InteriorMass	reusable	NumStability.Algorithms.HighamChapter10	21	import NumStability.Source.Higham.Chapter09.Section08	import NumStability.Source.Higham.Chapter09.Section08	0	NumStability.Source.Higham.Chapter09.Section08	filtered_source_for_reusable	0
NumStability.Algorithms.LinearSystems.Cholesky.PositiveSemidefinite.StageEmbedding.InteriorMass	reusable	NumStability.Algorithms.HighamChapter10	22	import NumStability.Source.Higham.Chapter09.Section10	import NumStability.Source.Higham.Chapter09.Section10	0	NumStability.Source.Higham.Chapter09.Section10	filtered_source_for_reusable	0
NumStability.Algorithms.LinearSystems.Cholesky.PositiveSemidefinite.StageEmbedding.InteriorMass	reusable	NumStability.Algorithms.HighamChapter10	23	import NumStability.Source.Higham.Chapter09.Section11	import NumStability.Source.Higham.Chapter09.Section11	0	NumStability.Source.Higham.Chapter09.Section11	filtered_source_for_reusable	0
NumStability.Algorithms.LinearSystems.Cholesky.PositiveSemidefinite.StageEmbedding.InteriorMass	reusable	NumStability.Algorithms.HighamChapter10	24	import NumStability.Source.Higham.Chapter10.Equation07.AbsoluteFactorNorm.Endpoints	import NumStability.Source.Higham.Chapter10.Equation07.AbsoluteFactorNorm.Endpoints	0	NumStability.Source.Higham.Chapter10.Equation07.AbsoluteFactorNorm.Endpoints	filtered_source_for_reusable	0
NumStability.Algorithms.LinearSystems.Cholesky.PositiveSemidefinite.StageEmbedding.InteriorMass	reusable	NumStability.Algorithms.HighamChapter10	25	import NumStability.Source.Higham.Chapter10.Equation29.Mathias.Endpoints	import NumStability.Source.Higham.Chapter10.Equation29.Mathias.Endpoints	0	NumStability.Source.Higham.Chapter10.Equation29.Mathias.Endpoints	filtered_source_for_reusable	0
NumStability.Algorithms.LinearSystems.Cholesky.PositiveSemidefinite.StageEmbedding.InteriorMass	reusable	NumStability.Algorithms.HighamChapter10	26	import NumStability.Source.Higham.Chapter10.Equation30.ComplexPositiveDefinite.Endpoints	import NumStability.Source.Higham.Chapter10.Equation30.ComplexPositiveDefinite.Endpoints	0	NumStability.Source.Higham.Chapter10.Equation30.ComplexPositiveDefinite.Endpoints	filtered_source_for_reusable	0
NumStability.Algorithms.LinearSystems.Cholesky.PositiveSemidefinite.StageEmbedding.InteriorMass	reusable	NumStability.Algorithms.HighamChapter10	27	import NumStability.Source.Higham.Chapter10.Lemma11.PivotSequenceStability.Endpoints	import NumStability.Source.Higham.Chapter10.Lemma11.PivotSequenceStability.Endpoints	0	NumStability.Source.Higham.Chapter10.Lemma11.PivotSequenceStability.Endpoints	filtered_source_for_reusable	0
NumStability.Algorithms.LinearSystems.Cholesky.PositiveSemidefinite.StageEmbedding.InteriorMass	reusable	NumStability.Algorithms.HighamChapter10	28	import NumStability.Source.Higham.Chapter10.Lemma13.KahanSharpness.Endpoints	import NumStability.Source.Higham.Chapter10.Lemma13.KahanSharpness.Endpoints	0	NumStability.Source.Higham.Chapter10.Lemma13.KahanSharpness.Endpoints	filtered_source_for_reusable	0
NumStability.Algorithms.LinearSystems.Cholesky.PositiveSemidefinite.StageEmbedding.InteriorMass	reusable	NumStability.Algorithms.HighamChapter10	29	import NumStability.Source.Higham.Chapter10.Problem01.PositiveSemidefiniteEntries.Basic	import NumStability.Source.Higham.Chapter10.Problem01.PositiveSemidefiniteEntries.Basic	0	NumStability.Source.Higham.Chapter10.Problem01.PositiveSemidefiniteEntries.Basic	filtered_source_for_reusable	0
NumStability.Algorithms.LinearSystems.Cholesky.PositiveSemidefinite.StageEmbedding.InteriorMass	reusable	NumStability.Algorithms.HighamChapter10	30	import NumStability.Source.Higham.Chapter10.Problem04.UnpivotedGrowth.Basic	import NumStability.Source.Higham.Chapter10.Problem04.UnpivotedGrowth.Basic	0	NumStability.Source.Higham.Chapter10.Problem04.UnpivotedGrowth.Basic	filtered_source_for_reusable	0
NumStability.Algorithms.LinearSystems.Cholesky.PositiveSemidefinite.StageEmbedding.InteriorMass	reusable	NumStability.Algorithms.HighamChapter10	31	import NumStability.Source.Higham.Chapter10.Problem08.LeadingMinorsCounterexample.Basic	import NumStability.Source.Higham.Chapter10.Problem08.LeadingMinorsCounterexample.Basic	0	NumStability.Source.Higham.Chapter10.Problem08.LeadingMinorsCounterexample.Basic	filtered_source_for_reusable	0
NumStability.Algorithms.LinearSystems.Cholesky.PositiveSemidefinite.StageEmbedding.InteriorMass	reusable	NumStability.Algorithms.HighamChapter10	32	import NumStability.Source.Higham.Chapter10.Section01.Factorization.Basic	import NumStability.Source.Higham.Chapter10.Section01.Factorization.Basic	0	NumStability.Source.Higham.Chapter10.Section01.Factorization.Basic	filtered_source_for_reusable	0
NumStability.Algorithms.LinearSystems.Cholesky.PositiveSemidefinite.StageEmbedding.InteriorMass	reusable	NumStability.Algorithms.HighamChapter10	33	import NumStability.Source.Higham.Chapter10.Section02.ErrorAnalysis.Basic	import NumStability.Source.Higham.Chapter10.Section02.ErrorAnalysis.Basic	0	NumStability.Source.Higham.Chapter10.Section02.ErrorAnalysis.Basic	filtered_source_for_reusable	0
NumStability.Algorithms.LinearSystems.Cholesky.PositiveSemidefinite.StageEmbedding.InteriorMass	reusable	NumStability.Algorithms.HighamChapter10	34	import NumStability.Source.Higham.Chapter10.Section03.PositiveSemidefinite.Endpoints	import NumStability.Source.Higham.Chapter10.Section03.PositiveSemidefinite.Endpoints	0	NumStability.Source.Higham.Chapter10.Section03.PositiveSemidefinite.Endpoints	filtered_source_for_reusable	0
NumStability.Algorithms.LinearSystems.Cholesky.PositiveSemidefinite.StageEmbedding.InteriorMass	reusable	NumStability.Algorithms.HighamChapter10	35	import NumStability.Source.Higham.Chapter10.Section04.PositiveDefiniteSymmetricPart.Endpoints	import NumStability.Source.Higham.Chapter10.Section04.PositiveDefiniteSymmetricPart.Endpoints	0	NumStability.Source.Higham.Chapter10.Section04.PositiveDefiniteSymmetricPart.Endpoints	filtered_source_for_reusable	0
NumStability.Algorithms.LinearSystems.Cholesky.PositiveSemidefinite.StageEmbedding.InteriorMass	reusable	NumStability.Algorithms.HighamChapter10	36	import NumStability.Source.Higham.Chapter10.Theorem06.RoundedCholesky.Endpoints	import NumStability.Source.Higham.Chapter10.Theorem06.RoundedCholesky.Endpoints	0	NumStability.Source.Higham.Chapter10.Theorem06.RoundedCholesky.Endpoints	filtered_source_for_reusable	0
NumStability.Algorithms.LinearSystems.Cholesky.PositiveSemidefinite.StageEmbedding.InteriorMass	reusable	NumStability.Algorithms.HighamChapter10	37	import NumStability.Source.Higham.Chapter10.Theorem07.FailureVacuity.Endpoints	import NumStability.Source.Higham.Chapter10.Theorem07.FailureVacuity.Endpoints	0	NumStability.Source.Higham.Chapter10.Theorem07.FailureVacuity.Endpoints	filtered_source_for_reusable	0
NumStability.Algorithms.LinearSystems.Cholesky.PositiveSemidefinite.StageEmbedding.InteriorMass	reusable	NumStability.Algorithms.HighamChapter10	38	import NumStability.Source.Higham.Chapter10.Theorem08.ComponentwisePerturbation.Endpoints	import NumStability.Source.Higham.Chapter10.Theorem08.ComponentwisePerturbation.Endpoints	0	NumStability.Source.Higham.Chapter10.Theorem08.ComponentwisePerturbation.Endpoints	filtered_source_for_reusable	0
NumStability.Algorithms.LinearSystems.Cholesky.PositiveSemidefinite.StageEmbedding.InteriorMass	reusable	NumStability.Algorithms.HighamChapter10	39	import NumStability.Source.Higham.Chapter10.Theorem08.NormwiseDiscrepancy.Endpoints	import NumStability.Source.Higham.Chapter10.Theorem08.NormwiseDiscrepancy.Endpoints	0	NumStability.Source.Higham.Chapter10.Theorem08.NormwiseDiscrepancy.Endpoints	filtered_source_for_reusable	0
NumStability.Algorithms.LinearSystems.Cholesky.PositiveSemidefinite.StageEmbedding.InteriorMass	reusable	NumStability.Algorithms.HighamChapter10	40	import NumStability.Source.Higham.Chapter10.Theorem14.CompletePivotedPSD.Endpoints	import NumStability.Source.Higham.Chapter10.Theorem14.CompletePivotedPSD.Endpoints	0	NumStability.Source.Higham.Chapter10.Theorem14.CompletePivotedPSD.Endpoints	filtered_source_for_reusable	0
NumStability.Analysis.MatrixNorms.SpectralExtrema.PrincipalSubmatrices.Bounds	reusable	NumStability.Algorithms.HighamChapter10	1	import Mathlib.Data.Complex.Basic	import Mathlib.Data.Complex.Basic	0	Mathlib.Data.Complex.Basic	preserved_direct	1
NumStability.Analysis.MatrixNorms.SpectralExtrema.PrincipalSubmatrices.Bounds	reusable	NumStability.Algorithms.HighamChapter10	2	import NumStability.Algorithms.Cholesky.CholeskyDemmel	import NumStability.Algorithms.Cholesky.CholeskyDemmel	0	NumStability.Algorithms.Cholesky.CholeskyDemmel	preserved_direct	1
NumStability.Analysis.MatrixNorms.SpectralExtrema.PrincipalSubmatrices.Bounds	reusable	NumStability.Algorithms.HighamChapter10	3	import NumStability.Algorithms.Cholesky.CholeskyFl	import NumStability.Algorithms.Cholesky.CholeskyFl	0	NumStability.Algorithms.Cholesky.CholeskyFl	preserved_direct	1
NumStability.Analysis.MatrixNorms.SpectralExtrema.PrincipalSubmatrices.Bounds	reusable	NumStability.Algorithms.HighamChapter10	4	import NumStability.Algorithms.Cholesky.CholeskyNonsym	import NumStability.Algorithms.Cholesky.CholeskyNonsym	0	NumStability.Algorithms.Cholesky.CholeskyNonsym	preserved_direct	1
NumStability.Analysis.MatrixNorms.SpectralExtrema.PrincipalSubmatrices.Bounds	reusable	NumStability.Algorithms.HighamChapter10	5	import NumStability.Algorithms.Cholesky.CholeskyPSD	import Mathlib.Algebra.BigOperators.Field	1	NumStability.Algorithms.Cholesky.CholeskyPSD -> Mathlib.Algebra.BigOperators.Field	preserved_recursive	1
NumStability.Analysis.MatrixNorms.SpectralExtrema.PrincipalSubmatrices.Bounds	reusable	NumStability.Algorithms.HighamChapter10	5	import NumStability.Algorithms.Cholesky.CholeskyPSD	import Mathlib.Algebra.BigOperators.Group.Finset.Basic	1	NumStability.Algorithms.Cholesky.CholeskyPSD -> Mathlib.Algebra.BigOperators.Group.Finset.Basic	preserved_recursive	1
NumStability.Analysis.MatrixNorms.SpectralExtrema.PrincipalSubmatrices.Bounds	reusable	NumStability.Algorithms.HighamChapter10	5	import NumStability.Algorithms.Cholesky.CholeskyPSD	import Mathlib.Algebra.Order.BigOperators.Group.Finset	1	NumStability.Algorithms.Cholesky.CholeskyPSD -> Mathlib.Algebra.Order.BigOperators.Group.Finset	preserved_recursive	1
NumStability.Analysis.MatrixNorms.SpectralExtrema.PrincipalSubmatrices.Bounds	reusable	NumStability.Algorithms.HighamChapter10	5	import NumStability.Algorithms.Cholesky.CholeskyPSD	import Mathlib.Data.Real.Basic	1	NumStability.Algorithms.Cholesky.CholeskyPSD -> Mathlib.Data.Real.Basic	preserved_recursive	1
NumStability.Analysis.MatrixNorms.SpectralExtrema.PrincipalSubmatrices.Bounds	reusable	NumStability.Algorithms.HighamChapter10	5	import NumStability.Algorithms.Cholesky.CholeskyPSD	import Mathlib.Data.Real.Sqrt	1	NumStability.Algorithms.Cholesky.CholeskyPSD -> Mathlib.Data.Real.Sqrt	preserved_recursive	1
NumStability.Analysis.MatrixNorms.SpectralExtrema.PrincipalSubmatrices.Bounds	reusable	NumStability.Algorithms.HighamChapter10	5	import NumStability.Algorithms.Cholesky.CholeskyPSD	import Mathlib.LinearAlgebra.Matrix.Block	1	NumStability.Algorithms.Cholesky.CholeskyPSD -> Mathlib.LinearAlgebra.Matrix.Block	preserved_recursive	1
NumStability.Analysis.MatrixNorms.SpectralExtrema.PrincipalSubmatrices.Bounds	reusable	NumStability.Algorithms.HighamChapter10	5	import NumStability.Algorithms.Cholesky.CholeskyPSD	import Mathlib.LinearAlgebra.Matrix.NonsingularInverse	1	NumStability.Algorithms.Cholesky.CholeskyPSD -> Mathlib.LinearAlgebra.Matrix.NonsingularInverse	preserved_recursive	1
NumStability.Analysis.MatrixNorms.SpectralExtrema.PrincipalSubmatrices.Bounds	reusable	NumStability.Algorithms.HighamChapter10	5	import NumStability.Algorithms.Cholesky.CholeskyPSD	import Mathlib.LinearAlgebra.Matrix.Rank	1	NumStability.Algorithms.Cholesky.CholeskyPSD -> Mathlib.LinearAlgebra.Matrix.Rank	preserved_recursive	1
NumStability.Analysis.MatrixNorms.SpectralExtrema.PrincipalSubmatrices.Bounds	reusable	NumStability.Algorithms.HighamChapter10	5	import NumStability.Algorithms.Cholesky.CholeskyPSD	import Mathlib.Tactic.FieldSimp	1	NumStability.Algorithms.Cholesky.CholeskyPSD -> Mathlib.Tactic.FieldSimp	preserved_recursive	1
NumStability.Analysis.MatrixNorms.SpectralExtrema.PrincipalSubmatrices.Bounds	reusable	NumStability.Algorithms.HighamChapter10	5	import NumStability.Algorithms.Cholesky.CholeskyPSD	import Mathlib.Tactic.Linarith	1	NumStability.Algorithms.Cholesky.CholeskyPSD -> Mathlib.Tactic.Linarith	preserved_recursive	1
NumStability.Analysis.MatrixNorms.SpectralExtrema.PrincipalSubmatrices.Bounds	reusable	NumStability.Algorithms.HighamChapter10	5	import NumStability.Algorithms.Cholesky.CholeskyPSD	import Mathlib.Tactic.Ring	1	NumStability.Algorithms.Cholesky.CholeskyPSD -> Mathlib.Tactic.Ring	preserved_recursive	1
NumStability.Analysis.MatrixNorms.SpectralExtrema.PrincipalSubmatrices.Bounds	reusable	NumStability.Algorithms.HighamChapter10	5	import NumStability.Algorithms.Cholesky.CholeskyPSD	import NumStability.Algorithms.Cholesky.CholeskySpec	1	NumStability.Algorithms.Cholesky.CholeskyPSD -> NumStability.Algorithms.Cholesky.CholeskySpec	preserved_recursive	1
NumStability.Analysis.MatrixNorms.SpectralExtrema.PrincipalSubmatrices.Bounds	reusable	NumStability.Algorithms.HighamChapter10	5	import NumStability.Algorithms.Cholesky.CholeskyPSD	import NumStability.Algorithms.LU.GaussianElimination	1	NumStability.Algorithms.Cholesky.CholeskyPSD -> NumStability.Algorithms.LU.GaussianElimination	preserved_recursive	1
NumStability.Analysis.MatrixNorms.SpectralExtrema.PrincipalSubmatrices.Bounds	reusable	NumStability.Algorithms.HighamChapter10	5	import NumStability.Algorithms.Cholesky.CholeskyPSD	import NumStability.Algorithms.LinearSystems.Cholesky.PositiveSemidefinite.Basic	1	NumStability.Algorithms.Cholesky.CholeskyPSD -> NumStability.Algorithms.LinearSystems.Cholesky.PositiveSemidefinite.Basic	preserved_recursive	1
NumStability.Analysis.MatrixNorms.SpectralExtrema.PrincipalSubmatrices.Bounds	reusable	NumStability.Algorithms.HighamChapter10	5	import NumStability.Algorithms.Cholesky.CholeskyPSD	import NumStability.Analysis.Rounding	1	NumStability.Algorithms.Cholesky.CholeskyPSD -> NumStability.Analysis.Rounding	preserved_recursive	1
NumStability.Analysis.MatrixNorms.SpectralExtrema.PrincipalSubmatrices.Bounds	reusable	NumStability.Algorithms.HighamChapter10	5	import NumStability.Algorithms.Cholesky.CholeskyPSD	import NumStability.FloatingPoint.Model	1	NumStability.Algorithms.Cholesky.CholeskyPSD -> NumStability.FloatingPoint.Model	preserved_recursive	1
NumStability.Analysis.MatrixNorms.SpectralExtrema.PrincipalSubmatrices.Bounds	reusable	NumStability.Algorithms.HighamChapter10	5	import NumStability.Algorithms.Cholesky.CholeskyPSD	import NumStability.Source.Higham.Chapter10.Lemma13.KahanSharpness.CompletePivotingBound	1	NumStability.Algorithms.Cholesky.CholeskyPSD -> NumStability.Source.Higham.Chapter10.Lemma13.KahanSharpness.CompletePivotingBound	filtered_source_for_reusable	0
NumStability.Analysis.MatrixNorms.SpectralExtrema.PrincipalSubmatrices.Bounds	reusable	NumStability.Algorithms.HighamChapter10	5	import NumStability.Algorithms.Cholesky.CholeskyPSD	import NumStability.Source.Higham.Chapter10.Section03.PositiveSemidefinite.Existence	1	NumStability.Algorithms.Cholesky.CholeskyPSD -> NumStability.Source.Higham.Chapter10.Section03.PositiveSemidefinite.Existence	filtered_source_for_reusable	0
NumStability.Analysis.MatrixNorms.SpectralExtrema.PrincipalSubmatrices.Bounds	reusable	NumStability.Algorithms.HighamChapter10	5	import NumStability.Algorithms.Cholesky.CholeskyPSD	import NumStability.Source.Higham.Chapter10.Section03.PositiveSemidefinite.SchurComplement	1	NumStability.Algorithms.Cholesky.CholeskyPSD -> NumStability.Source.Higham.Chapter10.Section03.PositiveSemidefinite.SchurComplement	filtered_source_for_reusable	0
NumStability.Analysis.MatrixNorms.SpectralExtrema.PrincipalSubmatrices.Bounds	reusable	NumStability.Algorithms.HighamChapter10	5	import NumStability.Algorithms.Cholesky.CholeskyPSD	import NumStability.Source.Higham.Chapter10.Section03.PositiveSemidefinite.Termination	1	NumStability.Algorithms.Cholesky.CholeskyPSD -> NumStability.Source.Higham.Chapter10.Section03.PositiveSemidefinite.Termination	filtered_source_for_reusable	0
NumStability.Analysis.MatrixNorms.SpectralExtrema.PrincipalSubmatrices.Bounds	reusable	NumStability.Algorithms.HighamChapter10	5	import NumStability.Algorithms.Cholesky.CholeskyPSD	import NumStability.Source.Higham.Chapter10.Section03.PositiveSemidefinite.WNormBound	1	NumStability.Algorithms.Cholesky.CholeskyPSD -> NumStability.Source.Higham.Chapter10.Section03.PositiveSemidefinite.WNormBound	filtered_source_for_reusable	0
NumStability.Analysis.MatrixNorms.SpectralExtrema.PrincipalSubmatrices.Bounds	reusable	NumStability.Algorithms.HighamChapter10	5	import NumStability.Algorithms.Cholesky.CholeskyPSD	import NumStability.Source.Higham.Chapter10.Theorem14.CompletePivotedPSD.PsdErrorAnalysis	1	NumStability.Algorithms.Cholesky.CholeskyPSD -> NumStability.Source.Higham.Chapter10.Theorem14.CompletePivotedPSD.PsdErrorAnalysis	filtered_source_for_reusable	0
NumStability.Analysis.MatrixNorms.SpectralExtrema.PrincipalSubmatrices.Bounds	reusable	NumStability.Algorithms.HighamChapter10	6	import NumStability.Algorithms.Cholesky.CholeskySpec	import NumStability.Algorithms.Cholesky.CholeskySpec	0	NumStability.Algorithms.Cholesky.CholeskySpec	preserved_direct	1
NumStability.Analysis.MatrixNorms.SpectralExtrema.PrincipalSubmatrices.Bounds	reusable	NumStability.Algorithms.HighamChapter10	7	import NumStability.Algorithms.LinearSystems.Cholesky.ErrorAnalysis.Certificates	import NumStability.Algorithms.LinearSystems.Cholesky.ErrorAnalysis.Certificates	0	NumStability.Algorithms.LinearSystems.Cholesky.ErrorAnalysis.Certificates	preserved_direct	1
NumStability.Analysis.MatrixNorms.SpectralExtrema.PrincipalSubmatrices.Bounds	reusable	NumStability.Algorithms.HighamChapter10	8	import NumStability.Algorithms.LinearSystems.Cholesky.Perturbation.Basic	import NumStability.Algorithms.LinearSystems.Cholesky.Perturbation.Basic	0	NumStability.Algorithms.LinearSystems.Cholesky.Perturbation.Basic	preserved_direct	1
NumStability.Analysis.MatrixNorms.SpectralExtrema.PrincipalSubmatrices.Bounds	reusable	NumStability.Algorithms.HighamChapter10	9	import NumStability.Algorithms.LinearSystems.Cholesky.PositiveSemidefinite.KahanMatrix	import NumStability.Algorithms.LinearSystems.Cholesky.PositiveSemidefinite.KahanMatrix	0	NumStability.Algorithms.LinearSystems.Cholesky.PositiveSemidefinite.KahanMatrix	preserved_direct	1
NumStability.Analysis.MatrixNorms.SpectralExtrema.PrincipalSubmatrices.Bounds	reusable	NumStability.Algorithms.HighamChapter10	10	import NumStability.Algorithms.LinearSystems.Cholesky.PositiveSemidefinite.ScaledStage	import NumStability.Algorithms.LinearSystems.Cholesky.PositiveSemidefinite.ScaledStage	0	NumStability.Algorithms.LinearSystems.Cholesky.PositiveSemidefinite.ScaledStage	preserved_direct	1
NumStability.Analysis.MatrixNorms.SpectralExtrema.PrincipalSubmatrices.Bounds	reusable	NumStability.Algorithms.HighamChapter10	11	import NumStability.Analysis.MatrixNorms.EntrywiseAbsolute.Basic	import NumStability.Analysis.MatrixNorms.EntrywiseAbsolute.Basic	0	NumStability.Analysis.MatrixNorms.EntrywiseAbsolute.Basic	preserved_direct	1
NumStability.Analysis.MatrixNorms.SpectralExtrema.PrincipalSubmatrices.Bounds	reusable	NumStability.Algorithms.HighamChapter10	12	import NumStability.Analysis.MatrixNorms.SpectralExtrema.Basic	import NumStability.Analysis.MatrixNorms.SpectralExtrema.Basic	0	NumStability.Analysis.MatrixNorms.SpectralExtrema.Basic	preserved_direct	1
NumStability.Analysis.MatrixNorms.SpectralExtrema.PrincipalSubmatrices.Bounds	reusable	NumStability.Algorithms.HighamChapter10	13	import NumStability.Analysis.MatrixSpectral	import NumStability.Analysis.MatrixSpectral	0	NumStability.Analysis.MatrixSpectral	preserved_direct	1
NumStability.Analysis.MatrixNorms.SpectralExtrema.PrincipalSubmatrices.Bounds	reusable	NumStability.Algorithms.HighamChapter10	14	import NumStability.Source.Higham.Chapter09.Problems	import NumStability.Source.Higham.Chapter09.Problems	0	NumStability.Source.Higham.Chapter09.Problems	filtered_source_for_reusable	0
NumStability.Analysis.MatrixNorms.SpectralExtrema.PrincipalSubmatrices.Bounds	reusable	NumStability.Algorithms.HighamChapter10	15	import NumStability.Source.Higham.Chapter09.Section01	import NumStability.Source.Higham.Chapter09.Section01	0	NumStability.Source.Higham.Chapter09.Section01	filtered_source_for_reusable	0
NumStability.Analysis.MatrixNorms.SpectralExtrema.PrincipalSubmatrices.Bounds	reusable	NumStability.Algorithms.HighamChapter10	16	import NumStability.Source.Higham.Chapter09.Section02	import NumStability.Source.Higham.Chapter09.Section02	0	NumStability.Source.Higham.Chapter09.Section02	filtered_source_for_reusable	0
NumStability.Analysis.MatrixNorms.SpectralExtrema.PrincipalSubmatrices.Bounds	reusable	NumStability.Algorithms.HighamChapter10	17	import NumStability.Source.Higham.Chapter09.Section03	import NumStability.Source.Higham.Chapter09.Section03	0	NumStability.Source.Higham.Chapter09.Section03	filtered_source_for_reusable	0
NumStability.Analysis.MatrixNorms.SpectralExtrema.PrincipalSubmatrices.Bounds	reusable	NumStability.Algorithms.HighamChapter10	18	import NumStability.Source.Higham.Chapter09.Section04	import NumStability.Source.Higham.Chapter09.Section04	0	NumStability.Source.Higham.Chapter09.Section04	filtered_source_for_reusable	0
NumStability.Analysis.MatrixNorms.SpectralExtrema.PrincipalSubmatrices.Bounds	reusable	NumStability.Algorithms.HighamChapter10	19	import NumStability.Source.Higham.Chapter09.Section05	import NumStability.Source.Higham.Chapter09.Section05	0	NumStability.Source.Higham.Chapter09.Section05	filtered_source_for_reusable	0
NumStability.Analysis.MatrixNorms.SpectralExtrema.PrincipalSubmatrices.Bounds	reusable	NumStability.Algorithms.HighamChapter10	20	import NumStability.Source.Higham.Chapter09.Section06	import NumStability.Source.Higham.Chapter09.Section06	0	NumStability.Source.Higham.Chapter09.Section06	filtered_source_for_reusable	0
NumStability.Analysis.MatrixNorms.SpectralExtrema.PrincipalSubmatrices.Bounds	reusable	NumStability.Algorithms.HighamChapter10	21	import NumStability.Source.Higham.Chapter09.Section08	import NumStability.Source.Higham.Chapter09.Section08	0	NumStability.Source.Higham.Chapter09.Section08	filtered_source_for_reusable	0
NumStability.Analysis.MatrixNorms.SpectralExtrema.PrincipalSubmatrices.Bounds	reusable	NumStability.Algorithms.HighamChapter10	22	import NumStability.Source.Higham.Chapter09.Section10	import NumStability.Source.Higham.Chapter09.Section10	0	NumStability.Source.Higham.Chapter09.Section10	filtered_source_for_reusable	0
NumStability.Analysis.MatrixNorms.SpectralExtrema.PrincipalSubmatrices.Bounds	reusable	NumStability.Algorithms.HighamChapter10	23	import NumStability.Source.Higham.Chapter09.Section11	import NumStability.Source.Higham.Chapter09.Section11	0	NumStability.Source.Higham.Chapter09.Section11	filtered_source_for_reusable	0
NumStability.Analysis.MatrixNorms.SpectralExtrema.PrincipalSubmatrices.Bounds	reusable	NumStability.Algorithms.HighamChapter10	24	import NumStability.Source.Higham.Chapter10.Equation07.AbsoluteFactorNorm.Endpoints	import NumStability.Source.Higham.Chapter10.Equation07.AbsoluteFactorNorm.Endpoints	0	NumStability.Source.Higham.Chapter10.Equation07.AbsoluteFactorNorm.Endpoints	filtered_source_for_reusable	0
NumStability.Analysis.MatrixNorms.SpectralExtrema.PrincipalSubmatrices.Bounds	reusable	NumStability.Algorithms.HighamChapter10	25	import NumStability.Source.Higham.Chapter10.Equation29.Mathias.Endpoints	import NumStability.Source.Higham.Chapter10.Equation29.Mathias.Endpoints	0	NumStability.Source.Higham.Chapter10.Equation29.Mathias.Endpoints	filtered_source_for_reusable	0
NumStability.Analysis.MatrixNorms.SpectralExtrema.PrincipalSubmatrices.Bounds	reusable	NumStability.Algorithms.HighamChapter10	26	import NumStability.Source.Higham.Chapter10.Equation30.ComplexPositiveDefinite.Endpoints	import NumStability.Source.Higham.Chapter10.Equation30.ComplexPositiveDefinite.Endpoints	0	NumStability.Source.Higham.Chapter10.Equation30.ComplexPositiveDefinite.Endpoints	filtered_source_for_reusable	0
NumStability.Analysis.MatrixNorms.SpectralExtrema.PrincipalSubmatrices.Bounds	reusable	NumStability.Algorithms.HighamChapter10	27	import NumStability.Source.Higham.Chapter10.Lemma11.PivotSequenceStability.Endpoints	import NumStability.Source.Higham.Chapter10.Lemma11.PivotSequenceStability.Endpoints	0	NumStability.Source.Higham.Chapter10.Lemma11.PivotSequenceStability.Endpoints	filtered_source_for_reusable	0
NumStability.Analysis.MatrixNorms.SpectralExtrema.PrincipalSubmatrices.Bounds	reusable	NumStability.Algorithms.HighamChapter10	28	import NumStability.Source.Higham.Chapter10.Lemma13.KahanSharpness.Endpoints	import NumStability.Source.Higham.Chapter10.Lemma13.KahanSharpness.Endpoints	0	NumStability.Source.Higham.Chapter10.Lemma13.KahanSharpness.Endpoints	filtered_source_for_reusable	0
NumStability.Analysis.MatrixNorms.SpectralExtrema.PrincipalSubmatrices.Bounds	reusable	NumStability.Algorithms.HighamChapter10	29	import NumStability.Source.Higham.Chapter10.Problem01.PositiveSemidefiniteEntries.Basic	import NumStability.Source.Higham.Chapter10.Problem01.PositiveSemidefiniteEntries.Basic	0	NumStability.Source.Higham.Chapter10.Problem01.PositiveSemidefiniteEntries.Basic	filtered_source_for_reusable	0
NumStability.Analysis.MatrixNorms.SpectralExtrema.PrincipalSubmatrices.Bounds	reusable	NumStability.Algorithms.HighamChapter10	30	import NumStability.Source.Higham.Chapter10.Problem04.UnpivotedGrowth.Basic	import NumStability.Source.Higham.Chapter10.Problem04.UnpivotedGrowth.Basic	0	NumStability.Source.Higham.Chapter10.Problem04.UnpivotedGrowth.Basic	filtered_source_for_reusable	0
NumStability.Analysis.MatrixNorms.SpectralExtrema.PrincipalSubmatrices.Bounds	reusable	NumStability.Algorithms.HighamChapter10	31	import NumStability.Source.Higham.Chapter10.Problem08.LeadingMinorsCounterexample.Basic	import NumStability.Source.Higham.Chapter10.Problem08.LeadingMinorsCounterexample.Basic	0	NumStability.Source.Higham.Chapter10.Problem08.LeadingMinorsCounterexample.Basic	filtered_source_for_reusable	0
NumStability.Analysis.MatrixNorms.SpectralExtrema.PrincipalSubmatrices.Bounds	reusable	NumStability.Algorithms.HighamChapter10	32	import NumStability.Source.Higham.Chapter10.Section01.Factorization.Basic	import NumStability.Source.Higham.Chapter10.Section01.Factorization.Basic	0	NumStability.Source.Higham.Chapter10.Section01.Factorization.Basic	filtered_source_for_reusable	0
NumStability.Analysis.MatrixNorms.SpectralExtrema.PrincipalSubmatrices.Bounds	reusable	NumStability.Algorithms.HighamChapter10	33	import NumStability.Source.Higham.Chapter10.Section02.ErrorAnalysis.Basic	import NumStability.Source.Higham.Chapter10.Section02.ErrorAnalysis.Basic	0	NumStability.Source.Higham.Chapter10.Section02.ErrorAnalysis.Basic	filtered_source_for_reusable	0
NumStability.Analysis.MatrixNorms.SpectralExtrema.PrincipalSubmatrices.Bounds	reusable	NumStability.Algorithms.HighamChapter10	34	import NumStability.Source.Higham.Chapter10.Section03.PositiveSemidefinite.Endpoints	import NumStability.Source.Higham.Chapter10.Section03.PositiveSemidefinite.Endpoints	0	NumStability.Source.Higham.Chapter10.Section03.PositiveSemidefinite.Endpoints	filtered_source_for_reusable	0
NumStability.Analysis.MatrixNorms.SpectralExtrema.PrincipalSubmatrices.Bounds	reusable	NumStability.Algorithms.HighamChapter10	35	import NumStability.Source.Higham.Chapter10.Section04.PositiveDefiniteSymmetricPart.Endpoints	import NumStability.Source.Higham.Chapter10.Section04.PositiveDefiniteSymmetricPart.Endpoints	0	NumStability.Source.Higham.Chapter10.Section04.PositiveDefiniteSymmetricPart.Endpoints	filtered_source_for_reusable	0
NumStability.Analysis.MatrixNorms.SpectralExtrema.PrincipalSubmatrices.Bounds	reusable	NumStability.Algorithms.HighamChapter10	36	import NumStability.Source.Higham.Chapter10.Theorem06.RoundedCholesky.Endpoints	import NumStability.Source.Higham.Chapter10.Theorem06.RoundedCholesky.Endpoints	0	NumStability.Source.Higham.Chapter10.Theorem06.RoundedCholesky.Endpoints	filtered_source_for_reusable	0
NumStability.Analysis.MatrixNorms.SpectralExtrema.PrincipalSubmatrices.Bounds	reusable	NumStability.Algorithms.HighamChapter10	37	import NumStability.Source.Higham.Chapter10.Theorem07.FailureVacuity.Endpoints	import NumStability.Source.Higham.Chapter10.Theorem07.FailureVacuity.Endpoints	0	NumStability.Source.Higham.Chapter10.Theorem07.FailureVacuity.Endpoints	filtered_source_for_reusable	0
NumStability.Analysis.MatrixNorms.SpectralExtrema.PrincipalSubmatrices.Bounds	reusable	NumStability.Algorithms.HighamChapter10	38	import NumStability.Source.Higham.Chapter10.Theorem08.ComponentwisePerturbation.Endpoints	import NumStability.Source.Higham.Chapter10.Theorem08.ComponentwisePerturbation.Endpoints	0	NumStability.Source.Higham.Chapter10.Theorem08.ComponentwisePerturbation.Endpoints	filtered_source_for_reusable	0
NumStability.Analysis.MatrixNorms.SpectralExtrema.PrincipalSubmatrices.Bounds	reusable	NumStability.Algorithms.HighamChapter10	39	import NumStability.Source.Higham.Chapter10.Theorem08.NormwiseDiscrepancy.Endpoints	import NumStability.Source.Higham.Chapter10.Theorem08.NormwiseDiscrepancy.Endpoints	0	NumStability.Source.Higham.Chapter10.Theorem08.NormwiseDiscrepancy.Endpoints	filtered_source_for_reusable	0
NumStability.Analysis.MatrixNorms.SpectralExtrema.PrincipalSubmatrices.Bounds	reusable	NumStability.Algorithms.HighamChapter10	40	import NumStability.Source.Higham.Chapter10.Theorem14.CompletePivotedPSD.Endpoints	import NumStability.Source.Higham.Chapter10.Theorem14.CompletePivotedPSD.Endpoints	0	NumStability.Source.Higham.Chapter10.Theorem14.CompletePivotedPSD.Endpoints	filtered_source_for_reusable	0
NumStability.Source.Higham.Chapter06.Lemma06.Core.Results	source	NumStability.Source.Higham.Chapter06.Lemma06	1	import NumStability.Analysis.MatrixNorms.Comparisons	import NumStability.Analysis.MatrixNorms.Comparisons	0	NumStability.Analysis.MatrixNorms.Comparisons	preserved_direct	1
NumStability.Source.Higham.Chapter10.Equation29.Mathias.RoundedSchur.Bounds	source	NumStability.Algorithms.Cholesky.HighamMathiasSource	1	import NumStability.Algorithms.Cholesky.Higham1029Source	import Mathlib.Algebra.BigOperators.Field	3	NumStability.Algorithms.Cholesky.Higham1029Source -> NumStability.Algorithms.HighamChapter10 -> NumStability.Algorithms.Cholesky.CholeskyPSD -> Mathlib.Algebra.BigOperators.Field	preserved_recursive	1
NumStability.Source.Higham.Chapter10.Equation29.Mathias.RoundedSchur.Bounds	source	NumStability.Algorithms.Cholesky.HighamMathiasSource	1	import NumStability.Algorithms.Cholesky.Higham1029Source	import Mathlib.Algebra.BigOperators.Group.Finset.Basic	3	NumStability.Algorithms.Cholesky.Higham1029Source -> NumStability.Algorithms.HighamChapter10 -> NumStability.Algorithms.Cholesky.CholeskyPSD -> Mathlib.Algebra.BigOperators.Group.Finset.Basic	preserved_recursive	1
NumStability.Source.Higham.Chapter10.Equation29.Mathias.RoundedSchur.Bounds	source	NumStability.Algorithms.Cholesky.HighamMathiasSource	1	import NumStability.Algorithms.Cholesky.Higham1029Source	import Mathlib.Algebra.Order.BigOperators.Group.Finset	3	NumStability.Algorithms.Cholesky.Higham1029Source -> NumStability.Algorithms.HighamChapter10 -> NumStability.Algorithms.Cholesky.CholeskyPSD -> Mathlib.Algebra.Order.BigOperators.Group.Finset	preserved_recursive	1
NumStability.Source.Higham.Chapter10.Equation29.Mathias.RoundedSchur.Bounds	source	NumStability.Algorithms.Cholesky.HighamMathiasSource	1	import NumStability.Algorithms.Cholesky.Higham1029Source	import Mathlib.Data.Complex.Basic	2	NumStability.Algorithms.Cholesky.Higham1029Source -> NumStability.Algorithms.HighamChapter10 -> Mathlib.Data.Complex.Basic	preserved_recursive	1
NumStability.Source.Higham.Chapter10.Equation29.Mathias.RoundedSchur.Bounds	source	NumStability.Algorithms.Cholesky.HighamMathiasSource	1	import NumStability.Algorithms.Cholesky.Higham1029Source	import Mathlib.Data.Real.Basic	3	NumStability.Algorithms.Cholesky.Higham1029Source -> NumStability.Algorithms.HighamChapter10 -> NumStability.Algorithms.Cholesky.CholeskyPSD -> Mathlib.Data.Real.Basic	preserved_recursive	1
NumStability.Source.Higham.Chapter10.Equation29.Mathias.RoundedSchur.Bounds	source	NumStability.Algorithms.Cholesky.HighamMathiasSource	1	import NumStability.Algorithms.Cholesky.Higham1029Source	import Mathlib.Data.Real.Sqrt	3	NumStability.Algorithms.Cholesky.Higham1029Source -> NumStability.Algorithms.HighamChapter10 -> NumStability.Algorithms.Cholesky.CholeskyPSD -> Mathlib.Data.Real.Sqrt	preserved_recursive	1
NumStability.Source.Higham.Chapter10.Equation29.Mathias.RoundedSchur.Bounds	source	NumStability.Algorithms.Cholesky.HighamMathiasSource	1	import NumStability.Algorithms.Cholesky.Higham1029Source	import Mathlib.LinearAlgebra.Matrix.Block	3	NumStability.Algorithms.Cholesky.Higham1029Source -> NumStability.Algorithms.HighamChapter10 -> NumStability.Algorithms.Cholesky.CholeskyPSD -> Mathlib.LinearAlgebra.Matrix.Block	preserved_recursive	1
NumStability.Source.Higham.Chapter10.Equation29.Mathias.RoundedSchur.Bounds	source	NumStability.Algorithms.Cholesky.HighamMathiasSource	1	import NumStability.Algorithms.Cholesky.Higham1029Source	import Mathlib.LinearAlgebra.Matrix.NonsingularInverse	3	NumStability.Algorithms.Cholesky.Higham1029Source -> NumStability.Algorithms.HighamChapter10 -> NumStability.Algorithms.Cholesky.CholeskyPSD -> Mathlib.LinearAlgebra.Matrix.NonsingularInverse	preserved_recursive	1
NumStability.Source.Higham.Chapter10.Equation29.Mathias.RoundedSchur.Bounds	source	NumStability.Algorithms.Cholesky.HighamMathiasSource	1	import NumStability.Algorithms.Cholesky.Higham1029Source	import Mathlib.LinearAlgebra.Matrix.Rank	3	NumStability.Algorithms.Cholesky.Higham1029Source -> NumStability.Algorithms.HighamChapter10 -> NumStability.Algorithms.Cholesky.CholeskyPSD -> Mathlib.LinearAlgebra.Matrix.Rank	preserved_recursive	1
NumStability.Source.Higham.Chapter10.Equation29.Mathias.RoundedSchur.Bounds	source	NumStability.Algorithms.Cholesky.HighamMathiasSource	1	import NumStability.Algorithms.Cholesky.Higham1029Source	import Mathlib.Tactic.FieldSimp	3	NumStability.Algorithms.Cholesky.Higham1029Source -> NumStability.Algorithms.HighamChapter10 -> NumStability.Algorithms.Cholesky.CholeskyPSD -> Mathlib.Tactic.FieldSimp	preserved_recursive	1
NumStability.Source.Higham.Chapter10.Equation29.Mathias.RoundedSchur.Bounds	source	NumStability.Algorithms.Cholesky.HighamMathiasSource	1	import NumStability.Algorithms.Cholesky.Higham1029Source	import Mathlib.Tactic.Linarith	3	NumStability.Algorithms.Cholesky.Higham1029Source -> NumStability.Algorithms.HighamChapter10 -> NumStability.Algorithms.Cholesky.CholeskyPSD -> Mathlib.Tactic.Linarith	preserved_recursive	1
NumStability.Source.Higham.Chapter10.Equation29.Mathias.RoundedSchur.Bounds	source	NumStability.Algorithms.Cholesky.HighamMathiasSource	1	import NumStability.Algorithms.Cholesky.Higham1029Source	import Mathlib.Tactic.Ring	3	NumStability.Algorithms.Cholesky.Higham1029Source -> NumStability.Algorithms.HighamChapter10 -> NumStability.Algorithms.Cholesky.CholeskyPSD -> Mathlib.Tactic.Ring	preserved_recursive	1
NumStability.Source.Higham.Chapter10.Equation29.Mathias.RoundedSchur.Bounds	source	NumStability.Algorithms.Cholesky.HighamMathiasSource	1	import NumStability.Algorithms.Cholesky.Higham1029Source	import NumStability.Algorithms.Cholesky.CholeskyDemmel	2	NumStability.Algorithms.Cholesky.Higham1029Source -> NumStability.Algorithms.HighamChapter10 -> NumStability.Algorithms.Cholesky.CholeskyDemmel	preserved_recursive	1
NumStability.Source.Higham.Chapter10.Equation29.Mathias.RoundedSchur.Bounds	source	NumStability.Algorithms.Cholesky.HighamMathiasSource	1	import NumStability.Algorithms.Cholesky.Higham1029Source	import NumStability.Algorithms.Cholesky.CholeskyFl	2	NumStability.Algorithms.Cholesky.Higham1029Source -> NumStability.Algorithms.HighamChapter10 -> NumStability.Algorithms.Cholesky.CholeskyFl	preserved_recursive	1
NumStability.Source.Higham.Chapter10.Equation29.Mathias.RoundedSchur.Bounds	source	NumStability.Algorithms.Cholesky.HighamMathiasSource	1	import NumStability.Algorithms.Cholesky.Higham1029Source	import NumStability.Algorithms.Cholesky.CholeskyNonsym	2	NumStability.Algorithms.Cholesky.Higham1029Source -> NumStability.Algorithms.HighamChapter10 -> NumStability.Algorithms.Cholesky.CholeskyNonsym	preserved_recursive	1
NumStability.Source.Higham.Chapter10.Equation29.Mathias.RoundedSchur.Bounds	source	NumStability.Algorithms.Cholesky.HighamMathiasSource	1	import NumStability.Algorithms.Cholesky.Higham1029Source	import NumStability.Algorithms.Cholesky.CholeskySpec	3	NumStability.Algorithms.Cholesky.Higham1029Source -> NumStability.Algorithms.HighamChapter10 -> NumStability.Algorithms.Cholesky.CholeskyPSD -> NumStability.Algorithms.Cholesky.CholeskySpec	preserved_recursive	1
NumStability.Source.Higham.Chapter10.Equation29.Mathias.RoundedSchur.Bounds	source	NumStability.Algorithms.Cholesky.HighamMathiasSource	1	import NumStability.Algorithms.Cholesky.Higham1029Source	import NumStability.Algorithms.Cholesky.CholeskySpec	2	NumStability.Algorithms.Cholesky.Higham1029Source -> NumStability.Algorithms.HighamChapter10 -> NumStability.Algorithms.Cholesky.CholeskySpec	preserved_recursive	1
NumStability.Source.Higham.Chapter10.Equation29.Mathias.RoundedSchur.Bounds	source	NumStability.Algorithms.Cholesky.HighamMathiasSource	1	import NumStability.Algorithms.Cholesky.Higham1029Source	import NumStability.Algorithms.LU.GaussianElimination	3	NumStability.Algorithms.Cholesky.Higham1029Source -> NumStability.Algorithms.HighamChapter10 -> NumStability.Algorithms.Cholesky.CholeskyPSD -> NumStability.Algorithms.LU.GaussianElimination	preserved_recursive	1
NumStability.Source.Higham.Chapter10.Equation29.Mathias.RoundedSchur.Bounds	source	NumStability.Algorithms.Cholesky.HighamMathiasSource	1	import NumStability.Algorithms.Cholesky.Higham1029Source	import NumStability.Algorithms.LinearSystems.Cholesky.ErrorAnalysis.Certificates	2	NumStability.Algorithms.Cholesky.Higham1029Source -> NumStability.Algorithms.HighamChapter10 -> NumStability.Algorithms.LinearSystems.Cholesky.ErrorAnalysis.Certificates	preserved_recursive	1
NumStability.Source.Higham.Chapter10.Equation29.Mathias.RoundedSchur.Bounds	source	NumStability.Algorithms.Cholesky.HighamMathiasSource	1	import NumStability.Algorithms.Cholesky.Higham1029Source	import NumStability.Algorithms.LinearSystems.Cholesky.Perturbation.Basic	2	NumStability.Algorithms.Cholesky.Higham1029Source -> NumStability.Algorithms.HighamChapter10 -> NumStability.Algorithms.LinearSystems.Cholesky.Perturbation.Basic	preserved_recursive	1
NumStability.Source.Higham.Chapter10.Equation29.Mathias.RoundedSchur.Bounds	source	NumStability.Algorithms.Cholesky.HighamMathiasSource	1	import NumStability.Algorithms.Cholesky.Higham1029Source	import NumStability.Algorithms.LinearSystems.Cholesky.PositiveSemidefinite.Basic	3	NumStability.Algorithms.Cholesky.Higham1029Source -> NumStability.Algorithms.HighamChapter10 -> NumStability.Algorithms.Cholesky.CholeskyPSD -> NumStability.Algorithms.LinearSystems.Cholesky.PositiveSemidefinite.Basic	preserved_recursive	1
NumStability.Source.Higham.Chapter10.Equation29.Mathias.RoundedSchur.Bounds	source	NumStability.Algorithms.Cholesky.HighamMathiasSource	1	import NumStability.Algorithms.Cholesky.Higham1029Source	import NumStability.Algorithms.LinearSystems.Cholesky.PositiveSemidefinite.KahanMatrix	2	NumStability.Algorithms.Cholesky.Higham1029Source -> NumStability.Algorithms.HighamChapter10 -> NumStability.Algorithms.LinearSystems.Cholesky.PositiveSemidefinite.KahanMatrix	preserved_recursive	1
NumStability.Source.Higham.Chapter10.Equation29.Mathias.RoundedSchur.Bounds	source	NumStability.Algorithms.Cholesky.HighamMathiasSource	1	import NumStability.Algorithms.Cholesky.Higham1029Source	import NumStability.Algorithms.LinearSystems.Cholesky.PositiveSemidefinite.ScaledStage	2	NumStability.Algorithms.Cholesky.Higham1029Source -> NumStability.Algorithms.HighamChapter10 -> NumStability.Algorithms.LinearSystems.Cholesky.PositiveSemidefinite.ScaledStage	preserved_recursive	1
NumStability.Source.Higham.Chapter10.Equation29.Mathias.RoundedSchur.Bounds	source	NumStability.Algorithms.Cholesky.HighamMathiasSource	1	import NumStability.Algorithms.Cholesky.Higham1029Source	import NumStability.Analysis.MatrixNorms.EntrywiseAbsolute.Basic	2	NumStability.Algorithms.Cholesky.Higham1029Source -> NumStability.Algorithms.HighamChapter10 -> NumStability.Analysis.MatrixNorms.EntrywiseAbsolute.Basic	preserved_recursive	1
NumStability.Source.Higham.Chapter10.Equation29.Mathias.RoundedSchur.Bounds	source	NumStability.Algorithms.Cholesky.HighamMathiasSource	1	import NumStability.Algorithms.Cholesky.Higham1029Source	import NumStability.Analysis.MatrixNorms.SpectralExtrema.Basic	2	NumStability.Algorithms.Cholesky.Higham1029Source -> NumStability.Algorithms.HighamChapter10 -> NumStability.Analysis.MatrixNorms.SpectralExtrema.Basic	preserved_recursive	1
NumStability.Source.Higham.Chapter10.Equation29.Mathias.RoundedSchur.Bounds	source	NumStability.Algorithms.Cholesky.HighamMathiasSource	1	import NumStability.Algorithms.Cholesky.Higham1029Source	import NumStability.Analysis.MatrixSpectral	2	NumStability.Algorithms.Cholesky.Higham1029Source -> NumStability.Algorithms.HighamChapter10 -> NumStability.Analysis.MatrixSpectral	preserved_recursive	1
NumStability.Source.Higham.Chapter10.Equation29.Mathias.RoundedSchur.Bounds	source	NumStability.Algorithms.Cholesky.HighamMathiasSource	1	import NumStability.Algorithms.Cholesky.Higham1029Source	import NumStability.Analysis.Rounding	3	NumStability.Algorithms.Cholesky.Higham1029Source -> NumStability.Algorithms.HighamChapter10 -> NumStability.Algorithms.Cholesky.CholeskyPSD -> NumStability.Analysis.Rounding	preserved_recursive	1
NumStability.Source.Higham.Chapter10.Equation29.Mathias.RoundedSchur.Bounds	source	NumStability.Algorithms.Cholesky.HighamMathiasSource	1	import NumStability.Algorithms.Cholesky.Higham1029Source	import NumStability.FloatingPoint.Model	3	NumStability.Algorithms.Cholesky.Higham1029Source -> NumStability.Algorithms.HighamChapter10 -> NumStability.Algorithms.Cholesky.CholeskyPSD -> NumStability.FloatingPoint.Model	preserved_recursive	1
NumStability.Source.Higham.Chapter10.Equation29.Mathias.RoundedSchur.Bounds	source	NumStability.Algorithms.Cholesky.HighamMathiasSource	1	import NumStability.Algorithms.Cholesky.Higham1029Source	import NumStability.Source.Higham.Chapter09.Problems	2	NumStability.Algorithms.Cholesky.Higham1029Source -> NumStability.Algorithms.HighamChapter10 -> NumStability.Source.Higham.Chapter09.Problems	preserved_recursive	1
NumStability.Source.Higham.Chapter10.Equation29.Mathias.RoundedSchur.Bounds	source	NumStability.Algorithms.Cholesky.HighamMathiasSource	1	import NumStability.Algorithms.Cholesky.Higham1029Source	import NumStability.Source.Higham.Chapter09.Section01	2	NumStability.Algorithms.Cholesky.Higham1029Source -> NumStability.Algorithms.HighamChapter10 -> NumStability.Source.Higham.Chapter09.Section01	preserved_recursive	1
NumStability.Source.Higham.Chapter10.Equation29.Mathias.RoundedSchur.Bounds	source	NumStability.Algorithms.Cholesky.HighamMathiasSource	1	import NumStability.Algorithms.Cholesky.Higham1029Source	import NumStability.Source.Higham.Chapter09.Section02	2	NumStability.Algorithms.Cholesky.Higham1029Source -> NumStability.Algorithms.HighamChapter10 -> NumStability.Source.Higham.Chapter09.Section02	preserved_recursive	1
NumStability.Source.Higham.Chapter10.Equation29.Mathias.RoundedSchur.Bounds	source	NumStability.Algorithms.Cholesky.HighamMathiasSource	1	import NumStability.Algorithms.Cholesky.Higham1029Source	import NumStability.Source.Higham.Chapter09.Section03	2	NumStability.Algorithms.Cholesky.Higham1029Source -> NumStability.Algorithms.HighamChapter10 -> NumStability.Source.Higham.Chapter09.Section03	preserved_recursive	1
NumStability.Source.Higham.Chapter10.Equation29.Mathias.RoundedSchur.Bounds	source	NumStability.Algorithms.Cholesky.HighamMathiasSource	1	import NumStability.Algorithms.Cholesky.Higham1029Source	import NumStability.Source.Higham.Chapter09.Section04	2	NumStability.Algorithms.Cholesky.Higham1029Source -> NumStability.Algorithms.HighamChapter10 -> NumStability.Source.Higham.Chapter09.Section04	preserved_recursive	1
NumStability.Source.Higham.Chapter10.Equation29.Mathias.RoundedSchur.Bounds	source	NumStability.Algorithms.Cholesky.HighamMathiasSource	1	import NumStability.Algorithms.Cholesky.Higham1029Source	import NumStability.Source.Higham.Chapter09.Section05	2	NumStability.Algorithms.Cholesky.Higham1029Source -> NumStability.Algorithms.HighamChapter10 -> NumStability.Source.Higham.Chapter09.Section05	preserved_recursive	1
NumStability.Source.Higham.Chapter10.Equation29.Mathias.RoundedSchur.Bounds	source	NumStability.Algorithms.Cholesky.HighamMathiasSource	1	import NumStability.Algorithms.Cholesky.Higham1029Source	import NumStability.Source.Higham.Chapter09.Section06	2	NumStability.Algorithms.Cholesky.Higham1029Source -> NumStability.Algorithms.HighamChapter10 -> NumStability.Source.Higham.Chapter09.Section06	preserved_recursive	1
NumStability.Source.Higham.Chapter10.Equation29.Mathias.RoundedSchur.Bounds	source	NumStability.Algorithms.Cholesky.HighamMathiasSource	1	import NumStability.Algorithms.Cholesky.Higham1029Source	import NumStability.Source.Higham.Chapter09.Section08	2	NumStability.Algorithms.Cholesky.Higham1029Source -> NumStability.Algorithms.HighamChapter10 -> NumStability.Source.Higham.Chapter09.Section08	preserved_recursive	1
NumStability.Source.Higham.Chapter10.Equation29.Mathias.RoundedSchur.Bounds	source	NumStability.Algorithms.Cholesky.HighamMathiasSource	1	import NumStability.Algorithms.Cholesky.Higham1029Source	import NumStability.Source.Higham.Chapter09.Section10	2	NumStability.Algorithms.Cholesky.Higham1029Source -> NumStability.Algorithms.HighamChapter10 -> NumStability.Source.Higham.Chapter09.Section10	preserved_recursive	1
NumStability.Source.Higham.Chapter10.Equation29.Mathias.RoundedSchur.Bounds	source	NumStability.Algorithms.Cholesky.HighamMathiasSource	1	import NumStability.Algorithms.Cholesky.Higham1029Source	import NumStability.Source.Higham.Chapter09.Section11	2	NumStability.Algorithms.Cholesky.Higham1029Source -> NumStability.Algorithms.HighamChapter10 -> NumStability.Source.Higham.Chapter09.Section11	preserved_recursive	1
NumStability.Source.Higham.Chapter10.Equation29.Mathias.RoundedSchur.Bounds	source	NumStability.Algorithms.Cholesky.HighamMathiasSource	1	import NumStability.Algorithms.Cholesky.Higham1029Source	import NumStability.Source.Higham.Chapter10.Equation07.AbsoluteFactorNorm.Endpoints	2	NumStability.Algorithms.Cholesky.Higham1029Source -> NumStability.Algorithms.HighamChapter10 -> NumStability.Source.Higham.Chapter10.Equation07.AbsoluteFactorNorm.Endpoints	preserved_recursive	1
NumStability.Source.Higham.Chapter10.Equation29.Mathias.RoundedSchur.Bounds	source	NumStability.Algorithms.Cholesky.HighamMathiasSource	1	import NumStability.Algorithms.Cholesky.Higham1029Source	import NumStability.Source.Higham.Chapter10.Equation29.Mathias.Endpoints	2	NumStability.Algorithms.Cholesky.Higham1029Source -> NumStability.Algorithms.HighamChapter10 -> NumStability.Source.Higham.Chapter10.Equation29.Mathias.Endpoints	preserved_recursive	1
NumStability.Source.Higham.Chapter10.Equation29.Mathias.RoundedSchur.Bounds	source	NumStability.Algorithms.Cholesky.HighamMathiasSource	1	import NumStability.Algorithms.Cholesky.Higham1029Source	import NumStability.Source.Higham.Chapter10.Equation30.ComplexPositiveDefinite.Endpoints	2	NumStability.Algorithms.Cholesky.Higham1029Source -> NumStability.Algorithms.HighamChapter10 -> NumStability.Source.Higham.Chapter10.Equation30.ComplexPositiveDefinite.Endpoints	preserved_recursive	1
NumStability.Source.Higham.Chapter10.Equation29.Mathias.RoundedSchur.Bounds	source	NumStability.Algorithms.Cholesky.HighamMathiasSource	1	import NumStability.Algorithms.Cholesky.Higham1029Source	import NumStability.Source.Higham.Chapter10.Lemma11.PivotSequenceStability.Endpoints	2	NumStability.Algorithms.Cholesky.Higham1029Source -> NumStability.Algorithms.HighamChapter10 -> NumStability.Source.Higham.Chapter10.Lemma11.PivotSequenceStability.Endpoints	preserved_recursive	1
NumStability.Source.Higham.Chapter10.Equation29.Mathias.RoundedSchur.Bounds	source	NumStability.Algorithms.Cholesky.HighamMathiasSource	1	import NumStability.Algorithms.Cholesky.Higham1029Source	import NumStability.Source.Higham.Chapter10.Lemma13.KahanSharpness.CompletePivotingBound	3	NumStability.Algorithms.Cholesky.Higham1029Source -> NumStability.Algorithms.HighamChapter10 -> NumStability.Algorithms.Cholesky.CholeskyPSD -> NumStability.Source.Higham.Chapter10.Lemma13.KahanSharpness.CompletePivotingBound	preserved_recursive	1
NumStability.Source.Higham.Chapter10.Equation29.Mathias.RoundedSchur.Bounds	source	NumStability.Algorithms.Cholesky.HighamMathiasSource	1	import NumStability.Algorithms.Cholesky.Higham1029Source	import NumStability.Source.Higham.Chapter10.Lemma13.KahanSharpness.Endpoints	2	NumStability.Algorithms.Cholesky.Higham1029Source -> NumStability.Algorithms.HighamChapter10 -> NumStability.Source.Higham.Chapter10.Lemma13.KahanSharpness.Endpoints	preserved_recursive	1
NumStability.Source.Higham.Chapter10.Equation29.Mathias.RoundedSchur.Bounds	source	NumStability.Algorithms.Cholesky.HighamMathiasSource	1	import NumStability.Algorithms.Cholesky.Higham1029Source	import NumStability.Source.Higham.Chapter10.Problem01.PositiveSemidefiniteEntries.Basic	2	NumStability.Algorithms.Cholesky.Higham1029Source -> NumStability.Algorithms.HighamChapter10 -> NumStability.Source.Higham.Chapter10.Problem01.PositiveSemidefiniteEntries.Basic	preserved_recursive	1
NumStability.Source.Higham.Chapter10.Equation29.Mathias.RoundedSchur.Bounds	source	NumStability.Algorithms.Cholesky.HighamMathiasSource	1	import NumStability.Algorithms.Cholesky.Higham1029Source	import NumStability.Source.Higham.Chapter10.Problem04.UnpivotedGrowth.Basic	2	NumStability.Algorithms.Cholesky.Higham1029Source -> NumStability.Algorithms.HighamChapter10 -> NumStability.Source.Higham.Chapter10.Problem04.UnpivotedGrowth.Basic	preserved_recursive	1
NumStability.Source.Higham.Chapter10.Equation29.Mathias.RoundedSchur.Bounds	source	NumStability.Algorithms.Cholesky.HighamMathiasSource	1	import NumStability.Algorithms.Cholesky.Higham1029Source	import NumStability.Source.Higham.Chapter10.Problem08.LeadingMinorsCounterexample.Basic	2	NumStability.Algorithms.Cholesky.Higham1029Source -> NumStability.Algorithms.HighamChapter10 -> NumStability.Source.Higham.Chapter10.Problem08.LeadingMinorsCounterexample.Basic	preserved_recursive	1
NumStability.Source.Higham.Chapter10.Equation29.Mathias.RoundedSchur.Bounds	source	NumStability.Algorithms.Cholesky.HighamMathiasSource	1	import NumStability.Algorithms.Cholesky.Higham1029Source	import NumStability.Source.Higham.Chapter10.Section01.Factorization.Basic	2	NumStability.Algorithms.Cholesky.Higham1029Source -> NumStability.Algorithms.HighamChapter10 -> NumStability.Source.Higham.Chapter10.Section01.Factorization.Basic	preserved_recursive	1
NumStability.Source.Higham.Chapter10.Equation29.Mathias.RoundedSchur.Bounds	source	NumStability.Algorithms.Cholesky.HighamMathiasSource	1	import NumStability.Algorithms.Cholesky.Higham1029Source	import NumStability.Source.Higham.Chapter10.Section02.ErrorAnalysis.Basic	2	NumStability.Algorithms.Cholesky.Higham1029Source -> NumStability.Algorithms.HighamChapter10 -> NumStability.Source.Higham.Chapter10.Section02.ErrorAnalysis.Basic	preserved_recursive	1
NumStability.Source.Higham.Chapter10.Equation29.Mathias.RoundedSchur.Bounds	source	NumStability.Algorithms.Cholesky.HighamMathiasSource	1	import NumStability.Algorithms.Cholesky.Higham1029Source	import NumStability.Source.Higham.Chapter10.Section03.PositiveSemidefinite.Endpoints	2	NumStability.Algorithms.Cholesky.Higham1029Source -> NumStability.Algorithms.HighamChapter10 -> NumStability.Source.Higham.Chapter10.Section03.PositiveSemidefinite.Endpoints	preserved_recursive	1
NumStability.Source.Higham.Chapter10.Equation29.Mathias.RoundedSchur.Bounds	source	NumStability.Algorithms.Cholesky.HighamMathiasSource	1	import NumStability.Algorithms.Cholesky.Higham1029Source	import NumStability.Source.Higham.Chapter10.Section03.PositiveSemidefinite.Existence	3	NumStability.Algorithms.Cholesky.Higham1029Source -> NumStability.Algorithms.HighamChapter10 -> NumStability.Algorithms.Cholesky.CholeskyPSD -> NumStability.Source.Higham.Chapter10.Section03.PositiveSemidefinite.Existence	preserved_recursive	1
NumStability.Source.Higham.Chapter10.Equation29.Mathias.RoundedSchur.Bounds	source	NumStability.Algorithms.Cholesky.HighamMathiasSource	1	import NumStability.Algorithms.Cholesky.Higham1029Source	import NumStability.Source.Higham.Chapter10.Section03.PositiveSemidefinite.SchurComplement	3	NumStability.Algorithms.Cholesky.Higham1029Source -> NumStability.Algorithms.HighamChapter10 -> NumStability.Algorithms.Cholesky.CholeskyPSD -> NumStability.Source.Higham.Chapter10.Section03.PositiveSemidefinite.SchurComplement	preserved_recursive	1
NumStability.Source.Higham.Chapter10.Equation29.Mathias.RoundedSchur.Bounds	source	NumStability.Algorithms.Cholesky.HighamMathiasSource	1	import NumStability.Algorithms.Cholesky.Higham1029Source	import NumStability.Source.Higham.Chapter10.Section03.PositiveSemidefinite.Termination	3	NumStability.Algorithms.Cholesky.Higham1029Source -> NumStability.Algorithms.HighamChapter10 -> NumStability.Algorithms.Cholesky.CholeskyPSD -> NumStability.Source.Higham.Chapter10.Section03.PositiveSemidefinite.Termination	preserved_recursive	1
NumStability.Source.Higham.Chapter10.Equation29.Mathias.RoundedSchur.Bounds	source	NumStability.Algorithms.Cholesky.HighamMathiasSource	1	import NumStability.Algorithms.Cholesky.Higham1029Source	import NumStability.Source.Higham.Chapter10.Section03.PositiveSemidefinite.WNormBound	3	NumStability.Algorithms.Cholesky.Higham1029Source -> NumStability.Algorithms.HighamChapter10 -> NumStability.Algorithms.Cholesky.CholeskyPSD -> NumStability.Source.Higham.Chapter10.Section03.PositiveSemidefinite.WNormBound	preserved_recursive	1
NumStability.Source.Higham.Chapter10.Equation29.Mathias.RoundedSchur.Bounds	source	NumStability.Algorithms.Cholesky.HighamMathiasSource	1	import NumStability.Algorithms.Cholesky.Higham1029Source	import NumStability.Source.Higham.Chapter10.Section04.PositiveDefiniteSymmetricPart.Endpoints	2	NumStability.Algorithms.Cholesky.Higham1029Source -> NumStability.Algorithms.HighamChapter10 -> NumStability.Source.Higham.Chapter10.Section04.PositiveDefiniteSymmetricPart.Endpoints	preserved_recursive	1
NumStability.Source.Higham.Chapter10.Equation29.Mathias.RoundedSchur.Bounds	source	NumStability.Algorithms.Cholesky.HighamMathiasSource	1	import NumStability.Algorithms.Cholesky.Higham1029Source	import NumStability.Source.Higham.Chapter10.Section04.PositiveDefiniteSymmetricPart.Equation29	1	NumStability.Algorithms.Cholesky.Higham1029Source -> NumStability.Source.Higham.Chapter10.Section04.PositiveDefiniteSymmetricPart.Equation29	preserved_recursive	1
NumStability.Source.Higham.Chapter10.Equation29.Mathias.RoundedSchur.Bounds	source	NumStability.Algorithms.Cholesky.HighamMathiasSource	1	import NumStability.Algorithms.Cholesky.Higham1029Source	import NumStability.Source.Higham.Chapter10.Theorem06.RoundedCholesky.Endpoints	2	NumStability.Algorithms.Cholesky.Higham1029Source -> NumStability.Algorithms.HighamChapter10 -> NumStability.Source.Higham.Chapter10.Theorem06.RoundedCholesky.Endpoints	preserved_recursive	1
NumStability.Source.Higham.Chapter10.Equation29.Mathias.RoundedSchur.Bounds	source	NumStability.Algorithms.Cholesky.HighamMathiasSource	1	import NumStability.Algorithms.Cholesky.Higham1029Source	import NumStability.Source.Higham.Chapter10.Theorem07.FailureVacuity.Endpoints	2	NumStability.Algorithms.Cholesky.Higham1029Source -> NumStability.Algorithms.HighamChapter10 -> NumStability.Source.Higham.Chapter10.Theorem07.FailureVacuity.Endpoints	preserved_recursive	1
NumStability.Source.Higham.Chapter10.Equation29.Mathias.RoundedSchur.Bounds	source	NumStability.Algorithms.Cholesky.HighamMathiasSource	1	import NumStability.Algorithms.Cholesky.Higham1029Source	import NumStability.Source.Higham.Chapter10.Theorem08.ComponentwisePerturbation.Endpoints	2	NumStability.Algorithms.Cholesky.Higham1029Source -> NumStability.Algorithms.HighamChapter10 -> NumStability.Source.Higham.Chapter10.Theorem08.ComponentwisePerturbation.Endpoints	preserved_recursive	1
NumStability.Source.Higham.Chapter10.Equation29.Mathias.RoundedSchur.Bounds	source	NumStability.Algorithms.Cholesky.HighamMathiasSource	1	import NumStability.Algorithms.Cholesky.Higham1029Source	import NumStability.Source.Higham.Chapter10.Theorem08.NormwiseDiscrepancy.Endpoints	2	NumStability.Algorithms.Cholesky.Higham1029Source -> NumStability.Algorithms.HighamChapter10 -> NumStability.Source.Higham.Chapter10.Theorem08.NormwiseDiscrepancy.Endpoints	preserved_recursive	1
NumStability.Source.Higham.Chapter10.Equation29.Mathias.RoundedSchur.Bounds	source	NumStability.Algorithms.Cholesky.HighamMathiasSource	1	import NumStability.Algorithms.Cholesky.Higham1029Source	import NumStability.Source.Higham.Chapter10.Theorem14.CompletePivotedPSD.Endpoints	2	NumStability.Algorithms.Cholesky.Higham1029Source -> NumStability.Algorithms.HighamChapter10 -> NumStability.Source.Higham.Chapter10.Theorem14.CompletePivotedPSD.Endpoints	preserved_recursive	1
NumStability.Source.Higham.Chapter10.Equation29.Mathias.RoundedSchur.Bounds	source	NumStability.Algorithms.Cholesky.HighamMathiasSource	1	import NumStability.Algorithms.Cholesky.Higham1029Source	import NumStability.Source.Higham.Chapter10.Theorem14.CompletePivotedPSD.PsdErrorAnalysis	3	NumStability.Algorithms.Cholesky.Higham1029Source -> NumStability.Algorithms.HighamChapter10 -> NumStability.Algorithms.Cholesky.CholeskyPSD -> NumStability.Source.Higham.Chapter10.Theorem14.CompletePivotedPSD.PsdErrorAnalysis	preserved_recursive	1
NumStability.Source.Higham.Chapter10.Equation29.Mathias.RoundedSchur.Bounds	source	NumStability.Algorithms.Cholesky.HighamMathiasSource	2	import NumStability.Source.Higham.Chapter09.DoolittleClosure	import NumStability.Source.Higham.Chapter09.DoolittleClosure	0	NumStability.Source.Higham.Chapter09.DoolittleClosure	preserved_direct	1
NumStability.Source.Higham.Chapter10.Equation29.Mathias.RoundedSchur.Bounds	source	NumStability.Algorithms.Cholesky.HighamMathiasSource	3	import NumStability.Source.Higham.Chapter10.Equation29.Mathias.FirstBreakdown	import NumStability.Source.Higham.Chapter10.Equation29.Mathias.FirstBreakdown	0	NumStability.Source.Higham.Chapter10.Equation29.Mathias.FirstBreakdown	preserved_direct	1
NumStability.Source.Higham.Chapter10.Equation29.Mathias.RoundedSchur.Bounds	source	NumStability.Algorithms.Cholesky.HighamMathiasSource	4	import NumStability.Source.Higham.Chapter10.Equation29.Mathias.SourceIngredients	import NumStability.Source.Higham.Chapter10.Equation29.Mathias.SourceIngredients	0	NumStability.Source.Higham.Chapter10.Equation29.Mathias.SourceIngredients	preserved_direct	1
NumStability.Source.Higham.Chapter10.Equation30.ComplexPositiveDefinite.NoPivotLU.SourceBounds	source	NumStability.Algorithms.Ch10ComplexPositiveDefiniteSourceClosure	1	import Mathlib.Data.Complex.BigOperators	import Mathlib.Data.Complex.BigOperators	0	Mathlib.Data.Complex.BigOperators	preserved_direct	1
NumStability.Source.Higham.Chapter10.Equation30.ComplexPositiveDefinite.NoPivotLU.SourceBounds	source	NumStability.Algorithms.Ch10ComplexPositiveDefiniteSourceClosure	2	import NumStability.Algorithms.ComplexBackwardError	import NumStability.Algorithms.ComplexBackwardError	0	NumStability.Algorithms.ComplexBackwardError	preserved_direct	1
NumStability.Source.Higham.Chapter10.Equation30.ComplexPositiveDefinite.NoPivotLU.SourceBounds	source	NumStability.Algorithms.Ch10ComplexPositiveDefiniteSourceClosure	3	import NumStability.Algorithms.HighamChapter10	import Mathlib.Algebra.BigOperators.Field	2	NumStability.Algorithms.HighamChapter10 -> NumStability.Algorithms.Cholesky.CholeskyPSD -> Mathlib.Algebra.BigOperators.Field	preserved_recursive	1
NumStability.Source.Higham.Chapter10.Equation30.ComplexPositiveDefinite.NoPivotLU.SourceBounds	source	NumStability.Algorithms.Ch10ComplexPositiveDefiniteSourceClosure	3	import NumStability.Algorithms.HighamChapter10	import Mathlib.Algebra.BigOperators.Group.Finset.Basic	2	NumStability.Algorithms.HighamChapter10 -> NumStability.Algorithms.Cholesky.CholeskyPSD -> Mathlib.Algebra.BigOperators.Group.Finset.Basic	preserved_recursive	1
NumStability.Source.Higham.Chapter10.Equation30.ComplexPositiveDefinite.NoPivotLU.SourceBounds	source	NumStability.Algorithms.Ch10ComplexPositiveDefiniteSourceClosure	3	import NumStability.Algorithms.HighamChapter10	import Mathlib.Algebra.Order.BigOperators.Group.Finset	2	NumStability.Algorithms.HighamChapter10 -> NumStability.Algorithms.Cholesky.CholeskyPSD -> Mathlib.Algebra.Order.BigOperators.Group.Finset	preserved_recursive	1
NumStability.Source.Higham.Chapter10.Equation30.ComplexPositiveDefinite.NoPivotLU.SourceBounds	source	NumStability.Algorithms.Ch10ComplexPositiveDefiniteSourceClosure	3	import NumStability.Algorithms.HighamChapter10	import Mathlib.Data.Complex.Basic	1	NumStability.Algorithms.HighamChapter10 -> Mathlib.Data.Complex.Basic	preserved_recursive	1
NumStability.Source.Higham.Chapter10.Equation30.ComplexPositiveDefinite.NoPivotLU.SourceBounds	source	NumStability.Algorithms.Ch10ComplexPositiveDefiniteSourceClosure	3	import NumStability.Algorithms.HighamChapter10	import Mathlib.Data.Real.Basic	2	NumStability.Algorithms.HighamChapter10 -> NumStability.Algorithms.Cholesky.CholeskyPSD -> Mathlib.Data.Real.Basic	preserved_recursive	1
NumStability.Source.Higham.Chapter10.Equation30.ComplexPositiveDefinite.NoPivotLU.SourceBounds	source	NumStability.Algorithms.Ch10ComplexPositiveDefiniteSourceClosure	3	import NumStability.Algorithms.HighamChapter10	import Mathlib.Data.Real.Sqrt	2	NumStability.Algorithms.HighamChapter10 -> NumStability.Algorithms.Cholesky.CholeskyPSD -> Mathlib.Data.Real.Sqrt	preserved_recursive	1
NumStability.Source.Higham.Chapter10.Equation30.ComplexPositiveDefinite.NoPivotLU.SourceBounds	source	NumStability.Algorithms.Ch10ComplexPositiveDefiniteSourceClosure	3	import NumStability.Algorithms.HighamChapter10	import Mathlib.LinearAlgebra.Matrix.Block	2	NumStability.Algorithms.HighamChapter10 -> NumStability.Algorithms.Cholesky.CholeskyPSD -> Mathlib.LinearAlgebra.Matrix.Block	preserved_recursive	1
NumStability.Source.Higham.Chapter10.Equation30.ComplexPositiveDefinite.NoPivotLU.SourceBounds	source	NumStability.Algorithms.Ch10ComplexPositiveDefiniteSourceClosure	3	import NumStability.Algorithms.HighamChapter10	import Mathlib.LinearAlgebra.Matrix.NonsingularInverse	2	NumStability.Algorithms.HighamChapter10 -> NumStability.Algorithms.Cholesky.CholeskyPSD -> Mathlib.LinearAlgebra.Matrix.NonsingularInverse	preserved_recursive	1
NumStability.Source.Higham.Chapter10.Equation30.ComplexPositiveDefinite.NoPivotLU.SourceBounds	source	NumStability.Algorithms.Ch10ComplexPositiveDefiniteSourceClosure	3	import NumStability.Algorithms.HighamChapter10	import Mathlib.LinearAlgebra.Matrix.Rank	2	NumStability.Algorithms.HighamChapter10 -> NumStability.Algorithms.Cholesky.CholeskyPSD -> Mathlib.LinearAlgebra.Matrix.Rank	preserved_recursive	1
NumStability.Source.Higham.Chapter10.Equation30.ComplexPositiveDefinite.NoPivotLU.SourceBounds	source	NumStability.Algorithms.Ch10ComplexPositiveDefiniteSourceClosure	3	import NumStability.Algorithms.HighamChapter10	import Mathlib.Tactic.FieldSimp	2	NumStability.Algorithms.HighamChapter10 -> NumStability.Algorithms.Cholesky.CholeskyPSD -> Mathlib.Tactic.FieldSimp	preserved_recursive	1
NumStability.Source.Higham.Chapter10.Equation30.ComplexPositiveDefinite.NoPivotLU.SourceBounds	source	NumStability.Algorithms.Ch10ComplexPositiveDefiniteSourceClosure	3	import NumStability.Algorithms.HighamChapter10	import Mathlib.Tactic.Linarith	2	NumStability.Algorithms.HighamChapter10 -> NumStability.Algorithms.Cholesky.CholeskyPSD -> Mathlib.Tactic.Linarith	preserved_recursive	1
NumStability.Source.Higham.Chapter10.Equation30.ComplexPositiveDefinite.NoPivotLU.SourceBounds	source	NumStability.Algorithms.Ch10ComplexPositiveDefiniteSourceClosure	3	import NumStability.Algorithms.HighamChapter10	import Mathlib.Tactic.Ring	2	NumStability.Algorithms.HighamChapter10 -> NumStability.Algorithms.Cholesky.CholeskyPSD -> Mathlib.Tactic.Ring	preserved_recursive	1
NumStability.Source.Higham.Chapter10.Equation30.ComplexPositiveDefinite.NoPivotLU.SourceBounds	source	NumStability.Algorithms.Ch10ComplexPositiveDefiniteSourceClosure	3	import NumStability.Algorithms.HighamChapter10	import NumStability.Algorithms.Cholesky.CholeskyDemmel	1	NumStability.Algorithms.HighamChapter10 -> NumStability.Algorithms.Cholesky.CholeskyDemmel	preserved_recursive	1
NumStability.Source.Higham.Chapter10.Equation30.ComplexPositiveDefinite.NoPivotLU.SourceBounds	source	NumStability.Algorithms.Ch10ComplexPositiveDefiniteSourceClosure	3	import NumStability.Algorithms.HighamChapter10	import NumStability.Algorithms.Cholesky.CholeskyFl	1	NumStability.Algorithms.HighamChapter10 -> NumStability.Algorithms.Cholesky.CholeskyFl	preserved_recursive	1
NumStability.Source.Higham.Chapter10.Equation30.ComplexPositiveDefinite.NoPivotLU.SourceBounds	source	NumStability.Algorithms.Ch10ComplexPositiveDefiniteSourceClosure	3	import NumStability.Algorithms.HighamChapter10	import NumStability.Algorithms.Cholesky.CholeskyNonsym	1	NumStability.Algorithms.HighamChapter10 -> NumStability.Algorithms.Cholesky.CholeskyNonsym	preserved_recursive	1
NumStability.Source.Higham.Chapter10.Equation30.ComplexPositiveDefinite.NoPivotLU.SourceBounds	source	NumStability.Algorithms.Ch10ComplexPositiveDefiniteSourceClosure	3	import NumStability.Algorithms.HighamChapter10	import NumStability.Algorithms.Cholesky.CholeskySpec	2	NumStability.Algorithms.HighamChapter10 -> NumStability.Algorithms.Cholesky.CholeskyPSD -> NumStability.Algorithms.Cholesky.CholeskySpec	preserved_recursive	1
NumStability.Source.Higham.Chapter10.Equation30.ComplexPositiveDefinite.NoPivotLU.SourceBounds	source	NumStability.Algorithms.Ch10ComplexPositiveDefiniteSourceClosure	3	import NumStability.Algorithms.HighamChapter10	import NumStability.Algorithms.Cholesky.CholeskySpec	1	NumStability.Algorithms.HighamChapter10 -> NumStability.Algorithms.Cholesky.CholeskySpec	preserved_recursive	1
NumStability.Source.Higham.Chapter10.Equation30.ComplexPositiveDefinite.NoPivotLU.SourceBounds	source	NumStability.Algorithms.Ch10ComplexPositiveDefiniteSourceClosure	3	import NumStability.Algorithms.HighamChapter10	import NumStability.Algorithms.LU.GaussianElimination	2	NumStability.Algorithms.HighamChapter10 -> NumStability.Algorithms.Cholesky.CholeskyPSD -> NumStability.Algorithms.LU.GaussianElimination	preserved_recursive	1
NumStability.Source.Higham.Chapter10.Equation30.ComplexPositiveDefinite.NoPivotLU.SourceBounds	source	NumStability.Algorithms.Ch10ComplexPositiveDefiniteSourceClosure	3	import NumStability.Algorithms.HighamChapter10	import NumStability.Algorithms.LinearSystems.Cholesky.ErrorAnalysis.Certificates	1	NumStability.Algorithms.HighamChapter10 -> NumStability.Algorithms.LinearSystems.Cholesky.ErrorAnalysis.Certificates	preserved_recursive	1
NumStability.Source.Higham.Chapter10.Equation30.ComplexPositiveDefinite.NoPivotLU.SourceBounds	source	NumStability.Algorithms.Ch10ComplexPositiveDefiniteSourceClosure	3	import NumStability.Algorithms.HighamChapter10	import NumStability.Algorithms.LinearSystems.Cholesky.Perturbation.Basic	1	NumStability.Algorithms.HighamChapter10 -> NumStability.Algorithms.LinearSystems.Cholesky.Perturbation.Basic	preserved_recursive	1
NumStability.Source.Higham.Chapter10.Equation30.ComplexPositiveDefinite.NoPivotLU.SourceBounds	source	NumStability.Algorithms.Ch10ComplexPositiveDefiniteSourceClosure	3	import NumStability.Algorithms.HighamChapter10	import NumStability.Algorithms.LinearSystems.Cholesky.PositiveSemidefinite.Basic	2	NumStability.Algorithms.HighamChapter10 -> NumStability.Algorithms.Cholesky.CholeskyPSD -> NumStability.Algorithms.LinearSystems.Cholesky.PositiveSemidefinite.Basic	preserved_recursive	1
NumStability.Source.Higham.Chapter10.Equation30.ComplexPositiveDefinite.NoPivotLU.SourceBounds	source	NumStability.Algorithms.Ch10ComplexPositiveDefiniteSourceClosure	3	import NumStability.Algorithms.HighamChapter10	import NumStability.Algorithms.LinearSystems.Cholesky.PositiveSemidefinite.KahanMatrix	1	NumStability.Algorithms.HighamChapter10 -> NumStability.Algorithms.LinearSystems.Cholesky.PositiveSemidefinite.KahanMatrix	preserved_recursive	1
NumStability.Source.Higham.Chapter10.Equation30.ComplexPositiveDefinite.NoPivotLU.SourceBounds	source	NumStability.Algorithms.Ch10ComplexPositiveDefiniteSourceClosure	3	import NumStability.Algorithms.HighamChapter10	import NumStability.Algorithms.LinearSystems.Cholesky.PositiveSemidefinite.ScaledStage	1	NumStability.Algorithms.HighamChapter10 -> NumStability.Algorithms.LinearSystems.Cholesky.PositiveSemidefinite.ScaledStage	preserved_recursive	1
NumStability.Source.Higham.Chapter10.Equation30.ComplexPositiveDefinite.NoPivotLU.SourceBounds	source	NumStability.Algorithms.Ch10ComplexPositiveDefiniteSourceClosure	3	import NumStability.Algorithms.HighamChapter10	import NumStability.Analysis.MatrixNorms.EntrywiseAbsolute.Basic	1	NumStability.Algorithms.HighamChapter10 -> NumStability.Analysis.MatrixNorms.EntrywiseAbsolute.Basic	preserved_recursive	1
NumStability.Source.Higham.Chapter10.Equation30.ComplexPositiveDefinite.NoPivotLU.SourceBounds	source	NumStability.Algorithms.Ch10ComplexPositiveDefiniteSourceClosure	3	import NumStability.Algorithms.HighamChapter10	import NumStability.Analysis.MatrixNorms.SpectralExtrema.Basic	1	NumStability.Algorithms.HighamChapter10 -> NumStability.Analysis.MatrixNorms.SpectralExtrema.Basic	preserved_recursive	1
NumStability.Source.Higham.Chapter10.Equation30.ComplexPositiveDefinite.NoPivotLU.SourceBounds	source	NumStability.Algorithms.Ch10ComplexPositiveDefiniteSourceClosure	3	import NumStability.Algorithms.HighamChapter10	import NumStability.Analysis.MatrixSpectral	1	NumStability.Algorithms.HighamChapter10 -> NumStability.Analysis.MatrixSpectral	preserved_recursive	1
NumStability.Source.Higham.Chapter10.Equation30.ComplexPositiveDefinite.NoPivotLU.SourceBounds	source	NumStability.Algorithms.Ch10ComplexPositiveDefiniteSourceClosure	3	import NumStability.Algorithms.HighamChapter10	import NumStability.Analysis.Rounding	2	NumStability.Algorithms.HighamChapter10 -> NumStability.Algorithms.Cholesky.CholeskyPSD -> NumStability.Analysis.Rounding	preserved_recursive	1
NumStability.Source.Higham.Chapter10.Equation30.ComplexPositiveDefinite.NoPivotLU.SourceBounds	source	NumStability.Algorithms.Ch10ComplexPositiveDefiniteSourceClosure	3	import NumStability.Algorithms.HighamChapter10	import NumStability.FloatingPoint.Model	2	NumStability.Algorithms.HighamChapter10 -> NumStability.Algorithms.Cholesky.CholeskyPSD -> NumStability.FloatingPoint.Model	preserved_recursive	1
NumStability.Source.Higham.Chapter10.Equation30.ComplexPositiveDefinite.NoPivotLU.SourceBounds	source	NumStability.Algorithms.Ch10ComplexPositiveDefiniteSourceClosure	3	import NumStability.Algorithms.HighamChapter10	import NumStability.Source.Higham.Chapter09.Problems	1	NumStability.Algorithms.HighamChapter10 -> NumStability.Source.Higham.Chapter09.Problems	preserved_recursive	1
NumStability.Source.Higham.Chapter10.Equation30.ComplexPositiveDefinite.NoPivotLU.SourceBounds	source	NumStability.Algorithms.Ch10ComplexPositiveDefiniteSourceClosure	3	import NumStability.Algorithms.HighamChapter10	import NumStability.Source.Higham.Chapter09.Section01	1	NumStability.Algorithms.HighamChapter10 -> NumStability.Source.Higham.Chapter09.Section01	preserved_recursive	1
NumStability.Source.Higham.Chapter10.Equation30.ComplexPositiveDefinite.NoPivotLU.SourceBounds	source	NumStability.Algorithms.Ch10ComplexPositiveDefiniteSourceClosure	3	import NumStability.Algorithms.HighamChapter10	import NumStability.Source.Higham.Chapter09.Section02	1	NumStability.Algorithms.HighamChapter10 -> NumStability.Source.Higham.Chapter09.Section02	preserved_recursive	1
NumStability.Source.Higham.Chapter10.Equation30.ComplexPositiveDefinite.NoPivotLU.SourceBounds	source	NumStability.Algorithms.Ch10ComplexPositiveDefiniteSourceClosure	3	import NumStability.Algorithms.HighamChapter10	import NumStability.Source.Higham.Chapter09.Section03	1	NumStability.Algorithms.HighamChapter10 -> NumStability.Source.Higham.Chapter09.Section03	preserved_recursive	1
NumStability.Source.Higham.Chapter10.Equation30.ComplexPositiveDefinite.NoPivotLU.SourceBounds	source	NumStability.Algorithms.Ch10ComplexPositiveDefiniteSourceClosure	3	import NumStability.Algorithms.HighamChapter10	import NumStability.Source.Higham.Chapter09.Section04	1	NumStability.Algorithms.HighamChapter10 -> NumStability.Source.Higham.Chapter09.Section04	preserved_recursive	1
NumStability.Source.Higham.Chapter10.Equation30.ComplexPositiveDefinite.NoPivotLU.SourceBounds	source	NumStability.Algorithms.Ch10ComplexPositiveDefiniteSourceClosure	3	import NumStability.Algorithms.HighamChapter10	import NumStability.Source.Higham.Chapter09.Section05	1	NumStability.Algorithms.HighamChapter10 -> NumStability.Source.Higham.Chapter09.Section05	preserved_recursive	1
NumStability.Source.Higham.Chapter10.Equation30.ComplexPositiveDefinite.NoPivotLU.SourceBounds	source	NumStability.Algorithms.Ch10ComplexPositiveDefiniteSourceClosure	3	import NumStability.Algorithms.HighamChapter10	import NumStability.Source.Higham.Chapter09.Section06	1	NumStability.Algorithms.HighamChapter10 -> NumStability.Source.Higham.Chapter09.Section06	preserved_recursive	1
NumStability.Source.Higham.Chapter10.Equation30.ComplexPositiveDefinite.NoPivotLU.SourceBounds	source	NumStability.Algorithms.Ch10ComplexPositiveDefiniteSourceClosure	3	import NumStability.Algorithms.HighamChapter10	import NumStability.Source.Higham.Chapter09.Section08	1	NumStability.Algorithms.HighamChapter10 -> NumStability.Source.Higham.Chapter09.Section08	preserved_recursive	1
NumStability.Source.Higham.Chapter10.Equation30.ComplexPositiveDefinite.NoPivotLU.SourceBounds	source	NumStability.Algorithms.Ch10ComplexPositiveDefiniteSourceClosure	3	import NumStability.Algorithms.HighamChapter10	import NumStability.Source.Higham.Chapter09.Section10	1	NumStability.Algorithms.HighamChapter10 -> NumStability.Source.Higham.Chapter09.Section10	preserved_recursive	1
NumStability.Source.Higham.Chapter10.Equation30.ComplexPositiveDefinite.NoPivotLU.SourceBounds	source	NumStability.Algorithms.Ch10ComplexPositiveDefiniteSourceClosure	3	import NumStability.Algorithms.HighamChapter10	import NumStability.Source.Higham.Chapter09.Section11	1	NumStability.Algorithms.HighamChapter10 -> NumStability.Source.Higham.Chapter09.Section11	preserved_recursive	1
NumStability.Source.Higham.Chapter10.Equation30.ComplexPositiveDefinite.NoPivotLU.SourceBounds	source	NumStability.Algorithms.Ch10ComplexPositiveDefiniteSourceClosure	3	import NumStability.Algorithms.HighamChapter10	import NumStability.Source.Higham.Chapter10.Equation07.AbsoluteFactorNorm.Endpoints	1	NumStability.Algorithms.HighamChapter10 -> NumStability.Source.Higham.Chapter10.Equation07.AbsoluteFactorNorm.Endpoints	preserved_recursive	1
NumStability.Source.Higham.Chapter10.Equation30.ComplexPositiveDefinite.NoPivotLU.SourceBounds	source	NumStability.Algorithms.Ch10ComplexPositiveDefiniteSourceClosure	3	import NumStability.Algorithms.HighamChapter10	import NumStability.Source.Higham.Chapter10.Equation29.Mathias.Endpoints	1	NumStability.Algorithms.HighamChapter10 -> NumStability.Source.Higham.Chapter10.Equation29.Mathias.Endpoints	preserved_recursive	1
NumStability.Source.Higham.Chapter10.Equation30.ComplexPositiveDefinite.NoPivotLU.SourceBounds	source	NumStability.Algorithms.Ch10ComplexPositiveDefiniteSourceClosure	3	import NumStability.Algorithms.HighamChapter10	import NumStability.Source.Higham.Chapter10.Equation30.ComplexPositiveDefinite.Endpoints	1	NumStability.Algorithms.HighamChapter10 -> NumStability.Source.Higham.Chapter10.Equation30.ComplexPositiveDefinite.Endpoints	preserved_recursive	1
NumStability.Source.Higham.Chapter10.Equation30.ComplexPositiveDefinite.NoPivotLU.SourceBounds	source	NumStability.Algorithms.Ch10ComplexPositiveDefiniteSourceClosure	3	import NumStability.Algorithms.HighamChapter10	import NumStability.Source.Higham.Chapter10.Lemma11.PivotSequenceStability.Endpoints	1	NumStability.Algorithms.HighamChapter10 -> NumStability.Source.Higham.Chapter10.Lemma11.PivotSequenceStability.Endpoints	preserved_recursive	1
NumStability.Source.Higham.Chapter10.Equation30.ComplexPositiveDefinite.NoPivotLU.SourceBounds	source	NumStability.Algorithms.Ch10ComplexPositiveDefiniteSourceClosure	3	import NumStability.Algorithms.HighamChapter10	import NumStability.Source.Higham.Chapter10.Lemma13.KahanSharpness.CompletePivotingBound	2	NumStability.Algorithms.HighamChapter10 -> NumStability.Algorithms.Cholesky.CholeskyPSD -> NumStability.Source.Higham.Chapter10.Lemma13.KahanSharpness.CompletePivotingBound	preserved_recursive	1
NumStability.Source.Higham.Chapter10.Equation30.ComplexPositiveDefinite.NoPivotLU.SourceBounds	source	NumStability.Algorithms.Ch10ComplexPositiveDefiniteSourceClosure	3	import NumStability.Algorithms.HighamChapter10	import NumStability.Source.Higham.Chapter10.Lemma13.KahanSharpness.Endpoints	1	NumStability.Algorithms.HighamChapter10 -> NumStability.Source.Higham.Chapter10.Lemma13.KahanSharpness.Endpoints	preserved_recursive	1
NumStability.Source.Higham.Chapter10.Equation30.ComplexPositiveDefinite.NoPivotLU.SourceBounds	source	NumStability.Algorithms.Ch10ComplexPositiveDefiniteSourceClosure	3	import NumStability.Algorithms.HighamChapter10	import NumStability.Source.Higham.Chapter10.Problem01.PositiveSemidefiniteEntries.Basic	1	NumStability.Algorithms.HighamChapter10 -> NumStability.Source.Higham.Chapter10.Problem01.PositiveSemidefiniteEntries.Basic	preserved_recursive	1
NumStability.Source.Higham.Chapter10.Equation30.ComplexPositiveDefinite.NoPivotLU.SourceBounds	source	NumStability.Algorithms.Ch10ComplexPositiveDefiniteSourceClosure	3	import NumStability.Algorithms.HighamChapter10	import NumStability.Source.Higham.Chapter10.Problem04.UnpivotedGrowth.Basic	1	NumStability.Algorithms.HighamChapter10 -> NumStability.Source.Higham.Chapter10.Problem04.UnpivotedGrowth.Basic	preserved_recursive	1
NumStability.Source.Higham.Chapter10.Equation30.ComplexPositiveDefinite.NoPivotLU.SourceBounds	source	NumStability.Algorithms.Ch10ComplexPositiveDefiniteSourceClosure	3	import NumStability.Algorithms.HighamChapter10	import NumStability.Source.Higham.Chapter10.Problem08.LeadingMinorsCounterexample.Basic	1	NumStability.Algorithms.HighamChapter10 -> NumStability.Source.Higham.Chapter10.Problem08.LeadingMinorsCounterexample.Basic	preserved_recursive	1
NumStability.Source.Higham.Chapter10.Equation30.ComplexPositiveDefinite.NoPivotLU.SourceBounds	source	NumStability.Algorithms.Ch10ComplexPositiveDefiniteSourceClosure	3	import NumStability.Algorithms.HighamChapter10	import NumStability.Source.Higham.Chapter10.Section01.Factorization.Basic	1	NumStability.Algorithms.HighamChapter10 -> NumStability.Source.Higham.Chapter10.Section01.Factorization.Basic	preserved_recursive	1
NumStability.Source.Higham.Chapter10.Equation30.ComplexPositiveDefinite.NoPivotLU.SourceBounds	source	NumStability.Algorithms.Ch10ComplexPositiveDefiniteSourceClosure	3	import NumStability.Algorithms.HighamChapter10	import NumStability.Source.Higham.Chapter10.Section02.ErrorAnalysis.Basic	1	NumStability.Algorithms.HighamChapter10 -> NumStability.Source.Higham.Chapter10.Section02.ErrorAnalysis.Basic	preserved_recursive	1
NumStability.Source.Higham.Chapter10.Equation30.ComplexPositiveDefinite.NoPivotLU.SourceBounds	source	NumStability.Algorithms.Ch10ComplexPositiveDefiniteSourceClosure	3	import NumStability.Algorithms.HighamChapter10	import NumStability.Source.Higham.Chapter10.Section03.PositiveSemidefinite.Endpoints	1	NumStability.Algorithms.HighamChapter10 -> NumStability.Source.Higham.Chapter10.Section03.PositiveSemidefinite.Endpoints	preserved_recursive	1
NumStability.Source.Higham.Chapter10.Equation30.ComplexPositiveDefinite.NoPivotLU.SourceBounds	source	NumStability.Algorithms.Ch10ComplexPositiveDefiniteSourceClosure	3	import NumStability.Algorithms.HighamChapter10	import NumStability.Source.Higham.Chapter10.Section03.PositiveSemidefinite.Existence	2	NumStability.Algorithms.HighamChapter10 -> NumStability.Algorithms.Cholesky.CholeskyPSD -> NumStability.Source.Higham.Chapter10.Section03.PositiveSemidefinite.Existence	preserved_recursive	1
NumStability.Source.Higham.Chapter10.Equation30.ComplexPositiveDefinite.NoPivotLU.SourceBounds	source	NumStability.Algorithms.Ch10ComplexPositiveDefiniteSourceClosure	3	import NumStability.Algorithms.HighamChapter10	import NumStability.Source.Higham.Chapter10.Section03.PositiveSemidefinite.SchurComplement	2	NumStability.Algorithms.HighamChapter10 -> NumStability.Algorithms.Cholesky.CholeskyPSD -> NumStability.Source.Higham.Chapter10.Section03.PositiveSemidefinite.SchurComplement	preserved_recursive	1
NumStability.Source.Higham.Chapter10.Equation30.ComplexPositiveDefinite.NoPivotLU.SourceBounds	source	NumStability.Algorithms.Ch10ComplexPositiveDefiniteSourceClosure	3	import NumStability.Algorithms.HighamChapter10	import NumStability.Source.Higham.Chapter10.Section03.PositiveSemidefinite.Termination	2	NumStability.Algorithms.HighamChapter10 -> NumStability.Algorithms.Cholesky.CholeskyPSD -> NumStability.Source.Higham.Chapter10.Section03.PositiveSemidefinite.Termination	preserved_recursive	1
NumStability.Source.Higham.Chapter10.Equation30.ComplexPositiveDefinite.NoPivotLU.SourceBounds	source	NumStability.Algorithms.Ch10ComplexPositiveDefiniteSourceClosure	3	import NumStability.Algorithms.HighamChapter10	import NumStability.Source.Higham.Chapter10.Section03.PositiveSemidefinite.WNormBound	2	NumStability.Algorithms.HighamChapter10 -> NumStability.Algorithms.Cholesky.CholeskyPSD -> NumStability.Source.Higham.Chapter10.Section03.PositiveSemidefinite.WNormBound	preserved_recursive	1
NumStability.Source.Higham.Chapter10.Equation30.ComplexPositiveDefinite.NoPivotLU.SourceBounds	source	NumStability.Algorithms.Ch10ComplexPositiveDefiniteSourceClosure	3	import NumStability.Algorithms.HighamChapter10	import NumStability.Source.Higham.Chapter10.Section04.PositiveDefiniteSymmetricPart.Endpoints	1	NumStability.Algorithms.HighamChapter10 -> NumStability.Source.Higham.Chapter10.Section04.PositiveDefiniteSymmetricPart.Endpoints	preserved_recursive	1
NumStability.Source.Higham.Chapter10.Equation30.ComplexPositiveDefinite.NoPivotLU.SourceBounds	source	NumStability.Algorithms.Ch10ComplexPositiveDefiniteSourceClosure	3	import NumStability.Algorithms.HighamChapter10	import NumStability.Source.Higham.Chapter10.Theorem06.RoundedCholesky.Endpoints	1	NumStability.Algorithms.HighamChapter10 -> NumStability.Source.Higham.Chapter10.Theorem06.RoundedCholesky.Endpoints	preserved_recursive	1
NumStability.Source.Higham.Chapter10.Equation30.ComplexPositiveDefinite.NoPivotLU.SourceBounds	source	NumStability.Algorithms.Ch10ComplexPositiveDefiniteSourceClosure	3	import NumStability.Algorithms.HighamChapter10	import NumStability.Source.Higham.Chapter10.Theorem07.FailureVacuity.Endpoints	1	NumStability.Algorithms.HighamChapter10 -> NumStability.Source.Higham.Chapter10.Theorem07.FailureVacuity.Endpoints	preserved_recursive	1
NumStability.Source.Higham.Chapter10.Equation30.ComplexPositiveDefinite.NoPivotLU.SourceBounds	source	NumStability.Algorithms.Ch10ComplexPositiveDefiniteSourceClosure	3	import NumStability.Algorithms.HighamChapter10	import NumStability.Source.Higham.Chapter10.Theorem08.ComponentwisePerturbation.Endpoints	1	NumStability.Algorithms.HighamChapter10 -> NumStability.Source.Higham.Chapter10.Theorem08.ComponentwisePerturbation.Endpoints	preserved_recursive	1
NumStability.Source.Higham.Chapter10.Equation30.ComplexPositiveDefinite.NoPivotLU.SourceBounds	source	NumStability.Algorithms.Ch10ComplexPositiveDefiniteSourceClosure	3	import NumStability.Algorithms.HighamChapter10	import NumStability.Source.Higham.Chapter10.Theorem08.NormwiseDiscrepancy.Endpoints	1	NumStability.Algorithms.HighamChapter10 -> NumStability.Source.Higham.Chapter10.Theorem08.NormwiseDiscrepancy.Endpoints	preserved_recursive	1
NumStability.Source.Higham.Chapter10.Equation30.ComplexPositiveDefinite.NoPivotLU.SourceBounds	source	NumStability.Algorithms.Ch10ComplexPositiveDefiniteSourceClosure	3	import NumStability.Algorithms.HighamChapter10	import NumStability.Source.Higham.Chapter10.Theorem14.CompletePivotedPSD.Endpoints	1	NumStability.Algorithms.HighamChapter10 -> NumStability.Source.Higham.Chapter10.Theorem14.CompletePivotedPSD.Endpoints	preserved_recursive	1
NumStability.Source.Higham.Chapter10.Equation30.ComplexPositiveDefinite.NoPivotLU.SourceBounds	source	NumStability.Algorithms.Ch10ComplexPositiveDefiniteSourceClosure	3	import NumStability.Algorithms.HighamChapter10	import NumStability.Source.Higham.Chapter10.Theorem14.CompletePivotedPSD.PsdErrorAnalysis	2	NumStability.Algorithms.HighamChapter10 -> NumStability.Algorithms.Cholesky.CholeskyPSD -> NumStability.Source.Higham.Chapter10.Theorem14.CompletePivotedPSD.PsdErrorAnalysis	preserved_recursive	1
NumStability.Source.Higham.Chapter10.Equation30.ComplexPositiveDefinite.NoPivotLU.SourceBounds	source	NumStability.Algorithms.Ch10ComplexPositiveDefiniteSourceClosure	4	import NumStability.Analysis.ComplexArithmetic	import NumStability.Analysis.ComplexArithmetic	0	NumStability.Analysis.ComplexArithmetic	preserved_direct	1
NumStability.Source.Higham.Chapter10.Equation30.ComplexPositiveDefinite.NoPivotLU.SourceBounds	source	NumStability.Algorithms.Ch10ComplexPositiveDefiniteSourceClosure	5	import NumStability.Analysis.MatrixAlgebra	import NumStability.Analysis.MatrixAlgebra	0	NumStability.Analysis.MatrixAlgebra	preserved_direct	1
NumStability.Source.Higham.Chapter10.Equation30.ComplexPositiveDefinite.NoPivotLU.SourceBounds	source	NumStability.Algorithms.Ch10ComplexPositiveDefiniteSourceClosure	6	import NumStability.Source.Higham.Chapter10.Equation30.ComplexPositiveDefinite.SourceClosure	import NumStability.Source.Higham.Chapter10.Equation30.ComplexPositiveDefinite.SourceClosure	0	NumStability.Source.Higham.Chapter10.Equation30.ComplexPositiveDefinite.SourceClosure	preserved_direct	1
NumStability.Source.Higham.Chapter10.Lemma13.KahanSharpness.OperatorNorm.SourceBound	source	NumStability.Algorithms.Ch10KahanSharpnessSource	1	import NumStability.Algorithms.HighamChapter10	import Mathlib.Algebra.BigOperators.Field	2	NumStability.Algorithms.HighamChapter10 -> NumStability.Algorithms.Cholesky.CholeskyPSD -> Mathlib.Algebra.BigOperators.Field	preserved_recursive	1
NumStability.Source.Higham.Chapter10.Lemma13.KahanSharpness.OperatorNorm.SourceBound	source	NumStability.Algorithms.Ch10KahanSharpnessSource	1	import NumStability.Algorithms.HighamChapter10	import Mathlib.Algebra.BigOperators.Group.Finset.Basic	2	NumStability.Algorithms.HighamChapter10 -> NumStability.Algorithms.Cholesky.CholeskyPSD -> Mathlib.Algebra.BigOperators.Group.Finset.Basic	preserved_recursive	1
NumStability.Source.Higham.Chapter10.Lemma13.KahanSharpness.OperatorNorm.SourceBound	source	NumStability.Algorithms.Ch10KahanSharpnessSource	1	import NumStability.Algorithms.HighamChapter10	import Mathlib.Algebra.Order.BigOperators.Group.Finset	2	NumStability.Algorithms.HighamChapter10 -> NumStability.Algorithms.Cholesky.CholeskyPSD -> Mathlib.Algebra.Order.BigOperators.Group.Finset	preserved_recursive	1
NumStability.Source.Higham.Chapter10.Lemma13.KahanSharpness.OperatorNorm.SourceBound	source	NumStability.Algorithms.Ch10KahanSharpnessSource	1	import NumStability.Algorithms.HighamChapter10	import Mathlib.Data.Complex.Basic	1	NumStability.Algorithms.HighamChapter10 -> Mathlib.Data.Complex.Basic	preserved_recursive	1
NumStability.Source.Higham.Chapter10.Lemma13.KahanSharpness.OperatorNorm.SourceBound	source	NumStability.Algorithms.Ch10KahanSharpnessSource	1	import NumStability.Algorithms.HighamChapter10	import Mathlib.Data.Real.Basic	2	NumStability.Algorithms.HighamChapter10 -> NumStability.Algorithms.Cholesky.CholeskyPSD -> Mathlib.Data.Real.Basic	preserved_recursive	1
NumStability.Source.Higham.Chapter10.Lemma13.KahanSharpness.OperatorNorm.SourceBound	source	NumStability.Algorithms.Ch10KahanSharpnessSource	1	import NumStability.Algorithms.HighamChapter10	import Mathlib.Data.Real.Sqrt	2	NumStability.Algorithms.HighamChapter10 -> NumStability.Algorithms.Cholesky.CholeskyPSD -> Mathlib.Data.Real.Sqrt	preserved_recursive	1
NumStability.Source.Higham.Chapter10.Lemma13.KahanSharpness.OperatorNorm.SourceBound	source	NumStability.Algorithms.Ch10KahanSharpnessSource	1	import NumStability.Algorithms.HighamChapter10	import Mathlib.LinearAlgebra.Matrix.Block	2	NumStability.Algorithms.HighamChapter10 -> NumStability.Algorithms.Cholesky.CholeskyPSD -> Mathlib.LinearAlgebra.Matrix.Block	preserved_recursive	1
NumStability.Source.Higham.Chapter10.Lemma13.KahanSharpness.OperatorNorm.SourceBound	source	NumStability.Algorithms.Ch10KahanSharpnessSource	1	import NumStability.Algorithms.HighamChapter10	import Mathlib.LinearAlgebra.Matrix.NonsingularInverse	2	NumStability.Algorithms.HighamChapter10 -> NumStability.Algorithms.Cholesky.CholeskyPSD -> Mathlib.LinearAlgebra.Matrix.NonsingularInverse	preserved_recursive	1
NumStability.Source.Higham.Chapter10.Lemma13.KahanSharpness.OperatorNorm.SourceBound	source	NumStability.Algorithms.Ch10KahanSharpnessSource	1	import NumStability.Algorithms.HighamChapter10	import Mathlib.LinearAlgebra.Matrix.Rank	2	NumStability.Algorithms.HighamChapter10 -> NumStability.Algorithms.Cholesky.CholeskyPSD -> Mathlib.LinearAlgebra.Matrix.Rank	preserved_recursive	1
NumStability.Source.Higham.Chapter10.Lemma13.KahanSharpness.OperatorNorm.SourceBound	source	NumStability.Algorithms.Ch10KahanSharpnessSource	1	import NumStability.Algorithms.HighamChapter10	import Mathlib.Tactic.FieldSimp	2	NumStability.Algorithms.HighamChapter10 -> NumStability.Algorithms.Cholesky.CholeskyPSD -> Mathlib.Tactic.FieldSimp	preserved_recursive	1
NumStability.Source.Higham.Chapter10.Lemma13.KahanSharpness.OperatorNorm.SourceBound	source	NumStability.Algorithms.Ch10KahanSharpnessSource	1	import NumStability.Algorithms.HighamChapter10	import Mathlib.Tactic.Linarith	2	NumStability.Algorithms.HighamChapter10 -> NumStability.Algorithms.Cholesky.CholeskyPSD -> Mathlib.Tactic.Linarith	preserved_recursive	1
NumStability.Source.Higham.Chapter10.Lemma13.KahanSharpness.OperatorNorm.SourceBound	source	NumStability.Algorithms.Ch10KahanSharpnessSource	1	import NumStability.Algorithms.HighamChapter10	import Mathlib.Tactic.Ring	2	NumStability.Algorithms.HighamChapter10 -> NumStability.Algorithms.Cholesky.CholeskyPSD -> Mathlib.Tactic.Ring	preserved_recursive	1
NumStability.Source.Higham.Chapter10.Lemma13.KahanSharpness.OperatorNorm.SourceBound	source	NumStability.Algorithms.Ch10KahanSharpnessSource	1	import NumStability.Algorithms.HighamChapter10	import NumStability.Algorithms.Cholesky.CholeskyDemmel	1	NumStability.Algorithms.HighamChapter10 -> NumStability.Algorithms.Cholesky.CholeskyDemmel	preserved_recursive	1
NumStability.Source.Higham.Chapter10.Lemma13.KahanSharpness.OperatorNorm.SourceBound	source	NumStability.Algorithms.Ch10KahanSharpnessSource	1	import NumStability.Algorithms.HighamChapter10	import NumStability.Algorithms.Cholesky.CholeskyFl	1	NumStability.Algorithms.HighamChapter10 -> NumStability.Algorithms.Cholesky.CholeskyFl	preserved_recursive	1
NumStability.Source.Higham.Chapter10.Lemma13.KahanSharpness.OperatorNorm.SourceBound	source	NumStability.Algorithms.Ch10KahanSharpnessSource	1	import NumStability.Algorithms.HighamChapter10	import NumStability.Algorithms.Cholesky.CholeskyNonsym	1	NumStability.Algorithms.HighamChapter10 -> NumStability.Algorithms.Cholesky.CholeskyNonsym	preserved_recursive	1
NumStability.Source.Higham.Chapter10.Lemma13.KahanSharpness.OperatorNorm.SourceBound	source	NumStability.Algorithms.Ch10KahanSharpnessSource	1	import NumStability.Algorithms.HighamChapter10	import NumStability.Algorithms.Cholesky.CholeskySpec	2	NumStability.Algorithms.HighamChapter10 -> NumStability.Algorithms.Cholesky.CholeskyPSD -> NumStability.Algorithms.Cholesky.CholeskySpec	preserved_recursive	1
NumStability.Source.Higham.Chapter10.Lemma13.KahanSharpness.OperatorNorm.SourceBound	source	NumStability.Algorithms.Ch10KahanSharpnessSource	1	import NumStability.Algorithms.HighamChapter10	import NumStability.Algorithms.Cholesky.CholeskySpec	1	NumStability.Algorithms.HighamChapter10 -> NumStability.Algorithms.Cholesky.CholeskySpec	preserved_recursive	1
NumStability.Source.Higham.Chapter10.Lemma13.KahanSharpness.OperatorNorm.SourceBound	source	NumStability.Algorithms.Ch10KahanSharpnessSource	1	import NumStability.Algorithms.HighamChapter10	import NumStability.Algorithms.LU.GaussianElimination	2	NumStability.Algorithms.HighamChapter10 -> NumStability.Algorithms.Cholesky.CholeskyPSD -> NumStability.Algorithms.LU.GaussianElimination	preserved_recursive	1
NumStability.Source.Higham.Chapter10.Lemma13.KahanSharpness.OperatorNorm.SourceBound	source	NumStability.Algorithms.Ch10KahanSharpnessSource	1	import NumStability.Algorithms.HighamChapter10	import NumStability.Algorithms.LinearSystems.Cholesky.ErrorAnalysis.Certificates	1	NumStability.Algorithms.HighamChapter10 -> NumStability.Algorithms.LinearSystems.Cholesky.ErrorAnalysis.Certificates	preserved_recursive	1
NumStability.Source.Higham.Chapter10.Lemma13.KahanSharpness.OperatorNorm.SourceBound	source	NumStability.Algorithms.Ch10KahanSharpnessSource	1	import NumStability.Algorithms.HighamChapter10	import NumStability.Algorithms.LinearSystems.Cholesky.Perturbation.Basic	1	NumStability.Algorithms.HighamChapter10 -> NumStability.Algorithms.LinearSystems.Cholesky.Perturbation.Basic	preserved_recursive	1
NumStability.Source.Higham.Chapter10.Lemma13.KahanSharpness.OperatorNorm.SourceBound	source	NumStability.Algorithms.Ch10KahanSharpnessSource	1	import NumStability.Algorithms.HighamChapter10	import NumStability.Algorithms.LinearSystems.Cholesky.PositiveSemidefinite.Basic	2	NumStability.Algorithms.HighamChapter10 -> NumStability.Algorithms.Cholesky.CholeskyPSD -> NumStability.Algorithms.LinearSystems.Cholesky.PositiveSemidefinite.Basic	preserved_recursive	1
NumStability.Source.Higham.Chapter10.Lemma13.KahanSharpness.OperatorNorm.SourceBound	source	NumStability.Algorithms.Ch10KahanSharpnessSource	1	import NumStability.Algorithms.HighamChapter10	import NumStability.Algorithms.LinearSystems.Cholesky.PositiveSemidefinite.KahanMatrix	1	NumStability.Algorithms.HighamChapter10 -> NumStability.Algorithms.LinearSystems.Cholesky.PositiveSemidefinite.KahanMatrix	preserved_recursive	1
NumStability.Source.Higham.Chapter10.Lemma13.KahanSharpness.OperatorNorm.SourceBound	source	NumStability.Algorithms.Ch10KahanSharpnessSource	1	import NumStability.Algorithms.HighamChapter10	import NumStability.Algorithms.LinearSystems.Cholesky.PositiveSemidefinite.ScaledStage	1	NumStability.Algorithms.HighamChapter10 -> NumStability.Algorithms.LinearSystems.Cholesky.PositiveSemidefinite.ScaledStage	preserved_recursive	1
NumStability.Source.Higham.Chapter10.Lemma13.KahanSharpness.OperatorNorm.SourceBound	source	NumStability.Algorithms.Ch10KahanSharpnessSource	1	import NumStability.Algorithms.HighamChapter10	import NumStability.Analysis.MatrixNorms.EntrywiseAbsolute.Basic	1	NumStability.Algorithms.HighamChapter10 -> NumStability.Analysis.MatrixNorms.EntrywiseAbsolute.Basic	preserved_recursive	1
NumStability.Source.Higham.Chapter10.Lemma13.KahanSharpness.OperatorNorm.SourceBound	source	NumStability.Algorithms.Ch10KahanSharpnessSource	1	import NumStability.Algorithms.HighamChapter10	import NumStability.Analysis.MatrixNorms.SpectralExtrema.Basic	1	NumStability.Algorithms.HighamChapter10 -> NumStability.Analysis.MatrixNorms.SpectralExtrema.Basic	preserved_recursive	1
NumStability.Source.Higham.Chapter10.Lemma13.KahanSharpness.OperatorNorm.SourceBound	source	NumStability.Algorithms.Ch10KahanSharpnessSource	1	import NumStability.Algorithms.HighamChapter10	import NumStability.Analysis.MatrixSpectral	1	NumStability.Algorithms.HighamChapter10 -> NumStability.Analysis.MatrixSpectral	preserved_recursive	1
NumStability.Source.Higham.Chapter10.Lemma13.KahanSharpness.OperatorNorm.SourceBound	source	NumStability.Algorithms.Ch10KahanSharpnessSource	1	import NumStability.Algorithms.HighamChapter10	import NumStability.Analysis.Rounding	2	NumStability.Algorithms.HighamChapter10 -> NumStability.Algorithms.Cholesky.CholeskyPSD -> NumStability.Analysis.Rounding	preserved_recursive	1
NumStability.Source.Higham.Chapter10.Lemma13.KahanSharpness.OperatorNorm.SourceBound	source	NumStability.Algorithms.Ch10KahanSharpnessSource	1	import NumStability.Algorithms.HighamChapter10	import NumStability.FloatingPoint.Model	2	NumStability.Algorithms.HighamChapter10 -> NumStability.Algorithms.Cholesky.CholeskyPSD -> NumStability.FloatingPoint.Model	preserved_recursive	1
NumStability.Source.Higham.Chapter10.Lemma13.KahanSharpness.OperatorNorm.SourceBound	source	NumStability.Algorithms.Ch10KahanSharpnessSource	1	import NumStability.Algorithms.HighamChapter10	import NumStability.Source.Higham.Chapter09.Problems	1	NumStability.Algorithms.HighamChapter10 -> NumStability.Source.Higham.Chapter09.Problems	preserved_recursive	1
NumStability.Source.Higham.Chapter10.Lemma13.KahanSharpness.OperatorNorm.SourceBound	source	NumStability.Algorithms.Ch10KahanSharpnessSource	1	import NumStability.Algorithms.HighamChapter10	import NumStability.Source.Higham.Chapter09.Section01	1	NumStability.Algorithms.HighamChapter10 -> NumStability.Source.Higham.Chapter09.Section01	preserved_recursive	1
NumStability.Source.Higham.Chapter10.Lemma13.KahanSharpness.OperatorNorm.SourceBound	source	NumStability.Algorithms.Ch10KahanSharpnessSource	1	import NumStability.Algorithms.HighamChapter10	import NumStability.Source.Higham.Chapter09.Section02	1	NumStability.Algorithms.HighamChapter10 -> NumStability.Source.Higham.Chapter09.Section02	preserved_recursive	1
NumStability.Source.Higham.Chapter10.Lemma13.KahanSharpness.OperatorNorm.SourceBound	source	NumStability.Algorithms.Ch10KahanSharpnessSource	1	import NumStability.Algorithms.HighamChapter10	import NumStability.Source.Higham.Chapter09.Section03	1	NumStability.Algorithms.HighamChapter10 -> NumStability.Source.Higham.Chapter09.Section03	preserved_recursive	1
NumStability.Source.Higham.Chapter10.Lemma13.KahanSharpness.OperatorNorm.SourceBound	source	NumStability.Algorithms.Ch10KahanSharpnessSource	1	import NumStability.Algorithms.HighamChapter10	import NumStability.Source.Higham.Chapter09.Section04	1	NumStability.Algorithms.HighamChapter10 -> NumStability.Source.Higham.Chapter09.Section04	preserved_recursive	1
NumStability.Source.Higham.Chapter10.Lemma13.KahanSharpness.OperatorNorm.SourceBound	source	NumStability.Algorithms.Ch10KahanSharpnessSource	1	import NumStability.Algorithms.HighamChapter10	import NumStability.Source.Higham.Chapter09.Section05	1	NumStability.Algorithms.HighamChapter10 -> NumStability.Source.Higham.Chapter09.Section05	preserved_recursive	1
NumStability.Source.Higham.Chapter10.Lemma13.KahanSharpness.OperatorNorm.SourceBound	source	NumStability.Algorithms.Ch10KahanSharpnessSource	1	import NumStability.Algorithms.HighamChapter10	import NumStability.Source.Higham.Chapter09.Section06	1	NumStability.Algorithms.HighamChapter10 -> NumStability.Source.Higham.Chapter09.Section06	preserved_recursive	1
NumStability.Source.Higham.Chapter10.Lemma13.KahanSharpness.OperatorNorm.SourceBound	source	NumStability.Algorithms.Ch10KahanSharpnessSource	1	import NumStability.Algorithms.HighamChapter10	import NumStability.Source.Higham.Chapter09.Section08	1	NumStability.Algorithms.HighamChapter10 -> NumStability.Source.Higham.Chapter09.Section08	preserved_recursive	1
NumStability.Source.Higham.Chapter10.Lemma13.KahanSharpness.OperatorNorm.SourceBound	source	NumStability.Algorithms.Ch10KahanSharpnessSource	1	import NumStability.Algorithms.HighamChapter10	import NumStability.Source.Higham.Chapter09.Section10	1	NumStability.Algorithms.HighamChapter10 -> NumStability.Source.Higham.Chapter09.Section10	preserved_recursive	1
NumStability.Source.Higham.Chapter10.Lemma13.KahanSharpness.OperatorNorm.SourceBound	source	NumStability.Algorithms.Ch10KahanSharpnessSource	1	import NumStability.Algorithms.HighamChapter10	import NumStability.Source.Higham.Chapter09.Section11	1	NumStability.Algorithms.HighamChapter10 -> NumStability.Source.Higham.Chapter09.Section11	preserved_recursive	1
NumStability.Source.Higham.Chapter10.Lemma13.KahanSharpness.OperatorNorm.SourceBound	source	NumStability.Algorithms.Ch10KahanSharpnessSource	1	import NumStability.Algorithms.HighamChapter10	import NumStability.Source.Higham.Chapter10.Equation07.AbsoluteFactorNorm.Endpoints	1	NumStability.Algorithms.HighamChapter10 -> NumStability.Source.Higham.Chapter10.Equation07.AbsoluteFactorNorm.Endpoints	preserved_recursive	1
NumStability.Source.Higham.Chapter10.Lemma13.KahanSharpness.OperatorNorm.SourceBound	source	NumStability.Algorithms.Ch10KahanSharpnessSource	1	import NumStability.Algorithms.HighamChapter10	import NumStability.Source.Higham.Chapter10.Equation29.Mathias.Endpoints	1	NumStability.Algorithms.HighamChapter10 -> NumStability.Source.Higham.Chapter10.Equation29.Mathias.Endpoints	preserved_recursive	1
NumStability.Source.Higham.Chapter10.Lemma13.KahanSharpness.OperatorNorm.SourceBound	source	NumStability.Algorithms.Ch10KahanSharpnessSource	1	import NumStability.Algorithms.HighamChapter10	import NumStability.Source.Higham.Chapter10.Equation30.ComplexPositiveDefinite.Endpoints	1	NumStability.Algorithms.HighamChapter10 -> NumStability.Source.Higham.Chapter10.Equation30.ComplexPositiveDefinite.Endpoints	preserved_recursive	1
NumStability.Source.Higham.Chapter10.Lemma13.KahanSharpness.OperatorNorm.SourceBound	source	NumStability.Algorithms.Ch10KahanSharpnessSource	1	import NumStability.Algorithms.HighamChapter10	import NumStability.Source.Higham.Chapter10.Lemma11.PivotSequenceStability.Endpoints	1	NumStability.Algorithms.HighamChapter10 -> NumStability.Source.Higham.Chapter10.Lemma11.PivotSequenceStability.Endpoints	preserved_recursive	1
NumStability.Source.Higham.Chapter10.Lemma13.KahanSharpness.OperatorNorm.SourceBound	source	NumStability.Algorithms.Ch10KahanSharpnessSource	1	import NumStability.Algorithms.HighamChapter10	import NumStability.Source.Higham.Chapter10.Lemma13.KahanSharpness.CompletePivotingBound	2	NumStability.Algorithms.HighamChapter10 -> NumStability.Algorithms.Cholesky.CholeskyPSD -> NumStability.Source.Higham.Chapter10.Lemma13.KahanSharpness.CompletePivotingBound	preserved_recursive	1
NumStability.Source.Higham.Chapter10.Lemma13.KahanSharpness.OperatorNorm.SourceBound	source	NumStability.Algorithms.Ch10KahanSharpnessSource	1	import NumStability.Algorithms.HighamChapter10	import NumStability.Source.Higham.Chapter10.Lemma13.KahanSharpness.Endpoints	1	NumStability.Algorithms.HighamChapter10 -> NumStability.Source.Higham.Chapter10.Lemma13.KahanSharpness.Endpoints	preserved_recursive	1
NumStability.Source.Higham.Chapter10.Lemma13.KahanSharpness.OperatorNorm.SourceBound	source	NumStability.Algorithms.Ch10KahanSharpnessSource	1	import NumStability.Algorithms.HighamChapter10	import NumStability.Source.Higham.Chapter10.Problem01.PositiveSemidefiniteEntries.Basic	1	NumStability.Algorithms.HighamChapter10 -> NumStability.Source.Higham.Chapter10.Problem01.PositiveSemidefiniteEntries.Basic	preserved_recursive	1
NumStability.Source.Higham.Chapter10.Lemma13.KahanSharpness.OperatorNorm.SourceBound	source	NumStability.Algorithms.Ch10KahanSharpnessSource	1	import NumStability.Algorithms.HighamChapter10	import NumStability.Source.Higham.Chapter10.Problem04.UnpivotedGrowth.Basic	1	NumStability.Algorithms.HighamChapter10 -> NumStability.Source.Higham.Chapter10.Problem04.UnpivotedGrowth.Basic	preserved_recursive	1
NumStability.Source.Higham.Chapter10.Lemma13.KahanSharpness.OperatorNorm.SourceBound	source	NumStability.Algorithms.Ch10KahanSharpnessSource	1	import NumStability.Algorithms.HighamChapter10	import NumStability.Source.Higham.Chapter10.Problem08.LeadingMinorsCounterexample.Basic	1	NumStability.Algorithms.HighamChapter10 -> NumStability.Source.Higham.Chapter10.Problem08.LeadingMinorsCounterexample.Basic	preserved_recursive	1
NumStability.Source.Higham.Chapter10.Lemma13.KahanSharpness.OperatorNorm.SourceBound	source	NumStability.Algorithms.Ch10KahanSharpnessSource	1	import NumStability.Algorithms.HighamChapter10	import NumStability.Source.Higham.Chapter10.Section01.Factorization.Basic	1	NumStability.Algorithms.HighamChapter10 -> NumStability.Source.Higham.Chapter10.Section01.Factorization.Basic	preserved_recursive	1
NumStability.Source.Higham.Chapter10.Lemma13.KahanSharpness.OperatorNorm.SourceBound	source	NumStability.Algorithms.Ch10KahanSharpnessSource	1	import NumStability.Algorithms.HighamChapter10	import NumStability.Source.Higham.Chapter10.Section02.ErrorAnalysis.Basic	1	NumStability.Algorithms.HighamChapter10 -> NumStability.Source.Higham.Chapter10.Section02.ErrorAnalysis.Basic	preserved_recursive	1
NumStability.Source.Higham.Chapter10.Lemma13.KahanSharpness.OperatorNorm.SourceBound	source	NumStability.Algorithms.Ch10KahanSharpnessSource	1	import NumStability.Algorithms.HighamChapter10	import NumStability.Source.Higham.Chapter10.Section03.PositiveSemidefinite.Endpoints	1	NumStability.Algorithms.HighamChapter10 -> NumStability.Source.Higham.Chapter10.Section03.PositiveSemidefinite.Endpoints	preserved_recursive	1
NumStability.Source.Higham.Chapter10.Lemma13.KahanSharpness.OperatorNorm.SourceBound	source	NumStability.Algorithms.Ch10KahanSharpnessSource	1	import NumStability.Algorithms.HighamChapter10	import NumStability.Source.Higham.Chapter10.Section03.PositiveSemidefinite.Existence	2	NumStability.Algorithms.HighamChapter10 -> NumStability.Algorithms.Cholesky.CholeskyPSD -> NumStability.Source.Higham.Chapter10.Section03.PositiveSemidefinite.Existence	preserved_recursive	1
NumStability.Source.Higham.Chapter10.Lemma13.KahanSharpness.OperatorNorm.SourceBound	source	NumStability.Algorithms.Ch10KahanSharpnessSource	1	import NumStability.Algorithms.HighamChapter10	import NumStability.Source.Higham.Chapter10.Section03.PositiveSemidefinite.SchurComplement	2	NumStability.Algorithms.HighamChapter10 -> NumStability.Algorithms.Cholesky.CholeskyPSD -> NumStability.Source.Higham.Chapter10.Section03.PositiveSemidefinite.SchurComplement	preserved_recursive	1
NumStability.Source.Higham.Chapter10.Lemma13.KahanSharpness.OperatorNorm.SourceBound	source	NumStability.Algorithms.Ch10KahanSharpnessSource	1	import NumStability.Algorithms.HighamChapter10	import NumStability.Source.Higham.Chapter10.Section03.PositiveSemidefinite.Termination	2	NumStability.Algorithms.HighamChapter10 -> NumStability.Algorithms.Cholesky.CholeskyPSD -> NumStability.Source.Higham.Chapter10.Section03.PositiveSemidefinite.Termination	preserved_recursive	1
NumStability.Source.Higham.Chapter10.Lemma13.KahanSharpness.OperatorNorm.SourceBound	source	NumStability.Algorithms.Ch10KahanSharpnessSource	1	import NumStability.Algorithms.HighamChapter10	import NumStability.Source.Higham.Chapter10.Section03.PositiveSemidefinite.WNormBound	2	NumStability.Algorithms.HighamChapter10 -> NumStability.Algorithms.Cholesky.CholeskyPSD -> NumStability.Source.Higham.Chapter10.Section03.PositiveSemidefinite.WNormBound	preserved_recursive	1
NumStability.Source.Higham.Chapter10.Lemma13.KahanSharpness.OperatorNorm.SourceBound	source	NumStability.Algorithms.Ch10KahanSharpnessSource	1	import NumStability.Algorithms.HighamChapter10	import NumStability.Source.Higham.Chapter10.Section04.PositiveDefiniteSymmetricPart.Endpoints	1	NumStability.Algorithms.HighamChapter10 -> NumStability.Source.Higham.Chapter10.Section04.PositiveDefiniteSymmetricPart.Endpoints	preserved_recursive	1
NumStability.Source.Higham.Chapter10.Lemma13.KahanSharpness.OperatorNorm.SourceBound	source	NumStability.Algorithms.Ch10KahanSharpnessSource	1	import NumStability.Algorithms.HighamChapter10	import NumStability.Source.Higham.Chapter10.Theorem06.RoundedCholesky.Endpoints	1	NumStability.Algorithms.HighamChapter10 -> NumStability.Source.Higham.Chapter10.Theorem06.RoundedCholesky.Endpoints	preserved_recursive	1
NumStability.Source.Higham.Chapter10.Lemma13.KahanSharpness.OperatorNorm.SourceBound	source	NumStability.Algorithms.Ch10KahanSharpnessSource	1	import NumStability.Algorithms.HighamChapter10	import NumStability.Source.Higham.Chapter10.Theorem07.FailureVacuity.Endpoints	1	NumStability.Algorithms.HighamChapter10 -> NumStability.Source.Higham.Chapter10.Theorem07.FailureVacuity.Endpoints	preserved_recursive	1
NumStability.Source.Higham.Chapter10.Lemma13.KahanSharpness.OperatorNorm.SourceBound	source	NumStability.Algorithms.Ch10KahanSharpnessSource	1	import NumStability.Algorithms.HighamChapter10	import NumStability.Source.Higham.Chapter10.Theorem08.ComponentwisePerturbation.Endpoints	1	NumStability.Algorithms.HighamChapter10 -> NumStability.Source.Higham.Chapter10.Theorem08.ComponentwisePerturbation.Endpoints	preserved_recursive	1
NumStability.Source.Higham.Chapter10.Lemma13.KahanSharpness.OperatorNorm.SourceBound	source	NumStability.Algorithms.Ch10KahanSharpnessSource	1	import NumStability.Algorithms.HighamChapter10	import NumStability.Source.Higham.Chapter10.Theorem08.NormwiseDiscrepancy.Endpoints	1	NumStability.Algorithms.HighamChapter10 -> NumStability.Source.Higham.Chapter10.Theorem08.NormwiseDiscrepancy.Endpoints	preserved_recursive	1
NumStability.Source.Higham.Chapter10.Lemma13.KahanSharpness.OperatorNorm.SourceBound	source	NumStability.Algorithms.Ch10KahanSharpnessSource	1	import NumStability.Algorithms.HighamChapter10	import NumStability.Source.Higham.Chapter10.Theorem14.CompletePivotedPSD.Endpoints	1	NumStability.Algorithms.HighamChapter10 -> NumStability.Source.Higham.Chapter10.Theorem14.CompletePivotedPSD.Endpoints	preserved_recursive	1
NumStability.Source.Higham.Chapter10.Lemma13.KahanSharpness.OperatorNorm.SourceBound	source	NumStability.Algorithms.Ch10KahanSharpnessSource	1	import NumStability.Algorithms.HighamChapter10	import NumStability.Source.Higham.Chapter10.Theorem14.CompletePivotedPSD.PsdErrorAnalysis	2	NumStability.Algorithms.HighamChapter10 -> NumStability.Algorithms.Cholesky.CholeskyPSD -> NumStability.Source.Higham.Chapter10.Theorem14.CompletePivotedPSD.PsdErrorAnalysis	preserved_recursive	1
NumStability.Source.Higham.Chapter10.Lemma13.KahanSharpness.OperatorNorm.SourceBound	source	NumStability.Algorithms.Ch10KahanSharpnessSource	2	import NumStability.Source.Higham.Chapter10.Lemma13.KahanSharpness.GramFamily	import NumStability.Source.Higham.Chapter10.Lemma13.KahanSharpness.GramFamily	0	NumStability.Source.Higham.Chapter10.Lemma13.KahanSharpness.GramFamily	preserved_direct	1
NumStability.Source.Higham.Chapter10.Lemma13.KahanSharpness.OperatorNorm.SourceBound	source	NumStability.Algorithms.Ch10KahanSharpnessSource	3	import NumStability.Source.Higham.Chapter10.Lemma13.KahanSharpness.Limit	import NumStability.Source.Higham.Chapter10.Lemma13.KahanSharpness.Limit	0	NumStability.Source.Higham.Chapter10.Lemma13.KahanSharpness.Limit	preserved_direct	1
NumStability.Source.Higham.Chapter10.Lemma13.KahanSharpness.UnboundedGrowth.Construction	source	NumStability.Algorithms.HighamChapter10	1	import Mathlib.Data.Complex.Basic	import Mathlib.Data.Complex.Basic	0	Mathlib.Data.Complex.Basic	preserved_direct	1
NumStability.Source.Higham.Chapter10.Lemma13.KahanSharpness.UnboundedGrowth.Construction	source	NumStability.Algorithms.HighamChapter10	2	import NumStability.Algorithms.Cholesky.CholeskyDemmel	import NumStability.Algorithms.Cholesky.CholeskyDemmel	0	NumStability.Algorithms.Cholesky.CholeskyDemmel	preserved_direct	1
NumStability.Source.Higham.Chapter10.Lemma13.KahanSharpness.UnboundedGrowth.Construction	source	NumStability.Algorithms.HighamChapter10	3	import NumStability.Algorithms.Cholesky.CholeskyFl	import NumStability.Algorithms.Cholesky.CholeskyFl	0	NumStability.Algorithms.Cholesky.CholeskyFl	preserved_direct	1
NumStability.Source.Higham.Chapter10.Lemma13.KahanSharpness.UnboundedGrowth.Construction	source	NumStability.Algorithms.HighamChapter10	4	import NumStability.Algorithms.Cholesky.CholeskyNonsym	import NumStability.Algorithms.Cholesky.CholeskyNonsym	0	NumStability.Algorithms.Cholesky.CholeskyNonsym	preserved_direct	1
NumStability.Source.Higham.Chapter10.Lemma13.KahanSharpness.UnboundedGrowth.Construction	source	NumStability.Algorithms.HighamChapter10	5	import NumStability.Algorithms.Cholesky.CholeskyPSD	import Mathlib.Algebra.BigOperators.Field	1	NumStability.Algorithms.Cholesky.CholeskyPSD -> Mathlib.Algebra.BigOperators.Field	preserved_recursive	1
NumStability.Source.Higham.Chapter10.Lemma13.KahanSharpness.UnboundedGrowth.Construction	source	NumStability.Algorithms.HighamChapter10	5	import NumStability.Algorithms.Cholesky.CholeskyPSD	import Mathlib.Algebra.BigOperators.Group.Finset.Basic	1	NumStability.Algorithms.Cholesky.CholeskyPSD -> Mathlib.Algebra.BigOperators.Group.Finset.Basic	preserved_recursive	1
NumStability.Source.Higham.Chapter10.Lemma13.KahanSharpness.UnboundedGrowth.Construction	source	NumStability.Algorithms.HighamChapter10	5	import NumStability.Algorithms.Cholesky.CholeskyPSD	import Mathlib.Algebra.Order.BigOperators.Group.Finset	1	NumStability.Algorithms.Cholesky.CholeskyPSD -> Mathlib.Algebra.Order.BigOperators.Group.Finset	preserved_recursive	1
NumStability.Source.Higham.Chapter10.Lemma13.KahanSharpness.UnboundedGrowth.Construction	source	NumStability.Algorithms.HighamChapter10	5	import NumStability.Algorithms.Cholesky.CholeskyPSD	import Mathlib.Data.Real.Basic	1	NumStability.Algorithms.Cholesky.CholeskyPSD -> Mathlib.Data.Real.Basic	preserved_recursive	1
NumStability.Source.Higham.Chapter10.Lemma13.KahanSharpness.UnboundedGrowth.Construction	source	NumStability.Algorithms.HighamChapter10	5	import NumStability.Algorithms.Cholesky.CholeskyPSD	import Mathlib.Data.Real.Sqrt	1	NumStability.Algorithms.Cholesky.CholeskyPSD -> Mathlib.Data.Real.Sqrt	preserved_recursive	1
NumStability.Source.Higham.Chapter10.Lemma13.KahanSharpness.UnboundedGrowth.Construction	source	NumStability.Algorithms.HighamChapter10	5	import NumStability.Algorithms.Cholesky.CholeskyPSD	import Mathlib.LinearAlgebra.Matrix.Block	1	NumStability.Algorithms.Cholesky.CholeskyPSD -> Mathlib.LinearAlgebra.Matrix.Block	preserved_recursive	1
NumStability.Source.Higham.Chapter10.Lemma13.KahanSharpness.UnboundedGrowth.Construction	source	NumStability.Algorithms.HighamChapter10	5	import NumStability.Algorithms.Cholesky.CholeskyPSD	import Mathlib.LinearAlgebra.Matrix.NonsingularInverse	1	NumStability.Algorithms.Cholesky.CholeskyPSD -> Mathlib.LinearAlgebra.Matrix.NonsingularInverse	preserved_recursive	1
NumStability.Source.Higham.Chapter10.Lemma13.KahanSharpness.UnboundedGrowth.Construction	source	NumStability.Algorithms.HighamChapter10	5	import NumStability.Algorithms.Cholesky.CholeskyPSD	import Mathlib.LinearAlgebra.Matrix.Rank	1	NumStability.Algorithms.Cholesky.CholeskyPSD -> Mathlib.LinearAlgebra.Matrix.Rank	preserved_recursive	1
NumStability.Source.Higham.Chapter10.Lemma13.KahanSharpness.UnboundedGrowth.Construction	source	NumStability.Algorithms.HighamChapter10	5	import NumStability.Algorithms.Cholesky.CholeskyPSD	import Mathlib.Tactic.FieldSimp	1	NumStability.Algorithms.Cholesky.CholeskyPSD -> Mathlib.Tactic.FieldSimp	preserved_recursive	1
NumStability.Source.Higham.Chapter10.Lemma13.KahanSharpness.UnboundedGrowth.Construction	source	NumStability.Algorithms.HighamChapter10	5	import NumStability.Algorithms.Cholesky.CholeskyPSD	import Mathlib.Tactic.Linarith	1	NumStability.Algorithms.Cholesky.CholeskyPSD -> Mathlib.Tactic.Linarith	preserved_recursive	1
NumStability.Source.Higham.Chapter10.Lemma13.KahanSharpness.UnboundedGrowth.Construction	source	NumStability.Algorithms.HighamChapter10	5	import NumStability.Algorithms.Cholesky.CholeskyPSD	import Mathlib.Tactic.Ring	1	NumStability.Algorithms.Cholesky.CholeskyPSD -> Mathlib.Tactic.Ring	preserved_recursive	1
NumStability.Source.Higham.Chapter10.Lemma13.KahanSharpness.UnboundedGrowth.Construction	source	NumStability.Algorithms.HighamChapter10	5	import NumStability.Algorithms.Cholesky.CholeskyPSD	import NumStability.Algorithms.Cholesky.CholeskySpec	1	NumStability.Algorithms.Cholesky.CholeskyPSD -> NumStability.Algorithms.Cholesky.CholeskySpec	preserved_recursive	1
NumStability.Source.Higham.Chapter10.Lemma13.KahanSharpness.UnboundedGrowth.Construction	source	NumStability.Algorithms.HighamChapter10	5	import NumStability.Algorithms.Cholesky.CholeskyPSD	import NumStability.Algorithms.LU.GaussianElimination	1	NumStability.Algorithms.Cholesky.CholeskyPSD -> NumStability.Algorithms.LU.GaussianElimination	preserved_recursive	1
NumStability.Source.Higham.Chapter10.Lemma13.KahanSharpness.UnboundedGrowth.Construction	source	NumStability.Algorithms.HighamChapter10	5	import NumStability.Algorithms.Cholesky.CholeskyPSD	import NumStability.Algorithms.LinearSystems.Cholesky.PositiveSemidefinite.Basic	1	NumStability.Algorithms.Cholesky.CholeskyPSD -> NumStability.Algorithms.LinearSystems.Cholesky.PositiveSemidefinite.Basic	preserved_recursive	1
NumStability.Source.Higham.Chapter10.Lemma13.KahanSharpness.UnboundedGrowth.Construction	source	NumStability.Algorithms.HighamChapter10	5	import NumStability.Algorithms.Cholesky.CholeskyPSD	import NumStability.Analysis.Rounding	1	NumStability.Algorithms.Cholesky.CholeskyPSD -> NumStability.Analysis.Rounding	preserved_recursive	1
NumStability.Source.Higham.Chapter10.Lemma13.KahanSharpness.UnboundedGrowth.Construction	source	NumStability.Algorithms.HighamChapter10	5	import NumStability.Algorithms.Cholesky.CholeskyPSD	import NumStability.FloatingPoint.Model	1	NumStability.Algorithms.Cholesky.CholeskyPSD -> NumStability.FloatingPoint.Model	preserved_recursive	1
NumStability.Source.Higham.Chapter10.Lemma13.KahanSharpness.UnboundedGrowth.Construction	source	NumStability.Algorithms.HighamChapter10	5	import NumStability.Algorithms.Cholesky.CholeskyPSD	import NumStability.Source.Higham.Chapter10.Lemma13.KahanSharpness.CompletePivotingBound	1	NumStability.Algorithms.Cholesky.CholeskyPSD -> NumStability.Source.Higham.Chapter10.Lemma13.KahanSharpness.CompletePivotingBound	preserved_recursive	1
NumStability.Source.Higham.Chapter10.Lemma13.KahanSharpness.UnboundedGrowth.Construction	source	NumStability.Algorithms.HighamChapter10	5	import NumStability.Algorithms.Cholesky.CholeskyPSD	import NumStability.Source.Higham.Chapter10.Section03.PositiveSemidefinite.Existence	1	NumStability.Algorithms.Cholesky.CholeskyPSD -> NumStability.Source.Higham.Chapter10.Section03.PositiveSemidefinite.Existence	preserved_recursive	1
NumStability.Source.Higham.Chapter10.Lemma13.KahanSharpness.UnboundedGrowth.Construction	source	NumStability.Algorithms.HighamChapter10	5	import NumStability.Algorithms.Cholesky.CholeskyPSD	import NumStability.Source.Higham.Chapter10.Section03.PositiveSemidefinite.SchurComplement	1	NumStability.Algorithms.Cholesky.CholeskyPSD -> NumStability.Source.Higham.Chapter10.Section03.PositiveSemidefinite.SchurComplement	preserved_recursive	1
NumStability.Source.Higham.Chapter10.Lemma13.KahanSharpness.UnboundedGrowth.Construction	source	NumStability.Algorithms.HighamChapter10	5	import NumStability.Algorithms.Cholesky.CholeskyPSD	import NumStability.Source.Higham.Chapter10.Section03.PositiveSemidefinite.Termination	1	NumStability.Algorithms.Cholesky.CholeskyPSD -> NumStability.Source.Higham.Chapter10.Section03.PositiveSemidefinite.Termination	preserved_recursive	1
NumStability.Source.Higham.Chapter10.Lemma13.KahanSharpness.UnboundedGrowth.Construction	source	NumStability.Algorithms.HighamChapter10	5	import NumStability.Algorithms.Cholesky.CholeskyPSD	import NumStability.Source.Higham.Chapter10.Section03.PositiveSemidefinite.WNormBound	1	NumStability.Algorithms.Cholesky.CholeskyPSD -> NumStability.Source.Higham.Chapter10.Section03.PositiveSemidefinite.WNormBound	preserved_recursive	1
NumStability.Source.Higham.Chapter10.Lemma13.KahanSharpness.UnboundedGrowth.Construction	source	NumStability.Algorithms.HighamChapter10	5	import NumStability.Algorithms.Cholesky.CholeskyPSD	import NumStability.Source.Higham.Chapter10.Theorem14.CompletePivotedPSD.PsdErrorAnalysis	1	NumStability.Algorithms.Cholesky.CholeskyPSD -> NumStability.Source.Higham.Chapter10.Theorem14.CompletePivotedPSD.PsdErrorAnalysis	preserved_recursive	1
NumStability.Source.Higham.Chapter10.Lemma13.KahanSharpness.UnboundedGrowth.Construction	source	NumStability.Algorithms.HighamChapter10	6	import NumStability.Algorithms.Cholesky.CholeskySpec	import NumStability.Algorithms.Cholesky.CholeskySpec	0	NumStability.Algorithms.Cholesky.CholeskySpec	preserved_direct	1
NumStability.Source.Higham.Chapter10.Lemma13.KahanSharpness.UnboundedGrowth.Construction	source	NumStability.Algorithms.HighamChapter10	7	import NumStability.Algorithms.LinearSystems.Cholesky.ErrorAnalysis.Certificates	import NumStability.Algorithms.LinearSystems.Cholesky.ErrorAnalysis.Certificates	0	NumStability.Algorithms.LinearSystems.Cholesky.ErrorAnalysis.Certificates	preserved_direct	1
NumStability.Source.Higham.Chapter10.Lemma13.KahanSharpness.UnboundedGrowth.Construction	source	NumStability.Algorithms.HighamChapter10	8	import NumStability.Algorithms.LinearSystems.Cholesky.Perturbation.Basic	import NumStability.Algorithms.LinearSystems.Cholesky.Perturbation.Basic	0	NumStability.Algorithms.LinearSystems.Cholesky.Perturbation.Basic	preserved_direct	1
NumStability.Source.Higham.Chapter10.Lemma13.KahanSharpness.UnboundedGrowth.Construction	source	NumStability.Algorithms.HighamChapter10	9	import NumStability.Algorithms.LinearSystems.Cholesky.PositiveSemidefinite.KahanMatrix	import NumStability.Algorithms.LinearSystems.Cholesky.PositiveSemidefinite.KahanMatrix	0	NumStability.Algorithms.LinearSystems.Cholesky.PositiveSemidefinite.KahanMatrix	preserved_direct	1
NumStability.Source.Higham.Chapter10.Lemma13.KahanSharpness.UnboundedGrowth.Construction	source	NumStability.Algorithms.HighamChapter10	10	import NumStability.Algorithms.LinearSystems.Cholesky.PositiveSemidefinite.ScaledStage	import NumStability.Algorithms.LinearSystems.Cholesky.PositiveSemidefinite.ScaledStage	0	NumStability.Algorithms.LinearSystems.Cholesky.PositiveSemidefinite.ScaledStage	preserved_direct	1
NumStability.Source.Higham.Chapter10.Lemma13.KahanSharpness.UnboundedGrowth.Construction	source	NumStability.Algorithms.HighamChapter10	11	import NumStability.Analysis.MatrixNorms.EntrywiseAbsolute.Basic	import NumStability.Analysis.MatrixNorms.EntrywiseAbsolute.Basic	0	NumStability.Analysis.MatrixNorms.EntrywiseAbsolute.Basic	preserved_direct	1
NumStability.Source.Higham.Chapter10.Lemma13.KahanSharpness.UnboundedGrowth.Construction	source	NumStability.Algorithms.HighamChapter10	12	import NumStability.Analysis.MatrixNorms.SpectralExtrema.Basic	import NumStability.Analysis.MatrixNorms.SpectralExtrema.Basic	0	NumStability.Analysis.MatrixNorms.SpectralExtrema.Basic	preserved_direct	1
NumStability.Source.Higham.Chapter10.Lemma13.KahanSharpness.UnboundedGrowth.Construction	source	NumStability.Algorithms.HighamChapter10	13	import NumStability.Analysis.MatrixSpectral	import NumStability.Analysis.MatrixSpectral	0	NumStability.Analysis.MatrixSpectral	preserved_direct	1
NumStability.Source.Higham.Chapter10.Lemma13.KahanSharpness.UnboundedGrowth.Construction	source	NumStability.Algorithms.HighamChapter10	14	import NumStability.Source.Higham.Chapter09.Problems	import NumStability.Source.Higham.Chapter09.Problems	0	NumStability.Source.Higham.Chapter09.Problems	preserved_direct	1
NumStability.Source.Higham.Chapter10.Lemma13.KahanSharpness.UnboundedGrowth.Construction	source	NumStability.Algorithms.HighamChapter10	15	import NumStability.Source.Higham.Chapter09.Section01	import NumStability.Source.Higham.Chapter09.Section01	0	NumStability.Source.Higham.Chapter09.Section01	preserved_direct	1
NumStability.Source.Higham.Chapter10.Lemma13.KahanSharpness.UnboundedGrowth.Construction	source	NumStability.Algorithms.HighamChapter10	16	import NumStability.Source.Higham.Chapter09.Section02	import NumStability.Source.Higham.Chapter09.Section02	0	NumStability.Source.Higham.Chapter09.Section02	preserved_direct	1
NumStability.Source.Higham.Chapter10.Lemma13.KahanSharpness.UnboundedGrowth.Construction	source	NumStability.Algorithms.HighamChapter10	17	import NumStability.Source.Higham.Chapter09.Section03	import NumStability.Source.Higham.Chapter09.Section03	0	NumStability.Source.Higham.Chapter09.Section03	preserved_direct	1
NumStability.Source.Higham.Chapter10.Lemma13.KahanSharpness.UnboundedGrowth.Construction	source	NumStability.Algorithms.HighamChapter10	18	import NumStability.Source.Higham.Chapter09.Section04	import NumStability.Source.Higham.Chapter09.Section04	0	NumStability.Source.Higham.Chapter09.Section04	preserved_direct	1
NumStability.Source.Higham.Chapter10.Lemma13.KahanSharpness.UnboundedGrowth.Construction	source	NumStability.Algorithms.HighamChapter10	19	import NumStability.Source.Higham.Chapter09.Section05	import NumStability.Source.Higham.Chapter09.Section05	0	NumStability.Source.Higham.Chapter09.Section05	preserved_direct	1
NumStability.Source.Higham.Chapter10.Lemma13.KahanSharpness.UnboundedGrowth.Construction	source	NumStability.Algorithms.HighamChapter10	20	import NumStability.Source.Higham.Chapter09.Section06	import NumStability.Source.Higham.Chapter09.Section06	0	NumStability.Source.Higham.Chapter09.Section06	preserved_direct	1
NumStability.Source.Higham.Chapter10.Lemma13.KahanSharpness.UnboundedGrowth.Construction	source	NumStability.Algorithms.HighamChapter10	21	import NumStability.Source.Higham.Chapter09.Section08	import NumStability.Source.Higham.Chapter09.Section08	0	NumStability.Source.Higham.Chapter09.Section08	preserved_direct	1
NumStability.Source.Higham.Chapter10.Lemma13.KahanSharpness.UnboundedGrowth.Construction	source	NumStability.Algorithms.HighamChapter10	22	import NumStability.Source.Higham.Chapter09.Section10	import NumStability.Source.Higham.Chapter09.Section10	0	NumStability.Source.Higham.Chapter09.Section10	preserved_direct	1
NumStability.Source.Higham.Chapter10.Lemma13.KahanSharpness.UnboundedGrowth.Construction	source	NumStability.Algorithms.HighamChapter10	23	import NumStability.Source.Higham.Chapter09.Section11	import NumStability.Source.Higham.Chapter09.Section11	0	NumStability.Source.Higham.Chapter09.Section11	preserved_direct	1
NumStability.Source.Higham.Chapter10.Lemma13.KahanSharpness.UnboundedGrowth.Construction	source	NumStability.Algorithms.HighamChapter10	24	import NumStability.Source.Higham.Chapter10.Equation07.AbsoluteFactorNorm.Endpoints	import NumStability.Source.Higham.Chapter10.Equation07.AbsoluteFactorNorm.Endpoints	0	NumStability.Source.Higham.Chapter10.Equation07.AbsoluteFactorNorm.Endpoints	preserved_direct	1
NumStability.Source.Higham.Chapter10.Lemma13.KahanSharpness.UnboundedGrowth.Construction	source	NumStability.Algorithms.HighamChapter10	25	import NumStability.Source.Higham.Chapter10.Equation29.Mathias.Endpoints	import NumStability.Source.Higham.Chapter10.Equation29.Mathias.Endpoints	0	NumStability.Source.Higham.Chapter10.Equation29.Mathias.Endpoints	preserved_direct	1
NumStability.Source.Higham.Chapter10.Lemma13.KahanSharpness.UnboundedGrowth.Construction	source	NumStability.Algorithms.HighamChapter10	26	import NumStability.Source.Higham.Chapter10.Equation30.ComplexPositiveDefinite.Endpoints	import NumStability.Source.Higham.Chapter10.Equation30.ComplexPositiveDefinite.Endpoints	0	NumStability.Source.Higham.Chapter10.Equation30.ComplexPositiveDefinite.Endpoints	preserved_direct	1
NumStability.Source.Higham.Chapter10.Lemma13.KahanSharpness.UnboundedGrowth.Construction	source	NumStability.Algorithms.HighamChapter10	27	import NumStability.Source.Higham.Chapter10.Lemma11.PivotSequenceStability.Endpoints	import NumStability.Source.Higham.Chapter10.Lemma11.PivotSequenceStability.Endpoints	0	NumStability.Source.Higham.Chapter10.Lemma11.PivotSequenceStability.Endpoints	preserved_direct	1
NumStability.Source.Higham.Chapter10.Lemma13.KahanSharpness.UnboundedGrowth.Construction	source	NumStability.Algorithms.HighamChapter10	28	import NumStability.Source.Higham.Chapter10.Lemma13.KahanSharpness.Endpoints	import NumStability.Source.Higham.Chapter10.Lemma13.KahanSharpness.Endpoints	0	NumStability.Source.Higham.Chapter10.Lemma13.KahanSharpness.Endpoints	preserved_direct	1
NumStability.Source.Higham.Chapter10.Lemma13.KahanSharpness.UnboundedGrowth.Construction	source	NumStability.Algorithms.HighamChapter10	29	import NumStability.Source.Higham.Chapter10.Problem01.PositiveSemidefiniteEntries.Basic	import NumStability.Source.Higham.Chapter10.Problem01.PositiveSemidefiniteEntries.Basic	0	NumStability.Source.Higham.Chapter10.Problem01.PositiveSemidefiniteEntries.Basic	preserved_direct	1
NumStability.Source.Higham.Chapter10.Lemma13.KahanSharpness.UnboundedGrowth.Construction	source	NumStability.Algorithms.HighamChapter10	30	import NumStability.Source.Higham.Chapter10.Problem04.UnpivotedGrowth.Basic	import NumStability.Source.Higham.Chapter10.Problem04.UnpivotedGrowth.Basic	0	NumStability.Source.Higham.Chapter10.Problem04.UnpivotedGrowth.Basic	preserved_direct	1
NumStability.Source.Higham.Chapter10.Lemma13.KahanSharpness.UnboundedGrowth.Construction	source	NumStability.Algorithms.HighamChapter10	31	import NumStability.Source.Higham.Chapter10.Problem08.LeadingMinorsCounterexample.Basic	import NumStability.Source.Higham.Chapter10.Problem08.LeadingMinorsCounterexample.Basic	0	NumStability.Source.Higham.Chapter10.Problem08.LeadingMinorsCounterexample.Basic	preserved_direct	1
NumStability.Source.Higham.Chapter10.Lemma13.KahanSharpness.UnboundedGrowth.Construction	source	NumStability.Algorithms.HighamChapter10	32	import NumStability.Source.Higham.Chapter10.Section01.Factorization.Basic	import NumStability.Source.Higham.Chapter10.Section01.Factorization.Basic	0	NumStability.Source.Higham.Chapter10.Section01.Factorization.Basic	preserved_direct	1
NumStability.Source.Higham.Chapter10.Lemma13.KahanSharpness.UnboundedGrowth.Construction	source	NumStability.Algorithms.HighamChapter10	33	import NumStability.Source.Higham.Chapter10.Section02.ErrorAnalysis.Basic	import NumStability.Source.Higham.Chapter10.Section02.ErrorAnalysis.Basic	0	NumStability.Source.Higham.Chapter10.Section02.ErrorAnalysis.Basic	preserved_direct	1
NumStability.Source.Higham.Chapter10.Lemma13.KahanSharpness.UnboundedGrowth.Construction	source	NumStability.Algorithms.HighamChapter10	34	import NumStability.Source.Higham.Chapter10.Section03.PositiveSemidefinite.Endpoints	import NumStability.Source.Higham.Chapter10.Section03.PositiveSemidefinite.Endpoints	0	NumStability.Source.Higham.Chapter10.Section03.PositiveSemidefinite.Endpoints	preserved_direct	1
NumStability.Source.Higham.Chapter10.Lemma13.KahanSharpness.UnboundedGrowth.Construction	source	NumStability.Algorithms.HighamChapter10	35	import NumStability.Source.Higham.Chapter10.Section04.PositiveDefiniteSymmetricPart.Endpoints	import NumStability.Source.Higham.Chapter10.Section04.PositiveDefiniteSymmetricPart.Endpoints	0	NumStability.Source.Higham.Chapter10.Section04.PositiveDefiniteSymmetricPart.Endpoints	preserved_direct	1
NumStability.Source.Higham.Chapter10.Lemma13.KahanSharpness.UnboundedGrowth.Construction	source	NumStability.Algorithms.HighamChapter10	36	import NumStability.Source.Higham.Chapter10.Theorem06.RoundedCholesky.Endpoints	import NumStability.Source.Higham.Chapter10.Theorem06.RoundedCholesky.Endpoints	0	NumStability.Source.Higham.Chapter10.Theorem06.RoundedCholesky.Endpoints	preserved_direct	1
NumStability.Source.Higham.Chapter10.Lemma13.KahanSharpness.UnboundedGrowth.Construction	source	NumStability.Algorithms.HighamChapter10	37	import NumStability.Source.Higham.Chapter10.Theorem07.FailureVacuity.Endpoints	import NumStability.Source.Higham.Chapter10.Theorem07.FailureVacuity.Endpoints	0	NumStability.Source.Higham.Chapter10.Theorem07.FailureVacuity.Endpoints	preserved_direct	1
NumStability.Source.Higham.Chapter10.Lemma13.KahanSharpness.UnboundedGrowth.Construction	source	NumStability.Algorithms.HighamChapter10	38	import NumStability.Source.Higham.Chapter10.Theorem08.ComponentwisePerturbation.Endpoints	import NumStability.Source.Higham.Chapter10.Theorem08.ComponentwisePerturbation.Endpoints	0	NumStability.Source.Higham.Chapter10.Theorem08.ComponentwisePerturbation.Endpoints	preserved_direct	1
NumStability.Source.Higham.Chapter10.Lemma13.KahanSharpness.UnboundedGrowth.Construction	source	NumStability.Algorithms.HighamChapter10	39	import NumStability.Source.Higham.Chapter10.Theorem08.NormwiseDiscrepancy.Endpoints	import NumStability.Source.Higham.Chapter10.Theorem08.NormwiseDiscrepancy.Endpoints	0	NumStability.Source.Higham.Chapter10.Theorem08.NormwiseDiscrepancy.Endpoints	preserved_direct	1
NumStability.Source.Higham.Chapter10.Lemma13.KahanSharpness.UnboundedGrowth.Construction	source	NumStability.Algorithms.HighamChapter10	40	import NumStability.Source.Higham.Chapter10.Theorem14.CompletePivotedPSD.Endpoints	import NumStability.Source.Higham.Chapter10.Theorem14.CompletePivotedPSD.Endpoints	0	NumStability.Source.Higham.Chapter10.Theorem14.CompletePivotedPSD.Endpoints	preserved_direct	1
NumStability.Source.Higham.Chapter10.Problem01.PositiveSemidefiniteEntries.EntryBounds.Results	source	NumStability.Algorithms.Cholesky.CholeskyPSD	1	import Mathlib.Algebra.BigOperators.Field	import Mathlib.Algebra.BigOperators.Field	0	Mathlib.Algebra.BigOperators.Field	preserved_direct	1
NumStability.Source.Higham.Chapter10.Problem01.PositiveSemidefiniteEntries.EntryBounds.Results	source	NumStability.Algorithms.Cholesky.CholeskyPSD	2	import Mathlib.Algebra.BigOperators.Group.Finset.Basic	import Mathlib.Algebra.BigOperators.Group.Finset.Basic	0	Mathlib.Algebra.BigOperators.Group.Finset.Basic	preserved_direct	1
NumStability.Source.Higham.Chapter10.Problem01.PositiveSemidefiniteEntries.EntryBounds.Results	source	NumStability.Algorithms.Cholesky.CholeskyPSD	3	import Mathlib.Algebra.Order.BigOperators.Group.Finset	import Mathlib.Algebra.Order.BigOperators.Group.Finset	0	Mathlib.Algebra.Order.BigOperators.Group.Finset	preserved_direct	1
NumStability.Source.Higham.Chapter10.Problem01.PositiveSemidefiniteEntries.EntryBounds.Results	source	NumStability.Algorithms.Cholesky.CholeskyPSD	4	import Mathlib.Data.Real.Basic	import Mathlib.Data.Real.Basic	0	Mathlib.Data.Real.Basic	preserved_direct	1
NumStability.Source.Higham.Chapter10.Problem01.PositiveSemidefiniteEntries.EntryBounds.Results	source	NumStability.Algorithms.Cholesky.CholeskyPSD	5	import Mathlib.Data.Real.Sqrt	import Mathlib.Data.Real.Sqrt	0	Mathlib.Data.Real.Sqrt	preserved_direct	1
NumStability.Source.Higham.Chapter10.Problem01.PositiveSemidefiniteEntries.EntryBounds.Results	source	NumStability.Algorithms.Cholesky.CholeskyPSD	6	import Mathlib.LinearAlgebra.Matrix.Block	import Mathlib.LinearAlgebra.Matrix.Block	0	Mathlib.LinearAlgebra.Matrix.Block	preserved_direct	1
NumStability.Source.Higham.Chapter10.Problem01.PositiveSemidefiniteEntries.EntryBounds.Results	source	NumStability.Algorithms.Cholesky.CholeskyPSD	7	import Mathlib.LinearAlgebra.Matrix.NonsingularInverse	import Mathlib.LinearAlgebra.Matrix.NonsingularInverse	0	Mathlib.LinearAlgebra.Matrix.NonsingularInverse	preserved_direct	1
NumStability.Source.Higham.Chapter10.Problem01.PositiveSemidefiniteEntries.EntryBounds.Results	source	NumStability.Algorithms.Cholesky.CholeskyPSD	8	import Mathlib.LinearAlgebra.Matrix.Rank	import Mathlib.LinearAlgebra.Matrix.Rank	0	Mathlib.LinearAlgebra.Matrix.Rank	preserved_direct	1
NumStability.Source.Higham.Chapter10.Problem01.PositiveSemidefiniteEntries.EntryBounds.Results	source	NumStability.Algorithms.Cholesky.CholeskyPSD	9	import Mathlib.Tactic.FieldSimp	import Mathlib.Tactic.FieldSimp	0	Mathlib.Tactic.FieldSimp	preserved_direct	1
NumStability.Source.Higham.Chapter10.Problem01.PositiveSemidefiniteEntries.EntryBounds.Results	source	NumStability.Algorithms.Cholesky.CholeskyPSD	10	import Mathlib.Tactic.Linarith	import Mathlib.Tactic.Linarith	0	Mathlib.Tactic.Linarith	preserved_direct	1
NumStability.Source.Higham.Chapter10.Problem01.PositiveSemidefiniteEntries.EntryBounds.Results	source	NumStability.Algorithms.Cholesky.CholeskyPSD	11	import Mathlib.Tactic.Ring	import Mathlib.Tactic.Ring	0	Mathlib.Tactic.Ring	preserved_direct	1
NumStability.Source.Higham.Chapter10.Problem01.PositiveSemidefiniteEntries.EntryBounds.Results	source	NumStability.Algorithms.Cholesky.CholeskyPSD	12	import NumStability.Algorithms.Cholesky.CholeskySpec	import NumStability.Algorithms.Cholesky.CholeskySpec	0	NumStability.Algorithms.Cholesky.CholeskySpec	preserved_direct	1
NumStability.Source.Higham.Chapter10.Problem01.PositiveSemidefiniteEntries.EntryBounds.Results	source	NumStability.Algorithms.Cholesky.CholeskyPSD	13	import NumStability.Algorithms.LU.GaussianElimination	import NumStability.Algorithms.LU.GaussianElimination	0	NumStability.Algorithms.LU.GaussianElimination	preserved_direct	1
NumStability.Source.Higham.Chapter10.Problem01.PositiveSemidefiniteEntries.EntryBounds.Results	source	NumStability.Algorithms.Cholesky.CholeskyPSD	14	import NumStability.Algorithms.LinearSystems.Cholesky.PositiveSemidefinite.Basic	import NumStability.Algorithms.LinearSystems.Cholesky.PositiveSemidefinite.Basic	0	NumStability.Algorithms.LinearSystems.Cholesky.PositiveSemidefinite.Basic	preserved_direct	1
NumStability.Source.Higham.Chapter10.Problem01.PositiveSemidefiniteEntries.EntryBounds.Results	source	NumStability.Algorithms.Cholesky.CholeskyPSD	15	import NumStability.Analysis.Rounding	import NumStability.Analysis.Rounding	0	NumStability.Analysis.Rounding	preserved_direct	1
NumStability.Source.Higham.Chapter10.Problem01.PositiveSemidefiniteEntries.EntryBounds.Results	source	NumStability.Algorithms.Cholesky.CholeskyPSD	16	import NumStability.FloatingPoint.Model	import NumStability.FloatingPoint.Model	0	NumStability.FloatingPoint.Model	preserved_direct	1
NumStability.Source.Higham.Chapter10.Problem01.PositiveSemidefiniteEntries.EntryBounds.Results	source	NumStability.Algorithms.Cholesky.CholeskyPSD	17	import NumStability.Source.Higham.Chapter10.Lemma13.KahanSharpness.CompletePivotingBound	import NumStability.Source.Higham.Chapter10.Lemma13.KahanSharpness.CompletePivotingBound	0	NumStability.Source.Higham.Chapter10.Lemma13.KahanSharpness.CompletePivotingBound	preserved_direct	1
NumStability.Source.Higham.Chapter10.Problem01.PositiveSemidefiniteEntries.EntryBounds.Results	source	NumStability.Algorithms.Cholesky.CholeskyPSD	18	import NumStability.Source.Higham.Chapter10.Section03.PositiveSemidefinite.Existence	import NumStability.Source.Higham.Chapter10.Section03.PositiveSemidefinite.Existence	0	NumStability.Source.Higham.Chapter10.Section03.PositiveSemidefinite.Existence	preserved_direct	1
NumStability.Source.Higham.Chapter10.Problem01.PositiveSemidefiniteEntries.EntryBounds.Results	source	NumStability.Algorithms.Cholesky.CholeskyPSD	19	import NumStability.Source.Higham.Chapter10.Section03.PositiveSemidefinite.SchurComplement	import NumStability.Source.Higham.Chapter10.Section03.PositiveSemidefinite.SchurComplement	0	NumStability.Source.Higham.Chapter10.Section03.PositiveSemidefinite.SchurComplement	preserved_direct	1
NumStability.Source.Higham.Chapter10.Problem01.PositiveSemidefiniteEntries.EntryBounds.Results	source	NumStability.Algorithms.Cholesky.CholeskyPSD	20	import NumStability.Source.Higham.Chapter10.Section03.PositiveSemidefinite.Termination	import NumStability.Source.Higham.Chapter10.Section03.PositiveSemidefinite.Termination	0	NumStability.Source.Higham.Chapter10.Section03.PositiveSemidefinite.Termination	preserved_direct	1
NumStability.Source.Higham.Chapter10.Problem01.PositiveSemidefiniteEntries.EntryBounds.Results	source	NumStability.Algorithms.Cholesky.CholeskyPSD	21	import NumStability.Source.Higham.Chapter10.Section03.PositiveSemidefinite.WNormBound	import NumStability.Source.Higham.Chapter10.Section03.PositiveSemidefinite.WNormBound	0	NumStability.Source.Higham.Chapter10.Section03.PositiveSemidefinite.WNormBound	preserved_direct	1
NumStability.Source.Higham.Chapter10.Problem01.PositiveSemidefiniteEntries.EntryBounds.Results	source	NumStability.Algorithms.Cholesky.CholeskyPSD	22	import NumStability.Source.Higham.Chapter10.Theorem14.CompletePivotedPSD.PsdErrorAnalysis	import NumStability.Source.Higham.Chapter10.Theorem14.CompletePivotedPSD.PsdErrorAnalysis	0	NumStability.Source.Higham.Chapter10.Theorem14.CompletePivotedPSD.PsdErrorAnalysis	preserved_direct	1
NumStability.Source.Higham.Chapter10.Problem04.UnpivotedGrowth.PositivePivots.Bounds	source	NumStability.Algorithms.HighamChapter10	1	import Mathlib.Data.Complex.Basic	import Mathlib.Data.Complex.Basic	0	Mathlib.Data.Complex.Basic	preserved_direct	1
NumStability.Source.Higham.Chapter10.Problem04.UnpivotedGrowth.PositivePivots.Bounds	source	NumStability.Algorithms.HighamChapter10	2	import NumStability.Algorithms.Cholesky.CholeskyDemmel	import NumStability.Algorithms.Cholesky.CholeskyDemmel	0	NumStability.Algorithms.Cholesky.CholeskyDemmel	preserved_direct	1
NumStability.Source.Higham.Chapter10.Problem04.UnpivotedGrowth.PositivePivots.Bounds	source	NumStability.Algorithms.HighamChapter10	3	import NumStability.Algorithms.Cholesky.CholeskyFl	import NumStability.Algorithms.Cholesky.CholeskyFl	0	NumStability.Algorithms.Cholesky.CholeskyFl	preserved_direct	1
NumStability.Source.Higham.Chapter10.Problem04.UnpivotedGrowth.PositivePivots.Bounds	source	NumStability.Algorithms.HighamChapter10	4	import NumStability.Algorithms.Cholesky.CholeskyNonsym	import NumStability.Algorithms.Cholesky.CholeskyNonsym	0	NumStability.Algorithms.Cholesky.CholeskyNonsym	preserved_direct	1
NumStability.Source.Higham.Chapter10.Problem04.UnpivotedGrowth.PositivePivots.Bounds	source	NumStability.Algorithms.HighamChapter10	5	import NumStability.Algorithms.Cholesky.CholeskyPSD	import Mathlib.Algebra.BigOperators.Field	1	NumStability.Algorithms.Cholesky.CholeskyPSD -> Mathlib.Algebra.BigOperators.Field	preserved_recursive	1
NumStability.Source.Higham.Chapter10.Problem04.UnpivotedGrowth.PositivePivots.Bounds	source	NumStability.Algorithms.HighamChapter10	5	import NumStability.Algorithms.Cholesky.CholeskyPSD	import Mathlib.Algebra.BigOperators.Group.Finset.Basic	1	NumStability.Algorithms.Cholesky.CholeskyPSD -> Mathlib.Algebra.BigOperators.Group.Finset.Basic	preserved_recursive	1
NumStability.Source.Higham.Chapter10.Problem04.UnpivotedGrowth.PositivePivots.Bounds	source	NumStability.Algorithms.HighamChapter10	5	import NumStability.Algorithms.Cholesky.CholeskyPSD	import Mathlib.Algebra.Order.BigOperators.Group.Finset	1	NumStability.Algorithms.Cholesky.CholeskyPSD -> Mathlib.Algebra.Order.BigOperators.Group.Finset	preserved_recursive	1
NumStability.Source.Higham.Chapter10.Problem04.UnpivotedGrowth.PositivePivots.Bounds	source	NumStability.Algorithms.HighamChapter10	5	import NumStability.Algorithms.Cholesky.CholeskyPSD	import Mathlib.Data.Real.Basic	1	NumStability.Algorithms.Cholesky.CholeskyPSD -> Mathlib.Data.Real.Basic	preserved_recursive	1
NumStability.Source.Higham.Chapter10.Problem04.UnpivotedGrowth.PositivePivots.Bounds	source	NumStability.Algorithms.HighamChapter10	5	import NumStability.Algorithms.Cholesky.CholeskyPSD	import Mathlib.Data.Real.Sqrt	1	NumStability.Algorithms.Cholesky.CholeskyPSD -> Mathlib.Data.Real.Sqrt	preserved_recursive	1
NumStability.Source.Higham.Chapter10.Problem04.UnpivotedGrowth.PositivePivots.Bounds	source	NumStability.Algorithms.HighamChapter10	5	import NumStability.Algorithms.Cholesky.CholeskyPSD	import Mathlib.LinearAlgebra.Matrix.Block	1	NumStability.Algorithms.Cholesky.CholeskyPSD -> Mathlib.LinearAlgebra.Matrix.Block	preserved_recursive	1
NumStability.Source.Higham.Chapter10.Problem04.UnpivotedGrowth.PositivePivots.Bounds	source	NumStability.Algorithms.HighamChapter10	5	import NumStability.Algorithms.Cholesky.CholeskyPSD	import Mathlib.LinearAlgebra.Matrix.NonsingularInverse	1	NumStability.Algorithms.Cholesky.CholeskyPSD -> Mathlib.LinearAlgebra.Matrix.NonsingularInverse	preserved_recursive	1
NumStability.Source.Higham.Chapter10.Problem04.UnpivotedGrowth.PositivePivots.Bounds	source	NumStability.Algorithms.HighamChapter10	5	import NumStability.Algorithms.Cholesky.CholeskyPSD	import Mathlib.LinearAlgebra.Matrix.Rank	1	NumStability.Algorithms.Cholesky.CholeskyPSD -> Mathlib.LinearAlgebra.Matrix.Rank	preserved_recursive	1
NumStability.Source.Higham.Chapter10.Problem04.UnpivotedGrowth.PositivePivots.Bounds	source	NumStability.Algorithms.HighamChapter10	5	import NumStability.Algorithms.Cholesky.CholeskyPSD	import Mathlib.Tactic.FieldSimp	1	NumStability.Algorithms.Cholesky.CholeskyPSD -> Mathlib.Tactic.FieldSimp	preserved_recursive	1
NumStability.Source.Higham.Chapter10.Problem04.UnpivotedGrowth.PositivePivots.Bounds	source	NumStability.Algorithms.HighamChapter10	5	import NumStability.Algorithms.Cholesky.CholeskyPSD	import Mathlib.Tactic.Linarith	1	NumStability.Algorithms.Cholesky.CholeskyPSD -> Mathlib.Tactic.Linarith	preserved_recursive	1
NumStability.Source.Higham.Chapter10.Problem04.UnpivotedGrowth.PositivePivots.Bounds	source	NumStability.Algorithms.HighamChapter10	5	import NumStability.Algorithms.Cholesky.CholeskyPSD	import Mathlib.Tactic.Ring	1	NumStability.Algorithms.Cholesky.CholeskyPSD -> Mathlib.Tactic.Ring	preserved_recursive	1
NumStability.Source.Higham.Chapter10.Problem04.UnpivotedGrowth.PositivePivots.Bounds	source	NumStability.Algorithms.HighamChapter10	5	import NumStability.Algorithms.Cholesky.CholeskyPSD	import NumStability.Algorithms.Cholesky.CholeskySpec	1	NumStability.Algorithms.Cholesky.CholeskyPSD -> NumStability.Algorithms.Cholesky.CholeskySpec	preserved_recursive	1
NumStability.Source.Higham.Chapter10.Problem04.UnpivotedGrowth.PositivePivots.Bounds	source	NumStability.Algorithms.HighamChapter10	5	import NumStability.Algorithms.Cholesky.CholeskyPSD	import NumStability.Algorithms.LU.GaussianElimination	1	NumStability.Algorithms.Cholesky.CholeskyPSD -> NumStability.Algorithms.LU.GaussianElimination	preserved_recursive	1
NumStability.Source.Higham.Chapter10.Problem04.UnpivotedGrowth.PositivePivots.Bounds	source	NumStability.Algorithms.HighamChapter10	5	import NumStability.Algorithms.Cholesky.CholeskyPSD	import NumStability.Algorithms.LinearSystems.Cholesky.PositiveSemidefinite.Basic	1	NumStability.Algorithms.Cholesky.CholeskyPSD -> NumStability.Algorithms.LinearSystems.Cholesky.PositiveSemidefinite.Basic	preserved_recursive	1
NumStability.Source.Higham.Chapter10.Problem04.UnpivotedGrowth.PositivePivots.Bounds	source	NumStability.Algorithms.HighamChapter10	5	import NumStability.Algorithms.Cholesky.CholeskyPSD	import NumStability.Analysis.Rounding	1	NumStability.Algorithms.Cholesky.CholeskyPSD -> NumStability.Analysis.Rounding	preserved_recursive	1
NumStability.Source.Higham.Chapter10.Problem04.UnpivotedGrowth.PositivePivots.Bounds	source	NumStability.Algorithms.HighamChapter10	5	import NumStability.Algorithms.Cholesky.CholeskyPSD	import NumStability.FloatingPoint.Model	1	NumStability.Algorithms.Cholesky.CholeskyPSD -> NumStability.FloatingPoint.Model	preserved_recursive	1
NumStability.Source.Higham.Chapter10.Problem04.UnpivotedGrowth.PositivePivots.Bounds	source	NumStability.Algorithms.HighamChapter10	5	import NumStability.Algorithms.Cholesky.CholeskyPSD	import NumStability.Source.Higham.Chapter10.Lemma13.KahanSharpness.CompletePivotingBound	1	NumStability.Algorithms.Cholesky.CholeskyPSD -> NumStability.Source.Higham.Chapter10.Lemma13.KahanSharpness.CompletePivotingBound	preserved_recursive	1
NumStability.Source.Higham.Chapter10.Problem04.UnpivotedGrowth.PositivePivots.Bounds	source	NumStability.Algorithms.HighamChapter10	5	import NumStability.Algorithms.Cholesky.CholeskyPSD	import NumStability.Source.Higham.Chapter10.Section03.PositiveSemidefinite.Existence	1	NumStability.Algorithms.Cholesky.CholeskyPSD -> NumStability.Source.Higham.Chapter10.Section03.PositiveSemidefinite.Existence	preserved_recursive	1
NumStability.Source.Higham.Chapter10.Problem04.UnpivotedGrowth.PositivePivots.Bounds	source	NumStability.Algorithms.HighamChapter10	5	import NumStability.Algorithms.Cholesky.CholeskyPSD	import NumStability.Source.Higham.Chapter10.Section03.PositiveSemidefinite.SchurComplement	1	NumStability.Algorithms.Cholesky.CholeskyPSD -> NumStability.Source.Higham.Chapter10.Section03.PositiveSemidefinite.SchurComplement	preserved_recursive	1
NumStability.Source.Higham.Chapter10.Problem04.UnpivotedGrowth.PositivePivots.Bounds	source	NumStability.Algorithms.HighamChapter10	5	import NumStability.Algorithms.Cholesky.CholeskyPSD	import NumStability.Source.Higham.Chapter10.Section03.PositiveSemidefinite.Termination	1	NumStability.Algorithms.Cholesky.CholeskyPSD -> NumStability.Source.Higham.Chapter10.Section03.PositiveSemidefinite.Termination	preserved_recursive	1
NumStability.Source.Higham.Chapter10.Problem04.UnpivotedGrowth.PositivePivots.Bounds	source	NumStability.Algorithms.HighamChapter10	5	import NumStability.Algorithms.Cholesky.CholeskyPSD	import NumStability.Source.Higham.Chapter10.Section03.PositiveSemidefinite.WNormBound	1	NumStability.Algorithms.Cholesky.CholeskyPSD -> NumStability.Source.Higham.Chapter10.Section03.PositiveSemidefinite.WNormBound	preserved_recursive	1
NumStability.Source.Higham.Chapter10.Problem04.UnpivotedGrowth.PositivePivots.Bounds	source	NumStability.Algorithms.HighamChapter10	5	import NumStability.Algorithms.Cholesky.CholeskyPSD	import NumStability.Source.Higham.Chapter10.Theorem14.CompletePivotedPSD.PsdErrorAnalysis	1	NumStability.Algorithms.Cholesky.CholeskyPSD -> NumStability.Source.Higham.Chapter10.Theorem14.CompletePivotedPSD.PsdErrorAnalysis	preserved_recursive	1
NumStability.Source.Higham.Chapter10.Problem04.UnpivotedGrowth.PositivePivots.Bounds	source	NumStability.Algorithms.HighamChapter10	6	import NumStability.Algorithms.Cholesky.CholeskySpec	import NumStability.Algorithms.Cholesky.CholeskySpec	0	NumStability.Algorithms.Cholesky.CholeskySpec	preserved_direct	1
NumStability.Source.Higham.Chapter10.Problem04.UnpivotedGrowth.PositivePivots.Bounds	source	NumStability.Algorithms.HighamChapter10	7	import NumStability.Algorithms.LinearSystems.Cholesky.ErrorAnalysis.Certificates	import NumStability.Algorithms.LinearSystems.Cholesky.ErrorAnalysis.Certificates	0	NumStability.Algorithms.LinearSystems.Cholesky.ErrorAnalysis.Certificates	preserved_direct	1
NumStability.Source.Higham.Chapter10.Problem04.UnpivotedGrowth.PositivePivots.Bounds	source	NumStability.Algorithms.HighamChapter10	8	import NumStability.Algorithms.LinearSystems.Cholesky.Perturbation.Basic	import NumStability.Algorithms.LinearSystems.Cholesky.Perturbation.Basic	0	NumStability.Algorithms.LinearSystems.Cholesky.Perturbation.Basic	preserved_direct	1
NumStability.Source.Higham.Chapter10.Problem04.UnpivotedGrowth.PositivePivots.Bounds	source	NumStability.Algorithms.HighamChapter10	9	import NumStability.Algorithms.LinearSystems.Cholesky.PositiveSemidefinite.KahanMatrix	import NumStability.Algorithms.LinearSystems.Cholesky.PositiveSemidefinite.KahanMatrix	0	NumStability.Algorithms.LinearSystems.Cholesky.PositiveSemidefinite.KahanMatrix	preserved_direct	1
NumStability.Source.Higham.Chapter10.Problem04.UnpivotedGrowth.PositivePivots.Bounds	source	NumStability.Algorithms.HighamChapter10	10	import NumStability.Algorithms.LinearSystems.Cholesky.PositiveSemidefinite.ScaledStage	import NumStability.Algorithms.LinearSystems.Cholesky.PositiveSemidefinite.ScaledStage	0	NumStability.Algorithms.LinearSystems.Cholesky.PositiveSemidefinite.ScaledStage	preserved_direct	1
NumStability.Source.Higham.Chapter10.Problem04.UnpivotedGrowth.PositivePivots.Bounds	source	NumStability.Algorithms.HighamChapter10	11	import NumStability.Analysis.MatrixNorms.EntrywiseAbsolute.Basic	import NumStability.Analysis.MatrixNorms.EntrywiseAbsolute.Basic	0	NumStability.Analysis.MatrixNorms.EntrywiseAbsolute.Basic	preserved_direct	1
NumStability.Source.Higham.Chapter10.Problem04.UnpivotedGrowth.PositivePivots.Bounds	source	NumStability.Algorithms.HighamChapter10	12	import NumStability.Analysis.MatrixNorms.SpectralExtrema.Basic	import NumStability.Analysis.MatrixNorms.SpectralExtrema.Basic	0	NumStability.Analysis.MatrixNorms.SpectralExtrema.Basic	preserved_direct	1
NumStability.Source.Higham.Chapter10.Problem04.UnpivotedGrowth.PositivePivots.Bounds	source	NumStability.Algorithms.HighamChapter10	13	import NumStability.Analysis.MatrixSpectral	import NumStability.Analysis.MatrixSpectral	0	NumStability.Analysis.MatrixSpectral	preserved_direct	1
NumStability.Source.Higham.Chapter10.Problem04.UnpivotedGrowth.PositivePivots.Bounds	source	NumStability.Algorithms.HighamChapter10	14	import NumStability.Source.Higham.Chapter09.Problems	import NumStability.Source.Higham.Chapter09.Problems	0	NumStability.Source.Higham.Chapter09.Problems	preserved_direct	1
NumStability.Source.Higham.Chapter10.Problem04.UnpivotedGrowth.PositivePivots.Bounds	source	NumStability.Algorithms.HighamChapter10	15	import NumStability.Source.Higham.Chapter09.Section01	import NumStability.Source.Higham.Chapter09.Section01	0	NumStability.Source.Higham.Chapter09.Section01	preserved_direct	1
NumStability.Source.Higham.Chapter10.Problem04.UnpivotedGrowth.PositivePivots.Bounds	source	NumStability.Algorithms.HighamChapter10	16	import NumStability.Source.Higham.Chapter09.Section02	import NumStability.Source.Higham.Chapter09.Section02	0	NumStability.Source.Higham.Chapter09.Section02	preserved_direct	1
NumStability.Source.Higham.Chapter10.Problem04.UnpivotedGrowth.PositivePivots.Bounds	source	NumStability.Algorithms.HighamChapter10	17	import NumStability.Source.Higham.Chapter09.Section03	import NumStability.Source.Higham.Chapter09.Section03	0	NumStability.Source.Higham.Chapter09.Section03	preserved_direct	1
NumStability.Source.Higham.Chapter10.Problem04.UnpivotedGrowth.PositivePivots.Bounds	source	NumStability.Algorithms.HighamChapter10	18	import NumStability.Source.Higham.Chapter09.Section04	import NumStability.Source.Higham.Chapter09.Section04	0	NumStability.Source.Higham.Chapter09.Section04	preserved_direct	1
NumStability.Source.Higham.Chapter10.Problem04.UnpivotedGrowth.PositivePivots.Bounds	source	NumStability.Algorithms.HighamChapter10	19	import NumStability.Source.Higham.Chapter09.Section05	import NumStability.Source.Higham.Chapter09.Section05	0	NumStability.Source.Higham.Chapter09.Section05	preserved_direct	1
NumStability.Source.Higham.Chapter10.Problem04.UnpivotedGrowth.PositivePivots.Bounds	source	NumStability.Algorithms.HighamChapter10	20	import NumStability.Source.Higham.Chapter09.Section06	import NumStability.Source.Higham.Chapter09.Section06	0	NumStability.Source.Higham.Chapter09.Section06	preserved_direct	1
NumStability.Source.Higham.Chapter10.Problem04.UnpivotedGrowth.PositivePivots.Bounds	source	NumStability.Algorithms.HighamChapter10	21	import NumStability.Source.Higham.Chapter09.Section08	import NumStability.Source.Higham.Chapter09.Section08	0	NumStability.Source.Higham.Chapter09.Section08	preserved_direct	1
NumStability.Source.Higham.Chapter10.Problem04.UnpivotedGrowth.PositivePivots.Bounds	source	NumStability.Algorithms.HighamChapter10	22	import NumStability.Source.Higham.Chapter09.Section10	import NumStability.Source.Higham.Chapter09.Section10	0	NumStability.Source.Higham.Chapter09.Section10	preserved_direct	1
NumStability.Source.Higham.Chapter10.Problem04.UnpivotedGrowth.PositivePivots.Bounds	source	NumStability.Algorithms.HighamChapter10	23	import NumStability.Source.Higham.Chapter09.Section11	import NumStability.Source.Higham.Chapter09.Section11	0	NumStability.Source.Higham.Chapter09.Section11	preserved_direct	1
NumStability.Source.Higham.Chapter10.Problem04.UnpivotedGrowth.PositivePivots.Bounds	source	NumStability.Algorithms.HighamChapter10	24	import NumStability.Source.Higham.Chapter10.Equation07.AbsoluteFactorNorm.Endpoints	import NumStability.Source.Higham.Chapter10.Equation07.AbsoluteFactorNorm.Endpoints	0	NumStability.Source.Higham.Chapter10.Equation07.AbsoluteFactorNorm.Endpoints	preserved_direct	1
NumStability.Source.Higham.Chapter10.Problem04.UnpivotedGrowth.PositivePivots.Bounds	source	NumStability.Algorithms.HighamChapter10	25	import NumStability.Source.Higham.Chapter10.Equation29.Mathias.Endpoints	import NumStability.Source.Higham.Chapter10.Equation29.Mathias.Endpoints	0	NumStability.Source.Higham.Chapter10.Equation29.Mathias.Endpoints	preserved_direct	1
NumStability.Source.Higham.Chapter10.Problem04.UnpivotedGrowth.PositivePivots.Bounds	source	NumStability.Algorithms.HighamChapter10	26	import NumStability.Source.Higham.Chapter10.Equation30.ComplexPositiveDefinite.Endpoints	import NumStability.Source.Higham.Chapter10.Equation30.ComplexPositiveDefinite.Endpoints	0	NumStability.Source.Higham.Chapter10.Equation30.ComplexPositiveDefinite.Endpoints	preserved_direct	1
NumStability.Source.Higham.Chapter10.Problem04.UnpivotedGrowth.PositivePivots.Bounds	source	NumStability.Algorithms.HighamChapter10	27	import NumStability.Source.Higham.Chapter10.Lemma11.PivotSequenceStability.Endpoints	import NumStability.Source.Higham.Chapter10.Lemma11.PivotSequenceStability.Endpoints	0	NumStability.Source.Higham.Chapter10.Lemma11.PivotSequenceStability.Endpoints	preserved_direct	1
NumStability.Source.Higham.Chapter10.Problem04.UnpivotedGrowth.PositivePivots.Bounds	source	NumStability.Algorithms.HighamChapter10	28	import NumStability.Source.Higham.Chapter10.Lemma13.KahanSharpness.Endpoints	import NumStability.Source.Higham.Chapter10.Lemma13.KahanSharpness.Endpoints	0	NumStability.Source.Higham.Chapter10.Lemma13.KahanSharpness.Endpoints	preserved_direct	1
NumStability.Source.Higham.Chapter10.Problem04.UnpivotedGrowth.PositivePivots.Bounds	source	NumStability.Algorithms.HighamChapter10	29	import NumStability.Source.Higham.Chapter10.Problem01.PositiveSemidefiniteEntries.Basic	import NumStability.Source.Higham.Chapter10.Problem01.PositiveSemidefiniteEntries.Basic	0	NumStability.Source.Higham.Chapter10.Problem01.PositiveSemidefiniteEntries.Basic	preserved_direct	1
NumStability.Source.Higham.Chapter10.Problem04.UnpivotedGrowth.PositivePivots.Bounds	source	NumStability.Algorithms.HighamChapter10	30	import NumStability.Source.Higham.Chapter10.Problem04.UnpivotedGrowth.Basic	import NumStability.Source.Higham.Chapter10.Problem04.UnpivotedGrowth.Basic	0	NumStability.Source.Higham.Chapter10.Problem04.UnpivotedGrowth.Basic	preserved_direct	1
NumStability.Source.Higham.Chapter10.Problem04.UnpivotedGrowth.PositivePivots.Bounds	source	NumStability.Algorithms.HighamChapter10	31	import NumStability.Source.Higham.Chapter10.Problem08.LeadingMinorsCounterexample.Basic	import NumStability.Source.Higham.Chapter10.Problem08.LeadingMinorsCounterexample.Basic	0	NumStability.Source.Higham.Chapter10.Problem08.LeadingMinorsCounterexample.Basic	preserved_direct	1
NumStability.Source.Higham.Chapter10.Problem04.UnpivotedGrowth.PositivePivots.Bounds	source	NumStability.Algorithms.HighamChapter10	32	import NumStability.Source.Higham.Chapter10.Section01.Factorization.Basic	import NumStability.Source.Higham.Chapter10.Section01.Factorization.Basic	0	NumStability.Source.Higham.Chapter10.Section01.Factorization.Basic	preserved_direct	1
NumStability.Source.Higham.Chapter10.Problem04.UnpivotedGrowth.PositivePivots.Bounds	source	NumStability.Algorithms.HighamChapter10	33	import NumStability.Source.Higham.Chapter10.Section02.ErrorAnalysis.Basic	import NumStability.Source.Higham.Chapter10.Section02.ErrorAnalysis.Basic	0	NumStability.Source.Higham.Chapter10.Section02.ErrorAnalysis.Basic	preserved_direct	1
NumStability.Source.Higham.Chapter10.Problem04.UnpivotedGrowth.PositivePivots.Bounds	source	NumStability.Algorithms.HighamChapter10	34	import NumStability.Source.Higham.Chapter10.Section03.PositiveSemidefinite.Endpoints	import NumStability.Source.Higham.Chapter10.Section03.PositiveSemidefinite.Endpoints	0	NumStability.Source.Higham.Chapter10.Section03.PositiveSemidefinite.Endpoints	preserved_direct	1
NumStability.Source.Higham.Chapter10.Problem04.UnpivotedGrowth.PositivePivots.Bounds	source	NumStability.Algorithms.HighamChapter10	35	import NumStability.Source.Higham.Chapter10.Section04.PositiveDefiniteSymmetricPart.Endpoints	import NumStability.Source.Higham.Chapter10.Section04.PositiveDefiniteSymmetricPart.Endpoints	0	NumStability.Source.Higham.Chapter10.Section04.PositiveDefiniteSymmetricPart.Endpoints	preserved_direct	1
NumStability.Source.Higham.Chapter10.Problem04.UnpivotedGrowth.PositivePivots.Bounds	source	NumStability.Algorithms.HighamChapter10	36	import NumStability.Source.Higham.Chapter10.Theorem06.RoundedCholesky.Endpoints	import NumStability.Source.Higham.Chapter10.Theorem06.RoundedCholesky.Endpoints	0	NumStability.Source.Higham.Chapter10.Theorem06.RoundedCholesky.Endpoints	preserved_direct	1
NumStability.Source.Higham.Chapter10.Problem04.UnpivotedGrowth.PositivePivots.Bounds	source	NumStability.Algorithms.HighamChapter10	37	import NumStability.Source.Higham.Chapter10.Theorem07.FailureVacuity.Endpoints	import NumStability.Source.Higham.Chapter10.Theorem07.FailureVacuity.Endpoints	0	NumStability.Source.Higham.Chapter10.Theorem07.FailureVacuity.Endpoints	preserved_direct	1
NumStability.Source.Higham.Chapter10.Problem04.UnpivotedGrowth.PositivePivots.Bounds	source	NumStability.Algorithms.HighamChapter10	38	import NumStability.Source.Higham.Chapter10.Theorem08.ComponentwisePerturbation.Endpoints	import NumStability.Source.Higham.Chapter10.Theorem08.ComponentwisePerturbation.Endpoints	0	NumStability.Source.Higham.Chapter10.Theorem08.ComponentwisePerturbation.Endpoints	preserved_direct	1
NumStability.Source.Higham.Chapter10.Problem04.UnpivotedGrowth.PositivePivots.Bounds	source	NumStability.Algorithms.HighamChapter10	39	import NumStability.Source.Higham.Chapter10.Theorem08.NormwiseDiscrepancy.Endpoints	import NumStability.Source.Higham.Chapter10.Theorem08.NormwiseDiscrepancy.Endpoints	0	NumStability.Source.Higham.Chapter10.Theorem08.NormwiseDiscrepancy.Endpoints	preserved_direct	1
NumStability.Source.Higham.Chapter10.Problem04.UnpivotedGrowth.PositivePivots.Bounds	source	NumStability.Algorithms.HighamChapter10	40	import NumStability.Source.Higham.Chapter10.Theorem14.CompletePivotedPSD.Endpoints	import NumStability.Source.Higham.Chapter10.Theorem14.CompletePivotedPSD.Endpoints	0	NumStability.Source.Higham.Chapter10.Theorem14.CompletePivotedPSD.Endpoints	preserved_direct	1
NumStability.Source.Higham.Chapter10.Section01.Factorization.ExistenceUniqueness.Results	source	NumStability.Algorithms.HighamChapter10	1	import Mathlib.Data.Complex.Basic	import Mathlib.Data.Complex.Basic	0	Mathlib.Data.Complex.Basic	preserved_direct	1
NumStability.Source.Higham.Chapter10.Section01.Factorization.ExistenceUniqueness.Results	source	NumStability.Algorithms.HighamChapter10	2	import NumStability.Algorithms.Cholesky.CholeskyDemmel	import NumStability.Algorithms.Cholesky.CholeskyDemmel	0	NumStability.Algorithms.Cholesky.CholeskyDemmel	preserved_direct	1
NumStability.Source.Higham.Chapter10.Section01.Factorization.ExistenceUniqueness.Results	source	NumStability.Algorithms.HighamChapter10	3	import NumStability.Algorithms.Cholesky.CholeskyFl	import NumStability.Algorithms.Cholesky.CholeskyFl	0	NumStability.Algorithms.Cholesky.CholeskyFl	preserved_direct	1
NumStability.Source.Higham.Chapter10.Section01.Factorization.ExistenceUniqueness.Results	source	NumStability.Algorithms.HighamChapter10	4	import NumStability.Algorithms.Cholesky.CholeskyNonsym	import NumStability.Algorithms.Cholesky.CholeskyNonsym	0	NumStability.Algorithms.Cholesky.CholeskyNonsym	preserved_direct	1
NumStability.Source.Higham.Chapter10.Section01.Factorization.ExistenceUniqueness.Results	source	NumStability.Algorithms.HighamChapter10	5	import NumStability.Algorithms.Cholesky.CholeskyPSD	import Mathlib.Algebra.BigOperators.Field	1	NumStability.Algorithms.Cholesky.CholeskyPSD -> Mathlib.Algebra.BigOperators.Field	preserved_recursive	1
NumStability.Source.Higham.Chapter10.Section01.Factorization.ExistenceUniqueness.Results	source	NumStability.Algorithms.HighamChapter10	5	import NumStability.Algorithms.Cholesky.CholeskyPSD	import Mathlib.Algebra.BigOperators.Group.Finset.Basic	1	NumStability.Algorithms.Cholesky.CholeskyPSD -> Mathlib.Algebra.BigOperators.Group.Finset.Basic	preserved_recursive	1
NumStability.Source.Higham.Chapter10.Section01.Factorization.ExistenceUniqueness.Results	source	NumStability.Algorithms.HighamChapter10	5	import NumStability.Algorithms.Cholesky.CholeskyPSD	import Mathlib.Algebra.Order.BigOperators.Group.Finset	1	NumStability.Algorithms.Cholesky.CholeskyPSD -> Mathlib.Algebra.Order.BigOperators.Group.Finset	preserved_recursive	1
NumStability.Source.Higham.Chapter10.Section01.Factorization.ExistenceUniqueness.Results	source	NumStability.Algorithms.HighamChapter10	5	import NumStability.Algorithms.Cholesky.CholeskyPSD	import Mathlib.Data.Real.Basic	1	NumStability.Algorithms.Cholesky.CholeskyPSD -> Mathlib.Data.Real.Basic	preserved_recursive	1
NumStability.Source.Higham.Chapter10.Section01.Factorization.ExistenceUniqueness.Results	source	NumStability.Algorithms.HighamChapter10	5	import NumStability.Algorithms.Cholesky.CholeskyPSD	import Mathlib.Data.Real.Sqrt	1	NumStability.Algorithms.Cholesky.CholeskyPSD -> Mathlib.Data.Real.Sqrt	preserved_recursive	1
NumStability.Source.Higham.Chapter10.Section01.Factorization.ExistenceUniqueness.Results	source	NumStability.Algorithms.HighamChapter10	5	import NumStability.Algorithms.Cholesky.CholeskyPSD	import Mathlib.LinearAlgebra.Matrix.Block	1	NumStability.Algorithms.Cholesky.CholeskyPSD -> Mathlib.LinearAlgebra.Matrix.Block	preserved_recursive	1
NumStability.Source.Higham.Chapter10.Section01.Factorization.ExistenceUniqueness.Results	source	NumStability.Algorithms.HighamChapter10	5	import NumStability.Algorithms.Cholesky.CholeskyPSD	import Mathlib.LinearAlgebra.Matrix.NonsingularInverse	1	NumStability.Algorithms.Cholesky.CholeskyPSD -> Mathlib.LinearAlgebra.Matrix.NonsingularInverse	preserved_recursive	1
NumStability.Source.Higham.Chapter10.Section01.Factorization.ExistenceUniqueness.Results	source	NumStability.Algorithms.HighamChapter10	5	import NumStability.Algorithms.Cholesky.CholeskyPSD	import Mathlib.LinearAlgebra.Matrix.Rank	1	NumStability.Algorithms.Cholesky.CholeskyPSD -> Mathlib.LinearAlgebra.Matrix.Rank	preserved_recursive	1
NumStability.Source.Higham.Chapter10.Section01.Factorization.ExistenceUniqueness.Results	source	NumStability.Algorithms.HighamChapter10	5	import NumStability.Algorithms.Cholesky.CholeskyPSD	import Mathlib.Tactic.FieldSimp	1	NumStability.Algorithms.Cholesky.CholeskyPSD -> Mathlib.Tactic.FieldSimp	preserved_recursive	1
NumStability.Source.Higham.Chapter10.Section01.Factorization.ExistenceUniqueness.Results	source	NumStability.Algorithms.HighamChapter10	5	import NumStability.Algorithms.Cholesky.CholeskyPSD	import Mathlib.Tactic.Linarith	1	NumStability.Algorithms.Cholesky.CholeskyPSD -> Mathlib.Tactic.Linarith	preserved_recursive	1
NumStability.Source.Higham.Chapter10.Section01.Factorization.ExistenceUniqueness.Results	source	NumStability.Algorithms.HighamChapter10	5	import NumStability.Algorithms.Cholesky.CholeskyPSD	import Mathlib.Tactic.Ring	1	NumStability.Algorithms.Cholesky.CholeskyPSD -> Mathlib.Tactic.Ring	preserved_recursive	1
NumStability.Source.Higham.Chapter10.Section01.Factorization.ExistenceUniqueness.Results	source	NumStability.Algorithms.HighamChapter10	5	import NumStability.Algorithms.Cholesky.CholeskyPSD	import NumStability.Algorithms.Cholesky.CholeskySpec	1	NumStability.Algorithms.Cholesky.CholeskyPSD -> NumStability.Algorithms.Cholesky.CholeskySpec	preserved_recursive	1
NumStability.Source.Higham.Chapter10.Section01.Factorization.ExistenceUniqueness.Results	source	NumStability.Algorithms.HighamChapter10	5	import NumStability.Algorithms.Cholesky.CholeskyPSD	import NumStability.Algorithms.LU.GaussianElimination	1	NumStability.Algorithms.Cholesky.CholeskyPSD -> NumStability.Algorithms.LU.GaussianElimination	preserved_recursive	1
NumStability.Source.Higham.Chapter10.Section01.Factorization.ExistenceUniqueness.Results	source	NumStability.Algorithms.HighamChapter10	5	import NumStability.Algorithms.Cholesky.CholeskyPSD	import NumStability.Algorithms.LinearSystems.Cholesky.PositiveSemidefinite.Basic	1	NumStability.Algorithms.Cholesky.CholeskyPSD -> NumStability.Algorithms.LinearSystems.Cholesky.PositiveSemidefinite.Basic	preserved_recursive	1
NumStability.Source.Higham.Chapter10.Section01.Factorization.ExistenceUniqueness.Results	source	NumStability.Algorithms.HighamChapter10	5	import NumStability.Algorithms.Cholesky.CholeskyPSD	import NumStability.Analysis.Rounding	1	NumStability.Algorithms.Cholesky.CholeskyPSD -> NumStability.Analysis.Rounding	preserved_recursive	1
NumStability.Source.Higham.Chapter10.Section01.Factorization.ExistenceUniqueness.Results	source	NumStability.Algorithms.HighamChapter10	5	import NumStability.Algorithms.Cholesky.CholeskyPSD	import NumStability.FloatingPoint.Model	1	NumStability.Algorithms.Cholesky.CholeskyPSD -> NumStability.FloatingPoint.Model	preserved_recursive	1
NumStability.Source.Higham.Chapter10.Section01.Factorization.ExistenceUniqueness.Results	source	NumStability.Algorithms.HighamChapter10	5	import NumStability.Algorithms.Cholesky.CholeskyPSD	import NumStability.Source.Higham.Chapter10.Lemma13.KahanSharpness.CompletePivotingBound	1	NumStability.Algorithms.Cholesky.CholeskyPSD -> NumStability.Source.Higham.Chapter10.Lemma13.KahanSharpness.CompletePivotingBound	preserved_recursive	1
NumStability.Source.Higham.Chapter10.Section01.Factorization.ExistenceUniqueness.Results	source	NumStability.Algorithms.HighamChapter10	5	import NumStability.Algorithms.Cholesky.CholeskyPSD	import NumStability.Source.Higham.Chapter10.Section03.PositiveSemidefinite.Existence	1	NumStability.Algorithms.Cholesky.CholeskyPSD -> NumStability.Source.Higham.Chapter10.Section03.PositiveSemidefinite.Existence	preserved_recursive	1
NumStability.Source.Higham.Chapter10.Section01.Factorization.ExistenceUniqueness.Results	source	NumStability.Algorithms.HighamChapter10	5	import NumStability.Algorithms.Cholesky.CholeskyPSD	import NumStability.Source.Higham.Chapter10.Section03.PositiveSemidefinite.SchurComplement	1	NumStability.Algorithms.Cholesky.CholeskyPSD -> NumStability.Source.Higham.Chapter10.Section03.PositiveSemidefinite.SchurComplement	preserved_recursive	1
NumStability.Source.Higham.Chapter10.Section01.Factorization.ExistenceUniqueness.Results	source	NumStability.Algorithms.HighamChapter10	5	import NumStability.Algorithms.Cholesky.CholeskyPSD	import NumStability.Source.Higham.Chapter10.Section03.PositiveSemidefinite.Termination	1	NumStability.Algorithms.Cholesky.CholeskyPSD -> NumStability.Source.Higham.Chapter10.Section03.PositiveSemidefinite.Termination	preserved_recursive	1
NumStability.Source.Higham.Chapter10.Section01.Factorization.ExistenceUniqueness.Results	source	NumStability.Algorithms.HighamChapter10	5	import NumStability.Algorithms.Cholesky.CholeskyPSD	import NumStability.Source.Higham.Chapter10.Section03.PositiveSemidefinite.WNormBound	1	NumStability.Algorithms.Cholesky.CholeskyPSD -> NumStability.Source.Higham.Chapter10.Section03.PositiveSemidefinite.WNormBound	preserved_recursive	1
NumStability.Source.Higham.Chapter10.Section01.Factorization.ExistenceUniqueness.Results	source	NumStability.Algorithms.HighamChapter10	5	import NumStability.Algorithms.Cholesky.CholeskyPSD	import NumStability.Source.Higham.Chapter10.Theorem14.CompletePivotedPSD.PsdErrorAnalysis	1	NumStability.Algorithms.Cholesky.CholeskyPSD -> NumStability.Source.Higham.Chapter10.Theorem14.CompletePivotedPSD.PsdErrorAnalysis	preserved_recursive	1
NumStability.Source.Higham.Chapter10.Section01.Factorization.ExistenceUniqueness.Results	source	NumStability.Algorithms.HighamChapter10	6	import NumStability.Algorithms.Cholesky.CholeskySpec	import NumStability.Algorithms.Cholesky.CholeskySpec	0	NumStability.Algorithms.Cholesky.CholeskySpec	preserved_direct	1
NumStability.Source.Higham.Chapter10.Section01.Factorization.ExistenceUniqueness.Results	source	NumStability.Algorithms.HighamChapter10	7	import NumStability.Algorithms.LinearSystems.Cholesky.ErrorAnalysis.Certificates	import NumStability.Algorithms.LinearSystems.Cholesky.ErrorAnalysis.Certificates	0	NumStability.Algorithms.LinearSystems.Cholesky.ErrorAnalysis.Certificates	preserved_direct	1
NumStability.Source.Higham.Chapter10.Section01.Factorization.ExistenceUniqueness.Results	source	NumStability.Algorithms.HighamChapter10	8	import NumStability.Algorithms.LinearSystems.Cholesky.Perturbation.Basic	import NumStability.Algorithms.LinearSystems.Cholesky.Perturbation.Basic	0	NumStability.Algorithms.LinearSystems.Cholesky.Perturbation.Basic	preserved_direct	1
NumStability.Source.Higham.Chapter10.Section01.Factorization.ExistenceUniqueness.Results	source	NumStability.Algorithms.HighamChapter10	9	import NumStability.Algorithms.LinearSystems.Cholesky.PositiveSemidefinite.KahanMatrix	import NumStability.Algorithms.LinearSystems.Cholesky.PositiveSemidefinite.KahanMatrix	0	NumStability.Algorithms.LinearSystems.Cholesky.PositiveSemidefinite.KahanMatrix	preserved_direct	1
NumStability.Source.Higham.Chapter10.Section01.Factorization.ExistenceUniqueness.Results	source	NumStability.Algorithms.HighamChapter10	10	import NumStability.Algorithms.LinearSystems.Cholesky.PositiveSemidefinite.ScaledStage	import NumStability.Algorithms.LinearSystems.Cholesky.PositiveSemidefinite.ScaledStage	0	NumStability.Algorithms.LinearSystems.Cholesky.PositiveSemidefinite.ScaledStage	preserved_direct	1
NumStability.Source.Higham.Chapter10.Section01.Factorization.ExistenceUniqueness.Results	source	NumStability.Algorithms.HighamChapter10	11	import NumStability.Analysis.MatrixNorms.EntrywiseAbsolute.Basic	import NumStability.Analysis.MatrixNorms.EntrywiseAbsolute.Basic	0	NumStability.Analysis.MatrixNorms.EntrywiseAbsolute.Basic	preserved_direct	1
NumStability.Source.Higham.Chapter10.Section01.Factorization.ExistenceUniqueness.Results	source	NumStability.Algorithms.HighamChapter10	12	import NumStability.Analysis.MatrixNorms.SpectralExtrema.Basic	import NumStability.Analysis.MatrixNorms.SpectralExtrema.Basic	0	NumStability.Analysis.MatrixNorms.SpectralExtrema.Basic	preserved_direct	1
NumStability.Source.Higham.Chapter10.Section01.Factorization.ExistenceUniqueness.Results	source	NumStability.Algorithms.HighamChapter10	13	import NumStability.Analysis.MatrixSpectral	import NumStability.Analysis.MatrixSpectral	0	NumStability.Analysis.MatrixSpectral	preserved_direct	1
NumStability.Source.Higham.Chapter10.Section01.Factorization.ExistenceUniqueness.Results	source	NumStability.Algorithms.HighamChapter10	14	import NumStability.Source.Higham.Chapter09.Problems	import NumStability.Source.Higham.Chapter09.Problems	0	NumStability.Source.Higham.Chapter09.Problems	preserved_direct	1
NumStability.Source.Higham.Chapter10.Section01.Factorization.ExistenceUniqueness.Results	source	NumStability.Algorithms.HighamChapter10	15	import NumStability.Source.Higham.Chapter09.Section01	import NumStability.Source.Higham.Chapter09.Section01	0	NumStability.Source.Higham.Chapter09.Section01	preserved_direct	1
NumStability.Source.Higham.Chapter10.Section01.Factorization.ExistenceUniqueness.Results	source	NumStability.Algorithms.HighamChapter10	16	import NumStability.Source.Higham.Chapter09.Section02	import NumStability.Source.Higham.Chapter09.Section02	0	NumStability.Source.Higham.Chapter09.Section02	preserved_direct	1
NumStability.Source.Higham.Chapter10.Section01.Factorization.ExistenceUniqueness.Results	source	NumStability.Algorithms.HighamChapter10	17	import NumStability.Source.Higham.Chapter09.Section03	import NumStability.Source.Higham.Chapter09.Section03	0	NumStability.Source.Higham.Chapter09.Section03	preserved_direct	1
NumStability.Source.Higham.Chapter10.Section01.Factorization.ExistenceUniqueness.Results	source	NumStability.Algorithms.HighamChapter10	18	import NumStability.Source.Higham.Chapter09.Section04	import NumStability.Source.Higham.Chapter09.Section04	0	NumStability.Source.Higham.Chapter09.Section04	preserved_direct	1
NumStability.Source.Higham.Chapter10.Section01.Factorization.ExistenceUniqueness.Results	source	NumStability.Algorithms.HighamChapter10	19	import NumStability.Source.Higham.Chapter09.Section05	import NumStability.Source.Higham.Chapter09.Section05	0	NumStability.Source.Higham.Chapter09.Section05	preserved_direct	1
NumStability.Source.Higham.Chapter10.Section01.Factorization.ExistenceUniqueness.Results	source	NumStability.Algorithms.HighamChapter10	20	import NumStability.Source.Higham.Chapter09.Section06	import NumStability.Source.Higham.Chapter09.Section06	0	NumStability.Source.Higham.Chapter09.Section06	preserved_direct	1
NumStability.Source.Higham.Chapter10.Section01.Factorization.ExistenceUniqueness.Results	source	NumStability.Algorithms.HighamChapter10	21	import NumStability.Source.Higham.Chapter09.Section08	import NumStability.Source.Higham.Chapter09.Section08	0	NumStability.Source.Higham.Chapter09.Section08	preserved_direct	1
NumStability.Source.Higham.Chapter10.Section01.Factorization.ExistenceUniqueness.Results	source	NumStability.Algorithms.HighamChapter10	22	import NumStability.Source.Higham.Chapter09.Section10	import NumStability.Source.Higham.Chapter09.Section10	0	NumStability.Source.Higham.Chapter09.Section10	preserved_direct	1
NumStability.Source.Higham.Chapter10.Section01.Factorization.ExistenceUniqueness.Results	source	NumStability.Algorithms.HighamChapter10	23	import NumStability.Source.Higham.Chapter09.Section11	import NumStability.Source.Higham.Chapter09.Section11	0	NumStability.Source.Higham.Chapter09.Section11	preserved_direct	1
NumStability.Source.Higham.Chapter10.Section01.Factorization.ExistenceUniqueness.Results	source	NumStability.Algorithms.HighamChapter10	24	import NumStability.Source.Higham.Chapter10.Equation07.AbsoluteFactorNorm.Endpoints	import NumStability.Source.Higham.Chapter10.Equation07.AbsoluteFactorNorm.Endpoints	0	NumStability.Source.Higham.Chapter10.Equation07.AbsoluteFactorNorm.Endpoints	preserved_direct	1
NumStability.Source.Higham.Chapter10.Section01.Factorization.ExistenceUniqueness.Results	source	NumStability.Algorithms.HighamChapter10	25	import NumStability.Source.Higham.Chapter10.Equation29.Mathias.Endpoints	import NumStability.Source.Higham.Chapter10.Equation29.Mathias.Endpoints	0	NumStability.Source.Higham.Chapter10.Equation29.Mathias.Endpoints	preserved_direct	1
NumStability.Source.Higham.Chapter10.Section01.Factorization.ExistenceUniqueness.Results	source	NumStability.Algorithms.HighamChapter10	26	import NumStability.Source.Higham.Chapter10.Equation30.ComplexPositiveDefinite.Endpoints	import NumStability.Source.Higham.Chapter10.Equation30.ComplexPositiveDefinite.Endpoints	0	NumStability.Source.Higham.Chapter10.Equation30.ComplexPositiveDefinite.Endpoints	preserved_direct	1
NumStability.Source.Higham.Chapter10.Section01.Factorization.ExistenceUniqueness.Results	source	NumStability.Algorithms.HighamChapter10	27	import NumStability.Source.Higham.Chapter10.Lemma11.PivotSequenceStability.Endpoints	import NumStability.Source.Higham.Chapter10.Lemma11.PivotSequenceStability.Endpoints	0	NumStability.Source.Higham.Chapter10.Lemma11.PivotSequenceStability.Endpoints	preserved_direct	1
NumStability.Source.Higham.Chapter10.Section01.Factorization.ExistenceUniqueness.Results	source	NumStability.Algorithms.HighamChapter10	28	import NumStability.Source.Higham.Chapter10.Lemma13.KahanSharpness.Endpoints	import NumStability.Source.Higham.Chapter10.Lemma13.KahanSharpness.Endpoints	0	NumStability.Source.Higham.Chapter10.Lemma13.KahanSharpness.Endpoints	preserved_direct	1
NumStability.Source.Higham.Chapter10.Section01.Factorization.ExistenceUniqueness.Results	source	NumStability.Algorithms.HighamChapter10	29	import NumStability.Source.Higham.Chapter10.Problem01.PositiveSemidefiniteEntries.Basic	import NumStability.Source.Higham.Chapter10.Problem01.PositiveSemidefiniteEntries.Basic	0	NumStability.Source.Higham.Chapter10.Problem01.PositiveSemidefiniteEntries.Basic	preserved_direct	1
NumStability.Source.Higham.Chapter10.Section01.Factorization.ExistenceUniqueness.Results	source	NumStability.Algorithms.HighamChapter10	30	import NumStability.Source.Higham.Chapter10.Problem04.UnpivotedGrowth.Basic	import NumStability.Source.Higham.Chapter10.Problem04.UnpivotedGrowth.Basic	0	NumStability.Source.Higham.Chapter10.Problem04.UnpivotedGrowth.Basic	preserved_direct	1
NumStability.Source.Higham.Chapter10.Section01.Factorization.ExistenceUniqueness.Results	source	NumStability.Algorithms.HighamChapter10	31	import NumStability.Source.Higham.Chapter10.Problem08.LeadingMinorsCounterexample.Basic	import NumStability.Source.Higham.Chapter10.Problem08.LeadingMinorsCounterexample.Basic	0	NumStability.Source.Higham.Chapter10.Problem08.LeadingMinorsCounterexample.Basic	preserved_direct	1
NumStability.Source.Higham.Chapter10.Section01.Factorization.ExistenceUniqueness.Results	source	NumStability.Algorithms.HighamChapter10	32	import NumStability.Source.Higham.Chapter10.Section01.Factorization.Basic	import NumStability.Source.Higham.Chapter10.Section01.Factorization.Basic	0	NumStability.Source.Higham.Chapter10.Section01.Factorization.Basic	preserved_direct	1
NumStability.Source.Higham.Chapter10.Section01.Factorization.ExistenceUniqueness.Results	source	NumStability.Algorithms.HighamChapter10	33	import NumStability.Source.Higham.Chapter10.Section02.ErrorAnalysis.Basic	import NumStability.Source.Higham.Chapter10.Section02.ErrorAnalysis.Basic	0	NumStability.Source.Higham.Chapter10.Section02.ErrorAnalysis.Basic	preserved_direct	1
NumStability.Source.Higham.Chapter10.Section01.Factorization.ExistenceUniqueness.Results	source	NumStability.Algorithms.HighamChapter10	34	import NumStability.Source.Higham.Chapter10.Section03.PositiveSemidefinite.Endpoints	import NumStability.Source.Higham.Chapter10.Section03.PositiveSemidefinite.Endpoints	0	NumStability.Source.Higham.Chapter10.Section03.PositiveSemidefinite.Endpoints	preserved_direct	1
NumStability.Source.Higham.Chapter10.Section01.Factorization.ExistenceUniqueness.Results	source	NumStability.Algorithms.HighamChapter10	35	import NumStability.Source.Higham.Chapter10.Section04.PositiveDefiniteSymmetricPart.Endpoints	import NumStability.Source.Higham.Chapter10.Section04.PositiveDefiniteSymmetricPart.Endpoints	0	NumStability.Source.Higham.Chapter10.Section04.PositiveDefiniteSymmetricPart.Endpoints	preserved_direct	1
NumStability.Source.Higham.Chapter10.Section01.Factorization.ExistenceUniqueness.Results	source	NumStability.Algorithms.HighamChapter10	36	import NumStability.Source.Higham.Chapter10.Theorem06.RoundedCholesky.Endpoints	import NumStability.Source.Higham.Chapter10.Theorem06.RoundedCholesky.Endpoints	0	NumStability.Source.Higham.Chapter10.Theorem06.RoundedCholesky.Endpoints	preserved_direct	1
NumStability.Source.Higham.Chapter10.Section01.Factorization.ExistenceUniqueness.Results	source	NumStability.Algorithms.HighamChapter10	37	import NumStability.Source.Higham.Chapter10.Theorem07.FailureVacuity.Endpoints	import NumStability.Source.Higham.Chapter10.Theorem07.FailureVacuity.Endpoints	0	NumStability.Source.Higham.Chapter10.Theorem07.FailureVacuity.Endpoints	preserved_direct	1
NumStability.Source.Higham.Chapter10.Section01.Factorization.ExistenceUniqueness.Results	source	NumStability.Algorithms.HighamChapter10	38	import NumStability.Source.Higham.Chapter10.Theorem08.ComponentwisePerturbation.Endpoints	import NumStability.Source.Higham.Chapter10.Theorem08.ComponentwisePerturbation.Endpoints	0	NumStability.Source.Higham.Chapter10.Theorem08.ComponentwisePerturbation.Endpoints	preserved_direct	1
NumStability.Source.Higham.Chapter10.Section01.Factorization.ExistenceUniqueness.Results	source	NumStability.Algorithms.HighamChapter10	39	import NumStability.Source.Higham.Chapter10.Theorem08.NormwiseDiscrepancy.Endpoints	import NumStability.Source.Higham.Chapter10.Theorem08.NormwiseDiscrepancy.Endpoints	0	NumStability.Source.Higham.Chapter10.Theorem08.NormwiseDiscrepancy.Endpoints	preserved_direct	1
NumStability.Source.Higham.Chapter10.Section01.Factorization.ExistenceUniqueness.Results	source	NumStability.Algorithms.HighamChapter10	40	import NumStability.Source.Higham.Chapter10.Theorem14.CompletePivotedPSD.Endpoints	import NumStability.Source.Higham.Chapter10.Theorem14.CompletePivotedPSD.Endpoints	0	NumStability.Source.Higham.Chapter10.Theorem14.CompletePivotedPSD.Endpoints	preserved_direct	1
NumStability.Source.Higham.Chapter10.Section02.ErrorAnalysis.FactorizationAndSolve.Bounds	source	NumStability.Algorithms.HighamChapter10	1	import Mathlib.Data.Complex.Basic	import Mathlib.Data.Complex.Basic	0	Mathlib.Data.Complex.Basic	preserved_direct	1
NumStability.Source.Higham.Chapter10.Section02.ErrorAnalysis.FactorizationAndSolve.Bounds	source	NumStability.Algorithms.HighamChapter10	2	import NumStability.Algorithms.Cholesky.CholeskyDemmel	import NumStability.Algorithms.Cholesky.CholeskyDemmel	0	NumStability.Algorithms.Cholesky.CholeskyDemmel	preserved_direct	1
NumStability.Source.Higham.Chapter10.Section02.ErrorAnalysis.FactorizationAndSolve.Bounds	source	NumStability.Algorithms.HighamChapter10	3	import NumStability.Algorithms.Cholesky.CholeskyFl	import NumStability.Algorithms.Cholesky.CholeskyFl	0	NumStability.Algorithms.Cholesky.CholeskyFl	preserved_direct	1
NumStability.Source.Higham.Chapter10.Section02.ErrorAnalysis.FactorizationAndSolve.Bounds	source	NumStability.Algorithms.HighamChapter10	4	import NumStability.Algorithms.Cholesky.CholeskyNonsym	import NumStability.Algorithms.Cholesky.CholeskyNonsym	0	NumStability.Algorithms.Cholesky.CholeskyNonsym	preserved_direct	1
NumStability.Source.Higham.Chapter10.Section02.ErrorAnalysis.FactorizationAndSolve.Bounds	source	NumStability.Algorithms.HighamChapter10	5	import NumStability.Algorithms.Cholesky.CholeskyPSD	import Mathlib.Algebra.BigOperators.Field	1	NumStability.Algorithms.Cholesky.CholeskyPSD -> Mathlib.Algebra.BigOperators.Field	preserved_recursive	1
NumStability.Source.Higham.Chapter10.Section02.ErrorAnalysis.FactorizationAndSolve.Bounds	source	NumStability.Algorithms.HighamChapter10	5	import NumStability.Algorithms.Cholesky.CholeskyPSD	import Mathlib.Algebra.BigOperators.Group.Finset.Basic	1	NumStability.Algorithms.Cholesky.CholeskyPSD -> Mathlib.Algebra.BigOperators.Group.Finset.Basic	preserved_recursive	1
NumStability.Source.Higham.Chapter10.Section02.ErrorAnalysis.FactorizationAndSolve.Bounds	source	NumStability.Algorithms.HighamChapter10	5	import NumStability.Algorithms.Cholesky.CholeskyPSD	import Mathlib.Algebra.Order.BigOperators.Group.Finset	1	NumStability.Algorithms.Cholesky.CholeskyPSD -> Mathlib.Algebra.Order.BigOperators.Group.Finset	preserved_recursive	1
NumStability.Source.Higham.Chapter10.Section02.ErrorAnalysis.FactorizationAndSolve.Bounds	source	NumStability.Algorithms.HighamChapter10	5	import NumStability.Algorithms.Cholesky.CholeskyPSD	import Mathlib.Data.Real.Basic	1	NumStability.Algorithms.Cholesky.CholeskyPSD -> Mathlib.Data.Real.Basic	preserved_recursive	1
NumStability.Source.Higham.Chapter10.Section02.ErrorAnalysis.FactorizationAndSolve.Bounds	source	NumStability.Algorithms.HighamChapter10	5	import NumStability.Algorithms.Cholesky.CholeskyPSD	import Mathlib.Data.Real.Sqrt	1	NumStability.Algorithms.Cholesky.CholeskyPSD -> Mathlib.Data.Real.Sqrt	preserved_recursive	1
NumStability.Source.Higham.Chapter10.Section02.ErrorAnalysis.FactorizationAndSolve.Bounds	source	NumStability.Algorithms.HighamChapter10	5	import NumStability.Algorithms.Cholesky.CholeskyPSD	import Mathlib.LinearAlgebra.Matrix.Block	1	NumStability.Algorithms.Cholesky.CholeskyPSD -> Mathlib.LinearAlgebra.Matrix.Block	preserved_recursive	1
NumStability.Source.Higham.Chapter10.Section02.ErrorAnalysis.FactorizationAndSolve.Bounds	source	NumStability.Algorithms.HighamChapter10	5	import NumStability.Algorithms.Cholesky.CholeskyPSD	import Mathlib.LinearAlgebra.Matrix.NonsingularInverse	1	NumStability.Algorithms.Cholesky.CholeskyPSD -> Mathlib.LinearAlgebra.Matrix.NonsingularInverse	preserved_recursive	1
NumStability.Source.Higham.Chapter10.Section02.ErrorAnalysis.FactorizationAndSolve.Bounds	source	NumStability.Algorithms.HighamChapter10	5	import NumStability.Algorithms.Cholesky.CholeskyPSD	import Mathlib.LinearAlgebra.Matrix.Rank	1	NumStability.Algorithms.Cholesky.CholeskyPSD -> Mathlib.LinearAlgebra.Matrix.Rank	preserved_recursive	1
NumStability.Source.Higham.Chapter10.Section02.ErrorAnalysis.FactorizationAndSolve.Bounds	source	NumStability.Algorithms.HighamChapter10	5	import NumStability.Algorithms.Cholesky.CholeskyPSD	import Mathlib.Tactic.FieldSimp	1	NumStability.Algorithms.Cholesky.CholeskyPSD -> Mathlib.Tactic.FieldSimp	preserved_recursive	1
NumStability.Source.Higham.Chapter10.Section02.ErrorAnalysis.FactorizationAndSolve.Bounds	source	NumStability.Algorithms.HighamChapter10	5	import NumStability.Algorithms.Cholesky.CholeskyPSD	import Mathlib.Tactic.Linarith	1	NumStability.Algorithms.Cholesky.CholeskyPSD -> Mathlib.Tactic.Linarith	preserved_recursive	1
NumStability.Source.Higham.Chapter10.Section02.ErrorAnalysis.FactorizationAndSolve.Bounds	source	NumStability.Algorithms.HighamChapter10	5	import NumStability.Algorithms.Cholesky.CholeskyPSD	import Mathlib.Tactic.Ring	1	NumStability.Algorithms.Cholesky.CholeskyPSD -> Mathlib.Tactic.Ring	preserved_recursive	1
NumStability.Source.Higham.Chapter10.Section02.ErrorAnalysis.FactorizationAndSolve.Bounds	source	NumStability.Algorithms.HighamChapter10	5	import NumStability.Algorithms.Cholesky.CholeskyPSD	import NumStability.Algorithms.Cholesky.CholeskySpec	1	NumStability.Algorithms.Cholesky.CholeskyPSD -> NumStability.Algorithms.Cholesky.CholeskySpec	preserved_recursive	1
NumStability.Source.Higham.Chapter10.Section02.ErrorAnalysis.FactorizationAndSolve.Bounds	source	NumStability.Algorithms.HighamChapter10	5	import NumStability.Algorithms.Cholesky.CholeskyPSD	import NumStability.Algorithms.LU.GaussianElimination	1	NumStability.Algorithms.Cholesky.CholeskyPSD -> NumStability.Algorithms.LU.GaussianElimination	preserved_recursive	1
NumStability.Source.Higham.Chapter10.Section02.ErrorAnalysis.FactorizationAndSolve.Bounds	source	NumStability.Algorithms.HighamChapter10	5	import NumStability.Algorithms.Cholesky.CholeskyPSD	import NumStability.Algorithms.LinearSystems.Cholesky.PositiveSemidefinite.Basic	1	NumStability.Algorithms.Cholesky.CholeskyPSD -> NumStability.Algorithms.LinearSystems.Cholesky.PositiveSemidefinite.Basic	preserved_recursive	1
NumStability.Source.Higham.Chapter10.Section02.ErrorAnalysis.FactorizationAndSolve.Bounds	source	NumStability.Algorithms.HighamChapter10	5	import NumStability.Algorithms.Cholesky.CholeskyPSD	import NumStability.Analysis.Rounding	1	NumStability.Algorithms.Cholesky.CholeskyPSD -> NumStability.Analysis.Rounding	preserved_recursive	1
NumStability.Source.Higham.Chapter10.Section02.ErrorAnalysis.FactorizationAndSolve.Bounds	source	NumStability.Algorithms.HighamChapter10	5	import NumStability.Algorithms.Cholesky.CholeskyPSD	import NumStability.FloatingPoint.Model	1	NumStability.Algorithms.Cholesky.CholeskyPSD -> NumStability.FloatingPoint.Model	preserved_recursive	1
NumStability.Source.Higham.Chapter10.Section02.ErrorAnalysis.FactorizationAndSolve.Bounds	source	NumStability.Algorithms.HighamChapter10	5	import NumStability.Algorithms.Cholesky.CholeskyPSD	import NumStability.Source.Higham.Chapter10.Lemma13.KahanSharpness.CompletePivotingBound	1	NumStability.Algorithms.Cholesky.CholeskyPSD -> NumStability.Source.Higham.Chapter10.Lemma13.KahanSharpness.CompletePivotingBound	preserved_recursive	1
NumStability.Source.Higham.Chapter10.Section02.ErrorAnalysis.FactorizationAndSolve.Bounds	source	NumStability.Algorithms.HighamChapter10	5	import NumStability.Algorithms.Cholesky.CholeskyPSD	import NumStability.Source.Higham.Chapter10.Section03.PositiveSemidefinite.Existence	1	NumStability.Algorithms.Cholesky.CholeskyPSD -> NumStability.Source.Higham.Chapter10.Section03.PositiveSemidefinite.Existence	preserved_recursive	1
NumStability.Source.Higham.Chapter10.Section02.ErrorAnalysis.FactorizationAndSolve.Bounds	source	NumStability.Algorithms.HighamChapter10	5	import NumStability.Algorithms.Cholesky.CholeskyPSD	import NumStability.Source.Higham.Chapter10.Section03.PositiveSemidefinite.SchurComplement	1	NumStability.Algorithms.Cholesky.CholeskyPSD -> NumStability.Source.Higham.Chapter10.Section03.PositiveSemidefinite.SchurComplement	preserved_recursive	1
NumStability.Source.Higham.Chapter10.Section02.ErrorAnalysis.FactorizationAndSolve.Bounds	source	NumStability.Algorithms.HighamChapter10	5	import NumStability.Algorithms.Cholesky.CholeskyPSD	import NumStability.Source.Higham.Chapter10.Section03.PositiveSemidefinite.Termination	1	NumStability.Algorithms.Cholesky.CholeskyPSD -> NumStability.Source.Higham.Chapter10.Section03.PositiveSemidefinite.Termination	preserved_recursive	1
NumStability.Source.Higham.Chapter10.Section02.ErrorAnalysis.FactorizationAndSolve.Bounds	source	NumStability.Algorithms.HighamChapter10	5	import NumStability.Algorithms.Cholesky.CholeskyPSD	import NumStability.Source.Higham.Chapter10.Section03.PositiveSemidefinite.WNormBound	1	NumStability.Algorithms.Cholesky.CholeskyPSD -> NumStability.Source.Higham.Chapter10.Section03.PositiveSemidefinite.WNormBound	preserved_recursive	1
NumStability.Source.Higham.Chapter10.Section02.ErrorAnalysis.FactorizationAndSolve.Bounds	source	NumStability.Algorithms.HighamChapter10	5	import NumStability.Algorithms.Cholesky.CholeskyPSD	import NumStability.Source.Higham.Chapter10.Theorem14.CompletePivotedPSD.PsdErrorAnalysis	1	NumStability.Algorithms.Cholesky.CholeskyPSD -> NumStability.Source.Higham.Chapter10.Theorem14.CompletePivotedPSD.PsdErrorAnalysis	preserved_recursive	1
NumStability.Source.Higham.Chapter10.Section02.ErrorAnalysis.FactorizationAndSolve.Bounds	source	NumStability.Algorithms.HighamChapter10	6	import NumStability.Algorithms.Cholesky.CholeskySpec	import NumStability.Algorithms.Cholesky.CholeskySpec	0	NumStability.Algorithms.Cholesky.CholeskySpec	preserved_direct	1
NumStability.Source.Higham.Chapter10.Section02.ErrorAnalysis.FactorizationAndSolve.Bounds	source	NumStability.Algorithms.HighamChapter10	7	import NumStability.Algorithms.LinearSystems.Cholesky.ErrorAnalysis.Certificates	import NumStability.Algorithms.LinearSystems.Cholesky.ErrorAnalysis.Certificates	0	NumStability.Algorithms.LinearSystems.Cholesky.ErrorAnalysis.Certificates	preserved_direct	1
NumStability.Source.Higham.Chapter10.Section02.ErrorAnalysis.FactorizationAndSolve.Bounds	source	NumStability.Algorithms.HighamChapter10	8	import NumStability.Algorithms.LinearSystems.Cholesky.Perturbation.Basic	import NumStability.Algorithms.LinearSystems.Cholesky.Perturbation.Basic	0	NumStability.Algorithms.LinearSystems.Cholesky.Perturbation.Basic	preserved_direct	1
NumStability.Source.Higham.Chapter10.Section02.ErrorAnalysis.FactorizationAndSolve.Bounds	source	NumStability.Algorithms.HighamChapter10	9	import NumStability.Algorithms.LinearSystems.Cholesky.PositiveSemidefinite.KahanMatrix	import NumStability.Algorithms.LinearSystems.Cholesky.PositiveSemidefinite.KahanMatrix	0	NumStability.Algorithms.LinearSystems.Cholesky.PositiveSemidefinite.KahanMatrix	preserved_direct	1
NumStability.Source.Higham.Chapter10.Section02.ErrorAnalysis.FactorizationAndSolve.Bounds	source	NumStability.Algorithms.HighamChapter10	10	import NumStability.Algorithms.LinearSystems.Cholesky.PositiveSemidefinite.ScaledStage	import NumStability.Algorithms.LinearSystems.Cholesky.PositiveSemidefinite.ScaledStage	0	NumStability.Algorithms.LinearSystems.Cholesky.PositiveSemidefinite.ScaledStage	preserved_direct	1
NumStability.Source.Higham.Chapter10.Section02.ErrorAnalysis.FactorizationAndSolve.Bounds	source	NumStability.Algorithms.HighamChapter10	11	import NumStability.Analysis.MatrixNorms.EntrywiseAbsolute.Basic	import NumStability.Analysis.MatrixNorms.EntrywiseAbsolute.Basic	0	NumStability.Analysis.MatrixNorms.EntrywiseAbsolute.Basic	preserved_direct	1
NumStability.Source.Higham.Chapter10.Section02.ErrorAnalysis.FactorizationAndSolve.Bounds	source	NumStability.Algorithms.HighamChapter10	12	import NumStability.Analysis.MatrixNorms.SpectralExtrema.Basic	import NumStability.Analysis.MatrixNorms.SpectralExtrema.Basic	0	NumStability.Analysis.MatrixNorms.SpectralExtrema.Basic	preserved_direct	1
NumStability.Source.Higham.Chapter10.Section02.ErrorAnalysis.FactorizationAndSolve.Bounds	source	NumStability.Algorithms.HighamChapter10	13	import NumStability.Analysis.MatrixSpectral	import NumStability.Analysis.MatrixSpectral	0	NumStability.Analysis.MatrixSpectral	preserved_direct	1
NumStability.Source.Higham.Chapter10.Section02.ErrorAnalysis.FactorizationAndSolve.Bounds	source	NumStability.Algorithms.HighamChapter10	14	import NumStability.Source.Higham.Chapter09.Problems	import NumStability.Source.Higham.Chapter09.Problems	0	NumStability.Source.Higham.Chapter09.Problems	preserved_direct	1
NumStability.Source.Higham.Chapter10.Section02.ErrorAnalysis.FactorizationAndSolve.Bounds	source	NumStability.Algorithms.HighamChapter10	15	import NumStability.Source.Higham.Chapter09.Section01	import NumStability.Source.Higham.Chapter09.Section01	0	NumStability.Source.Higham.Chapter09.Section01	preserved_direct	1
NumStability.Source.Higham.Chapter10.Section02.ErrorAnalysis.FactorizationAndSolve.Bounds	source	NumStability.Algorithms.HighamChapter10	16	import NumStability.Source.Higham.Chapter09.Section02	import NumStability.Source.Higham.Chapter09.Section02	0	NumStability.Source.Higham.Chapter09.Section02	preserved_direct	1
NumStability.Source.Higham.Chapter10.Section02.ErrorAnalysis.FactorizationAndSolve.Bounds	source	NumStability.Algorithms.HighamChapter10	17	import NumStability.Source.Higham.Chapter09.Section03	import NumStability.Source.Higham.Chapter09.Section03	0	NumStability.Source.Higham.Chapter09.Section03	preserved_direct	1
NumStability.Source.Higham.Chapter10.Section02.ErrorAnalysis.FactorizationAndSolve.Bounds	source	NumStability.Algorithms.HighamChapter10	18	import NumStability.Source.Higham.Chapter09.Section04	import NumStability.Source.Higham.Chapter09.Section04	0	NumStability.Source.Higham.Chapter09.Section04	preserved_direct	1
NumStability.Source.Higham.Chapter10.Section02.ErrorAnalysis.FactorizationAndSolve.Bounds	source	NumStability.Algorithms.HighamChapter10	19	import NumStability.Source.Higham.Chapter09.Section05	import NumStability.Source.Higham.Chapter09.Section05	0	NumStability.Source.Higham.Chapter09.Section05	preserved_direct	1
NumStability.Source.Higham.Chapter10.Section02.ErrorAnalysis.FactorizationAndSolve.Bounds	source	NumStability.Algorithms.HighamChapter10	20	import NumStability.Source.Higham.Chapter09.Section06	import NumStability.Source.Higham.Chapter09.Section06	0	NumStability.Source.Higham.Chapter09.Section06	preserved_direct	1
NumStability.Source.Higham.Chapter10.Section02.ErrorAnalysis.FactorizationAndSolve.Bounds	source	NumStability.Algorithms.HighamChapter10	21	import NumStability.Source.Higham.Chapter09.Section08	import NumStability.Source.Higham.Chapter09.Section08	0	NumStability.Source.Higham.Chapter09.Section08	preserved_direct	1
NumStability.Source.Higham.Chapter10.Section02.ErrorAnalysis.FactorizationAndSolve.Bounds	source	NumStability.Algorithms.HighamChapter10	22	import NumStability.Source.Higham.Chapter09.Section10	import NumStability.Source.Higham.Chapter09.Section10	0	NumStability.Source.Higham.Chapter09.Section10	preserved_direct	1
NumStability.Source.Higham.Chapter10.Section02.ErrorAnalysis.FactorizationAndSolve.Bounds	source	NumStability.Algorithms.HighamChapter10	23	import NumStability.Source.Higham.Chapter09.Section11	import NumStability.Source.Higham.Chapter09.Section11	0	NumStability.Source.Higham.Chapter09.Section11	preserved_direct	1
NumStability.Source.Higham.Chapter10.Section02.ErrorAnalysis.FactorizationAndSolve.Bounds	source	NumStability.Algorithms.HighamChapter10	24	import NumStability.Source.Higham.Chapter10.Equation07.AbsoluteFactorNorm.Endpoints	import NumStability.Source.Higham.Chapter10.Equation07.AbsoluteFactorNorm.Endpoints	0	NumStability.Source.Higham.Chapter10.Equation07.AbsoluteFactorNorm.Endpoints	preserved_direct	1
NumStability.Source.Higham.Chapter10.Section02.ErrorAnalysis.FactorizationAndSolve.Bounds	source	NumStability.Algorithms.HighamChapter10	25	import NumStability.Source.Higham.Chapter10.Equation29.Mathias.Endpoints	import NumStability.Source.Higham.Chapter10.Equation29.Mathias.Endpoints	0	NumStability.Source.Higham.Chapter10.Equation29.Mathias.Endpoints	preserved_direct	1
NumStability.Source.Higham.Chapter10.Section02.ErrorAnalysis.FactorizationAndSolve.Bounds	source	NumStability.Algorithms.HighamChapter10	26	import NumStability.Source.Higham.Chapter10.Equation30.ComplexPositiveDefinite.Endpoints	import NumStability.Source.Higham.Chapter10.Equation30.ComplexPositiveDefinite.Endpoints	0	NumStability.Source.Higham.Chapter10.Equation30.ComplexPositiveDefinite.Endpoints	preserved_direct	1
NumStability.Source.Higham.Chapter10.Section02.ErrorAnalysis.FactorizationAndSolve.Bounds	source	NumStability.Algorithms.HighamChapter10	27	import NumStability.Source.Higham.Chapter10.Lemma11.PivotSequenceStability.Endpoints	import NumStability.Source.Higham.Chapter10.Lemma11.PivotSequenceStability.Endpoints	0	NumStability.Source.Higham.Chapter10.Lemma11.PivotSequenceStability.Endpoints	preserved_direct	1
NumStability.Source.Higham.Chapter10.Section02.ErrorAnalysis.FactorizationAndSolve.Bounds	source	NumStability.Algorithms.HighamChapter10	28	import NumStability.Source.Higham.Chapter10.Lemma13.KahanSharpness.Endpoints	import NumStability.Source.Higham.Chapter10.Lemma13.KahanSharpness.Endpoints	0	NumStability.Source.Higham.Chapter10.Lemma13.KahanSharpness.Endpoints	preserved_direct	1
NumStability.Source.Higham.Chapter10.Section02.ErrorAnalysis.FactorizationAndSolve.Bounds	source	NumStability.Algorithms.HighamChapter10	29	import NumStability.Source.Higham.Chapter10.Problem01.PositiveSemidefiniteEntries.Basic	import NumStability.Source.Higham.Chapter10.Problem01.PositiveSemidefiniteEntries.Basic	0	NumStability.Source.Higham.Chapter10.Problem01.PositiveSemidefiniteEntries.Basic	preserved_direct	1
NumStability.Source.Higham.Chapter10.Section02.ErrorAnalysis.FactorizationAndSolve.Bounds	source	NumStability.Algorithms.HighamChapter10	30	import NumStability.Source.Higham.Chapter10.Problem04.UnpivotedGrowth.Basic	import NumStability.Source.Higham.Chapter10.Problem04.UnpivotedGrowth.Basic	0	NumStability.Source.Higham.Chapter10.Problem04.UnpivotedGrowth.Basic	preserved_direct	1
NumStability.Source.Higham.Chapter10.Section02.ErrorAnalysis.FactorizationAndSolve.Bounds	source	NumStability.Algorithms.HighamChapter10	31	import NumStability.Source.Higham.Chapter10.Problem08.LeadingMinorsCounterexample.Basic	import NumStability.Source.Higham.Chapter10.Problem08.LeadingMinorsCounterexample.Basic	0	NumStability.Source.Higham.Chapter10.Problem08.LeadingMinorsCounterexample.Basic	preserved_direct	1
NumStability.Source.Higham.Chapter10.Section02.ErrorAnalysis.FactorizationAndSolve.Bounds	source	NumStability.Algorithms.HighamChapter10	32	import NumStability.Source.Higham.Chapter10.Section01.Factorization.Basic	import NumStability.Source.Higham.Chapter10.Section01.Factorization.Basic	0	NumStability.Source.Higham.Chapter10.Section01.Factorization.Basic	preserved_direct	1
NumStability.Source.Higham.Chapter10.Section02.ErrorAnalysis.FactorizationAndSolve.Bounds	source	NumStability.Algorithms.HighamChapter10	33	import NumStability.Source.Higham.Chapter10.Section02.ErrorAnalysis.Basic	import NumStability.Source.Higham.Chapter10.Section02.ErrorAnalysis.Basic	0	NumStability.Source.Higham.Chapter10.Section02.ErrorAnalysis.Basic	preserved_direct	1
NumStability.Source.Higham.Chapter10.Section02.ErrorAnalysis.FactorizationAndSolve.Bounds	source	NumStability.Algorithms.HighamChapter10	34	import NumStability.Source.Higham.Chapter10.Section03.PositiveSemidefinite.Endpoints	import NumStability.Source.Higham.Chapter10.Section03.PositiveSemidefinite.Endpoints	0	NumStability.Source.Higham.Chapter10.Section03.PositiveSemidefinite.Endpoints	preserved_direct	1
NumStability.Source.Higham.Chapter10.Section02.ErrorAnalysis.FactorizationAndSolve.Bounds	source	NumStability.Algorithms.HighamChapter10	35	import NumStability.Source.Higham.Chapter10.Section04.PositiveDefiniteSymmetricPart.Endpoints	import NumStability.Source.Higham.Chapter10.Section04.PositiveDefiniteSymmetricPart.Endpoints	0	NumStability.Source.Higham.Chapter10.Section04.PositiveDefiniteSymmetricPart.Endpoints	preserved_direct	1
NumStability.Source.Higham.Chapter10.Section02.ErrorAnalysis.FactorizationAndSolve.Bounds	source	NumStability.Algorithms.HighamChapter10	36	import NumStability.Source.Higham.Chapter10.Theorem06.RoundedCholesky.Endpoints	import NumStability.Source.Higham.Chapter10.Theorem06.RoundedCholesky.Endpoints	0	NumStability.Source.Higham.Chapter10.Theorem06.RoundedCholesky.Endpoints	preserved_direct	1
NumStability.Source.Higham.Chapter10.Section02.ErrorAnalysis.FactorizationAndSolve.Bounds	source	NumStability.Algorithms.HighamChapter10	37	import NumStability.Source.Higham.Chapter10.Theorem07.FailureVacuity.Endpoints	import NumStability.Source.Higham.Chapter10.Theorem07.FailureVacuity.Endpoints	0	NumStability.Source.Higham.Chapter10.Theorem07.FailureVacuity.Endpoints	preserved_direct	1
NumStability.Source.Higham.Chapter10.Section02.ErrorAnalysis.FactorizationAndSolve.Bounds	source	NumStability.Algorithms.HighamChapter10	38	import NumStability.Source.Higham.Chapter10.Theorem08.ComponentwisePerturbation.Endpoints	import NumStability.Source.Higham.Chapter10.Theorem08.ComponentwisePerturbation.Endpoints	0	NumStability.Source.Higham.Chapter10.Theorem08.ComponentwisePerturbation.Endpoints	preserved_direct	1
NumStability.Source.Higham.Chapter10.Section02.ErrorAnalysis.FactorizationAndSolve.Bounds	source	NumStability.Algorithms.HighamChapter10	39	import NumStability.Source.Higham.Chapter10.Theorem08.NormwiseDiscrepancy.Endpoints	import NumStability.Source.Higham.Chapter10.Theorem08.NormwiseDiscrepancy.Endpoints	0	NumStability.Source.Higham.Chapter10.Theorem08.NormwiseDiscrepancy.Endpoints	preserved_direct	1
NumStability.Source.Higham.Chapter10.Section02.ErrorAnalysis.FactorizationAndSolve.Bounds	source	NumStability.Algorithms.HighamChapter10	40	import NumStability.Source.Higham.Chapter10.Theorem14.CompletePivotedPSD.Endpoints	import NumStability.Source.Higham.Chapter10.Theorem14.CompletePivotedPSD.Endpoints	0	NumStability.Source.Higham.Chapter10.Theorem14.CompletePivotedPSD.Endpoints	preserved_direct	1
NumStability.Source.Higham.Chapter10.Section03.PositiveSemidefinite.ConstructiveFactorization.Existence	source	NumStability.Algorithms.Cholesky.CholeskyPSD	1	import Mathlib.Algebra.BigOperators.Field	import Mathlib.Algebra.BigOperators.Field	0	Mathlib.Algebra.BigOperators.Field	preserved_direct	1
NumStability.Source.Higham.Chapter10.Section03.PositiveSemidefinite.ConstructiveFactorization.Existence	source	NumStability.Algorithms.Cholesky.CholeskyPSD	2	import Mathlib.Algebra.BigOperators.Group.Finset.Basic	import Mathlib.Algebra.BigOperators.Group.Finset.Basic	0	Mathlib.Algebra.BigOperators.Group.Finset.Basic	preserved_direct	1
NumStability.Source.Higham.Chapter10.Section03.PositiveSemidefinite.ConstructiveFactorization.Existence	source	NumStability.Algorithms.Cholesky.CholeskyPSD	3	import Mathlib.Algebra.Order.BigOperators.Group.Finset	import Mathlib.Algebra.Order.BigOperators.Group.Finset	0	Mathlib.Algebra.Order.BigOperators.Group.Finset	preserved_direct	1
NumStability.Source.Higham.Chapter10.Section03.PositiveSemidefinite.ConstructiveFactorization.Existence	source	NumStability.Algorithms.Cholesky.CholeskyPSD	4	import Mathlib.Data.Real.Basic	import Mathlib.Data.Real.Basic	0	Mathlib.Data.Real.Basic	preserved_direct	1
NumStability.Source.Higham.Chapter10.Section03.PositiveSemidefinite.ConstructiveFactorization.Existence	source	NumStability.Algorithms.Cholesky.CholeskyPSD	5	import Mathlib.Data.Real.Sqrt	import Mathlib.Data.Real.Sqrt	0	Mathlib.Data.Real.Sqrt	preserved_direct	1
NumStability.Source.Higham.Chapter10.Section03.PositiveSemidefinite.ConstructiveFactorization.Existence	source	NumStability.Algorithms.Cholesky.CholeskyPSD	6	import Mathlib.LinearAlgebra.Matrix.Block	import Mathlib.LinearAlgebra.Matrix.Block	0	Mathlib.LinearAlgebra.Matrix.Block	preserved_direct	1
NumStability.Source.Higham.Chapter10.Section03.PositiveSemidefinite.ConstructiveFactorization.Existence	source	NumStability.Algorithms.Cholesky.CholeskyPSD	7	import Mathlib.LinearAlgebra.Matrix.NonsingularInverse	import Mathlib.LinearAlgebra.Matrix.NonsingularInverse	0	Mathlib.LinearAlgebra.Matrix.NonsingularInverse	preserved_direct	1
NumStability.Source.Higham.Chapter10.Section03.PositiveSemidefinite.ConstructiveFactorization.Existence	source	NumStability.Algorithms.Cholesky.CholeskyPSD	8	import Mathlib.LinearAlgebra.Matrix.Rank	import Mathlib.LinearAlgebra.Matrix.Rank	0	Mathlib.LinearAlgebra.Matrix.Rank	preserved_direct	1
NumStability.Source.Higham.Chapter10.Section03.PositiveSemidefinite.ConstructiveFactorization.Existence	source	NumStability.Algorithms.Cholesky.CholeskyPSD	9	import Mathlib.Tactic.FieldSimp	import Mathlib.Tactic.FieldSimp	0	Mathlib.Tactic.FieldSimp	preserved_direct	1
NumStability.Source.Higham.Chapter10.Section03.PositiveSemidefinite.ConstructiveFactorization.Existence	source	NumStability.Algorithms.Cholesky.CholeskyPSD	10	import Mathlib.Tactic.Linarith	import Mathlib.Tactic.Linarith	0	Mathlib.Tactic.Linarith	preserved_direct	1
NumStability.Source.Higham.Chapter10.Section03.PositiveSemidefinite.ConstructiveFactorization.Existence	source	NumStability.Algorithms.Cholesky.CholeskyPSD	11	import Mathlib.Tactic.Ring	import Mathlib.Tactic.Ring	0	Mathlib.Tactic.Ring	preserved_direct	1
NumStability.Source.Higham.Chapter10.Section03.PositiveSemidefinite.ConstructiveFactorization.Existence	source	NumStability.Algorithms.Cholesky.CholeskyPSD	12	import NumStability.Algorithms.Cholesky.CholeskySpec	import NumStability.Algorithms.Cholesky.CholeskySpec	0	NumStability.Algorithms.Cholesky.CholeskySpec	preserved_direct	1
NumStability.Source.Higham.Chapter10.Section03.PositiveSemidefinite.ConstructiveFactorization.Existence	source	NumStability.Algorithms.Cholesky.CholeskyPSD	13	import NumStability.Algorithms.LU.GaussianElimination	import NumStability.Algorithms.LU.GaussianElimination	0	NumStability.Algorithms.LU.GaussianElimination	preserved_direct	1
NumStability.Source.Higham.Chapter10.Section03.PositiveSemidefinite.ConstructiveFactorization.Existence	source	NumStability.Algorithms.Cholesky.CholeskyPSD	14	import NumStability.Algorithms.LinearSystems.Cholesky.PositiveSemidefinite.Basic	import NumStability.Algorithms.LinearSystems.Cholesky.PositiveSemidefinite.Basic	0	NumStability.Algorithms.LinearSystems.Cholesky.PositiveSemidefinite.Basic	preserved_direct	1
NumStability.Source.Higham.Chapter10.Section03.PositiveSemidefinite.ConstructiveFactorization.Existence	source	NumStability.Algorithms.Cholesky.CholeskyPSD	15	import NumStability.Analysis.Rounding	import NumStability.Analysis.Rounding	0	NumStability.Analysis.Rounding	preserved_direct	1
NumStability.Source.Higham.Chapter10.Section03.PositiveSemidefinite.ConstructiveFactorization.Existence	source	NumStability.Algorithms.Cholesky.CholeskyPSD	16	import NumStability.FloatingPoint.Model	import NumStability.FloatingPoint.Model	0	NumStability.FloatingPoint.Model	preserved_direct	1
NumStability.Source.Higham.Chapter10.Section03.PositiveSemidefinite.ConstructiveFactorization.Existence	source	NumStability.Algorithms.Cholesky.CholeskyPSD	17	import NumStability.Source.Higham.Chapter10.Lemma13.KahanSharpness.CompletePivotingBound	import NumStability.Source.Higham.Chapter10.Lemma13.KahanSharpness.CompletePivotingBound	0	NumStability.Source.Higham.Chapter10.Lemma13.KahanSharpness.CompletePivotingBound	preserved_direct	1
NumStability.Source.Higham.Chapter10.Section03.PositiveSemidefinite.ConstructiveFactorization.Existence	source	NumStability.Algorithms.Cholesky.CholeskyPSD	18	import NumStability.Source.Higham.Chapter10.Section03.PositiveSemidefinite.Existence	import NumStability.Source.Higham.Chapter10.Section03.PositiveSemidefinite.Existence	0	NumStability.Source.Higham.Chapter10.Section03.PositiveSemidefinite.Existence	preserved_direct	1
NumStability.Source.Higham.Chapter10.Section03.PositiveSemidefinite.ConstructiveFactorization.Existence	source	NumStability.Algorithms.Cholesky.CholeskyPSD	19	import NumStability.Source.Higham.Chapter10.Section03.PositiveSemidefinite.SchurComplement	import NumStability.Source.Higham.Chapter10.Section03.PositiveSemidefinite.SchurComplement	0	NumStability.Source.Higham.Chapter10.Section03.PositiveSemidefinite.SchurComplement	preserved_direct	1
NumStability.Source.Higham.Chapter10.Section03.PositiveSemidefinite.ConstructiveFactorization.Existence	source	NumStability.Algorithms.Cholesky.CholeskyPSD	20	import NumStability.Source.Higham.Chapter10.Section03.PositiveSemidefinite.Termination	import NumStability.Source.Higham.Chapter10.Section03.PositiveSemidefinite.Termination	0	NumStability.Source.Higham.Chapter10.Section03.PositiveSemidefinite.Termination	preserved_direct	1
NumStability.Source.Higham.Chapter10.Section03.PositiveSemidefinite.ConstructiveFactorization.Existence	source	NumStability.Algorithms.Cholesky.CholeskyPSD	21	import NumStability.Source.Higham.Chapter10.Section03.PositiveSemidefinite.WNormBound	import NumStability.Source.Higham.Chapter10.Section03.PositiveSemidefinite.WNormBound	0	NumStability.Source.Higham.Chapter10.Section03.PositiveSemidefinite.WNormBound	preserved_direct	1
NumStability.Source.Higham.Chapter10.Section03.PositiveSemidefinite.ConstructiveFactorization.Existence	source	NumStability.Algorithms.Cholesky.CholeskyPSD	22	import NumStability.Source.Higham.Chapter10.Theorem14.CompletePivotedPSD.PsdErrorAnalysis	import NumStability.Source.Higham.Chapter10.Theorem14.CompletePivotedPSD.PsdErrorAnalysis	0	NumStability.Source.Higham.Chapter10.Theorem14.CompletePivotedPSD.PsdErrorAnalysis	preserved_direct	1
NumStability.Source.Higham.Chapter10.Section03.PositiveSemidefinite.PivotingAndScaling.Results	source	NumStability.Algorithms.HighamChapter10	1	import Mathlib.Data.Complex.Basic	import Mathlib.Data.Complex.Basic	0	Mathlib.Data.Complex.Basic	preserved_direct	1
NumStability.Source.Higham.Chapter10.Section03.PositiveSemidefinite.PivotingAndScaling.Results	source	NumStability.Algorithms.HighamChapter10	2	import NumStability.Algorithms.Cholesky.CholeskyDemmel	import NumStability.Algorithms.Cholesky.CholeskyDemmel	0	NumStability.Algorithms.Cholesky.CholeskyDemmel	preserved_direct	1
NumStability.Source.Higham.Chapter10.Section03.PositiveSemidefinite.PivotingAndScaling.Results	source	NumStability.Algorithms.HighamChapter10	3	import NumStability.Algorithms.Cholesky.CholeskyFl	import NumStability.Algorithms.Cholesky.CholeskyFl	0	NumStability.Algorithms.Cholesky.CholeskyFl	preserved_direct	1
NumStability.Source.Higham.Chapter10.Section03.PositiveSemidefinite.PivotingAndScaling.Results	source	NumStability.Algorithms.HighamChapter10	4	import NumStability.Algorithms.Cholesky.CholeskyNonsym	import NumStability.Algorithms.Cholesky.CholeskyNonsym	0	NumStability.Algorithms.Cholesky.CholeskyNonsym	preserved_direct	1
NumStability.Source.Higham.Chapter10.Section03.PositiveSemidefinite.PivotingAndScaling.Results	source	NumStability.Algorithms.HighamChapter10	5	import NumStability.Algorithms.Cholesky.CholeskyPSD	import Mathlib.Algebra.BigOperators.Field	1	NumStability.Algorithms.Cholesky.CholeskyPSD -> Mathlib.Algebra.BigOperators.Field	preserved_recursive	1
NumStability.Source.Higham.Chapter10.Section03.PositiveSemidefinite.PivotingAndScaling.Results	source	NumStability.Algorithms.HighamChapter10	5	import NumStability.Algorithms.Cholesky.CholeskyPSD	import Mathlib.Algebra.BigOperators.Group.Finset.Basic	1	NumStability.Algorithms.Cholesky.CholeskyPSD -> Mathlib.Algebra.BigOperators.Group.Finset.Basic	preserved_recursive	1
NumStability.Source.Higham.Chapter10.Section03.PositiveSemidefinite.PivotingAndScaling.Results	source	NumStability.Algorithms.HighamChapter10	5	import NumStability.Algorithms.Cholesky.CholeskyPSD	import Mathlib.Algebra.Order.BigOperators.Group.Finset	1	NumStability.Algorithms.Cholesky.CholeskyPSD -> Mathlib.Algebra.Order.BigOperators.Group.Finset	preserved_recursive	1
NumStability.Source.Higham.Chapter10.Section03.PositiveSemidefinite.PivotingAndScaling.Results	source	NumStability.Algorithms.HighamChapter10	5	import NumStability.Algorithms.Cholesky.CholeskyPSD	import Mathlib.Data.Real.Basic	1	NumStability.Algorithms.Cholesky.CholeskyPSD -> Mathlib.Data.Real.Basic	preserved_recursive	1
NumStability.Source.Higham.Chapter10.Section03.PositiveSemidefinite.PivotingAndScaling.Results	source	NumStability.Algorithms.HighamChapter10	5	import NumStability.Algorithms.Cholesky.CholeskyPSD	import Mathlib.Data.Real.Sqrt	1	NumStability.Algorithms.Cholesky.CholeskyPSD -> Mathlib.Data.Real.Sqrt	preserved_recursive	1
NumStability.Source.Higham.Chapter10.Section03.PositiveSemidefinite.PivotingAndScaling.Results	source	NumStability.Algorithms.HighamChapter10	5	import NumStability.Algorithms.Cholesky.CholeskyPSD	import Mathlib.LinearAlgebra.Matrix.Block	1	NumStability.Algorithms.Cholesky.CholeskyPSD -> Mathlib.LinearAlgebra.Matrix.Block	preserved_recursive	1
NumStability.Source.Higham.Chapter10.Section03.PositiveSemidefinite.PivotingAndScaling.Results	source	NumStability.Algorithms.HighamChapter10	5	import NumStability.Algorithms.Cholesky.CholeskyPSD	import Mathlib.LinearAlgebra.Matrix.NonsingularInverse	1	NumStability.Algorithms.Cholesky.CholeskyPSD -> Mathlib.LinearAlgebra.Matrix.NonsingularInverse	preserved_recursive	1
NumStability.Source.Higham.Chapter10.Section03.PositiveSemidefinite.PivotingAndScaling.Results	source	NumStability.Algorithms.HighamChapter10	5	import NumStability.Algorithms.Cholesky.CholeskyPSD	import Mathlib.LinearAlgebra.Matrix.Rank	1	NumStability.Algorithms.Cholesky.CholeskyPSD -> Mathlib.LinearAlgebra.Matrix.Rank	preserved_recursive	1
NumStability.Source.Higham.Chapter10.Section03.PositiveSemidefinite.PivotingAndScaling.Results	source	NumStability.Algorithms.HighamChapter10	5	import NumStability.Algorithms.Cholesky.CholeskyPSD	import Mathlib.Tactic.FieldSimp	1	NumStability.Algorithms.Cholesky.CholeskyPSD -> Mathlib.Tactic.FieldSimp	preserved_recursive	1
NumStability.Source.Higham.Chapter10.Section03.PositiveSemidefinite.PivotingAndScaling.Results	source	NumStability.Algorithms.HighamChapter10	5	import NumStability.Algorithms.Cholesky.CholeskyPSD	import Mathlib.Tactic.Linarith	1	NumStability.Algorithms.Cholesky.CholeskyPSD -> Mathlib.Tactic.Linarith	preserved_recursive	1
NumStability.Source.Higham.Chapter10.Section03.PositiveSemidefinite.PivotingAndScaling.Results	source	NumStability.Algorithms.HighamChapter10	5	import NumStability.Algorithms.Cholesky.CholeskyPSD	import Mathlib.Tactic.Ring	1	NumStability.Algorithms.Cholesky.CholeskyPSD -> Mathlib.Tactic.Ring	preserved_recursive	1
NumStability.Source.Higham.Chapter10.Section03.PositiveSemidefinite.PivotingAndScaling.Results	source	NumStability.Algorithms.HighamChapter10	5	import NumStability.Algorithms.Cholesky.CholeskyPSD	import NumStability.Algorithms.Cholesky.CholeskySpec	1	NumStability.Algorithms.Cholesky.CholeskyPSD -> NumStability.Algorithms.Cholesky.CholeskySpec	preserved_recursive	1
NumStability.Source.Higham.Chapter10.Section03.PositiveSemidefinite.PivotingAndScaling.Results	source	NumStability.Algorithms.HighamChapter10	5	import NumStability.Algorithms.Cholesky.CholeskyPSD	import NumStability.Algorithms.LU.GaussianElimination	1	NumStability.Algorithms.Cholesky.CholeskyPSD -> NumStability.Algorithms.LU.GaussianElimination	preserved_recursive	1
NumStability.Source.Higham.Chapter10.Section03.PositiveSemidefinite.PivotingAndScaling.Results	source	NumStability.Algorithms.HighamChapter10	5	import NumStability.Algorithms.Cholesky.CholeskyPSD	import NumStability.Algorithms.LinearSystems.Cholesky.PositiveSemidefinite.Basic	1	NumStability.Algorithms.Cholesky.CholeskyPSD -> NumStability.Algorithms.LinearSystems.Cholesky.PositiveSemidefinite.Basic	preserved_recursive	1
NumStability.Source.Higham.Chapter10.Section03.PositiveSemidefinite.PivotingAndScaling.Results	source	NumStability.Algorithms.HighamChapter10	5	import NumStability.Algorithms.Cholesky.CholeskyPSD	import NumStability.Analysis.Rounding	1	NumStability.Algorithms.Cholesky.CholeskyPSD -> NumStability.Analysis.Rounding	preserved_recursive	1
NumStability.Source.Higham.Chapter10.Section03.PositiveSemidefinite.PivotingAndScaling.Results	source	NumStability.Algorithms.HighamChapter10	5	import NumStability.Algorithms.Cholesky.CholeskyPSD	import NumStability.FloatingPoint.Model	1	NumStability.Algorithms.Cholesky.CholeskyPSD -> NumStability.FloatingPoint.Model	preserved_recursive	1
NumStability.Source.Higham.Chapter10.Section03.PositiveSemidefinite.PivotingAndScaling.Results	source	NumStability.Algorithms.HighamChapter10	5	import NumStability.Algorithms.Cholesky.CholeskyPSD	import NumStability.Source.Higham.Chapter10.Lemma13.KahanSharpness.CompletePivotingBound	1	NumStability.Algorithms.Cholesky.CholeskyPSD -> NumStability.Source.Higham.Chapter10.Lemma13.KahanSharpness.CompletePivotingBound	preserved_recursive	1
NumStability.Source.Higham.Chapter10.Section03.PositiveSemidefinite.PivotingAndScaling.Results	source	NumStability.Algorithms.HighamChapter10	5	import NumStability.Algorithms.Cholesky.CholeskyPSD	import NumStability.Source.Higham.Chapter10.Section03.PositiveSemidefinite.Existence	1	NumStability.Algorithms.Cholesky.CholeskyPSD -> NumStability.Source.Higham.Chapter10.Section03.PositiveSemidefinite.Existence	preserved_recursive	1
NumStability.Source.Higham.Chapter10.Section03.PositiveSemidefinite.PivotingAndScaling.Results	source	NumStability.Algorithms.HighamChapter10	5	import NumStability.Algorithms.Cholesky.CholeskyPSD	import NumStability.Source.Higham.Chapter10.Section03.PositiveSemidefinite.SchurComplement	1	NumStability.Algorithms.Cholesky.CholeskyPSD -> NumStability.Source.Higham.Chapter10.Section03.PositiveSemidefinite.SchurComplement	preserved_recursive	1
NumStability.Source.Higham.Chapter10.Section03.PositiveSemidefinite.PivotingAndScaling.Results	source	NumStability.Algorithms.HighamChapter10	5	import NumStability.Algorithms.Cholesky.CholeskyPSD	import NumStability.Source.Higham.Chapter10.Section03.PositiveSemidefinite.Termination	1	NumStability.Algorithms.Cholesky.CholeskyPSD -> NumStability.Source.Higham.Chapter10.Section03.PositiveSemidefinite.Termination	preserved_recursive	1
NumStability.Source.Higham.Chapter10.Section03.PositiveSemidefinite.PivotingAndScaling.Results	source	NumStability.Algorithms.HighamChapter10	5	import NumStability.Algorithms.Cholesky.CholeskyPSD	import NumStability.Source.Higham.Chapter10.Section03.PositiveSemidefinite.WNormBound	1	NumStability.Algorithms.Cholesky.CholeskyPSD -> NumStability.Source.Higham.Chapter10.Section03.PositiveSemidefinite.WNormBound	preserved_recursive	1
NumStability.Source.Higham.Chapter10.Section03.PositiveSemidefinite.PivotingAndScaling.Results	source	NumStability.Algorithms.HighamChapter10	5	import NumStability.Algorithms.Cholesky.CholeskyPSD	import NumStability.Source.Higham.Chapter10.Theorem14.CompletePivotedPSD.PsdErrorAnalysis	1	NumStability.Algorithms.Cholesky.CholeskyPSD -> NumStability.Source.Higham.Chapter10.Theorem14.CompletePivotedPSD.PsdErrorAnalysis	preserved_recursive	1
NumStability.Source.Higham.Chapter10.Section03.PositiveSemidefinite.PivotingAndScaling.Results	source	NumStability.Algorithms.HighamChapter10	6	import NumStability.Algorithms.Cholesky.CholeskySpec	import NumStability.Algorithms.Cholesky.CholeskySpec	0	NumStability.Algorithms.Cholesky.CholeskySpec	preserved_direct	1
NumStability.Source.Higham.Chapter10.Section03.PositiveSemidefinite.PivotingAndScaling.Results	source	NumStability.Algorithms.HighamChapter10	7	import NumStability.Algorithms.LinearSystems.Cholesky.ErrorAnalysis.Certificates	import NumStability.Algorithms.LinearSystems.Cholesky.ErrorAnalysis.Certificates	0	NumStability.Algorithms.LinearSystems.Cholesky.ErrorAnalysis.Certificates	preserved_direct	1
NumStability.Source.Higham.Chapter10.Section03.PositiveSemidefinite.PivotingAndScaling.Results	source	NumStability.Algorithms.HighamChapter10	8	import NumStability.Algorithms.LinearSystems.Cholesky.Perturbation.Basic	import NumStability.Algorithms.LinearSystems.Cholesky.Perturbation.Basic	0	NumStability.Algorithms.LinearSystems.Cholesky.Perturbation.Basic	preserved_direct	1
NumStability.Source.Higham.Chapter10.Section03.PositiveSemidefinite.PivotingAndScaling.Results	source	NumStability.Algorithms.HighamChapter10	9	import NumStability.Algorithms.LinearSystems.Cholesky.PositiveSemidefinite.KahanMatrix	import NumStability.Algorithms.LinearSystems.Cholesky.PositiveSemidefinite.KahanMatrix	0	NumStability.Algorithms.LinearSystems.Cholesky.PositiveSemidefinite.KahanMatrix	preserved_direct	1
NumStability.Source.Higham.Chapter10.Section03.PositiveSemidefinite.PivotingAndScaling.Results	source	NumStability.Algorithms.HighamChapter10	10	import NumStability.Algorithms.LinearSystems.Cholesky.PositiveSemidefinite.ScaledStage	import NumStability.Algorithms.LinearSystems.Cholesky.PositiveSemidefinite.ScaledStage	0	NumStability.Algorithms.LinearSystems.Cholesky.PositiveSemidefinite.ScaledStage	preserved_direct	1
NumStability.Source.Higham.Chapter10.Section03.PositiveSemidefinite.PivotingAndScaling.Results	source	NumStability.Algorithms.HighamChapter10	11	import NumStability.Analysis.MatrixNorms.EntrywiseAbsolute.Basic	import NumStability.Analysis.MatrixNorms.EntrywiseAbsolute.Basic	0	NumStability.Analysis.MatrixNorms.EntrywiseAbsolute.Basic	preserved_direct	1
NumStability.Source.Higham.Chapter10.Section03.PositiveSemidefinite.PivotingAndScaling.Results	source	NumStability.Algorithms.HighamChapter10	12	import NumStability.Analysis.MatrixNorms.SpectralExtrema.Basic	import NumStability.Analysis.MatrixNorms.SpectralExtrema.Basic	0	NumStability.Analysis.MatrixNorms.SpectralExtrema.Basic	preserved_direct	1
NumStability.Source.Higham.Chapter10.Section03.PositiveSemidefinite.PivotingAndScaling.Results	source	NumStability.Algorithms.HighamChapter10	13	import NumStability.Analysis.MatrixSpectral	import NumStability.Analysis.MatrixSpectral	0	NumStability.Analysis.MatrixSpectral	preserved_direct	1
NumStability.Source.Higham.Chapter10.Section03.PositiveSemidefinite.PivotingAndScaling.Results	source	NumStability.Algorithms.HighamChapter10	14	import NumStability.Source.Higham.Chapter09.Problems	import NumStability.Source.Higham.Chapter09.Problems	0	NumStability.Source.Higham.Chapter09.Problems	preserved_direct	1
NumStability.Source.Higham.Chapter10.Section03.PositiveSemidefinite.PivotingAndScaling.Results	source	NumStability.Algorithms.HighamChapter10	15	import NumStability.Source.Higham.Chapter09.Section01	import NumStability.Source.Higham.Chapter09.Section01	0	NumStability.Source.Higham.Chapter09.Section01	preserved_direct	1
NumStability.Source.Higham.Chapter10.Section03.PositiveSemidefinite.PivotingAndScaling.Results	source	NumStability.Algorithms.HighamChapter10	16	import NumStability.Source.Higham.Chapter09.Section02	import NumStability.Source.Higham.Chapter09.Section02	0	NumStability.Source.Higham.Chapter09.Section02	preserved_direct	1
NumStability.Source.Higham.Chapter10.Section03.PositiveSemidefinite.PivotingAndScaling.Results	source	NumStability.Algorithms.HighamChapter10	17	import NumStability.Source.Higham.Chapter09.Section03	import NumStability.Source.Higham.Chapter09.Section03	0	NumStability.Source.Higham.Chapter09.Section03	preserved_direct	1
NumStability.Source.Higham.Chapter10.Section03.PositiveSemidefinite.PivotingAndScaling.Results	source	NumStability.Algorithms.HighamChapter10	18	import NumStability.Source.Higham.Chapter09.Section04	import NumStability.Source.Higham.Chapter09.Section04	0	NumStability.Source.Higham.Chapter09.Section04	preserved_direct	1
NumStability.Source.Higham.Chapter10.Section03.PositiveSemidefinite.PivotingAndScaling.Results	source	NumStability.Algorithms.HighamChapter10	19	import NumStability.Source.Higham.Chapter09.Section05	import NumStability.Source.Higham.Chapter09.Section05	0	NumStability.Source.Higham.Chapter09.Section05	preserved_direct	1
NumStability.Source.Higham.Chapter10.Section03.PositiveSemidefinite.PivotingAndScaling.Results	source	NumStability.Algorithms.HighamChapter10	20	import NumStability.Source.Higham.Chapter09.Section06	import NumStability.Source.Higham.Chapter09.Section06	0	NumStability.Source.Higham.Chapter09.Section06	preserved_direct	1
NumStability.Source.Higham.Chapter10.Section03.PositiveSemidefinite.PivotingAndScaling.Results	source	NumStability.Algorithms.HighamChapter10	21	import NumStability.Source.Higham.Chapter09.Section08	import NumStability.Source.Higham.Chapter09.Section08	0	NumStability.Source.Higham.Chapter09.Section08	preserved_direct	1
NumStability.Source.Higham.Chapter10.Section03.PositiveSemidefinite.PivotingAndScaling.Results	source	NumStability.Algorithms.HighamChapter10	22	import NumStability.Source.Higham.Chapter09.Section10	import NumStability.Source.Higham.Chapter09.Section10	0	NumStability.Source.Higham.Chapter09.Section10	preserved_direct	1
NumStability.Source.Higham.Chapter10.Section03.PositiveSemidefinite.PivotingAndScaling.Results	source	NumStability.Algorithms.HighamChapter10	23	import NumStability.Source.Higham.Chapter09.Section11	import NumStability.Source.Higham.Chapter09.Section11	0	NumStability.Source.Higham.Chapter09.Section11	preserved_direct	1
NumStability.Source.Higham.Chapter10.Section03.PositiveSemidefinite.PivotingAndScaling.Results	source	NumStability.Algorithms.HighamChapter10	24	import NumStability.Source.Higham.Chapter10.Equation07.AbsoluteFactorNorm.Endpoints	import NumStability.Source.Higham.Chapter10.Equation07.AbsoluteFactorNorm.Endpoints	0	NumStability.Source.Higham.Chapter10.Equation07.AbsoluteFactorNorm.Endpoints	preserved_direct	1
NumStability.Source.Higham.Chapter10.Section03.PositiveSemidefinite.PivotingAndScaling.Results	source	NumStability.Algorithms.HighamChapter10	25	import NumStability.Source.Higham.Chapter10.Equation29.Mathias.Endpoints	import NumStability.Source.Higham.Chapter10.Equation29.Mathias.Endpoints	0	NumStability.Source.Higham.Chapter10.Equation29.Mathias.Endpoints	preserved_direct	1
NumStability.Source.Higham.Chapter10.Section03.PositiveSemidefinite.PivotingAndScaling.Results	source	NumStability.Algorithms.HighamChapter10	26	import NumStability.Source.Higham.Chapter10.Equation30.ComplexPositiveDefinite.Endpoints	import NumStability.Source.Higham.Chapter10.Equation30.ComplexPositiveDefinite.Endpoints	0	NumStability.Source.Higham.Chapter10.Equation30.ComplexPositiveDefinite.Endpoints	preserved_direct	1
NumStability.Source.Higham.Chapter10.Section03.PositiveSemidefinite.PivotingAndScaling.Results	source	NumStability.Algorithms.HighamChapter10	27	import NumStability.Source.Higham.Chapter10.Lemma11.PivotSequenceStability.Endpoints	import NumStability.Source.Higham.Chapter10.Lemma11.PivotSequenceStability.Endpoints	0	NumStability.Source.Higham.Chapter10.Lemma11.PivotSequenceStability.Endpoints	preserved_direct	1
NumStability.Source.Higham.Chapter10.Section03.PositiveSemidefinite.PivotingAndScaling.Results	source	NumStability.Algorithms.HighamChapter10	28	import NumStability.Source.Higham.Chapter10.Lemma13.KahanSharpness.Endpoints	import NumStability.Source.Higham.Chapter10.Lemma13.KahanSharpness.Endpoints	0	NumStability.Source.Higham.Chapter10.Lemma13.KahanSharpness.Endpoints	preserved_direct	1
NumStability.Source.Higham.Chapter10.Section03.PositiveSemidefinite.PivotingAndScaling.Results	source	NumStability.Algorithms.HighamChapter10	29	import NumStability.Source.Higham.Chapter10.Problem01.PositiveSemidefiniteEntries.Basic	import NumStability.Source.Higham.Chapter10.Problem01.PositiveSemidefiniteEntries.Basic	0	NumStability.Source.Higham.Chapter10.Problem01.PositiveSemidefiniteEntries.Basic	preserved_direct	1
NumStability.Source.Higham.Chapter10.Section03.PositiveSemidefinite.PivotingAndScaling.Results	source	NumStability.Algorithms.HighamChapter10	30	import NumStability.Source.Higham.Chapter10.Problem04.UnpivotedGrowth.Basic	import NumStability.Source.Higham.Chapter10.Problem04.UnpivotedGrowth.Basic	0	NumStability.Source.Higham.Chapter10.Problem04.UnpivotedGrowth.Basic	preserved_direct	1
NumStability.Source.Higham.Chapter10.Section03.PositiveSemidefinite.PivotingAndScaling.Results	source	NumStability.Algorithms.HighamChapter10	31	import NumStability.Source.Higham.Chapter10.Problem08.LeadingMinorsCounterexample.Basic	import NumStability.Source.Higham.Chapter10.Problem08.LeadingMinorsCounterexample.Basic	0	NumStability.Source.Higham.Chapter10.Problem08.LeadingMinorsCounterexample.Basic	preserved_direct	1
NumStability.Source.Higham.Chapter10.Section03.PositiveSemidefinite.PivotingAndScaling.Results	source	NumStability.Algorithms.HighamChapter10	32	import NumStability.Source.Higham.Chapter10.Section01.Factorization.Basic	import NumStability.Source.Higham.Chapter10.Section01.Factorization.Basic	0	NumStability.Source.Higham.Chapter10.Section01.Factorization.Basic	preserved_direct	1
NumStability.Source.Higham.Chapter10.Section03.PositiveSemidefinite.PivotingAndScaling.Results	source	NumStability.Algorithms.HighamChapter10	33	import NumStability.Source.Higham.Chapter10.Section02.ErrorAnalysis.Basic	import NumStability.Source.Higham.Chapter10.Section02.ErrorAnalysis.Basic	0	NumStability.Source.Higham.Chapter10.Section02.ErrorAnalysis.Basic	preserved_direct	1
NumStability.Source.Higham.Chapter10.Section03.PositiveSemidefinite.PivotingAndScaling.Results	source	NumStability.Algorithms.HighamChapter10	34	import NumStability.Source.Higham.Chapter10.Section03.PositiveSemidefinite.Endpoints	import NumStability.Source.Higham.Chapter10.Section03.PositiveSemidefinite.Endpoints	0	NumStability.Source.Higham.Chapter10.Section03.PositiveSemidefinite.Endpoints	preserved_direct	1
NumStability.Source.Higham.Chapter10.Section03.PositiveSemidefinite.PivotingAndScaling.Results	source	NumStability.Algorithms.HighamChapter10	35	import NumStability.Source.Higham.Chapter10.Section04.PositiveDefiniteSymmetricPart.Endpoints	import NumStability.Source.Higham.Chapter10.Section04.PositiveDefiniteSymmetricPart.Endpoints	0	NumStability.Source.Higham.Chapter10.Section04.PositiveDefiniteSymmetricPart.Endpoints	preserved_direct	1
NumStability.Source.Higham.Chapter10.Section03.PositiveSemidefinite.PivotingAndScaling.Results	source	NumStability.Algorithms.HighamChapter10	36	import NumStability.Source.Higham.Chapter10.Theorem06.RoundedCholesky.Endpoints	import NumStability.Source.Higham.Chapter10.Theorem06.RoundedCholesky.Endpoints	0	NumStability.Source.Higham.Chapter10.Theorem06.RoundedCholesky.Endpoints	preserved_direct	1
NumStability.Source.Higham.Chapter10.Section03.PositiveSemidefinite.PivotingAndScaling.Results	source	NumStability.Algorithms.HighamChapter10	37	import NumStability.Source.Higham.Chapter10.Theorem07.FailureVacuity.Endpoints	import NumStability.Source.Higham.Chapter10.Theorem07.FailureVacuity.Endpoints	0	NumStability.Source.Higham.Chapter10.Theorem07.FailureVacuity.Endpoints	preserved_direct	1
NumStability.Source.Higham.Chapter10.Section03.PositiveSemidefinite.PivotingAndScaling.Results	source	NumStability.Algorithms.HighamChapter10	38	import NumStability.Source.Higham.Chapter10.Theorem08.ComponentwisePerturbation.Endpoints	import NumStability.Source.Higham.Chapter10.Theorem08.ComponentwisePerturbation.Endpoints	0	NumStability.Source.Higham.Chapter10.Theorem08.ComponentwisePerturbation.Endpoints	preserved_direct	1
NumStability.Source.Higham.Chapter10.Section03.PositiveSemidefinite.PivotingAndScaling.Results	source	NumStability.Algorithms.HighamChapter10	39	import NumStability.Source.Higham.Chapter10.Theorem08.NormwiseDiscrepancy.Endpoints	import NumStability.Source.Higham.Chapter10.Theorem08.NormwiseDiscrepancy.Endpoints	0	NumStability.Source.Higham.Chapter10.Theorem08.NormwiseDiscrepancy.Endpoints	preserved_direct	1
NumStability.Source.Higham.Chapter10.Section03.PositiveSemidefinite.PivotingAndScaling.Results	source	NumStability.Algorithms.HighamChapter10	40	import NumStability.Source.Higham.Chapter10.Theorem14.CompletePivotedPSD.Endpoints	import NumStability.Source.Higham.Chapter10.Theorem14.CompletePivotedPSD.Endpoints	0	NumStability.Source.Higham.Chapter10.Theorem14.CompletePivotedPSD.Endpoints	preserved_direct	1
NumStability.Source.Higham.Chapter10.Section03.PositiveSemidefinite.QuadraticFormBounds.WeightedNorm	source	NumStability.Algorithms.Cholesky.CholeskyPSD	1	import Mathlib.Algebra.BigOperators.Field	import Mathlib.Algebra.BigOperators.Field	0	Mathlib.Algebra.BigOperators.Field	preserved_direct	1
NumStability.Source.Higham.Chapter10.Section03.PositiveSemidefinite.QuadraticFormBounds.WeightedNorm	source	NumStability.Algorithms.Cholesky.CholeskyPSD	2	import Mathlib.Algebra.BigOperators.Group.Finset.Basic	import Mathlib.Algebra.BigOperators.Group.Finset.Basic	0	Mathlib.Algebra.BigOperators.Group.Finset.Basic	preserved_direct	1
NumStability.Source.Higham.Chapter10.Section03.PositiveSemidefinite.QuadraticFormBounds.WeightedNorm	source	NumStability.Algorithms.Cholesky.CholeskyPSD	3	import Mathlib.Algebra.Order.BigOperators.Group.Finset	import Mathlib.Algebra.Order.BigOperators.Group.Finset	0	Mathlib.Algebra.Order.BigOperators.Group.Finset	preserved_direct	1
NumStability.Source.Higham.Chapter10.Section03.PositiveSemidefinite.QuadraticFormBounds.WeightedNorm	source	NumStability.Algorithms.Cholesky.CholeskyPSD	4	import Mathlib.Data.Real.Basic	import Mathlib.Data.Real.Basic	0	Mathlib.Data.Real.Basic	preserved_direct	1
NumStability.Source.Higham.Chapter10.Section03.PositiveSemidefinite.QuadraticFormBounds.WeightedNorm	source	NumStability.Algorithms.Cholesky.CholeskyPSD	5	import Mathlib.Data.Real.Sqrt	import Mathlib.Data.Real.Sqrt	0	Mathlib.Data.Real.Sqrt	preserved_direct	1
NumStability.Source.Higham.Chapter10.Section03.PositiveSemidefinite.QuadraticFormBounds.WeightedNorm	source	NumStability.Algorithms.Cholesky.CholeskyPSD	6	import Mathlib.LinearAlgebra.Matrix.Block	import Mathlib.LinearAlgebra.Matrix.Block	0	Mathlib.LinearAlgebra.Matrix.Block	preserved_direct	1
NumStability.Source.Higham.Chapter10.Section03.PositiveSemidefinite.QuadraticFormBounds.WeightedNorm	source	NumStability.Algorithms.Cholesky.CholeskyPSD	7	import Mathlib.LinearAlgebra.Matrix.NonsingularInverse	import Mathlib.LinearAlgebra.Matrix.NonsingularInverse	0	Mathlib.LinearAlgebra.Matrix.NonsingularInverse	preserved_direct	1
NumStability.Source.Higham.Chapter10.Section03.PositiveSemidefinite.QuadraticFormBounds.WeightedNorm	source	NumStability.Algorithms.Cholesky.CholeskyPSD	8	import Mathlib.LinearAlgebra.Matrix.Rank	import Mathlib.LinearAlgebra.Matrix.Rank	0	Mathlib.LinearAlgebra.Matrix.Rank	preserved_direct	1
NumStability.Source.Higham.Chapter10.Section03.PositiveSemidefinite.QuadraticFormBounds.WeightedNorm	source	NumStability.Algorithms.Cholesky.CholeskyPSD	9	import Mathlib.Tactic.FieldSimp	import Mathlib.Tactic.FieldSimp	0	Mathlib.Tactic.FieldSimp	preserved_direct	1
NumStability.Source.Higham.Chapter10.Section03.PositiveSemidefinite.QuadraticFormBounds.WeightedNorm	source	NumStability.Algorithms.Cholesky.CholeskyPSD	10	import Mathlib.Tactic.Linarith	import Mathlib.Tactic.Linarith	0	Mathlib.Tactic.Linarith	preserved_direct	1
NumStability.Source.Higham.Chapter10.Section03.PositiveSemidefinite.QuadraticFormBounds.WeightedNorm	source	NumStability.Algorithms.Cholesky.CholeskyPSD	11	import Mathlib.Tactic.Ring	import Mathlib.Tactic.Ring	0	Mathlib.Tactic.Ring	preserved_direct	1
NumStability.Source.Higham.Chapter10.Section03.PositiveSemidefinite.QuadraticFormBounds.WeightedNorm	source	NumStability.Algorithms.Cholesky.CholeskyPSD	12	import NumStability.Algorithms.Cholesky.CholeskySpec	import NumStability.Algorithms.Cholesky.CholeskySpec	0	NumStability.Algorithms.Cholesky.CholeskySpec	preserved_direct	1
NumStability.Source.Higham.Chapter10.Section03.PositiveSemidefinite.QuadraticFormBounds.WeightedNorm	source	NumStability.Algorithms.Cholesky.CholeskyPSD	13	import NumStability.Algorithms.LU.GaussianElimination	import NumStability.Algorithms.LU.GaussianElimination	0	NumStability.Algorithms.LU.GaussianElimination	preserved_direct	1
NumStability.Source.Higham.Chapter10.Section03.PositiveSemidefinite.QuadraticFormBounds.WeightedNorm	source	NumStability.Algorithms.Cholesky.CholeskyPSD	14	import NumStability.Algorithms.LinearSystems.Cholesky.PositiveSemidefinite.Basic	import NumStability.Algorithms.LinearSystems.Cholesky.PositiveSemidefinite.Basic	0	NumStability.Algorithms.LinearSystems.Cholesky.PositiveSemidefinite.Basic	preserved_direct	1
NumStability.Source.Higham.Chapter10.Section03.PositiveSemidefinite.QuadraticFormBounds.WeightedNorm	source	NumStability.Algorithms.Cholesky.CholeskyPSD	15	import NumStability.Analysis.Rounding	import NumStability.Analysis.Rounding	0	NumStability.Analysis.Rounding	preserved_direct	1
NumStability.Source.Higham.Chapter10.Section03.PositiveSemidefinite.QuadraticFormBounds.WeightedNorm	source	NumStability.Algorithms.Cholesky.CholeskyPSD	16	import NumStability.FloatingPoint.Model	import NumStability.FloatingPoint.Model	0	NumStability.FloatingPoint.Model	preserved_direct	1
NumStability.Source.Higham.Chapter10.Section03.PositiveSemidefinite.QuadraticFormBounds.WeightedNorm	source	NumStability.Algorithms.Cholesky.CholeskyPSD	17	import NumStability.Source.Higham.Chapter10.Lemma13.KahanSharpness.CompletePivotingBound	import NumStability.Source.Higham.Chapter10.Lemma13.KahanSharpness.CompletePivotingBound	0	NumStability.Source.Higham.Chapter10.Lemma13.KahanSharpness.CompletePivotingBound	preserved_direct	1
NumStability.Source.Higham.Chapter10.Section03.PositiveSemidefinite.QuadraticFormBounds.WeightedNorm	source	NumStability.Algorithms.Cholesky.CholeskyPSD	18	import NumStability.Source.Higham.Chapter10.Section03.PositiveSemidefinite.Existence	import NumStability.Source.Higham.Chapter10.Section03.PositiveSemidefinite.Existence	0	NumStability.Source.Higham.Chapter10.Section03.PositiveSemidefinite.Existence	preserved_direct	1
NumStability.Source.Higham.Chapter10.Section03.PositiveSemidefinite.QuadraticFormBounds.WeightedNorm	source	NumStability.Algorithms.Cholesky.CholeskyPSD	19	import NumStability.Source.Higham.Chapter10.Section03.PositiveSemidefinite.SchurComplement	import NumStability.Source.Higham.Chapter10.Section03.PositiveSemidefinite.SchurComplement	0	NumStability.Source.Higham.Chapter10.Section03.PositiveSemidefinite.SchurComplement	preserved_direct	1
NumStability.Source.Higham.Chapter10.Section03.PositiveSemidefinite.QuadraticFormBounds.WeightedNorm	source	NumStability.Algorithms.Cholesky.CholeskyPSD	20	import NumStability.Source.Higham.Chapter10.Section03.PositiveSemidefinite.Termination	import NumStability.Source.Higham.Chapter10.Section03.PositiveSemidefinite.Termination	0	NumStability.Source.Higham.Chapter10.Section03.PositiveSemidefinite.Termination	preserved_direct	1
NumStability.Source.Higham.Chapter10.Section03.PositiveSemidefinite.QuadraticFormBounds.WeightedNorm	source	NumStability.Algorithms.Cholesky.CholeskyPSD	21	import NumStability.Source.Higham.Chapter10.Section03.PositiveSemidefinite.WNormBound	import NumStability.Source.Higham.Chapter10.Section03.PositiveSemidefinite.WNormBound	0	NumStability.Source.Higham.Chapter10.Section03.PositiveSemidefinite.WNormBound	preserved_direct	1
NumStability.Source.Higham.Chapter10.Section03.PositiveSemidefinite.QuadraticFormBounds.WeightedNorm	source	NumStability.Algorithms.Cholesky.CholeskyPSD	22	import NumStability.Source.Higham.Chapter10.Theorem14.CompletePivotedPSD.PsdErrorAnalysis	import NumStability.Source.Higham.Chapter10.Theorem14.CompletePivotedPSD.PsdErrorAnalysis	0	NumStability.Source.Higham.Chapter10.Theorem14.CompletePivotedPSD.PsdErrorAnalysis	preserved_direct	1
NumStability.Source.Higham.Chapter10.Section03.PositiveSemidefinite.TrailingTermination.Bound	source	NumStability.Algorithms.Cholesky.CholeskyPSD	1	import Mathlib.Algebra.BigOperators.Field	import Mathlib.Algebra.BigOperators.Field	0	Mathlib.Algebra.BigOperators.Field	preserved_direct	1
NumStability.Source.Higham.Chapter10.Section03.PositiveSemidefinite.TrailingTermination.Bound	source	NumStability.Algorithms.Cholesky.CholeskyPSD	2	import Mathlib.Algebra.BigOperators.Group.Finset.Basic	import Mathlib.Algebra.BigOperators.Group.Finset.Basic	0	Mathlib.Algebra.BigOperators.Group.Finset.Basic	preserved_direct	1
NumStability.Source.Higham.Chapter10.Section03.PositiveSemidefinite.TrailingTermination.Bound	source	NumStability.Algorithms.Cholesky.CholeskyPSD	3	import Mathlib.Algebra.Order.BigOperators.Group.Finset	import Mathlib.Algebra.Order.BigOperators.Group.Finset	0	Mathlib.Algebra.Order.BigOperators.Group.Finset	preserved_direct	1
NumStability.Source.Higham.Chapter10.Section03.PositiveSemidefinite.TrailingTermination.Bound	source	NumStability.Algorithms.Cholesky.CholeskyPSD	4	import Mathlib.Data.Real.Basic	import Mathlib.Data.Real.Basic	0	Mathlib.Data.Real.Basic	preserved_direct	1
NumStability.Source.Higham.Chapter10.Section03.PositiveSemidefinite.TrailingTermination.Bound	source	NumStability.Algorithms.Cholesky.CholeskyPSD	5	import Mathlib.Data.Real.Sqrt	import Mathlib.Data.Real.Sqrt	0	Mathlib.Data.Real.Sqrt	preserved_direct	1
NumStability.Source.Higham.Chapter10.Section03.PositiveSemidefinite.TrailingTermination.Bound	source	NumStability.Algorithms.Cholesky.CholeskyPSD	6	import Mathlib.LinearAlgebra.Matrix.Block	import Mathlib.LinearAlgebra.Matrix.Block	0	Mathlib.LinearAlgebra.Matrix.Block	preserved_direct	1
NumStability.Source.Higham.Chapter10.Section03.PositiveSemidefinite.TrailingTermination.Bound	source	NumStability.Algorithms.Cholesky.CholeskyPSD	7	import Mathlib.LinearAlgebra.Matrix.NonsingularInverse	import Mathlib.LinearAlgebra.Matrix.NonsingularInverse	0	Mathlib.LinearAlgebra.Matrix.NonsingularInverse	preserved_direct	1
NumStability.Source.Higham.Chapter10.Section03.PositiveSemidefinite.TrailingTermination.Bound	source	NumStability.Algorithms.Cholesky.CholeskyPSD	8	import Mathlib.LinearAlgebra.Matrix.Rank	import Mathlib.LinearAlgebra.Matrix.Rank	0	Mathlib.LinearAlgebra.Matrix.Rank	preserved_direct	1
NumStability.Source.Higham.Chapter10.Section03.PositiveSemidefinite.TrailingTermination.Bound	source	NumStability.Algorithms.Cholesky.CholeskyPSD	9	import Mathlib.Tactic.FieldSimp	import Mathlib.Tactic.FieldSimp	0	Mathlib.Tactic.FieldSimp	preserved_direct	1
NumStability.Source.Higham.Chapter10.Section03.PositiveSemidefinite.TrailingTermination.Bound	source	NumStability.Algorithms.Cholesky.CholeskyPSD	10	import Mathlib.Tactic.Linarith	import Mathlib.Tactic.Linarith	0	Mathlib.Tactic.Linarith	preserved_direct	1
NumStability.Source.Higham.Chapter10.Section03.PositiveSemidefinite.TrailingTermination.Bound	source	NumStability.Algorithms.Cholesky.CholeskyPSD	11	import Mathlib.Tactic.Ring	import Mathlib.Tactic.Ring	0	Mathlib.Tactic.Ring	preserved_direct	1
NumStability.Source.Higham.Chapter10.Section03.PositiveSemidefinite.TrailingTermination.Bound	source	NumStability.Algorithms.Cholesky.CholeskyPSD	12	import NumStability.Algorithms.Cholesky.CholeskySpec	import NumStability.Algorithms.Cholesky.CholeskySpec	0	NumStability.Algorithms.Cholesky.CholeskySpec	preserved_direct	1
NumStability.Source.Higham.Chapter10.Section03.PositiveSemidefinite.TrailingTermination.Bound	source	NumStability.Algorithms.Cholesky.CholeskyPSD	13	import NumStability.Algorithms.LU.GaussianElimination	import NumStability.Algorithms.LU.GaussianElimination	0	NumStability.Algorithms.LU.GaussianElimination	preserved_direct	1
NumStability.Source.Higham.Chapter10.Section03.PositiveSemidefinite.TrailingTermination.Bound	source	NumStability.Algorithms.Cholesky.CholeskyPSD	14	import NumStability.Algorithms.LinearSystems.Cholesky.PositiveSemidefinite.Basic	import NumStability.Algorithms.LinearSystems.Cholesky.PositiveSemidefinite.Basic	0	NumStability.Algorithms.LinearSystems.Cholesky.PositiveSemidefinite.Basic	preserved_direct	1
NumStability.Source.Higham.Chapter10.Section03.PositiveSemidefinite.TrailingTermination.Bound	source	NumStability.Algorithms.Cholesky.CholeskyPSD	15	import NumStability.Analysis.Rounding	import NumStability.Analysis.Rounding	0	NumStability.Analysis.Rounding	preserved_direct	1
NumStability.Source.Higham.Chapter10.Section03.PositiveSemidefinite.TrailingTermination.Bound	source	NumStability.Algorithms.Cholesky.CholeskyPSD	16	import NumStability.FloatingPoint.Model	import NumStability.FloatingPoint.Model	0	NumStability.FloatingPoint.Model	preserved_direct	1
NumStability.Source.Higham.Chapter10.Section03.PositiveSemidefinite.TrailingTermination.Bound	source	NumStability.Algorithms.Cholesky.CholeskyPSD	17	import NumStability.Source.Higham.Chapter10.Lemma13.KahanSharpness.CompletePivotingBound	import NumStability.Source.Higham.Chapter10.Lemma13.KahanSharpness.CompletePivotingBound	0	NumStability.Source.Higham.Chapter10.Lemma13.KahanSharpness.CompletePivotingBound	preserved_direct	1
NumStability.Source.Higham.Chapter10.Section03.PositiveSemidefinite.TrailingTermination.Bound	source	NumStability.Algorithms.Cholesky.CholeskyPSD	18	import NumStability.Source.Higham.Chapter10.Section03.PositiveSemidefinite.Existence	import NumStability.Source.Higham.Chapter10.Section03.PositiveSemidefinite.Existence	0	NumStability.Source.Higham.Chapter10.Section03.PositiveSemidefinite.Existence	preserved_direct	1
NumStability.Source.Higham.Chapter10.Section03.PositiveSemidefinite.TrailingTermination.Bound	source	NumStability.Algorithms.Cholesky.CholeskyPSD	19	import NumStability.Source.Higham.Chapter10.Section03.PositiveSemidefinite.SchurComplement	import NumStability.Source.Higham.Chapter10.Section03.PositiveSemidefinite.SchurComplement	0	NumStability.Source.Higham.Chapter10.Section03.PositiveSemidefinite.SchurComplement	preserved_direct	1
NumStability.Source.Higham.Chapter10.Section03.PositiveSemidefinite.TrailingTermination.Bound	source	NumStability.Algorithms.Cholesky.CholeskyPSD	20	import NumStability.Source.Higham.Chapter10.Section03.PositiveSemidefinite.Termination	import NumStability.Source.Higham.Chapter10.Section03.PositiveSemidefinite.Termination	0	NumStability.Source.Higham.Chapter10.Section03.PositiveSemidefinite.Termination	preserved_direct	1
NumStability.Source.Higham.Chapter10.Section03.PositiveSemidefinite.TrailingTermination.Bound	source	NumStability.Algorithms.Cholesky.CholeskyPSD	21	import NumStability.Source.Higham.Chapter10.Section03.PositiveSemidefinite.WNormBound	import NumStability.Source.Higham.Chapter10.Section03.PositiveSemidefinite.WNormBound	0	NumStability.Source.Higham.Chapter10.Section03.PositiveSemidefinite.WNormBound	preserved_direct	1
NumStability.Source.Higham.Chapter10.Section03.PositiveSemidefinite.TrailingTermination.Bound	source	NumStability.Algorithms.Cholesky.CholeskyPSD	22	import NumStability.Source.Higham.Chapter10.Theorem14.CompletePivotedPSD.PsdErrorAnalysis	import NumStability.Source.Higham.Chapter10.Theorem14.CompletePivotedPSD.PsdErrorAnalysis	0	NumStability.Source.Higham.Chapter10.Theorem14.CompletePivotedPSD.PsdErrorAnalysis	preserved_direct	1
NumStability.Source.Higham.Chapter10.Section04.PositiveDefiniteSymmetricPart.LUGrowth.Equation29	source	NumStability.Algorithms.Cholesky.Higham1029Source	1	import NumStability.Algorithms.HighamChapter10	import Mathlib.Algebra.BigOperators.Field	2	NumStability.Algorithms.HighamChapter10 -> NumStability.Algorithms.Cholesky.CholeskyPSD -> Mathlib.Algebra.BigOperators.Field	preserved_recursive	1
NumStability.Source.Higham.Chapter10.Section04.PositiveDefiniteSymmetricPart.LUGrowth.Equation29	source	NumStability.Algorithms.Cholesky.Higham1029Source	1	import NumStability.Algorithms.HighamChapter10	import Mathlib.Algebra.BigOperators.Group.Finset.Basic	2	NumStability.Algorithms.HighamChapter10 -> NumStability.Algorithms.Cholesky.CholeskyPSD -> Mathlib.Algebra.BigOperators.Group.Finset.Basic	preserved_recursive	1
NumStability.Source.Higham.Chapter10.Section04.PositiveDefiniteSymmetricPart.LUGrowth.Equation29	source	NumStability.Algorithms.Cholesky.Higham1029Source	1	import NumStability.Algorithms.HighamChapter10	import Mathlib.Algebra.Order.BigOperators.Group.Finset	2	NumStability.Algorithms.HighamChapter10 -> NumStability.Algorithms.Cholesky.CholeskyPSD -> Mathlib.Algebra.Order.BigOperators.Group.Finset	preserved_recursive	1
NumStability.Source.Higham.Chapter10.Section04.PositiveDefiniteSymmetricPart.LUGrowth.Equation29	source	NumStability.Algorithms.Cholesky.Higham1029Source	1	import NumStability.Algorithms.HighamChapter10	import Mathlib.Data.Complex.Basic	1	NumStability.Algorithms.HighamChapter10 -> Mathlib.Data.Complex.Basic	preserved_recursive	1
NumStability.Source.Higham.Chapter10.Section04.PositiveDefiniteSymmetricPart.LUGrowth.Equation29	source	NumStability.Algorithms.Cholesky.Higham1029Source	1	import NumStability.Algorithms.HighamChapter10	import Mathlib.Data.Real.Basic	2	NumStability.Algorithms.HighamChapter10 -> NumStability.Algorithms.Cholesky.CholeskyPSD -> Mathlib.Data.Real.Basic	preserved_recursive	1
NumStability.Source.Higham.Chapter10.Section04.PositiveDefiniteSymmetricPart.LUGrowth.Equation29	source	NumStability.Algorithms.Cholesky.Higham1029Source	1	import NumStability.Algorithms.HighamChapter10	import Mathlib.Data.Real.Sqrt	2	NumStability.Algorithms.HighamChapter10 -> NumStability.Algorithms.Cholesky.CholeskyPSD -> Mathlib.Data.Real.Sqrt	preserved_recursive	1
NumStability.Source.Higham.Chapter10.Section04.PositiveDefiniteSymmetricPart.LUGrowth.Equation29	source	NumStability.Algorithms.Cholesky.Higham1029Source	1	import NumStability.Algorithms.HighamChapter10	import Mathlib.LinearAlgebra.Matrix.Block	2	NumStability.Algorithms.HighamChapter10 -> NumStability.Algorithms.Cholesky.CholeskyPSD -> Mathlib.LinearAlgebra.Matrix.Block	preserved_recursive	1
NumStability.Source.Higham.Chapter10.Section04.PositiveDefiniteSymmetricPart.LUGrowth.Equation29	source	NumStability.Algorithms.Cholesky.Higham1029Source	1	import NumStability.Algorithms.HighamChapter10	import Mathlib.LinearAlgebra.Matrix.NonsingularInverse	2	NumStability.Algorithms.HighamChapter10 -> NumStability.Algorithms.Cholesky.CholeskyPSD -> Mathlib.LinearAlgebra.Matrix.NonsingularInverse	preserved_recursive	1
NumStability.Source.Higham.Chapter10.Section04.PositiveDefiniteSymmetricPart.LUGrowth.Equation29	source	NumStability.Algorithms.Cholesky.Higham1029Source	1	import NumStability.Algorithms.HighamChapter10	import Mathlib.LinearAlgebra.Matrix.Rank	2	NumStability.Algorithms.HighamChapter10 -> NumStability.Algorithms.Cholesky.CholeskyPSD -> Mathlib.LinearAlgebra.Matrix.Rank	preserved_recursive	1
NumStability.Source.Higham.Chapter10.Section04.PositiveDefiniteSymmetricPart.LUGrowth.Equation29	source	NumStability.Algorithms.Cholesky.Higham1029Source	1	import NumStability.Algorithms.HighamChapter10	import Mathlib.Tactic.FieldSimp	2	NumStability.Algorithms.HighamChapter10 -> NumStability.Algorithms.Cholesky.CholeskyPSD -> Mathlib.Tactic.FieldSimp	preserved_recursive	1
NumStability.Source.Higham.Chapter10.Section04.PositiveDefiniteSymmetricPart.LUGrowth.Equation29	source	NumStability.Algorithms.Cholesky.Higham1029Source	1	import NumStability.Algorithms.HighamChapter10	import Mathlib.Tactic.Linarith	2	NumStability.Algorithms.HighamChapter10 -> NumStability.Algorithms.Cholesky.CholeskyPSD -> Mathlib.Tactic.Linarith	preserved_recursive	1
NumStability.Source.Higham.Chapter10.Section04.PositiveDefiniteSymmetricPart.LUGrowth.Equation29	source	NumStability.Algorithms.Cholesky.Higham1029Source	1	import NumStability.Algorithms.HighamChapter10	import Mathlib.Tactic.Ring	2	NumStability.Algorithms.HighamChapter10 -> NumStability.Algorithms.Cholesky.CholeskyPSD -> Mathlib.Tactic.Ring	preserved_recursive	1
NumStability.Source.Higham.Chapter10.Section04.PositiveDefiniteSymmetricPart.LUGrowth.Equation29	source	NumStability.Algorithms.Cholesky.Higham1029Source	1	import NumStability.Algorithms.HighamChapter10	import NumStability.Algorithms.Cholesky.CholeskyDemmel	1	NumStability.Algorithms.HighamChapter10 -> NumStability.Algorithms.Cholesky.CholeskyDemmel	preserved_recursive	1
NumStability.Source.Higham.Chapter10.Section04.PositiveDefiniteSymmetricPart.LUGrowth.Equation29	source	NumStability.Algorithms.Cholesky.Higham1029Source	1	import NumStability.Algorithms.HighamChapter10	import NumStability.Algorithms.Cholesky.CholeskyFl	1	NumStability.Algorithms.HighamChapter10 -> NumStability.Algorithms.Cholesky.CholeskyFl	preserved_recursive	1
NumStability.Source.Higham.Chapter10.Section04.PositiveDefiniteSymmetricPart.LUGrowth.Equation29	source	NumStability.Algorithms.Cholesky.Higham1029Source	1	import NumStability.Algorithms.HighamChapter10	import NumStability.Algorithms.Cholesky.CholeskyNonsym	1	NumStability.Algorithms.HighamChapter10 -> NumStability.Algorithms.Cholesky.CholeskyNonsym	preserved_recursive	1
NumStability.Source.Higham.Chapter10.Section04.PositiveDefiniteSymmetricPart.LUGrowth.Equation29	source	NumStability.Algorithms.Cholesky.Higham1029Source	1	import NumStability.Algorithms.HighamChapter10	import NumStability.Algorithms.Cholesky.CholeskySpec	2	NumStability.Algorithms.HighamChapter10 -> NumStability.Algorithms.Cholesky.CholeskyPSD -> NumStability.Algorithms.Cholesky.CholeskySpec	preserved_recursive	1
NumStability.Source.Higham.Chapter10.Section04.PositiveDefiniteSymmetricPart.LUGrowth.Equation29	source	NumStability.Algorithms.Cholesky.Higham1029Source	1	import NumStability.Algorithms.HighamChapter10	import NumStability.Algorithms.Cholesky.CholeskySpec	1	NumStability.Algorithms.HighamChapter10 -> NumStability.Algorithms.Cholesky.CholeskySpec	preserved_recursive	1
NumStability.Source.Higham.Chapter10.Section04.PositiveDefiniteSymmetricPart.LUGrowth.Equation29	source	NumStability.Algorithms.Cholesky.Higham1029Source	1	import NumStability.Algorithms.HighamChapter10	import NumStability.Algorithms.LU.GaussianElimination	2	NumStability.Algorithms.HighamChapter10 -> NumStability.Algorithms.Cholesky.CholeskyPSD -> NumStability.Algorithms.LU.GaussianElimination	preserved_recursive	1
NumStability.Source.Higham.Chapter10.Section04.PositiveDefiniteSymmetricPart.LUGrowth.Equation29	source	NumStability.Algorithms.Cholesky.Higham1029Source	1	import NumStability.Algorithms.HighamChapter10	import NumStability.Algorithms.LinearSystems.Cholesky.ErrorAnalysis.Certificates	1	NumStability.Algorithms.HighamChapter10 -> NumStability.Algorithms.LinearSystems.Cholesky.ErrorAnalysis.Certificates	preserved_recursive	1
NumStability.Source.Higham.Chapter10.Section04.PositiveDefiniteSymmetricPart.LUGrowth.Equation29	source	NumStability.Algorithms.Cholesky.Higham1029Source	1	import NumStability.Algorithms.HighamChapter10	import NumStability.Algorithms.LinearSystems.Cholesky.Perturbation.Basic	1	NumStability.Algorithms.HighamChapter10 -> NumStability.Algorithms.LinearSystems.Cholesky.Perturbation.Basic	preserved_recursive	1
NumStability.Source.Higham.Chapter10.Section04.PositiveDefiniteSymmetricPart.LUGrowth.Equation29	source	NumStability.Algorithms.Cholesky.Higham1029Source	1	import NumStability.Algorithms.HighamChapter10	import NumStability.Algorithms.LinearSystems.Cholesky.PositiveSemidefinite.Basic	2	NumStability.Algorithms.HighamChapter10 -> NumStability.Algorithms.Cholesky.CholeskyPSD -> NumStability.Algorithms.LinearSystems.Cholesky.PositiveSemidefinite.Basic	preserved_recursive	1
NumStability.Source.Higham.Chapter10.Section04.PositiveDefiniteSymmetricPart.LUGrowth.Equation29	source	NumStability.Algorithms.Cholesky.Higham1029Source	1	import NumStability.Algorithms.HighamChapter10	import NumStability.Algorithms.LinearSystems.Cholesky.PositiveSemidefinite.KahanMatrix	1	NumStability.Algorithms.HighamChapter10 -> NumStability.Algorithms.LinearSystems.Cholesky.PositiveSemidefinite.KahanMatrix	preserved_recursive	1
NumStability.Source.Higham.Chapter10.Section04.PositiveDefiniteSymmetricPart.LUGrowth.Equation29	source	NumStability.Algorithms.Cholesky.Higham1029Source	1	import NumStability.Algorithms.HighamChapter10	import NumStability.Algorithms.LinearSystems.Cholesky.PositiveSemidefinite.ScaledStage	1	NumStability.Algorithms.HighamChapter10 -> NumStability.Algorithms.LinearSystems.Cholesky.PositiveSemidefinite.ScaledStage	preserved_recursive	1
NumStability.Source.Higham.Chapter10.Section04.PositiveDefiniteSymmetricPart.LUGrowth.Equation29	source	NumStability.Algorithms.Cholesky.Higham1029Source	1	import NumStability.Algorithms.HighamChapter10	import NumStability.Analysis.MatrixNorms.EntrywiseAbsolute.Basic	1	NumStability.Algorithms.HighamChapter10 -> NumStability.Analysis.MatrixNorms.EntrywiseAbsolute.Basic	preserved_recursive	1
NumStability.Source.Higham.Chapter10.Section04.PositiveDefiniteSymmetricPart.LUGrowth.Equation29	source	NumStability.Algorithms.Cholesky.Higham1029Source	1	import NumStability.Algorithms.HighamChapter10	import NumStability.Analysis.MatrixNorms.SpectralExtrema.Basic	1	NumStability.Algorithms.HighamChapter10 -> NumStability.Analysis.MatrixNorms.SpectralExtrema.Basic	preserved_recursive	1
NumStability.Source.Higham.Chapter10.Section04.PositiveDefiniteSymmetricPart.LUGrowth.Equation29	source	NumStability.Algorithms.Cholesky.Higham1029Source	1	import NumStability.Algorithms.HighamChapter10	import NumStability.Analysis.MatrixSpectral	1	NumStability.Algorithms.HighamChapter10 -> NumStability.Analysis.MatrixSpectral	preserved_recursive	1
NumStability.Source.Higham.Chapter10.Section04.PositiveDefiniteSymmetricPart.LUGrowth.Equation29	source	NumStability.Algorithms.Cholesky.Higham1029Source	1	import NumStability.Algorithms.HighamChapter10	import NumStability.Analysis.Rounding	2	NumStability.Algorithms.HighamChapter10 -> NumStability.Algorithms.Cholesky.CholeskyPSD -> NumStability.Analysis.Rounding	preserved_recursive	1
NumStability.Source.Higham.Chapter10.Section04.PositiveDefiniteSymmetricPart.LUGrowth.Equation29	source	NumStability.Algorithms.Cholesky.Higham1029Source	1	import NumStability.Algorithms.HighamChapter10	import NumStability.FloatingPoint.Model	2	NumStability.Algorithms.HighamChapter10 -> NumStability.Algorithms.Cholesky.CholeskyPSD -> NumStability.FloatingPoint.Model	preserved_recursive	1
NumStability.Source.Higham.Chapter10.Section04.PositiveDefiniteSymmetricPart.LUGrowth.Equation29	source	NumStability.Algorithms.Cholesky.Higham1029Source	1	import NumStability.Algorithms.HighamChapter10	import NumStability.Source.Higham.Chapter09.Problems	1	NumStability.Algorithms.HighamChapter10 -> NumStability.Source.Higham.Chapter09.Problems	preserved_recursive	1
NumStability.Source.Higham.Chapter10.Section04.PositiveDefiniteSymmetricPart.LUGrowth.Equation29	source	NumStability.Algorithms.Cholesky.Higham1029Source	1	import NumStability.Algorithms.HighamChapter10	import NumStability.Source.Higham.Chapter09.Section01	1	NumStability.Algorithms.HighamChapter10 -> NumStability.Source.Higham.Chapter09.Section01	preserved_recursive	1
NumStability.Source.Higham.Chapter10.Section04.PositiveDefiniteSymmetricPart.LUGrowth.Equation29	source	NumStability.Algorithms.Cholesky.Higham1029Source	1	import NumStability.Algorithms.HighamChapter10	import NumStability.Source.Higham.Chapter09.Section02	1	NumStability.Algorithms.HighamChapter10 -> NumStability.Source.Higham.Chapter09.Section02	preserved_recursive	1
NumStability.Source.Higham.Chapter10.Section04.PositiveDefiniteSymmetricPart.LUGrowth.Equation29	source	NumStability.Algorithms.Cholesky.Higham1029Source	1	import NumStability.Algorithms.HighamChapter10	import NumStability.Source.Higham.Chapter09.Section03	1	NumStability.Algorithms.HighamChapter10 -> NumStability.Source.Higham.Chapter09.Section03	preserved_recursive	1
NumStability.Source.Higham.Chapter10.Section04.PositiveDefiniteSymmetricPart.LUGrowth.Equation29	source	NumStability.Algorithms.Cholesky.Higham1029Source	1	import NumStability.Algorithms.HighamChapter10	import NumStability.Source.Higham.Chapter09.Section04	1	NumStability.Algorithms.HighamChapter10 -> NumStability.Source.Higham.Chapter09.Section04	preserved_recursive	1
NumStability.Source.Higham.Chapter10.Section04.PositiveDefiniteSymmetricPart.LUGrowth.Equation29	source	NumStability.Algorithms.Cholesky.Higham1029Source	1	import NumStability.Algorithms.HighamChapter10	import NumStability.Source.Higham.Chapter09.Section05	1	NumStability.Algorithms.HighamChapter10 -> NumStability.Source.Higham.Chapter09.Section05	preserved_recursive	1
NumStability.Source.Higham.Chapter10.Section04.PositiveDefiniteSymmetricPart.LUGrowth.Equation29	source	NumStability.Algorithms.Cholesky.Higham1029Source	1	import NumStability.Algorithms.HighamChapter10	import NumStability.Source.Higham.Chapter09.Section06	1	NumStability.Algorithms.HighamChapter10 -> NumStability.Source.Higham.Chapter09.Section06	preserved_recursive	1
NumStability.Source.Higham.Chapter10.Section04.PositiveDefiniteSymmetricPart.LUGrowth.Equation29	source	NumStability.Algorithms.Cholesky.Higham1029Source	1	import NumStability.Algorithms.HighamChapter10	import NumStability.Source.Higham.Chapter09.Section08	1	NumStability.Algorithms.HighamChapter10 -> NumStability.Source.Higham.Chapter09.Section08	preserved_recursive	1
NumStability.Source.Higham.Chapter10.Section04.PositiveDefiniteSymmetricPart.LUGrowth.Equation29	source	NumStability.Algorithms.Cholesky.Higham1029Source	1	import NumStability.Algorithms.HighamChapter10	import NumStability.Source.Higham.Chapter09.Section10	1	NumStability.Algorithms.HighamChapter10 -> NumStability.Source.Higham.Chapter09.Section10	preserved_recursive	1
NumStability.Source.Higham.Chapter10.Section04.PositiveDefiniteSymmetricPart.LUGrowth.Equation29	source	NumStability.Algorithms.Cholesky.Higham1029Source	1	import NumStability.Algorithms.HighamChapter10	import NumStability.Source.Higham.Chapter09.Section11	1	NumStability.Algorithms.HighamChapter10 -> NumStability.Source.Higham.Chapter09.Section11	preserved_recursive	1
NumStability.Source.Higham.Chapter10.Section04.PositiveDefiniteSymmetricPart.LUGrowth.Equation29	source	NumStability.Algorithms.Cholesky.Higham1029Source	1	import NumStability.Algorithms.HighamChapter10	import NumStability.Source.Higham.Chapter10.Equation07.AbsoluteFactorNorm.Endpoints	1	NumStability.Algorithms.HighamChapter10 -> NumStability.Source.Higham.Chapter10.Equation07.AbsoluteFactorNorm.Endpoints	preserved_recursive	1
NumStability.Source.Higham.Chapter10.Section04.PositiveDefiniteSymmetricPart.LUGrowth.Equation29	source	NumStability.Algorithms.Cholesky.Higham1029Source	1	import NumStability.Algorithms.HighamChapter10	import NumStability.Source.Higham.Chapter10.Equation29.Mathias.Endpoints	1	NumStability.Algorithms.HighamChapter10 -> NumStability.Source.Higham.Chapter10.Equation29.Mathias.Endpoints	preserved_recursive	1
NumStability.Source.Higham.Chapter10.Section04.PositiveDefiniteSymmetricPart.LUGrowth.Equation29	source	NumStability.Algorithms.Cholesky.Higham1029Source	1	import NumStability.Algorithms.HighamChapter10	import NumStability.Source.Higham.Chapter10.Equation30.ComplexPositiveDefinite.Endpoints	1	NumStability.Algorithms.HighamChapter10 -> NumStability.Source.Higham.Chapter10.Equation30.ComplexPositiveDefinite.Endpoints	preserved_recursive	1
NumStability.Source.Higham.Chapter10.Section04.PositiveDefiniteSymmetricPart.LUGrowth.Equation29	source	NumStability.Algorithms.Cholesky.Higham1029Source	1	import NumStability.Algorithms.HighamChapter10	import NumStability.Source.Higham.Chapter10.Lemma11.PivotSequenceStability.Endpoints	1	NumStability.Algorithms.HighamChapter10 -> NumStability.Source.Higham.Chapter10.Lemma11.PivotSequenceStability.Endpoints	preserved_recursive	1
NumStability.Source.Higham.Chapter10.Section04.PositiveDefiniteSymmetricPart.LUGrowth.Equation29	source	NumStability.Algorithms.Cholesky.Higham1029Source	1	import NumStability.Algorithms.HighamChapter10	import NumStability.Source.Higham.Chapter10.Lemma13.KahanSharpness.CompletePivotingBound	2	NumStability.Algorithms.HighamChapter10 -> NumStability.Algorithms.Cholesky.CholeskyPSD -> NumStability.Source.Higham.Chapter10.Lemma13.KahanSharpness.CompletePivotingBound	preserved_recursive	1
NumStability.Source.Higham.Chapter10.Section04.PositiveDefiniteSymmetricPart.LUGrowth.Equation29	source	NumStability.Algorithms.Cholesky.Higham1029Source	1	import NumStability.Algorithms.HighamChapter10	import NumStability.Source.Higham.Chapter10.Lemma13.KahanSharpness.Endpoints	1	NumStability.Algorithms.HighamChapter10 -> NumStability.Source.Higham.Chapter10.Lemma13.KahanSharpness.Endpoints	preserved_recursive	1
NumStability.Source.Higham.Chapter10.Section04.PositiveDefiniteSymmetricPart.LUGrowth.Equation29	source	NumStability.Algorithms.Cholesky.Higham1029Source	1	import NumStability.Algorithms.HighamChapter10	import NumStability.Source.Higham.Chapter10.Problem01.PositiveSemidefiniteEntries.Basic	1	NumStability.Algorithms.HighamChapter10 -> NumStability.Source.Higham.Chapter10.Problem01.PositiveSemidefiniteEntries.Basic	preserved_recursive	1
NumStability.Source.Higham.Chapter10.Section04.PositiveDefiniteSymmetricPart.LUGrowth.Equation29	source	NumStability.Algorithms.Cholesky.Higham1029Source	1	import NumStability.Algorithms.HighamChapter10	import NumStability.Source.Higham.Chapter10.Problem04.UnpivotedGrowth.Basic	1	NumStability.Algorithms.HighamChapter10 -> NumStability.Source.Higham.Chapter10.Problem04.UnpivotedGrowth.Basic	preserved_recursive	1
NumStability.Source.Higham.Chapter10.Section04.PositiveDefiniteSymmetricPart.LUGrowth.Equation29	source	NumStability.Algorithms.Cholesky.Higham1029Source	1	import NumStability.Algorithms.HighamChapter10	import NumStability.Source.Higham.Chapter10.Problem08.LeadingMinorsCounterexample.Basic	1	NumStability.Algorithms.HighamChapter10 -> NumStability.Source.Higham.Chapter10.Problem08.LeadingMinorsCounterexample.Basic	preserved_recursive	1
NumStability.Source.Higham.Chapter10.Section04.PositiveDefiniteSymmetricPart.LUGrowth.Equation29	source	NumStability.Algorithms.Cholesky.Higham1029Source	1	import NumStability.Algorithms.HighamChapter10	import NumStability.Source.Higham.Chapter10.Section01.Factorization.Basic	1	NumStability.Algorithms.HighamChapter10 -> NumStability.Source.Higham.Chapter10.Section01.Factorization.Basic	preserved_recursive	1
NumStability.Source.Higham.Chapter10.Section04.PositiveDefiniteSymmetricPart.LUGrowth.Equation29	source	NumStability.Algorithms.Cholesky.Higham1029Source	1	import NumStability.Algorithms.HighamChapter10	import NumStability.Source.Higham.Chapter10.Section02.ErrorAnalysis.Basic	1	NumStability.Algorithms.HighamChapter10 -> NumStability.Source.Higham.Chapter10.Section02.ErrorAnalysis.Basic	preserved_recursive	1
NumStability.Source.Higham.Chapter10.Section04.PositiveDefiniteSymmetricPart.LUGrowth.Equation29	source	NumStability.Algorithms.Cholesky.Higham1029Source	1	import NumStability.Algorithms.HighamChapter10	import NumStability.Source.Higham.Chapter10.Section03.PositiveSemidefinite.Endpoints	1	NumStability.Algorithms.HighamChapter10 -> NumStability.Source.Higham.Chapter10.Section03.PositiveSemidefinite.Endpoints	preserved_recursive	1
NumStability.Source.Higham.Chapter10.Section04.PositiveDefiniteSymmetricPart.LUGrowth.Equation29	source	NumStability.Algorithms.Cholesky.Higham1029Source	1	import NumStability.Algorithms.HighamChapter10	import NumStability.Source.Higham.Chapter10.Section03.PositiveSemidefinite.Existence	2	NumStability.Algorithms.HighamChapter10 -> NumStability.Algorithms.Cholesky.CholeskyPSD -> NumStability.Source.Higham.Chapter10.Section03.PositiveSemidefinite.Existence	preserved_recursive	1
NumStability.Source.Higham.Chapter10.Section04.PositiveDefiniteSymmetricPart.LUGrowth.Equation29	source	NumStability.Algorithms.Cholesky.Higham1029Source	1	import NumStability.Algorithms.HighamChapter10	import NumStability.Source.Higham.Chapter10.Section03.PositiveSemidefinite.SchurComplement	2	NumStability.Algorithms.HighamChapter10 -> NumStability.Algorithms.Cholesky.CholeskyPSD -> NumStability.Source.Higham.Chapter10.Section03.PositiveSemidefinite.SchurComplement	preserved_recursive	1
NumStability.Source.Higham.Chapter10.Section04.PositiveDefiniteSymmetricPart.LUGrowth.Equation29	source	NumStability.Algorithms.Cholesky.Higham1029Source	1	import NumStability.Algorithms.HighamChapter10	import NumStability.Source.Higham.Chapter10.Section03.PositiveSemidefinite.Termination	2	NumStability.Algorithms.HighamChapter10 -> NumStability.Algorithms.Cholesky.CholeskyPSD -> NumStability.Source.Higham.Chapter10.Section03.PositiveSemidefinite.Termination	preserved_recursive	1
NumStability.Source.Higham.Chapter10.Section04.PositiveDefiniteSymmetricPart.LUGrowth.Equation29	source	NumStability.Algorithms.Cholesky.Higham1029Source	1	import NumStability.Algorithms.HighamChapter10	import NumStability.Source.Higham.Chapter10.Section03.PositiveSemidefinite.WNormBound	2	NumStability.Algorithms.HighamChapter10 -> NumStability.Algorithms.Cholesky.CholeskyPSD -> NumStability.Source.Higham.Chapter10.Section03.PositiveSemidefinite.WNormBound	preserved_recursive	1
NumStability.Source.Higham.Chapter10.Section04.PositiveDefiniteSymmetricPart.LUGrowth.Equation29	source	NumStability.Algorithms.Cholesky.Higham1029Source	1	import NumStability.Algorithms.HighamChapter10	import NumStability.Source.Higham.Chapter10.Section04.PositiveDefiniteSymmetricPart.Endpoints	1	NumStability.Algorithms.HighamChapter10 -> NumStability.Source.Higham.Chapter10.Section04.PositiveDefiniteSymmetricPart.Endpoints	preserved_recursive	1
NumStability.Source.Higham.Chapter10.Section04.PositiveDefiniteSymmetricPart.LUGrowth.Equation29	source	NumStability.Algorithms.Cholesky.Higham1029Source	1	import NumStability.Algorithms.HighamChapter10	import NumStability.Source.Higham.Chapter10.Theorem06.RoundedCholesky.Endpoints	1	NumStability.Algorithms.HighamChapter10 -> NumStability.Source.Higham.Chapter10.Theorem06.RoundedCholesky.Endpoints	preserved_recursive	1
NumStability.Source.Higham.Chapter10.Section04.PositiveDefiniteSymmetricPart.LUGrowth.Equation29	source	NumStability.Algorithms.Cholesky.Higham1029Source	1	import NumStability.Algorithms.HighamChapter10	import NumStability.Source.Higham.Chapter10.Theorem07.FailureVacuity.Endpoints	1	NumStability.Algorithms.HighamChapter10 -> NumStability.Source.Higham.Chapter10.Theorem07.FailureVacuity.Endpoints	preserved_recursive	1
NumStability.Source.Higham.Chapter10.Section04.PositiveDefiniteSymmetricPart.LUGrowth.Equation29	source	NumStability.Algorithms.Cholesky.Higham1029Source	1	import NumStability.Algorithms.HighamChapter10	import NumStability.Source.Higham.Chapter10.Theorem08.ComponentwisePerturbation.Endpoints	1	NumStability.Algorithms.HighamChapter10 -> NumStability.Source.Higham.Chapter10.Theorem08.ComponentwisePerturbation.Endpoints	preserved_recursive	1
NumStability.Source.Higham.Chapter10.Section04.PositiveDefiniteSymmetricPart.LUGrowth.Equation29	source	NumStability.Algorithms.Cholesky.Higham1029Source	1	import NumStability.Algorithms.HighamChapter10	import NumStability.Source.Higham.Chapter10.Theorem08.NormwiseDiscrepancy.Endpoints	1	NumStability.Algorithms.HighamChapter10 -> NumStability.Source.Higham.Chapter10.Theorem08.NormwiseDiscrepancy.Endpoints	preserved_recursive	1
NumStability.Source.Higham.Chapter10.Section04.PositiveDefiniteSymmetricPart.LUGrowth.Equation29	source	NumStability.Algorithms.Cholesky.Higham1029Source	1	import NumStability.Algorithms.HighamChapter10	import NumStability.Source.Higham.Chapter10.Theorem14.CompletePivotedPSD.Endpoints	1	NumStability.Algorithms.HighamChapter10 -> NumStability.Source.Higham.Chapter10.Theorem14.CompletePivotedPSD.Endpoints	preserved_recursive	1
NumStability.Source.Higham.Chapter10.Section04.PositiveDefiniteSymmetricPart.LUGrowth.Equation29	source	NumStability.Algorithms.Cholesky.Higham1029Source	1	import NumStability.Algorithms.HighamChapter10	import NumStability.Source.Higham.Chapter10.Theorem14.CompletePivotedPSD.PsdErrorAnalysis	2	NumStability.Algorithms.HighamChapter10 -> NumStability.Algorithms.Cholesky.CholeskyPSD -> NumStability.Source.Higham.Chapter10.Theorem14.CompletePivotedPSD.PsdErrorAnalysis	preserved_recursive	1
NumStability.Source.Higham.Chapter10.Section04.PositiveDefiniteSymmetricPart.LUGrowth.Equation29	source	NumStability.Algorithms.Cholesky.Higham1029Source	2	import NumStability.Source.Higham.Chapter10.Section04.PositiveDefiniteSymmetricPart.Equation29	import NumStability.Source.Higham.Chapter10.Section04.PositiveDefiniteSymmetricPart.Equation29	0	NumStability.Source.Higham.Chapter10.Section04.PositiveDefiniteSymmetricPart.Equation29	preserved_direct	1
NumStability.Source.Higham.Chapter10.Section04.PositiveDefiniteSymmetricPart.SchurStages.Bounds	source	NumStability.Algorithms.HighamChapter10	1	import Mathlib.Data.Complex.Basic	import Mathlib.Data.Complex.Basic	0	Mathlib.Data.Complex.Basic	preserved_direct	1
NumStability.Source.Higham.Chapter10.Section04.PositiveDefiniteSymmetricPart.SchurStages.Bounds	source	NumStability.Algorithms.HighamChapter10	2	import NumStability.Algorithms.Cholesky.CholeskyDemmel	import NumStability.Algorithms.Cholesky.CholeskyDemmel	0	NumStability.Algorithms.Cholesky.CholeskyDemmel	preserved_direct	1
NumStability.Source.Higham.Chapter10.Section04.PositiveDefiniteSymmetricPart.SchurStages.Bounds	source	NumStability.Algorithms.HighamChapter10	3	import NumStability.Algorithms.Cholesky.CholeskyFl	import NumStability.Algorithms.Cholesky.CholeskyFl	0	NumStability.Algorithms.Cholesky.CholeskyFl	preserved_direct	1
NumStability.Source.Higham.Chapter10.Section04.PositiveDefiniteSymmetricPart.SchurStages.Bounds	source	NumStability.Algorithms.HighamChapter10	4	import NumStability.Algorithms.Cholesky.CholeskyNonsym	import NumStability.Algorithms.Cholesky.CholeskyNonsym	0	NumStability.Algorithms.Cholesky.CholeskyNonsym	preserved_direct	1
NumStability.Source.Higham.Chapter10.Section04.PositiveDefiniteSymmetricPart.SchurStages.Bounds	source	NumStability.Algorithms.HighamChapter10	5	import NumStability.Algorithms.Cholesky.CholeskyPSD	import Mathlib.Algebra.BigOperators.Field	1	NumStability.Algorithms.Cholesky.CholeskyPSD -> Mathlib.Algebra.BigOperators.Field	preserved_recursive	1
NumStability.Source.Higham.Chapter10.Section04.PositiveDefiniteSymmetricPart.SchurStages.Bounds	source	NumStability.Algorithms.HighamChapter10	5	import NumStability.Algorithms.Cholesky.CholeskyPSD	import Mathlib.Algebra.BigOperators.Group.Finset.Basic	1	NumStability.Algorithms.Cholesky.CholeskyPSD -> Mathlib.Algebra.BigOperators.Group.Finset.Basic	preserved_recursive	1
NumStability.Source.Higham.Chapter10.Section04.PositiveDefiniteSymmetricPart.SchurStages.Bounds	source	NumStability.Algorithms.HighamChapter10	5	import NumStability.Algorithms.Cholesky.CholeskyPSD	import Mathlib.Algebra.Order.BigOperators.Group.Finset	1	NumStability.Algorithms.Cholesky.CholeskyPSD -> Mathlib.Algebra.Order.BigOperators.Group.Finset	preserved_recursive	1
NumStability.Source.Higham.Chapter10.Section04.PositiveDefiniteSymmetricPart.SchurStages.Bounds	source	NumStability.Algorithms.HighamChapter10	5	import NumStability.Algorithms.Cholesky.CholeskyPSD	import Mathlib.Data.Real.Basic	1	NumStability.Algorithms.Cholesky.CholeskyPSD -> Mathlib.Data.Real.Basic	preserved_recursive	1
NumStability.Source.Higham.Chapter10.Section04.PositiveDefiniteSymmetricPart.SchurStages.Bounds	source	NumStability.Algorithms.HighamChapter10	5	import NumStability.Algorithms.Cholesky.CholeskyPSD	import Mathlib.Data.Real.Sqrt	1	NumStability.Algorithms.Cholesky.CholeskyPSD -> Mathlib.Data.Real.Sqrt	preserved_recursive	1
NumStability.Source.Higham.Chapter10.Section04.PositiveDefiniteSymmetricPart.SchurStages.Bounds	source	NumStability.Algorithms.HighamChapter10	5	import NumStability.Algorithms.Cholesky.CholeskyPSD	import Mathlib.LinearAlgebra.Matrix.Block	1	NumStability.Algorithms.Cholesky.CholeskyPSD -> Mathlib.LinearAlgebra.Matrix.Block	preserved_recursive	1
NumStability.Source.Higham.Chapter10.Section04.PositiveDefiniteSymmetricPart.SchurStages.Bounds	source	NumStability.Algorithms.HighamChapter10	5	import NumStability.Algorithms.Cholesky.CholeskyPSD	import Mathlib.LinearAlgebra.Matrix.NonsingularInverse	1	NumStability.Algorithms.Cholesky.CholeskyPSD -> Mathlib.LinearAlgebra.Matrix.NonsingularInverse	preserved_recursive	1
NumStability.Source.Higham.Chapter10.Section04.PositiveDefiniteSymmetricPart.SchurStages.Bounds	source	NumStability.Algorithms.HighamChapter10	5	import NumStability.Algorithms.Cholesky.CholeskyPSD	import Mathlib.LinearAlgebra.Matrix.Rank	1	NumStability.Algorithms.Cholesky.CholeskyPSD -> Mathlib.LinearAlgebra.Matrix.Rank	preserved_recursive	1
NumStability.Source.Higham.Chapter10.Section04.PositiveDefiniteSymmetricPart.SchurStages.Bounds	source	NumStability.Algorithms.HighamChapter10	5	import NumStability.Algorithms.Cholesky.CholeskyPSD	import Mathlib.Tactic.FieldSimp	1	NumStability.Algorithms.Cholesky.CholeskyPSD -> Mathlib.Tactic.FieldSimp	preserved_recursive	1
NumStability.Source.Higham.Chapter10.Section04.PositiveDefiniteSymmetricPart.SchurStages.Bounds	source	NumStability.Algorithms.HighamChapter10	5	import NumStability.Algorithms.Cholesky.CholeskyPSD	import Mathlib.Tactic.Linarith	1	NumStability.Algorithms.Cholesky.CholeskyPSD -> Mathlib.Tactic.Linarith	preserved_recursive	1
NumStability.Source.Higham.Chapter10.Section04.PositiveDefiniteSymmetricPart.SchurStages.Bounds	source	NumStability.Algorithms.HighamChapter10	5	import NumStability.Algorithms.Cholesky.CholeskyPSD	import Mathlib.Tactic.Ring	1	NumStability.Algorithms.Cholesky.CholeskyPSD -> Mathlib.Tactic.Ring	preserved_recursive	1
NumStability.Source.Higham.Chapter10.Section04.PositiveDefiniteSymmetricPart.SchurStages.Bounds	source	NumStability.Algorithms.HighamChapter10	5	import NumStability.Algorithms.Cholesky.CholeskyPSD	import NumStability.Algorithms.Cholesky.CholeskySpec	1	NumStability.Algorithms.Cholesky.CholeskyPSD -> NumStability.Algorithms.Cholesky.CholeskySpec	preserved_recursive	1
NumStability.Source.Higham.Chapter10.Section04.PositiveDefiniteSymmetricPart.SchurStages.Bounds	source	NumStability.Algorithms.HighamChapter10	5	import NumStability.Algorithms.Cholesky.CholeskyPSD	import NumStability.Algorithms.LU.GaussianElimination	1	NumStability.Algorithms.Cholesky.CholeskyPSD -> NumStability.Algorithms.LU.GaussianElimination	preserved_recursive	1
NumStability.Source.Higham.Chapter10.Section04.PositiveDefiniteSymmetricPart.SchurStages.Bounds	source	NumStability.Algorithms.HighamChapter10	5	import NumStability.Algorithms.Cholesky.CholeskyPSD	import NumStability.Algorithms.LinearSystems.Cholesky.PositiveSemidefinite.Basic	1	NumStability.Algorithms.Cholesky.CholeskyPSD -> NumStability.Algorithms.LinearSystems.Cholesky.PositiveSemidefinite.Basic	preserved_recursive	1
NumStability.Source.Higham.Chapter10.Section04.PositiveDefiniteSymmetricPart.SchurStages.Bounds	source	NumStability.Algorithms.HighamChapter10	5	import NumStability.Algorithms.Cholesky.CholeskyPSD	import NumStability.Analysis.Rounding	1	NumStability.Algorithms.Cholesky.CholeskyPSD -> NumStability.Analysis.Rounding	preserved_recursive	1
NumStability.Source.Higham.Chapter10.Section04.PositiveDefiniteSymmetricPart.SchurStages.Bounds	source	NumStability.Algorithms.HighamChapter10	5	import NumStability.Algorithms.Cholesky.CholeskyPSD	import NumStability.FloatingPoint.Model	1	NumStability.Algorithms.Cholesky.CholeskyPSD -> NumStability.FloatingPoint.Model	preserved_recursive	1
NumStability.Source.Higham.Chapter10.Section04.PositiveDefiniteSymmetricPart.SchurStages.Bounds	source	NumStability.Algorithms.HighamChapter10	5	import NumStability.Algorithms.Cholesky.CholeskyPSD	import NumStability.Source.Higham.Chapter10.Lemma13.KahanSharpness.CompletePivotingBound	1	NumStability.Algorithms.Cholesky.CholeskyPSD -> NumStability.Source.Higham.Chapter10.Lemma13.KahanSharpness.CompletePivotingBound	preserved_recursive	1
NumStability.Source.Higham.Chapter10.Section04.PositiveDefiniteSymmetricPart.SchurStages.Bounds	source	NumStability.Algorithms.HighamChapter10	5	import NumStability.Algorithms.Cholesky.CholeskyPSD	import NumStability.Source.Higham.Chapter10.Section03.PositiveSemidefinite.Existence	1	NumStability.Algorithms.Cholesky.CholeskyPSD -> NumStability.Source.Higham.Chapter10.Section03.PositiveSemidefinite.Existence	preserved_recursive	1
NumStability.Source.Higham.Chapter10.Section04.PositiveDefiniteSymmetricPart.SchurStages.Bounds	source	NumStability.Algorithms.HighamChapter10	5	import NumStability.Algorithms.Cholesky.CholeskyPSD	import NumStability.Source.Higham.Chapter10.Section03.PositiveSemidefinite.SchurComplement	1	NumStability.Algorithms.Cholesky.CholeskyPSD -> NumStability.Source.Higham.Chapter10.Section03.PositiveSemidefinite.SchurComplement	preserved_recursive	1
NumStability.Source.Higham.Chapter10.Section04.PositiveDefiniteSymmetricPart.SchurStages.Bounds	source	NumStability.Algorithms.HighamChapter10	5	import NumStability.Algorithms.Cholesky.CholeskyPSD	import NumStability.Source.Higham.Chapter10.Section03.PositiveSemidefinite.Termination	1	NumStability.Algorithms.Cholesky.CholeskyPSD -> NumStability.Source.Higham.Chapter10.Section03.PositiveSemidefinite.Termination	preserved_recursive	1
NumStability.Source.Higham.Chapter10.Section04.PositiveDefiniteSymmetricPart.SchurStages.Bounds	source	NumStability.Algorithms.HighamChapter10	5	import NumStability.Algorithms.Cholesky.CholeskyPSD	import NumStability.Source.Higham.Chapter10.Section03.PositiveSemidefinite.WNormBound	1	NumStability.Algorithms.Cholesky.CholeskyPSD -> NumStability.Source.Higham.Chapter10.Section03.PositiveSemidefinite.WNormBound	preserved_recursive	1
NumStability.Source.Higham.Chapter10.Section04.PositiveDefiniteSymmetricPart.SchurStages.Bounds	source	NumStability.Algorithms.HighamChapter10	5	import NumStability.Algorithms.Cholesky.CholeskyPSD	import NumStability.Source.Higham.Chapter10.Theorem14.CompletePivotedPSD.PsdErrorAnalysis	1	NumStability.Algorithms.Cholesky.CholeskyPSD -> NumStability.Source.Higham.Chapter10.Theorem14.CompletePivotedPSD.PsdErrorAnalysis	preserved_recursive	1
NumStability.Source.Higham.Chapter10.Section04.PositiveDefiniteSymmetricPart.SchurStages.Bounds	source	NumStability.Algorithms.HighamChapter10	6	import NumStability.Algorithms.Cholesky.CholeskySpec	import NumStability.Algorithms.Cholesky.CholeskySpec	0	NumStability.Algorithms.Cholesky.CholeskySpec	preserved_direct	1
NumStability.Source.Higham.Chapter10.Section04.PositiveDefiniteSymmetricPart.SchurStages.Bounds	source	NumStability.Algorithms.HighamChapter10	7	import NumStability.Algorithms.LinearSystems.Cholesky.ErrorAnalysis.Certificates	import NumStability.Algorithms.LinearSystems.Cholesky.ErrorAnalysis.Certificates	0	NumStability.Algorithms.LinearSystems.Cholesky.ErrorAnalysis.Certificates	preserved_direct	1
NumStability.Source.Higham.Chapter10.Section04.PositiveDefiniteSymmetricPart.SchurStages.Bounds	source	NumStability.Algorithms.HighamChapter10	8	import NumStability.Algorithms.LinearSystems.Cholesky.Perturbation.Basic	import NumStability.Algorithms.LinearSystems.Cholesky.Perturbation.Basic	0	NumStability.Algorithms.LinearSystems.Cholesky.Perturbation.Basic	preserved_direct	1
NumStability.Source.Higham.Chapter10.Section04.PositiveDefiniteSymmetricPart.SchurStages.Bounds	source	NumStability.Algorithms.HighamChapter10	9	import NumStability.Algorithms.LinearSystems.Cholesky.PositiveSemidefinite.KahanMatrix	import NumStability.Algorithms.LinearSystems.Cholesky.PositiveSemidefinite.KahanMatrix	0	NumStability.Algorithms.LinearSystems.Cholesky.PositiveSemidefinite.KahanMatrix	preserved_direct	1
NumStability.Source.Higham.Chapter10.Section04.PositiveDefiniteSymmetricPart.SchurStages.Bounds	source	NumStability.Algorithms.HighamChapter10	10	import NumStability.Algorithms.LinearSystems.Cholesky.PositiveSemidefinite.ScaledStage	import NumStability.Algorithms.LinearSystems.Cholesky.PositiveSemidefinite.ScaledStage	0	NumStability.Algorithms.LinearSystems.Cholesky.PositiveSemidefinite.ScaledStage	preserved_direct	1
NumStability.Source.Higham.Chapter10.Section04.PositiveDefiniteSymmetricPart.SchurStages.Bounds	source	NumStability.Algorithms.HighamChapter10	11	import NumStability.Analysis.MatrixNorms.EntrywiseAbsolute.Basic	import NumStability.Analysis.MatrixNorms.EntrywiseAbsolute.Basic	0	NumStability.Analysis.MatrixNorms.EntrywiseAbsolute.Basic	preserved_direct	1
NumStability.Source.Higham.Chapter10.Section04.PositiveDefiniteSymmetricPart.SchurStages.Bounds	source	NumStability.Algorithms.HighamChapter10	12	import NumStability.Analysis.MatrixNorms.SpectralExtrema.Basic	import NumStability.Analysis.MatrixNorms.SpectralExtrema.Basic	0	NumStability.Analysis.MatrixNorms.SpectralExtrema.Basic	preserved_direct	1
NumStability.Source.Higham.Chapter10.Section04.PositiveDefiniteSymmetricPart.SchurStages.Bounds	source	NumStability.Algorithms.HighamChapter10	13	import NumStability.Analysis.MatrixSpectral	import NumStability.Analysis.MatrixSpectral	0	NumStability.Analysis.MatrixSpectral	preserved_direct	1
NumStability.Source.Higham.Chapter10.Section04.PositiveDefiniteSymmetricPart.SchurStages.Bounds	source	NumStability.Algorithms.HighamChapter10	14	import NumStability.Source.Higham.Chapter09.Problems	import NumStability.Source.Higham.Chapter09.Problems	0	NumStability.Source.Higham.Chapter09.Problems	preserved_direct	1
NumStability.Source.Higham.Chapter10.Section04.PositiveDefiniteSymmetricPart.SchurStages.Bounds	source	NumStability.Algorithms.HighamChapter10	15	import NumStability.Source.Higham.Chapter09.Section01	import NumStability.Source.Higham.Chapter09.Section01	0	NumStability.Source.Higham.Chapter09.Section01	preserved_direct	1
NumStability.Source.Higham.Chapter10.Section04.PositiveDefiniteSymmetricPart.SchurStages.Bounds	source	NumStability.Algorithms.HighamChapter10	16	import NumStability.Source.Higham.Chapter09.Section02	import NumStability.Source.Higham.Chapter09.Section02	0	NumStability.Source.Higham.Chapter09.Section02	preserved_direct	1
NumStability.Source.Higham.Chapter10.Section04.PositiveDefiniteSymmetricPart.SchurStages.Bounds	source	NumStability.Algorithms.HighamChapter10	17	import NumStability.Source.Higham.Chapter09.Section03	import NumStability.Source.Higham.Chapter09.Section03	0	NumStability.Source.Higham.Chapter09.Section03	preserved_direct	1
NumStability.Source.Higham.Chapter10.Section04.PositiveDefiniteSymmetricPart.SchurStages.Bounds	source	NumStability.Algorithms.HighamChapter10	18	import NumStability.Source.Higham.Chapter09.Section04	import NumStability.Source.Higham.Chapter09.Section04	0	NumStability.Source.Higham.Chapter09.Section04	preserved_direct	1
NumStability.Source.Higham.Chapter10.Section04.PositiveDefiniteSymmetricPart.SchurStages.Bounds	source	NumStability.Algorithms.HighamChapter10	19	import NumStability.Source.Higham.Chapter09.Section05	import NumStability.Source.Higham.Chapter09.Section05	0	NumStability.Source.Higham.Chapter09.Section05	preserved_direct	1
NumStability.Source.Higham.Chapter10.Section04.PositiveDefiniteSymmetricPart.SchurStages.Bounds	source	NumStability.Algorithms.HighamChapter10	20	import NumStability.Source.Higham.Chapter09.Section06	import NumStability.Source.Higham.Chapter09.Section06	0	NumStability.Source.Higham.Chapter09.Section06	preserved_direct	1
NumStability.Source.Higham.Chapter10.Section04.PositiveDefiniteSymmetricPart.SchurStages.Bounds	source	NumStability.Algorithms.HighamChapter10	21	import NumStability.Source.Higham.Chapter09.Section08	import NumStability.Source.Higham.Chapter09.Section08	0	NumStability.Source.Higham.Chapter09.Section08	preserved_direct	1
NumStability.Source.Higham.Chapter10.Section04.PositiveDefiniteSymmetricPart.SchurStages.Bounds	source	NumStability.Algorithms.HighamChapter10	22	import NumStability.Source.Higham.Chapter09.Section10	import NumStability.Source.Higham.Chapter09.Section10	0	NumStability.Source.Higham.Chapter09.Section10	preserved_direct	1
NumStability.Source.Higham.Chapter10.Section04.PositiveDefiniteSymmetricPart.SchurStages.Bounds	source	NumStability.Algorithms.HighamChapter10	23	import NumStability.Source.Higham.Chapter09.Section11	import NumStability.Source.Higham.Chapter09.Section11	0	NumStability.Source.Higham.Chapter09.Section11	preserved_direct	1
NumStability.Source.Higham.Chapter10.Section04.PositiveDefiniteSymmetricPart.SchurStages.Bounds	source	NumStability.Algorithms.HighamChapter10	24	import NumStability.Source.Higham.Chapter10.Equation07.AbsoluteFactorNorm.Endpoints	import NumStability.Source.Higham.Chapter10.Equation07.AbsoluteFactorNorm.Endpoints	0	NumStability.Source.Higham.Chapter10.Equation07.AbsoluteFactorNorm.Endpoints	preserved_direct	1
NumStability.Source.Higham.Chapter10.Section04.PositiveDefiniteSymmetricPart.SchurStages.Bounds	source	NumStability.Algorithms.HighamChapter10	25	import NumStability.Source.Higham.Chapter10.Equation29.Mathias.Endpoints	import NumStability.Source.Higham.Chapter10.Equation29.Mathias.Endpoints	0	NumStability.Source.Higham.Chapter10.Equation29.Mathias.Endpoints	preserved_direct	1
NumStability.Source.Higham.Chapter10.Section04.PositiveDefiniteSymmetricPart.SchurStages.Bounds	source	NumStability.Algorithms.HighamChapter10	26	import NumStability.Source.Higham.Chapter10.Equation30.ComplexPositiveDefinite.Endpoints	import NumStability.Source.Higham.Chapter10.Equation30.ComplexPositiveDefinite.Endpoints	0	NumStability.Source.Higham.Chapter10.Equation30.ComplexPositiveDefinite.Endpoints	preserved_direct	1
NumStability.Source.Higham.Chapter10.Section04.PositiveDefiniteSymmetricPart.SchurStages.Bounds	source	NumStability.Algorithms.HighamChapter10	27	import NumStability.Source.Higham.Chapter10.Lemma11.PivotSequenceStability.Endpoints	import NumStability.Source.Higham.Chapter10.Lemma11.PivotSequenceStability.Endpoints	0	NumStability.Source.Higham.Chapter10.Lemma11.PivotSequenceStability.Endpoints	preserved_direct	1
NumStability.Source.Higham.Chapter10.Section04.PositiveDefiniteSymmetricPart.SchurStages.Bounds	source	NumStability.Algorithms.HighamChapter10	28	import NumStability.Source.Higham.Chapter10.Lemma13.KahanSharpness.Endpoints	import NumStability.Source.Higham.Chapter10.Lemma13.KahanSharpness.Endpoints	0	NumStability.Source.Higham.Chapter10.Lemma13.KahanSharpness.Endpoints	preserved_direct	1
NumStability.Source.Higham.Chapter10.Section04.PositiveDefiniteSymmetricPart.SchurStages.Bounds	source	NumStability.Algorithms.HighamChapter10	29	import NumStability.Source.Higham.Chapter10.Problem01.PositiveSemidefiniteEntries.Basic	import NumStability.Source.Higham.Chapter10.Problem01.PositiveSemidefiniteEntries.Basic	0	NumStability.Source.Higham.Chapter10.Problem01.PositiveSemidefiniteEntries.Basic	preserved_direct	1
NumStability.Source.Higham.Chapter10.Section04.PositiveDefiniteSymmetricPart.SchurStages.Bounds	source	NumStability.Algorithms.HighamChapter10	30	import NumStability.Source.Higham.Chapter10.Problem04.UnpivotedGrowth.Basic	import NumStability.Source.Higham.Chapter10.Problem04.UnpivotedGrowth.Basic	0	NumStability.Source.Higham.Chapter10.Problem04.UnpivotedGrowth.Basic	preserved_direct	1
NumStability.Source.Higham.Chapter10.Section04.PositiveDefiniteSymmetricPart.SchurStages.Bounds	source	NumStability.Algorithms.HighamChapter10	31	import NumStability.Source.Higham.Chapter10.Problem08.LeadingMinorsCounterexample.Basic	import NumStability.Source.Higham.Chapter10.Problem08.LeadingMinorsCounterexample.Basic	0	NumStability.Source.Higham.Chapter10.Problem08.LeadingMinorsCounterexample.Basic	preserved_direct	1
NumStability.Source.Higham.Chapter10.Section04.PositiveDefiniteSymmetricPart.SchurStages.Bounds	source	NumStability.Algorithms.HighamChapter10	32	import NumStability.Source.Higham.Chapter10.Section01.Factorization.Basic	import NumStability.Source.Higham.Chapter10.Section01.Factorization.Basic	0	NumStability.Source.Higham.Chapter10.Section01.Factorization.Basic	preserved_direct	1
NumStability.Source.Higham.Chapter10.Section04.PositiveDefiniteSymmetricPart.SchurStages.Bounds	source	NumStability.Algorithms.HighamChapter10	33	import NumStability.Source.Higham.Chapter10.Section02.ErrorAnalysis.Basic	import NumStability.Source.Higham.Chapter10.Section02.ErrorAnalysis.Basic	0	NumStability.Source.Higham.Chapter10.Section02.ErrorAnalysis.Basic	preserved_direct	1
NumStability.Source.Higham.Chapter10.Section04.PositiveDefiniteSymmetricPart.SchurStages.Bounds	source	NumStability.Algorithms.HighamChapter10	34	import NumStability.Source.Higham.Chapter10.Section03.PositiveSemidefinite.Endpoints	import NumStability.Source.Higham.Chapter10.Section03.PositiveSemidefinite.Endpoints	0	NumStability.Source.Higham.Chapter10.Section03.PositiveSemidefinite.Endpoints	preserved_direct	1
NumStability.Source.Higham.Chapter10.Section04.PositiveDefiniteSymmetricPart.SchurStages.Bounds	source	NumStability.Algorithms.HighamChapter10	35	import NumStability.Source.Higham.Chapter10.Section04.PositiveDefiniteSymmetricPart.Endpoints	import NumStability.Source.Higham.Chapter10.Section04.PositiveDefiniteSymmetricPart.Endpoints	0	NumStability.Source.Higham.Chapter10.Section04.PositiveDefiniteSymmetricPart.Endpoints	preserved_direct	1
NumStability.Source.Higham.Chapter10.Section04.PositiveDefiniteSymmetricPart.SchurStages.Bounds	source	NumStability.Algorithms.HighamChapter10	36	import NumStability.Source.Higham.Chapter10.Theorem06.RoundedCholesky.Endpoints	import NumStability.Source.Higham.Chapter10.Theorem06.RoundedCholesky.Endpoints	0	NumStability.Source.Higham.Chapter10.Theorem06.RoundedCholesky.Endpoints	preserved_direct	1
NumStability.Source.Higham.Chapter10.Section04.PositiveDefiniteSymmetricPart.SchurStages.Bounds	source	NumStability.Algorithms.HighamChapter10	37	import NumStability.Source.Higham.Chapter10.Theorem07.FailureVacuity.Endpoints	import NumStability.Source.Higham.Chapter10.Theorem07.FailureVacuity.Endpoints	0	NumStability.Source.Higham.Chapter10.Theorem07.FailureVacuity.Endpoints	preserved_direct	1
NumStability.Source.Higham.Chapter10.Section04.PositiveDefiniteSymmetricPart.SchurStages.Bounds	source	NumStability.Algorithms.HighamChapter10	38	import NumStability.Source.Higham.Chapter10.Theorem08.ComponentwisePerturbation.Endpoints	import NumStability.Source.Higham.Chapter10.Theorem08.ComponentwisePerturbation.Endpoints	0	NumStability.Source.Higham.Chapter10.Theorem08.ComponentwisePerturbation.Endpoints	preserved_direct	1
NumStability.Source.Higham.Chapter10.Section04.PositiveDefiniteSymmetricPart.SchurStages.Bounds	source	NumStability.Algorithms.HighamChapter10	39	import NumStability.Source.Higham.Chapter10.Theorem08.NormwiseDiscrepancy.Endpoints	import NumStability.Source.Higham.Chapter10.Theorem08.NormwiseDiscrepancy.Endpoints	0	NumStability.Source.Higham.Chapter10.Theorem08.NormwiseDiscrepancy.Endpoints	preserved_direct	1
NumStability.Source.Higham.Chapter10.Section04.PositiveDefiniteSymmetricPart.SchurStages.Bounds	source	NumStability.Algorithms.HighamChapter10	40	import NumStability.Source.Higham.Chapter10.Theorem14.CompletePivotedPSD.Endpoints	import NumStability.Source.Higham.Chapter10.Theorem14.CompletePivotedPSD.Endpoints	0	NumStability.Source.Higham.Chapter10.Theorem14.CompletePivotedPSD.Endpoints	preserved_direct	1
NumStability.Source.Higham.Chapter10.Theorem06.RoundedCholesky.ForwardError.ActualAlgorithm	source	NumStability.Algorithms.Ch10ActualSourceClosure	1	import NumStability.Algorithms.HighamChapter10	import Mathlib.Algebra.BigOperators.Field	2	NumStability.Algorithms.HighamChapter10 -> NumStability.Algorithms.Cholesky.CholeskyPSD -> Mathlib.Algebra.BigOperators.Field	preserved_recursive	1
NumStability.Source.Higham.Chapter10.Theorem06.RoundedCholesky.ForwardError.ActualAlgorithm	source	NumStability.Algorithms.Ch10ActualSourceClosure	1	import NumStability.Algorithms.HighamChapter10	import Mathlib.Algebra.BigOperators.Group.Finset.Basic	2	NumStability.Algorithms.HighamChapter10 -> NumStability.Algorithms.Cholesky.CholeskyPSD -> Mathlib.Algebra.BigOperators.Group.Finset.Basic	preserved_recursive	1
NumStability.Source.Higham.Chapter10.Theorem06.RoundedCholesky.ForwardError.ActualAlgorithm	source	NumStability.Algorithms.Ch10ActualSourceClosure	1	import NumStability.Algorithms.HighamChapter10	import Mathlib.Algebra.Order.BigOperators.Group.Finset	2	NumStability.Algorithms.HighamChapter10 -> NumStability.Algorithms.Cholesky.CholeskyPSD -> Mathlib.Algebra.Order.BigOperators.Group.Finset	preserved_recursive	1
NumStability.Source.Higham.Chapter10.Theorem06.RoundedCholesky.ForwardError.ActualAlgorithm	source	NumStability.Algorithms.Ch10ActualSourceClosure	1	import NumStability.Algorithms.HighamChapter10	import Mathlib.Data.Complex.Basic	1	NumStability.Algorithms.HighamChapter10 -> Mathlib.Data.Complex.Basic	preserved_recursive	1
NumStability.Source.Higham.Chapter10.Theorem06.RoundedCholesky.ForwardError.ActualAlgorithm	source	NumStability.Algorithms.Ch10ActualSourceClosure	1	import NumStability.Algorithms.HighamChapter10	import Mathlib.Data.Real.Basic	2	NumStability.Algorithms.HighamChapter10 -> NumStability.Algorithms.Cholesky.CholeskyPSD -> Mathlib.Data.Real.Basic	preserved_recursive	1
NumStability.Source.Higham.Chapter10.Theorem06.RoundedCholesky.ForwardError.ActualAlgorithm	source	NumStability.Algorithms.Ch10ActualSourceClosure	1	import NumStability.Algorithms.HighamChapter10	import Mathlib.Data.Real.Sqrt	2	NumStability.Algorithms.HighamChapter10 -> NumStability.Algorithms.Cholesky.CholeskyPSD -> Mathlib.Data.Real.Sqrt	preserved_recursive	1
NumStability.Source.Higham.Chapter10.Theorem06.RoundedCholesky.ForwardError.ActualAlgorithm	source	NumStability.Algorithms.Ch10ActualSourceClosure	1	import NumStability.Algorithms.HighamChapter10	import Mathlib.LinearAlgebra.Matrix.Block	2	NumStability.Algorithms.HighamChapter10 -> NumStability.Algorithms.Cholesky.CholeskyPSD -> Mathlib.LinearAlgebra.Matrix.Block	preserved_recursive	1
NumStability.Source.Higham.Chapter10.Theorem06.RoundedCholesky.ForwardError.ActualAlgorithm	source	NumStability.Algorithms.Ch10ActualSourceClosure	1	import NumStability.Algorithms.HighamChapter10	import Mathlib.LinearAlgebra.Matrix.NonsingularInverse	2	NumStability.Algorithms.HighamChapter10 -> NumStability.Algorithms.Cholesky.CholeskyPSD -> Mathlib.LinearAlgebra.Matrix.NonsingularInverse	preserved_recursive	1
NumStability.Source.Higham.Chapter10.Theorem06.RoundedCholesky.ForwardError.ActualAlgorithm	source	NumStability.Algorithms.Ch10ActualSourceClosure	1	import NumStability.Algorithms.HighamChapter10	import Mathlib.LinearAlgebra.Matrix.Rank	2	NumStability.Algorithms.HighamChapter10 -> NumStability.Algorithms.Cholesky.CholeskyPSD -> Mathlib.LinearAlgebra.Matrix.Rank	preserved_recursive	1
NumStability.Source.Higham.Chapter10.Theorem06.RoundedCholesky.ForwardError.ActualAlgorithm	source	NumStability.Algorithms.Ch10ActualSourceClosure	1	import NumStability.Algorithms.HighamChapter10	import Mathlib.Tactic.FieldSimp	2	NumStability.Algorithms.HighamChapter10 -> NumStability.Algorithms.Cholesky.CholeskyPSD -> Mathlib.Tactic.FieldSimp	preserved_recursive	1
NumStability.Source.Higham.Chapter10.Theorem06.RoundedCholesky.ForwardError.ActualAlgorithm	source	NumStability.Algorithms.Ch10ActualSourceClosure	1	import NumStability.Algorithms.HighamChapter10	import Mathlib.Tactic.Linarith	2	NumStability.Algorithms.HighamChapter10 -> NumStability.Algorithms.Cholesky.CholeskyPSD -> Mathlib.Tactic.Linarith	preserved_recursive	1
NumStability.Source.Higham.Chapter10.Theorem06.RoundedCholesky.ForwardError.ActualAlgorithm	source	NumStability.Algorithms.Ch10ActualSourceClosure	1	import NumStability.Algorithms.HighamChapter10	import Mathlib.Tactic.Ring	2	NumStability.Algorithms.HighamChapter10 -> NumStability.Algorithms.Cholesky.CholeskyPSD -> Mathlib.Tactic.Ring	preserved_recursive	1
NumStability.Source.Higham.Chapter10.Theorem06.RoundedCholesky.ForwardError.ActualAlgorithm	source	NumStability.Algorithms.Ch10ActualSourceClosure	1	import NumStability.Algorithms.HighamChapter10	import NumStability.Algorithms.Cholesky.CholeskyDemmel	1	NumStability.Algorithms.HighamChapter10 -> NumStability.Algorithms.Cholesky.CholeskyDemmel	preserved_recursive	1
NumStability.Source.Higham.Chapter10.Theorem06.RoundedCholesky.ForwardError.ActualAlgorithm	source	NumStability.Algorithms.Ch10ActualSourceClosure	1	import NumStability.Algorithms.HighamChapter10	import NumStability.Algorithms.Cholesky.CholeskyFl	1	NumStability.Algorithms.HighamChapter10 -> NumStability.Algorithms.Cholesky.CholeskyFl	preserved_recursive	1
NumStability.Source.Higham.Chapter10.Theorem06.RoundedCholesky.ForwardError.ActualAlgorithm	source	NumStability.Algorithms.Ch10ActualSourceClosure	1	import NumStability.Algorithms.HighamChapter10	import NumStability.Algorithms.Cholesky.CholeskyNonsym	1	NumStability.Algorithms.HighamChapter10 -> NumStability.Algorithms.Cholesky.CholeskyNonsym	preserved_recursive	1
NumStability.Source.Higham.Chapter10.Theorem06.RoundedCholesky.ForwardError.ActualAlgorithm	source	NumStability.Algorithms.Ch10ActualSourceClosure	1	import NumStability.Algorithms.HighamChapter10	import NumStability.Algorithms.Cholesky.CholeskySpec	2	NumStability.Algorithms.HighamChapter10 -> NumStability.Algorithms.Cholesky.CholeskyPSD -> NumStability.Algorithms.Cholesky.CholeskySpec	preserved_recursive	1
NumStability.Source.Higham.Chapter10.Theorem06.RoundedCholesky.ForwardError.ActualAlgorithm	source	NumStability.Algorithms.Ch10ActualSourceClosure	1	import NumStability.Algorithms.HighamChapter10	import NumStability.Algorithms.Cholesky.CholeskySpec	1	NumStability.Algorithms.HighamChapter10 -> NumStability.Algorithms.Cholesky.CholeskySpec	preserved_recursive	1
NumStability.Source.Higham.Chapter10.Theorem06.RoundedCholesky.ForwardError.ActualAlgorithm	source	NumStability.Algorithms.Ch10ActualSourceClosure	1	import NumStability.Algorithms.HighamChapter10	import NumStability.Algorithms.LU.GaussianElimination	2	NumStability.Algorithms.HighamChapter10 -> NumStability.Algorithms.Cholesky.CholeskyPSD -> NumStability.Algorithms.LU.GaussianElimination	preserved_recursive	1
NumStability.Source.Higham.Chapter10.Theorem06.RoundedCholesky.ForwardError.ActualAlgorithm	source	NumStability.Algorithms.Ch10ActualSourceClosure	1	import NumStability.Algorithms.HighamChapter10	import NumStability.Algorithms.LinearSystems.Cholesky.ErrorAnalysis.Certificates	1	NumStability.Algorithms.HighamChapter10 -> NumStability.Algorithms.LinearSystems.Cholesky.ErrorAnalysis.Certificates	preserved_recursive	1
NumStability.Source.Higham.Chapter10.Theorem06.RoundedCholesky.ForwardError.ActualAlgorithm	source	NumStability.Algorithms.Ch10ActualSourceClosure	1	import NumStability.Algorithms.HighamChapter10	import NumStability.Algorithms.LinearSystems.Cholesky.Perturbation.Basic	1	NumStability.Algorithms.HighamChapter10 -> NumStability.Algorithms.LinearSystems.Cholesky.Perturbation.Basic	preserved_recursive	1
NumStability.Source.Higham.Chapter10.Theorem06.RoundedCholesky.ForwardError.ActualAlgorithm	source	NumStability.Algorithms.Ch10ActualSourceClosure	1	import NumStability.Algorithms.HighamChapter10	import NumStability.Algorithms.LinearSystems.Cholesky.PositiveSemidefinite.Basic	2	NumStability.Algorithms.HighamChapter10 -> NumStability.Algorithms.Cholesky.CholeskyPSD -> NumStability.Algorithms.LinearSystems.Cholesky.PositiveSemidefinite.Basic	preserved_recursive	1
NumStability.Source.Higham.Chapter10.Theorem06.RoundedCholesky.ForwardError.ActualAlgorithm	source	NumStability.Algorithms.Ch10ActualSourceClosure	1	import NumStability.Algorithms.HighamChapter10	import NumStability.Algorithms.LinearSystems.Cholesky.PositiveSemidefinite.KahanMatrix	1	NumStability.Algorithms.HighamChapter10 -> NumStability.Algorithms.LinearSystems.Cholesky.PositiveSemidefinite.KahanMatrix	preserved_recursive	1
NumStability.Source.Higham.Chapter10.Theorem06.RoundedCholesky.ForwardError.ActualAlgorithm	source	NumStability.Algorithms.Ch10ActualSourceClosure	1	import NumStability.Algorithms.HighamChapter10	import NumStability.Algorithms.LinearSystems.Cholesky.PositiveSemidefinite.ScaledStage	1	NumStability.Algorithms.HighamChapter10 -> NumStability.Algorithms.LinearSystems.Cholesky.PositiveSemidefinite.ScaledStage	preserved_recursive	1
NumStability.Source.Higham.Chapter10.Theorem06.RoundedCholesky.ForwardError.ActualAlgorithm	source	NumStability.Algorithms.Ch10ActualSourceClosure	1	import NumStability.Algorithms.HighamChapter10	import NumStability.Analysis.MatrixNorms.EntrywiseAbsolute.Basic	1	NumStability.Algorithms.HighamChapter10 -> NumStability.Analysis.MatrixNorms.EntrywiseAbsolute.Basic	preserved_recursive	1
NumStability.Source.Higham.Chapter10.Theorem06.RoundedCholesky.ForwardError.ActualAlgorithm	source	NumStability.Algorithms.Ch10ActualSourceClosure	1	import NumStability.Algorithms.HighamChapter10	import NumStability.Analysis.MatrixNorms.SpectralExtrema.Basic	1	NumStability.Algorithms.HighamChapter10 -> NumStability.Analysis.MatrixNorms.SpectralExtrema.Basic	preserved_recursive	1
NumStability.Source.Higham.Chapter10.Theorem06.RoundedCholesky.ForwardError.ActualAlgorithm	source	NumStability.Algorithms.Ch10ActualSourceClosure	1	import NumStability.Algorithms.HighamChapter10	import NumStability.Analysis.MatrixSpectral	1	NumStability.Algorithms.HighamChapter10 -> NumStability.Analysis.MatrixSpectral	preserved_recursive	1
NumStability.Source.Higham.Chapter10.Theorem06.RoundedCholesky.ForwardError.ActualAlgorithm	source	NumStability.Algorithms.Ch10ActualSourceClosure	1	import NumStability.Algorithms.HighamChapter10	import NumStability.Analysis.Rounding	2	NumStability.Algorithms.HighamChapter10 -> NumStability.Algorithms.Cholesky.CholeskyPSD -> NumStability.Analysis.Rounding	preserved_recursive	1
NumStability.Source.Higham.Chapter10.Theorem06.RoundedCholesky.ForwardError.ActualAlgorithm	source	NumStability.Algorithms.Ch10ActualSourceClosure	1	import NumStability.Algorithms.HighamChapter10	import NumStability.FloatingPoint.Model	2	NumStability.Algorithms.HighamChapter10 -> NumStability.Algorithms.Cholesky.CholeskyPSD -> NumStability.FloatingPoint.Model	preserved_recursive	1
NumStability.Source.Higham.Chapter10.Theorem06.RoundedCholesky.ForwardError.ActualAlgorithm	source	NumStability.Algorithms.Ch10ActualSourceClosure	1	import NumStability.Algorithms.HighamChapter10	import NumStability.Source.Higham.Chapter09.Problems	1	NumStability.Algorithms.HighamChapter10 -> NumStability.Source.Higham.Chapter09.Problems	preserved_recursive	1
NumStability.Source.Higham.Chapter10.Theorem06.RoundedCholesky.ForwardError.ActualAlgorithm	source	NumStability.Algorithms.Ch10ActualSourceClosure	1	import NumStability.Algorithms.HighamChapter10	import NumStability.Source.Higham.Chapter09.Section01	1	NumStability.Algorithms.HighamChapter10 -> NumStability.Source.Higham.Chapter09.Section01	preserved_recursive	1
NumStability.Source.Higham.Chapter10.Theorem06.RoundedCholesky.ForwardError.ActualAlgorithm	source	NumStability.Algorithms.Ch10ActualSourceClosure	1	import NumStability.Algorithms.HighamChapter10	import NumStability.Source.Higham.Chapter09.Section02	1	NumStability.Algorithms.HighamChapter10 -> NumStability.Source.Higham.Chapter09.Section02	preserved_recursive	1
NumStability.Source.Higham.Chapter10.Theorem06.RoundedCholesky.ForwardError.ActualAlgorithm	source	NumStability.Algorithms.Ch10ActualSourceClosure	1	import NumStability.Algorithms.HighamChapter10	import NumStability.Source.Higham.Chapter09.Section03	1	NumStability.Algorithms.HighamChapter10 -> NumStability.Source.Higham.Chapter09.Section03	preserved_recursive	1
NumStability.Source.Higham.Chapter10.Theorem06.RoundedCholesky.ForwardError.ActualAlgorithm	source	NumStability.Algorithms.Ch10ActualSourceClosure	1	import NumStability.Algorithms.HighamChapter10	import NumStability.Source.Higham.Chapter09.Section04	1	NumStability.Algorithms.HighamChapter10 -> NumStability.Source.Higham.Chapter09.Section04	preserved_recursive	1
NumStability.Source.Higham.Chapter10.Theorem06.RoundedCholesky.ForwardError.ActualAlgorithm	source	NumStability.Algorithms.Ch10ActualSourceClosure	1	import NumStability.Algorithms.HighamChapter10	import NumStability.Source.Higham.Chapter09.Section05	1	NumStability.Algorithms.HighamChapter10 -> NumStability.Source.Higham.Chapter09.Section05	preserved_recursive	1
NumStability.Source.Higham.Chapter10.Theorem06.RoundedCholesky.ForwardError.ActualAlgorithm	source	NumStability.Algorithms.Ch10ActualSourceClosure	1	import NumStability.Algorithms.HighamChapter10	import NumStability.Source.Higham.Chapter09.Section06	1	NumStability.Algorithms.HighamChapter10 -> NumStability.Source.Higham.Chapter09.Section06	preserved_recursive	1
NumStability.Source.Higham.Chapter10.Theorem06.RoundedCholesky.ForwardError.ActualAlgorithm	source	NumStability.Algorithms.Ch10ActualSourceClosure	1	import NumStability.Algorithms.HighamChapter10	import NumStability.Source.Higham.Chapter09.Section08	1	NumStability.Algorithms.HighamChapter10 -> NumStability.Source.Higham.Chapter09.Section08	preserved_recursive	1
NumStability.Source.Higham.Chapter10.Theorem06.RoundedCholesky.ForwardError.ActualAlgorithm	source	NumStability.Algorithms.Ch10ActualSourceClosure	1	import NumStability.Algorithms.HighamChapter10	import NumStability.Source.Higham.Chapter09.Section10	1	NumStability.Algorithms.HighamChapter10 -> NumStability.Source.Higham.Chapter09.Section10	preserved_recursive	1
NumStability.Source.Higham.Chapter10.Theorem06.RoundedCholesky.ForwardError.ActualAlgorithm	source	NumStability.Algorithms.Ch10ActualSourceClosure	1	import NumStability.Algorithms.HighamChapter10	import NumStability.Source.Higham.Chapter09.Section11	1	NumStability.Algorithms.HighamChapter10 -> NumStability.Source.Higham.Chapter09.Section11	preserved_recursive	1
NumStability.Source.Higham.Chapter10.Theorem06.RoundedCholesky.ForwardError.ActualAlgorithm	source	NumStability.Algorithms.Ch10ActualSourceClosure	1	import NumStability.Algorithms.HighamChapter10	import NumStability.Source.Higham.Chapter10.Equation07.AbsoluteFactorNorm.Endpoints	1	NumStability.Algorithms.HighamChapter10 -> NumStability.Source.Higham.Chapter10.Equation07.AbsoluteFactorNorm.Endpoints	preserved_recursive	1
NumStability.Source.Higham.Chapter10.Theorem06.RoundedCholesky.ForwardError.ActualAlgorithm	source	NumStability.Algorithms.Ch10ActualSourceClosure	1	import NumStability.Algorithms.HighamChapter10	import NumStability.Source.Higham.Chapter10.Equation29.Mathias.Endpoints	1	NumStability.Algorithms.HighamChapter10 -> NumStability.Source.Higham.Chapter10.Equation29.Mathias.Endpoints	preserved_recursive	1
NumStability.Source.Higham.Chapter10.Theorem06.RoundedCholesky.ForwardError.ActualAlgorithm	source	NumStability.Algorithms.Ch10ActualSourceClosure	1	import NumStability.Algorithms.HighamChapter10	import NumStability.Source.Higham.Chapter10.Equation30.ComplexPositiveDefinite.Endpoints	1	NumStability.Algorithms.HighamChapter10 -> NumStability.Source.Higham.Chapter10.Equation30.ComplexPositiveDefinite.Endpoints	preserved_recursive	1
NumStability.Source.Higham.Chapter10.Theorem06.RoundedCholesky.ForwardError.ActualAlgorithm	source	NumStability.Algorithms.Ch10ActualSourceClosure	1	import NumStability.Algorithms.HighamChapter10	import NumStability.Source.Higham.Chapter10.Lemma11.PivotSequenceStability.Endpoints	1	NumStability.Algorithms.HighamChapter10 -> NumStability.Source.Higham.Chapter10.Lemma11.PivotSequenceStability.Endpoints	preserved_recursive	1
NumStability.Source.Higham.Chapter10.Theorem06.RoundedCholesky.ForwardError.ActualAlgorithm	source	NumStability.Algorithms.Ch10ActualSourceClosure	1	import NumStability.Algorithms.HighamChapter10	import NumStability.Source.Higham.Chapter10.Lemma13.KahanSharpness.CompletePivotingBound	2	NumStability.Algorithms.HighamChapter10 -> NumStability.Algorithms.Cholesky.CholeskyPSD -> NumStability.Source.Higham.Chapter10.Lemma13.KahanSharpness.CompletePivotingBound	preserved_recursive	1
NumStability.Source.Higham.Chapter10.Theorem06.RoundedCholesky.ForwardError.ActualAlgorithm	source	NumStability.Algorithms.Ch10ActualSourceClosure	1	import NumStability.Algorithms.HighamChapter10	import NumStability.Source.Higham.Chapter10.Lemma13.KahanSharpness.Endpoints	1	NumStability.Algorithms.HighamChapter10 -> NumStability.Source.Higham.Chapter10.Lemma13.KahanSharpness.Endpoints	preserved_recursive	1
NumStability.Source.Higham.Chapter10.Theorem06.RoundedCholesky.ForwardError.ActualAlgorithm	source	NumStability.Algorithms.Ch10ActualSourceClosure	1	import NumStability.Algorithms.HighamChapter10	import NumStability.Source.Higham.Chapter10.Problem01.PositiveSemidefiniteEntries.Basic	1	NumStability.Algorithms.HighamChapter10 -> NumStability.Source.Higham.Chapter10.Problem01.PositiveSemidefiniteEntries.Basic	preserved_recursive	1
NumStability.Source.Higham.Chapter10.Theorem06.RoundedCholesky.ForwardError.ActualAlgorithm	source	NumStability.Algorithms.Ch10ActualSourceClosure	1	import NumStability.Algorithms.HighamChapter10	import NumStability.Source.Higham.Chapter10.Problem04.UnpivotedGrowth.Basic	1	NumStability.Algorithms.HighamChapter10 -> NumStability.Source.Higham.Chapter10.Problem04.UnpivotedGrowth.Basic	preserved_recursive	1
NumStability.Source.Higham.Chapter10.Theorem06.RoundedCholesky.ForwardError.ActualAlgorithm	source	NumStability.Algorithms.Ch10ActualSourceClosure	1	import NumStability.Algorithms.HighamChapter10	import NumStability.Source.Higham.Chapter10.Problem08.LeadingMinorsCounterexample.Basic	1	NumStability.Algorithms.HighamChapter10 -> NumStability.Source.Higham.Chapter10.Problem08.LeadingMinorsCounterexample.Basic	preserved_recursive	1
NumStability.Source.Higham.Chapter10.Theorem06.RoundedCholesky.ForwardError.ActualAlgorithm	source	NumStability.Algorithms.Ch10ActualSourceClosure	1	import NumStability.Algorithms.HighamChapter10	import NumStability.Source.Higham.Chapter10.Section01.Factorization.Basic	1	NumStability.Algorithms.HighamChapter10 -> NumStability.Source.Higham.Chapter10.Section01.Factorization.Basic	preserved_recursive	1
NumStability.Source.Higham.Chapter10.Theorem06.RoundedCholesky.ForwardError.ActualAlgorithm	source	NumStability.Algorithms.Ch10ActualSourceClosure	1	import NumStability.Algorithms.HighamChapter10	import NumStability.Source.Higham.Chapter10.Section02.ErrorAnalysis.Basic	1	NumStability.Algorithms.HighamChapter10 -> NumStability.Source.Higham.Chapter10.Section02.ErrorAnalysis.Basic	preserved_recursive	1
NumStability.Source.Higham.Chapter10.Theorem06.RoundedCholesky.ForwardError.ActualAlgorithm	source	NumStability.Algorithms.Ch10ActualSourceClosure	1	import NumStability.Algorithms.HighamChapter10	import NumStability.Source.Higham.Chapter10.Section03.PositiveSemidefinite.Endpoints	1	NumStability.Algorithms.HighamChapter10 -> NumStability.Source.Higham.Chapter10.Section03.PositiveSemidefinite.Endpoints	preserved_recursive	1
NumStability.Source.Higham.Chapter10.Theorem06.RoundedCholesky.ForwardError.ActualAlgorithm	source	NumStability.Algorithms.Ch10ActualSourceClosure	1	import NumStability.Algorithms.HighamChapter10	import NumStability.Source.Higham.Chapter10.Section03.PositiveSemidefinite.Existence	2	NumStability.Algorithms.HighamChapter10 -> NumStability.Algorithms.Cholesky.CholeskyPSD -> NumStability.Source.Higham.Chapter10.Section03.PositiveSemidefinite.Existence	preserved_recursive	1
NumStability.Source.Higham.Chapter10.Theorem06.RoundedCholesky.ForwardError.ActualAlgorithm	source	NumStability.Algorithms.Ch10ActualSourceClosure	1	import NumStability.Algorithms.HighamChapter10	import NumStability.Source.Higham.Chapter10.Section03.PositiveSemidefinite.SchurComplement	2	NumStability.Algorithms.HighamChapter10 -> NumStability.Algorithms.Cholesky.CholeskyPSD -> NumStability.Source.Higham.Chapter10.Section03.PositiveSemidefinite.SchurComplement	preserved_recursive	1
NumStability.Source.Higham.Chapter10.Theorem06.RoundedCholesky.ForwardError.ActualAlgorithm	source	NumStability.Algorithms.Ch10ActualSourceClosure	1	import NumStability.Algorithms.HighamChapter10	import NumStability.Source.Higham.Chapter10.Section03.PositiveSemidefinite.Termination	2	NumStability.Algorithms.HighamChapter10 -> NumStability.Algorithms.Cholesky.CholeskyPSD -> NumStability.Source.Higham.Chapter10.Section03.PositiveSemidefinite.Termination	preserved_recursive	1
NumStability.Source.Higham.Chapter10.Theorem06.RoundedCholesky.ForwardError.ActualAlgorithm	source	NumStability.Algorithms.Ch10ActualSourceClosure	1	import NumStability.Algorithms.HighamChapter10	import NumStability.Source.Higham.Chapter10.Section03.PositiveSemidefinite.WNormBound	2	NumStability.Algorithms.HighamChapter10 -> NumStability.Algorithms.Cholesky.CholeskyPSD -> NumStability.Source.Higham.Chapter10.Section03.PositiveSemidefinite.WNormBound	preserved_recursive	1
NumStability.Source.Higham.Chapter10.Theorem06.RoundedCholesky.ForwardError.ActualAlgorithm	source	NumStability.Algorithms.Ch10ActualSourceClosure	1	import NumStability.Algorithms.HighamChapter10	import NumStability.Source.Higham.Chapter10.Section04.PositiveDefiniteSymmetricPart.Endpoints	1	NumStability.Algorithms.HighamChapter10 -> NumStability.Source.Higham.Chapter10.Section04.PositiveDefiniteSymmetricPart.Endpoints	preserved_recursive	1
NumStability.Source.Higham.Chapter10.Theorem06.RoundedCholesky.ForwardError.ActualAlgorithm	source	NumStability.Algorithms.Ch10ActualSourceClosure	1	import NumStability.Algorithms.HighamChapter10	import NumStability.Source.Higham.Chapter10.Theorem06.RoundedCholesky.Endpoints	1	NumStability.Algorithms.HighamChapter10 -> NumStability.Source.Higham.Chapter10.Theorem06.RoundedCholesky.Endpoints	preserved_recursive	1
NumStability.Source.Higham.Chapter10.Theorem06.RoundedCholesky.ForwardError.ActualAlgorithm	source	NumStability.Algorithms.Ch10ActualSourceClosure	1	import NumStability.Algorithms.HighamChapter10	import NumStability.Source.Higham.Chapter10.Theorem07.FailureVacuity.Endpoints	1	NumStability.Algorithms.HighamChapter10 -> NumStability.Source.Higham.Chapter10.Theorem07.FailureVacuity.Endpoints	preserved_recursive	1
NumStability.Source.Higham.Chapter10.Theorem06.RoundedCholesky.ForwardError.ActualAlgorithm	source	NumStability.Algorithms.Ch10ActualSourceClosure	1	import NumStability.Algorithms.HighamChapter10	import NumStability.Source.Higham.Chapter10.Theorem08.ComponentwisePerturbation.Endpoints	1	NumStability.Algorithms.HighamChapter10 -> NumStability.Source.Higham.Chapter10.Theorem08.ComponentwisePerturbation.Endpoints	preserved_recursive	1
NumStability.Source.Higham.Chapter10.Theorem06.RoundedCholesky.ForwardError.ActualAlgorithm	source	NumStability.Algorithms.Ch10ActualSourceClosure	1	import NumStability.Algorithms.HighamChapter10	import NumStability.Source.Higham.Chapter10.Theorem08.NormwiseDiscrepancy.Endpoints	1	NumStability.Algorithms.HighamChapter10 -> NumStability.Source.Higham.Chapter10.Theorem08.NormwiseDiscrepancy.Endpoints	preserved_recursive	1
NumStability.Source.Higham.Chapter10.Theorem06.RoundedCholesky.ForwardError.ActualAlgorithm	source	NumStability.Algorithms.Ch10ActualSourceClosure	1	import NumStability.Algorithms.HighamChapter10	import NumStability.Source.Higham.Chapter10.Theorem14.CompletePivotedPSD.Endpoints	1	NumStability.Algorithms.HighamChapter10 -> NumStability.Source.Higham.Chapter10.Theorem14.CompletePivotedPSD.Endpoints	preserved_recursive	1
NumStability.Source.Higham.Chapter10.Theorem06.RoundedCholesky.ForwardError.ActualAlgorithm	source	NumStability.Algorithms.Ch10ActualSourceClosure	1	import NumStability.Algorithms.HighamChapter10	import NumStability.Source.Higham.Chapter10.Theorem14.CompletePivotedPSD.PsdErrorAnalysis	2	NumStability.Algorithms.HighamChapter10 -> NumStability.Algorithms.Cholesky.CholeskyPSD -> NumStability.Source.Higham.Chapter10.Theorem14.CompletePivotedPSD.PsdErrorAnalysis	preserved_recursive	1
NumStability.Source.Higham.Chapter10.Theorem06.RoundedCholesky.ForwardError.ActualAlgorithm	source	NumStability.Algorithms.Ch10ActualSourceClosure	2	import NumStability.Source.Higham.Chapter10.Theorem06.RoundedCholesky.ActualClosure	import NumStability.Source.Higham.Chapter10.Theorem06.RoundedCholesky.ActualClosure	0	NumStability.Source.Higham.Chapter10.Theorem06.RoundedCholesky.ActualClosure	preserved_direct	1
NumStability.Source.Higham.Chapter10.Theorem07.Core.Results	source	NumStability.Source.Higham.Chapter10.Theorem07	1	import NumStability.Algorithms.Cholesky.CholeskyFl	import NumStability.Algorithms.Cholesky.CholeskyFl	0	NumStability.Algorithms.Cholesky.CholeskyFl	preserved_direct	1
NumStability.Source.Higham.Chapter10.Theorem07.Core.Results	source	NumStability.Source.Higham.Chapter10.Theorem07	2	import NumStability.Algorithms.HighamChapter10	import Mathlib.Algebra.BigOperators.Field	2	NumStability.Algorithms.HighamChapter10 -> NumStability.Algorithms.Cholesky.CholeskyPSD -> Mathlib.Algebra.BigOperators.Field	preserved_recursive	1
NumStability.Source.Higham.Chapter10.Theorem07.Core.Results	source	NumStability.Source.Higham.Chapter10.Theorem07	2	import NumStability.Algorithms.HighamChapter10	import Mathlib.Algebra.BigOperators.Group.Finset.Basic	2	NumStability.Algorithms.HighamChapter10 -> NumStability.Algorithms.Cholesky.CholeskyPSD -> Mathlib.Algebra.BigOperators.Group.Finset.Basic	preserved_recursive	1
NumStability.Source.Higham.Chapter10.Theorem07.Core.Results	source	NumStability.Source.Higham.Chapter10.Theorem07	2	import NumStability.Algorithms.HighamChapter10	import Mathlib.Algebra.Order.BigOperators.Group.Finset	2	NumStability.Algorithms.HighamChapter10 -> NumStability.Algorithms.Cholesky.CholeskyPSD -> Mathlib.Algebra.Order.BigOperators.Group.Finset	preserved_recursive	1
NumStability.Source.Higham.Chapter10.Theorem07.Core.Results	source	NumStability.Source.Higham.Chapter10.Theorem07	2	import NumStability.Algorithms.HighamChapter10	import Mathlib.Data.Complex.Basic	1	NumStability.Algorithms.HighamChapter10 -> Mathlib.Data.Complex.Basic	preserved_recursive	1
NumStability.Source.Higham.Chapter10.Theorem07.Core.Results	source	NumStability.Source.Higham.Chapter10.Theorem07	2	import NumStability.Algorithms.HighamChapter10	import Mathlib.Data.Real.Basic	2	NumStability.Algorithms.HighamChapter10 -> NumStability.Algorithms.Cholesky.CholeskyPSD -> Mathlib.Data.Real.Basic	preserved_recursive	1
NumStability.Source.Higham.Chapter10.Theorem07.Core.Results	source	NumStability.Source.Higham.Chapter10.Theorem07	2	import NumStability.Algorithms.HighamChapter10	import Mathlib.Data.Real.Sqrt	2	NumStability.Algorithms.HighamChapter10 -> NumStability.Algorithms.Cholesky.CholeskyPSD -> Mathlib.Data.Real.Sqrt	preserved_recursive	1
NumStability.Source.Higham.Chapter10.Theorem07.Core.Results	source	NumStability.Source.Higham.Chapter10.Theorem07	2	import NumStability.Algorithms.HighamChapter10	import Mathlib.LinearAlgebra.Matrix.Block	2	NumStability.Algorithms.HighamChapter10 -> NumStability.Algorithms.Cholesky.CholeskyPSD -> Mathlib.LinearAlgebra.Matrix.Block	preserved_recursive	1
NumStability.Source.Higham.Chapter10.Theorem07.Core.Results	source	NumStability.Source.Higham.Chapter10.Theorem07	2	import NumStability.Algorithms.HighamChapter10	import Mathlib.LinearAlgebra.Matrix.NonsingularInverse	2	NumStability.Algorithms.HighamChapter10 -> NumStability.Algorithms.Cholesky.CholeskyPSD -> Mathlib.LinearAlgebra.Matrix.NonsingularInverse	preserved_recursive	1
NumStability.Source.Higham.Chapter10.Theorem07.Core.Results	source	NumStability.Source.Higham.Chapter10.Theorem07	2	import NumStability.Algorithms.HighamChapter10	import Mathlib.LinearAlgebra.Matrix.Rank	2	NumStability.Algorithms.HighamChapter10 -> NumStability.Algorithms.Cholesky.CholeskyPSD -> Mathlib.LinearAlgebra.Matrix.Rank	preserved_recursive	1
NumStability.Source.Higham.Chapter10.Theorem07.Core.Results	source	NumStability.Source.Higham.Chapter10.Theorem07	2	import NumStability.Algorithms.HighamChapter10	import Mathlib.Tactic.FieldSimp	2	NumStability.Algorithms.HighamChapter10 -> NumStability.Algorithms.Cholesky.CholeskyPSD -> Mathlib.Tactic.FieldSimp	preserved_recursive	1
NumStability.Source.Higham.Chapter10.Theorem07.Core.Results	source	NumStability.Source.Higham.Chapter10.Theorem07	2	import NumStability.Algorithms.HighamChapter10	import Mathlib.Tactic.Linarith	2	NumStability.Algorithms.HighamChapter10 -> NumStability.Algorithms.Cholesky.CholeskyPSD -> Mathlib.Tactic.Linarith	preserved_recursive	1
NumStability.Source.Higham.Chapter10.Theorem07.Core.Results	source	NumStability.Source.Higham.Chapter10.Theorem07	2	import NumStability.Algorithms.HighamChapter10	import Mathlib.Tactic.Ring	2	NumStability.Algorithms.HighamChapter10 -> NumStability.Algorithms.Cholesky.CholeskyPSD -> Mathlib.Tactic.Ring	preserved_recursive	1
NumStability.Source.Higham.Chapter10.Theorem07.Core.Results	source	NumStability.Source.Higham.Chapter10.Theorem07	2	import NumStability.Algorithms.HighamChapter10	import NumStability.Algorithms.Cholesky.CholeskyDemmel	1	NumStability.Algorithms.HighamChapter10 -> NumStability.Algorithms.Cholesky.CholeskyDemmel	preserved_recursive	1
NumStability.Source.Higham.Chapter10.Theorem07.Core.Results	source	NumStability.Source.Higham.Chapter10.Theorem07	2	import NumStability.Algorithms.HighamChapter10	import NumStability.Algorithms.Cholesky.CholeskyFl	1	NumStability.Algorithms.HighamChapter10 -> NumStability.Algorithms.Cholesky.CholeskyFl	preserved_recursive	1
NumStability.Source.Higham.Chapter10.Theorem07.Core.Results	source	NumStability.Source.Higham.Chapter10.Theorem07	2	import NumStability.Algorithms.HighamChapter10	import NumStability.Algorithms.Cholesky.CholeskyNonsym	1	NumStability.Algorithms.HighamChapter10 -> NumStability.Algorithms.Cholesky.CholeskyNonsym	preserved_recursive	1
NumStability.Source.Higham.Chapter10.Theorem07.Core.Results	source	NumStability.Source.Higham.Chapter10.Theorem07	2	import NumStability.Algorithms.HighamChapter10	import NumStability.Algorithms.Cholesky.CholeskySpec	2	NumStability.Algorithms.HighamChapter10 -> NumStability.Algorithms.Cholesky.CholeskyPSD -> NumStability.Algorithms.Cholesky.CholeskySpec	preserved_recursive	1
NumStability.Source.Higham.Chapter10.Theorem07.Core.Results	source	NumStability.Source.Higham.Chapter10.Theorem07	2	import NumStability.Algorithms.HighamChapter10	import NumStability.Algorithms.Cholesky.CholeskySpec	1	NumStability.Algorithms.HighamChapter10 -> NumStability.Algorithms.Cholesky.CholeskySpec	preserved_recursive	1
NumStability.Source.Higham.Chapter10.Theorem07.Core.Results	source	NumStability.Source.Higham.Chapter10.Theorem07	2	import NumStability.Algorithms.HighamChapter10	import NumStability.Algorithms.LU.GaussianElimination	2	NumStability.Algorithms.HighamChapter10 -> NumStability.Algorithms.Cholesky.CholeskyPSD -> NumStability.Algorithms.LU.GaussianElimination	preserved_recursive	1
NumStability.Source.Higham.Chapter10.Theorem07.Core.Results	source	NumStability.Source.Higham.Chapter10.Theorem07	2	import NumStability.Algorithms.HighamChapter10	import NumStability.Algorithms.LinearSystems.Cholesky.ErrorAnalysis.Certificates	1	NumStability.Algorithms.HighamChapter10 -> NumStability.Algorithms.LinearSystems.Cholesky.ErrorAnalysis.Certificates	preserved_recursive	1
NumStability.Source.Higham.Chapter10.Theorem07.Core.Results	source	NumStability.Source.Higham.Chapter10.Theorem07	2	import NumStability.Algorithms.HighamChapter10	import NumStability.Algorithms.LinearSystems.Cholesky.Perturbation.Basic	1	NumStability.Algorithms.HighamChapter10 -> NumStability.Algorithms.LinearSystems.Cholesky.Perturbation.Basic	preserved_recursive	1
NumStability.Source.Higham.Chapter10.Theorem07.Core.Results	source	NumStability.Source.Higham.Chapter10.Theorem07	2	import NumStability.Algorithms.HighamChapter10	import NumStability.Algorithms.LinearSystems.Cholesky.PositiveSemidefinite.Basic	2	NumStability.Algorithms.HighamChapter10 -> NumStability.Algorithms.Cholesky.CholeskyPSD -> NumStability.Algorithms.LinearSystems.Cholesky.PositiveSemidefinite.Basic	preserved_recursive	1
NumStability.Source.Higham.Chapter10.Theorem07.Core.Results	source	NumStability.Source.Higham.Chapter10.Theorem07	2	import NumStability.Algorithms.HighamChapter10	import NumStability.Algorithms.LinearSystems.Cholesky.PositiveSemidefinite.KahanMatrix	1	NumStability.Algorithms.HighamChapter10 -> NumStability.Algorithms.LinearSystems.Cholesky.PositiveSemidefinite.KahanMatrix	preserved_recursive	1
NumStability.Source.Higham.Chapter10.Theorem07.Core.Results	source	NumStability.Source.Higham.Chapter10.Theorem07	2	import NumStability.Algorithms.HighamChapter10	import NumStability.Algorithms.LinearSystems.Cholesky.PositiveSemidefinite.ScaledStage	1	NumStability.Algorithms.HighamChapter10 -> NumStability.Algorithms.LinearSystems.Cholesky.PositiveSemidefinite.ScaledStage	preserved_recursive	1
NumStability.Source.Higham.Chapter10.Theorem07.Core.Results	source	NumStability.Source.Higham.Chapter10.Theorem07	2	import NumStability.Algorithms.HighamChapter10	import NumStability.Analysis.MatrixNorms.EntrywiseAbsolute.Basic	1	NumStability.Algorithms.HighamChapter10 -> NumStability.Analysis.MatrixNorms.EntrywiseAbsolute.Basic	preserved_recursive	1
NumStability.Source.Higham.Chapter10.Theorem07.Core.Results	source	NumStability.Source.Higham.Chapter10.Theorem07	2	import NumStability.Algorithms.HighamChapter10	import NumStability.Analysis.MatrixNorms.SpectralExtrema.Basic	1	NumStability.Algorithms.HighamChapter10 -> NumStability.Analysis.MatrixNorms.SpectralExtrema.Basic	preserved_recursive	1
NumStability.Source.Higham.Chapter10.Theorem07.Core.Results	source	NumStability.Source.Higham.Chapter10.Theorem07	2	import NumStability.Algorithms.HighamChapter10	import NumStability.Analysis.MatrixSpectral	1	NumStability.Algorithms.HighamChapter10 -> NumStability.Analysis.MatrixSpectral	preserved_recursive	1
NumStability.Source.Higham.Chapter10.Theorem07.Core.Results	source	NumStability.Source.Higham.Chapter10.Theorem07	2	import NumStability.Algorithms.HighamChapter10	import NumStability.Analysis.Rounding	2	NumStability.Algorithms.HighamChapter10 -> NumStability.Algorithms.Cholesky.CholeskyPSD -> NumStability.Analysis.Rounding	preserved_recursive	1
NumStability.Source.Higham.Chapter10.Theorem07.Core.Results	source	NumStability.Source.Higham.Chapter10.Theorem07	2	import NumStability.Algorithms.HighamChapter10	import NumStability.FloatingPoint.Model	2	NumStability.Algorithms.HighamChapter10 -> NumStability.Algorithms.Cholesky.CholeskyPSD -> NumStability.FloatingPoint.Model	preserved_recursive	1
NumStability.Source.Higham.Chapter10.Theorem07.Core.Results	source	NumStability.Source.Higham.Chapter10.Theorem07	2	import NumStability.Algorithms.HighamChapter10	import NumStability.Source.Higham.Chapter09.Problems	1	NumStability.Algorithms.HighamChapter10 -> NumStability.Source.Higham.Chapter09.Problems	preserved_recursive	1
NumStability.Source.Higham.Chapter10.Theorem07.Core.Results	source	NumStability.Source.Higham.Chapter10.Theorem07	2	import NumStability.Algorithms.HighamChapter10	import NumStability.Source.Higham.Chapter09.Section01	1	NumStability.Algorithms.HighamChapter10 -> NumStability.Source.Higham.Chapter09.Section01	preserved_recursive	1
NumStability.Source.Higham.Chapter10.Theorem07.Core.Results	source	NumStability.Source.Higham.Chapter10.Theorem07	2	import NumStability.Algorithms.HighamChapter10	import NumStability.Source.Higham.Chapter09.Section02	1	NumStability.Algorithms.HighamChapter10 -> NumStability.Source.Higham.Chapter09.Section02	preserved_recursive	1
NumStability.Source.Higham.Chapter10.Theorem07.Core.Results	source	NumStability.Source.Higham.Chapter10.Theorem07	2	import NumStability.Algorithms.HighamChapter10	import NumStability.Source.Higham.Chapter09.Section03	1	NumStability.Algorithms.HighamChapter10 -> NumStability.Source.Higham.Chapter09.Section03	preserved_recursive	1
NumStability.Source.Higham.Chapter10.Theorem07.Core.Results	source	NumStability.Source.Higham.Chapter10.Theorem07	2	import NumStability.Algorithms.HighamChapter10	import NumStability.Source.Higham.Chapter09.Section04	1	NumStability.Algorithms.HighamChapter10 -> NumStability.Source.Higham.Chapter09.Section04	preserved_recursive	1
NumStability.Source.Higham.Chapter10.Theorem07.Core.Results	source	NumStability.Source.Higham.Chapter10.Theorem07	2	import NumStability.Algorithms.HighamChapter10	import NumStability.Source.Higham.Chapter09.Section05	1	NumStability.Algorithms.HighamChapter10 -> NumStability.Source.Higham.Chapter09.Section05	preserved_recursive	1
NumStability.Source.Higham.Chapter10.Theorem07.Core.Results	source	NumStability.Source.Higham.Chapter10.Theorem07	2	import NumStability.Algorithms.HighamChapter10	import NumStability.Source.Higham.Chapter09.Section06	1	NumStability.Algorithms.HighamChapter10 -> NumStability.Source.Higham.Chapter09.Section06	preserved_recursive	1
NumStability.Source.Higham.Chapter10.Theorem07.Core.Results	source	NumStability.Source.Higham.Chapter10.Theorem07	2	import NumStability.Algorithms.HighamChapter10	import NumStability.Source.Higham.Chapter09.Section08	1	NumStability.Algorithms.HighamChapter10 -> NumStability.Source.Higham.Chapter09.Section08	preserved_recursive	1
NumStability.Source.Higham.Chapter10.Theorem07.Core.Results	source	NumStability.Source.Higham.Chapter10.Theorem07	2	import NumStability.Algorithms.HighamChapter10	import NumStability.Source.Higham.Chapter09.Section10	1	NumStability.Algorithms.HighamChapter10 -> NumStability.Source.Higham.Chapter09.Section10	preserved_recursive	1
NumStability.Source.Higham.Chapter10.Theorem07.Core.Results	source	NumStability.Source.Higham.Chapter10.Theorem07	2	import NumStability.Algorithms.HighamChapter10	import NumStability.Source.Higham.Chapter09.Section11	1	NumStability.Algorithms.HighamChapter10 -> NumStability.Source.Higham.Chapter09.Section11	preserved_recursive	1
NumStability.Source.Higham.Chapter10.Theorem07.Core.Results	source	NumStability.Source.Higham.Chapter10.Theorem07	2	import NumStability.Algorithms.HighamChapter10	import NumStability.Source.Higham.Chapter10.Equation07.AbsoluteFactorNorm.Endpoints	1	NumStability.Algorithms.HighamChapter10 -> NumStability.Source.Higham.Chapter10.Equation07.AbsoluteFactorNorm.Endpoints	preserved_recursive	1
NumStability.Source.Higham.Chapter10.Theorem07.Core.Results	source	NumStability.Source.Higham.Chapter10.Theorem07	2	import NumStability.Algorithms.HighamChapter10	import NumStability.Source.Higham.Chapter10.Equation29.Mathias.Endpoints	1	NumStability.Algorithms.HighamChapter10 -> NumStability.Source.Higham.Chapter10.Equation29.Mathias.Endpoints	preserved_recursive	1
NumStability.Source.Higham.Chapter10.Theorem07.Core.Results	source	NumStability.Source.Higham.Chapter10.Theorem07	2	import NumStability.Algorithms.HighamChapter10	import NumStability.Source.Higham.Chapter10.Equation30.ComplexPositiveDefinite.Endpoints	1	NumStability.Algorithms.HighamChapter10 -> NumStability.Source.Higham.Chapter10.Equation30.ComplexPositiveDefinite.Endpoints	preserved_recursive	1
NumStability.Source.Higham.Chapter10.Theorem07.Core.Results	source	NumStability.Source.Higham.Chapter10.Theorem07	2	import NumStability.Algorithms.HighamChapter10	import NumStability.Source.Higham.Chapter10.Lemma11.PivotSequenceStability.Endpoints	1	NumStability.Algorithms.HighamChapter10 -> NumStability.Source.Higham.Chapter10.Lemma11.PivotSequenceStability.Endpoints	preserved_recursive	1
NumStability.Source.Higham.Chapter10.Theorem07.Core.Results	source	NumStability.Source.Higham.Chapter10.Theorem07	2	import NumStability.Algorithms.HighamChapter10	import NumStability.Source.Higham.Chapter10.Lemma13.KahanSharpness.CompletePivotingBound	2	NumStability.Algorithms.HighamChapter10 -> NumStability.Algorithms.Cholesky.CholeskyPSD -> NumStability.Source.Higham.Chapter10.Lemma13.KahanSharpness.CompletePivotingBound	preserved_recursive	1
NumStability.Source.Higham.Chapter10.Theorem07.Core.Results	source	NumStability.Source.Higham.Chapter10.Theorem07	2	import NumStability.Algorithms.HighamChapter10	import NumStability.Source.Higham.Chapter10.Lemma13.KahanSharpness.Endpoints	1	NumStability.Algorithms.HighamChapter10 -> NumStability.Source.Higham.Chapter10.Lemma13.KahanSharpness.Endpoints	preserved_recursive	1
NumStability.Source.Higham.Chapter10.Theorem07.Core.Results	source	NumStability.Source.Higham.Chapter10.Theorem07	2	import NumStability.Algorithms.HighamChapter10	import NumStability.Source.Higham.Chapter10.Problem01.PositiveSemidefiniteEntries.Basic	1	NumStability.Algorithms.HighamChapter10 -> NumStability.Source.Higham.Chapter10.Problem01.PositiveSemidefiniteEntries.Basic	preserved_recursive	1
NumStability.Source.Higham.Chapter10.Theorem07.Core.Results	source	NumStability.Source.Higham.Chapter10.Theorem07	2	import NumStability.Algorithms.HighamChapter10	import NumStability.Source.Higham.Chapter10.Problem04.UnpivotedGrowth.Basic	1	NumStability.Algorithms.HighamChapter10 -> NumStability.Source.Higham.Chapter10.Problem04.UnpivotedGrowth.Basic	preserved_recursive	1
NumStability.Source.Higham.Chapter10.Theorem07.Core.Results	source	NumStability.Source.Higham.Chapter10.Theorem07	2	import NumStability.Algorithms.HighamChapter10	import NumStability.Source.Higham.Chapter10.Problem08.LeadingMinorsCounterexample.Basic	1	NumStability.Algorithms.HighamChapter10 -> NumStability.Source.Higham.Chapter10.Problem08.LeadingMinorsCounterexample.Basic	preserved_recursive	1
NumStability.Source.Higham.Chapter10.Theorem07.Core.Results	source	NumStability.Source.Higham.Chapter10.Theorem07	2	import NumStability.Algorithms.HighamChapter10	import NumStability.Source.Higham.Chapter10.Section01.Factorization.Basic	1	NumStability.Algorithms.HighamChapter10 -> NumStability.Source.Higham.Chapter10.Section01.Factorization.Basic	preserved_recursive	1
NumStability.Source.Higham.Chapter10.Theorem07.Core.Results	source	NumStability.Source.Higham.Chapter10.Theorem07	2	import NumStability.Algorithms.HighamChapter10	import NumStability.Source.Higham.Chapter10.Section02.ErrorAnalysis.Basic	1	NumStability.Algorithms.HighamChapter10 -> NumStability.Source.Higham.Chapter10.Section02.ErrorAnalysis.Basic	preserved_recursive	1
NumStability.Source.Higham.Chapter10.Theorem07.Core.Results	source	NumStability.Source.Higham.Chapter10.Theorem07	2	import NumStability.Algorithms.HighamChapter10	import NumStability.Source.Higham.Chapter10.Section03.PositiveSemidefinite.Endpoints	1	NumStability.Algorithms.HighamChapter10 -> NumStability.Source.Higham.Chapter10.Section03.PositiveSemidefinite.Endpoints	preserved_recursive	1
NumStability.Source.Higham.Chapter10.Theorem07.Core.Results	source	NumStability.Source.Higham.Chapter10.Theorem07	2	import NumStability.Algorithms.HighamChapter10	import NumStability.Source.Higham.Chapter10.Section03.PositiveSemidefinite.Existence	2	NumStability.Algorithms.HighamChapter10 -> NumStability.Algorithms.Cholesky.CholeskyPSD -> NumStability.Source.Higham.Chapter10.Section03.PositiveSemidefinite.Existence	preserved_recursive	1
NumStability.Source.Higham.Chapter10.Theorem07.Core.Results	source	NumStability.Source.Higham.Chapter10.Theorem07	2	import NumStability.Algorithms.HighamChapter10	import NumStability.Source.Higham.Chapter10.Section03.PositiveSemidefinite.SchurComplement	2	NumStability.Algorithms.HighamChapter10 -> NumStability.Algorithms.Cholesky.CholeskyPSD -> NumStability.Source.Higham.Chapter10.Section03.PositiveSemidefinite.SchurComplement	preserved_recursive	1
NumStability.Source.Higham.Chapter10.Theorem07.Core.Results	source	NumStability.Source.Higham.Chapter10.Theorem07	2	import NumStability.Algorithms.HighamChapter10	import NumStability.Source.Higham.Chapter10.Section03.PositiveSemidefinite.Termination	2	NumStability.Algorithms.HighamChapter10 -> NumStability.Algorithms.Cholesky.CholeskyPSD -> NumStability.Source.Higham.Chapter10.Section03.PositiveSemidefinite.Termination	preserved_recursive	1
NumStability.Source.Higham.Chapter10.Theorem07.Core.Results	source	NumStability.Source.Higham.Chapter10.Theorem07	2	import NumStability.Algorithms.HighamChapter10	import NumStability.Source.Higham.Chapter10.Section03.PositiveSemidefinite.WNormBound	2	NumStability.Algorithms.HighamChapter10 -> NumStability.Algorithms.Cholesky.CholeskyPSD -> NumStability.Source.Higham.Chapter10.Section03.PositiveSemidefinite.WNormBound	preserved_recursive	1
NumStability.Source.Higham.Chapter10.Theorem07.Core.Results	source	NumStability.Source.Higham.Chapter10.Theorem07	2	import NumStability.Algorithms.HighamChapter10	import NumStability.Source.Higham.Chapter10.Section04.PositiveDefiniteSymmetricPart.Endpoints	1	NumStability.Algorithms.HighamChapter10 -> NumStability.Source.Higham.Chapter10.Section04.PositiveDefiniteSymmetricPart.Endpoints	preserved_recursive	1
NumStability.Source.Higham.Chapter10.Theorem07.Core.Results	source	NumStability.Source.Higham.Chapter10.Theorem07	2	import NumStability.Algorithms.HighamChapter10	import NumStability.Source.Higham.Chapter10.Theorem06.RoundedCholesky.Endpoints	1	NumStability.Algorithms.HighamChapter10 -> NumStability.Source.Higham.Chapter10.Theorem06.RoundedCholesky.Endpoints	preserved_recursive	1
NumStability.Source.Higham.Chapter10.Theorem07.Core.Results	source	NumStability.Source.Higham.Chapter10.Theorem07	2	import NumStability.Algorithms.HighamChapter10	import NumStability.Source.Higham.Chapter10.Theorem07.FailureVacuity.Endpoints	1	NumStability.Algorithms.HighamChapter10 -> NumStability.Source.Higham.Chapter10.Theorem07.FailureVacuity.Endpoints	preserved_recursive	1
NumStability.Source.Higham.Chapter10.Theorem07.Core.Results	source	NumStability.Source.Higham.Chapter10.Theorem07	2	import NumStability.Algorithms.HighamChapter10	import NumStability.Source.Higham.Chapter10.Theorem08.ComponentwisePerturbation.Endpoints	1	NumStability.Algorithms.HighamChapter10 -> NumStability.Source.Higham.Chapter10.Theorem08.ComponentwisePerturbation.Endpoints	preserved_recursive	1
NumStability.Source.Higham.Chapter10.Theorem07.Core.Results	source	NumStability.Source.Higham.Chapter10.Theorem07	2	import NumStability.Algorithms.HighamChapter10	import NumStability.Source.Higham.Chapter10.Theorem08.NormwiseDiscrepancy.Endpoints	1	NumStability.Algorithms.HighamChapter10 -> NumStability.Source.Higham.Chapter10.Theorem08.NormwiseDiscrepancy.Endpoints	preserved_recursive	1
NumStability.Source.Higham.Chapter10.Theorem07.Core.Results	source	NumStability.Source.Higham.Chapter10.Theorem07	2	import NumStability.Algorithms.HighamChapter10	import NumStability.Source.Higham.Chapter10.Theorem14.CompletePivotedPSD.Endpoints	1	NumStability.Algorithms.HighamChapter10 -> NumStability.Source.Higham.Chapter10.Theorem14.CompletePivotedPSD.Endpoints	preserved_recursive	1
NumStability.Source.Higham.Chapter10.Theorem07.Core.Results	source	NumStability.Source.Higham.Chapter10.Theorem07	2	import NumStability.Algorithms.HighamChapter10	import NumStability.Source.Higham.Chapter10.Theorem14.CompletePivotedPSD.PsdErrorAnalysis	2	NumStability.Algorithms.HighamChapter10 -> NumStability.Algorithms.Cholesky.CholeskyPSD -> NumStability.Source.Higham.Chapter10.Theorem14.CompletePivotedPSD.PsdErrorAnalysis	preserved_recursive	1
NumStability.Source.Higham.Chapter10.Theorem07.Core.Results	source	NumStability.Source.Higham.Chapter10.Theorem07	3	import NumStability.Algorithms.LinearSystems.Cholesky.ErrorAnalysis.Certificates	import NumStability.Algorithms.LinearSystems.Cholesky.ErrorAnalysis.Certificates	0	NumStability.Algorithms.LinearSystems.Cholesky.ErrorAnalysis.Certificates	preserved_direct	1
NumStability.Source.Higham.Chapter10.Theorem07.Core.Results	source	NumStability.Source.Higham.Chapter10.Theorem07	4	import NumStability.Algorithms.LinearSystems.Cholesky.Factorization.Spec	import NumStability.Algorithms.LinearSystems.Cholesky.Factorization.Spec	0	NumStability.Algorithms.LinearSystems.Cholesky.Factorization.Spec	preserved_direct	1
NumStability.Source.Higham.Chapter10.Theorem07.Core.Results	source	NumStability.Source.Higham.Chapter10.Theorem07	5	import NumStability.Algorithms.LinearSystems.Cholesky.PositiveSemidefinite.ScaledStage	import NumStability.Algorithms.LinearSystems.Cholesky.PositiveSemidefinite.ScaledStage	0	NumStability.Algorithms.LinearSystems.Cholesky.PositiveSemidefinite.ScaledStage	preserved_direct	1
NumStability.Source.Higham.Chapter10.Theorem07.Core.Results	source	NumStability.Source.Higham.Chapter10.Theorem07	6	import NumStability.Algorithms.LinearSystems.Cholesky.RoundedFactorization.Basic	import NumStability.Algorithms.LinearSystems.Cholesky.RoundedFactorization.Basic	0	NumStability.Algorithms.LinearSystems.Cholesky.RoundedFactorization.Basic	preserved_direct	1
NumStability.Source.Higham.Chapter10.Theorem07.Core.Results	source	NumStability.Source.Higham.Chapter10.Theorem07	7	import NumStability.Analysis.MatrixNorms.EntrywiseAbsolute.Basic	import NumStability.Analysis.MatrixNorms.EntrywiseAbsolute.Basic	0	NumStability.Analysis.MatrixNorms.EntrywiseAbsolute.Basic	preserved_direct	1
NumStability.Source.Higham.Chapter10.Theorem07.Core.Results	source	NumStability.Source.Higham.Chapter10.Theorem07	8	import NumStability.Analysis.MatrixNorms.SpectralExtrema.Basic	import NumStability.Analysis.MatrixNorms.SpectralExtrema.Basic	0	NumStability.Analysis.MatrixNorms.SpectralExtrema.Basic	preserved_direct	1
NumStability.Source.Higham.Chapter10.Theorem07.SuccessThreshold.Factorization	source	NumStability.Algorithms.HighamChapter10	1	import Mathlib.Data.Complex.Basic	import Mathlib.Data.Complex.Basic	0	Mathlib.Data.Complex.Basic	preserved_direct	1
NumStability.Source.Higham.Chapter10.Theorem07.SuccessThreshold.Factorization	source	NumStability.Algorithms.HighamChapter10	2	import NumStability.Algorithms.Cholesky.CholeskyDemmel	import NumStability.Algorithms.Cholesky.CholeskyDemmel	0	NumStability.Algorithms.Cholesky.CholeskyDemmel	preserved_direct	1
NumStability.Source.Higham.Chapter10.Theorem07.SuccessThreshold.Factorization	source	NumStability.Algorithms.HighamChapter10	3	import NumStability.Algorithms.Cholesky.CholeskyFl	import NumStability.Algorithms.Cholesky.CholeskyFl	0	NumStability.Algorithms.Cholesky.CholeskyFl	preserved_direct	1
NumStability.Source.Higham.Chapter10.Theorem07.SuccessThreshold.Factorization	source	NumStability.Algorithms.HighamChapter10	4	import NumStability.Algorithms.Cholesky.CholeskyNonsym	import NumStability.Algorithms.Cholesky.CholeskyNonsym	0	NumStability.Algorithms.Cholesky.CholeskyNonsym	preserved_direct	1
NumStability.Source.Higham.Chapter10.Theorem07.SuccessThreshold.Factorization	source	NumStability.Algorithms.HighamChapter10	5	import NumStability.Algorithms.Cholesky.CholeskyPSD	import Mathlib.Algebra.BigOperators.Field	1	NumStability.Algorithms.Cholesky.CholeskyPSD -> Mathlib.Algebra.BigOperators.Field	preserved_recursive	1
NumStability.Source.Higham.Chapter10.Theorem07.SuccessThreshold.Factorization	source	NumStability.Algorithms.HighamChapter10	5	import NumStability.Algorithms.Cholesky.CholeskyPSD	import Mathlib.Algebra.BigOperators.Group.Finset.Basic	1	NumStability.Algorithms.Cholesky.CholeskyPSD -> Mathlib.Algebra.BigOperators.Group.Finset.Basic	preserved_recursive	1
NumStability.Source.Higham.Chapter10.Theorem07.SuccessThreshold.Factorization	source	NumStability.Algorithms.HighamChapter10	5	import NumStability.Algorithms.Cholesky.CholeskyPSD	import Mathlib.Algebra.Order.BigOperators.Group.Finset	1	NumStability.Algorithms.Cholesky.CholeskyPSD -> Mathlib.Algebra.Order.BigOperators.Group.Finset	preserved_recursive	1
NumStability.Source.Higham.Chapter10.Theorem07.SuccessThreshold.Factorization	source	NumStability.Algorithms.HighamChapter10	5	import NumStability.Algorithms.Cholesky.CholeskyPSD	import Mathlib.Data.Real.Basic	1	NumStability.Algorithms.Cholesky.CholeskyPSD -> Mathlib.Data.Real.Basic	preserved_recursive	1
NumStability.Source.Higham.Chapter10.Theorem07.SuccessThreshold.Factorization	source	NumStability.Algorithms.HighamChapter10	5	import NumStability.Algorithms.Cholesky.CholeskyPSD	import Mathlib.Data.Real.Sqrt	1	NumStability.Algorithms.Cholesky.CholeskyPSD -> Mathlib.Data.Real.Sqrt	preserved_recursive	1
NumStability.Source.Higham.Chapter10.Theorem07.SuccessThreshold.Factorization	source	NumStability.Algorithms.HighamChapter10	5	import NumStability.Algorithms.Cholesky.CholeskyPSD	import Mathlib.LinearAlgebra.Matrix.Block	1	NumStability.Algorithms.Cholesky.CholeskyPSD -> Mathlib.LinearAlgebra.Matrix.Block	preserved_recursive	1
NumStability.Source.Higham.Chapter10.Theorem07.SuccessThreshold.Factorization	source	NumStability.Algorithms.HighamChapter10	5	import NumStability.Algorithms.Cholesky.CholeskyPSD	import Mathlib.LinearAlgebra.Matrix.NonsingularInverse	1	NumStability.Algorithms.Cholesky.CholeskyPSD -> Mathlib.LinearAlgebra.Matrix.NonsingularInverse	preserved_recursive	1
NumStability.Source.Higham.Chapter10.Theorem07.SuccessThreshold.Factorization	source	NumStability.Algorithms.HighamChapter10	5	import NumStability.Algorithms.Cholesky.CholeskyPSD	import Mathlib.LinearAlgebra.Matrix.Rank	1	NumStability.Algorithms.Cholesky.CholeskyPSD -> Mathlib.LinearAlgebra.Matrix.Rank	preserved_recursive	1
NumStability.Source.Higham.Chapter10.Theorem07.SuccessThreshold.Factorization	source	NumStability.Algorithms.HighamChapter10	5	import NumStability.Algorithms.Cholesky.CholeskyPSD	import Mathlib.Tactic.FieldSimp	1	NumStability.Algorithms.Cholesky.CholeskyPSD -> Mathlib.Tactic.FieldSimp	preserved_recursive	1
NumStability.Source.Higham.Chapter10.Theorem07.SuccessThreshold.Factorization	source	NumStability.Algorithms.HighamChapter10	5	import NumStability.Algorithms.Cholesky.CholeskyPSD	import Mathlib.Tactic.Linarith	1	NumStability.Algorithms.Cholesky.CholeskyPSD -> Mathlib.Tactic.Linarith	preserved_recursive	1
NumStability.Source.Higham.Chapter10.Theorem07.SuccessThreshold.Factorization	source	NumStability.Algorithms.HighamChapter10	5	import NumStability.Algorithms.Cholesky.CholeskyPSD	import Mathlib.Tactic.Ring	1	NumStability.Algorithms.Cholesky.CholeskyPSD -> Mathlib.Tactic.Ring	preserved_recursive	1
NumStability.Source.Higham.Chapter10.Theorem07.SuccessThreshold.Factorization	source	NumStability.Algorithms.HighamChapter10	5	import NumStability.Algorithms.Cholesky.CholeskyPSD	import NumStability.Algorithms.Cholesky.CholeskySpec	1	NumStability.Algorithms.Cholesky.CholeskyPSD -> NumStability.Algorithms.Cholesky.CholeskySpec	preserved_recursive	1
NumStability.Source.Higham.Chapter10.Theorem07.SuccessThreshold.Factorization	source	NumStability.Algorithms.HighamChapter10	5	import NumStability.Algorithms.Cholesky.CholeskyPSD	import NumStability.Algorithms.LU.GaussianElimination	1	NumStability.Algorithms.Cholesky.CholeskyPSD -> NumStability.Algorithms.LU.GaussianElimination	preserved_recursive	1
NumStability.Source.Higham.Chapter10.Theorem07.SuccessThreshold.Factorization	source	NumStability.Algorithms.HighamChapter10	5	import NumStability.Algorithms.Cholesky.CholeskyPSD	import NumStability.Algorithms.LinearSystems.Cholesky.PositiveSemidefinite.Basic	1	NumStability.Algorithms.Cholesky.CholeskyPSD -> NumStability.Algorithms.LinearSystems.Cholesky.PositiveSemidefinite.Basic	preserved_recursive	1
NumStability.Source.Higham.Chapter10.Theorem07.SuccessThreshold.Factorization	source	NumStability.Algorithms.HighamChapter10	5	import NumStability.Algorithms.Cholesky.CholeskyPSD	import NumStability.Analysis.Rounding	1	NumStability.Algorithms.Cholesky.CholeskyPSD -> NumStability.Analysis.Rounding	preserved_recursive	1
NumStability.Source.Higham.Chapter10.Theorem07.SuccessThreshold.Factorization	source	NumStability.Algorithms.HighamChapter10	5	import NumStability.Algorithms.Cholesky.CholeskyPSD	import NumStability.FloatingPoint.Model	1	NumStability.Algorithms.Cholesky.CholeskyPSD -> NumStability.FloatingPoint.Model	preserved_recursive	1
NumStability.Source.Higham.Chapter10.Theorem07.SuccessThreshold.Factorization	source	NumStability.Algorithms.HighamChapter10	5	import NumStability.Algorithms.Cholesky.CholeskyPSD	import NumStability.Source.Higham.Chapter10.Lemma13.KahanSharpness.CompletePivotingBound	1	NumStability.Algorithms.Cholesky.CholeskyPSD -> NumStability.Source.Higham.Chapter10.Lemma13.KahanSharpness.CompletePivotingBound	preserved_recursive	1
NumStability.Source.Higham.Chapter10.Theorem07.SuccessThreshold.Factorization	source	NumStability.Algorithms.HighamChapter10	5	import NumStability.Algorithms.Cholesky.CholeskyPSD	import NumStability.Source.Higham.Chapter10.Section03.PositiveSemidefinite.Existence	1	NumStability.Algorithms.Cholesky.CholeskyPSD -> NumStability.Source.Higham.Chapter10.Section03.PositiveSemidefinite.Existence	preserved_recursive	1
NumStability.Source.Higham.Chapter10.Theorem07.SuccessThreshold.Factorization	source	NumStability.Algorithms.HighamChapter10	5	import NumStability.Algorithms.Cholesky.CholeskyPSD	import NumStability.Source.Higham.Chapter10.Section03.PositiveSemidefinite.SchurComplement	1	NumStability.Algorithms.Cholesky.CholeskyPSD -> NumStability.Source.Higham.Chapter10.Section03.PositiveSemidefinite.SchurComplement	preserved_recursive	1
NumStability.Source.Higham.Chapter10.Theorem07.SuccessThreshold.Factorization	source	NumStability.Algorithms.HighamChapter10	5	import NumStability.Algorithms.Cholesky.CholeskyPSD	import NumStability.Source.Higham.Chapter10.Section03.PositiveSemidefinite.Termination	1	NumStability.Algorithms.Cholesky.CholeskyPSD -> NumStability.Source.Higham.Chapter10.Section03.PositiveSemidefinite.Termination	preserved_recursive	1
NumStability.Source.Higham.Chapter10.Theorem07.SuccessThreshold.Factorization	source	NumStability.Algorithms.HighamChapter10	5	import NumStability.Algorithms.Cholesky.CholeskyPSD	import NumStability.Source.Higham.Chapter10.Section03.PositiveSemidefinite.WNormBound	1	NumStability.Algorithms.Cholesky.CholeskyPSD -> NumStability.Source.Higham.Chapter10.Section03.PositiveSemidefinite.WNormBound	preserved_recursive	1
NumStability.Source.Higham.Chapter10.Theorem07.SuccessThreshold.Factorization	source	NumStability.Algorithms.HighamChapter10	5	import NumStability.Algorithms.Cholesky.CholeskyPSD	import NumStability.Source.Higham.Chapter10.Theorem14.CompletePivotedPSD.PsdErrorAnalysis	1	NumStability.Algorithms.Cholesky.CholeskyPSD -> NumStability.Source.Higham.Chapter10.Theorem14.CompletePivotedPSD.PsdErrorAnalysis	preserved_recursive	1
NumStability.Source.Higham.Chapter10.Theorem07.SuccessThreshold.Factorization	source	NumStability.Algorithms.HighamChapter10	6	import NumStability.Algorithms.Cholesky.CholeskySpec	import NumStability.Algorithms.Cholesky.CholeskySpec	0	NumStability.Algorithms.Cholesky.CholeskySpec	preserved_direct	1
NumStability.Source.Higham.Chapter10.Theorem07.SuccessThreshold.Factorization	source	NumStability.Algorithms.HighamChapter10	7	import NumStability.Algorithms.LinearSystems.Cholesky.ErrorAnalysis.Certificates	import NumStability.Algorithms.LinearSystems.Cholesky.ErrorAnalysis.Certificates	0	NumStability.Algorithms.LinearSystems.Cholesky.ErrorAnalysis.Certificates	preserved_direct	1
NumStability.Source.Higham.Chapter10.Theorem07.SuccessThreshold.Factorization	source	NumStability.Algorithms.HighamChapter10	8	import NumStability.Algorithms.LinearSystems.Cholesky.Perturbation.Basic	import NumStability.Algorithms.LinearSystems.Cholesky.Perturbation.Basic	0	NumStability.Algorithms.LinearSystems.Cholesky.Perturbation.Basic	preserved_direct	1
NumStability.Source.Higham.Chapter10.Theorem07.SuccessThreshold.Factorization	source	NumStability.Algorithms.HighamChapter10	9	import NumStability.Algorithms.LinearSystems.Cholesky.PositiveSemidefinite.KahanMatrix	import NumStability.Algorithms.LinearSystems.Cholesky.PositiveSemidefinite.KahanMatrix	0	NumStability.Algorithms.LinearSystems.Cholesky.PositiveSemidefinite.KahanMatrix	preserved_direct	1
NumStability.Source.Higham.Chapter10.Theorem07.SuccessThreshold.Factorization	source	NumStability.Algorithms.HighamChapter10	10	import NumStability.Algorithms.LinearSystems.Cholesky.PositiveSemidefinite.ScaledStage	import NumStability.Algorithms.LinearSystems.Cholesky.PositiveSemidefinite.ScaledStage	0	NumStability.Algorithms.LinearSystems.Cholesky.PositiveSemidefinite.ScaledStage	preserved_direct	1
NumStability.Source.Higham.Chapter10.Theorem07.SuccessThreshold.Factorization	source	NumStability.Algorithms.HighamChapter10	11	import NumStability.Analysis.MatrixNorms.EntrywiseAbsolute.Basic	import NumStability.Analysis.MatrixNorms.EntrywiseAbsolute.Basic	0	NumStability.Analysis.MatrixNorms.EntrywiseAbsolute.Basic	preserved_direct	1
NumStability.Source.Higham.Chapter10.Theorem07.SuccessThreshold.Factorization	source	NumStability.Algorithms.HighamChapter10	12	import NumStability.Analysis.MatrixNorms.SpectralExtrema.Basic	import NumStability.Analysis.MatrixNorms.SpectralExtrema.Basic	0	NumStability.Analysis.MatrixNorms.SpectralExtrema.Basic	preserved_direct	1
NumStability.Source.Higham.Chapter10.Theorem07.SuccessThreshold.Factorization	source	NumStability.Algorithms.HighamChapter10	13	import NumStability.Analysis.MatrixSpectral	import NumStability.Analysis.MatrixSpectral	0	NumStability.Analysis.MatrixSpectral	preserved_direct	1
NumStability.Source.Higham.Chapter10.Theorem07.SuccessThreshold.Factorization	source	NumStability.Algorithms.HighamChapter10	14	import NumStability.Source.Higham.Chapter09.Problems	import NumStability.Source.Higham.Chapter09.Problems	0	NumStability.Source.Higham.Chapter09.Problems	preserved_direct	1
NumStability.Source.Higham.Chapter10.Theorem07.SuccessThreshold.Factorization	source	NumStability.Algorithms.HighamChapter10	15	import NumStability.Source.Higham.Chapter09.Section01	import NumStability.Source.Higham.Chapter09.Section01	0	NumStability.Source.Higham.Chapter09.Section01	preserved_direct	1
NumStability.Source.Higham.Chapter10.Theorem07.SuccessThreshold.Factorization	source	NumStability.Algorithms.HighamChapter10	16	import NumStability.Source.Higham.Chapter09.Section02	import NumStability.Source.Higham.Chapter09.Section02	0	NumStability.Source.Higham.Chapter09.Section02	preserved_direct	1
NumStability.Source.Higham.Chapter10.Theorem07.SuccessThreshold.Factorization	source	NumStability.Algorithms.HighamChapter10	17	import NumStability.Source.Higham.Chapter09.Section03	import NumStability.Source.Higham.Chapter09.Section03	0	NumStability.Source.Higham.Chapter09.Section03	preserved_direct	1
NumStability.Source.Higham.Chapter10.Theorem07.SuccessThreshold.Factorization	source	NumStability.Algorithms.HighamChapter10	18	import NumStability.Source.Higham.Chapter09.Section04	import NumStability.Source.Higham.Chapter09.Section04	0	NumStability.Source.Higham.Chapter09.Section04	preserved_direct	1
NumStability.Source.Higham.Chapter10.Theorem07.SuccessThreshold.Factorization	source	NumStability.Algorithms.HighamChapter10	19	import NumStability.Source.Higham.Chapter09.Section05	import NumStability.Source.Higham.Chapter09.Section05	0	NumStability.Source.Higham.Chapter09.Section05	preserved_direct	1
NumStability.Source.Higham.Chapter10.Theorem07.SuccessThreshold.Factorization	source	NumStability.Algorithms.HighamChapter10	20	import NumStability.Source.Higham.Chapter09.Section06	import NumStability.Source.Higham.Chapter09.Section06	0	NumStability.Source.Higham.Chapter09.Section06	preserved_direct	1
NumStability.Source.Higham.Chapter10.Theorem07.SuccessThreshold.Factorization	source	NumStability.Algorithms.HighamChapter10	21	import NumStability.Source.Higham.Chapter09.Section08	import NumStability.Source.Higham.Chapter09.Section08	0	NumStability.Source.Higham.Chapter09.Section08	preserved_direct	1
NumStability.Source.Higham.Chapter10.Theorem07.SuccessThreshold.Factorization	source	NumStability.Algorithms.HighamChapter10	22	import NumStability.Source.Higham.Chapter09.Section10	import NumStability.Source.Higham.Chapter09.Section10	0	NumStability.Source.Higham.Chapter09.Section10	preserved_direct	1
NumStability.Source.Higham.Chapter10.Theorem07.SuccessThreshold.Factorization	source	NumStability.Algorithms.HighamChapter10	23	import NumStability.Source.Higham.Chapter09.Section11	import NumStability.Source.Higham.Chapter09.Section11	0	NumStability.Source.Higham.Chapter09.Section11	preserved_direct	1
NumStability.Source.Higham.Chapter10.Theorem07.SuccessThreshold.Factorization	source	NumStability.Algorithms.HighamChapter10	24	import NumStability.Source.Higham.Chapter10.Equation07.AbsoluteFactorNorm.Endpoints	import NumStability.Source.Higham.Chapter10.Equation07.AbsoluteFactorNorm.Endpoints	0	NumStability.Source.Higham.Chapter10.Equation07.AbsoluteFactorNorm.Endpoints	preserved_direct	1
NumStability.Source.Higham.Chapter10.Theorem07.SuccessThreshold.Factorization	source	NumStability.Algorithms.HighamChapter10	25	import NumStability.Source.Higham.Chapter10.Equation29.Mathias.Endpoints	import NumStability.Source.Higham.Chapter10.Equation29.Mathias.Endpoints	0	NumStability.Source.Higham.Chapter10.Equation29.Mathias.Endpoints	preserved_direct	1
NumStability.Source.Higham.Chapter10.Theorem07.SuccessThreshold.Factorization	source	NumStability.Algorithms.HighamChapter10	26	import NumStability.Source.Higham.Chapter10.Equation30.ComplexPositiveDefinite.Endpoints	import NumStability.Source.Higham.Chapter10.Equation30.ComplexPositiveDefinite.Endpoints	0	NumStability.Source.Higham.Chapter10.Equation30.ComplexPositiveDefinite.Endpoints	preserved_direct	1
NumStability.Source.Higham.Chapter10.Theorem07.SuccessThreshold.Factorization	source	NumStability.Algorithms.HighamChapter10	27	import NumStability.Source.Higham.Chapter10.Lemma11.PivotSequenceStability.Endpoints	import NumStability.Source.Higham.Chapter10.Lemma11.PivotSequenceStability.Endpoints	0	NumStability.Source.Higham.Chapter10.Lemma11.PivotSequenceStability.Endpoints	preserved_direct	1
NumStability.Source.Higham.Chapter10.Theorem07.SuccessThreshold.Factorization	source	NumStability.Algorithms.HighamChapter10	28	import NumStability.Source.Higham.Chapter10.Lemma13.KahanSharpness.Endpoints	import NumStability.Source.Higham.Chapter10.Lemma13.KahanSharpness.Endpoints	0	NumStability.Source.Higham.Chapter10.Lemma13.KahanSharpness.Endpoints	preserved_direct	1
NumStability.Source.Higham.Chapter10.Theorem07.SuccessThreshold.Factorization	source	NumStability.Algorithms.HighamChapter10	29	import NumStability.Source.Higham.Chapter10.Problem01.PositiveSemidefiniteEntries.Basic	import NumStability.Source.Higham.Chapter10.Problem01.PositiveSemidefiniteEntries.Basic	0	NumStability.Source.Higham.Chapter10.Problem01.PositiveSemidefiniteEntries.Basic	preserved_direct	1
NumStability.Source.Higham.Chapter10.Theorem07.SuccessThreshold.Factorization	source	NumStability.Algorithms.HighamChapter10	30	import NumStability.Source.Higham.Chapter10.Problem04.UnpivotedGrowth.Basic	import NumStability.Source.Higham.Chapter10.Problem04.UnpivotedGrowth.Basic	0	NumStability.Source.Higham.Chapter10.Problem04.UnpivotedGrowth.Basic	preserved_direct	1
NumStability.Source.Higham.Chapter10.Theorem07.SuccessThreshold.Factorization	source	NumStability.Algorithms.HighamChapter10	31	import NumStability.Source.Higham.Chapter10.Problem08.LeadingMinorsCounterexample.Basic	import NumStability.Source.Higham.Chapter10.Problem08.LeadingMinorsCounterexample.Basic	0	NumStability.Source.Higham.Chapter10.Problem08.LeadingMinorsCounterexample.Basic	preserved_direct	1
NumStability.Source.Higham.Chapter10.Theorem07.SuccessThreshold.Factorization	source	NumStability.Algorithms.HighamChapter10	32	import NumStability.Source.Higham.Chapter10.Section01.Factorization.Basic	import NumStability.Source.Higham.Chapter10.Section01.Factorization.Basic	0	NumStability.Source.Higham.Chapter10.Section01.Factorization.Basic	preserved_direct	1
NumStability.Source.Higham.Chapter10.Theorem07.SuccessThreshold.Factorization	source	NumStability.Algorithms.HighamChapter10	33	import NumStability.Source.Higham.Chapter10.Section02.ErrorAnalysis.Basic	import NumStability.Source.Higham.Chapter10.Section02.ErrorAnalysis.Basic	0	NumStability.Source.Higham.Chapter10.Section02.ErrorAnalysis.Basic	preserved_direct	1
NumStability.Source.Higham.Chapter10.Theorem07.SuccessThreshold.Factorization	source	NumStability.Algorithms.HighamChapter10	34	import NumStability.Source.Higham.Chapter10.Section03.PositiveSemidefinite.Endpoints	import NumStability.Source.Higham.Chapter10.Section03.PositiveSemidefinite.Endpoints	0	NumStability.Source.Higham.Chapter10.Section03.PositiveSemidefinite.Endpoints	preserved_direct	1
NumStability.Source.Higham.Chapter10.Theorem07.SuccessThreshold.Factorization	source	NumStability.Algorithms.HighamChapter10	35	import NumStability.Source.Higham.Chapter10.Section04.PositiveDefiniteSymmetricPart.Endpoints	import NumStability.Source.Higham.Chapter10.Section04.PositiveDefiniteSymmetricPart.Endpoints	0	NumStability.Source.Higham.Chapter10.Section04.PositiveDefiniteSymmetricPart.Endpoints	preserved_direct	1
NumStability.Source.Higham.Chapter10.Theorem07.SuccessThreshold.Factorization	source	NumStability.Algorithms.HighamChapter10	36	import NumStability.Source.Higham.Chapter10.Theorem06.RoundedCholesky.Endpoints	import NumStability.Source.Higham.Chapter10.Theorem06.RoundedCholesky.Endpoints	0	NumStability.Source.Higham.Chapter10.Theorem06.RoundedCholesky.Endpoints	preserved_direct	1
NumStability.Source.Higham.Chapter10.Theorem07.SuccessThreshold.Factorization	source	NumStability.Algorithms.HighamChapter10	37	import NumStability.Source.Higham.Chapter10.Theorem07.FailureVacuity.Endpoints	import NumStability.Source.Higham.Chapter10.Theorem07.FailureVacuity.Endpoints	0	NumStability.Source.Higham.Chapter10.Theorem07.FailureVacuity.Endpoints	preserved_direct	1
NumStability.Source.Higham.Chapter10.Theorem07.SuccessThreshold.Factorization	source	NumStability.Algorithms.HighamChapter10	38	import NumStability.Source.Higham.Chapter10.Theorem08.ComponentwisePerturbation.Endpoints	import NumStability.Source.Higham.Chapter10.Theorem08.ComponentwisePerturbation.Endpoints	0	NumStability.Source.Higham.Chapter10.Theorem08.ComponentwisePerturbation.Endpoints	preserved_direct	1
NumStability.Source.Higham.Chapter10.Theorem07.SuccessThreshold.Factorization	source	NumStability.Algorithms.HighamChapter10	39	import NumStability.Source.Higham.Chapter10.Theorem08.NormwiseDiscrepancy.Endpoints	import NumStability.Source.Higham.Chapter10.Theorem08.NormwiseDiscrepancy.Endpoints	0	NumStability.Source.Higham.Chapter10.Theorem08.NormwiseDiscrepancy.Endpoints	preserved_direct	1
NumStability.Source.Higham.Chapter10.Theorem07.SuccessThreshold.Factorization	source	NumStability.Algorithms.HighamChapter10	40	import NumStability.Source.Higham.Chapter10.Theorem14.CompletePivotedPSD.Endpoints	import NumStability.Source.Higham.Chapter10.Theorem14.CompletePivotedPSD.Endpoints	0	NumStability.Source.Higham.Chapter10.Theorem14.CompletePivotedPSD.Endpoints	preserved_direct	1
NumStability.Source.Higham.Chapter10.Theorem08.ComponentwisePerturbation.NormalizedResolvent.SourceBound	source	NumStability.Algorithms.Ch10Theorem108Componentwise	1	import NumStability.Algorithms.Cholesky.CholeskySpec	import NumStability.Algorithms.Cholesky.CholeskySpec	0	NumStability.Algorithms.Cholesky.CholeskySpec	preserved_direct	1
NumStability.Source.Higham.Chapter10.Theorem08.ComponentwisePerturbation.NormalizedResolvent.SourceBound	source	NumStability.Algorithms.Ch10Theorem108Componentwise	2	import NumStability.Algorithms.LinearSystems.Triangular.InverseBounds	import NumStability.Algorithms.LinearSystems.Triangular.InverseBounds	0	NumStability.Algorithms.LinearSystems.Triangular.InverseBounds	preserved_direct	1
NumStability.Source.Higham.Chapter10.Theorem08.ComponentwisePerturbation.NormalizedResolvent.SourceBound	source	NumStability.Algorithms.Ch10Theorem108Componentwise	3	import NumStability.Source.Higham.Chapter09.Problems	import NumStability.Source.Higham.Chapter09.Problems	0	NumStability.Source.Higham.Chapter09.Problems	preserved_direct	1
NumStability.Source.Higham.Chapter10.Theorem08.ComponentwisePerturbation.NormalizedResolvent.SourceBound	source	NumStability.Algorithms.Ch10Theorem108Componentwise	4	import NumStability.Source.Higham.Chapter09.Section01	import NumStability.Source.Higham.Chapter09.Section01	0	NumStability.Source.Higham.Chapter09.Section01	preserved_direct	1
NumStability.Source.Higham.Chapter10.Theorem08.ComponentwisePerturbation.NormalizedResolvent.SourceBound	source	NumStability.Algorithms.Ch10Theorem108Componentwise	5	import NumStability.Source.Higham.Chapter09.Section02	import NumStability.Source.Higham.Chapter09.Section02	0	NumStability.Source.Higham.Chapter09.Section02	preserved_direct	1
NumStability.Source.Higham.Chapter10.Theorem08.ComponentwisePerturbation.NormalizedResolvent.SourceBound	source	NumStability.Algorithms.Ch10Theorem108Componentwise	6	import NumStability.Source.Higham.Chapter09.Section03	import NumStability.Source.Higham.Chapter09.Section03	0	NumStability.Source.Higham.Chapter09.Section03	preserved_direct	1
NumStability.Source.Higham.Chapter10.Theorem08.ComponentwisePerturbation.NormalizedResolvent.SourceBound	source	NumStability.Algorithms.Ch10Theorem108Componentwise	7	import NumStability.Source.Higham.Chapter09.Section04	import NumStability.Source.Higham.Chapter09.Section04	0	NumStability.Source.Higham.Chapter09.Section04	preserved_direct	1
NumStability.Source.Higham.Chapter10.Theorem08.ComponentwisePerturbation.NormalizedResolvent.SourceBound	source	NumStability.Algorithms.Ch10Theorem108Componentwise	8	import NumStability.Source.Higham.Chapter09.Section05	import NumStability.Source.Higham.Chapter09.Section05	0	NumStability.Source.Higham.Chapter09.Section05	preserved_direct	1
NumStability.Source.Higham.Chapter10.Theorem08.ComponentwisePerturbation.NormalizedResolvent.SourceBound	source	NumStability.Algorithms.Ch10Theorem108Componentwise	9	import NumStability.Source.Higham.Chapter09.Section06	import NumStability.Source.Higham.Chapter09.Section06	0	NumStability.Source.Higham.Chapter09.Section06	preserved_direct	1
NumStability.Source.Higham.Chapter10.Theorem08.ComponentwisePerturbation.NormalizedResolvent.SourceBound	source	NumStability.Algorithms.Ch10Theorem108Componentwise	10	import NumStability.Source.Higham.Chapter09.Section08	import NumStability.Source.Higham.Chapter09.Section08	0	NumStability.Source.Higham.Chapter09.Section08	preserved_direct	1
NumStability.Source.Higham.Chapter10.Theorem08.ComponentwisePerturbation.NormalizedResolvent.SourceBound	source	NumStability.Algorithms.Ch10Theorem108Componentwise	11	import NumStability.Source.Higham.Chapter09.Section10	import NumStability.Source.Higham.Chapter09.Section10	0	NumStability.Source.Higham.Chapter09.Section10	preserved_direct	1
NumStability.Source.Higham.Chapter10.Theorem08.ComponentwisePerturbation.NormalizedResolvent.SourceBound	source	NumStability.Algorithms.Ch10Theorem108Componentwise	12	import NumStability.Source.Higham.Chapter09.Section11	import NumStability.Source.Higham.Chapter09.Section11	0	NumStability.Source.Higham.Chapter09.Section11	preserved_direct	1
NumStability.Source.Higham.Chapter10.Theorem08.ComponentwisePerturbation.NormalizedResolvent.SourceBound	source	NumStability.Algorithms.Ch10Theorem108Componentwise	13	import NumStability.Source.Higham.Chapter10.Theorem08.ComponentwisePerturbation.Resolvent	import NumStability.Source.Higham.Chapter10.Theorem08.ComponentwisePerturbation.Resolvent	0	NumStability.Source.Higham.Chapter10.Theorem08.ComponentwisePerturbation.Resolvent	preserved_direct	1
NumStability.Source.Higham.Chapter10.Theorem08.NormwiseDiscrepancy.Counterexample.Uniqueness	source	NumStability.Algorithms.Ch10Theorem108Source	1	import NumStability.Algorithms.HighamChapter10	import Mathlib.Algebra.BigOperators.Field	2	NumStability.Algorithms.HighamChapter10 -> NumStability.Algorithms.Cholesky.CholeskyPSD -> Mathlib.Algebra.BigOperators.Field	preserved_recursive	1
NumStability.Source.Higham.Chapter10.Theorem08.NormwiseDiscrepancy.Counterexample.Uniqueness	source	NumStability.Algorithms.Ch10Theorem108Source	1	import NumStability.Algorithms.HighamChapter10	import Mathlib.Algebra.BigOperators.Group.Finset.Basic	2	NumStability.Algorithms.HighamChapter10 -> NumStability.Algorithms.Cholesky.CholeskyPSD -> Mathlib.Algebra.BigOperators.Group.Finset.Basic	preserved_recursive	1
NumStability.Source.Higham.Chapter10.Theorem08.NormwiseDiscrepancy.Counterexample.Uniqueness	source	NumStability.Algorithms.Ch10Theorem108Source	1	import NumStability.Algorithms.HighamChapter10	import Mathlib.Algebra.Order.BigOperators.Group.Finset	2	NumStability.Algorithms.HighamChapter10 -> NumStability.Algorithms.Cholesky.CholeskyPSD -> Mathlib.Algebra.Order.BigOperators.Group.Finset	preserved_recursive	1
NumStability.Source.Higham.Chapter10.Theorem08.NormwiseDiscrepancy.Counterexample.Uniqueness	source	NumStability.Algorithms.Ch10Theorem108Source	1	import NumStability.Algorithms.HighamChapter10	import Mathlib.Data.Complex.Basic	1	NumStability.Algorithms.HighamChapter10 -> Mathlib.Data.Complex.Basic	preserved_recursive	1
NumStability.Source.Higham.Chapter10.Theorem08.NormwiseDiscrepancy.Counterexample.Uniqueness	source	NumStability.Algorithms.Ch10Theorem108Source	1	import NumStability.Algorithms.HighamChapter10	import Mathlib.Data.Real.Basic	2	NumStability.Algorithms.HighamChapter10 -> NumStability.Algorithms.Cholesky.CholeskyPSD -> Mathlib.Data.Real.Basic	preserved_recursive	1
NumStability.Source.Higham.Chapter10.Theorem08.NormwiseDiscrepancy.Counterexample.Uniqueness	source	NumStability.Algorithms.Ch10Theorem108Source	1	import NumStability.Algorithms.HighamChapter10	import Mathlib.Data.Real.Sqrt	2	NumStability.Algorithms.HighamChapter10 -> NumStability.Algorithms.Cholesky.CholeskyPSD -> Mathlib.Data.Real.Sqrt	preserved_recursive	1
NumStability.Source.Higham.Chapter10.Theorem08.NormwiseDiscrepancy.Counterexample.Uniqueness	source	NumStability.Algorithms.Ch10Theorem108Source	1	import NumStability.Algorithms.HighamChapter10	import Mathlib.LinearAlgebra.Matrix.Block	2	NumStability.Algorithms.HighamChapter10 -> NumStability.Algorithms.Cholesky.CholeskyPSD -> Mathlib.LinearAlgebra.Matrix.Block	preserved_recursive	1
NumStability.Source.Higham.Chapter10.Theorem08.NormwiseDiscrepancy.Counterexample.Uniqueness	source	NumStability.Algorithms.Ch10Theorem108Source	1	import NumStability.Algorithms.HighamChapter10	import Mathlib.LinearAlgebra.Matrix.NonsingularInverse	2	NumStability.Algorithms.HighamChapter10 -> NumStability.Algorithms.Cholesky.CholeskyPSD -> Mathlib.LinearAlgebra.Matrix.NonsingularInverse	preserved_recursive	1
NumStability.Source.Higham.Chapter10.Theorem08.NormwiseDiscrepancy.Counterexample.Uniqueness	source	NumStability.Algorithms.Ch10Theorem108Source	1	import NumStability.Algorithms.HighamChapter10	import Mathlib.LinearAlgebra.Matrix.Rank	2	NumStability.Algorithms.HighamChapter10 -> NumStability.Algorithms.Cholesky.CholeskyPSD -> Mathlib.LinearAlgebra.Matrix.Rank	preserved_recursive	1
NumStability.Source.Higham.Chapter10.Theorem08.NormwiseDiscrepancy.Counterexample.Uniqueness	source	NumStability.Algorithms.Ch10Theorem108Source	1	import NumStability.Algorithms.HighamChapter10	import Mathlib.Tactic.FieldSimp	2	NumStability.Algorithms.HighamChapter10 -> NumStability.Algorithms.Cholesky.CholeskyPSD -> Mathlib.Tactic.FieldSimp	preserved_recursive	1
NumStability.Source.Higham.Chapter10.Theorem08.NormwiseDiscrepancy.Counterexample.Uniqueness	source	NumStability.Algorithms.Ch10Theorem108Source	1	import NumStability.Algorithms.HighamChapter10	import Mathlib.Tactic.Linarith	2	NumStability.Algorithms.HighamChapter10 -> NumStability.Algorithms.Cholesky.CholeskyPSD -> Mathlib.Tactic.Linarith	preserved_recursive	1
NumStability.Source.Higham.Chapter10.Theorem08.NormwiseDiscrepancy.Counterexample.Uniqueness	source	NumStability.Algorithms.Ch10Theorem108Source	1	import NumStability.Algorithms.HighamChapter10	import Mathlib.Tactic.Ring	2	NumStability.Algorithms.HighamChapter10 -> NumStability.Algorithms.Cholesky.CholeskyPSD -> Mathlib.Tactic.Ring	preserved_recursive	1
NumStability.Source.Higham.Chapter10.Theorem08.NormwiseDiscrepancy.Counterexample.Uniqueness	source	NumStability.Algorithms.Ch10Theorem108Source	1	import NumStability.Algorithms.HighamChapter10	import NumStability.Algorithms.Cholesky.CholeskyDemmel	1	NumStability.Algorithms.HighamChapter10 -> NumStability.Algorithms.Cholesky.CholeskyDemmel	preserved_recursive	1
NumStability.Source.Higham.Chapter10.Theorem08.NormwiseDiscrepancy.Counterexample.Uniqueness	source	NumStability.Algorithms.Ch10Theorem108Source	1	import NumStability.Algorithms.HighamChapter10	import NumStability.Algorithms.Cholesky.CholeskyFl	1	NumStability.Algorithms.HighamChapter10 -> NumStability.Algorithms.Cholesky.CholeskyFl	preserved_recursive	1
NumStability.Source.Higham.Chapter10.Theorem08.NormwiseDiscrepancy.Counterexample.Uniqueness	source	NumStability.Algorithms.Ch10Theorem108Source	1	import NumStability.Algorithms.HighamChapter10	import NumStability.Algorithms.Cholesky.CholeskyNonsym	1	NumStability.Algorithms.HighamChapter10 -> NumStability.Algorithms.Cholesky.CholeskyNonsym	preserved_recursive	1
NumStability.Source.Higham.Chapter10.Theorem08.NormwiseDiscrepancy.Counterexample.Uniqueness	source	NumStability.Algorithms.Ch10Theorem108Source	1	import NumStability.Algorithms.HighamChapter10	import NumStability.Algorithms.Cholesky.CholeskySpec	2	NumStability.Algorithms.HighamChapter10 -> NumStability.Algorithms.Cholesky.CholeskyPSD -> NumStability.Algorithms.Cholesky.CholeskySpec	preserved_recursive	1
NumStability.Source.Higham.Chapter10.Theorem08.NormwiseDiscrepancy.Counterexample.Uniqueness	source	NumStability.Algorithms.Ch10Theorem108Source	1	import NumStability.Algorithms.HighamChapter10	import NumStability.Algorithms.Cholesky.CholeskySpec	1	NumStability.Algorithms.HighamChapter10 -> NumStability.Algorithms.Cholesky.CholeskySpec	preserved_recursive	1
NumStability.Source.Higham.Chapter10.Theorem08.NormwiseDiscrepancy.Counterexample.Uniqueness	source	NumStability.Algorithms.Ch10Theorem108Source	1	import NumStability.Algorithms.HighamChapter10	import NumStability.Algorithms.LU.GaussianElimination	2	NumStability.Algorithms.HighamChapter10 -> NumStability.Algorithms.Cholesky.CholeskyPSD -> NumStability.Algorithms.LU.GaussianElimination	preserved_recursive	1
NumStability.Source.Higham.Chapter10.Theorem08.NormwiseDiscrepancy.Counterexample.Uniqueness	source	NumStability.Algorithms.Ch10Theorem108Source	1	import NumStability.Algorithms.HighamChapter10	import NumStability.Algorithms.LinearSystems.Cholesky.ErrorAnalysis.Certificates	1	NumStability.Algorithms.HighamChapter10 -> NumStability.Algorithms.LinearSystems.Cholesky.ErrorAnalysis.Certificates	preserved_recursive	1
NumStability.Source.Higham.Chapter10.Theorem08.NormwiseDiscrepancy.Counterexample.Uniqueness	source	NumStability.Algorithms.Ch10Theorem108Source	1	import NumStability.Algorithms.HighamChapter10	import NumStability.Algorithms.LinearSystems.Cholesky.Perturbation.Basic	1	NumStability.Algorithms.HighamChapter10 -> NumStability.Algorithms.LinearSystems.Cholesky.Perturbation.Basic	preserved_recursive	1
NumStability.Source.Higham.Chapter10.Theorem08.NormwiseDiscrepancy.Counterexample.Uniqueness	source	NumStability.Algorithms.Ch10Theorem108Source	1	import NumStability.Algorithms.HighamChapter10	import NumStability.Algorithms.LinearSystems.Cholesky.PositiveSemidefinite.Basic	2	NumStability.Algorithms.HighamChapter10 -> NumStability.Algorithms.Cholesky.CholeskyPSD -> NumStability.Algorithms.LinearSystems.Cholesky.PositiveSemidefinite.Basic	preserved_recursive	1
NumStability.Source.Higham.Chapter10.Theorem08.NormwiseDiscrepancy.Counterexample.Uniqueness	source	NumStability.Algorithms.Ch10Theorem108Source	1	import NumStability.Algorithms.HighamChapter10	import NumStability.Algorithms.LinearSystems.Cholesky.PositiveSemidefinite.KahanMatrix	1	NumStability.Algorithms.HighamChapter10 -> NumStability.Algorithms.LinearSystems.Cholesky.PositiveSemidefinite.KahanMatrix	preserved_recursive	1
NumStability.Source.Higham.Chapter10.Theorem08.NormwiseDiscrepancy.Counterexample.Uniqueness	source	NumStability.Algorithms.Ch10Theorem108Source	1	import NumStability.Algorithms.HighamChapter10	import NumStability.Algorithms.LinearSystems.Cholesky.PositiveSemidefinite.ScaledStage	1	NumStability.Algorithms.HighamChapter10 -> NumStability.Algorithms.LinearSystems.Cholesky.PositiveSemidefinite.ScaledStage	preserved_recursive	1
NumStability.Source.Higham.Chapter10.Theorem08.NormwiseDiscrepancy.Counterexample.Uniqueness	source	NumStability.Algorithms.Ch10Theorem108Source	1	import NumStability.Algorithms.HighamChapter10	import NumStability.Analysis.MatrixNorms.EntrywiseAbsolute.Basic	1	NumStability.Algorithms.HighamChapter10 -> NumStability.Analysis.MatrixNorms.EntrywiseAbsolute.Basic	preserved_recursive	1
NumStability.Source.Higham.Chapter10.Theorem08.NormwiseDiscrepancy.Counterexample.Uniqueness	source	NumStability.Algorithms.Ch10Theorem108Source	1	import NumStability.Algorithms.HighamChapter10	import NumStability.Analysis.MatrixNorms.SpectralExtrema.Basic	1	NumStability.Algorithms.HighamChapter10 -> NumStability.Analysis.MatrixNorms.SpectralExtrema.Basic	preserved_recursive	1
NumStability.Source.Higham.Chapter10.Theorem08.NormwiseDiscrepancy.Counterexample.Uniqueness	source	NumStability.Algorithms.Ch10Theorem108Source	1	import NumStability.Algorithms.HighamChapter10	import NumStability.Analysis.MatrixSpectral	1	NumStability.Algorithms.HighamChapter10 -> NumStability.Analysis.MatrixSpectral	preserved_recursive	1
NumStability.Source.Higham.Chapter10.Theorem08.NormwiseDiscrepancy.Counterexample.Uniqueness	source	NumStability.Algorithms.Ch10Theorem108Source	1	import NumStability.Algorithms.HighamChapter10	import NumStability.Analysis.Rounding	2	NumStability.Algorithms.HighamChapter10 -> NumStability.Algorithms.Cholesky.CholeskyPSD -> NumStability.Analysis.Rounding	preserved_recursive	1
NumStability.Source.Higham.Chapter10.Theorem08.NormwiseDiscrepancy.Counterexample.Uniqueness	source	NumStability.Algorithms.Ch10Theorem108Source	1	import NumStability.Algorithms.HighamChapter10	import NumStability.FloatingPoint.Model	2	NumStability.Algorithms.HighamChapter10 -> NumStability.Algorithms.Cholesky.CholeskyPSD -> NumStability.FloatingPoint.Model	preserved_recursive	1
NumStability.Source.Higham.Chapter10.Theorem08.NormwiseDiscrepancy.Counterexample.Uniqueness	source	NumStability.Algorithms.Ch10Theorem108Source	1	import NumStability.Algorithms.HighamChapter10	import NumStability.Source.Higham.Chapter09.Problems	1	NumStability.Algorithms.HighamChapter10 -> NumStability.Source.Higham.Chapter09.Problems	preserved_recursive	1
NumStability.Source.Higham.Chapter10.Theorem08.NormwiseDiscrepancy.Counterexample.Uniqueness	source	NumStability.Algorithms.Ch10Theorem108Source	1	import NumStability.Algorithms.HighamChapter10	import NumStability.Source.Higham.Chapter09.Section01	1	NumStability.Algorithms.HighamChapter10 -> NumStability.Source.Higham.Chapter09.Section01	preserved_recursive	1
NumStability.Source.Higham.Chapter10.Theorem08.NormwiseDiscrepancy.Counterexample.Uniqueness	source	NumStability.Algorithms.Ch10Theorem108Source	1	import NumStability.Algorithms.HighamChapter10	import NumStability.Source.Higham.Chapter09.Section02	1	NumStability.Algorithms.HighamChapter10 -> NumStability.Source.Higham.Chapter09.Section02	preserved_recursive	1
NumStability.Source.Higham.Chapter10.Theorem08.NormwiseDiscrepancy.Counterexample.Uniqueness	source	NumStability.Algorithms.Ch10Theorem108Source	1	import NumStability.Algorithms.HighamChapter10	import NumStability.Source.Higham.Chapter09.Section03	1	NumStability.Algorithms.HighamChapter10 -> NumStability.Source.Higham.Chapter09.Section03	preserved_recursive	1
NumStability.Source.Higham.Chapter10.Theorem08.NormwiseDiscrepancy.Counterexample.Uniqueness	source	NumStability.Algorithms.Ch10Theorem108Source	1	import NumStability.Algorithms.HighamChapter10	import NumStability.Source.Higham.Chapter09.Section04	1	NumStability.Algorithms.HighamChapter10 -> NumStability.Source.Higham.Chapter09.Section04	preserved_recursive	1
NumStability.Source.Higham.Chapter10.Theorem08.NormwiseDiscrepancy.Counterexample.Uniqueness	source	NumStability.Algorithms.Ch10Theorem108Source	1	import NumStability.Algorithms.HighamChapter10	import NumStability.Source.Higham.Chapter09.Section05	1	NumStability.Algorithms.HighamChapter10 -> NumStability.Source.Higham.Chapter09.Section05	preserved_recursive	1
NumStability.Source.Higham.Chapter10.Theorem08.NormwiseDiscrepancy.Counterexample.Uniqueness	source	NumStability.Algorithms.Ch10Theorem108Source	1	import NumStability.Algorithms.HighamChapter10	import NumStability.Source.Higham.Chapter09.Section06	1	NumStability.Algorithms.HighamChapter10 -> NumStability.Source.Higham.Chapter09.Section06	preserved_recursive	1
NumStability.Source.Higham.Chapter10.Theorem08.NormwiseDiscrepancy.Counterexample.Uniqueness	source	NumStability.Algorithms.Ch10Theorem108Source	1	import NumStability.Algorithms.HighamChapter10	import NumStability.Source.Higham.Chapter09.Section08	1	NumStability.Algorithms.HighamChapter10 -> NumStability.Source.Higham.Chapter09.Section08	preserved_recursive	1
NumStability.Source.Higham.Chapter10.Theorem08.NormwiseDiscrepancy.Counterexample.Uniqueness	source	NumStability.Algorithms.Ch10Theorem108Source	1	import NumStability.Algorithms.HighamChapter10	import NumStability.Source.Higham.Chapter09.Section10	1	NumStability.Algorithms.HighamChapter10 -> NumStability.Source.Higham.Chapter09.Section10	preserved_recursive	1
NumStability.Source.Higham.Chapter10.Theorem08.NormwiseDiscrepancy.Counterexample.Uniqueness	source	NumStability.Algorithms.Ch10Theorem108Source	1	import NumStability.Algorithms.HighamChapter10	import NumStability.Source.Higham.Chapter09.Section11	1	NumStability.Algorithms.HighamChapter10 -> NumStability.Source.Higham.Chapter09.Section11	preserved_recursive	1
NumStability.Source.Higham.Chapter10.Theorem08.NormwiseDiscrepancy.Counterexample.Uniqueness	source	NumStability.Algorithms.Ch10Theorem108Source	1	import NumStability.Algorithms.HighamChapter10	import NumStability.Source.Higham.Chapter10.Equation07.AbsoluteFactorNorm.Endpoints	1	NumStability.Algorithms.HighamChapter10 -> NumStability.Source.Higham.Chapter10.Equation07.AbsoluteFactorNorm.Endpoints	preserved_recursive	1
NumStability.Source.Higham.Chapter10.Theorem08.NormwiseDiscrepancy.Counterexample.Uniqueness	source	NumStability.Algorithms.Ch10Theorem108Source	1	import NumStability.Algorithms.HighamChapter10	import NumStability.Source.Higham.Chapter10.Equation29.Mathias.Endpoints	1	NumStability.Algorithms.HighamChapter10 -> NumStability.Source.Higham.Chapter10.Equation29.Mathias.Endpoints	preserved_recursive	1
NumStability.Source.Higham.Chapter10.Theorem08.NormwiseDiscrepancy.Counterexample.Uniqueness	source	NumStability.Algorithms.Ch10Theorem108Source	1	import NumStability.Algorithms.HighamChapter10	import NumStability.Source.Higham.Chapter10.Equation30.ComplexPositiveDefinite.Endpoints	1	NumStability.Algorithms.HighamChapter10 -> NumStability.Source.Higham.Chapter10.Equation30.ComplexPositiveDefinite.Endpoints	preserved_recursive	1
NumStability.Source.Higham.Chapter10.Theorem08.NormwiseDiscrepancy.Counterexample.Uniqueness	source	NumStability.Algorithms.Ch10Theorem108Source	1	import NumStability.Algorithms.HighamChapter10	import NumStability.Source.Higham.Chapter10.Lemma11.PivotSequenceStability.Endpoints	1	NumStability.Algorithms.HighamChapter10 -> NumStability.Source.Higham.Chapter10.Lemma11.PivotSequenceStability.Endpoints	preserved_recursive	1
NumStability.Source.Higham.Chapter10.Theorem08.NormwiseDiscrepancy.Counterexample.Uniqueness	source	NumStability.Algorithms.Ch10Theorem108Source	1	import NumStability.Algorithms.HighamChapter10	import NumStability.Source.Higham.Chapter10.Lemma13.KahanSharpness.CompletePivotingBound	2	NumStability.Algorithms.HighamChapter10 -> NumStability.Algorithms.Cholesky.CholeskyPSD -> NumStability.Source.Higham.Chapter10.Lemma13.KahanSharpness.CompletePivotingBound	preserved_recursive	1
NumStability.Source.Higham.Chapter10.Theorem08.NormwiseDiscrepancy.Counterexample.Uniqueness	source	NumStability.Algorithms.Ch10Theorem108Source	1	import NumStability.Algorithms.HighamChapter10	import NumStability.Source.Higham.Chapter10.Lemma13.KahanSharpness.Endpoints	1	NumStability.Algorithms.HighamChapter10 -> NumStability.Source.Higham.Chapter10.Lemma13.KahanSharpness.Endpoints	preserved_recursive	1
NumStability.Source.Higham.Chapter10.Theorem08.NormwiseDiscrepancy.Counterexample.Uniqueness	source	NumStability.Algorithms.Ch10Theorem108Source	1	import NumStability.Algorithms.HighamChapter10	import NumStability.Source.Higham.Chapter10.Problem01.PositiveSemidefiniteEntries.Basic	1	NumStability.Algorithms.HighamChapter10 -> NumStability.Source.Higham.Chapter10.Problem01.PositiveSemidefiniteEntries.Basic	preserved_recursive	1
NumStability.Source.Higham.Chapter10.Theorem08.NormwiseDiscrepancy.Counterexample.Uniqueness	source	NumStability.Algorithms.Ch10Theorem108Source	1	import NumStability.Algorithms.HighamChapter10	import NumStability.Source.Higham.Chapter10.Problem04.UnpivotedGrowth.Basic	1	NumStability.Algorithms.HighamChapter10 -> NumStability.Source.Higham.Chapter10.Problem04.UnpivotedGrowth.Basic	preserved_recursive	1
NumStability.Source.Higham.Chapter10.Theorem08.NormwiseDiscrepancy.Counterexample.Uniqueness	source	NumStability.Algorithms.Ch10Theorem108Source	1	import NumStability.Algorithms.HighamChapter10	import NumStability.Source.Higham.Chapter10.Problem08.LeadingMinorsCounterexample.Basic	1	NumStability.Algorithms.HighamChapter10 -> NumStability.Source.Higham.Chapter10.Problem08.LeadingMinorsCounterexample.Basic	preserved_recursive	1
NumStability.Source.Higham.Chapter10.Theorem08.NormwiseDiscrepancy.Counterexample.Uniqueness	source	NumStability.Algorithms.Ch10Theorem108Source	1	import NumStability.Algorithms.HighamChapter10	import NumStability.Source.Higham.Chapter10.Section01.Factorization.Basic	1	NumStability.Algorithms.HighamChapter10 -> NumStability.Source.Higham.Chapter10.Section01.Factorization.Basic	preserved_recursive	1
NumStability.Source.Higham.Chapter10.Theorem08.NormwiseDiscrepancy.Counterexample.Uniqueness	source	NumStability.Algorithms.Ch10Theorem108Source	1	import NumStability.Algorithms.HighamChapter10	import NumStability.Source.Higham.Chapter10.Section02.ErrorAnalysis.Basic	1	NumStability.Algorithms.HighamChapter10 -> NumStability.Source.Higham.Chapter10.Section02.ErrorAnalysis.Basic	preserved_recursive	1
NumStability.Source.Higham.Chapter10.Theorem08.NormwiseDiscrepancy.Counterexample.Uniqueness	source	NumStability.Algorithms.Ch10Theorem108Source	1	import NumStability.Algorithms.HighamChapter10	import NumStability.Source.Higham.Chapter10.Section03.PositiveSemidefinite.Endpoints	1	NumStability.Algorithms.HighamChapter10 -> NumStability.Source.Higham.Chapter10.Section03.PositiveSemidefinite.Endpoints	preserved_recursive	1
NumStability.Source.Higham.Chapter10.Theorem08.NormwiseDiscrepancy.Counterexample.Uniqueness	source	NumStability.Algorithms.Ch10Theorem108Source	1	import NumStability.Algorithms.HighamChapter10	import NumStability.Source.Higham.Chapter10.Section03.PositiveSemidefinite.Existence	2	NumStability.Algorithms.HighamChapter10 -> NumStability.Algorithms.Cholesky.CholeskyPSD -> NumStability.Source.Higham.Chapter10.Section03.PositiveSemidefinite.Existence	preserved_recursive	1
NumStability.Source.Higham.Chapter10.Theorem08.NormwiseDiscrepancy.Counterexample.Uniqueness	source	NumStability.Algorithms.Ch10Theorem108Source	1	import NumStability.Algorithms.HighamChapter10	import NumStability.Source.Higham.Chapter10.Section03.PositiveSemidefinite.SchurComplement	2	NumStability.Algorithms.HighamChapter10 -> NumStability.Algorithms.Cholesky.CholeskyPSD -> NumStability.Source.Higham.Chapter10.Section03.PositiveSemidefinite.SchurComplement	preserved_recursive	1
NumStability.Source.Higham.Chapter10.Theorem08.NormwiseDiscrepancy.Counterexample.Uniqueness	source	NumStability.Algorithms.Ch10Theorem108Source	1	import NumStability.Algorithms.HighamChapter10	import NumStability.Source.Higham.Chapter10.Section03.PositiveSemidefinite.Termination	2	NumStability.Algorithms.HighamChapter10 -> NumStability.Algorithms.Cholesky.CholeskyPSD -> NumStability.Source.Higham.Chapter10.Section03.PositiveSemidefinite.Termination	preserved_recursive	1
NumStability.Source.Higham.Chapter10.Theorem08.NormwiseDiscrepancy.Counterexample.Uniqueness	source	NumStability.Algorithms.Ch10Theorem108Source	1	import NumStability.Algorithms.HighamChapter10	import NumStability.Source.Higham.Chapter10.Section03.PositiveSemidefinite.WNormBound	2	NumStability.Algorithms.HighamChapter10 -> NumStability.Algorithms.Cholesky.CholeskyPSD -> NumStability.Source.Higham.Chapter10.Section03.PositiveSemidefinite.WNormBound	preserved_recursive	1
NumStability.Source.Higham.Chapter10.Theorem08.NormwiseDiscrepancy.Counterexample.Uniqueness	source	NumStability.Algorithms.Ch10Theorem108Source	1	import NumStability.Algorithms.HighamChapter10	import NumStability.Source.Higham.Chapter10.Section04.PositiveDefiniteSymmetricPart.Endpoints	1	NumStability.Algorithms.HighamChapter10 -> NumStability.Source.Higham.Chapter10.Section04.PositiveDefiniteSymmetricPart.Endpoints	preserved_recursive	1
NumStability.Source.Higham.Chapter10.Theorem08.NormwiseDiscrepancy.Counterexample.Uniqueness	source	NumStability.Algorithms.Ch10Theorem108Source	1	import NumStability.Algorithms.HighamChapter10	import NumStability.Source.Higham.Chapter10.Theorem06.RoundedCholesky.Endpoints	1	NumStability.Algorithms.HighamChapter10 -> NumStability.Source.Higham.Chapter10.Theorem06.RoundedCholesky.Endpoints	preserved_recursive	1
NumStability.Source.Higham.Chapter10.Theorem08.NormwiseDiscrepancy.Counterexample.Uniqueness	source	NumStability.Algorithms.Ch10Theorem108Source	1	import NumStability.Algorithms.HighamChapter10	import NumStability.Source.Higham.Chapter10.Theorem07.FailureVacuity.Endpoints	1	NumStability.Algorithms.HighamChapter10 -> NumStability.Source.Higham.Chapter10.Theorem07.FailureVacuity.Endpoints	preserved_recursive	1
NumStability.Source.Higham.Chapter10.Theorem08.NormwiseDiscrepancy.Counterexample.Uniqueness	source	NumStability.Algorithms.Ch10Theorem108Source	1	import NumStability.Algorithms.HighamChapter10	import NumStability.Source.Higham.Chapter10.Theorem08.ComponentwisePerturbation.Endpoints	1	NumStability.Algorithms.HighamChapter10 -> NumStability.Source.Higham.Chapter10.Theorem08.ComponentwisePerturbation.Endpoints	preserved_recursive	1
NumStability.Source.Higham.Chapter10.Theorem08.NormwiseDiscrepancy.Counterexample.Uniqueness	source	NumStability.Algorithms.Ch10Theorem108Source	1	import NumStability.Algorithms.HighamChapter10	import NumStability.Source.Higham.Chapter10.Theorem08.NormwiseDiscrepancy.Endpoints	1	NumStability.Algorithms.HighamChapter10 -> NumStability.Source.Higham.Chapter10.Theorem08.NormwiseDiscrepancy.Endpoints	preserved_recursive	1
NumStability.Source.Higham.Chapter10.Theorem08.NormwiseDiscrepancy.Counterexample.Uniqueness	source	NumStability.Algorithms.Ch10Theorem108Source	1	import NumStability.Algorithms.HighamChapter10	import NumStability.Source.Higham.Chapter10.Theorem14.CompletePivotedPSD.Endpoints	1	NumStability.Algorithms.HighamChapter10 -> NumStability.Source.Higham.Chapter10.Theorem14.CompletePivotedPSD.Endpoints	preserved_recursive	1
NumStability.Source.Higham.Chapter10.Theorem08.NormwiseDiscrepancy.Counterexample.Uniqueness	source	NumStability.Algorithms.Ch10Theorem108Source	1	import NumStability.Algorithms.HighamChapter10	import NumStability.Source.Higham.Chapter10.Theorem14.CompletePivotedPSD.PsdErrorAnalysis	2	NumStability.Algorithms.HighamChapter10 -> NumStability.Algorithms.Cholesky.CholeskyPSD -> NumStability.Source.Higham.Chapter10.Theorem14.CompletePivotedPSD.PsdErrorAnalysis	preserved_recursive	1
NumStability.Source.Higham.Chapter10.Theorem08.NormwiseDiscrepancy.Counterexample.Uniqueness	source	NumStability.Algorithms.Ch10Theorem108Source	2	import NumStability.Source.Higham.Chapter10.Theorem08.NormwiseDiscrepancy.LiteralSource	import NumStability.Source.Higham.Chapter10.Theorem08.NormwiseDiscrepancy.LiteralSource	0	NumStability.Source.Higham.Chapter10.Theorem08.NormwiseDiscrepancy.LiteralSource	preserved_direct	1
NumStability.Source.Higham.Chapter10.Theorem14.CompletePivotedPSD.ActualComputation.ErrorBounds	source	NumStability.Algorithms.Ch10PivotedPSDSourceClosure	1	import NumStability.Algorithms.HighamChapter10	import Mathlib.Algebra.BigOperators.Field	2	NumStability.Algorithms.HighamChapter10 -> NumStability.Algorithms.Cholesky.CholeskyPSD -> Mathlib.Algebra.BigOperators.Field	preserved_recursive	1
NumStability.Source.Higham.Chapter10.Theorem14.CompletePivotedPSD.ActualComputation.ErrorBounds	source	NumStability.Algorithms.Ch10PivotedPSDSourceClosure	1	import NumStability.Algorithms.HighamChapter10	import Mathlib.Algebra.BigOperators.Group.Finset.Basic	2	NumStability.Algorithms.HighamChapter10 -> NumStability.Algorithms.Cholesky.CholeskyPSD -> Mathlib.Algebra.BigOperators.Group.Finset.Basic	preserved_recursive	1
NumStability.Source.Higham.Chapter10.Theorem14.CompletePivotedPSD.ActualComputation.ErrorBounds	source	NumStability.Algorithms.Ch10PivotedPSDSourceClosure	1	import NumStability.Algorithms.HighamChapter10	import Mathlib.Algebra.Order.BigOperators.Group.Finset	2	NumStability.Algorithms.HighamChapter10 -> NumStability.Algorithms.Cholesky.CholeskyPSD -> Mathlib.Algebra.Order.BigOperators.Group.Finset	preserved_recursive	1
NumStability.Source.Higham.Chapter10.Theorem14.CompletePivotedPSD.ActualComputation.ErrorBounds	source	NumStability.Algorithms.Ch10PivotedPSDSourceClosure	1	import NumStability.Algorithms.HighamChapter10	import Mathlib.Data.Complex.Basic	1	NumStability.Algorithms.HighamChapter10 -> Mathlib.Data.Complex.Basic	preserved_recursive	1
NumStability.Source.Higham.Chapter10.Theorem14.CompletePivotedPSD.ActualComputation.ErrorBounds	source	NumStability.Algorithms.Ch10PivotedPSDSourceClosure	1	import NumStability.Algorithms.HighamChapter10	import Mathlib.Data.Real.Basic	2	NumStability.Algorithms.HighamChapter10 -> NumStability.Algorithms.Cholesky.CholeskyPSD -> Mathlib.Data.Real.Basic	preserved_recursive	1
NumStability.Source.Higham.Chapter10.Theorem14.CompletePivotedPSD.ActualComputation.ErrorBounds	source	NumStability.Algorithms.Ch10PivotedPSDSourceClosure	1	import NumStability.Algorithms.HighamChapter10	import Mathlib.Data.Real.Sqrt	2	NumStability.Algorithms.HighamChapter10 -> NumStability.Algorithms.Cholesky.CholeskyPSD -> Mathlib.Data.Real.Sqrt	preserved_recursive	1
NumStability.Source.Higham.Chapter10.Theorem14.CompletePivotedPSD.ActualComputation.ErrorBounds	source	NumStability.Algorithms.Ch10PivotedPSDSourceClosure	1	import NumStability.Algorithms.HighamChapter10	import Mathlib.LinearAlgebra.Matrix.Block	2	NumStability.Algorithms.HighamChapter10 -> NumStability.Algorithms.Cholesky.CholeskyPSD -> Mathlib.LinearAlgebra.Matrix.Block	preserved_recursive	1
NumStability.Source.Higham.Chapter10.Theorem14.CompletePivotedPSD.ActualComputation.ErrorBounds	source	NumStability.Algorithms.Ch10PivotedPSDSourceClosure	1	import NumStability.Algorithms.HighamChapter10	import Mathlib.LinearAlgebra.Matrix.NonsingularInverse	2	NumStability.Algorithms.HighamChapter10 -> NumStability.Algorithms.Cholesky.CholeskyPSD -> Mathlib.LinearAlgebra.Matrix.NonsingularInverse	preserved_recursive	1
NumStability.Source.Higham.Chapter10.Theorem14.CompletePivotedPSD.ActualComputation.ErrorBounds	source	NumStability.Algorithms.Ch10PivotedPSDSourceClosure	1	import NumStability.Algorithms.HighamChapter10	import Mathlib.LinearAlgebra.Matrix.Rank	2	NumStability.Algorithms.HighamChapter10 -> NumStability.Algorithms.Cholesky.CholeskyPSD -> Mathlib.LinearAlgebra.Matrix.Rank	preserved_recursive	1
NumStability.Source.Higham.Chapter10.Theorem14.CompletePivotedPSD.ActualComputation.ErrorBounds	source	NumStability.Algorithms.Ch10PivotedPSDSourceClosure	1	import NumStability.Algorithms.HighamChapter10	import Mathlib.Tactic.FieldSimp	2	NumStability.Algorithms.HighamChapter10 -> NumStability.Algorithms.Cholesky.CholeskyPSD -> Mathlib.Tactic.FieldSimp	preserved_recursive	1
NumStability.Source.Higham.Chapter10.Theorem14.CompletePivotedPSD.ActualComputation.ErrorBounds	source	NumStability.Algorithms.Ch10PivotedPSDSourceClosure	1	import NumStability.Algorithms.HighamChapter10	import Mathlib.Tactic.Linarith	2	NumStability.Algorithms.HighamChapter10 -> NumStability.Algorithms.Cholesky.CholeskyPSD -> Mathlib.Tactic.Linarith	preserved_recursive	1
NumStability.Source.Higham.Chapter10.Theorem14.CompletePivotedPSD.ActualComputation.ErrorBounds	source	NumStability.Algorithms.Ch10PivotedPSDSourceClosure	1	import NumStability.Algorithms.HighamChapter10	import Mathlib.Tactic.Ring	2	NumStability.Algorithms.HighamChapter10 -> NumStability.Algorithms.Cholesky.CholeskyPSD -> Mathlib.Tactic.Ring	preserved_recursive	1
NumStability.Source.Higham.Chapter10.Theorem14.CompletePivotedPSD.ActualComputation.ErrorBounds	source	NumStability.Algorithms.Ch10PivotedPSDSourceClosure	1	import NumStability.Algorithms.HighamChapter10	import NumStability.Algorithms.Cholesky.CholeskyDemmel	1	NumStability.Algorithms.HighamChapter10 -> NumStability.Algorithms.Cholesky.CholeskyDemmel	preserved_recursive	1
NumStability.Source.Higham.Chapter10.Theorem14.CompletePivotedPSD.ActualComputation.ErrorBounds	source	NumStability.Algorithms.Ch10PivotedPSDSourceClosure	1	import NumStability.Algorithms.HighamChapter10	import NumStability.Algorithms.Cholesky.CholeskyFl	1	NumStability.Algorithms.HighamChapter10 -> NumStability.Algorithms.Cholesky.CholeskyFl	preserved_recursive	1
NumStability.Source.Higham.Chapter10.Theorem14.CompletePivotedPSD.ActualComputation.ErrorBounds	source	NumStability.Algorithms.Ch10PivotedPSDSourceClosure	1	import NumStability.Algorithms.HighamChapter10	import NumStability.Algorithms.Cholesky.CholeskyNonsym	1	NumStability.Algorithms.HighamChapter10 -> NumStability.Algorithms.Cholesky.CholeskyNonsym	preserved_recursive	1
NumStability.Source.Higham.Chapter10.Theorem14.CompletePivotedPSD.ActualComputation.ErrorBounds	source	NumStability.Algorithms.Ch10PivotedPSDSourceClosure	1	import NumStability.Algorithms.HighamChapter10	import NumStability.Algorithms.Cholesky.CholeskySpec	2	NumStability.Algorithms.HighamChapter10 -> NumStability.Algorithms.Cholesky.CholeskyPSD -> NumStability.Algorithms.Cholesky.CholeskySpec	preserved_recursive	1
NumStability.Source.Higham.Chapter10.Theorem14.CompletePivotedPSD.ActualComputation.ErrorBounds	source	NumStability.Algorithms.Ch10PivotedPSDSourceClosure	1	import NumStability.Algorithms.HighamChapter10	import NumStability.Algorithms.Cholesky.CholeskySpec	1	NumStability.Algorithms.HighamChapter10 -> NumStability.Algorithms.Cholesky.CholeskySpec	preserved_recursive	1
NumStability.Source.Higham.Chapter10.Theorem14.CompletePivotedPSD.ActualComputation.ErrorBounds	source	NumStability.Algorithms.Ch10PivotedPSDSourceClosure	1	import NumStability.Algorithms.HighamChapter10	import NumStability.Algorithms.LU.GaussianElimination	2	NumStability.Algorithms.HighamChapter10 -> NumStability.Algorithms.Cholesky.CholeskyPSD -> NumStability.Algorithms.LU.GaussianElimination	preserved_recursive	1
NumStability.Source.Higham.Chapter10.Theorem14.CompletePivotedPSD.ActualComputation.ErrorBounds	source	NumStability.Algorithms.Ch10PivotedPSDSourceClosure	1	import NumStability.Algorithms.HighamChapter10	import NumStability.Algorithms.LinearSystems.Cholesky.ErrorAnalysis.Certificates	1	NumStability.Algorithms.HighamChapter10 -> NumStability.Algorithms.LinearSystems.Cholesky.ErrorAnalysis.Certificates	preserved_recursive	1
NumStability.Source.Higham.Chapter10.Theorem14.CompletePivotedPSD.ActualComputation.ErrorBounds	source	NumStability.Algorithms.Ch10PivotedPSDSourceClosure	1	import NumStability.Algorithms.HighamChapter10	import NumStability.Algorithms.LinearSystems.Cholesky.Perturbation.Basic	1	NumStability.Algorithms.HighamChapter10 -> NumStability.Algorithms.LinearSystems.Cholesky.Perturbation.Basic	preserved_recursive	1
NumStability.Source.Higham.Chapter10.Theorem14.CompletePivotedPSD.ActualComputation.ErrorBounds	source	NumStability.Algorithms.Ch10PivotedPSDSourceClosure	1	import NumStability.Algorithms.HighamChapter10	import NumStability.Algorithms.LinearSystems.Cholesky.PositiveSemidefinite.Basic	2	NumStability.Algorithms.HighamChapter10 -> NumStability.Algorithms.Cholesky.CholeskyPSD -> NumStability.Algorithms.LinearSystems.Cholesky.PositiveSemidefinite.Basic	preserved_recursive	1
NumStability.Source.Higham.Chapter10.Theorem14.CompletePivotedPSD.ActualComputation.ErrorBounds	source	NumStability.Algorithms.Ch10PivotedPSDSourceClosure	1	import NumStability.Algorithms.HighamChapter10	import NumStability.Algorithms.LinearSystems.Cholesky.PositiveSemidefinite.KahanMatrix	1	NumStability.Algorithms.HighamChapter10 -> NumStability.Algorithms.LinearSystems.Cholesky.PositiveSemidefinite.KahanMatrix	preserved_recursive	1
NumStability.Source.Higham.Chapter10.Theorem14.CompletePivotedPSD.ActualComputation.ErrorBounds	source	NumStability.Algorithms.Ch10PivotedPSDSourceClosure	1	import NumStability.Algorithms.HighamChapter10	import NumStability.Algorithms.LinearSystems.Cholesky.PositiveSemidefinite.ScaledStage	1	NumStability.Algorithms.HighamChapter10 -> NumStability.Algorithms.LinearSystems.Cholesky.PositiveSemidefinite.ScaledStage	preserved_recursive	1
NumStability.Source.Higham.Chapter10.Theorem14.CompletePivotedPSD.ActualComputation.ErrorBounds	source	NumStability.Algorithms.Ch10PivotedPSDSourceClosure	1	import NumStability.Algorithms.HighamChapter10	import NumStability.Analysis.MatrixNorms.EntrywiseAbsolute.Basic	1	NumStability.Algorithms.HighamChapter10 -> NumStability.Analysis.MatrixNorms.EntrywiseAbsolute.Basic	preserved_recursive	1
NumStability.Source.Higham.Chapter10.Theorem14.CompletePivotedPSD.ActualComputation.ErrorBounds	source	NumStability.Algorithms.Ch10PivotedPSDSourceClosure	1	import NumStability.Algorithms.HighamChapter10	import NumStability.Analysis.MatrixNorms.SpectralExtrema.Basic	1	NumStability.Algorithms.HighamChapter10 -> NumStability.Analysis.MatrixNorms.SpectralExtrema.Basic	preserved_recursive	1
NumStability.Source.Higham.Chapter10.Theorem14.CompletePivotedPSD.ActualComputation.ErrorBounds	source	NumStability.Algorithms.Ch10PivotedPSDSourceClosure	1	import NumStability.Algorithms.HighamChapter10	import NumStability.Analysis.MatrixSpectral	1	NumStability.Algorithms.HighamChapter10 -> NumStability.Analysis.MatrixSpectral	preserved_recursive	1
NumStability.Source.Higham.Chapter10.Theorem14.CompletePivotedPSD.ActualComputation.ErrorBounds	source	NumStability.Algorithms.Ch10PivotedPSDSourceClosure	1	import NumStability.Algorithms.HighamChapter10	import NumStability.Analysis.Rounding	2	NumStability.Algorithms.HighamChapter10 -> NumStability.Algorithms.Cholesky.CholeskyPSD -> NumStability.Analysis.Rounding	preserved_recursive	1
NumStability.Source.Higham.Chapter10.Theorem14.CompletePivotedPSD.ActualComputation.ErrorBounds	source	NumStability.Algorithms.Ch10PivotedPSDSourceClosure	1	import NumStability.Algorithms.HighamChapter10	import NumStability.FloatingPoint.Model	2	NumStability.Algorithms.HighamChapter10 -> NumStability.Algorithms.Cholesky.CholeskyPSD -> NumStability.FloatingPoint.Model	preserved_recursive	1
NumStability.Source.Higham.Chapter10.Theorem14.CompletePivotedPSD.ActualComputation.ErrorBounds	source	NumStability.Algorithms.Ch10PivotedPSDSourceClosure	1	import NumStability.Algorithms.HighamChapter10	import NumStability.Source.Higham.Chapter09.Problems	1	NumStability.Algorithms.HighamChapter10 -> NumStability.Source.Higham.Chapter09.Problems	preserved_recursive	1
NumStability.Source.Higham.Chapter10.Theorem14.CompletePivotedPSD.ActualComputation.ErrorBounds	source	NumStability.Algorithms.Ch10PivotedPSDSourceClosure	1	import NumStability.Algorithms.HighamChapter10	import NumStability.Source.Higham.Chapter09.Section01	1	NumStability.Algorithms.HighamChapter10 -> NumStability.Source.Higham.Chapter09.Section01	preserved_recursive	1
NumStability.Source.Higham.Chapter10.Theorem14.CompletePivotedPSD.ActualComputation.ErrorBounds	source	NumStability.Algorithms.Ch10PivotedPSDSourceClosure	1	import NumStability.Algorithms.HighamChapter10	import NumStability.Source.Higham.Chapter09.Section02	1	NumStability.Algorithms.HighamChapter10 -> NumStability.Source.Higham.Chapter09.Section02	preserved_recursive	1
NumStability.Source.Higham.Chapter10.Theorem14.CompletePivotedPSD.ActualComputation.ErrorBounds	source	NumStability.Algorithms.Ch10PivotedPSDSourceClosure	1	import NumStability.Algorithms.HighamChapter10	import NumStability.Source.Higham.Chapter09.Section03	1	NumStability.Algorithms.HighamChapter10 -> NumStability.Source.Higham.Chapter09.Section03	preserved_recursive	1
NumStability.Source.Higham.Chapter10.Theorem14.CompletePivotedPSD.ActualComputation.ErrorBounds	source	NumStability.Algorithms.Ch10PivotedPSDSourceClosure	1	import NumStability.Algorithms.HighamChapter10	import NumStability.Source.Higham.Chapter09.Section04	1	NumStability.Algorithms.HighamChapter10 -> NumStability.Source.Higham.Chapter09.Section04	preserved_recursive	1
NumStability.Source.Higham.Chapter10.Theorem14.CompletePivotedPSD.ActualComputation.ErrorBounds	source	NumStability.Algorithms.Ch10PivotedPSDSourceClosure	1	import NumStability.Algorithms.HighamChapter10	import NumStability.Source.Higham.Chapter09.Section05	1	NumStability.Algorithms.HighamChapter10 -> NumStability.Source.Higham.Chapter09.Section05	preserved_recursive	1
NumStability.Source.Higham.Chapter10.Theorem14.CompletePivotedPSD.ActualComputation.ErrorBounds	source	NumStability.Algorithms.Ch10PivotedPSDSourceClosure	1	import NumStability.Algorithms.HighamChapter10	import NumStability.Source.Higham.Chapter09.Section06	1	NumStability.Algorithms.HighamChapter10 -> NumStability.Source.Higham.Chapter09.Section06	preserved_recursive	1
NumStability.Source.Higham.Chapter10.Theorem14.CompletePivotedPSD.ActualComputation.ErrorBounds	source	NumStability.Algorithms.Ch10PivotedPSDSourceClosure	1	import NumStability.Algorithms.HighamChapter10	import NumStability.Source.Higham.Chapter09.Section08	1	NumStability.Algorithms.HighamChapter10 -> NumStability.Source.Higham.Chapter09.Section08	preserved_recursive	1
NumStability.Source.Higham.Chapter10.Theorem14.CompletePivotedPSD.ActualComputation.ErrorBounds	source	NumStability.Algorithms.Ch10PivotedPSDSourceClosure	1	import NumStability.Algorithms.HighamChapter10	import NumStability.Source.Higham.Chapter09.Section10	1	NumStability.Algorithms.HighamChapter10 -> NumStability.Source.Higham.Chapter09.Section10	preserved_recursive	1
NumStability.Source.Higham.Chapter10.Theorem14.CompletePivotedPSD.ActualComputation.ErrorBounds	source	NumStability.Algorithms.Ch10PivotedPSDSourceClosure	1	import NumStability.Algorithms.HighamChapter10	import NumStability.Source.Higham.Chapter09.Section11	1	NumStability.Algorithms.HighamChapter10 -> NumStability.Source.Higham.Chapter09.Section11	preserved_recursive	1
NumStability.Source.Higham.Chapter10.Theorem14.CompletePivotedPSD.ActualComputation.ErrorBounds	source	NumStability.Algorithms.Ch10PivotedPSDSourceClosure	1	import NumStability.Algorithms.HighamChapter10	import NumStability.Source.Higham.Chapter10.Equation07.AbsoluteFactorNorm.Endpoints	1	NumStability.Algorithms.HighamChapter10 -> NumStability.Source.Higham.Chapter10.Equation07.AbsoluteFactorNorm.Endpoints	preserved_recursive	1
NumStability.Source.Higham.Chapter10.Theorem14.CompletePivotedPSD.ActualComputation.ErrorBounds	source	NumStability.Algorithms.Ch10PivotedPSDSourceClosure	1	import NumStability.Algorithms.HighamChapter10	import NumStability.Source.Higham.Chapter10.Equation29.Mathias.Endpoints	1	NumStability.Algorithms.HighamChapter10 -> NumStability.Source.Higham.Chapter10.Equation29.Mathias.Endpoints	preserved_recursive	1
NumStability.Source.Higham.Chapter10.Theorem14.CompletePivotedPSD.ActualComputation.ErrorBounds	source	NumStability.Algorithms.Ch10PivotedPSDSourceClosure	1	import NumStability.Algorithms.HighamChapter10	import NumStability.Source.Higham.Chapter10.Equation30.ComplexPositiveDefinite.Endpoints	1	NumStability.Algorithms.HighamChapter10 -> NumStability.Source.Higham.Chapter10.Equation30.ComplexPositiveDefinite.Endpoints	preserved_recursive	1
NumStability.Source.Higham.Chapter10.Theorem14.CompletePivotedPSD.ActualComputation.ErrorBounds	source	NumStability.Algorithms.Ch10PivotedPSDSourceClosure	1	import NumStability.Algorithms.HighamChapter10	import NumStability.Source.Higham.Chapter10.Lemma11.PivotSequenceStability.Endpoints	1	NumStability.Algorithms.HighamChapter10 -> NumStability.Source.Higham.Chapter10.Lemma11.PivotSequenceStability.Endpoints	preserved_recursive	1
NumStability.Source.Higham.Chapter10.Theorem14.CompletePivotedPSD.ActualComputation.ErrorBounds	source	NumStability.Algorithms.Ch10PivotedPSDSourceClosure	1	import NumStability.Algorithms.HighamChapter10	import NumStability.Source.Higham.Chapter10.Lemma13.KahanSharpness.CompletePivotingBound	2	NumStability.Algorithms.HighamChapter10 -> NumStability.Algorithms.Cholesky.CholeskyPSD -> NumStability.Source.Higham.Chapter10.Lemma13.KahanSharpness.CompletePivotingBound	preserved_recursive	1
NumStability.Source.Higham.Chapter10.Theorem14.CompletePivotedPSD.ActualComputation.ErrorBounds	source	NumStability.Algorithms.Ch10PivotedPSDSourceClosure	1	import NumStability.Algorithms.HighamChapter10	import NumStability.Source.Higham.Chapter10.Lemma13.KahanSharpness.Endpoints	1	NumStability.Algorithms.HighamChapter10 -> NumStability.Source.Higham.Chapter10.Lemma13.KahanSharpness.Endpoints	preserved_recursive	1
NumStability.Source.Higham.Chapter10.Theorem14.CompletePivotedPSD.ActualComputation.ErrorBounds	source	NumStability.Algorithms.Ch10PivotedPSDSourceClosure	1	import NumStability.Algorithms.HighamChapter10	import NumStability.Source.Higham.Chapter10.Problem01.PositiveSemidefiniteEntries.Basic	1	NumStability.Algorithms.HighamChapter10 -> NumStability.Source.Higham.Chapter10.Problem01.PositiveSemidefiniteEntries.Basic	preserved_recursive	1
NumStability.Source.Higham.Chapter10.Theorem14.CompletePivotedPSD.ActualComputation.ErrorBounds	source	NumStability.Algorithms.Ch10PivotedPSDSourceClosure	1	import NumStability.Algorithms.HighamChapter10	import NumStability.Source.Higham.Chapter10.Problem04.UnpivotedGrowth.Basic	1	NumStability.Algorithms.HighamChapter10 -> NumStability.Source.Higham.Chapter10.Problem04.UnpivotedGrowth.Basic	preserved_recursive	1
NumStability.Source.Higham.Chapter10.Theorem14.CompletePivotedPSD.ActualComputation.ErrorBounds	source	NumStability.Algorithms.Ch10PivotedPSDSourceClosure	1	import NumStability.Algorithms.HighamChapter10	import NumStability.Source.Higham.Chapter10.Problem08.LeadingMinorsCounterexample.Basic	1	NumStability.Algorithms.HighamChapter10 -> NumStability.Source.Higham.Chapter10.Problem08.LeadingMinorsCounterexample.Basic	preserved_recursive	1
NumStability.Source.Higham.Chapter10.Theorem14.CompletePivotedPSD.ActualComputation.ErrorBounds	source	NumStability.Algorithms.Ch10PivotedPSDSourceClosure	1	import NumStability.Algorithms.HighamChapter10	import NumStability.Source.Higham.Chapter10.Section01.Factorization.Basic	1	NumStability.Algorithms.HighamChapter10 -> NumStability.Source.Higham.Chapter10.Section01.Factorization.Basic	preserved_recursive	1
NumStability.Source.Higham.Chapter10.Theorem14.CompletePivotedPSD.ActualComputation.ErrorBounds	source	NumStability.Algorithms.Ch10PivotedPSDSourceClosure	1	import NumStability.Algorithms.HighamChapter10	import NumStability.Source.Higham.Chapter10.Section02.ErrorAnalysis.Basic	1	NumStability.Algorithms.HighamChapter10 -> NumStability.Source.Higham.Chapter10.Section02.ErrorAnalysis.Basic	preserved_recursive	1
NumStability.Source.Higham.Chapter10.Theorem14.CompletePivotedPSD.ActualComputation.ErrorBounds	source	NumStability.Algorithms.Ch10PivotedPSDSourceClosure	1	import NumStability.Algorithms.HighamChapter10	import NumStability.Source.Higham.Chapter10.Section03.PositiveSemidefinite.Endpoints	1	NumStability.Algorithms.HighamChapter10 -> NumStability.Source.Higham.Chapter10.Section03.PositiveSemidefinite.Endpoints	preserved_recursive	1
NumStability.Source.Higham.Chapter10.Theorem14.CompletePivotedPSD.ActualComputation.ErrorBounds	source	NumStability.Algorithms.Ch10PivotedPSDSourceClosure	1	import NumStability.Algorithms.HighamChapter10	import NumStability.Source.Higham.Chapter10.Section03.PositiveSemidefinite.Existence	2	NumStability.Algorithms.HighamChapter10 -> NumStability.Algorithms.Cholesky.CholeskyPSD -> NumStability.Source.Higham.Chapter10.Section03.PositiveSemidefinite.Existence	preserved_recursive	1
NumStability.Source.Higham.Chapter10.Theorem14.CompletePivotedPSD.ActualComputation.ErrorBounds	source	NumStability.Algorithms.Ch10PivotedPSDSourceClosure	1	import NumStability.Algorithms.HighamChapter10	import NumStability.Source.Higham.Chapter10.Section03.PositiveSemidefinite.SchurComplement	2	NumStability.Algorithms.HighamChapter10 -> NumStability.Algorithms.Cholesky.CholeskyPSD -> NumStability.Source.Higham.Chapter10.Section03.PositiveSemidefinite.SchurComplement	preserved_recursive	1
NumStability.Source.Higham.Chapter10.Theorem14.CompletePivotedPSD.ActualComputation.ErrorBounds	source	NumStability.Algorithms.Ch10PivotedPSDSourceClosure	1	import NumStability.Algorithms.HighamChapter10	import NumStability.Source.Higham.Chapter10.Section03.PositiveSemidefinite.Termination	2	NumStability.Algorithms.HighamChapter10 -> NumStability.Algorithms.Cholesky.CholeskyPSD -> NumStability.Source.Higham.Chapter10.Section03.PositiveSemidefinite.Termination	preserved_recursive	1
NumStability.Source.Higham.Chapter10.Theorem14.CompletePivotedPSD.ActualComputation.ErrorBounds	source	NumStability.Algorithms.Ch10PivotedPSDSourceClosure	1	import NumStability.Algorithms.HighamChapter10	import NumStability.Source.Higham.Chapter10.Section03.PositiveSemidefinite.WNormBound	2	NumStability.Algorithms.HighamChapter10 -> NumStability.Algorithms.Cholesky.CholeskyPSD -> NumStability.Source.Higham.Chapter10.Section03.PositiveSemidefinite.WNormBound	preserved_recursive	1
NumStability.Source.Higham.Chapter10.Theorem14.CompletePivotedPSD.ActualComputation.ErrorBounds	source	NumStability.Algorithms.Ch10PivotedPSDSourceClosure	1	import NumStability.Algorithms.HighamChapter10	import NumStability.Source.Higham.Chapter10.Section04.PositiveDefiniteSymmetricPart.Endpoints	1	NumStability.Algorithms.HighamChapter10 -> NumStability.Source.Higham.Chapter10.Section04.PositiveDefiniteSymmetricPart.Endpoints	preserved_recursive	1
NumStability.Source.Higham.Chapter10.Theorem14.CompletePivotedPSD.ActualComputation.ErrorBounds	source	NumStability.Algorithms.Ch10PivotedPSDSourceClosure	1	import NumStability.Algorithms.HighamChapter10	import NumStability.Source.Higham.Chapter10.Theorem06.RoundedCholesky.Endpoints	1	NumStability.Algorithms.HighamChapter10 -> NumStability.Source.Higham.Chapter10.Theorem06.RoundedCholesky.Endpoints	preserved_recursive	1
NumStability.Source.Higham.Chapter10.Theorem14.CompletePivotedPSD.ActualComputation.ErrorBounds	source	NumStability.Algorithms.Ch10PivotedPSDSourceClosure	1	import NumStability.Algorithms.HighamChapter10	import NumStability.Source.Higham.Chapter10.Theorem07.FailureVacuity.Endpoints	1	NumStability.Algorithms.HighamChapter10 -> NumStability.Source.Higham.Chapter10.Theorem07.FailureVacuity.Endpoints	preserved_recursive	1
NumStability.Source.Higham.Chapter10.Theorem14.CompletePivotedPSD.ActualComputation.ErrorBounds	source	NumStability.Algorithms.Ch10PivotedPSDSourceClosure	1	import NumStability.Algorithms.HighamChapter10	import NumStability.Source.Higham.Chapter10.Theorem08.ComponentwisePerturbation.Endpoints	1	NumStability.Algorithms.HighamChapter10 -> NumStability.Source.Higham.Chapter10.Theorem08.ComponentwisePerturbation.Endpoints	preserved_recursive	1
NumStability.Source.Higham.Chapter10.Theorem14.CompletePivotedPSD.ActualComputation.ErrorBounds	source	NumStability.Algorithms.Ch10PivotedPSDSourceClosure	1	import NumStability.Algorithms.HighamChapter10	import NumStability.Source.Higham.Chapter10.Theorem08.NormwiseDiscrepancy.Endpoints	1	NumStability.Algorithms.HighamChapter10 -> NumStability.Source.Higham.Chapter10.Theorem08.NormwiseDiscrepancy.Endpoints	preserved_recursive	1
NumStability.Source.Higham.Chapter10.Theorem14.CompletePivotedPSD.ActualComputation.ErrorBounds	source	NumStability.Algorithms.Ch10PivotedPSDSourceClosure	1	import NumStability.Algorithms.HighamChapter10	import NumStability.Source.Higham.Chapter10.Theorem14.CompletePivotedPSD.Endpoints	1	NumStability.Algorithms.HighamChapter10 -> NumStability.Source.Higham.Chapter10.Theorem14.CompletePivotedPSD.Endpoints	preserved_recursive	1
NumStability.Source.Higham.Chapter10.Theorem14.CompletePivotedPSD.ActualComputation.ErrorBounds	source	NumStability.Algorithms.Ch10PivotedPSDSourceClosure	1	import NumStability.Algorithms.HighamChapter10	import NumStability.Source.Higham.Chapter10.Theorem14.CompletePivotedPSD.PsdErrorAnalysis	2	NumStability.Algorithms.HighamChapter10 -> NumStability.Algorithms.Cholesky.CholeskyPSD -> NumStability.Source.Higham.Chapter10.Theorem14.CompletePivotedPSD.PsdErrorAnalysis	preserved_recursive	1
NumStability.Source.Higham.Chapter10.Theorem14.CompletePivotedPSD.ActualComputation.ErrorBounds	source	NumStability.Algorithms.Ch10PivotedPSDSourceClosure	2	import NumStability.Source.Higham.Chapter10.Lemma11.PivotSequenceStability.SourceClosure	import NumStability.Source.Higham.Chapter10.Lemma11.PivotSequenceStability.SourceClosure	0	NumStability.Source.Higham.Chapter10.Lemma11.PivotSequenceStability.SourceClosure	preserved_direct	1
NumStability.Source.Higham.Chapter10.Theorem14.CompletePivotedPSD.ActualComputation.ErrorBounds	source	NumStability.Algorithms.Ch10PivotedPSDSourceClosure	3	import NumStability.Source.Higham.Chapter10.Theorem14.CompletePivotedPSD.ActualRun	import NumStability.Source.Higham.Chapter10.Theorem14.CompletePivotedPSD.ActualRun	0	NumStability.Source.Higham.Chapter10.Theorem14.CompletePivotedPSD.ActualRun	preserved_direct	1
NumStability.Source.Higham.Chapter10.Theorem14.CompletePivotedPSD.RankSensitiveError.Bounds	source	NumStability.Algorithms.Cholesky.Higham1014SourceError	1	import NumStability.Source.Higham.Chapter09.DoolittleClosure	import NumStability.Source.Higham.Chapter09.DoolittleClosure	0	NumStability.Source.Higham.Chapter09.DoolittleClosure	preserved_direct	1
NumStability.Source.Higham.Chapter10.Theorem14.CompletePivotedPSD.RankSensitiveError.Bounds	source	NumStability.Algorithms.Cholesky.Higham1014SourceError	2	import NumStability.Source.Higham.Chapter10.Theorem07	import Mathlib.Algebra.BigOperators.Field	3	NumStability.Source.Higham.Chapter10.Theorem07 -> NumStability.Algorithms.HighamChapter10 -> NumStability.Algorithms.Cholesky.CholeskyPSD -> Mathlib.Algebra.BigOperators.Field	preserved_recursive	1
NumStability.Source.Higham.Chapter10.Theorem14.CompletePivotedPSD.RankSensitiveError.Bounds	source	NumStability.Algorithms.Cholesky.Higham1014SourceError	2	import NumStability.Source.Higham.Chapter10.Theorem07	import Mathlib.Algebra.BigOperators.Group.Finset.Basic	3	NumStability.Source.Higham.Chapter10.Theorem07 -> NumStability.Algorithms.HighamChapter10 -> NumStability.Algorithms.Cholesky.CholeskyPSD -> Mathlib.Algebra.BigOperators.Group.Finset.Basic	preserved_recursive	1
NumStability.Source.Higham.Chapter10.Theorem14.CompletePivotedPSD.RankSensitiveError.Bounds	source	NumStability.Algorithms.Cholesky.Higham1014SourceError	2	import NumStability.Source.Higham.Chapter10.Theorem07	import Mathlib.Algebra.Order.BigOperators.Group.Finset	3	NumStability.Source.Higham.Chapter10.Theorem07 -> NumStability.Algorithms.HighamChapter10 -> NumStability.Algorithms.Cholesky.CholeskyPSD -> Mathlib.Algebra.Order.BigOperators.Group.Finset	preserved_recursive	1
NumStability.Source.Higham.Chapter10.Theorem14.CompletePivotedPSD.RankSensitiveError.Bounds	source	NumStability.Algorithms.Cholesky.Higham1014SourceError	2	import NumStability.Source.Higham.Chapter10.Theorem07	import Mathlib.Data.Complex.Basic	2	NumStability.Source.Higham.Chapter10.Theorem07 -> NumStability.Algorithms.HighamChapter10 -> Mathlib.Data.Complex.Basic	preserved_recursive	1
NumStability.Source.Higham.Chapter10.Theorem14.CompletePivotedPSD.RankSensitiveError.Bounds	source	NumStability.Algorithms.Cholesky.Higham1014SourceError	2	import NumStability.Source.Higham.Chapter10.Theorem07	import Mathlib.Data.Real.Basic	3	NumStability.Source.Higham.Chapter10.Theorem07 -> NumStability.Algorithms.HighamChapter10 -> NumStability.Algorithms.Cholesky.CholeskyPSD -> Mathlib.Data.Real.Basic	preserved_recursive	1
NumStability.Source.Higham.Chapter10.Theorem14.CompletePivotedPSD.RankSensitiveError.Bounds	source	NumStability.Algorithms.Cholesky.Higham1014SourceError	2	import NumStability.Source.Higham.Chapter10.Theorem07	import Mathlib.Data.Real.Sqrt	3	NumStability.Source.Higham.Chapter10.Theorem07 -> NumStability.Algorithms.HighamChapter10 -> NumStability.Algorithms.Cholesky.CholeskyPSD -> Mathlib.Data.Real.Sqrt	preserved_recursive	1
NumStability.Source.Higham.Chapter10.Theorem14.CompletePivotedPSD.RankSensitiveError.Bounds	source	NumStability.Algorithms.Cholesky.Higham1014SourceError	2	import NumStability.Source.Higham.Chapter10.Theorem07	import Mathlib.LinearAlgebra.Matrix.Block	3	NumStability.Source.Higham.Chapter10.Theorem07 -> NumStability.Algorithms.HighamChapter10 -> NumStability.Algorithms.Cholesky.CholeskyPSD -> Mathlib.LinearAlgebra.Matrix.Block	preserved_recursive	1
NumStability.Source.Higham.Chapter10.Theorem14.CompletePivotedPSD.RankSensitiveError.Bounds	source	NumStability.Algorithms.Cholesky.Higham1014SourceError	2	import NumStability.Source.Higham.Chapter10.Theorem07	import Mathlib.LinearAlgebra.Matrix.NonsingularInverse	3	NumStability.Source.Higham.Chapter10.Theorem07 -> NumStability.Algorithms.HighamChapter10 -> NumStability.Algorithms.Cholesky.CholeskyPSD -> Mathlib.LinearAlgebra.Matrix.NonsingularInverse	preserved_recursive	1
NumStability.Source.Higham.Chapter10.Theorem14.CompletePivotedPSD.RankSensitiveError.Bounds	source	NumStability.Algorithms.Cholesky.Higham1014SourceError	2	import NumStability.Source.Higham.Chapter10.Theorem07	import Mathlib.LinearAlgebra.Matrix.Rank	3	NumStability.Source.Higham.Chapter10.Theorem07 -> NumStability.Algorithms.HighamChapter10 -> NumStability.Algorithms.Cholesky.CholeskyPSD -> Mathlib.LinearAlgebra.Matrix.Rank	preserved_recursive	1
NumStability.Source.Higham.Chapter10.Theorem14.CompletePivotedPSD.RankSensitiveError.Bounds	source	NumStability.Algorithms.Cholesky.Higham1014SourceError	2	import NumStability.Source.Higham.Chapter10.Theorem07	import Mathlib.Tactic.FieldSimp	3	NumStability.Source.Higham.Chapter10.Theorem07 -> NumStability.Algorithms.HighamChapter10 -> NumStability.Algorithms.Cholesky.CholeskyPSD -> Mathlib.Tactic.FieldSimp	preserved_recursive	1
NumStability.Source.Higham.Chapter10.Theorem14.CompletePivotedPSD.RankSensitiveError.Bounds	source	NumStability.Algorithms.Cholesky.Higham1014SourceError	2	import NumStability.Source.Higham.Chapter10.Theorem07	import Mathlib.Tactic.Linarith	3	NumStability.Source.Higham.Chapter10.Theorem07 -> NumStability.Algorithms.HighamChapter10 -> NumStability.Algorithms.Cholesky.CholeskyPSD -> Mathlib.Tactic.Linarith	preserved_recursive	1
NumStability.Source.Higham.Chapter10.Theorem14.CompletePivotedPSD.RankSensitiveError.Bounds	source	NumStability.Algorithms.Cholesky.Higham1014SourceError	2	import NumStability.Source.Higham.Chapter10.Theorem07	import Mathlib.Tactic.Ring	3	NumStability.Source.Higham.Chapter10.Theorem07 -> NumStability.Algorithms.HighamChapter10 -> NumStability.Algorithms.Cholesky.CholeskyPSD -> Mathlib.Tactic.Ring	preserved_recursive	1
NumStability.Source.Higham.Chapter10.Theorem14.CompletePivotedPSD.RankSensitiveError.Bounds	source	NumStability.Algorithms.Cholesky.Higham1014SourceError	2	import NumStability.Source.Higham.Chapter10.Theorem07	import NumStability.Algorithms.Cholesky.CholeskyDemmel	2	NumStability.Source.Higham.Chapter10.Theorem07 -> NumStability.Algorithms.HighamChapter10 -> NumStability.Algorithms.Cholesky.CholeskyDemmel	preserved_recursive	1
NumStability.Source.Higham.Chapter10.Theorem14.CompletePivotedPSD.RankSensitiveError.Bounds	source	NumStability.Algorithms.Cholesky.Higham1014SourceError	2	import NumStability.Source.Higham.Chapter10.Theorem07	import NumStability.Algorithms.Cholesky.CholeskyFl	1	NumStability.Source.Higham.Chapter10.Theorem07 -> NumStability.Algorithms.Cholesky.CholeskyFl	preserved_recursive	1
NumStability.Source.Higham.Chapter10.Theorem14.CompletePivotedPSD.RankSensitiveError.Bounds	source	NumStability.Algorithms.Cholesky.Higham1014SourceError	2	import NumStability.Source.Higham.Chapter10.Theorem07	import NumStability.Algorithms.Cholesky.CholeskyFl	2	NumStability.Source.Higham.Chapter10.Theorem07 -> NumStability.Algorithms.HighamChapter10 -> NumStability.Algorithms.Cholesky.CholeskyFl	preserved_recursive	1
NumStability.Source.Higham.Chapter10.Theorem14.CompletePivotedPSD.RankSensitiveError.Bounds	source	NumStability.Algorithms.Cholesky.Higham1014SourceError	2	import NumStability.Source.Higham.Chapter10.Theorem07	import NumStability.Algorithms.Cholesky.CholeskyNonsym	2	NumStability.Source.Higham.Chapter10.Theorem07 -> NumStability.Algorithms.HighamChapter10 -> NumStability.Algorithms.Cholesky.CholeskyNonsym	preserved_recursive	1
NumStability.Source.Higham.Chapter10.Theorem14.CompletePivotedPSD.RankSensitiveError.Bounds	source	NumStability.Algorithms.Cholesky.Higham1014SourceError	2	import NumStability.Source.Higham.Chapter10.Theorem07	import NumStability.Algorithms.Cholesky.CholeskySpec	3	NumStability.Source.Higham.Chapter10.Theorem07 -> NumStability.Algorithms.HighamChapter10 -> NumStability.Algorithms.Cholesky.CholeskyPSD -> NumStability.Algorithms.Cholesky.CholeskySpec	preserved_recursive	1
NumStability.Source.Higham.Chapter10.Theorem14.CompletePivotedPSD.RankSensitiveError.Bounds	source	NumStability.Algorithms.Cholesky.Higham1014SourceError	2	import NumStability.Source.Higham.Chapter10.Theorem07	import NumStability.Algorithms.Cholesky.CholeskySpec	2	NumStability.Source.Higham.Chapter10.Theorem07 -> NumStability.Algorithms.HighamChapter10 -> NumStability.Algorithms.Cholesky.CholeskySpec	preserved_recursive	1
NumStability.Source.Higham.Chapter10.Theorem14.CompletePivotedPSD.RankSensitiveError.Bounds	source	NumStability.Algorithms.Cholesky.Higham1014SourceError	2	import NumStability.Source.Higham.Chapter10.Theorem07	import NumStability.Algorithms.LU.GaussianElimination	3	NumStability.Source.Higham.Chapter10.Theorem07 -> NumStability.Algorithms.HighamChapter10 -> NumStability.Algorithms.Cholesky.CholeskyPSD -> NumStability.Algorithms.LU.GaussianElimination	preserved_recursive	1
NumStability.Source.Higham.Chapter10.Theorem14.CompletePivotedPSD.RankSensitiveError.Bounds	source	NumStability.Algorithms.Cholesky.Higham1014SourceError	2	import NumStability.Source.Higham.Chapter10.Theorem07	import NumStability.Algorithms.LinearSystems.Cholesky.ErrorAnalysis.Certificates	2	NumStability.Source.Higham.Chapter10.Theorem07 -> NumStability.Algorithms.HighamChapter10 -> NumStability.Algorithms.LinearSystems.Cholesky.ErrorAnalysis.Certificates	preserved_recursive	1
NumStability.Source.Higham.Chapter10.Theorem14.CompletePivotedPSD.RankSensitiveError.Bounds	source	NumStability.Algorithms.Cholesky.Higham1014SourceError	2	import NumStability.Source.Higham.Chapter10.Theorem07	import NumStability.Algorithms.LinearSystems.Cholesky.ErrorAnalysis.Certificates	1	NumStability.Source.Higham.Chapter10.Theorem07 -> NumStability.Algorithms.LinearSystems.Cholesky.ErrorAnalysis.Certificates	preserved_recursive	1
NumStability.Source.Higham.Chapter10.Theorem14.CompletePivotedPSD.RankSensitiveError.Bounds	source	NumStability.Algorithms.Cholesky.Higham1014SourceError	2	import NumStability.Source.Higham.Chapter10.Theorem07	import NumStability.Algorithms.LinearSystems.Cholesky.Factorization.Spec	1	NumStability.Source.Higham.Chapter10.Theorem07 -> NumStability.Algorithms.LinearSystems.Cholesky.Factorization.Spec	preserved_recursive	1
NumStability.Source.Higham.Chapter10.Theorem14.CompletePivotedPSD.RankSensitiveError.Bounds	source	NumStability.Algorithms.Cholesky.Higham1014SourceError	2	import NumStability.Source.Higham.Chapter10.Theorem07	import NumStability.Algorithms.LinearSystems.Cholesky.Perturbation.Basic	2	NumStability.Source.Higham.Chapter10.Theorem07 -> NumStability.Algorithms.HighamChapter10 -> NumStability.Algorithms.LinearSystems.Cholesky.Perturbation.Basic	preserved_recursive	1
NumStability.Source.Higham.Chapter10.Theorem14.CompletePivotedPSD.RankSensitiveError.Bounds	source	NumStability.Algorithms.Cholesky.Higham1014SourceError	2	import NumStability.Source.Higham.Chapter10.Theorem07	import NumStability.Algorithms.LinearSystems.Cholesky.PositiveSemidefinite.Basic	3	NumStability.Source.Higham.Chapter10.Theorem07 -> NumStability.Algorithms.HighamChapter10 -> NumStability.Algorithms.Cholesky.CholeskyPSD -> NumStability.Algorithms.LinearSystems.Cholesky.PositiveSemidefinite.Basic	preserved_recursive	1
NumStability.Source.Higham.Chapter10.Theorem14.CompletePivotedPSD.RankSensitiveError.Bounds	source	NumStability.Algorithms.Cholesky.Higham1014SourceError	2	import NumStability.Source.Higham.Chapter10.Theorem07	import NumStability.Algorithms.LinearSystems.Cholesky.PositiveSemidefinite.KahanMatrix	2	NumStability.Source.Higham.Chapter10.Theorem07 -> NumStability.Algorithms.HighamChapter10 -> NumStability.Algorithms.LinearSystems.Cholesky.PositiveSemidefinite.KahanMatrix	preserved_recursive	1
NumStability.Source.Higham.Chapter10.Theorem14.CompletePivotedPSD.RankSensitiveError.Bounds	source	NumStability.Algorithms.Cholesky.Higham1014SourceError	2	import NumStability.Source.Higham.Chapter10.Theorem07	import NumStability.Algorithms.LinearSystems.Cholesky.PositiveSemidefinite.ScaledStage	2	NumStability.Source.Higham.Chapter10.Theorem07 -> NumStability.Algorithms.HighamChapter10 -> NumStability.Algorithms.LinearSystems.Cholesky.PositiveSemidefinite.ScaledStage	preserved_recursive	1
NumStability.Source.Higham.Chapter10.Theorem14.CompletePivotedPSD.RankSensitiveError.Bounds	source	NumStability.Algorithms.Cholesky.Higham1014SourceError	2	import NumStability.Source.Higham.Chapter10.Theorem07	import NumStability.Algorithms.LinearSystems.Cholesky.PositiveSemidefinite.ScaledStage	1	NumStability.Source.Higham.Chapter10.Theorem07 -> NumStability.Algorithms.LinearSystems.Cholesky.PositiveSemidefinite.ScaledStage	preserved_recursive	1
NumStability.Source.Higham.Chapter10.Theorem14.CompletePivotedPSD.RankSensitiveError.Bounds	source	NumStability.Algorithms.Cholesky.Higham1014SourceError	2	import NumStability.Source.Higham.Chapter10.Theorem07	import NumStability.Algorithms.LinearSystems.Cholesky.RoundedFactorization.Basic	1	NumStability.Source.Higham.Chapter10.Theorem07 -> NumStability.Algorithms.LinearSystems.Cholesky.RoundedFactorization.Basic	preserved_recursive	1
NumStability.Source.Higham.Chapter10.Theorem14.CompletePivotedPSD.RankSensitiveError.Bounds	source	NumStability.Algorithms.Cholesky.Higham1014SourceError	2	import NumStability.Source.Higham.Chapter10.Theorem07	import NumStability.Analysis.MatrixNorms.EntrywiseAbsolute.Basic	2	NumStability.Source.Higham.Chapter10.Theorem07 -> NumStability.Algorithms.HighamChapter10 -> NumStability.Analysis.MatrixNorms.EntrywiseAbsolute.Basic	preserved_recursive	1
NumStability.Source.Higham.Chapter10.Theorem14.CompletePivotedPSD.RankSensitiveError.Bounds	source	NumStability.Algorithms.Cholesky.Higham1014SourceError	2	import NumStability.Source.Higham.Chapter10.Theorem07	import NumStability.Analysis.MatrixNorms.EntrywiseAbsolute.Basic	1	NumStability.Source.Higham.Chapter10.Theorem07 -> NumStability.Analysis.MatrixNorms.EntrywiseAbsolute.Basic	preserved_recursive	1
NumStability.Source.Higham.Chapter10.Theorem14.CompletePivotedPSD.RankSensitiveError.Bounds	source	NumStability.Algorithms.Cholesky.Higham1014SourceError	2	import NumStability.Source.Higham.Chapter10.Theorem07	import NumStability.Analysis.MatrixNorms.SpectralExtrema.Basic	2	NumStability.Source.Higham.Chapter10.Theorem07 -> NumStability.Algorithms.HighamChapter10 -> NumStability.Analysis.MatrixNorms.SpectralExtrema.Basic	preserved_recursive	1
NumStability.Source.Higham.Chapter10.Theorem14.CompletePivotedPSD.RankSensitiveError.Bounds	source	NumStability.Algorithms.Cholesky.Higham1014SourceError	2	import NumStability.Source.Higham.Chapter10.Theorem07	import NumStability.Analysis.MatrixNorms.SpectralExtrema.Basic	1	NumStability.Source.Higham.Chapter10.Theorem07 -> NumStability.Analysis.MatrixNorms.SpectralExtrema.Basic	preserved_recursive	1
NumStability.Source.Higham.Chapter10.Theorem14.CompletePivotedPSD.RankSensitiveError.Bounds	source	NumStability.Algorithms.Cholesky.Higham1014SourceError	2	import NumStability.Source.Higham.Chapter10.Theorem07	import NumStability.Analysis.MatrixSpectral	2	NumStability.Source.Higham.Chapter10.Theorem07 -> NumStability.Algorithms.HighamChapter10 -> NumStability.Analysis.MatrixSpectral	preserved_recursive	1
NumStability.Source.Higham.Chapter10.Theorem14.CompletePivotedPSD.RankSensitiveError.Bounds	source	NumStability.Algorithms.Cholesky.Higham1014SourceError	2	import NumStability.Source.Higham.Chapter10.Theorem07	import NumStability.Analysis.Rounding	3	NumStability.Source.Higham.Chapter10.Theorem07 -> NumStability.Algorithms.HighamChapter10 -> NumStability.Algorithms.Cholesky.CholeskyPSD -> NumStability.Analysis.Rounding	preserved_recursive	1
NumStability.Source.Higham.Chapter10.Theorem14.CompletePivotedPSD.RankSensitiveError.Bounds	source	NumStability.Algorithms.Cholesky.Higham1014SourceError	2	import NumStability.Source.Higham.Chapter10.Theorem07	import NumStability.FloatingPoint.Model	3	NumStability.Source.Higham.Chapter10.Theorem07 -> NumStability.Algorithms.HighamChapter10 -> NumStability.Algorithms.Cholesky.CholeskyPSD -> NumStability.FloatingPoint.Model	preserved_recursive	1
NumStability.Source.Higham.Chapter10.Theorem14.CompletePivotedPSD.RankSensitiveError.Bounds	source	NumStability.Algorithms.Cholesky.Higham1014SourceError	2	import NumStability.Source.Higham.Chapter10.Theorem07	import NumStability.Source.Higham.Chapter09.Problems	2	NumStability.Source.Higham.Chapter10.Theorem07 -> NumStability.Algorithms.HighamChapter10 -> NumStability.Source.Higham.Chapter09.Problems	preserved_recursive	1
NumStability.Source.Higham.Chapter10.Theorem14.CompletePivotedPSD.RankSensitiveError.Bounds	source	NumStability.Algorithms.Cholesky.Higham1014SourceError	2	import NumStability.Source.Higham.Chapter10.Theorem07	import NumStability.Source.Higham.Chapter09.Section01	2	NumStability.Source.Higham.Chapter10.Theorem07 -> NumStability.Algorithms.HighamChapter10 -> NumStability.Source.Higham.Chapter09.Section01	preserved_recursive	1
NumStability.Source.Higham.Chapter10.Theorem14.CompletePivotedPSD.RankSensitiveError.Bounds	source	NumStability.Algorithms.Cholesky.Higham1014SourceError	2	import NumStability.Source.Higham.Chapter10.Theorem07	import NumStability.Source.Higham.Chapter09.Section02	2	NumStability.Source.Higham.Chapter10.Theorem07 -> NumStability.Algorithms.HighamChapter10 -> NumStability.Source.Higham.Chapter09.Section02	preserved_recursive	1
NumStability.Source.Higham.Chapter10.Theorem14.CompletePivotedPSD.RankSensitiveError.Bounds	source	NumStability.Algorithms.Cholesky.Higham1014SourceError	2	import NumStability.Source.Higham.Chapter10.Theorem07	import NumStability.Source.Higham.Chapter09.Section03	2	NumStability.Source.Higham.Chapter10.Theorem07 -> NumStability.Algorithms.HighamChapter10 -> NumStability.Source.Higham.Chapter09.Section03	preserved_recursive	1
NumStability.Source.Higham.Chapter10.Theorem14.CompletePivotedPSD.RankSensitiveError.Bounds	source	NumStability.Algorithms.Cholesky.Higham1014SourceError	2	import NumStability.Source.Higham.Chapter10.Theorem07	import NumStability.Source.Higham.Chapter09.Section04	2	NumStability.Source.Higham.Chapter10.Theorem07 -> NumStability.Algorithms.HighamChapter10 -> NumStability.Source.Higham.Chapter09.Section04	preserved_recursive	1
NumStability.Source.Higham.Chapter10.Theorem14.CompletePivotedPSD.RankSensitiveError.Bounds	source	NumStability.Algorithms.Cholesky.Higham1014SourceError	2	import NumStability.Source.Higham.Chapter10.Theorem07	import NumStability.Source.Higham.Chapter09.Section05	2	NumStability.Source.Higham.Chapter10.Theorem07 -> NumStability.Algorithms.HighamChapter10 -> NumStability.Source.Higham.Chapter09.Section05	preserved_recursive	1
NumStability.Source.Higham.Chapter10.Theorem14.CompletePivotedPSD.RankSensitiveError.Bounds	source	NumStability.Algorithms.Cholesky.Higham1014SourceError	2	import NumStability.Source.Higham.Chapter10.Theorem07	import NumStability.Source.Higham.Chapter09.Section06	2	NumStability.Source.Higham.Chapter10.Theorem07 -> NumStability.Algorithms.HighamChapter10 -> NumStability.Source.Higham.Chapter09.Section06	preserved_recursive	1
NumStability.Source.Higham.Chapter10.Theorem14.CompletePivotedPSD.RankSensitiveError.Bounds	source	NumStability.Algorithms.Cholesky.Higham1014SourceError	2	import NumStability.Source.Higham.Chapter10.Theorem07	import NumStability.Source.Higham.Chapter09.Section08	2	NumStability.Source.Higham.Chapter10.Theorem07 -> NumStability.Algorithms.HighamChapter10 -> NumStability.Source.Higham.Chapter09.Section08	preserved_recursive	1
NumStability.Source.Higham.Chapter10.Theorem14.CompletePivotedPSD.RankSensitiveError.Bounds	source	NumStability.Algorithms.Cholesky.Higham1014SourceError	2	import NumStability.Source.Higham.Chapter10.Theorem07	import NumStability.Source.Higham.Chapter09.Section10	2	NumStability.Source.Higham.Chapter10.Theorem07 -> NumStability.Algorithms.HighamChapter10 -> NumStability.Source.Higham.Chapter09.Section10	preserved_recursive	1
NumStability.Source.Higham.Chapter10.Theorem14.CompletePivotedPSD.RankSensitiveError.Bounds	source	NumStability.Algorithms.Cholesky.Higham1014SourceError	2	import NumStability.Source.Higham.Chapter10.Theorem07	import NumStability.Source.Higham.Chapter09.Section11	2	NumStability.Source.Higham.Chapter10.Theorem07 -> NumStability.Algorithms.HighamChapter10 -> NumStability.Source.Higham.Chapter09.Section11	preserved_recursive	1
NumStability.Source.Higham.Chapter10.Theorem14.CompletePivotedPSD.RankSensitiveError.Bounds	source	NumStability.Algorithms.Cholesky.Higham1014SourceError	2	import NumStability.Source.Higham.Chapter10.Theorem07	import NumStability.Source.Higham.Chapter10.Equation07.AbsoluteFactorNorm.Endpoints	2	NumStability.Source.Higham.Chapter10.Theorem07 -> NumStability.Algorithms.HighamChapter10 -> NumStability.Source.Higham.Chapter10.Equation07.AbsoluteFactorNorm.Endpoints	preserved_recursive	1
NumStability.Source.Higham.Chapter10.Theorem14.CompletePivotedPSD.RankSensitiveError.Bounds	source	NumStability.Algorithms.Cholesky.Higham1014SourceError	2	import NumStability.Source.Higham.Chapter10.Theorem07	import NumStability.Source.Higham.Chapter10.Equation29.Mathias.Endpoints	2	NumStability.Source.Higham.Chapter10.Theorem07 -> NumStability.Algorithms.HighamChapter10 -> NumStability.Source.Higham.Chapter10.Equation29.Mathias.Endpoints	preserved_recursive	1
NumStability.Source.Higham.Chapter10.Theorem14.CompletePivotedPSD.RankSensitiveError.Bounds	source	NumStability.Algorithms.Cholesky.Higham1014SourceError	2	import NumStability.Source.Higham.Chapter10.Theorem07	import NumStability.Source.Higham.Chapter10.Equation30.ComplexPositiveDefinite.Endpoints	2	NumStability.Source.Higham.Chapter10.Theorem07 -> NumStability.Algorithms.HighamChapter10 -> NumStability.Source.Higham.Chapter10.Equation30.ComplexPositiveDefinite.Endpoints	preserved_recursive	1
NumStability.Source.Higham.Chapter10.Theorem14.CompletePivotedPSD.RankSensitiveError.Bounds	source	NumStability.Algorithms.Cholesky.Higham1014SourceError	2	import NumStability.Source.Higham.Chapter10.Theorem07	import NumStability.Source.Higham.Chapter10.Lemma11.PivotSequenceStability.Endpoints	2	NumStability.Source.Higham.Chapter10.Theorem07 -> NumStability.Algorithms.HighamChapter10 -> NumStability.Source.Higham.Chapter10.Lemma11.PivotSequenceStability.Endpoints	preserved_recursive	1
NumStability.Source.Higham.Chapter10.Theorem14.CompletePivotedPSD.RankSensitiveError.Bounds	source	NumStability.Algorithms.Cholesky.Higham1014SourceError	2	import NumStability.Source.Higham.Chapter10.Theorem07	import NumStability.Source.Higham.Chapter10.Lemma13.KahanSharpness.CompletePivotingBound	3	NumStability.Source.Higham.Chapter10.Theorem07 -> NumStability.Algorithms.HighamChapter10 -> NumStability.Algorithms.Cholesky.CholeskyPSD -> NumStability.Source.Higham.Chapter10.Lemma13.KahanSharpness.CompletePivotingBound	preserved_recursive	1
NumStability.Source.Higham.Chapter10.Theorem14.CompletePivotedPSD.RankSensitiveError.Bounds	source	NumStability.Algorithms.Cholesky.Higham1014SourceError	2	import NumStability.Source.Higham.Chapter10.Theorem07	import NumStability.Source.Higham.Chapter10.Lemma13.KahanSharpness.Endpoints	2	NumStability.Source.Higham.Chapter10.Theorem07 -> NumStability.Algorithms.HighamChapter10 -> NumStability.Source.Higham.Chapter10.Lemma13.KahanSharpness.Endpoints	preserved_recursive	1
NumStability.Source.Higham.Chapter10.Theorem14.CompletePivotedPSD.RankSensitiveError.Bounds	source	NumStability.Algorithms.Cholesky.Higham1014SourceError	2	import NumStability.Source.Higham.Chapter10.Theorem07	import NumStability.Source.Higham.Chapter10.Problem01.PositiveSemidefiniteEntries.Basic	2	NumStability.Source.Higham.Chapter10.Theorem07 -> NumStability.Algorithms.HighamChapter10 -> NumStability.Source.Higham.Chapter10.Problem01.PositiveSemidefiniteEntries.Basic	preserved_recursive	1
NumStability.Source.Higham.Chapter10.Theorem14.CompletePivotedPSD.RankSensitiveError.Bounds	source	NumStability.Algorithms.Cholesky.Higham1014SourceError	2	import NumStability.Source.Higham.Chapter10.Theorem07	import NumStability.Source.Higham.Chapter10.Problem04.UnpivotedGrowth.Basic	2	NumStability.Source.Higham.Chapter10.Theorem07 -> NumStability.Algorithms.HighamChapter10 -> NumStability.Source.Higham.Chapter10.Problem04.UnpivotedGrowth.Basic	preserved_recursive	1
NumStability.Source.Higham.Chapter10.Theorem14.CompletePivotedPSD.RankSensitiveError.Bounds	source	NumStability.Algorithms.Cholesky.Higham1014SourceError	2	import NumStability.Source.Higham.Chapter10.Theorem07	import NumStability.Source.Higham.Chapter10.Problem08.LeadingMinorsCounterexample.Basic	2	NumStability.Source.Higham.Chapter10.Theorem07 -> NumStability.Algorithms.HighamChapter10 -> NumStability.Source.Higham.Chapter10.Problem08.LeadingMinorsCounterexample.Basic	preserved_recursive	1
NumStability.Source.Higham.Chapter10.Theorem14.CompletePivotedPSD.RankSensitiveError.Bounds	source	NumStability.Algorithms.Cholesky.Higham1014SourceError	2	import NumStability.Source.Higham.Chapter10.Theorem07	import NumStability.Source.Higham.Chapter10.Section01.Factorization.Basic	2	NumStability.Source.Higham.Chapter10.Theorem07 -> NumStability.Algorithms.HighamChapter10 -> NumStability.Source.Higham.Chapter10.Section01.Factorization.Basic	preserved_recursive	1
NumStability.Source.Higham.Chapter10.Theorem14.CompletePivotedPSD.RankSensitiveError.Bounds	source	NumStability.Algorithms.Cholesky.Higham1014SourceError	2	import NumStability.Source.Higham.Chapter10.Theorem07	import NumStability.Source.Higham.Chapter10.Section02.ErrorAnalysis.Basic	2	NumStability.Source.Higham.Chapter10.Theorem07 -> NumStability.Algorithms.HighamChapter10 -> NumStability.Source.Higham.Chapter10.Section02.ErrorAnalysis.Basic	preserved_recursive	1
NumStability.Source.Higham.Chapter10.Theorem14.CompletePivotedPSD.RankSensitiveError.Bounds	source	NumStability.Algorithms.Cholesky.Higham1014SourceError	2	import NumStability.Source.Higham.Chapter10.Theorem07	import NumStability.Source.Higham.Chapter10.Section03.PositiveSemidefinite.Endpoints	2	NumStability.Source.Higham.Chapter10.Theorem07 -> NumStability.Algorithms.HighamChapter10 -> NumStability.Source.Higham.Chapter10.Section03.PositiveSemidefinite.Endpoints	preserved_recursive	1
NumStability.Source.Higham.Chapter10.Theorem14.CompletePivotedPSD.RankSensitiveError.Bounds	source	NumStability.Algorithms.Cholesky.Higham1014SourceError	2	import NumStability.Source.Higham.Chapter10.Theorem07	import NumStability.Source.Higham.Chapter10.Section03.PositiveSemidefinite.Existence	3	NumStability.Source.Higham.Chapter10.Theorem07 -> NumStability.Algorithms.HighamChapter10 -> NumStability.Algorithms.Cholesky.CholeskyPSD -> NumStability.Source.Higham.Chapter10.Section03.PositiveSemidefinite.Existence	preserved_recursive	1
NumStability.Source.Higham.Chapter10.Theorem14.CompletePivotedPSD.RankSensitiveError.Bounds	source	NumStability.Algorithms.Cholesky.Higham1014SourceError	2	import NumStability.Source.Higham.Chapter10.Theorem07	import NumStability.Source.Higham.Chapter10.Section03.PositiveSemidefinite.SchurComplement	3	NumStability.Source.Higham.Chapter10.Theorem07 -> NumStability.Algorithms.HighamChapter10 -> NumStability.Algorithms.Cholesky.CholeskyPSD -> NumStability.Source.Higham.Chapter10.Section03.PositiveSemidefinite.SchurComplement	preserved_recursive	1
NumStability.Source.Higham.Chapter10.Theorem14.CompletePivotedPSD.RankSensitiveError.Bounds	source	NumStability.Algorithms.Cholesky.Higham1014SourceError	2	import NumStability.Source.Higham.Chapter10.Theorem07	import NumStability.Source.Higham.Chapter10.Section03.PositiveSemidefinite.Termination	3	NumStability.Source.Higham.Chapter10.Theorem07 -> NumStability.Algorithms.HighamChapter10 -> NumStability.Algorithms.Cholesky.CholeskyPSD -> NumStability.Source.Higham.Chapter10.Section03.PositiveSemidefinite.Termination	preserved_recursive	1
NumStability.Source.Higham.Chapter10.Theorem14.CompletePivotedPSD.RankSensitiveError.Bounds	source	NumStability.Algorithms.Cholesky.Higham1014SourceError	2	import NumStability.Source.Higham.Chapter10.Theorem07	import NumStability.Source.Higham.Chapter10.Section03.PositiveSemidefinite.WNormBound	3	NumStability.Source.Higham.Chapter10.Theorem07 -> NumStability.Algorithms.HighamChapter10 -> NumStability.Algorithms.Cholesky.CholeskyPSD -> NumStability.Source.Higham.Chapter10.Section03.PositiveSemidefinite.WNormBound	preserved_recursive	1
NumStability.Source.Higham.Chapter10.Theorem14.CompletePivotedPSD.RankSensitiveError.Bounds	source	NumStability.Algorithms.Cholesky.Higham1014SourceError	2	import NumStability.Source.Higham.Chapter10.Theorem07	import NumStability.Source.Higham.Chapter10.Section04.PositiveDefiniteSymmetricPart.Endpoints	2	NumStability.Source.Higham.Chapter10.Theorem07 -> NumStability.Algorithms.HighamChapter10 -> NumStability.Source.Higham.Chapter10.Section04.PositiveDefiniteSymmetricPart.Endpoints	preserved_recursive	1
NumStability.Source.Higham.Chapter10.Theorem14.CompletePivotedPSD.RankSensitiveError.Bounds	source	NumStability.Algorithms.Cholesky.Higham1014SourceError	2	import NumStability.Source.Higham.Chapter10.Theorem07	import NumStability.Source.Higham.Chapter10.Theorem06.RoundedCholesky.Endpoints	2	NumStability.Source.Higham.Chapter10.Theorem07 -> NumStability.Algorithms.HighamChapter10 -> NumStability.Source.Higham.Chapter10.Theorem06.RoundedCholesky.Endpoints	preserved_recursive	1
NumStability.Source.Higham.Chapter10.Theorem14.CompletePivotedPSD.RankSensitiveError.Bounds	source	NumStability.Algorithms.Cholesky.Higham1014SourceError	2	import NumStability.Source.Higham.Chapter10.Theorem07	import NumStability.Source.Higham.Chapter10.Theorem07.FailureVacuity.Endpoints	2	NumStability.Source.Higham.Chapter10.Theorem07 -> NumStability.Algorithms.HighamChapter10 -> NumStability.Source.Higham.Chapter10.Theorem07.FailureVacuity.Endpoints	preserved_recursive	1
NumStability.Source.Higham.Chapter10.Theorem14.CompletePivotedPSD.RankSensitiveError.Bounds	source	NumStability.Algorithms.Cholesky.Higham1014SourceError	2	import NumStability.Source.Higham.Chapter10.Theorem07	import NumStability.Source.Higham.Chapter10.Theorem08.ComponentwisePerturbation.Endpoints	2	NumStability.Source.Higham.Chapter10.Theorem07 -> NumStability.Algorithms.HighamChapter10 -> NumStability.Source.Higham.Chapter10.Theorem08.ComponentwisePerturbation.Endpoints	preserved_recursive	1
NumStability.Source.Higham.Chapter10.Theorem14.CompletePivotedPSD.RankSensitiveError.Bounds	source	NumStability.Algorithms.Cholesky.Higham1014SourceError	2	import NumStability.Source.Higham.Chapter10.Theorem07	import NumStability.Source.Higham.Chapter10.Theorem08.NormwiseDiscrepancy.Endpoints	2	NumStability.Source.Higham.Chapter10.Theorem07 -> NumStability.Algorithms.HighamChapter10 -> NumStability.Source.Higham.Chapter10.Theorem08.NormwiseDiscrepancy.Endpoints	preserved_recursive	1
NumStability.Source.Higham.Chapter10.Theorem14.CompletePivotedPSD.RankSensitiveError.Bounds	source	NumStability.Algorithms.Cholesky.Higham1014SourceError	2	import NumStability.Source.Higham.Chapter10.Theorem07	import NumStability.Source.Higham.Chapter10.Theorem14.CompletePivotedPSD.Endpoints	2	NumStability.Source.Higham.Chapter10.Theorem07 -> NumStability.Algorithms.HighamChapter10 -> NumStability.Source.Higham.Chapter10.Theorem14.CompletePivotedPSD.Endpoints	preserved_recursive	1
NumStability.Source.Higham.Chapter10.Theorem14.CompletePivotedPSD.RankSensitiveError.Bounds	source	NumStability.Algorithms.Cholesky.Higham1014SourceError	2	import NumStability.Source.Higham.Chapter10.Theorem07	import NumStability.Source.Higham.Chapter10.Theorem14.CompletePivotedPSD.PsdErrorAnalysis	3	NumStability.Source.Higham.Chapter10.Theorem07 -> NumStability.Algorithms.HighamChapter10 -> NumStability.Algorithms.Cholesky.CholeskyPSD -> NumStability.Source.Higham.Chapter10.Theorem14.CompletePivotedPSD.PsdErrorAnalysis	preserved_recursive	1
NumStability.Source.Higham.Chapter10.Theorem14.CompletePivotedPSD.RankSensitiveError.Bounds	source	NumStability.Algorithms.Cholesky.Higham1014SourceError	3	import NumStability.Source.Higham.Chapter10.Theorem14.CompletePivotedPSD.SourceError	import NumStability.Source.Higham.Chapter10.Theorem14.CompletePivotedPSD.SourceError	0	NumStability.Source.Higham.Chapter10.Theorem14.CompletePivotedPSD.SourceError	preserved_direct	1
NumStability.Source.Higham.Chapter10.Theorem14.CompletePivotedPSD.RankSensitiveError.Bounds	source	NumStability.Algorithms.Cholesky.Higham1014SourceError	4	import NumStability.Source.Higham.Chapter10.Theorem14.CompletePivotedPSD.SourceSuccess	import NumStability.Source.Higham.Chapter10.Theorem14.CompletePivotedPSD.SourceSuccess	0	NumStability.Source.Higham.Chapter10.Theorem14.CompletePivotedPSD.SourceSuccess	preserved_direct	1
NumStability.Source.Higham.Chapter10.Theorem14.CompletePivotedPSD.RoundedErrorAnalysis.Bounds	source	NumStability.Algorithms.Cholesky.CholeskyPSD	1	import Mathlib.Algebra.BigOperators.Field	import Mathlib.Algebra.BigOperators.Field	0	Mathlib.Algebra.BigOperators.Field	preserved_direct	1
NumStability.Source.Higham.Chapter10.Theorem14.CompletePivotedPSD.RoundedErrorAnalysis.Bounds	source	NumStability.Algorithms.Cholesky.CholeskyPSD	2	import Mathlib.Algebra.BigOperators.Group.Finset.Basic	import Mathlib.Algebra.BigOperators.Group.Finset.Basic	0	Mathlib.Algebra.BigOperators.Group.Finset.Basic	preserved_direct	1
NumStability.Source.Higham.Chapter10.Theorem14.CompletePivotedPSD.RoundedErrorAnalysis.Bounds	source	NumStability.Algorithms.Cholesky.CholeskyPSD	3	import Mathlib.Algebra.Order.BigOperators.Group.Finset	import Mathlib.Algebra.Order.BigOperators.Group.Finset	0	Mathlib.Algebra.Order.BigOperators.Group.Finset	preserved_direct	1
NumStability.Source.Higham.Chapter10.Theorem14.CompletePivotedPSD.RoundedErrorAnalysis.Bounds	source	NumStability.Algorithms.Cholesky.CholeskyPSD	4	import Mathlib.Data.Real.Basic	import Mathlib.Data.Real.Basic	0	Mathlib.Data.Real.Basic	preserved_direct	1
NumStability.Source.Higham.Chapter10.Theorem14.CompletePivotedPSD.RoundedErrorAnalysis.Bounds	source	NumStability.Algorithms.Cholesky.CholeskyPSD	5	import Mathlib.Data.Real.Sqrt	import Mathlib.Data.Real.Sqrt	0	Mathlib.Data.Real.Sqrt	preserved_direct	1
NumStability.Source.Higham.Chapter10.Theorem14.CompletePivotedPSD.RoundedErrorAnalysis.Bounds	source	NumStability.Algorithms.Cholesky.CholeskyPSD	6	import Mathlib.LinearAlgebra.Matrix.Block	import Mathlib.LinearAlgebra.Matrix.Block	0	Mathlib.LinearAlgebra.Matrix.Block	preserved_direct	1
NumStability.Source.Higham.Chapter10.Theorem14.CompletePivotedPSD.RoundedErrorAnalysis.Bounds	source	NumStability.Algorithms.Cholesky.CholeskyPSD	7	import Mathlib.LinearAlgebra.Matrix.NonsingularInverse	import Mathlib.LinearAlgebra.Matrix.NonsingularInverse	0	Mathlib.LinearAlgebra.Matrix.NonsingularInverse	preserved_direct	1
NumStability.Source.Higham.Chapter10.Theorem14.CompletePivotedPSD.RoundedErrorAnalysis.Bounds	source	NumStability.Algorithms.Cholesky.CholeskyPSD	8	import Mathlib.LinearAlgebra.Matrix.Rank	import Mathlib.LinearAlgebra.Matrix.Rank	0	Mathlib.LinearAlgebra.Matrix.Rank	preserved_direct	1
NumStability.Source.Higham.Chapter10.Theorem14.CompletePivotedPSD.RoundedErrorAnalysis.Bounds	source	NumStability.Algorithms.Cholesky.CholeskyPSD	9	import Mathlib.Tactic.FieldSimp	import Mathlib.Tactic.FieldSimp	0	Mathlib.Tactic.FieldSimp	preserved_direct	1
NumStability.Source.Higham.Chapter10.Theorem14.CompletePivotedPSD.RoundedErrorAnalysis.Bounds	source	NumStability.Algorithms.Cholesky.CholeskyPSD	10	import Mathlib.Tactic.Linarith	import Mathlib.Tactic.Linarith	0	Mathlib.Tactic.Linarith	preserved_direct	1
NumStability.Source.Higham.Chapter10.Theorem14.CompletePivotedPSD.RoundedErrorAnalysis.Bounds	source	NumStability.Algorithms.Cholesky.CholeskyPSD	11	import Mathlib.Tactic.Ring	import Mathlib.Tactic.Ring	0	Mathlib.Tactic.Ring	preserved_direct	1
NumStability.Source.Higham.Chapter10.Theorem14.CompletePivotedPSD.RoundedErrorAnalysis.Bounds	source	NumStability.Algorithms.Cholesky.CholeskyPSD	12	import NumStability.Algorithms.Cholesky.CholeskySpec	import NumStability.Algorithms.Cholesky.CholeskySpec	0	NumStability.Algorithms.Cholesky.CholeskySpec	preserved_direct	1
NumStability.Source.Higham.Chapter10.Theorem14.CompletePivotedPSD.RoundedErrorAnalysis.Bounds	source	NumStability.Algorithms.Cholesky.CholeskyPSD	13	import NumStability.Algorithms.LU.GaussianElimination	import NumStability.Algorithms.LU.GaussianElimination	0	NumStability.Algorithms.LU.GaussianElimination	preserved_direct	1
NumStability.Source.Higham.Chapter10.Theorem14.CompletePivotedPSD.RoundedErrorAnalysis.Bounds	source	NumStability.Algorithms.Cholesky.CholeskyPSD	14	import NumStability.Algorithms.LinearSystems.Cholesky.PositiveSemidefinite.Basic	import NumStability.Algorithms.LinearSystems.Cholesky.PositiveSemidefinite.Basic	0	NumStability.Algorithms.LinearSystems.Cholesky.PositiveSemidefinite.Basic	preserved_direct	1
NumStability.Source.Higham.Chapter10.Theorem14.CompletePivotedPSD.RoundedErrorAnalysis.Bounds	source	NumStability.Algorithms.Cholesky.CholeskyPSD	15	import NumStability.Analysis.Rounding	import NumStability.Analysis.Rounding	0	NumStability.Analysis.Rounding	preserved_direct	1
NumStability.Source.Higham.Chapter10.Theorem14.CompletePivotedPSD.RoundedErrorAnalysis.Bounds	source	NumStability.Algorithms.Cholesky.CholeskyPSD	16	import NumStability.FloatingPoint.Model	import NumStability.FloatingPoint.Model	0	NumStability.FloatingPoint.Model	preserved_direct	1
NumStability.Source.Higham.Chapter10.Theorem14.CompletePivotedPSD.RoundedErrorAnalysis.Bounds	source	NumStability.Algorithms.Cholesky.CholeskyPSD	17	import NumStability.Source.Higham.Chapter10.Lemma13.KahanSharpness.CompletePivotingBound	import NumStability.Source.Higham.Chapter10.Lemma13.KahanSharpness.CompletePivotingBound	0	NumStability.Source.Higham.Chapter10.Lemma13.KahanSharpness.CompletePivotingBound	preserved_direct	1
NumStability.Source.Higham.Chapter10.Theorem14.CompletePivotedPSD.RoundedErrorAnalysis.Bounds	source	NumStability.Algorithms.Cholesky.CholeskyPSD	18	import NumStability.Source.Higham.Chapter10.Section03.PositiveSemidefinite.Existence	import NumStability.Source.Higham.Chapter10.Section03.PositiveSemidefinite.Existence	0	NumStability.Source.Higham.Chapter10.Section03.PositiveSemidefinite.Existence	preserved_direct	1
NumStability.Source.Higham.Chapter10.Theorem14.CompletePivotedPSD.RoundedErrorAnalysis.Bounds	source	NumStability.Algorithms.Cholesky.CholeskyPSD	19	import NumStability.Source.Higham.Chapter10.Section03.PositiveSemidefinite.SchurComplement	import NumStability.Source.Higham.Chapter10.Section03.PositiveSemidefinite.SchurComplement	0	NumStability.Source.Higham.Chapter10.Section03.PositiveSemidefinite.SchurComplement	preserved_direct	1
NumStability.Source.Higham.Chapter10.Theorem14.CompletePivotedPSD.RoundedErrorAnalysis.Bounds	source	NumStability.Algorithms.Cholesky.CholeskyPSD	20	import NumStability.Source.Higham.Chapter10.Section03.PositiveSemidefinite.Termination	import NumStability.Source.Higham.Chapter10.Section03.PositiveSemidefinite.Termination	0	NumStability.Source.Higham.Chapter10.Section03.PositiveSemidefinite.Termination	preserved_direct	1
NumStability.Source.Higham.Chapter10.Theorem14.CompletePivotedPSD.RoundedErrorAnalysis.Bounds	source	NumStability.Algorithms.Cholesky.CholeskyPSD	21	import NumStability.Source.Higham.Chapter10.Section03.PositiveSemidefinite.WNormBound	import NumStability.Source.Higham.Chapter10.Section03.PositiveSemidefinite.WNormBound	0	NumStability.Source.Higham.Chapter10.Section03.PositiveSemidefinite.WNormBound	preserved_direct	1
NumStability.Source.Higham.Chapter10.Theorem14.CompletePivotedPSD.RoundedErrorAnalysis.Bounds	source	NumStability.Algorithms.Cholesky.CholeskyPSD	22	import NumStability.Source.Higham.Chapter10.Theorem14.CompletePivotedPSD.PsdErrorAnalysis	import NumStability.Source.Higham.Chapter10.Theorem14.CompletePivotedPSD.PsdErrorAnalysis	0	NumStability.Source.Higham.Chapter10.Theorem14.CompletePivotedPSD.PsdErrorAnalysis	preserved_direct	1
NumStability.Source.Higham.Chapter10.Theorem14.CompletePivotedPSD.RoundedErrorAnalysis.Bounds	source	NumStability.Algorithms.HighamChapter10	1	import Mathlib.Data.Complex.Basic	import Mathlib.Data.Complex.Basic	0	Mathlib.Data.Complex.Basic	preserved_direct	1
NumStability.Source.Higham.Chapter10.Theorem14.CompletePivotedPSD.RoundedErrorAnalysis.Bounds	source	NumStability.Algorithms.HighamChapter10	2	import NumStability.Algorithms.Cholesky.CholeskyDemmel	import NumStability.Algorithms.Cholesky.CholeskyDemmel	0	NumStability.Algorithms.Cholesky.CholeskyDemmel	preserved_direct	1
NumStability.Source.Higham.Chapter10.Theorem14.CompletePivotedPSD.RoundedErrorAnalysis.Bounds	source	NumStability.Algorithms.HighamChapter10	3	import NumStability.Algorithms.Cholesky.CholeskyFl	import NumStability.Algorithms.Cholesky.CholeskyFl	0	NumStability.Algorithms.Cholesky.CholeskyFl	preserved_direct	1
NumStability.Source.Higham.Chapter10.Theorem14.CompletePivotedPSD.RoundedErrorAnalysis.Bounds	source	NumStability.Algorithms.HighamChapter10	4	import NumStability.Algorithms.Cholesky.CholeskyNonsym	import NumStability.Algorithms.Cholesky.CholeskyNonsym	0	NumStability.Algorithms.Cholesky.CholeskyNonsym	preserved_direct	1
NumStability.Source.Higham.Chapter10.Theorem14.CompletePivotedPSD.RoundedErrorAnalysis.Bounds	source	NumStability.Algorithms.HighamChapter10	5	import NumStability.Algorithms.Cholesky.CholeskyPSD	import Mathlib.Algebra.BigOperators.Field	1	NumStability.Algorithms.Cholesky.CholeskyPSD -> Mathlib.Algebra.BigOperators.Field	preserved_recursive	1
NumStability.Source.Higham.Chapter10.Theorem14.CompletePivotedPSD.RoundedErrorAnalysis.Bounds	source	NumStability.Algorithms.HighamChapter10	5	import NumStability.Algorithms.Cholesky.CholeskyPSD	import Mathlib.Algebra.BigOperators.Group.Finset.Basic	1	NumStability.Algorithms.Cholesky.CholeskyPSD -> Mathlib.Algebra.BigOperators.Group.Finset.Basic	preserved_recursive	1
NumStability.Source.Higham.Chapter10.Theorem14.CompletePivotedPSD.RoundedErrorAnalysis.Bounds	source	NumStability.Algorithms.HighamChapter10	5	import NumStability.Algorithms.Cholesky.CholeskyPSD	import Mathlib.Algebra.Order.BigOperators.Group.Finset	1	NumStability.Algorithms.Cholesky.CholeskyPSD -> Mathlib.Algebra.Order.BigOperators.Group.Finset	preserved_recursive	1
NumStability.Source.Higham.Chapter10.Theorem14.CompletePivotedPSD.RoundedErrorAnalysis.Bounds	source	NumStability.Algorithms.HighamChapter10	5	import NumStability.Algorithms.Cholesky.CholeskyPSD	import Mathlib.Data.Real.Basic	1	NumStability.Algorithms.Cholesky.CholeskyPSD -> Mathlib.Data.Real.Basic	preserved_recursive	1
NumStability.Source.Higham.Chapter10.Theorem14.CompletePivotedPSD.RoundedErrorAnalysis.Bounds	source	NumStability.Algorithms.HighamChapter10	5	import NumStability.Algorithms.Cholesky.CholeskyPSD	import Mathlib.Data.Real.Sqrt	1	NumStability.Algorithms.Cholesky.CholeskyPSD -> Mathlib.Data.Real.Sqrt	preserved_recursive	1
NumStability.Source.Higham.Chapter10.Theorem14.CompletePivotedPSD.RoundedErrorAnalysis.Bounds	source	NumStability.Algorithms.HighamChapter10	5	import NumStability.Algorithms.Cholesky.CholeskyPSD	import Mathlib.LinearAlgebra.Matrix.Block	1	NumStability.Algorithms.Cholesky.CholeskyPSD -> Mathlib.LinearAlgebra.Matrix.Block	preserved_recursive	1
NumStability.Source.Higham.Chapter10.Theorem14.CompletePivotedPSD.RoundedErrorAnalysis.Bounds	source	NumStability.Algorithms.HighamChapter10	5	import NumStability.Algorithms.Cholesky.CholeskyPSD	import Mathlib.LinearAlgebra.Matrix.NonsingularInverse	1	NumStability.Algorithms.Cholesky.CholeskyPSD -> Mathlib.LinearAlgebra.Matrix.NonsingularInverse	preserved_recursive	1
NumStability.Source.Higham.Chapter10.Theorem14.CompletePivotedPSD.RoundedErrorAnalysis.Bounds	source	NumStability.Algorithms.HighamChapter10	5	import NumStability.Algorithms.Cholesky.CholeskyPSD	import Mathlib.LinearAlgebra.Matrix.Rank	1	NumStability.Algorithms.Cholesky.CholeskyPSD -> Mathlib.LinearAlgebra.Matrix.Rank	preserved_recursive	1
NumStability.Source.Higham.Chapter10.Theorem14.CompletePivotedPSD.RoundedErrorAnalysis.Bounds	source	NumStability.Algorithms.HighamChapter10	5	import NumStability.Algorithms.Cholesky.CholeskyPSD	import Mathlib.Tactic.FieldSimp	1	NumStability.Algorithms.Cholesky.CholeskyPSD -> Mathlib.Tactic.FieldSimp	preserved_recursive	1
NumStability.Source.Higham.Chapter10.Theorem14.CompletePivotedPSD.RoundedErrorAnalysis.Bounds	source	NumStability.Algorithms.HighamChapter10	5	import NumStability.Algorithms.Cholesky.CholeskyPSD	import Mathlib.Tactic.Linarith	1	NumStability.Algorithms.Cholesky.CholeskyPSD -> Mathlib.Tactic.Linarith	preserved_recursive	1
NumStability.Source.Higham.Chapter10.Theorem14.CompletePivotedPSD.RoundedErrorAnalysis.Bounds	source	NumStability.Algorithms.HighamChapter10	5	import NumStability.Algorithms.Cholesky.CholeskyPSD	import Mathlib.Tactic.Ring	1	NumStability.Algorithms.Cholesky.CholeskyPSD -> Mathlib.Tactic.Ring	preserved_recursive	1
NumStability.Source.Higham.Chapter10.Theorem14.CompletePivotedPSD.RoundedErrorAnalysis.Bounds	source	NumStability.Algorithms.HighamChapter10	5	import NumStability.Algorithms.Cholesky.CholeskyPSD	import NumStability.Algorithms.Cholesky.CholeskySpec	1	NumStability.Algorithms.Cholesky.CholeskyPSD -> NumStability.Algorithms.Cholesky.CholeskySpec	preserved_recursive	1
NumStability.Source.Higham.Chapter10.Theorem14.CompletePivotedPSD.RoundedErrorAnalysis.Bounds	source	NumStability.Algorithms.HighamChapter10	5	import NumStability.Algorithms.Cholesky.CholeskyPSD	import NumStability.Algorithms.LU.GaussianElimination	1	NumStability.Algorithms.Cholesky.CholeskyPSD -> NumStability.Algorithms.LU.GaussianElimination	preserved_recursive	1
NumStability.Source.Higham.Chapter10.Theorem14.CompletePivotedPSD.RoundedErrorAnalysis.Bounds	source	NumStability.Algorithms.HighamChapter10	5	import NumStability.Algorithms.Cholesky.CholeskyPSD	import NumStability.Algorithms.LinearSystems.Cholesky.PositiveSemidefinite.Basic	1	NumStability.Algorithms.Cholesky.CholeskyPSD -> NumStability.Algorithms.LinearSystems.Cholesky.PositiveSemidefinite.Basic	preserved_recursive	1
NumStability.Source.Higham.Chapter10.Theorem14.CompletePivotedPSD.RoundedErrorAnalysis.Bounds	source	NumStability.Algorithms.HighamChapter10	5	import NumStability.Algorithms.Cholesky.CholeskyPSD	import NumStability.Analysis.Rounding	1	NumStability.Algorithms.Cholesky.CholeskyPSD -> NumStability.Analysis.Rounding	preserved_recursive	1
NumStability.Source.Higham.Chapter10.Theorem14.CompletePivotedPSD.RoundedErrorAnalysis.Bounds	source	NumStability.Algorithms.HighamChapter10	5	import NumStability.Algorithms.Cholesky.CholeskyPSD	import NumStability.FloatingPoint.Model	1	NumStability.Algorithms.Cholesky.CholeskyPSD -> NumStability.FloatingPoint.Model	preserved_recursive	1
NumStability.Source.Higham.Chapter10.Theorem14.CompletePivotedPSD.RoundedErrorAnalysis.Bounds	source	NumStability.Algorithms.HighamChapter10	5	import NumStability.Algorithms.Cholesky.CholeskyPSD	import NumStability.Source.Higham.Chapter10.Lemma13.KahanSharpness.CompletePivotingBound	1	NumStability.Algorithms.Cholesky.CholeskyPSD -> NumStability.Source.Higham.Chapter10.Lemma13.KahanSharpness.CompletePivotingBound	preserved_recursive	1
NumStability.Source.Higham.Chapter10.Theorem14.CompletePivotedPSD.RoundedErrorAnalysis.Bounds	source	NumStability.Algorithms.HighamChapter10	5	import NumStability.Algorithms.Cholesky.CholeskyPSD	import NumStability.Source.Higham.Chapter10.Section03.PositiveSemidefinite.Existence	1	NumStability.Algorithms.Cholesky.CholeskyPSD -> NumStability.Source.Higham.Chapter10.Section03.PositiveSemidefinite.Existence	preserved_recursive	1
NumStability.Source.Higham.Chapter10.Theorem14.CompletePivotedPSD.RoundedErrorAnalysis.Bounds	source	NumStability.Algorithms.HighamChapter10	5	import NumStability.Algorithms.Cholesky.CholeskyPSD	import NumStability.Source.Higham.Chapter10.Section03.PositiveSemidefinite.SchurComplement	1	NumStability.Algorithms.Cholesky.CholeskyPSD -> NumStability.Source.Higham.Chapter10.Section03.PositiveSemidefinite.SchurComplement	preserved_recursive	1
NumStability.Source.Higham.Chapter10.Theorem14.CompletePivotedPSD.RoundedErrorAnalysis.Bounds	source	NumStability.Algorithms.HighamChapter10	5	import NumStability.Algorithms.Cholesky.CholeskyPSD	import NumStability.Source.Higham.Chapter10.Section03.PositiveSemidefinite.Termination	1	NumStability.Algorithms.Cholesky.CholeskyPSD -> NumStability.Source.Higham.Chapter10.Section03.PositiveSemidefinite.Termination	preserved_recursive	1
NumStability.Source.Higham.Chapter10.Theorem14.CompletePivotedPSD.RoundedErrorAnalysis.Bounds	source	NumStability.Algorithms.HighamChapter10	5	import NumStability.Algorithms.Cholesky.CholeskyPSD	import NumStability.Source.Higham.Chapter10.Section03.PositiveSemidefinite.WNormBound	1	NumStability.Algorithms.Cholesky.CholeskyPSD -> NumStability.Source.Higham.Chapter10.Section03.PositiveSemidefinite.WNormBound	preserved_recursive	1
NumStability.Source.Higham.Chapter10.Theorem14.CompletePivotedPSD.RoundedErrorAnalysis.Bounds	source	NumStability.Algorithms.HighamChapter10	5	import NumStability.Algorithms.Cholesky.CholeskyPSD	import NumStability.Source.Higham.Chapter10.Theorem14.CompletePivotedPSD.PsdErrorAnalysis	1	NumStability.Algorithms.Cholesky.CholeskyPSD -> NumStability.Source.Higham.Chapter10.Theorem14.CompletePivotedPSD.PsdErrorAnalysis	preserved_recursive	1
NumStability.Source.Higham.Chapter10.Theorem14.CompletePivotedPSD.RoundedErrorAnalysis.Bounds	source	NumStability.Algorithms.HighamChapter10	6	import NumStability.Algorithms.Cholesky.CholeskySpec	import NumStability.Algorithms.Cholesky.CholeskySpec	0	NumStability.Algorithms.Cholesky.CholeskySpec	preserved_direct	1
NumStability.Source.Higham.Chapter10.Theorem14.CompletePivotedPSD.RoundedErrorAnalysis.Bounds	source	NumStability.Algorithms.HighamChapter10	7	import NumStability.Algorithms.LinearSystems.Cholesky.ErrorAnalysis.Certificates	import NumStability.Algorithms.LinearSystems.Cholesky.ErrorAnalysis.Certificates	0	NumStability.Algorithms.LinearSystems.Cholesky.ErrorAnalysis.Certificates	preserved_direct	1
NumStability.Source.Higham.Chapter10.Theorem14.CompletePivotedPSD.RoundedErrorAnalysis.Bounds	source	NumStability.Algorithms.HighamChapter10	8	import NumStability.Algorithms.LinearSystems.Cholesky.Perturbation.Basic	import NumStability.Algorithms.LinearSystems.Cholesky.Perturbation.Basic	0	NumStability.Algorithms.LinearSystems.Cholesky.Perturbation.Basic	preserved_direct	1
NumStability.Source.Higham.Chapter10.Theorem14.CompletePivotedPSD.RoundedErrorAnalysis.Bounds	source	NumStability.Algorithms.HighamChapter10	9	import NumStability.Algorithms.LinearSystems.Cholesky.PositiveSemidefinite.KahanMatrix	import NumStability.Algorithms.LinearSystems.Cholesky.PositiveSemidefinite.KahanMatrix	0	NumStability.Algorithms.LinearSystems.Cholesky.PositiveSemidefinite.KahanMatrix	preserved_direct	1
NumStability.Source.Higham.Chapter10.Theorem14.CompletePivotedPSD.RoundedErrorAnalysis.Bounds	source	NumStability.Algorithms.HighamChapter10	10	import NumStability.Algorithms.LinearSystems.Cholesky.PositiveSemidefinite.ScaledStage	import NumStability.Algorithms.LinearSystems.Cholesky.PositiveSemidefinite.ScaledStage	0	NumStability.Algorithms.LinearSystems.Cholesky.PositiveSemidefinite.ScaledStage	preserved_direct	1
NumStability.Source.Higham.Chapter10.Theorem14.CompletePivotedPSD.RoundedErrorAnalysis.Bounds	source	NumStability.Algorithms.HighamChapter10	11	import NumStability.Analysis.MatrixNorms.EntrywiseAbsolute.Basic	import NumStability.Analysis.MatrixNorms.EntrywiseAbsolute.Basic	0	NumStability.Analysis.MatrixNorms.EntrywiseAbsolute.Basic	preserved_direct	1
NumStability.Source.Higham.Chapter10.Theorem14.CompletePivotedPSD.RoundedErrorAnalysis.Bounds	source	NumStability.Algorithms.HighamChapter10	12	import NumStability.Analysis.MatrixNorms.SpectralExtrema.Basic	import NumStability.Analysis.MatrixNorms.SpectralExtrema.Basic	0	NumStability.Analysis.MatrixNorms.SpectralExtrema.Basic	preserved_direct	1
NumStability.Source.Higham.Chapter10.Theorem14.CompletePivotedPSD.RoundedErrorAnalysis.Bounds	source	NumStability.Algorithms.HighamChapter10	13	import NumStability.Analysis.MatrixSpectral	import NumStability.Analysis.MatrixSpectral	0	NumStability.Analysis.MatrixSpectral	preserved_direct	1
NumStability.Source.Higham.Chapter10.Theorem14.CompletePivotedPSD.RoundedErrorAnalysis.Bounds	source	NumStability.Algorithms.HighamChapter10	14	import NumStability.Source.Higham.Chapter09.Problems	import NumStability.Source.Higham.Chapter09.Problems	0	NumStability.Source.Higham.Chapter09.Problems	preserved_direct	1
NumStability.Source.Higham.Chapter10.Theorem14.CompletePivotedPSD.RoundedErrorAnalysis.Bounds	source	NumStability.Algorithms.HighamChapter10	15	import NumStability.Source.Higham.Chapter09.Section01	import NumStability.Source.Higham.Chapter09.Section01	0	NumStability.Source.Higham.Chapter09.Section01	preserved_direct	1
NumStability.Source.Higham.Chapter10.Theorem14.CompletePivotedPSD.RoundedErrorAnalysis.Bounds	source	NumStability.Algorithms.HighamChapter10	16	import NumStability.Source.Higham.Chapter09.Section02	import NumStability.Source.Higham.Chapter09.Section02	0	NumStability.Source.Higham.Chapter09.Section02	preserved_direct	1
NumStability.Source.Higham.Chapter10.Theorem14.CompletePivotedPSD.RoundedErrorAnalysis.Bounds	source	NumStability.Algorithms.HighamChapter10	17	import NumStability.Source.Higham.Chapter09.Section03	import NumStability.Source.Higham.Chapter09.Section03	0	NumStability.Source.Higham.Chapter09.Section03	preserved_direct	1
NumStability.Source.Higham.Chapter10.Theorem14.CompletePivotedPSD.RoundedErrorAnalysis.Bounds	source	NumStability.Algorithms.HighamChapter10	18	import NumStability.Source.Higham.Chapter09.Section04	import NumStability.Source.Higham.Chapter09.Section04	0	NumStability.Source.Higham.Chapter09.Section04	preserved_direct	1
NumStability.Source.Higham.Chapter10.Theorem14.CompletePivotedPSD.RoundedErrorAnalysis.Bounds	source	NumStability.Algorithms.HighamChapter10	19	import NumStability.Source.Higham.Chapter09.Section05	import NumStability.Source.Higham.Chapter09.Section05	0	NumStability.Source.Higham.Chapter09.Section05	preserved_direct	1
NumStability.Source.Higham.Chapter10.Theorem14.CompletePivotedPSD.RoundedErrorAnalysis.Bounds	source	NumStability.Algorithms.HighamChapter10	20	import NumStability.Source.Higham.Chapter09.Section06	import NumStability.Source.Higham.Chapter09.Section06	0	NumStability.Source.Higham.Chapter09.Section06	preserved_direct	1
NumStability.Source.Higham.Chapter10.Theorem14.CompletePivotedPSD.RoundedErrorAnalysis.Bounds	source	NumStability.Algorithms.HighamChapter10	21	import NumStability.Source.Higham.Chapter09.Section08	import NumStability.Source.Higham.Chapter09.Section08	0	NumStability.Source.Higham.Chapter09.Section08	preserved_direct	1
NumStability.Source.Higham.Chapter10.Theorem14.CompletePivotedPSD.RoundedErrorAnalysis.Bounds	source	NumStability.Algorithms.HighamChapter10	22	import NumStability.Source.Higham.Chapter09.Section10	import NumStability.Source.Higham.Chapter09.Section10	0	NumStability.Source.Higham.Chapter09.Section10	preserved_direct	1
NumStability.Source.Higham.Chapter10.Theorem14.CompletePivotedPSD.RoundedErrorAnalysis.Bounds	source	NumStability.Algorithms.HighamChapter10	23	import NumStability.Source.Higham.Chapter09.Section11	import NumStability.Source.Higham.Chapter09.Section11	0	NumStability.Source.Higham.Chapter09.Section11	preserved_direct	1
NumStability.Source.Higham.Chapter10.Theorem14.CompletePivotedPSD.RoundedErrorAnalysis.Bounds	source	NumStability.Algorithms.HighamChapter10	24	import NumStability.Source.Higham.Chapter10.Equation07.AbsoluteFactorNorm.Endpoints	import NumStability.Source.Higham.Chapter10.Equation07.AbsoluteFactorNorm.Endpoints	0	NumStability.Source.Higham.Chapter10.Equation07.AbsoluteFactorNorm.Endpoints	preserved_direct	1
NumStability.Source.Higham.Chapter10.Theorem14.CompletePivotedPSD.RoundedErrorAnalysis.Bounds	source	NumStability.Algorithms.HighamChapter10	25	import NumStability.Source.Higham.Chapter10.Equation29.Mathias.Endpoints	import NumStability.Source.Higham.Chapter10.Equation29.Mathias.Endpoints	0	NumStability.Source.Higham.Chapter10.Equation29.Mathias.Endpoints	preserved_direct	1
NumStability.Source.Higham.Chapter10.Theorem14.CompletePivotedPSD.RoundedErrorAnalysis.Bounds	source	NumStability.Algorithms.HighamChapter10	26	import NumStability.Source.Higham.Chapter10.Equation30.ComplexPositiveDefinite.Endpoints	import NumStability.Source.Higham.Chapter10.Equation30.ComplexPositiveDefinite.Endpoints	0	NumStability.Source.Higham.Chapter10.Equation30.ComplexPositiveDefinite.Endpoints	preserved_direct	1
NumStability.Source.Higham.Chapter10.Theorem14.CompletePivotedPSD.RoundedErrorAnalysis.Bounds	source	NumStability.Algorithms.HighamChapter10	27	import NumStability.Source.Higham.Chapter10.Lemma11.PivotSequenceStability.Endpoints	import NumStability.Source.Higham.Chapter10.Lemma11.PivotSequenceStability.Endpoints	0	NumStability.Source.Higham.Chapter10.Lemma11.PivotSequenceStability.Endpoints	preserved_direct	1
NumStability.Source.Higham.Chapter10.Theorem14.CompletePivotedPSD.RoundedErrorAnalysis.Bounds	source	NumStability.Algorithms.HighamChapter10	28	import NumStability.Source.Higham.Chapter10.Lemma13.KahanSharpness.Endpoints	import NumStability.Source.Higham.Chapter10.Lemma13.KahanSharpness.Endpoints	0	NumStability.Source.Higham.Chapter10.Lemma13.KahanSharpness.Endpoints	preserved_direct	1
NumStability.Source.Higham.Chapter10.Theorem14.CompletePivotedPSD.RoundedErrorAnalysis.Bounds	source	NumStability.Algorithms.HighamChapter10	29	import NumStability.Source.Higham.Chapter10.Problem01.PositiveSemidefiniteEntries.Basic	import NumStability.Source.Higham.Chapter10.Problem01.PositiveSemidefiniteEntries.Basic	0	NumStability.Source.Higham.Chapter10.Problem01.PositiveSemidefiniteEntries.Basic	preserved_direct	1
NumStability.Source.Higham.Chapter10.Theorem14.CompletePivotedPSD.RoundedErrorAnalysis.Bounds	source	NumStability.Algorithms.HighamChapter10	30	import NumStability.Source.Higham.Chapter10.Problem04.UnpivotedGrowth.Basic	import NumStability.Source.Higham.Chapter10.Problem04.UnpivotedGrowth.Basic	0	NumStability.Source.Higham.Chapter10.Problem04.UnpivotedGrowth.Basic	preserved_direct	1
NumStability.Source.Higham.Chapter10.Theorem14.CompletePivotedPSD.RoundedErrorAnalysis.Bounds	source	NumStability.Algorithms.HighamChapter10	31	import NumStability.Source.Higham.Chapter10.Problem08.LeadingMinorsCounterexample.Basic	import NumStability.Source.Higham.Chapter10.Problem08.LeadingMinorsCounterexample.Basic	0	NumStability.Source.Higham.Chapter10.Problem08.LeadingMinorsCounterexample.Basic	preserved_direct	1
NumStability.Source.Higham.Chapter10.Theorem14.CompletePivotedPSD.RoundedErrorAnalysis.Bounds	source	NumStability.Algorithms.HighamChapter10	32	import NumStability.Source.Higham.Chapter10.Section01.Factorization.Basic	import NumStability.Source.Higham.Chapter10.Section01.Factorization.Basic	0	NumStability.Source.Higham.Chapter10.Section01.Factorization.Basic	preserved_direct	1
NumStability.Source.Higham.Chapter10.Theorem14.CompletePivotedPSD.RoundedErrorAnalysis.Bounds	source	NumStability.Algorithms.HighamChapter10	33	import NumStability.Source.Higham.Chapter10.Section02.ErrorAnalysis.Basic	import NumStability.Source.Higham.Chapter10.Section02.ErrorAnalysis.Basic	0	NumStability.Source.Higham.Chapter10.Section02.ErrorAnalysis.Basic	preserved_direct	1
NumStability.Source.Higham.Chapter10.Theorem14.CompletePivotedPSD.RoundedErrorAnalysis.Bounds	source	NumStability.Algorithms.HighamChapter10	34	import NumStability.Source.Higham.Chapter10.Section03.PositiveSemidefinite.Endpoints	import NumStability.Source.Higham.Chapter10.Section03.PositiveSemidefinite.Endpoints	0	NumStability.Source.Higham.Chapter10.Section03.PositiveSemidefinite.Endpoints	preserved_direct	1
NumStability.Source.Higham.Chapter10.Theorem14.CompletePivotedPSD.RoundedErrorAnalysis.Bounds	source	NumStability.Algorithms.HighamChapter10	35	import NumStability.Source.Higham.Chapter10.Section04.PositiveDefiniteSymmetricPart.Endpoints	import NumStability.Source.Higham.Chapter10.Section04.PositiveDefiniteSymmetricPart.Endpoints	0	NumStability.Source.Higham.Chapter10.Section04.PositiveDefiniteSymmetricPart.Endpoints	preserved_direct	1
NumStability.Source.Higham.Chapter10.Theorem14.CompletePivotedPSD.RoundedErrorAnalysis.Bounds	source	NumStability.Algorithms.HighamChapter10	36	import NumStability.Source.Higham.Chapter10.Theorem06.RoundedCholesky.Endpoints	import NumStability.Source.Higham.Chapter10.Theorem06.RoundedCholesky.Endpoints	0	NumStability.Source.Higham.Chapter10.Theorem06.RoundedCholesky.Endpoints	preserved_direct	1
NumStability.Source.Higham.Chapter10.Theorem14.CompletePivotedPSD.RoundedErrorAnalysis.Bounds	source	NumStability.Algorithms.HighamChapter10	37	import NumStability.Source.Higham.Chapter10.Theorem07.FailureVacuity.Endpoints	import NumStability.Source.Higham.Chapter10.Theorem07.FailureVacuity.Endpoints	0	NumStability.Source.Higham.Chapter10.Theorem07.FailureVacuity.Endpoints	preserved_direct	1
NumStability.Source.Higham.Chapter10.Theorem14.CompletePivotedPSD.RoundedErrorAnalysis.Bounds	source	NumStability.Algorithms.HighamChapter10	38	import NumStability.Source.Higham.Chapter10.Theorem08.ComponentwisePerturbation.Endpoints	import NumStability.Source.Higham.Chapter10.Theorem08.ComponentwisePerturbation.Endpoints	0	NumStability.Source.Higham.Chapter10.Theorem08.ComponentwisePerturbation.Endpoints	preserved_direct	1
NumStability.Source.Higham.Chapter10.Theorem14.CompletePivotedPSD.RoundedErrorAnalysis.Bounds	source	NumStability.Algorithms.HighamChapter10	39	import NumStability.Source.Higham.Chapter10.Theorem08.NormwiseDiscrepancy.Endpoints	import NumStability.Source.Higham.Chapter10.Theorem08.NormwiseDiscrepancy.Endpoints	0	NumStability.Source.Higham.Chapter10.Theorem08.NormwiseDiscrepancy.Endpoints	preserved_direct	1
NumStability.Source.Higham.Chapter10.Theorem14.CompletePivotedPSD.RoundedErrorAnalysis.Bounds	source	NumStability.Algorithms.HighamChapter10	40	import NumStability.Source.Higham.Chapter10.Theorem14.CompletePivotedPSD.Endpoints	import NumStability.Source.Higham.Chapter10.Theorem14.CompletePivotedPSD.Endpoints	0	NumStability.Source.Higham.Chapter10.Theorem14.CompletePivotedPSD.Endpoints	preserved_direct	1
NumStability.Source.Higham.Chapter10.Theorem14.CompletePivotedPSD.SchurPerturbation.Family	source	NumStability.Algorithms.Cholesky.Higham1014Equation1022	1	import NumStability.Algorithms.Cholesky.Higham1014SourceError	import Mathlib.Algebra.BigOperators.Field	4	NumStability.Algorithms.Cholesky.Higham1014SourceError -> NumStability.Source.Higham.Chapter10.Theorem07 -> NumStability.Algorithms.HighamChapter10 -> NumStability.Algorithms.Cholesky.CholeskyPSD -> Mathlib.Algebra.BigOperators.Field	preserved_recursive	1
NumStability.Source.Higham.Chapter10.Theorem14.CompletePivotedPSD.SchurPerturbation.Family	source	NumStability.Algorithms.Cholesky.Higham1014Equation1022	1	import NumStability.Algorithms.Cholesky.Higham1014SourceError	import Mathlib.Algebra.BigOperators.Group.Finset.Basic	4	NumStability.Algorithms.Cholesky.Higham1014SourceError -> NumStability.Source.Higham.Chapter10.Theorem07 -> NumStability.Algorithms.HighamChapter10 -> NumStability.Algorithms.Cholesky.CholeskyPSD -> Mathlib.Algebra.BigOperators.Group.Finset.Basic	preserved_recursive	1
NumStability.Source.Higham.Chapter10.Theorem14.CompletePivotedPSD.SchurPerturbation.Family	source	NumStability.Algorithms.Cholesky.Higham1014Equation1022	1	import NumStability.Algorithms.Cholesky.Higham1014SourceError	import Mathlib.Algebra.Order.BigOperators.Group.Finset	4	NumStability.Algorithms.Cholesky.Higham1014SourceError -> NumStability.Source.Higham.Chapter10.Theorem07 -> NumStability.Algorithms.HighamChapter10 -> NumStability.Algorithms.Cholesky.CholeskyPSD -> Mathlib.Algebra.Order.BigOperators.Group.Finset	preserved_recursive	1
NumStability.Source.Higham.Chapter10.Theorem14.CompletePivotedPSD.SchurPerturbation.Family	source	NumStability.Algorithms.Cholesky.Higham1014Equation1022	1	import NumStability.Algorithms.Cholesky.Higham1014SourceError	import Mathlib.Data.Complex.Basic	3	NumStability.Algorithms.Cholesky.Higham1014SourceError -> NumStability.Source.Higham.Chapter10.Theorem07 -> NumStability.Algorithms.HighamChapter10 -> Mathlib.Data.Complex.Basic	preserved_recursive	1
NumStability.Source.Higham.Chapter10.Theorem14.CompletePivotedPSD.SchurPerturbation.Family	source	NumStability.Algorithms.Cholesky.Higham1014Equation1022	1	import NumStability.Algorithms.Cholesky.Higham1014SourceError	import Mathlib.Data.Real.Basic	4	NumStability.Algorithms.Cholesky.Higham1014SourceError -> NumStability.Source.Higham.Chapter10.Theorem07 -> NumStability.Algorithms.HighamChapter10 -> NumStability.Algorithms.Cholesky.CholeskyPSD -> Mathlib.Data.Real.Basic	preserved_recursive	1
NumStability.Source.Higham.Chapter10.Theorem14.CompletePivotedPSD.SchurPerturbation.Family	source	NumStability.Algorithms.Cholesky.Higham1014Equation1022	1	import NumStability.Algorithms.Cholesky.Higham1014SourceError	import Mathlib.Data.Real.Sqrt	4	NumStability.Algorithms.Cholesky.Higham1014SourceError -> NumStability.Source.Higham.Chapter10.Theorem07 -> NumStability.Algorithms.HighamChapter10 -> NumStability.Algorithms.Cholesky.CholeskyPSD -> Mathlib.Data.Real.Sqrt	preserved_recursive	1
NumStability.Source.Higham.Chapter10.Theorem14.CompletePivotedPSD.SchurPerturbation.Family	source	NumStability.Algorithms.Cholesky.Higham1014Equation1022	1	import NumStability.Algorithms.Cholesky.Higham1014SourceError	import Mathlib.LinearAlgebra.Matrix.Block	4	NumStability.Algorithms.Cholesky.Higham1014SourceError -> NumStability.Source.Higham.Chapter10.Theorem07 -> NumStability.Algorithms.HighamChapter10 -> NumStability.Algorithms.Cholesky.CholeskyPSD -> Mathlib.LinearAlgebra.Matrix.Block	preserved_recursive	1
NumStability.Source.Higham.Chapter10.Theorem14.CompletePivotedPSD.SchurPerturbation.Family	source	NumStability.Algorithms.Cholesky.Higham1014Equation1022	1	import NumStability.Algorithms.Cholesky.Higham1014SourceError	import Mathlib.LinearAlgebra.Matrix.NonsingularInverse	4	NumStability.Algorithms.Cholesky.Higham1014SourceError -> NumStability.Source.Higham.Chapter10.Theorem07 -> NumStability.Algorithms.HighamChapter10 -> NumStability.Algorithms.Cholesky.CholeskyPSD -> Mathlib.LinearAlgebra.Matrix.NonsingularInverse	preserved_recursive	1
NumStability.Source.Higham.Chapter10.Theorem14.CompletePivotedPSD.SchurPerturbation.Family	source	NumStability.Algorithms.Cholesky.Higham1014Equation1022	1	import NumStability.Algorithms.Cholesky.Higham1014SourceError	import Mathlib.LinearAlgebra.Matrix.Rank	4	NumStability.Algorithms.Cholesky.Higham1014SourceError -> NumStability.Source.Higham.Chapter10.Theorem07 -> NumStability.Algorithms.HighamChapter10 -> NumStability.Algorithms.Cholesky.CholeskyPSD -> Mathlib.LinearAlgebra.Matrix.Rank	preserved_recursive	1
NumStability.Source.Higham.Chapter10.Theorem14.CompletePivotedPSD.SchurPerturbation.Family	source	NumStability.Algorithms.Cholesky.Higham1014Equation1022	1	import NumStability.Algorithms.Cholesky.Higham1014SourceError	import Mathlib.Tactic.FieldSimp	4	NumStability.Algorithms.Cholesky.Higham1014SourceError -> NumStability.Source.Higham.Chapter10.Theorem07 -> NumStability.Algorithms.HighamChapter10 -> NumStability.Algorithms.Cholesky.CholeskyPSD -> Mathlib.Tactic.FieldSimp	preserved_recursive	1
NumStability.Source.Higham.Chapter10.Theorem14.CompletePivotedPSD.SchurPerturbation.Family	source	NumStability.Algorithms.Cholesky.Higham1014Equation1022	1	import NumStability.Algorithms.Cholesky.Higham1014SourceError	import Mathlib.Tactic.Linarith	4	NumStability.Algorithms.Cholesky.Higham1014SourceError -> NumStability.Source.Higham.Chapter10.Theorem07 -> NumStability.Algorithms.HighamChapter10 -> NumStability.Algorithms.Cholesky.CholeskyPSD -> Mathlib.Tactic.Linarith	preserved_recursive	1
NumStability.Source.Higham.Chapter10.Theorem14.CompletePivotedPSD.SchurPerturbation.Family	source	NumStability.Algorithms.Cholesky.Higham1014Equation1022	1	import NumStability.Algorithms.Cholesky.Higham1014SourceError	import Mathlib.Tactic.Ring	4	NumStability.Algorithms.Cholesky.Higham1014SourceError -> NumStability.Source.Higham.Chapter10.Theorem07 -> NumStability.Algorithms.HighamChapter10 -> NumStability.Algorithms.Cholesky.CholeskyPSD -> Mathlib.Tactic.Ring	preserved_recursive	1
NumStability.Source.Higham.Chapter10.Theorem14.CompletePivotedPSD.SchurPerturbation.Family	source	NumStability.Algorithms.Cholesky.Higham1014Equation1022	1	import NumStability.Algorithms.Cholesky.Higham1014SourceError	import NumStability.Algorithms.Cholesky.CholeskyDemmel	3	NumStability.Algorithms.Cholesky.Higham1014SourceError -> NumStability.Source.Higham.Chapter10.Theorem07 -> NumStability.Algorithms.HighamChapter10 -> NumStability.Algorithms.Cholesky.CholeskyDemmel	preserved_recursive	1
NumStability.Source.Higham.Chapter10.Theorem14.CompletePivotedPSD.SchurPerturbation.Family	source	NumStability.Algorithms.Cholesky.Higham1014Equation1022	1	import NumStability.Algorithms.Cholesky.Higham1014SourceError	import NumStability.Algorithms.Cholesky.CholeskyFl	2	NumStability.Algorithms.Cholesky.Higham1014SourceError -> NumStability.Source.Higham.Chapter10.Theorem07 -> NumStability.Algorithms.Cholesky.CholeskyFl	preserved_recursive	1
NumStability.Source.Higham.Chapter10.Theorem14.CompletePivotedPSD.SchurPerturbation.Family	source	NumStability.Algorithms.Cholesky.Higham1014Equation1022	1	import NumStability.Algorithms.Cholesky.Higham1014SourceError	import NumStability.Algorithms.Cholesky.CholeskyFl	3	NumStability.Algorithms.Cholesky.Higham1014SourceError -> NumStability.Source.Higham.Chapter10.Theorem07 -> NumStability.Algorithms.HighamChapter10 -> NumStability.Algorithms.Cholesky.CholeskyFl	preserved_recursive	1
NumStability.Source.Higham.Chapter10.Theorem14.CompletePivotedPSD.SchurPerturbation.Family	source	NumStability.Algorithms.Cholesky.Higham1014Equation1022	1	import NumStability.Algorithms.Cholesky.Higham1014SourceError	import NumStability.Algorithms.Cholesky.CholeskyNonsym	3	NumStability.Algorithms.Cholesky.Higham1014SourceError -> NumStability.Source.Higham.Chapter10.Theorem07 -> NumStability.Algorithms.HighamChapter10 -> NumStability.Algorithms.Cholesky.CholeskyNonsym	preserved_recursive	1
NumStability.Source.Higham.Chapter10.Theorem14.CompletePivotedPSD.SchurPerturbation.Family	source	NumStability.Algorithms.Cholesky.Higham1014Equation1022	1	import NumStability.Algorithms.Cholesky.Higham1014SourceError	import NumStability.Algorithms.Cholesky.CholeskySpec	4	NumStability.Algorithms.Cholesky.Higham1014SourceError -> NumStability.Source.Higham.Chapter10.Theorem07 -> NumStability.Algorithms.HighamChapter10 -> NumStability.Algorithms.Cholesky.CholeskyPSD -> NumStability.Algorithms.Cholesky.CholeskySpec	preserved_recursive	1
NumStability.Source.Higham.Chapter10.Theorem14.CompletePivotedPSD.SchurPerturbation.Family	source	NumStability.Algorithms.Cholesky.Higham1014Equation1022	1	import NumStability.Algorithms.Cholesky.Higham1014SourceError	import NumStability.Algorithms.Cholesky.CholeskySpec	3	NumStability.Algorithms.Cholesky.Higham1014SourceError -> NumStability.Source.Higham.Chapter10.Theorem07 -> NumStability.Algorithms.HighamChapter10 -> NumStability.Algorithms.Cholesky.CholeskySpec	preserved_recursive	1
NumStability.Source.Higham.Chapter10.Theorem14.CompletePivotedPSD.SchurPerturbation.Family	source	NumStability.Algorithms.Cholesky.Higham1014Equation1022	1	import NumStability.Algorithms.Cholesky.Higham1014SourceError	import NumStability.Algorithms.LU.GaussianElimination	4	NumStability.Algorithms.Cholesky.Higham1014SourceError -> NumStability.Source.Higham.Chapter10.Theorem07 -> NumStability.Algorithms.HighamChapter10 -> NumStability.Algorithms.Cholesky.CholeskyPSD -> NumStability.Algorithms.LU.GaussianElimination	preserved_recursive	1
NumStability.Source.Higham.Chapter10.Theorem14.CompletePivotedPSD.SchurPerturbation.Family	source	NumStability.Algorithms.Cholesky.Higham1014Equation1022	1	import NumStability.Algorithms.Cholesky.Higham1014SourceError	import NumStability.Algorithms.LinearSystems.Cholesky.ErrorAnalysis.Certificates	3	NumStability.Algorithms.Cholesky.Higham1014SourceError -> NumStability.Source.Higham.Chapter10.Theorem07 -> NumStability.Algorithms.HighamChapter10 -> NumStability.Algorithms.LinearSystems.Cholesky.ErrorAnalysis.Certificates	preserved_recursive	1
NumStability.Source.Higham.Chapter10.Theorem14.CompletePivotedPSD.SchurPerturbation.Family	source	NumStability.Algorithms.Cholesky.Higham1014Equation1022	1	import NumStability.Algorithms.Cholesky.Higham1014SourceError	import NumStability.Algorithms.LinearSystems.Cholesky.ErrorAnalysis.Certificates	2	NumStability.Algorithms.Cholesky.Higham1014SourceError -> NumStability.Source.Higham.Chapter10.Theorem07 -> NumStability.Algorithms.LinearSystems.Cholesky.ErrorAnalysis.Certificates	preserved_recursive	1
NumStability.Source.Higham.Chapter10.Theorem14.CompletePivotedPSD.SchurPerturbation.Family	source	NumStability.Algorithms.Cholesky.Higham1014Equation1022	1	import NumStability.Algorithms.Cholesky.Higham1014SourceError	import NumStability.Algorithms.LinearSystems.Cholesky.Factorization.Spec	2	NumStability.Algorithms.Cholesky.Higham1014SourceError -> NumStability.Source.Higham.Chapter10.Theorem07 -> NumStability.Algorithms.LinearSystems.Cholesky.Factorization.Spec	preserved_recursive	1
NumStability.Source.Higham.Chapter10.Theorem14.CompletePivotedPSD.SchurPerturbation.Family	source	NumStability.Algorithms.Cholesky.Higham1014Equation1022	1	import NumStability.Algorithms.Cholesky.Higham1014SourceError	import NumStability.Algorithms.LinearSystems.Cholesky.Perturbation.Basic	3	NumStability.Algorithms.Cholesky.Higham1014SourceError -> NumStability.Source.Higham.Chapter10.Theorem07 -> NumStability.Algorithms.HighamChapter10 -> NumStability.Algorithms.LinearSystems.Cholesky.Perturbation.Basic	preserved_recursive	1
NumStability.Source.Higham.Chapter10.Theorem14.CompletePivotedPSD.SchurPerturbation.Family	source	NumStability.Algorithms.Cholesky.Higham1014Equation1022	1	import NumStability.Algorithms.Cholesky.Higham1014SourceError	import NumStability.Algorithms.LinearSystems.Cholesky.PositiveSemidefinite.Basic	4	NumStability.Algorithms.Cholesky.Higham1014SourceError -> NumStability.Source.Higham.Chapter10.Theorem07 -> NumStability.Algorithms.HighamChapter10 -> NumStability.Algorithms.Cholesky.CholeskyPSD -> NumStability.Algorithms.LinearSystems.Cholesky.PositiveSemidefinite.Basic	preserved_recursive	1
NumStability.Source.Higham.Chapter10.Theorem14.CompletePivotedPSD.SchurPerturbation.Family	source	NumStability.Algorithms.Cholesky.Higham1014Equation1022	1	import NumStability.Algorithms.Cholesky.Higham1014SourceError	import NumStability.Algorithms.LinearSystems.Cholesky.PositiveSemidefinite.KahanMatrix	3	NumStability.Algorithms.Cholesky.Higham1014SourceError -> NumStability.Source.Higham.Chapter10.Theorem07 -> NumStability.Algorithms.HighamChapter10 -> NumStability.Algorithms.LinearSystems.Cholesky.PositiveSemidefinite.KahanMatrix	preserved_recursive	1
NumStability.Source.Higham.Chapter10.Theorem14.CompletePivotedPSD.SchurPerturbation.Family	source	NumStability.Algorithms.Cholesky.Higham1014Equation1022	1	import NumStability.Algorithms.Cholesky.Higham1014SourceError	import NumStability.Algorithms.LinearSystems.Cholesky.PositiveSemidefinite.ScaledStage	3	NumStability.Algorithms.Cholesky.Higham1014SourceError -> NumStability.Source.Higham.Chapter10.Theorem07 -> NumStability.Algorithms.HighamChapter10 -> NumStability.Algorithms.LinearSystems.Cholesky.PositiveSemidefinite.ScaledStage	preserved_recursive	1
NumStability.Source.Higham.Chapter10.Theorem14.CompletePivotedPSD.SchurPerturbation.Family	source	NumStability.Algorithms.Cholesky.Higham1014Equation1022	1	import NumStability.Algorithms.Cholesky.Higham1014SourceError	import NumStability.Algorithms.LinearSystems.Cholesky.PositiveSemidefinite.ScaledStage	2	NumStability.Algorithms.Cholesky.Higham1014SourceError -> NumStability.Source.Higham.Chapter10.Theorem07 -> NumStability.Algorithms.LinearSystems.Cholesky.PositiveSemidefinite.ScaledStage	preserved_recursive	1
NumStability.Source.Higham.Chapter10.Theorem14.CompletePivotedPSD.SchurPerturbation.Family	source	NumStability.Algorithms.Cholesky.Higham1014Equation1022	1	import NumStability.Algorithms.Cholesky.Higham1014SourceError	import NumStability.Algorithms.LinearSystems.Cholesky.RoundedFactorization.Basic	2	NumStability.Algorithms.Cholesky.Higham1014SourceError -> NumStability.Source.Higham.Chapter10.Theorem07 -> NumStability.Algorithms.LinearSystems.Cholesky.RoundedFactorization.Basic	preserved_recursive	1
NumStability.Source.Higham.Chapter10.Theorem14.CompletePivotedPSD.SchurPerturbation.Family	source	NumStability.Algorithms.Cholesky.Higham1014Equation1022	1	import NumStability.Algorithms.Cholesky.Higham1014SourceError	import NumStability.Analysis.MatrixNorms.EntrywiseAbsolute.Basic	3	NumStability.Algorithms.Cholesky.Higham1014SourceError -> NumStability.Source.Higham.Chapter10.Theorem07 -> NumStability.Algorithms.HighamChapter10 -> NumStability.Analysis.MatrixNorms.EntrywiseAbsolute.Basic	preserved_recursive	1
NumStability.Source.Higham.Chapter10.Theorem14.CompletePivotedPSD.SchurPerturbation.Family	source	NumStability.Algorithms.Cholesky.Higham1014Equation1022	1	import NumStability.Algorithms.Cholesky.Higham1014SourceError	import NumStability.Analysis.MatrixNorms.EntrywiseAbsolute.Basic	2	NumStability.Algorithms.Cholesky.Higham1014SourceError -> NumStability.Source.Higham.Chapter10.Theorem07 -> NumStability.Analysis.MatrixNorms.EntrywiseAbsolute.Basic	preserved_recursive	1
NumStability.Source.Higham.Chapter10.Theorem14.CompletePivotedPSD.SchurPerturbation.Family	source	NumStability.Algorithms.Cholesky.Higham1014Equation1022	1	import NumStability.Algorithms.Cholesky.Higham1014SourceError	import NumStability.Analysis.MatrixNorms.SpectralExtrema.Basic	3	NumStability.Algorithms.Cholesky.Higham1014SourceError -> NumStability.Source.Higham.Chapter10.Theorem07 -> NumStability.Algorithms.HighamChapter10 -> NumStability.Analysis.MatrixNorms.SpectralExtrema.Basic	preserved_recursive	1
NumStability.Source.Higham.Chapter10.Theorem14.CompletePivotedPSD.SchurPerturbation.Family	source	NumStability.Algorithms.Cholesky.Higham1014Equation1022	1	import NumStability.Algorithms.Cholesky.Higham1014SourceError	import NumStability.Analysis.MatrixNorms.SpectralExtrema.Basic	2	NumStability.Algorithms.Cholesky.Higham1014SourceError -> NumStability.Source.Higham.Chapter10.Theorem07 -> NumStability.Analysis.MatrixNorms.SpectralExtrema.Basic	preserved_recursive	1
NumStability.Source.Higham.Chapter10.Theorem14.CompletePivotedPSD.SchurPerturbation.Family	source	NumStability.Algorithms.Cholesky.Higham1014Equation1022	1	import NumStability.Algorithms.Cholesky.Higham1014SourceError	import NumStability.Analysis.MatrixSpectral	3	NumStability.Algorithms.Cholesky.Higham1014SourceError -> NumStability.Source.Higham.Chapter10.Theorem07 -> NumStability.Algorithms.HighamChapter10 -> NumStability.Analysis.MatrixSpectral	preserved_recursive	1
NumStability.Source.Higham.Chapter10.Theorem14.CompletePivotedPSD.SchurPerturbation.Family	source	NumStability.Algorithms.Cholesky.Higham1014Equation1022	1	import NumStability.Algorithms.Cholesky.Higham1014SourceError	import NumStability.Analysis.Rounding	4	NumStability.Algorithms.Cholesky.Higham1014SourceError -> NumStability.Source.Higham.Chapter10.Theorem07 -> NumStability.Algorithms.HighamChapter10 -> NumStability.Algorithms.Cholesky.CholeskyPSD -> NumStability.Analysis.Rounding	preserved_recursive	1
NumStability.Source.Higham.Chapter10.Theorem14.CompletePivotedPSD.SchurPerturbation.Family	source	NumStability.Algorithms.Cholesky.Higham1014Equation1022	1	import NumStability.Algorithms.Cholesky.Higham1014SourceError	import NumStability.FloatingPoint.Model	4	NumStability.Algorithms.Cholesky.Higham1014SourceError -> NumStability.Source.Higham.Chapter10.Theorem07 -> NumStability.Algorithms.HighamChapter10 -> NumStability.Algorithms.Cholesky.CholeskyPSD -> NumStability.FloatingPoint.Model	preserved_recursive	1
NumStability.Source.Higham.Chapter10.Theorem14.CompletePivotedPSD.SchurPerturbation.Family	source	NumStability.Algorithms.Cholesky.Higham1014Equation1022	1	import NumStability.Algorithms.Cholesky.Higham1014SourceError	import NumStability.Source.Higham.Chapter09.DoolittleClosure	1	NumStability.Algorithms.Cholesky.Higham1014SourceError -> NumStability.Source.Higham.Chapter09.DoolittleClosure	preserved_recursive	1
NumStability.Source.Higham.Chapter10.Theorem14.CompletePivotedPSD.SchurPerturbation.Family	source	NumStability.Algorithms.Cholesky.Higham1014Equation1022	1	import NumStability.Algorithms.Cholesky.Higham1014SourceError	import NumStability.Source.Higham.Chapter09.Problems	3	NumStability.Algorithms.Cholesky.Higham1014SourceError -> NumStability.Source.Higham.Chapter10.Theorem07 -> NumStability.Algorithms.HighamChapter10 -> NumStability.Source.Higham.Chapter09.Problems	preserved_recursive	1
NumStability.Source.Higham.Chapter10.Theorem14.CompletePivotedPSD.SchurPerturbation.Family	source	NumStability.Algorithms.Cholesky.Higham1014Equation1022	1	import NumStability.Algorithms.Cholesky.Higham1014SourceError	import NumStability.Source.Higham.Chapter09.Section01	3	NumStability.Algorithms.Cholesky.Higham1014SourceError -> NumStability.Source.Higham.Chapter10.Theorem07 -> NumStability.Algorithms.HighamChapter10 -> NumStability.Source.Higham.Chapter09.Section01	preserved_recursive	1
NumStability.Source.Higham.Chapter10.Theorem14.CompletePivotedPSD.SchurPerturbation.Family	source	NumStability.Algorithms.Cholesky.Higham1014Equation1022	1	import NumStability.Algorithms.Cholesky.Higham1014SourceError	import NumStability.Source.Higham.Chapter09.Section02	3	NumStability.Algorithms.Cholesky.Higham1014SourceError -> NumStability.Source.Higham.Chapter10.Theorem07 -> NumStability.Algorithms.HighamChapter10 -> NumStability.Source.Higham.Chapter09.Section02	preserved_recursive	1
NumStability.Source.Higham.Chapter10.Theorem14.CompletePivotedPSD.SchurPerturbation.Family	source	NumStability.Algorithms.Cholesky.Higham1014Equation1022	1	import NumStability.Algorithms.Cholesky.Higham1014SourceError	import NumStability.Source.Higham.Chapter09.Section03	3	NumStability.Algorithms.Cholesky.Higham1014SourceError -> NumStability.Source.Higham.Chapter10.Theorem07 -> NumStability.Algorithms.HighamChapter10 -> NumStability.Source.Higham.Chapter09.Section03	preserved_recursive	1
NumStability.Source.Higham.Chapter10.Theorem14.CompletePivotedPSD.SchurPerturbation.Family	source	NumStability.Algorithms.Cholesky.Higham1014Equation1022	1	import NumStability.Algorithms.Cholesky.Higham1014SourceError	import NumStability.Source.Higham.Chapter09.Section04	3	NumStability.Algorithms.Cholesky.Higham1014SourceError -> NumStability.Source.Higham.Chapter10.Theorem07 -> NumStability.Algorithms.HighamChapter10 -> NumStability.Source.Higham.Chapter09.Section04	preserved_recursive	1
NumStability.Source.Higham.Chapter10.Theorem14.CompletePivotedPSD.SchurPerturbation.Family	source	NumStability.Algorithms.Cholesky.Higham1014Equation1022	1	import NumStability.Algorithms.Cholesky.Higham1014SourceError	import NumStability.Source.Higham.Chapter09.Section05	3	NumStability.Algorithms.Cholesky.Higham1014SourceError -> NumStability.Source.Higham.Chapter10.Theorem07 -> NumStability.Algorithms.HighamChapter10 -> NumStability.Source.Higham.Chapter09.Section05	preserved_recursive	1
NumStability.Source.Higham.Chapter10.Theorem14.CompletePivotedPSD.SchurPerturbation.Family	source	NumStability.Algorithms.Cholesky.Higham1014Equation1022	1	import NumStability.Algorithms.Cholesky.Higham1014SourceError	import NumStability.Source.Higham.Chapter09.Section06	3	NumStability.Algorithms.Cholesky.Higham1014SourceError -> NumStability.Source.Higham.Chapter10.Theorem07 -> NumStability.Algorithms.HighamChapter10 -> NumStability.Source.Higham.Chapter09.Section06	preserved_recursive	1
NumStability.Source.Higham.Chapter10.Theorem14.CompletePivotedPSD.SchurPerturbation.Family	source	NumStability.Algorithms.Cholesky.Higham1014Equation1022	1	import NumStability.Algorithms.Cholesky.Higham1014SourceError	import NumStability.Source.Higham.Chapter09.Section08	3	NumStability.Algorithms.Cholesky.Higham1014SourceError -> NumStability.Source.Higham.Chapter10.Theorem07 -> NumStability.Algorithms.HighamChapter10 -> NumStability.Source.Higham.Chapter09.Section08	preserved_recursive	1
NumStability.Source.Higham.Chapter10.Theorem14.CompletePivotedPSD.SchurPerturbation.Family	source	NumStability.Algorithms.Cholesky.Higham1014Equation1022	1	import NumStability.Algorithms.Cholesky.Higham1014SourceError	import NumStability.Source.Higham.Chapter09.Section10	3	NumStability.Algorithms.Cholesky.Higham1014SourceError -> NumStability.Source.Higham.Chapter10.Theorem07 -> NumStability.Algorithms.HighamChapter10 -> NumStability.Source.Higham.Chapter09.Section10	preserved_recursive	1
NumStability.Source.Higham.Chapter10.Theorem14.CompletePivotedPSD.SchurPerturbation.Family	source	NumStability.Algorithms.Cholesky.Higham1014Equation1022	1	import NumStability.Algorithms.Cholesky.Higham1014SourceError	import NumStability.Source.Higham.Chapter09.Section11	3	NumStability.Algorithms.Cholesky.Higham1014SourceError -> NumStability.Source.Higham.Chapter10.Theorem07 -> NumStability.Algorithms.HighamChapter10 -> NumStability.Source.Higham.Chapter09.Section11	preserved_recursive	1
NumStability.Source.Higham.Chapter10.Theorem14.CompletePivotedPSD.SchurPerturbation.Family	source	NumStability.Algorithms.Cholesky.Higham1014Equation1022	1	import NumStability.Algorithms.Cholesky.Higham1014SourceError	import NumStability.Source.Higham.Chapter10.Equation07.AbsoluteFactorNorm.Endpoints	3	NumStability.Algorithms.Cholesky.Higham1014SourceError -> NumStability.Source.Higham.Chapter10.Theorem07 -> NumStability.Algorithms.HighamChapter10 -> NumStability.Source.Higham.Chapter10.Equation07.AbsoluteFactorNorm.Endpoints	preserved_recursive	1
NumStability.Source.Higham.Chapter10.Theorem14.CompletePivotedPSD.SchurPerturbation.Family	source	NumStability.Algorithms.Cholesky.Higham1014Equation1022	1	import NumStability.Algorithms.Cholesky.Higham1014SourceError	import NumStability.Source.Higham.Chapter10.Equation29.Mathias.Endpoints	3	NumStability.Algorithms.Cholesky.Higham1014SourceError -> NumStability.Source.Higham.Chapter10.Theorem07 -> NumStability.Algorithms.HighamChapter10 -> NumStability.Source.Higham.Chapter10.Equation29.Mathias.Endpoints	preserved_recursive	1
NumStability.Source.Higham.Chapter10.Theorem14.CompletePivotedPSD.SchurPerturbation.Family	source	NumStability.Algorithms.Cholesky.Higham1014Equation1022	1	import NumStability.Algorithms.Cholesky.Higham1014SourceError	import NumStability.Source.Higham.Chapter10.Equation30.ComplexPositiveDefinite.Endpoints	3	NumStability.Algorithms.Cholesky.Higham1014SourceError -> NumStability.Source.Higham.Chapter10.Theorem07 -> NumStability.Algorithms.HighamChapter10 -> NumStability.Source.Higham.Chapter10.Equation30.ComplexPositiveDefinite.Endpoints	preserved_recursive	1
NumStability.Source.Higham.Chapter10.Theorem14.CompletePivotedPSD.SchurPerturbation.Family	source	NumStability.Algorithms.Cholesky.Higham1014Equation1022	1	import NumStability.Algorithms.Cholesky.Higham1014SourceError	import NumStability.Source.Higham.Chapter10.Lemma11.PivotSequenceStability.Endpoints	3	NumStability.Algorithms.Cholesky.Higham1014SourceError -> NumStability.Source.Higham.Chapter10.Theorem07 -> NumStability.Algorithms.HighamChapter10 -> NumStability.Source.Higham.Chapter10.Lemma11.PivotSequenceStability.Endpoints	preserved_recursive	1
NumStability.Source.Higham.Chapter10.Theorem14.CompletePivotedPSD.SchurPerturbation.Family	source	NumStability.Algorithms.Cholesky.Higham1014Equation1022	1	import NumStability.Algorithms.Cholesky.Higham1014SourceError	import NumStability.Source.Higham.Chapter10.Lemma13.KahanSharpness.CompletePivotingBound	4	NumStability.Algorithms.Cholesky.Higham1014SourceError -> NumStability.Source.Higham.Chapter10.Theorem07 -> NumStability.Algorithms.HighamChapter10 -> NumStability.Algorithms.Cholesky.CholeskyPSD -> NumStability.Source.Higham.Chapter10.Lemma13.KahanSharpness.CompletePivotingBound	preserved_recursive	1
NumStability.Source.Higham.Chapter10.Theorem14.CompletePivotedPSD.SchurPerturbation.Family	source	NumStability.Algorithms.Cholesky.Higham1014Equation1022	1	import NumStability.Algorithms.Cholesky.Higham1014SourceError	import NumStability.Source.Higham.Chapter10.Lemma13.KahanSharpness.Endpoints	3	NumStability.Algorithms.Cholesky.Higham1014SourceError -> NumStability.Source.Higham.Chapter10.Theorem07 -> NumStability.Algorithms.HighamChapter10 -> NumStability.Source.Higham.Chapter10.Lemma13.KahanSharpness.Endpoints	preserved_recursive	1
NumStability.Source.Higham.Chapter10.Theorem14.CompletePivotedPSD.SchurPerturbation.Family	source	NumStability.Algorithms.Cholesky.Higham1014Equation1022	1	import NumStability.Algorithms.Cholesky.Higham1014SourceError	import NumStability.Source.Higham.Chapter10.Problem01.PositiveSemidefiniteEntries.Basic	3	NumStability.Algorithms.Cholesky.Higham1014SourceError -> NumStability.Source.Higham.Chapter10.Theorem07 -> NumStability.Algorithms.HighamChapter10 -> NumStability.Source.Higham.Chapter10.Problem01.PositiveSemidefiniteEntries.Basic	preserved_recursive	1
NumStability.Source.Higham.Chapter10.Theorem14.CompletePivotedPSD.SchurPerturbation.Family	source	NumStability.Algorithms.Cholesky.Higham1014Equation1022	1	import NumStability.Algorithms.Cholesky.Higham1014SourceError	import NumStability.Source.Higham.Chapter10.Problem04.UnpivotedGrowth.Basic	3	NumStability.Algorithms.Cholesky.Higham1014SourceError -> NumStability.Source.Higham.Chapter10.Theorem07 -> NumStability.Algorithms.HighamChapter10 -> NumStability.Source.Higham.Chapter10.Problem04.UnpivotedGrowth.Basic	preserved_recursive	1
NumStability.Source.Higham.Chapter10.Theorem14.CompletePivotedPSD.SchurPerturbation.Family	source	NumStability.Algorithms.Cholesky.Higham1014Equation1022	1	import NumStability.Algorithms.Cholesky.Higham1014SourceError	import NumStability.Source.Higham.Chapter10.Problem08.LeadingMinorsCounterexample.Basic	3	NumStability.Algorithms.Cholesky.Higham1014SourceError -> NumStability.Source.Higham.Chapter10.Theorem07 -> NumStability.Algorithms.HighamChapter10 -> NumStability.Source.Higham.Chapter10.Problem08.LeadingMinorsCounterexample.Basic	preserved_recursive	1
NumStability.Source.Higham.Chapter10.Theorem14.CompletePivotedPSD.SchurPerturbation.Family	source	NumStability.Algorithms.Cholesky.Higham1014Equation1022	1	import NumStability.Algorithms.Cholesky.Higham1014SourceError	import NumStability.Source.Higham.Chapter10.Section01.Factorization.Basic	3	NumStability.Algorithms.Cholesky.Higham1014SourceError -> NumStability.Source.Higham.Chapter10.Theorem07 -> NumStability.Algorithms.HighamChapter10 -> NumStability.Source.Higham.Chapter10.Section01.Factorization.Basic	preserved_recursive	1
NumStability.Source.Higham.Chapter10.Theorem14.CompletePivotedPSD.SchurPerturbation.Family	source	NumStability.Algorithms.Cholesky.Higham1014Equation1022	1	import NumStability.Algorithms.Cholesky.Higham1014SourceError	import NumStability.Source.Higham.Chapter10.Section02.ErrorAnalysis.Basic	3	NumStability.Algorithms.Cholesky.Higham1014SourceError -> NumStability.Source.Higham.Chapter10.Theorem07 -> NumStability.Algorithms.HighamChapter10 -> NumStability.Source.Higham.Chapter10.Section02.ErrorAnalysis.Basic	preserved_recursive	1
NumStability.Source.Higham.Chapter10.Theorem14.CompletePivotedPSD.SchurPerturbation.Family	source	NumStability.Algorithms.Cholesky.Higham1014Equation1022	1	import NumStability.Algorithms.Cholesky.Higham1014SourceError	import NumStability.Source.Higham.Chapter10.Section03.PositiveSemidefinite.Endpoints	3	NumStability.Algorithms.Cholesky.Higham1014SourceError -> NumStability.Source.Higham.Chapter10.Theorem07 -> NumStability.Algorithms.HighamChapter10 -> NumStability.Source.Higham.Chapter10.Section03.PositiveSemidefinite.Endpoints	preserved_recursive	1
NumStability.Source.Higham.Chapter10.Theorem14.CompletePivotedPSD.SchurPerturbation.Family	source	NumStability.Algorithms.Cholesky.Higham1014Equation1022	1	import NumStability.Algorithms.Cholesky.Higham1014SourceError	import NumStability.Source.Higham.Chapter10.Section03.PositiveSemidefinite.Existence	4	NumStability.Algorithms.Cholesky.Higham1014SourceError -> NumStability.Source.Higham.Chapter10.Theorem07 -> NumStability.Algorithms.HighamChapter10 -> NumStability.Algorithms.Cholesky.CholeskyPSD -> NumStability.Source.Higham.Chapter10.Section03.PositiveSemidefinite.Existence	preserved_recursive	1
NumStability.Source.Higham.Chapter10.Theorem14.CompletePivotedPSD.SchurPerturbation.Family	source	NumStability.Algorithms.Cholesky.Higham1014Equation1022	1	import NumStability.Algorithms.Cholesky.Higham1014SourceError	import NumStability.Source.Higham.Chapter10.Section03.PositiveSemidefinite.SchurComplement	4	NumStability.Algorithms.Cholesky.Higham1014SourceError -> NumStability.Source.Higham.Chapter10.Theorem07 -> NumStability.Algorithms.HighamChapter10 -> NumStability.Algorithms.Cholesky.CholeskyPSD -> NumStability.Source.Higham.Chapter10.Section03.PositiveSemidefinite.SchurComplement	preserved_recursive	1
NumStability.Source.Higham.Chapter10.Theorem14.CompletePivotedPSD.SchurPerturbation.Family	source	NumStability.Algorithms.Cholesky.Higham1014Equation1022	1	import NumStability.Algorithms.Cholesky.Higham1014SourceError	import NumStability.Source.Higham.Chapter10.Section03.PositiveSemidefinite.Termination	4	NumStability.Algorithms.Cholesky.Higham1014SourceError -> NumStability.Source.Higham.Chapter10.Theorem07 -> NumStability.Algorithms.HighamChapter10 -> NumStability.Algorithms.Cholesky.CholeskyPSD -> NumStability.Source.Higham.Chapter10.Section03.PositiveSemidefinite.Termination	preserved_recursive	1
NumStability.Source.Higham.Chapter10.Theorem14.CompletePivotedPSD.SchurPerturbation.Family	source	NumStability.Algorithms.Cholesky.Higham1014Equation1022	1	import NumStability.Algorithms.Cholesky.Higham1014SourceError	import NumStability.Source.Higham.Chapter10.Section03.PositiveSemidefinite.WNormBound	4	NumStability.Algorithms.Cholesky.Higham1014SourceError -> NumStability.Source.Higham.Chapter10.Theorem07 -> NumStability.Algorithms.HighamChapter10 -> NumStability.Algorithms.Cholesky.CholeskyPSD -> NumStability.Source.Higham.Chapter10.Section03.PositiveSemidefinite.WNormBound	preserved_recursive	1
NumStability.Source.Higham.Chapter10.Theorem14.CompletePivotedPSD.SchurPerturbation.Family	source	NumStability.Algorithms.Cholesky.Higham1014Equation1022	1	import NumStability.Algorithms.Cholesky.Higham1014SourceError	import NumStability.Source.Higham.Chapter10.Section04.PositiveDefiniteSymmetricPart.Endpoints	3	NumStability.Algorithms.Cholesky.Higham1014SourceError -> NumStability.Source.Higham.Chapter10.Theorem07 -> NumStability.Algorithms.HighamChapter10 -> NumStability.Source.Higham.Chapter10.Section04.PositiveDefiniteSymmetricPart.Endpoints	preserved_recursive	1
NumStability.Source.Higham.Chapter10.Theorem14.CompletePivotedPSD.SchurPerturbation.Family	source	NumStability.Algorithms.Cholesky.Higham1014Equation1022	1	import NumStability.Algorithms.Cholesky.Higham1014SourceError	import NumStability.Source.Higham.Chapter10.Theorem06.RoundedCholesky.Endpoints	3	NumStability.Algorithms.Cholesky.Higham1014SourceError -> NumStability.Source.Higham.Chapter10.Theorem07 -> NumStability.Algorithms.HighamChapter10 -> NumStability.Source.Higham.Chapter10.Theorem06.RoundedCholesky.Endpoints	preserved_recursive	1
NumStability.Source.Higham.Chapter10.Theorem14.CompletePivotedPSD.SchurPerturbation.Family	source	NumStability.Algorithms.Cholesky.Higham1014Equation1022	1	import NumStability.Algorithms.Cholesky.Higham1014SourceError	import NumStability.Source.Higham.Chapter10.Theorem07.FailureVacuity.Endpoints	3	NumStability.Algorithms.Cholesky.Higham1014SourceError -> NumStability.Source.Higham.Chapter10.Theorem07 -> NumStability.Algorithms.HighamChapter10 -> NumStability.Source.Higham.Chapter10.Theorem07.FailureVacuity.Endpoints	preserved_recursive	1
NumStability.Source.Higham.Chapter10.Theorem14.CompletePivotedPSD.SchurPerturbation.Family	source	NumStability.Algorithms.Cholesky.Higham1014Equation1022	1	import NumStability.Algorithms.Cholesky.Higham1014SourceError	import NumStability.Source.Higham.Chapter10.Theorem08.ComponentwisePerturbation.Endpoints	3	NumStability.Algorithms.Cholesky.Higham1014SourceError -> NumStability.Source.Higham.Chapter10.Theorem07 -> NumStability.Algorithms.HighamChapter10 -> NumStability.Source.Higham.Chapter10.Theorem08.ComponentwisePerturbation.Endpoints	preserved_recursive	1
NumStability.Source.Higham.Chapter10.Theorem14.CompletePivotedPSD.SchurPerturbation.Family	source	NumStability.Algorithms.Cholesky.Higham1014Equation1022	1	import NumStability.Algorithms.Cholesky.Higham1014SourceError	import NumStability.Source.Higham.Chapter10.Theorem08.NormwiseDiscrepancy.Endpoints	3	NumStability.Algorithms.Cholesky.Higham1014SourceError -> NumStability.Source.Higham.Chapter10.Theorem07 -> NumStability.Algorithms.HighamChapter10 -> NumStability.Source.Higham.Chapter10.Theorem08.NormwiseDiscrepancy.Endpoints	preserved_recursive	1
NumStability.Source.Higham.Chapter10.Theorem14.CompletePivotedPSD.SchurPerturbation.Family	source	NumStability.Algorithms.Cholesky.Higham1014Equation1022	1	import NumStability.Algorithms.Cholesky.Higham1014SourceError	import NumStability.Source.Higham.Chapter10.Theorem14.CompletePivotedPSD.Endpoints	3	NumStability.Algorithms.Cholesky.Higham1014SourceError -> NumStability.Source.Higham.Chapter10.Theorem07 -> NumStability.Algorithms.HighamChapter10 -> NumStability.Source.Higham.Chapter10.Theorem14.CompletePivotedPSD.Endpoints	preserved_recursive	1
NumStability.Source.Higham.Chapter10.Theorem14.CompletePivotedPSD.SchurPerturbation.Family	source	NumStability.Algorithms.Cholesky.Higham1014Equation1022	1	import NumStability.Algorithms.Cholesky.Higham1014SourceError	import NumStability.Source.Higham.Chapter10.Theorem14.CompletePivotedPSD.PsdErrorAnalysis	4	NumStability.Algorithms.Cholesky.Higham1014SourceError -> NumStability.Source.Higham.Chapter10.Theorem07 -> NumStability.Algorithms.HighamChapter10 -> NumStability.Algorithms.Cholesky.CholeskyPSD -> NumStability.Source.Higham.Chapter10.Theorem14.CompletePivotedPSD.PsdErrorAnalysis	preserved_recursive	1
NumStability.Source.Higham.Chapter10.Theorem14.CompletePivotedPSD.SchurPerturbation.Family	source	NumStability.Algorithms.Cholesky.Higham1014Equation1022	1	import NumStability.Algorithms.Cholesky.Higham1014SourceError	import NumStability.Source.Higham.Chapter10.Theorem14.CompletePivotedPSD.SourceError	1	NumStability.Algorithms.Cholesky.Higham1014SourceError -> NumStability.Source.Higham.Chapter10.Theorem14.CompletePivotedPSD.SourceError	preserved_recursive	1
NumStability.Source.Higham.Chapter10.Theorem14.CompletePivotedPSD.SchurPerturbation.Family	source	NumStability.Algorithms.Cholesky.Higham1014Equation1022	1	import NumStability.Algorithms.Cholesky.Higham1014SourceError	import NumStability.Source.Higham.Chapter10.Theorem14.CompletePivotedPSD.SourceSuccess	1	NumStability.Algorithms.Cholesky.Higham1014SourceError -> NumStability.Source.Higham.Chapter10.Theorem14.CompletePivotedPSD.SourceSuccess	preserved_recursive	1
NumStability.Source.Higham.Chapter10.Theorem14.CompletePivotedPSD.SchurPerturbation.Family	source	NumStability.Algorithms.Cholesky.Higham1014Equation1022	2	import NumStability.Algorithms.HighamChapter10	import Mathlib.Algebra.BigOperators.Field	2	NumStability.Algorithms.HighamChapter10 -> NumStability.Algorithms.Cholesky.CholeskyPSD -> Mathlib.Algebra.BigOperators.Field	preserved_recursive	1
NumStability.Source.Higham.Chapter10.Theorem14.CompletePivotedPSD.SchurPerturbation.Family	source	NumStability.Algorithms.Cholesky.Higham1014Equation1022	2	import NumStability.Algorithms.HighamChapter10	import Mathlib.Algebra.BigOperators.Group.Finset.Basic	2	NumStability.Algorithms.HighamChapter10 -> NumStability.Algorithms.Cholesky.CholeskyPSD -> Mathlib.Algebra.BigOperators.Group.Finset.Basic	preserved_recursive	1
NumStability.Source.Higham.Chapter10.Theorem14.CompletePivotedPSD.SchurPerturbation.Family	source	NumStability.Algorithms.Cholesky.Higham1014Equation1022	2	import NumStability.Algorithms.HighamChapter10	import Mathlib.Algebra.Order.BigOperators.Group.Finset	2	NumStability.Algorithms.HighamChapter10 -> NumStability.Algorithms.Cholesky.CholeskyPSD -> Mathlib.Algebra.Order.BigOperators.Group.Finset	preserved_recursive	1
NumStability.Source.Higham.Chapter10.Theorem14.CompletePivotedPSD.SchurPerturbation.Family	source	NumStability.Algorithms.Cholesky.Higham1014Equation1022	2	import NumStability.Algorithms.HighamChapter10	import Mathlib.Data.Complex.Basic	1	NumStability.Algorithms.HighamChapter10 -> Mathlib.Data.Complex.Basic	preserved_recursive	1
NumStability.Source.Higham.Chapter10.Theorem14.CompletePivotedPSD.SchurPerturbation.Family	source	NumStability.Algorithms.Cholesky.Higham1014Equation1022	2	import NumStability.Algorithms.HighamChapter10	import Mathlib.Data.Real.Basic	2	NumStability.Algorithms.HighamChapter10 -> NumStability.Algorithms.Cholesky.CholeskyPSD -> Mathlib.Data.Real.Basic	preserved_recursive	1
NumStability.Source.Higham.Chapter10.Theorem14.CompletePivotedPSD.SchurPerturbation.Family	source	NumStability.Algorithms.Cholesky.Higham1014Equation1022	2	import NumStability.Algorithms.HighamChapter10	import Mathlib.Data.Real.Sqrt	2	NumStability.Algorithms.HighamChapter10 -> NumStability.Algorithms.Cholesky.CholeskyPSD -> Mathlib.Data.Real.Sqrt	preserved_recursive	1
NumStability.Source.Higham.Chapter10.Theorem14.CompletePivotedPSD.SchurPerturbation.Family	source	NumStability.Algorithms.Cholesky.Higham1014Equation1022	2	import NumStability.Algorithms.HighamChapter10	import Mathlib.LinearAlgebra.Matrix.Block	2	NumStability.Algorithms.HighamChapter10 -> NumStability.Algorithms.Cholesky.CholeskyPSD -> Mathlib.LinearAlgebra.Matrix.Block	preserved_recursive	1
NumStability.Source.Higham.Chapter10.Theorem14.CompletePivotedPSD.SchurPerturbation.Family	source	NumStability.Algorithms.Cholesky.Higham1014Equation1022	2	import NumStability.Algorithms.HighamChapter10	import Mathlib.LinearAlgebra.Matrix.NonsingularInverse	2	NumStability.Algorithms.HighamChapter10 -> NumStability.Algorithms.Cholesky.CholeskyPSD -> Mathlib.LinearAlgebra.Matrix.NonsingularInverse	preserved_recursive	1
NumStability.Source.Higham.Chapter10.Theorem14.CompletePivotedPSD.SchurPerturbation.Family	source	NumStability.Algorithms.Cholesky.Higham1014Equation1022	2	import NumStability.Algorithms.HighamChapter10	import Mathlib.LinearAlgebra.Matrix.Rank	2	NumStability.Algorithms.HighamChapter10 -> NumStability.Algorithms.Cholesky.CholeskyPSD -> Mathlib.LinearAlgebra.Matrix.Rank	preserved_recursive	1
NumStability.Source.Higham.Chapter10.Theorem14.CompletePivotedPSD.SchurPerturbation.Family	source	NumStability.Algorithms.Cholesky.Higham1014Equation1022	2	import NumStability.Algorithms.HighamChapter10	import Mathlib.Tactic.FieldSimp	2	NumStability.Algorithms.HighamChapter10 -> NumStability.Algorithms.Cholesky.CholeskyPSD -> Mathlib.Tactic.FieldSimp	preserved_recursive	1
NumStability.Source.Higham.Chapter10.Theorem14.CompletePivotedPSD.SchurPerturbation.Family	source	NumStability.Algorithms.Cholesky.Higham1014Equation1022	2	import NumStability.Algorithms.HighamChapter10	import Mathlib.Tactic.Linarith	2	NumStability.Algorithms.HighamChapter10 -> NumStability.Algorithms.Cholesky.CholeskyPSD -> Mathlib.Tactic.Linarith	preserved_recursive	1
NumStability.Source.Higham.Chapter10.Theorem14.CompletePivotedPSD.SchurPerturbation.Family	source	NumStability.Algorithms.Cholesky.Higham1014Equation1022	2	import NumStability.Algorithms.HighamChapter10	import Mathlib.Tactic.Ring	2	NumStability.Algorithms.HighamChapter10 -> NumStability.Algorithms.Cholesky.CholeskyPSD -> Mathlib.Tactic.Ring	preserved_recursive	1
NumStability.Source.Higham.Chapter10.Theorem14.CompletePivotedPSD.SchurPerturbation.Family	source	NumStability.Algorithms.Cholesky.Higham1014Equation1022	2	import NumStability.Algorithms.HighamChapter10	import NumStability.Algorithms.Cholesky.CholeskyDemmel	1	NumStability.Algorithms.HighamChapter10 -> NumStability.Algorithms.Cholesky.CholeskyDemmel	preserved_recursive	1
NumStability.Source.Higham.Chapter10.Theorem14.CompletePivotedPSD.SchurPerturbation.Family	source	NumStability.Algorithms.Cholesky.Higham1014Equation1022	2	import NumStability.Algorithms.HighamChapter10	import NumStability.Algorithms.Cholesky.CholeskyFl	1	NumStability.Algorithms.HighamChapter10 -> NumStability.Algorithms.Cholesky.CholeskyFl	preserved_recursive	1
NumStability.Source.Higham.Chapter10.Theorem14.CompletePivotedPSD.SchurPerturbation.Family	source	NumStability.Algorithms.Cholesky.Higham1014Equation1022	2	import NumStability.Algorithms.HighamChapter10	import NumStability.Algorithms.Cholesky.CholeskyNonsym	1	NumStability.Algorithms.HighamChapter10 -> NumStability.Algorithms.Cholesky.CholeskyNonsym	preserved_recursive	1
NumStability.Source.Higham.Chapter10.Theorem14.CompletePivotedPSD.SchurPerturbation.Family	source	NumStability.Algorithms.Cholesky.Higham1014Equation1022	2	import NumStability.Algorithms.HighamChapter10	import NumStability.Algorithms.Cholesky.CholeskySpec	2	NumStability.Algorithms.HighamChapter10 -> NumStability.Algorithms.Cholesky.CholeskyPSD -> NumStability.Algorithms.Cholesky.CholeskySpec	preserved_recursive	1
NumStability.Source.Higham.Chapter10.Theorem14.CompletePivotedPSD.SchurPerturbation.Family	source	NumStability.Algorithms.Cholesky.Higham1014Equation1022	2	import NumStability.Algorithms.HighamChapter10	import NumStability.Algorithms.Cholesky.CholeskySpec	1	NumStability.Algorithms.HighamChapter10 -> NumStability.Algorithms.Cholesky.CholeskySpec	preserved_recursive	1
NumStability.Source.Higham.Chapter10.Theorem14.CompletePivotedPSD.SchurPerturbation.Family	source	NumStability.Algorithms.Cholesky.Higham1014Equation1022	2	import NumStability.Algorithms.HighamChapter10	import NumStability.Algorithms.LU.GaussianElimination	2	NumStability.Algorithms.HighamChapter10 -> NumStability.Algorithms.Cholesky.CholeskyPSD -> NumStability.Algorithms.LU.GaussianElimination	preserved_recursive	1
NumStability.Source.Higham.Chapter10.Theorem14.CompletePivotedPSD.SchurPerturbation.Family	source	NumStability.Algorithms.Cholesky.Higham1014Equation1022	2	import NumStability.Algorithms.HighamChapter10	import NumStability.Algorithms.LinearSystems.Cholesky.ErrorAnalysis.Certificates	1	NumStability.Algorithms.HighamChapter10 -> NumStability.Algorithms.LinearSystems.Cholesky.ErrorAnalysis.Certificates	preserved_recursive	1
NumStability.Source.Higham.Chapter10.Theorem14.CompletePivotedPSD.SchurPerturbation.Family	source	NumStability.Algorithms.Cholesky.Higham1014Equation1022	2	import NumStability.Algorithms.HighamChapter10	import NumStability.Algorithms.LinearSystems.Cholesky.Perturbation.Basic	1	NumStability.Algorithms.HighamChapter10 -> NumStability.Algorithms.LinearSystems.Cholesky.Perturbation.Basic	preserved_recursive	1
NumStability.Source.Higham.Chapter10.Theorem14.CompletePivotedPSD.SchurPerturbation.Family	source	NumStability.Algorithms.Cholesky.Higham1014Equation1022	2	import NumStability.Algorithms.HighamChapter10	import NumStability.Algorithms.LinearSystems.Cholesky.PositiveSemidefinite.Basic	2	NumStability.Algorithms.HighamChapter10 -> NumStability.Algorithms.Cholesky.CholeskyPSD -> NumStability.Algorithms.LinearSystems.Cholesky.PositiveSemidefinite.Basic	preserved_recursive	1
NumStability.Source.Higham.Chapter10.Theorem14.CompletePivotedPSD.SchurPerturbation.Family	source	NumStability.Algorithms.Cholesky.Higham1014Equation1022	2	import NumStability.Algorithms.HighamChapter10	import NumStability.Algorithms.LinearSystems.Cholesky.PositiveSemidefinite.KahanMatrix	1	NumStability.Algorithms.HighamChapter10 -> NumStability.Algorithms.LinearSystems.Cholesky.PositiveSemidefinite.KahanMatrix	preserved_recursive	1
NumStability.Source.Higham.Chapter10.Theorem14.CompletePivotedPSD.SchurPerturbation.Family	source	NumStability.Algorithms.Cholesky.Higham1014Equation1022	2	import NumStability.Algorithms.HighamChapter10	import NumStability.Algorithms.LinearSystems.Cholesky.PositiveSemidefinite.ScaledStage	1	NumStability.Algorithms.HighamChapter10 -> NumStability.Algorithms.LinearSystems.Cholesky.PositiveSemidefinite.ScaledStage	preserved_recursive	1
NumStability.Source.Higham.Chapter10.Theorem14.CompletePivotedPSD.SchurPerturbation.Family	source	NumStability.Algorithms.Cholesky.Higham1014Equation1022	2	import NumStability.Algorithms.HighamChapter10	import NumStability.Analysis.MatrixNorms.EntrywiseAbsolute.Basic	1	NumStability.Algorithms.HighamChapter10 -> NumStability.Analysis.MatrixNorms.EntrywiseAbsolute.Basic	preserved_recursive	1
NumStability.Source.Higham.Chapter10.Theorem14.CompletePivotedPSD.SchurPerturbation.Family	source	NumStability.Algorithms.Cholesky.Higham1014Equation1022	2	import NumStability.Algorithms.HighamChapter10	import NumStability.Analysis.MatrixNorms.SpectralExtrema.Basic	1	NumStability.Algorithms.HighamChapter10 -> NumStability.Analysis.MatrixNorms.SpectralExtrema.Basic	preserved_recursive	1
NumStability.Source.Higham.Chapter10.Theorem14.CompletePivotedPSD.SchurPerturbation.Family	source	NumStability.Algorithms.Cholesky.Higham1014Equation1022	2	import NumStability.Algorithms.HighamChapter10	import NumStability.Analysis.MatrixSpectral	1	NumStability.Algorithms.HighamChapter10 -> NumStability.Analysis.MatrixSpectral	preserved_recursive	1
NumStability.Source.Higham.Chapter10.Theorem14.CompletePivotedPSD.SchurPerturbation.Family	source	NumStability.Algorithms.Cholesky.Higham1014Equation1022	2	import NumStability.Algorithms.HighamChapter10	import NumStability.Analysis.Rounding	2	NumStability.Algorithms.HighamChapter10 -> NumStability.Algorithms.Cholesky.CholeskyPSD -> NumStability.Analysis.Rounding	preserved_recursive	1
NumStability.Source.Higham.Chapter10.Theorem14.CompletePivotedPSD.SchurPerturbation.Family	source	NumStability.Algorithms.Cholesky.Higham1014Equation1022	2	import NumStability.Algorithms.HighamChapter10	import NumStability.FloatingPoint.Model	2	NumStability.Algorithms.HighamChapter10 -> NumStability.Algorithms.Cholesky.CholeskyPSD -> NumStability.FloatingPoint.Model	preserved_recursive	1
NumStability.Source.Higham.Chapter10.Theorem14.CompletePivotedPSD.SchurPerturbation.Family	source	NumStability.Algorithms.Cholesky.Higham1014Equation1022	2	import NumStability.Algorithms.HighamChapter10	import NumStability.Source.Higham.Chapter09.Problems	1	NumStability.Algorithms.HighamChapter10 -> NumStability.Source.Higham.Chapter09.Problems	preserved_recursive	1
NumStability.Source.Higham.Chapter10.Theorem14.CompletePivotedPSD.SchurPerturbation.Family	source	NumStability.Algorithms.Cholesky.Higham1014Equation1022	2	import NumStability.Algorithms.HighamChapter10	import NumStability.Source.Higham.Chapter09.Section01	1	NumStability.Algorithms.HighamChapter10 -> NumStability.Source.Higham.Chapter09.Section01	preserved_recursive	1
NumStability.Source.Higham.Chapter10.Theorem14.CompletePivotedPSD.SchurPerturbation.Family	source	NumStability.Algorithms.Cholesky.Higham1014Equation1022	2	import NumStability.Algorithms.HighamChapter10	import NumStability.Source.Higham.Chapter09.Section02	1	NumStability.Algorithms.HighamChapter10 -> NumStability.Source.Higham.Chapter09.Section02	preserved_recursive	1
NumStability.Source.Higham.Chapter10.Theorem14.CompletePivotedPSD.SchurPerturbation.Family	source	NumStability.Algorithms.Cholesky.Higham1014Equation1022	2	import NumStability.Algorithms.HighamChapter10	import NumStability.Source.Higham.Chapter09.Section03	1	NumStability.Algorithms.HighamChapter10 -> NumStability.Source.Higham.Chapter09.Section03	preserved_recursive	1
NumStability.Source.Higham.Chapter10.Theorem14.CompletePivotedPSD.SchurPerturbation.Family	source	NumStability.Algorithms.Cholesky.Higham1014Equation1022	2	import NumStability.Algorithms.HighamChapter10	import NumStability.Source.Higham.Chapter09.Section04	1	NumStability.Algorithms.HighamChapter10 -> NumStability.Source.Higham.Chapter09.Section04	preserved_recursive	1
NumStability.Source.Higham.Chapter10.Theorem14.CompletePivotedPSD.SchurPerturbation.Family	source	NumStability.Algorithms.Cholesky.Higham1014Equation1022	2	import NumStability.Algorithms.HighamChapter10	import NumStability.Source.Higham.Chapter09.Section05	1	NumStability.Algorithms.HighamChapter10 -> NumStability.Source.Higham.Chapter09.Section05	preserved_recursive	1
NumStability.Source.Higham.Chapter10.Theorem14.CompletePivotedPSD.SchurPerturbation.Family	source	NumStability.Algorithms.Cholesky.Higham1014Equation1022	2	import NumStability.Algorithms.HighamChapter10	import NumStability.Source.Higham.Chapter09.Section06	1	NumStability.Algorithms.HighamChapter10 -> NumStability.Source.Higham.Chapter09.Section06	preserved_recursive	1
NumStability.Source.Higham.Chapter10.Theorem14.CompletePivotedPSD.SchurPerturbation.Family	source	NumStability.Algorithms.Cholesky.Higham1014Equation1022	2	import NumStability.Algorithms.HighamChapter10	import NumStability.Source.Higham.Chapter09.Section08	1	NumStability.Algorithms.HighamChapter10 -> NumStability.Source.Higham.Chapter09.Section08	preserved_recursive	1
NumStability.Source.Higham.Chapter10.Theorem14.CompletePivotedPSD.SchurPerturbation.Family	source	NumStability.Algorithms.Cholesky.Higham1014Equation1022	2	import NumStability.Algorithms.HighamChapter10	import NumStability.Source.Higham.Chapter09.Section10	1	NumStability.Algorithms.HighamChapter10 -> NumStability.Source.Higham.Chapter09.Section10	preserved_recursive	1
NumStability.Source.Higham.Chapter10.Theorem14.CompletePivotedPSD.SchurPerturbation.Family	source	NumStability.Algorithms.Cholesky.Higham1014Equation1022	2	import NumStability.Algorithms.HighamChapter10	import NumStability.Source.Higham.Chapter09.Section11	1	NumStability.Algorithms.HighamChapter10 -> NumStability.Source.Higham.Chapter09.Section11	preserved_recursive	1
NumStability.Source.Higham.Chapter10.Theorem14.CompletePivotedPSD.SchurPerturbation.Family	source	NumStability.Algorithms.Cholesky.Higham1014Equation1022	2	import NumStability.Algorithms.HighamChapter10	import NumStability.Source.Higham.Chapter10.Equation07.AbsoluteFactorNorm.Endpoints	1	NumStability.Algorithms.HighamChapter10 -> NumStability.Source.Higham.Chapter10.Equation07.AbsoluteFactorNorm.Endpoints	preserved_recursive	1
NumStability.Source.Higham.Chapter10.Theorem14.CompletePivotedPSD.SchurPerturbation.Family	source	NumStability.Algorithms.Cholesky.Higham1014Equation1022	2	import NumStability.Algorithms.HighamChapter10	import NumStability.Source.Higham.Chapter10.Equation29.Mathias.Endpoints	1	NumStability.Algorithms.HighamChapter10 -> NumStability.Source.Higham.Chapter10.Equation29.Mathias.Endpoints	preserved_recursive	1
NumStability.Source.Higham.Chapter10.Theorem14.CompletePivotedPSD.SchurPerturbation.Family	source	NumStability.Algorithms.Cholesky.Higham1014Equation1022	2	import NumStability.Algorithms.HighamChapter10	import NumStability.Source.Higham.Chapter10.Equation30.ComplexPositiveDefinite.Endpoints	1	NumStability.Algorithms.HighamChapter10 -> NumStability.Source.Higham.Chapter10.Equation30.ComplexPositiveDefinite.Endpoints	preserved_recursive	1
NumStability.Source.Higham.Chapter10.Theorem14.CompletePivotedPSD.SchurPerturbation.Family	source	NumStability.Algorithms.Cholesky.Higham1014Equation1022	2	import NumStability.Algorithms.HighamChapter10	import NumStability.Source.Higham.Chapter10.Lemma11.PivotSequenceStability.Endpoints	1	NumStability.Algorithms.HighamChapter10 -> NumStability.Source.Higham.Chapter10.Lemma11.PivotSequenceStability.Endpoints	preserved_recursive	1
NumStability.Source.Higham.Chapter10.Theorem14.CompletePivotedPSD.SchurPerturbation.Family	source	NumStability.Algorithms.Cholesky.Higham1014Equation1022	2	import NumStability.Algorithms.HighamChapter10	import NumStability.Source.Higham.Chapter10.Lemma13.KahanSharpness.CompletePivotingBound	2	NumStability.Algorithms.HighamChapter10 -> NumStability.Algorithms.Cholesky.CholeskyPSD -> NumStability.Source.Higham.Chapter10.Lemma13.KahanSharpness.CompletePivotingBound	preserved_recursive	1
NumStability.Source.Higham.Chapter10.Theorem14.CompletePivotedPSD.SchurPerturbation.Family	source	NumStability.Algorithms.Cholesky.Higham1014Equation1022	2	import NumStability.Algorithms.HighamChapter10	import NumStability.Source.Higham.Chapter10.Lemma13.KahanSharpness.Endpoints	1	NumStability.Algorithms.HighamChapter10 -> NumStability.Source.Higham.Chapter10.Lemma13.KahanSharpness.Endpoints	preserved_recursive	1
NumStability.Source.Higham.Chapter10.Theorem14.CompletePivotedPSD.SchurPerturbation.Family	source	NumStability.Algorithms.Cholesky.Higham1014Equation1022	2	import NumStability.Algorithms.HighamChapter10	import NumStability.Source.Higham.Chapter10.Problem01.PositiveSemidefiniteEntries.Basic	1	NumStability.Algorithms.HighamChapter10 -> NumStability.Source.Higham.Chapter10.Problem01.PositiveSemidefiniteEntries.Basic	preserved_recursive	1
NumStability.Source.Higham.Chapter10.Theorem14.CompletePivotedPSD.SchurPerturbation.Family	source	NumStability.Algorithms.Cholesky.Higham1014Equation1022	2	import NumStability.Algorithms.HighamChapter10	import NumStability.Source.Higham.Chapter10.Problem04.UnpivotedGrowth.Basic	1	NumStability.Algorithms.HighamChapter10 -> NumStability.Source.Higham.Chapter10.Problem04.UnpivotedGrowth.Basic	preserved_recursive	1
NumStability.Source.Higham.Chapter10.Theorem14.CompletePivotedPSD.SchurPerturbation.Family	source	NumStability.Algorithms.Cholesky.Higham1014Equation1022	2	import NumStability.Algorithms.HighamChapter10	import NumStability.Source.Higham.Chapter10.Problem08.LeadingMinorsCounterexample.Basic	1	NumStability.Algorithms.HighamChapter10 -> NumStability.Source.Higham.Chapter10.Problem08.LeadingMinorsCounterexample.Basic	preserved_recursive	1
NumStability.Source.Higham.Chapter10.Theorem14.CompletePivotedPSD.SchurPerturbation.Family	source	NumStability.Algorithms.Cholesky.Higham1014Equation1022	2	import NumStability.Algorithms.HighamChapter10	import NumStability.Source.Higham.Chapter10.Section01.Factorization.Basic	1	NumStability.Algorithms.HighamChapter10 -> NumStability.Source.Higham.Chapter10.Section01.Factorization.Basic	preserved_recursive	1
NumStability.Source.Higham.Chapter10.Theorem14.CompletePivotedPSD.SchurPerturbation.Family	source	NumStability.Algorithms.Cholesky.Higham1014Equation1022	2	import NumStability.Algorithms.HighamChapter10	import NumStability.Source.Higham.Chapter10.Section02.ErrorAnalysis.Basic	1	NumStability.Algorithms.HighamChapter10 -> NumStability.Source.Higham.Chapter10.Section02.ErrorAnalysis.Basic	preserved_recursive	1
NumStability.Source.Higham.Chapter10.Theorem14.CompletePivotedPSD.SchurPerturbation.Family	source	NumStability.Algorithms.Cholesky.Higham1014Equation1022	2	import NumStability.Algorithms.HighamChapter10	import NumStability.Source.Higham.Chapter10.Section03.PositiveSemidefinite.Endpoints	1	NumStability.Algorithms.HighamChapter10 -> NumStability.Source.Higham.Chapter10.Section03.PositiveSemidefinite.Endpoints	preserved_recursive	1
NumStability.Source.Higham.Chapter10.Theorem14.CompletePivotedPSD.SchurPerturbation.Family	source	NumStability.Algorithms.Cholesky.Higham1014Equation1022	2	import NumStability.Algorithms.HighamChapter10	import NumStability.Source.Higham.Chapter10.Section03.PositiveSemidefinite.Existence	2	NumStability.Algorithms.HighamChapter10 -> NumStability.Algorithms.Cholesky.CholeskyPSD -> NumStability.Source.Higham.Chapter10.Section03.PositiveSemidefinite.Existence	preserved_recursive	1
NumStability.Source.Higham.Chapter10.Theorem14.CompletePivotedPSD.SchurPerturbation.Family	source	NumStability.Algorithms.Cholesky.Higham1014Equation1022	2	import NumStability.Algorithms.HighamChapter10	import NumStability.Source.Higham.Chapter10.Section03.PositiveSemidefinite.SchurComplement	2	NumStability.Algorithms.HighamChapter10 -> NumStability.Algorithms.Cholesky.CholeskyPSD -> NumStability.Source.Higham.Chapter10.Section03.PositiveSemidefinite.SchurComplement	preserved_recursive	1
NumStability.Source.Higham.Chapter10.Theorem14.CompletePivotedPSD.SchurPerturbation.Family	source	NumStability.Algorithms.Cholesky.Higham1014Equation1022	2	import NumStability.Algorithms.HighamChapter10	import NumStability.Source.Higham.Chapter10.Section03.PositiveSemidefinite.Termination	2	NumStability.Algorithms.HighamChapter10 -> NumStability.Algorithms.Cholesky.CholeskyPSD -> NumStability.Source.Higham.Chapter10.Section03.PositiveSemidefinite.Termination	preserved_recursive	1
NumStability.Source.Higham.Chapter10.Theorem14.CompletePivotedPSD.SchurPerturbation.Family	source	NumStability.Algorithms.Cholesky.Higham1014Equation1022	2	import NumStability.Algorithms.HighamChapter10	import NumStability.Source.Higham.Chapter10.Section03.PositiveSemidefinite.WNormBound	2	NumStability.Algorithms.HighamChapter10 -> NumStability.Algorithms.Cholesky.CholeskyPSD -> NumStability.Source.Higham.Chapter10.Section03.PositiveSemidefinite.WNormBound	preserved_recursive	1
NumStability.Source.Higham.Chapter10.Theorem14.CompletePivotedPSD.SchurPerturbation.Family	source	NumStability.Algorithms.Cholesky.Higham1014Equation1022	2	import NumStability.Algorithms.HighamChapter10	import NumStability.Source.Higham.Chapter10.Section04.PositiveDefiniteSymmetricPart.Endpoints	1	NumStability.Algorithms.HighamChapter10 -> NumStability.Source.Higham.Chapter10.Section04.PositiveDefiniteSymmetricPart.Endpoints	preserved_recursive	1
NumStability.Source.Higham.Chapter10.Theorem14.CompletePivotedPSD.SchurPerturbation.Family	source	NumStability.Algorithms.Cholesky.Higham1014Equation1022	2	import NumStability.Algorithms.HighamChapter10	import NumStability.Source.Higham.Chapter10.Theorem06.RoundedCholesky.Endpoints	1	NumStability.Algorithms.HighamChapter10 -> NumStability.Source.Higham.Chapter10.Theorem06.RoundedCholesky.Endpoints	preserved_recursive	1
NumStability.Source.Higham.Chapter10.Theorem14.CompletePivotedPSD.SchurPerturbation.Family	source	NumStability.Algorithms.Cholesky.Higham1014Equation1022	2	import NumStability.Algorithms.HighamChapter10	import NumStability.Source.Higham.Chapter10.Theorem07.FailureVacuity.Endpoints	1	NumStability.Algorithms.HighamChapter10 -> NumStability.Source.Higham.Chapter10.Theorem07.FailureVacuity.Endpoints	preserved_recursive	1
NumStability.Source.Higham.Chapter10.Theorem14.CompletePivotedPSD.SchurPerturbation.Family	source	NumStability.Algorithms.Cholesky.Higham1014Equation1022	2	import NumStability.Algorithms.HighamChapter10	import NumStability.Source.Higham.Chapter10.Theorem08.ComponentwisePerturbation.Endpoints	1	NumStability.Algorithms.HighamChapter10 -> NumStability.Source.Higham.Chapter10.Theorem08.ComponentwisePerturbation.Endpoints	preserved_recursive	1
NumStability.Source.Higham.Chapter10.Theorem14.CompletePivotedPSD.SchurPerturbation.Family	source	NumStability.Algorithms.Cholesky.Higham1014Equation1022	2	import NumStability.Algorithms.HighamChapter10	import NumStability.Source.Higham.Chapter10.Theorem08.NormwiseDiscrepancy.Endpoints	1	NumStability.Algorithms.HighamChapter10 -> NumStability.Source.Higham.Chapter10.Theorem08.NormwiseDiscrepancy.Endpoints	preserved_recursive	1
NumStability.Source.Higham.Chapter10.Theorem14.CompletePivotedPSD.SchurPerturbation.Family	source	NumStability.Algorithms.Cholesky.Higham1014Equation1022	2	import NumStability.Algorithms.HighamChapter10	import NumStability.Source.Higham.Chapter10.Theorem14.CompletePivotedPSD.Endpoints	1	NumStability.Algorithms.HighamChapter10 -> NumStability.Source.Higham.Chapter10.Theorem14.CompletePivotedPSD.Endpoints	preserved_recursive	1
NumStability.Source.Higham.Chapter10.Theorem14.CompletePivotedPSD.SchurPerturbation.Family	source	NumStability.Algorithms.Cholesky.Higham1014Equation1022	2	import NumStability.Algorithms.HighamChapter10	import NumStability.Source.Higham.Chapter10.Theorem14.CompletePivotedPSD.PsdErrorAnalysis	2	NumStability.Algorithms.HighamChapter10 -> NumStability.Algorithms.Cholesky.CholeskyPSD -> NumStability.Source.Higham.Chapter10.Theorem14.CompletePivotedPSD.PsdErrorAnalysis	preserved_recursive	1
NumStability.Source.Higham.Chapter10.Theorem14.CompletePivotedPSD.SchurPerturbation.Family	source	NumStability.Algorithms.Cholesky.Higham1014Equation1022	3	import NumStability.Analysis.FirstOrder.AsymptoticFamilies	import NumStability.Analysis.FirstOrder.AsymptoticFamilies	0	NumStability.Analysis.FirstOrder.AsymptoticFamilies	preserved_direct	1
NumStability.Source.Higham.Chapter10.Theorem14.CompletePivotedPSD.SchurPerturbation.Family	source	NumStability.Algorithms.Cholesky.Higham1014Equation1022	4	import NumStability.Source.Higham.Chapter10.Theorem14.CompletePivotedPSD.Equation22	import NumStability.Source.Higham.Chapter10.Theorem14.CompletePivotedPSD.Equation22	0	NumStability.Source.Higham.Chapter10.Theorem14.CompletePivotedPSD.Equation22	preserved_direct	1
NumStability.Source.Higham.Chapter10.Theorem14.CompletePivotedPSD.SuccessfulRun.StageBounds	source	NumStability.Algorithms.HighamChapter10	1	import Mathlib.Data.Complex.Basic	import Mathlib.Data.Complex.Basic	0	Mathlib.Data.Complex.Basic	preserved_direct	1
NumStability.Source.Higham.Chapter10.Theorem14.CompletePivotedPSD.SuccessfulRun.StageBounds	source	NumStability.Algorithms.HighamChapter10	2	import NumStability.Algorithms.Cholesky.CholeskyDemmel	import NumStability.Algorithms.Cholesky.CholeskyDemmel	0	NumStability.Algorithms.Cholesky.CholeskyDemmel	preserved_direct	1
NumStability.Source.Higham.Chapter10.Theorem14.CompletePivotedPSD.SuccessfulRun.StageBounds	source	NumStability.Algorithms.HighamChapter10	3	import NumStability.Algorithms.Cholesky.CholeskyFl	import NumStability.Algorithms.Cholesky.CholeskyFl	0	NumStability.Algorithms.Cholesky.CholeskyFl	preserved_direct	1
NumStability.Source.Higham.Chapter10.Theorem14.CompletePivotedPSD.SuccessfulRun.StageBounds	source	NumStability.Algorithms.HighamChapter10	4	import NumStability.Algorithms.Cholesky.CholeskyNonsym	import NumStability.Algorithms.Cholesky.CholeskyNonsym	0	NumStability.Algorithms.Cholesky.CholeskyNonsym	preserved_direct	1
NumStability.Source.Higham.Chapter10.Theorem14.CompletePivotedPSD.SuccessfulRun.StageBounds	source	NumStability.Algorithms.HighamChapter10	5	import NumStability.Algorithms.Cholesky.CholeskyPSD	import Mathlib.Algebra.BigOperators.Field	1	NumStability.Algorithms.Cholesky.CholeskyPSD -> Mathlib.Algebra.BigOperators.Field	preserved_recursive	1
NumStability.Source.Higham.Chapter10.Theorem14.CompletePivotedPSD.SuccessfulRun.StageBounds	source	NumStability.Algorithms.HighamChapter10	5	import NumStability.Algorithms.Cholesky.CholeskyPSD	import Mathlib.Algebra.BigOperators.Group.Finset.Basic	1	NumStability.Algorithms.Cholesky.CholeskyPSD -> Mathlib.Algebra.BigOperators.Group.Finset.Basic	preserved_recursive	1
NumStability.Source.Higham.Chapter10.Theorem14.CompletePivotedPSD.SuccessfulRun.StageBounds	source	NumStability.Algorithms.HighamChapter10	5	import NumStability.Algorithms.Cholesky.CholeskyPSD	import Mathlib.Algebra.Order.BigOperators.Group.Finset	1	NumStability.Algorithms.Cholesky.CholeskyPSD -> Mathlib.Algebra.Order.BigOperators.Group.Finset	preserved_recursive	1
NumStability.Source.Higham.Chapter10.Theorem14.CompletePivotedPSD.SuccessfulRun.StageBounds	source	NumStability.Algorithms.HighamChapter10	5	import NumStability.Algorithms.Cholesky.CholeskyPSD	import Mathlib.Data.Real.Basic	1	NumStability.Algorithms.Cholesky.CholeskyPSD -> Mathlib.Data.Real.Basic	preserved_recursive	1
NumStability.Source.Higham.Chapter10.Theorem14.CompletePivotedPSD.SuccessfulRun.StageBounds	source	NumStability.Algorithms.HighamChapter10	5	import NumStability.Algorithms.Cholesky.CholeskyPSD	import Mathlib.Data.Real.Sqrt	1	NumStability.Algorithms.Cholesky.CholeskyPSD -> Mathlib.Data.Real.Sqrt	preserved_recursive	1
NumStability.Source.Higham.Chapter10.Theorem14.CompletePivotedPSD.SuccessfulRun.StageBounds	source	NumStability.Algorithms.HighamChapter10	5	import NumStability.Algorithms.Cholesky.CholeskyPSD	import Mathlib.LinearAlgebra.Matrix.Block	1	NumStability.Algorithms.Cholesky.CholeskyPSD -> Mathlib.LinearAlgebra.Matrix.Block	preserved_recursive	1
NumStability.Source.Higham.Chapter10.Theorem14.CompletePivotedPSD.SuccessfulRun.StageBounds	source	NumStability.Algorithms.HighamChapter10	5	import NumStability.Algorithms.Cholesky.CholeskyPSD	import Mathlib.LinearAlgebra.Matrix.NonsingularInverse	1	NumStability.Algorithms.Cholesky.CholeskyPSD -> Mathlib.LinearAlgebra.Matrix.NonsingularInverse	preserved_recursive	1
NumStability.Source.Higham.Chapter10.Theorem14.CompletePivotedPSD.SuccessfulRun.StageBounds	source	NumStability.Algorithms.HighamChapter10	5	import NumStability.Algorithms.Cholesky.CholeskyPSD	import Mathlib.LinearAlgebra.Matrix.Rank	1	NumStability.Algorithms.Cholesky.CholeskyPSD -> Mathlib.LinearAlgebra.Matrix.Rank	preserved_recursive	1
NumStability.Source.Higham.Chapter10.Theorem14.CompletePivotedPSD.SuccessfulRun.StageBounds	source	NumStability.Algorithms.HighamChapter10	5	import NumStability.Algorithms.Cholesky.CholeskyPSD	import Mathlib.Tactic.FieldSimp	1	NumStability.Algorithms.Cholesky.CholeskyPSD -> Mathlib.Tactic.FieldSimp	preserved_recursive	1
NumStability.Source.Higham.Chapter10.Theorem14.CompletePivotedPSD.SuccessfulRun.StageBounds	source	NumStability.Algorithms.HighamChapter10	5	import NumStability.Algorithms.Cholesky.CholeskyPSD	import Mathlib.Tactic.Linarith	1	NumStability.Algorithms.Cholesky.CholeskyPSD -> Mathlib.Tactic.Linarith	preserved_recursive	1
NumStability.Source.Higham.Chapter10.Theorem14.CompletePivotedPSD.SuccessfulRun.StageBounds	source	NumStability.Algorithms.HighamChapter10	5	import NumStability.Algorithms.Cholesky.CholeskyPSD	import Mathlib.Tactic.Ring	1	NumStability.Algorithms.Cholesky.CholeskyPSD -> Mathlib.Tactic.Ring	preserved_recursive	1
NumStability.Source.Higham.Chapter10.Theorem14.CompletePivotedPSD.SuccessfulRun.StageBounds	source	NumStability.Algorithms.HighamChapter10	5	import NumStability.Algorithms.Cholesky.CholeskyPSD	import NumStability.Algorithms.Cholesky.CholeskySpec	1	NumStability.Algorithms.Cholesky.CholeskyPSD -> NumStability.Algorithms.Cholesky.CholeskySpec	preserved_recursive	1
NumStability.Source.Higham.Chapter10.Theorem14.CompletePivotedPSD.SuccessfulRun.StageBounds	source	NumStability.Algorithms.HighamChapter10	5	import NumStability.Algorithms.Cholesky.CholeskyPSD	import NumStability.Algorithms.LU.GaussianElimination	1	NumStability.Algorithms.Cholesky.CholeskyPSD -> NumStability.Algorithms.LU.GaussianElimination	preserved_recursive	1
NumStability.Source.Higham.Chapter10.Theorem14.CompletePivotedPSD.SuccessfulRun.StageBounds	source	NumStability.Algorithms.HighamChapter10	5	import NumStability.Algorithms.Cholesky.CholeskyPSD	import NumStability.Algorithms.LinearSystems.Cholesky.PositiveSemidefinite.Basic	1	NumStability.Algorithms.Cholesky.CholeskyPSD -> NumStability.Algorithms.LinearSystems.Cholesky.PositiveSemidefinite.Basic	preserved_recursive	1
NumStability.Source.Higham.Chapter10.Theorem14.CompletePivotedPSD.SuccessfulRun.StageBounds	source	NumStability.Algorithms.HighamChapter10	5	import NumStability.Algorithms.Cholesky.CholeskyPSD	import NumStability.Analysis.Rounding	1	NumStability.Algorithms.Cholesky.CholeskyPSD -> NumStability.Analysis.Rounding	preserved_recursive	1
NumStability.Source.Higham.Chapter10.Theorem14.CompletePivotedPSD.SuccessfulRun.StageBounds	source	NumStability.Algorithms.HighamChapter10	5	import NumStability.Algorithms.Cholesky.CholeskyPSD	import NumStability.FloatingPoint.Model	1	NumStability.Algorithms.Cholesky.CholeskyPSD -> NumStability.FloatingPoint.Model	preserved_recursive	1
NumStability.Source.Higham.Chapter10.Theorem14.CompletePivotedPSD.SuccessfulRun.StageBounds	source	NumStability.Algorithms.HighamChapter10	5	import NumStability.Algorithms.Cholesky.CholeskyPSD	import NumStability.Source.Higham.Chapter10.Lemma13.KahanSharpness.CompletePivotingBound	1	NumStability.Algorithms.Cholesky.CholeskyPSD -> NumStability.Source.Higham.Chapter10.Lemma13.KahanSharpness.CompletePivotingBound	preserved_recursive	1
NumStability.Source.Higham.Chapter10.Theorem14.CompletePivotedPSD.SuccessfulRun.StageBounds	source	NumStability.Algorithms.HighamChapter10	5	import NumStability.Algorithms.Cholesky.CholeskyPSD	import NumStability.Source.Higham.Chapter10.Section03.PositiveSemidefinite.Existence	1	NumStability.Algorithms.Cholesky.CholeskyPSD -> NumStability.Source.Higham.Chapter10.Section03.PositiveSemidefinite.Existence	preserved_recursive	1
NumStability.Source.Higham.Chapter10.Theorem14.CompletePivotedPSD.SuccessfulRun.StageBounds	source	NumStability.Algorithms.HighamChapter10	5	import NumStability.Algorithms.Cholesky.CholeskyPSD	import NumStability.Source.Higham.Chapter10.Section03.PositiveSemidefinite.SchurComplement	1	NumStability.Algorithms.Cholesky.CholeskyPSD -> NumStability.Source.Higham.Chapter10.Section03.PositiveSemidefinite.SchurComplement	preserved_recursive	1
NumStability.Source.Higham.Chapter10.Theorem14.CompletePivotedPSD.SuccessfulRun.StageBounds	source	NumStability.Algorithms.HighamChapter10	5	import NumStability.Algorithms.Cholesky.CholeskyPSD	import NumStability.Source.Higham.Chapter10.Section03.PositiveSemidefinite.Termination	1	NumStability.Algorithms.Cholesky.CholeskyPSD -> NumStability.Source.Higham.Chapter10.Section03.PositiveSemidefinite.Termination	preserved_recursive	1
NumStability.Source.Higham.Chapter10.Theorem14.CompletePivotedPSD.SuccessfulRun.StageBounds	source	NumStability.Algorithms.HighamChapter10	5	import NumStability.Algorithms.Cholesky.CholeskyPSD	import NumStability.Source.Higham.Chapter10.Section03.PositiveSemidefinite.WNormBound	1	NumStability.Algorithms.Cholesky.CholeskyPSD -> NumStability.Source.Higham.Chapter10.Section03.PositiveSemidefinite.WNormBound	preserved_recursive	1
NumStability.Source.Higham.Chapter10.Theorem14.CompletePivotedPSD.SuccessfulRun.StageBounds	source	NumStability.Algorithms.HighamChapter10	5	import NumStability.Algorithms.Cholesky.CholeskyPSD	import NumStability.Source.Higham.Chapter10.Theorem14.CompletePivotedPSD.PsdErrorAnalysis	1	NumStability.Algorithms.Cholesky.CholeskyPSD -> NumStability.Source.Higham.Chapter10.Theorem14.CompletePivotedPSD.PsdErrorAnalysis	preserved_recursive	1
NumStability.Source.Higham.Chapter10.Theorem14.CompletePivotedPSD.SuccessfulRun.StageBounds	source	NumStability.Algorithms.HighamChapter10	6	import NumStability.Algorithms.Cholesky.CholeskySpec	import NumStability.Algorithms.Cholesky.CholeskySpec	0	NumStability.Algorithms.Cholesky.CholeskySpec	preserved_direct	1
NumStability.Source.Higham.Chapter10.Theorem14.CompletePivotedPSD.SuccessfulRun.StageBounds	source	NumStability.Algorithms.HighamChapter10	7	import NumStability.Algorithms.LinearSystems.Cholesky.ErrorAnalysis.Certificates	import NumStability.Algorithms.LinearSystems.Cholesky.ErrorAnalysis.Certificates	0	NumStability.Algorithms.LinearSystems.Cholesky.ErrorAnalysis.Certificates	preserved_direct	1
NumStability.Source.Higham.Chapter10.Theorem14.CompletePivotedPSD.SuccessfulRun.StageBounds	source	NumStability.Algorithms.HighamChapter10	8	import NumStability.Algorithms.LinearSystems.Cholesky.Perturbation.Basic	import NumStability.Algorithms.LinearSystems.Cholesky.Perturbation.Basic	0	NumStability.Algorithms.LinearSystems.Cholesky.Perturbation.Basic	preserved_direct	1
NumStability.Source.Higham.Chapter10.Theorem14.CompletePivotedPSD.SuccessfulRun.StageBounds	source	NumStability.Algorithms.HighamChapter10	9	import NumStability.Algorithms.LinearSystems.Cholesky.PositiveSemidefinite.KahanMatrix	import NumStability.Algorithms.LinearSystems.Cholesky.PositiveSemidefinite.KahanMatrix	0	NumStability.Algorithms.LinearSystems.Cholesky.PositiveSemidefinite.KahanMatrix	preserved_direct	1
NumStability.Source.Higham.Chapter10.Theorem14.CompletePivotedPSD.SuccessfulRun.StageBounds	source	NumStability.Algorithms.HighamChapter10	10	import NumStability.Algorithms.LinearSystems.Cholesky.PositiveSemidefinite.ScaledStage	import NumStability.Algorithms.LinearSystems.Cholesky.PositiveSemidefinite.ScaledStage	0	NumStability.Algorithms.LinearSystems.Cholesky.PositiveSemidefinite.ScaledStage	preserved_direct	1
NumStability.Source.Higham.Chapter10.Theorem14.CompletePivotedPSD.SuccessfulRun.StageBounds	source	NumStability.Algorithms.HighamChapter10	11	import NumStability.Analysis.MatrixNorms.EntrywiseAbsolute.Basic	import NumStability.Analysis.MatrixNorms.EntrywiseAbsolute.Basic	0	NumStability.Analysis.MatrixNorms.EntrywiseAbsolute.Basic	preserved_direct	1
NumStability.Source.Higham.Chapter10.Theorem14.CompletePivotedPSD.SuccessfulRun.StageBounds	source	NumStability.Algorithms.HighamChapter10	12	import NumStability.Analysis.MatrixNorms.SpectralExtrema.Basic	import NumStability.Analysis.MatrixNorms.SpectralExtrema.Basic	0	NumStability.Analysis.MatrixNorms.SpectralExtrema.Basic	preserved_direct	1
NumStability.Source.Higham.Chapter10.Theorem14.CompletePivotedPSD.SuccessfulRun.StageBounds	source	NumStability.Algorithms.HighamChapter10	13	import NumStability.Analysis.MatrixSpectral	import NumStability.Analysis.MatrixSpectral	0	NumStability.Analysis.MatrixSpectral	preserved_direct	1
NumStability.Source.Higham.Chapter10.Theorem14.CompletePivotedPSD.SuccessfulRun.StageBounds	source	NumStability.Algorithms.HighamChapter10	14	import NumStability.Source.Higham.Chapter09.Problems	import NumStability.Source.Higham.Chapter09.Problems	0	NumStability.Source.Higham.Chapter09.Problems	preserved_direct	1
NumStability.Source.Higham.Chapter10.Theorem14.CompletePivotedPSD.SuccessfulRun.StageBounds	source	NumStability.Algorithms.HighamChapter10	15	import NumStability.Source.Higham.Chapter09.Section01	import NumStability.Source.Higham.Chapter09.Section01	0	NumStability.Source.Higham.Chapter09.Section01	preserved_direct	1
NumStability.Source.Higham.Chapter10.Theorem14.CompletePivotedPSD.SuccessfulRun.StageBounds	source	NumStability.Algorithms.HighamChapter10	16	import NumStability.Source.Higham.Chapter09.Section02	import NumStability.Source.Higham.Chapter09.Section02	0	NumStability.Source.Higham.Chapter09.Section02	preserved_direct	1
NumStability.Source.Higham.Chapter10.Theorem14.CompletePivotedPSD.SuccessfulRun.StageBounds	source	NumStability.Algorithms.HighamChapter10	17	import NumStability.Source.Higham.Chapter09.Section03	import NumStability.Source.Higham.Chapter09.Section03	0	NumStability.Source.Higham.Chapter09.Section03	preserved_direct	1
NumStability.Source.Higham.Chapter10.Theorem14.CompletePivotedPSD.SuccessfulRun.StageBounds	source	NumStability.Algorithms.HighamChapter10	18	import NumStability.Source.Higham.Chapter09.Section04	import NumStability.Source.Higham.Chapter09.Section04	0	NumStability.Source.Higham.Chapter09.Section04	preserved_direct	1
NumStability.Source.Higham.Chapter10.Theorem14.CompletePivotedPSD.SuccessfulRun.StageBounds	source	NumStability.Algorithms.HighamChapter10	19	import NumStability.Source.Higham.Chapter09.Section05	import NumStability.Source.Higham.Chapter09.Section05	0	NumStability.Source.Higham.Chapter09.Section05	preserved_direct	1
NumStability.Source.Higham.Chapter10.Theorem14.CompletePivotedPSD.SuccessfulRun.StageBounds	source	NumStability.Algorithms.HighamChapter10	20	import NumStability.Source.Higham.Chapter09.Section06	import NumStability.Source.Higham.Chapter09.Section06	0	NumStability.Source.Higham.Chapter09.Section06	preserved_direct	1
NumStability.Source.Higham.Chapter10.Theorem14.CompletePivotedPSD.SuccessfulRun.StageBounds	source	NumStability.Algorithms.HighamChapter10	21	import NumStability.Source.Higham.Chapter09.Section08	import NumStability.Source.Higham.Chapter09.Section08	0	NumStability.Source.Higham.Chapter09.Section08	preserved_direct	1
NumStability.Source.Higham.Chapter10.Theorem14.CompletePivotedPSD.SuccessfulRun.StageBounds	source	NumStability.Algorithms.HighamChapter10	22	import NumStability.Source.Higham.Chapter09.Section10	import NumStability.Source.Higham.Chapter09.Section10	0	NumStability.Source.Higham.Chapter09.Section10	preserved_direct	1
NumStability.Source.Higham.Chapter10.Theorem14.CompletePivotedPSD.SuccessfulRun.StageBounds	source	NumStability.Algorithms.HighamChapter10	23	import NumStability.Source.Higham.Chapter09.Section11	import NumStability.Source.Higham.Chapter09.Section11	0	NumStability.Source.Higham.Chapter09.Section11	preserved_direct	1
NumStability.Source.Higham.Chapter10.Theorem14.CompletePivotedPSD.SuccessfulRun.StageBounds	source	NumStability.Algorithms.HighamChapter10	24	import NumStability.Source.Higham.Chapter10.Equation07.AbsoluteFactorNorm.Endpoints	import NumStability.Source.Higham.Chapter10.Equation07.AbsoluteFactorNorm.Endpoints	0	NumStability.Source.Higham.Chapter10.Equation07.AbsoluteFactorNorm.Endpoints	preserved_direct	1
NumStability.Source.Higham.Chapter10.Theorem14.CompletePivotedPSD.SuccessfulRun.StageBounds	source	NumStability.Algorithms.HighamChapter10	25	import NumStability.Source.Higham.Chapter10.Equation29.Mathias.Endpoints	import NumStability.Source.Higham.Chapter10.Equation29.Mathias.Endpoints	0	NumStability.Source.Higham.Chapter10.Equation29.Mathias.Endpoints	preserved_direct	1
NumStability.Source.Higham.Chapter10.Theorem14.CompletePivotedPSD.SuccessfulRun.StageBounds	source	NumStability.Algorithms.HighamChapter10	26	import NumStability.Source.Higham.Chapter10.Equation30.ComplexPositiveDefinite.Endpoints	import NumStability.Source.Higham.Chapter10.Equation30.ComplexPositiveDefinite.Endpoints	0	NumStability.Source.Higham.Chapter10.Equation30.ComplexPositiveDefinite.Endpoints	preserved_direct	1
NumStability.Source.Higham.Chapter10.Theorem14.CompletePivotedPSD.SuccessfulRun.StageBounds	source	NumStability.Algorithms.HighamChapter10	27	import NumStability.Source.Higham.Chapter10.Lemma11.PivotSequenceStability.Endpoints	import NumStability.Source.Higham.Chapter10.Lemma11.PivotSequenceStability.Endpoints	0	NumStability.Source.Higham.Chapter10.Lemma11.PivotSequenceStability.Endpoints	preserved_direct	1
NumStability.Source.Higham.Chapter10.Theorem14.CompletePivotedPSD.SuccessfulRun.StageBounds	source	NumStability.Algorithms.HighamChapter10	28	import NumStability.Source.Higham.Chapter10.Lemma13.KahanSharpness.Endpoints	import NumStability.Source.Higham.Chapter10.Lemma13.KahanSharpness.Endpoints	0	NumStability.Source.Higham.Chapter10.Lemma13.KahanSharpness.Endpoints	preserved_direct	1
NumStability.Source.Higham.Chapter10.Theorem14.CompletePivotedPSD.SuccessfulRun.StageBounds	source	NumStability.Algorithms.HighamChapter10	29	import NumStability.Source.Higham.Chapter10.Problem01.PositiveSemidefiniteEntries.Basic	import NumStability.Source.Higham.Chapter10.Problem01.PositiveSemidefiniteEntries.Basic	0	NumStability.Source.Higham.Chapter10.Problem01.PositiveSemidefiniteEntries.Basic	preserved_direct	1
NumStability.Source.Higham.Chapter10.Theorem14.CompletePivotedPSD.SuccessfulRun.StageBounds	source	NumStability.Algorithms.HighamChapter10	30	import NumStability.Source.Higham.Chapter10.Problem04.UnpivotedGrowth.Basic	import NumStability.Source.Higham.Chapter10.Problem04.UnpivotedGrowth.Basic	0	NumStability.Source.Higham.Chapter10.Problem04.UnpivotedGrowth.Basic	preserved_direct	1
NumStability.Source.Higham.Chapter10.Theorem14.CompletePivotedPSD.SuccessfulRun.StageBounds	source	NumStability.Algorithms.HighamChapter10	31	import NumStability.Source.Higham.Chapter10.Problem08.LeadingMinorsCounterexample.Basic	import NumStability.Source.Higham.Chapter10.Problem08.LeadingMinorsCounterexample.Basic	0	NumStability.Source.Higham.Chapter10.Problem08.LeadingMinorsCounterexample.Basic	preserved_direct	1
NumStability.Source.Higham.Chapter10.Theorem14.CompletePivotedPSD.SuccessfulRun.StageBounds	source	NumStability.Algorithms.HighamChapter10	32	import NumStability.Source.Higham.Chapter10.Section01.Factorization.Basic	import NumStability.Source.Higham.Chapter10.Section01.Factorization.Basic	0	NumStability.Source.Higham.Chapter10.Section01.Factorization.Basic	preserved_direct	1
NumStability.Source.Higham.Chapter10.Theorem14.CompletePivotedPSD.SuccessfulRun.StageBounds	source	NumStability.Algorithms.HighamChapter10	33	import NumStability.Source.Higham.Chapter10.Section02.ErrorAnalysis.Basic	import NumStability.Source.Higham.Chapter10.Section02.ErrorAnalysis.Basic	0	NumStability.Source.Higham.Chapter10.Section02.ErrorAnalysis.Basic	preserved_direct	1
NumStability.Source.Higham.Chapter10.Theorem14.CompletePivotedPSD.SuccessfulRun.StageBounds	source	NumStability.Algorithms.HighamChapter10	34	import NumStability.Source.Higham.Chapter10.Section03.PositiveSemidefinite.Endpoints	import NumStability.Source.Higham.Chapter10.Section03.PositiveSemidefinite.Endpoints	0	NumStability.Source.Higham.Chapter10.Section03.PositiveSemidefinite.Endpoints	preserved_direct	1
NumStability.Source.Higham.Chapter10.Theorem14.CompletePivotedPSD.SuccessfulRun.StageBounds	source	NumStability.Algorithms.HighamChapter10	35	import NumStability.Source.Higham.Chapter10.Section04.PositiveDefiniteSymmetricPart.Endpoints	import NumStability.Source.Higham.Chapter10.Section04.PositiveDefiniteSymmetricPart.Endpoints	0	NumStability.Source.Higham.Chapter10.Section04.PositiveDefiniteSymmetricPart.Endpoints	preserved_direct	1
NumStability.Source.Higham.Chapter10.Theorem14.CompletePivotedPSD.SuccessfulRun.StageBounds	source	NumStability.Algorithms.HighamChapter10	36	import NumStability.Source.Higham.Chapter10.Theorem06.RoundedCholesky.Endpoints	import NumStability.Source.Higham.Chapter10.Theorem06.RoundedCholesky.Endpoints	0	NumStability.Source.Higham.Chapter10.Theorem06.RoundedCholesky.Endpoints	preserved_direct	1
NumStability.Source.Higham.Chapter10.Theorem14.CompletePivotedPSD.SuccessfulRun.StageBounds	source	NumStability.Algorithms.HighamChapter10	37	import NumStability.Source.Higham.Chapter10.Theorem07.FailureVacuity.Endpoints	import NumStability.Source.Higham.Chapter10.Theorem07.FailureVacuity.Endpoints	0	NumStability.Source.Higham.Chapter10.Theorem07.FailureVacuity.Endpoints	preserved_direct	1
NumStability.Source.Higham.Chapter10.Theorem14.CompletePivotedPSD.SuccessfulRun.StageBounds	source	NumStability.Algorithms.HighamChapter10	38	import NumStability.Source.Higham.Chapter10.Theorem08.ComponentwisePerturbation.Endpoints	import NumStability.Source.Higham.Chapter10.Theorem08.ComponentwisePerturbation.Endpoints	0	NumStability.Source.Higham.Chapter10.Theorem08.ComponentwisePerturbation.Endpoints	preserved_direct	1
NumStability.Source.Higham.Chapter10.Theorem14.CompletePivotedPSD.SuccessfulRun.StageBounds	source	NumStability.Algorithms.HighamChapter10	39	import NumStability.Source.Higham.Chapter10.Theorem08.NormwiseDiscrepancy.Endpoints	import NumStability.Source.Higham.Chapter10.Theorem08.NormwiseDiscrepancy.Endpoints	0	NumStability.Source.Higham.Chapter10.Theorem08.NormwiseDiscrepancy.Endpoints	preserved_direct	1
NumStability.Source.Higham.Chapter10.Theorem14.CompletePivotedPSD.SuccessfulRun.StageBounds	source	NumStability.Algorithms.HighamChapter10	40	import NumStability.Source.Higham.Chapter10.Theorem14.CompletePivotedPSD.Endpoints	import NumStability.Source.Higham.Chapter10.Theorem14.CompletePivotedPSD.Endpoints	0	NumStability.Source.Higham.Chapter10.Theorem14.CompletePivotedPSD.Endpoints	preserved_direct	1
NumStability.Source.Higham.Chapter11.Theorem07.Core.Results	source	NumStability.Source.Higham.Chapter11.Theorem07	1	import NumStability.Algorithms.LinearSystems.SymmetricIndefinite.BlockLDLT.BunchTridiagonalGrowthInvariant	import NumStability.Algorithms.LinearSystems.SymmetricIndefinite.BlockLDLT.BunchTridiagonalGrowthInvariant	0	NumStability.Algorithms.LinearSystems.SymmetricIndefinite.BlockLDLT.BunchTridiagonalGrowthInvariant	preserved_direct	1
NumStability.Source.Higham.Chapter11.Theorem07.Core.Results	source	NumStability.Source.Higham.Chapter11.Theorem07	2	import NumStability.Source.Higham.Chapter11.BlockLDLTBunchTridiagonal	import NumStability.Source.Higham.Chapter11.BlockLDLTBunchTridiagonal	0	NumStability.Source.Higham.Chapter11.BlockLDLTBunchTridiagonal	preserved_direct	1
NumStability.Source.Higham.Chapter11.Theorem07.Core.Results	source	NumStability.Source.Higham.Chapter11.Theorem07	3	import NumStability.Algorithms.LinearSystems.SymmetricIndefinite.BlockLDLT.BunchTridiagonalSparseFactor	import NumStability.Algorithms.LinearSystems.SymmetricIndefinite.BlockLDLT.BunchTridiagonalSparseFactor	0	NumStability.Algorithms.LinearSystems.SymmetricIndefinite.BlockLDLT.BunchTridiagonalSparseFactor	preserved_direct	1
