scope	match	path	authority_id	rationale
worker_owned	exact	NumStability/Algorithms/MatrixPowers.lean	codex-local	frozen exact C0005 R07 historical owner
worker_owned	exact	NumStability/Algorithms/MatrixPowersComplex.lean	codex-local	frozen exact C0005 R07 historical owner
worker_owned	exact	NumStability/Algorithms/MatrixPowersJordan.lean	codex-local	frozen exact C0005 R07 historical owner
worker_owned	exact	NumStability/Algorithms/MatrixPowersLp.lean	codex-local	frozen exact C0005 R07 historical owner
worker_owned	exact	NumStability/Algorithms/MatrixPowersLpJordan.lean	codex-local	frozen exact C0005 R07 historical owner
worker_owned	exact	NumStability/Algorithms/MatrixPowersPseudospectral.lean	codex-local	frozen exact C0005 R07 historical owner
worker_owned	exact	NumStability/Algorithms/MatrixPowersPseudospectralCriterion.lean	codex-local	frozen exact C0005 R07 historical owner
worker_owned	exact	NumStability/Algorithms/MatrixPowersSpectral.lean	codex-local	frozen exact C0005 R07 historical owner
worker_owned	exact	NumStability/Analysis/BergerGeneral.lean	codex-local	frozen exact C0005 R07 historical owner
worker_owned	exact	NumStability/Analysis/BergerInequality.lean	codex-local	frozen exact C0005 R07 historical owner
worker_owned	exact	NumStability/Analysis/BergerResolvent.lean	codex-local	frozen exact C0005 R07 historical owner
worker_owned	exact	NumStability/Analysis/CStarMatrices/Basic/RealMatrixBridge.lean	codex-local	frozen exact C0005 R07 historical owner
worker_owned	exact	NumStability/Analysis/CStarMatrixBridge.lean	codex-local	frozen exact C0005 R07 historical owner
worker_owned	exact	NumStability/Analysis/CStarMatrixExpectation.lean	codex-local	frozen exact C0005 R07 historical owner
worker_owned	exact	NumStability/Analysis/CStarMatrixTrace.lean	codex-local	frozen exact C0005 R07 historical owner
worker_owned	exact	NumStability/Analysis/DunfordResidue.lean	codex-local	frozen exact C0005 R07 historical owner
worker_owned	exact	NumStability/Analysis/HenriciExtremal.lean	codex-local	frozen exact C0005 R07 historical owner
worker_owned	exact	NumStability/Analysis/HenriciSharpConstant.lean	codex-local	frozen exact C0005 R07 historical owner
worker_owned	exact	NumStability/Analysis/HenriciSharpConstantExact.lean	codex-local	frozen exact C0005 R07 historical owner
worker_owned	exact	NumStability/Analysis/JordanNormalForm.lean	codex-local	frozen exact C0005 R07 historical owner
worker_owned	exact	NumStability/Analysis/LiebTrace.lean	codex-local	frozen exact C0005 R07 historical owner
worker_owned	exact	NumStability/Analysis/LinearOperators/MatrixPowers/Spijker/KreissBridge.lean	codex-local	frozen exact C0005 R07 historical owner
worker_owned	exact	NumStability/Analysis/MatrixPowersBaiDemmelGu.lean	codex-local	frozen exact C0005 R07 historical owner
worker_owned	exact	NumStability/Analysis/MatrixPowersBaiDemmelGuDistance.lean	codex-local	frozen exact C0005 R07 historical owner
worker_owned	exact	NumStability/Analysis/MatrixPowersBinomialBound.lean	codex-local	frozen exact C0005 R07 historical owner
worker_owned	exact	NumStability/Analysis/MatrixPowersGautschi.lean	codex-local	frozen exact C0005 R07 historical owner
worker_owned	exact	NumStability/Analysis/MatrixPowersHenrici.lean	codex-local	frozen exact C0005 R07 historical owner
worker_owned	exact	NumStability/Analysis/MatrixPowersHenriciNormal.lean	codex-local	frozen exact C0005 R07 historical owner
worker_owned	exact	NumStability/Analysis/MatrixPowersKreiss.lean	codex-local	frozen exact C0005 R07 historical owner
worker_owned	exact	NumStability/Analysis/MatrixPowersKreissSpijker.lean	codex-local	frozen exact C0005 R07 historical owner
worker_owned	exact	NumStability/Analysis/MatrixPowersLaszlo.lean	codex-local	frozen exact C0005 R07 historical owner
worker_owned	exact	NumStability/Analysis/MatrixPowersLp185Primary.lean	codex-local	frozen exact C0005 R07 historical owner
worker_owned	exact	NumStability/Analysis/MatrixPowersSchur.lean	codex-local	frozen exact C0005 R07 historical owner
worker_owned	exact	NumStability/Analysis/MatrixPowersSpijkerClosure.lean	codex-local	frozen exact C0005 R07 historical owner
worker_owned	exact	NumStability/Analysis/MatrixPowersSpijkerPlanar.lean	codex-local	frozen exact C0005 R07 historical owner
worker_owned	exact	NumStability/Analysis/MatrixPowersSpijkerPlanarAnalysis.lean	codex-local	frozen exact C0005 R07 historical owner
worker_owned	exact	NumStability/Analysis/MatrixPowersSpijkerRational.lean	codex-local	frozen exact C0005 R07 historical owner
worker_owned	exact	NumStability/Analysis/NilpotentJordanChain.lean	codex-local	frozen exact C0005 R07 historical owner
worker_owned	exact	NumStability/Analysis/NumericalRadius.lean	codex-local	frozen exact C0005 R07 historical owner
worker_owned	exact	NumStability/Analysis/OperatorLog.lean	codex-local	frozen exact C0005 R07 historical owner
worker_owned	exact	NumStability/Analysis/PseudospectralLowerBound.lean	codex-local	frozen exact C0005 R07 historical owner
worker_owned	exact	NumStability/Analysis/PseudospectralPowerBound.lean	codex-local	frozen exact C0005 R07 historical owner
worker_owned	exact	NumStability/Analysis/PseudospectralResolvent.lean	codex-local	frozen exact C0005 R07 historical owner
worker_owned	exact	NumStability/Analysis/ResolventFunctionalCalculus.lean	codex-local	frozen exact C0005 R07 historical owner
worker_owned	exact	NumStability/Analysis/SpijkerProjectionIntegral.lean	codex-local	frozen exact C0005 R07 historical owner
worker_destination	prefix	NumStability/Analysis/CStarMatrices/FiniteMatrixAlgebra/	codex-local	casefold-vacant production/test/delivery destination authority
worker_destination	prefix	NumStability/Analysis/LinearOperators/MatrixPowers/ExactNormBounds/NormalMatrices/	codex-local	casefold-vacant production/test/delivery destination authority
worker_destination	prefix	NumStability/Analysis/LinearOperators/MatrixPowers/Henrici/NormalCharacterization/	codex-local	casefold-vacant production/test/delivery destination authority
worker_destination	prefix	NumStability/Analysis/LinearOperators/MatrixPowers/Henrici/SchurBinomialBounds/	codex-local	casefold-vacant production/test/delivery destination authority
worker_destination	prefix	NumStability/Analysis/LinearOperators/MatrixPowers/Spijker/ArcLengthPowerBounds/	codex-local	casefold-vacant production/test/delivery destination authority
worker_destination	prefix	NumStability/Analysis/LinearOperators/MatrixPowers/Spijker/FiniteDimensionalPowerBounds/	codex-local	casefold-vacant production/test/delivery destination authority
worker_destination	prefix	NumStability/Analysis/LinearOperators/MatrixPowers/Spijker/PlanarArcLength/	codex-local	casefold-vacant production/test/delivery destination authority
worker_destination	prefix	NumStability/Analysis/LinearOperators/MatrixPowers/Spijker/PlanarCrossingBounds/	codex-local	casefold-vacant production/test/delivery destination authority
worker_destination	prefix	NumStability/Analysis/LinearOperators/MatrixPowers/Spijker/ResolventCoefficients/	codex-local	casefold-vacant production/test/delivery destination authority
worker_destination	prefix	NumStability/Analysis/LinearOperators/NumericalRadius/Berger/GeneralPowerInequality/	codex-local	casefold-vacant production/test/delivery destination authority
worker_destination	prefix	NumStability/Analysis/LinearOperators/NumericalRadius/Berger/Internal/	codex-local	casefold-vacant production/test/delivery destination authority
worker_destination	prefix	NumStability/Analysis/LinearOperators/NumericalRadius/Core/Internal/	codex-local	casefold-vacant production/test/delivery destination authority
worker_destination	prefix	NumStability/Analysis/LinearOperators/Pseudospectra/Resolvent/Internal/	codex-local	casefold-vacant production/test/delivery destination authority
worker_destination	prefix	NumStability/Analysis/LinearOperators/Schur/Complex/NormalTriangular/	codex-local	casefold-vacant production/test/delivery destination authority
worker_destination	prefix	NumStability/Source/Higham/Chapter18/Section01/MatrixPowerBounds/NamedBounds/SpijkerKreissUnconditional/	codex-local	casefold-vacant production/test/delivery destination authority
worker_destination	prefix	NumStabilityTest/Reorganization/R07/	codex-local	casefold-vacant production/test/delivery destination authority
worker_destination	prefix	docs/architecture/deliveries/R07/	codex-local	casefold-vacant production/test/delivery destination authority
integrator_shared_request	exact	NumStability/Algorithms.lean	primary-human	exact common-base R0011 postimage
integrator_shared_request	exact	NumStability/Algorithms/RandNLA/ElementwiseTraceMGF.lean	primary-human	exact common-base R0011 postimage
integrator_shared_request	exact	NumStability/Algorithms/RandNLA/RowSamplingTraceMGF.lean	primary-human	exact common-base R0011 postimage
integrator_shared_request	exact	NumStability/Algorithms/RandNLA/UniformRowSamplingMGF.lean	primary-human	exact common-base R0011 postimage
integrator_shared_request	exact	NumStability/Algorithms/RandomizedLinearAlgebra/Concentration/TraceMGF/LeverageScore.lean	primary-human	exact common-base R0011 postimage
integrator_shared_request	exact	NumStability/Algorithms/RandomizedLinearAlgebra/Concentration/TraceMGF/UniformRows.lean	primary-human	exact common-base R0011 postimage
integrator_shared_request	exact	NumStability/Algorithms/TestMatrices/Higham28Companion.lean	primary-human	exact common-base R0011 postimage
integrator_shared_request	exact	NumStability/Analysis.lean	primary-human	exact common-base R0011 postimage
integrator_shared_request	exact	NumStability/Analysis/CStarMatrices.lean	primary-human	exact common-base R0011 postimage
integrator_shared_request	exact	NumStability/Analysis/CStarMatrices/Basic/All.lean	primary-human	exact common-base R0011 postimage
integrator_shared_request	exact	NumStability/Analysis/CStarMatrices/Expectation/Finite.lean	primary-human	exact common-base R0011 postimage
integrator_shared_request	exact	NumStability/Analysis/CStarMatrices/FiniteMatrixAlgebra.lean	primary-human	exact common-base R0011 postimage
integrator_shared_request	exact	NumStability/Analysis/CStarMatrices/Trace/Basic.lean	primary-human	exact common-base R0011 postimage
integrator_shared_request	exact	NumStability/Analysis/FunctionalCalculus/OperatorLog/Monotonicity.lean	primary-human	exact common-base R0011 postimage
integrator_shared_request	exact	NumStability/Analysis/LinearOperators/MatrixPowers/ExactNormBounds/All.lean	primary-human	exact common-base R0011 postimage
integrator_shared_request	exact	NumStability/Analysis/LinearOperators/MatrixPowers/ExactNormBounds/NormalMatrices.lean	primary-human	exact common-base R0011 postimage
integrator_shared_request	exact	NumStability/Analysis/LinearOperators/MatrixPowers/Henrici/All.lean	primary-human	exact common-base R0011 postimage
integrator_shared_request	exact	NumStability/Analysis/LinearOperators/MatrixPowers/Henrici/NormalCharacterization.lean	primary-human	exact common-base R0011 postimage
integrator_shared_request	exact	NumStability/Analysis/LinearOperators/MatrixPowers/Henrici/SchurBinomialBounds.lean	primary-human	exact common-base R0011 postimage
integrator_shared_request	exact	NumStability/Analysis/LinearOperators/MatrixPowers/Spijker/All.lean	primary-human	exact common-base R0011 postimage
integrator_shared_request	exact	NumStability/Analysis/LinearOperators/MatrixPowers/Spijker/ArcLengthPowerBounds.lean	primary-human	exact common-base R0011 postimage
integrator_shared_request	exact	NumStability/Analysis/LinearOperators/MatrixPowers/Spijker/FiniteDimensionalPowerBounds.lean	primary-human	exact common-base R0011 postimage
integrator_shared_request	exact	NumStability/Analysis/LinearOperators/MatrixPowers/Spijker/PlanarArcLength.lean	primary-human	exact common-base R0011 postimage
integrator_shared_request	exact	NumStability/Analysis/LinearOperators/MatrixPowers/Spijker/PlanarCrossingBounds.lean	primary-human	exact common-base R0011 postimage
integrator_shared_request	exact	NumStability/Analysis/LinearOperators/MatrixPowers/Spijker/Rational.lean	primary-human	exact common-base R0011 postimage
integrator_shared_request	exact	NumStability/Analysis/LinearOperators/MatrixPowers/Spijker/ResolventCoefficients.lean	primary-human	exact common-base R0011 postimage
integrator_shared_request	exact	NumStability/Analysis/LinearOperators/NumericalRadius/Berger/All.lean	primary-human	exact common-base R0011 postimage
integrator_shared_request	exact	NumStability/Analysis/LinearOperators/NumericalRadius/Berger/GeneralPowerInequality.lean	primary-human	exact common-base R0011 postimage
integrator_shared_request	exact	NumStability/Analysis/LinearOperators/Schur/All.lean	primary-human	exact common-base R0011 postimage
integrator_shared_request	exact	NumStability/Analysis/LinearOperators/Schur/Complex/NormalTriangular.lean	primary-human	exact common-base R0011 postimage
integrator_shared_request	exact	NumStability/Analysis/MatrixInequalities/LiebTrace/Concavity.lean	primary-human	exact common-base R0011 postimage
integrator_shared_request	exact	NumStability/Analysis/TestMatrices/Companion/Companion.lean	primary-human	exact common-base R0011 postimage
integrator_shared_request	exact	NumStability/Analysis/TestMatrices/Companion/CompanionSpectral.lean	primary-human	exact common-base R0011 postimage
integrator_shared_request	exact	NumStability/Source/DrineasMahoney/RandNLA2016/Algorithm01/ElementwiseSampling/TraceMGF.lean	primary-human	exact common-base R0011 postimage
integrator_shared_request	exact	NumStability/Source/DrineasMahoney/RandNLA2016/Equation02/SpectralApproximation/ElementwiseSpectral.lean	primary-human	exact common-base R0011 postimage
integrator_shared_request	exact	NumStability/Source/DrineasMahoney/RandNLA2016/Equation07/SubspaceEmbedding/LeverageTraceMGF.lean	primary-human	exact common-base R0011 postimage
integrator_shared_request	exact	NumStability/Source/DrineasMahoney/RandNLA2016/Equation07/SubspaceEmbedding/RowNormTraceMGF.lean	primary-human	exact common-base R0011 postimage
integrator_shared_request	exact	NumStability/Source/Higham/Chapter18/Section01/MatrixPowerBounds/NamedBounds/All.lean	primary-human	exact common-base R0011 postimage
integrator_shared_request	exact	NumStability/Source/Higham/Chapter18/Section01/MatrixPowerBounds/NamedBounds/SpijkerKreiss.lean	primary-human	exact common-base R0011 postimage
integrator_shared_request	exact	NumStability/Source/Higham/Chapter18/Section01/MatrixPowerBounds/NamedBounds/SpijkerKreissUnconditional.lean	primary-human	exact common-base R0011 postimage
integrator_shared_request	exact	NumStability/Source/Higham/Chapter28/Section06/Companion/Companion.lean	primary-human	exact common-base R0011 postimage
integrator_shared_request	exact	NumStability/Source/Higham/Chapter28/Section06/Companion/CompanionSpectral.lean	primary-human	exact common-base R0011 postimage
integrator_shared_request	exact	NumStabilityTest.lean	primary-human	exact common-base R0011 postimage
integrator_shared_request	exact	docs/architecture/COMPATIBILITY.md	primary-human	exact common-base R0011 postimage
integrator_shared_request	exact	docs/architecture/layout-exceptions.json	primary-human	exact common-base R0011 postimage
integrator_shared_request	exact	docs/architecture/tiers.json	primary-human	exact common-base R0011 postimage
worker_forbidden	exact	.gitattributes	primary-human	selector complement, protected infrastructure, or integrator reservation
worker_forbidden	exact	.github/workflows/lean_action_ci.yml	primary-human	selector complement, protected infrastructure, or integrator reservation
worker_forbidden	exact	.gitignore	primary-human	selector complement, protected infrastructure, or integrator reservation
worker_forbidden	exact	ARCHITECTURE.md	primary-human	selector complement, protected infrastructure, or integrator reservation
worker_forbidden	exact	CHANGELOG.md	primary-human	selector complement, protected infrastructure, or integrator reservation
worker_forbidden	exact	CITATION.cff	primary-human	selector complement, protected infrastructure, or integrator reservation
worker_forbidden	exact	CONTRIBUTING.md	primary-human	selector complement, protected infrastructure, or integrator reservation
worker_forbidden	exact	LICENSE	primary-human	selector complement, protected infrastructure, or integrator reservation
worker_forbidden	exact	NumStability.lean	primary-human	selector complement, protected infrastructure, or integrator reservation
worker_forbidden	exact	NumStability/Algorithms.lean	primary-human	selector complement, protected infrastructure, or integrator reservation
worker_forbidden	exact	NumStability/Algorithms/AccumulatorSum.lean	primary-human	selector complement, protected infrastructure, or integrator reservation
worker_forbidden	exact	NumStability/Algorithms/AitkenDenominator.lean	primary-human	selector complement, protected infrastructure, or integrator reservation
worker_forbidden	exact	NumStability/Algorithms/Arithmetic/DotProduct/NoGuard.lean	primary-human	selector complement, protected infrastructure, or integrator reservation
worker_forbidden	exact	NumStability/Algorithms/Arithmetic/DotProduct/NoGuard/Core.lean	primary-human	selector complement, protected infrastructure, or integrator reservation
worker_forbidden	exact	NumStability/Algorithms/Arithmetic/DotProduct/NoGuard/Tree.lean	primary-human	selector complement, protected infrastructure, or integrator reservation
worker_forbidden	exact	NumStability/Algorithms/AutomaticErrorAnalysis/Higham26.lean	primary-human	selector complement, protected infrastructure, or integrator reservation
worker_forbidden	exact	NumStability/Algorithms/AutomaticErrorAnalysis/Higham26SourceSearch.lean	primary-human	selector complement, protected infrastructure, or integrator reservation
worker_forbidden	exact	NumStability/Algorithms/BlockDotProduct.lean	primary-human	selector complement, protected infrastructure, or integrator reservation
worker_forbidden	exact	NumStability/Algorithms/Ch10ActualSourceClosure.lean	primary-human	selector complement, protected infrastructure, or integrator reservation
worker_forbidden	exact	NumStability/Algorithms/Ch10Ch14Lemma66Op2Bridge.lean	primary-human	selector complement, protected infrastructure, or integrator reservation
worker_forbidden	exact	NumStability/Algorithms/Ch10ComplexPositiveDefiniteSourceClosure.lean	primary-human	selector complement, protected infrastructure, or integrator reservation
worker_forbidden	exact	NumStability/Algorithms/Ch10KahanSharpness.lean	primary-human	selector complement, protected infrastructure, or integrator reservation
worker_forbidden	exact	NumStability/Algorithms/Ch10KahanSharpnessSource.lean	primary-human	selector complement, protected infrastructure, or integrator reservation
worker_forbidden	exact	NumStability/Algorithms/Ch10Lemma1011Source.lean	primary-human	selector complement, protected infrastructure, or integrator reservation
worker_forbidden	exact	NumStability/Algorithms/Ch10PivotedPSDSourceClosure.lean	primary-human	selector complement, protected infrastructure, or integrator reservation
worker_forbidden	exact	NumStability/Algorithms/Ch10Theorem107FailureVacuity.lean	primary-human	selector complement, protected infrastructure, or integrator reservation
worker_forbidden	exact	NumStability/Algorithms/Ch10Theorem108Componentwise.lean	primary-human	selector complement, protected infrastructure, or integrator reservation
worker_forbidden	exact	NumStability/Algorithms/Ch10Theorem108Source.lean	primary-human	selector complement, protected infrastructure, or integrator reservation
worker_forbidden	exact	NumStability/Algorithms/Ch14AsymptoticFamilies.lean	primary-human	selector complement, protected infrastructure, or integrator reservation
worker_forbidden	exact	NumStability/Algorithms/Ch14BlockTriInverse.lean	primary-human	selector complement, protected infrastructure, or integrator reservation
worker_forbidden	exact	NumStability/Algorithms/Ch14Cor146UniformInverseBridge.lean	primary-human	selector complement, protected infrastructure, or integrator reservation
worker_forbidden	exact	NumStability/Algorithms/Ch14Cor147FinalDivisionFamilyClosure.lean	primary-human	selector complement, protected infrastructure, or integrator reservation
worker_forbidden	exact	NumStability/Algorithms/Ch14Cor147SourceDomainConstructor.lean	primary-human	selector complement, protected infrastructure, or integrator reservation
worker_forbidden	exact	NumStability/Algorithms/Ch14Corollary146Closure.lean	primary-human	selector complement, protected infrastructure, or integrator reservation
worker_forbidden	exact	NumStability/Algorithms/Ch14Corollary146Concrete.lean	primary-human	selector complement, protected infrastructure, or integrator reservation
worker_forbidden	exact	NumStability/Algorithms/Ch14Corollary146SourceClosure.lean	primary-human	selector complement, protected infrastructure, or integrator reservation
worker_forbidden	exact	NumStability/Algorithms/Ch14Corollary147.lean	primary-human	selector complement, protected infrastructure, or integrator reservation
worker_forbidden	exact	NumStability/Algorithms/Ch14Corollary147Closure.lean	primary-human	selector complement, protected infrastructure, or integrator reservation
worker_forbidden	exact	NumStability/Algorithms/Ch14Corollary147Concrete.lean	primary-human	selector complement, protected infrastructure, or integrator reservation
worker_forbidden	exact	NumStability/Algorithms/Ch14Corollary147SourceClosure.lean	primary-human	selector complement, protected infrastructure, or integrator reservation
worker_forbidden	exact	NumStability/Algorithms/Ch14Corollary147WeakFamily.lean	primary-human	selector complement, protected infrastructure, or integrator reservation
worker_forbidden	exact	NumStability/Algorithms/Ch14ForwardErrorEndpoint.lean	primary-human	selector complement, protected infrastructure, or integrator reservation
worker_forbidden	exact	NumStability/Algorithms/Ch14GJEActualDoolittleAdapter.lean	primary-human	selector complement, protected infrastructure, or integrator reservation
worker_forbidden	exact	NumStability/Algorithms/Ch14GJEAsymptoticFamilies.lean	primary-human	selector complement, protected infrastructure, or integrator reservation
worker_forbidden	exact	NumStability/Algorithms/Ch14GJEFinalDivisionClosure.lean	primary-human	selector complement, protected infrastructure, or integrator reservation
worker_forbidden	exact	NumStability/Algorithms/Ch14GJEOperationalBridge.lean	primary-human	selector complement, protected infrastructure, or integrator reservation
worker_forbidden	exact	NumStability/Algorithms/Ch14GJEPrintedEnvelopeClosure.lean	primary-human	selector complement, protected infrastructure, or integrator reservation
worker_forbidden	exact	NumStability/Algorithms/Ch14GJESourceAccumulationBridge.lean	primary-human	selector complement, protected infrastructure, or integrator reservation
worker_forbidden	exact	NumStability/Algorithms/Ch14GJETheorem145SourceClosure.lean	primary-human	selector complement, protected infrastructure, or integrator reservation
worker_forbidden	exact	NumStability/Algorithms/Ch14GaussJordanAccumulation.lean	primary-human	selector complement, protected infrastructure, or integrator reservation
worker_forbidden	exact	NumStability/Algorithms/Ch14GaussJordanQConstruction.lean	primary-human	selector complement, protected infrastructure, or integrator reservation
worker_forbidden	exact	NumStability/Algorithms/Ch14GaussJordanSPDCorollary.lean	primary-human	selector complement, protected infrastructure, or integrator reservation
worker_forbidden	exact	NumStability/Algorithms/Ch14GaussJordanSourceClosure.lean	primary-human	selector complement, protected infrastructure, or integrator reservation
worker_forbidden	exact	NumStability/Algorithms/Ch14GaussJordanStep.lean	primary-human	selector complement, protected infrastructure, or integrator reservation
worker_forbidden	exact	NumStability/Algorithms/Ch14HymanDeterminant.lean	primary-human	selector complement, protected infrastructure, or integrator reservation
worker_forbidden	exact	NumStability/Algorithms/Ch14Method1BWhole.lean	primary-human	selector complement, protected infrastructure, or integrator reservation
worker_forbidden	exact	NumStability/Algorithms/Ch14Method2C.lean	primary-human	selector complement, protected infrastructure, or integrator reservation
worker_forbidden	exact	NumStability/Algorithms/Ch14Method2CWhole.lean	primary-human	selector complement, protected infrastructure, or integrator reservation
worker_forbidden	exact	NumStability/Algorithms/Ch14Method2Loop.lean	primary-human	selector complement, protected infrastructure, or integrator reservation
worker_forbidden	exact	NumStability/Algorithms/Ch14MethodDLeftResidual.lean	primary-human	selector complement, protected infrastructure, or integrator reservation
worker_forbidden	exact	NumStability/Algorithms/Ch14MethodDProductDischarge.lean	primary-human	selector complement, protected infrastructure, or integrator reservation
worker_forbidden	exact	NumStability/Algorithms/Ch14MethodDUpperCertificate.lean	primary-human	selector complement, protected infrastructure, or integrator reservation
worker_forbidden	exact	NumStability/Algorithms/Ch14MethodsBC.lean	primary-human	selector complement, protected infrastructure, or integrator reservation
worker_forbidden	exact	NumStability/Algorithms/Ch14Problem1413Boundary.lean	primary-human	selector complement, protected infrastructure, or integrator reservation
worker_forbidden	exact	NumStability/Algorithms/Ch14Problem142.lean	primary-human	selector complement, protected infrastructure, or integrator reservation
worker_forbidden	exact	NumStability/Algorithms/Ch14Problem142Families.lean	primary-human	selector complement, protected infrastructure, or integrator reservation
worker_forbidden	exact	NumStability/Algorithms/Ch14Problem142Method2B.lean	primary-human	selector complement, protected infrastructure, or integrator reservation
worker_forbidden	exact	NumStability/Algorithms/Ch14ProductErrorNotation.lean	primary-human	selector complement, protected infrastructure, or integrator reservation
worker_forbidden	exact	NumStability/Algorithms/Ch14SchulzIteration.lean	primary-human	selector complement, protected infrastructure, or integrator reservation
worker_forbidden	exact	NumStability/Algorithms/Ch14SchulzRectangular.lean	primary-human	selector complement, protected infrastructure, or integrator reservation
worker_forbidden	exact	NumStability/Algorithms/Ch14SchulzSpectralConvergence.lean	primary-human	selector complement, protected infrastructure, or integrator reservation
worker_forbidden	exact	NumStability/Algorithms/Ch14SourceCorrections.lean	primary-human	selector complement, protected infrastructure, or integrator reservation
worker_forbidden	exact	NumStability/Algorithms/Ch15CondEstimators.lean	primary-human	selector complement, protected infrastructure, or integrator reservation
worker_forbidden	exact	NumStability/Algorithms/Ch15DixonClosure.lean	primary-human	selector complement, protected infrastructure, or integrator reservation
worker_forbidden	exact	NumStability/Algorithms/Ch15DixonProbability.lean	primary-human	selector complement, protected infrastructure, or integrator reservation
worker_forbidden	exact	NumStability/Algorithms/Ch4KahanFiniteFamily.lean	primary-human	selector complement, protected infrastructure, or integrator reservation
worker_forbidden	exact	NumStability/Algorithms/Ch5DerivativeError.lean	primary-human	selector complement, protected infrastructure, or integrator reservation
worker_forbidden	exact	NumStability/Algorithms/Ch5LejaProducer.lean	primary-human	selector complement, protected infrastructure, or integrator reservation
worker_forbidden	exact	NumStability/Algorithms/Ch5NewtonForm.lean	primary-human	selector complement, protected infrastructure, or integrator reservation
worker_forbidden	exact	NumStability/Algorithms/Ch5SourceClosure.lean	primary-human	selector complement, protected infrastructure, or integrator reservation
worker_forbidden	exact	NumStability/Algorithms/Chapter06Lemma66.lean	primary-human	selector complement, protected infrastructure, or integrator reservation
worker_forbidden	exact	NumStability/Algorithms/Chapter14Problem1415Weyl.lean	primary-human	selector complement, protected infrastructure, or integrator reservation
worker_forbidden	exact	NumStability/Algorithms/Chapter15CondEst.lean	primary-human	selector complement, protected infrastructure, or integrator reservation
worker_forbidden	exact	NumStability/Algorithms/Cholesky/Aasen118ReducedCh11Closure.lean	primary-human	selector complement, protected infrastructure, or integrator reservation
worker_forbidden	exact	NumStability/Algorithms/Cholesky/AasenAdjacentPivotOperationalMiddleCh11.lean	primary-human	selector complement, protected infrastructure, or integrator reservation
worker_forbidden	exact	NumStability/Algorithms/Cholesky/AasenAdjacentPivotResidualDomainCh11Discrepancy.lean	primary-human	selector complement, protected infrastructure, or integrator reservation
worker_forbidden	exact	NumStability/Algorithms/Cholesky/AasenAdjacentPivotSourceResidualCh11Closure.lean	primary-human	selector complement, protected infrastructure, or integrator reservation
worker_forbidden	exact	NumStability/Algorithms/Cholesky/AasenAdjacentPivotTridiagExecutorCh11Closure.lean	primary-human	selector complement, protected infrastructure, or integrator reservation
worker_forbidden	exact	NumStability/Algorithms/Cholesky/AasenAdjacentPivotTridiagForwardCounterexampleCh11.lean	primary-human	selector complement, protected infrastructure, or integrator reservation
worker_forbidden	exact	NumStability/Algorithms/Cholesky/AasenCoupledFpCh11Closure.lean	primary-human	selector complement, protected infrastructure, or integrator reservation
worker_forbidden	exact	NumStability/Algorithms/Cholesky/AasenDirect118Ch11Closure.lean	primary-human	selector complement, protected infrastructure, or integrator reservation
worker_forbidden	exact	NumStability/Algorithms/Cholesky/AasenDirectTridiagGEPPSolveCh11Closure.lean	primary-human	selector complement, protected infrastructure, or integrator reservation
worker_forbidden	exact	NumStability/Algorithms/Cholesky/AasenFactorNormCh11Closure.lean	primary-human	selector complement, protected infrastructure, or integrator reservation
worker_forbidden	exact	NumStability/Algorithms/Cholesky/AasenFactorResidualCh11Closure.lean	primary-human	selector complement, protected infrastructure, or integrator reservation
worker_forbidden	exact	NumStability/Algorithms/Cholesky/AasenGrowthCh11Closure.lean	primary-human	selector complement, protected infrastructure, or integrator reservation
worker_forbidden	exact	NumStability/Algorithms/Cholesky/AasenMiddleGEPPCh11Counterexample.lean	primary-human	selector complement, protected infrastructure, or integrator reservation
worker_forbidden	exact	NumStability/Algorithms/Cholesky/AasenOriginalCoordinateCorrectionCh11.lean	primary-human	selector complement, protected infrastructure, or integrator reservation
worker_forbidden	exact	NumStability/Algorithms/Cholesky/AasenPermutationSourceCorrectionCh11.lean	primary-human	selector complement, protected infrastructure, or integrator reservation
worker_forbidden	exact	NumStability/Algorithms/Cholesky/AasenPrintedCoefficientAlgebraCh11Closure.lean	primary-human	selector complement, protected infrastructure, or integrator reservation
worker_forbidden	exact	NumStability/Algorithms/Cholesky/AasenSourceSharpFactorResidualCh11Closure.lean	primary-human	selector complement, protected infrastructure, or integrator reservation
worker_forbidden	exact	NumStability/Algorithms/Cholesky/AasenTheorem118ScalarEdgeCh11Discrepancy.lean	primary-human	selector complement, protected infrastructure, or integrator reservation
worker_forbidden	exact	NumStability/Algorithms/Cholesky/AasenTridiagGEPPCh11Closure.lean	primary-human	selector complement, protected infrastructure, or integrator reservation
worker_forbidden	exact	NumStability/Algorithms/Cholesky/AasenUnitOuterSolveCh11Closure.lean	primary-human	selector complement, protected infrastructure, or integrator reservation
worker_forbidden	exact	NumStability/Algorithms/Cholesky/BlockLDLTAllOneByOnePrintedCh11Closure.lean	primary-human	selector complement, protected infrastructure, or integrator reservation
worker_forbidden	exact	NumStability/Algorithms/Cholesky/BlockLDLTBunchTridiagonalCh11Closure.lean	primary-human	selector complement, protected infrastructure, or integrator reservation
worker_forbidden	exact	NumStability/Algorithms/Cholesky/BlockLDLTMixedPivotCh11Closure.lean	primary-human	selector complement, protected infrastructure, or integrator reservation
worker_forbidden	exact	NumStability/Algorithms/Cholesky/BlockLDLTSolveBackwardCh11Closure.lean	primary-human	selector complement, protected infrastructure, or integrator reservation
worker_forbidden	exact	NumStability/Algorithms/Cholesky/BunchKaufmanSolveCh11Closure.lean	primary-human	selector complement, protected infrastructure, or integrator reservation
worker_forbidden	exact	NumStability/Algorithms/Cholesky/BunchTridiagonalActualSolveCh11Closure.lean	primary-human	selector complement, protected infrastructure, or integrator reservation
worker_forbidden	exact	NumStability/Algorithms/Cholesky/BunchTridiagonalCapstoneCh11Closure.lean	primary-human	selector complement, protected infrastructure, or integrator reservation
worker_forbidden	exact	NumStability/Algorithms/Cholesky/BunchTridiagonalFactorBoundCh11Closure.lean	primary-human	selector complement, protected infrastructure, or integrator reservation
worker_forbidden	exact	NumStability/Algorithms/Cholesky/BunchTridiagonalGrowthCh11Closure.lean	primary-human	selector complement, protected infrastructure, or integrator reservation
worker_forbidden	exact	NumStability/Algorithms/Cholesky/BunchTridiagonalGrowthInvariantCh11Closure.lean	primary-human	selector complement, protected infrastructure, or integrator reservation
worker_forbidden	exact	NumStability/Algorithms/Cholesky/BunchTridiagonalHFactorCh11Closure.lean	primary-human	selector complement, protected infrastructure, or integrator reservation
worker_forbidden	exact	NumStability/Algorithms/Cholesky/BunchTridiagonalSparseFactorCh11Closure.lean	primary-human	selector complement, protected infrastructure, or integrator reservation
worker_forbidden	exact	NumStability/Algorithms/Cholesky/BunchTridiagonalSparseSolveCh11Closure.lean	primary-human	selector complement, protected infrastructure, or integrator reservation
worker_forbidden	exact	NumStability/Algorithms/Cholesky/CholeskyDemmel.lean	primary-human	selector complement, protected infrastructure, or integrator reservation
worker_forbidden	exact	NumStability/Algorithms/Cholesky/CholeskyFl.lean	primary-human	selector complement, protected infrastructure, or integrator reservation
worker_forbidden	exact	NumStability/Algorithms/Cholesky/CholeskyIndefinite.lean	primary-human	selector complement, protected infrastructure, or integrator reservation
worker_forbidden	exact	NumStability/Algorithms/Cholesky/CholeskyNonsym.lean	primary-human	selector complement, protected infrastructure, or integrator reservation
worker_forbidden	exact	NumStability/Algorithms/Cholesky/CholeskyPSD.lean	primary-human	selector complement, protected infrastructure, or integrator reservation
worker_forbidden	exact	NumStability/Algorithms/Cholesky/CholeskyPerturbation.lean	primary-human	selector complement, protected infrastructure, or integrator reservation
worker_forbidden	exact	NumStability/Algorithms/Cholesky/CholeskySolve.lean	primary-human	selector complement, protected infrastructure, or integrator reservation
worker_forbidden	exact	NumStability/Algorithms/Cholesky/CholeskySpec.lean	primary-human	selector complement, protected infrastructure, or integrator reservation
worker_forbidden	exact	NumStability/Algorithms/Cholesky/Higham1014Equation1022.lean	primary-human	selector complement, protected infrastructure, or integrator reservation
worker_forbidden	exact	NumStability/Algorithms/Cholesky/Higham1014SourceError.lean	primary-human	selector complement, protected infrastructure, or integrator reservation
worker_forbidden	exact	NumStability/Algorithms/Cholesky/Higham1014SourceSuccess.lean	primary-human	selector complement, protected infrastructure, or integrator reservation
worker_forbidden	exact	NumStability/Algorithms/Cholesky/Higham1029Source.lean	primary-human	selector complement, protected infrastructure, or integrator reservation
worker_forbidden	exact	NumStability/Algorithms/Cholesky/Higham10Problem10_3.lean	primary-human	selector complement, protected infrastructure, or integrator reservation
worker_forbidden	exact	NumStability/Algorithms/Cholesky/Higham10Theorem10_7Source.lean	primary-human	selector complement, protected infrastructure, or integrator reservation
worker_forbidden	exact	NumStability/Algorithms/Cholesky/Higham11BunchActualSharpGrowthClosure.lean	primary-human	selector complement, protected infrastructure, or integrator reservation
worker_forbidden	exact	NumStability/Algorithms/Cholesky/Higham11BunchExactTrace.lean	primary-human	selector complement, protected infrastructure, or integrator reservation
worker_forbidden	exact	NumStability/Algorithms/Cholesky/Higham11BunchKaufmanActualSelector.lean	primary-human	selector complement, protected infrastructure, or integrator reservation
worker_forbidden	exact	NumStability/Algorithms/Cholesky/Higham11BunchKaufmanExactGrowth.lean	primary-human	selector complement, protected infrastructure, or integrator reservation
worker_forbidden	exact	NumStability/Algorithms/Cholesky/Higham11BunchKaufmanExactGrowthArithmetic.lean	primary-human	selector complement, protected infrastructure, or integrator reservation
worker_forbidden	exact	NumStability/Algorithms/Cholesky/Higham11BunchKaufmanExactTrace.lean	primary-human	selector complement, protected infrastructure, or integrator reservation
worker_forbidden	exact	NumStability/Algorithms/Cholesky/Higham11BunchKaufmanExplicitInverseSolve.lean	primary-human	selector complement, protected infrastructure, or integrator reservation
worker_forbidden	exact	NumStability/Algorithms/Cholesky/Higham11BunchKaufmanExplicitInverseTerminalClosedForm.lean	primary-human	selector complement, protected infrastructure, or integrator reservation
worker_forbidden	exact	NumStability/Algorithms/Cholesky/Higham11BunchKaufmanRoundedAccumulated.lean	primary-human	selector complement, protected infrastructure, or integrator reservation
worker_forbidden	exact	NumStability/Algorithms/Cholesky/Higham11BunchKaufmanRoundedBridge.lean	primary-human	selector complement, protected infrastructure, or integrator reservation
worker_forbidden	exact	NumStability/Algorithms/Cholesky/Higham11BunchKaufmanRoundedClosure.lean	primary-human	selector complement, protected infrastructure, or integrator reservation
worker_forbidden	exact	NumStability/Algorithms/Cholesky/Higham11BunchKaufmanRoundedExecution.lean	primary-human	selector complement, protected infrastructure, or integrator reservation
worker_forbidden	exact	NumStability/Algorithms/Cholesky/Higham11BunchKaufmanRoundedFactors.lean	primary-human	selector complement, protected infrastructure, or integrator reservation
worker_forbidden	exact	NumStability/Algorithms/Cholesky/Higham11BunchKaufmanRoundedGlobal.lean	primary-human	selector complement, protected infrastructure, or integrator reservation
worker_forbidden	exact	NumStability/Algorithms/Cholesky/Higham11BunchKaufmanRoundedGrowth.lean	primary-human	selector complement, protected infrastructure, or integrator reservation
worker_forbidden	exact	NumStability/Algorithms/Cholesky/Higham11BunchKaufmanRoundedGrowthSolve.lean	primary-human	selector complement, protected infrastructure, or integrator reservation
worker_forbidden	exact	NumStability/Algorithms/Cholesky/Higham11BunchKaufmanRoundedMiddleSolve.lean	primary-human	selector complement, protected infrastructure, or integrator reservation
worker_forbidden	exact	NumStability/Algorithms/Cholesky/Higham11BunchKaufmanRoundedSolve.lean	primary-human	selector complement, protected infrastructure, or integrator reservation
worker_forbidden	exact	NumStability/Algorithms/Cholesky/Higham11BunchKaufmanRoundedTerminal.lean	primary-human	selector complement, protected infrastructure, or integrator reservation
worker_forbidden	exact	NumStability/Algorithms/Cholesky/Higham11BunchKaufmanRoundedTerminalClosedForm.lean	primary-human	selector complement, protected infrastructure, or integrator reservation
worker_forbidden	exact	NumStability/Algorithms/Cholesky/Higham11BunchKaufmanSourceCorrection.lean	primary-human	selector complement, protected infrastructure, or integrator reservation
worker_forbidden	exact	NumStability/Algorithms/Cholesky/Higham11BunchSharpGrowthBridge.lean	primary-human	selector complement, protected infrastructure, or integrator reservation
worker_forbidden	exact	NumStability/Algorithms/Cholesky/Higham11BunchTraceHadamard.lean	primary-human	selector complement, protected infrastructure, or integrator reservation
worker_forbidden	exact	NumStability/Algorithms/Cholesky/Higham11Chapter9ActualExecutorBridge.lean	primary-human	selector complement, protected infrastructure, or integrator reservation
worker_forbidden	exact	NumStability/Algorithms/Cholesky/Higham11Chapter9BridgeClosure.lean	primary-human	selector complement, protected infrastructure, or integrator reservation
worker_forbidden	exact	NumStability/Algorithms/Cholesky/Higham11RookExactTrace.lean	primary-human	selector complement, protected infrastructure, or integrator reservation
worker_forbidden	exact	NumStability/Algorithms/Cholesky/Higham11RookExecutorAdapter.lean	primary-human	selector complement, protected infrastructure, or integrator reservation
worker_forbidden	exact	NumStability/Algorithms/Cholesky/Higham11RookRoundedGap.lean	primary-human	selector complement, protected infrastructure, or integrator reservation
worker_forbidden	exact	NumStability/Algorithms/Cholesky/Higham11RookSourceClosure.lean	primary-human	selector complement, protected infrastructure, or integrator reservation
worker_forbidden	exact	NumStability/Algorithms/Cholesky/Higham11SkewActualSelector.lean	primary-human	selector complement, protected infrastructure, or integrator reservation
worker_forbidden	exact	NumStability/Algorithms/Cholesky/Higham11SkewExactTrace.lean	primary-human	selector complement, protected infrastructure, or integrator reservation
worker_forbidden	exact	NumStability/Algorithms/Cholesky/Higham11SkewSourceCorrection.lean	primary-human	selector complement, protected infrastructure, or integrator reservation
worker_forbidden	exact	NumStability/Algorithms/Cholesky/HighamMathiasFirstBreakdown.lean	primary-human	selector complement, protected infrastructure, or integrator reservation
worker_forbidden	exact	NumStability/Algorithms/Cholesky/HighamMathiasSource.lean	primary-human	selector complement, protected infrastructure, or integrator reservation
worker_forbidden	exact	NumStability/Algorithms/Cholesky/TwoByTwoSchurStepCh11Closure.lean	primary-human	selector complement, protected infrastructure, or integrator reservation
worker_forbidden	exact	NumStability/Algorithms/Circulant/Higham24.lean	primary-human	selector complement, protected infrastructure, or integrator reservation
worker_forbidden	exact	NumStability/Algorithms/Circulant/Higham24BackwardStability.lean	primary-human	selector complement, protected infrastructure, or integrator reservation
worker_forbidden	exact	NumStability/Algorithms/Circulant/Higham24ForwardError.lean	primary-human	selector complement, protected infrastructure, or integrator reservation
worker_forbidden	exact	NumStability/Algorithms/Circulant/Higham24ForwardPerturbation.lean	primary-human	selector complement, protected infrastructure, or integrator reservation
worker_forbidden	exact	NumStability/Algorithms/Circulant/Higham24InverseFFT.lean	primary-human	selector complement, protected infrastructure, or integrator reservation
worker_forbidden	exact	NumStability/Algorithms/Circulant/Higham24LiteralSolver.lean	primary-human	selector complement, protected infrastructure, or integrator reservation
worker_forbidden	exact	NumStability/Algorithms/Circulant/Higham24Rounded.lean	primary-human	selector complement, protected infrastructure, or integrator reservation
worker_forbidden	exact	NumStability/Algorithms/Circulant/Higham24Structured.lean	primary-human	selector complement, protected infrastructure, or integrator reservation
worker_forbidden	exact	NumStability/Algorithms/CompensatedSum.lean	primary-human	selector complement, protected infrastructure, or integrator reservation
worker_forbidden	exact	NumStability/Algorithms/ComplexBackwardError.lean	primary-human	selector complement, protected infrastructure, or integrator reservation
worker_forbidden	exact	NumStability/Algorithms/CondEstimation.lean	primary-human	selector complement, protected infrastructure, or integrator reservation
worker_forbidden	exact	NumStability/Algorithms/ContinuedFraction.lean	primary-human	selector complement, protected infrastructure, or integrator reservation
worker_forbidden	exact	NumStability/Algorithms/DotProduct.lean	primary-human	selector complement, protected infrastructure, or integrator reservation
worker_forbidden	exact	NumStability/Algorithms/DoublyCompensatedSum.lean	primary-human	selector complement, protected infrastructure, or integrator reservation
worker_forbidden	exact	NumStability/Algorithms/ExtendedPrecisionDotProduct.lean	primary-human	selector complement, protected infrastructure, or integrator reservation
worker_forbidden	exact	NumStability/Algorithms/FFT/Higham24.lean	primary-human	selector complement, protected infrastructure, or integrator reservation
worker_forbidden	exact	NumStability/Algorithms/FFT/Higham24Radix2.lean	primary-human	selector complement, protected infrastructure, or integrator reservation
worker_forbidden	exact	NumStability/Algorithms/FastMatMul.lean	primary-human	selector complement, protected infrastructure, or integrator reservation
worker_forbidden	exact	NumStability/Algorithms/FastMatMul/Higham23.lean	primary-human	selector complement, protected infrastructure, or integrator reservation
worker_forbidden	exact	NumStability/Algorithms/FastMatMul/Higham23Bini.lean	primary-human	selector complement, protected infrastructure, or integrator reservation
worker_forbidden	exact	NumStability/Algorithms/FastMatMul/Higham23Problem23_8.lean	primary-human	selector complement, protected infrastructure, or integrator reservation
worker_forbidden	exact	NumStability/Algorithms/FastMatMul/Higham23Recursive.lean	primary-human	selector complement, protected infrastructure, or integrator reservation
worker_forbidden	exact	NumStability/Algorithms/FastMatMul/Higham23Remaining.lean	primary-human	selector complement, protected infrastructure, or integrator reservation
worker_forbidden	exact	NumStability/Algorithms/FastMatMul/Higham23ThreeMStrassen.lean	primary-human	selector complement, protected infrastructure, or integrator reservation
worker_forbidden	exact	NumStability/Algorithms/FastMatMul/Internal/LegacyBounds.lean	primary-human	selector complement, protected infrastructure, or integrator reservation
worker_forbidden	exact	NumStability/Algorithms/FastMatMul/Recurrences.lean	primary-human	selector complement, protected infrastructure, or integrator reservation
worker_forbidden	exact	NumStability/Algorithms/ForwardSub.lean	primary-human	selector complement, protected infrastructure, or integrator reservation
worker_forbidden	exact	NumStability/Algorithms/GaussJordan.lean	primary-human	selector complement, protected infrastructure, or integrator reservation
worker_forbidden	exact	NumStability/Algorithms/GaussJordanPivoting.lean	primary-human	selector complement, protected infrastructure, or integrator reservation
worker_forbidden	exact	NumStability/Algorithms/GridPoints.lean	primary-human	selector complement, protected infrastructure, or integrator reservation
worker_forbidden	exact	NumStability/Algorithms/Higham5FastPolynomialEvaluation.lean	primary-human	selector complement, protected infrastructure, or integrator reservation
worker_forbidden	exact	NumStability/Algorithms/Higham5PatersonStockmeyer.lean	primary-human	selector complement, protected infrastructure, or integrator reservation
worker_forbidden	exact	NumStability/Algorithms/Higham726Rump.lean	primary-human	selector complement, protected infrastructure, or integrator reservation
worker_forbidden	exact	NumStability/Algorithms/HighamChapter10.lean	primary-human	selector complement, protected infrastructure, or integrator reservation
worker_forbidden	exact	NumStability/Algorithms/HighamChapter11.lean	primary-human	selector complement, protected infrastructure, or integrator reservation
worker_forbidden	exact	NumStability/Algorithms/HighamChapter12.lean	primary-human	selector complement, protected infrastructure, or integrator reservation
worker_forbidden	exact	NumStability/Algorithms/HighamChapter12Ch9GenericSolverBridge.lean	primary-human	selector complement, protected infrastructure, or integrator reservation
worker_forbidden	exact	NumStability/Algorithms/HighamChapter12Ch9SolverBridge.lean	primary-human	selector complement, protected infrastructure, or integrator reservation
worker_forbidden	exact	NumStability/Algorithms/HighamChapter12OmegaDiscontinuity.lean	primary-human	selector complement, protected infrastructure, or integrator reservation
worker_forbidden	exact	NumStability/Algorithms/HighamChapter12Problem12_2.lean	primary-human	selector complement, protected infrastructure, or integrator reservation
worker_forbidden	exact	NumStability/Algorithms/HighamChapter15BoydBridges.lean	primary-human	selector complement, protected infrastructure, or integrator reservation
worker_forbidden	exact	NumStability/Algorithms/HighamChapter15BoydConcreteLemma3.lean	primary-human	selector complement, protected infrastructure, or integrator reservation
worker_forbidden	exact	NumStability/Algorithms/HighamChapter15BoydLocalStability.lean	primary-human	selector complement, protected infrastructure, or integrator reservation
worker_forbidden	exact	NumStability/Algorithms/HighamChapter15BoydRowwiseDomain.lean	primary-human	selector complement, protected infrastructure, or integrator reservation
worker_forbidden	exact	NumStability/Algorithms/HighamChapter15BoydScalar.lean	primary-human	selector complement, protected infrastructure, or integrator reservation
worker_forbidden	exact	NumStability/Algorithms/HighamChapter15BoydSourceClosure.lean	primary-human	selector complement, protected infrastructure, or integrator reservation
worker_forbidden	exact	NumStability/Algorithms/HighamChapter15BoydSourceDomain.lean	primary-human	selector complement, protected infrastructure, or integrator reservation
worker_forbidden	exact	NumStability/Algorithms/HighamChapter15BoydSourceLocal.lean	primary-human	selector complement, protected infrastructure, or integrator reservation
worker_forbidden	exact	NumStability/Algorithms/HighamChapter15BoydSourceSecondDerivative.lean	primary-human	selector complement, protected infrastructure, or integrator reservation
worker_forbidden	exact	NumStability/Algorithms/HighamChapter15BoydUniqueness.lean	primary-human	selector complement, protected infrastructure, or integrator reservation
worker_forbidden	exact	NumStability/Algorithms/HighamChapter15Ch7PracticalBoundBridge.lean	primary-human	selector complement, protected infrastructure, or integrator reservation
worker_forbidden	exact	NumStability/Algorithms/HighamChapter15ConvergenceProse.lean	primary-human	selector complement, protected infrastructure, or integrator reservation
worker_forbidden	exact	NumStability/Algorithms/HighamChapter15RectTermination.lean	primary-human	selector complement, protected infrastructure, or integrator reservation
worker_forbidden	exact	NumStability/Algorithms/HighamChapter3NoGuardDotBridge.lean	primary-human	selector complement, protected infrastructure, or integrator reservation
worker_forbidden	exact	NumStability/Algorithms/HighamChapter4KaoWangScope.lean	primary-human	selector complement, protected infrastructure, or integrator reservation
worker_forbidden	exact	NumStability/Algorithms/HighamChapter5ComplexAlgorithm51.lean	primary-human	selector complement, protected infrastructure, or integrator reservation
worker_forbidden	exact	NumStability/Algorithms/HighamChapter8.lean	primary-human	selector complement, protected infrastructure, or integrator reservation
worker_forbidden	exact	NumStability/Algorithms/HighamChapter8FanInClosure.lean	primary-human	selector complement, protected infrastructure, or integrator reservation
worker_forbidden	exact	NumStability/Algorithms/HighamChapter8Lemma88SourceDiscrepancy.lean	primary-human	selector complement, protected infrastructure, or integrator reservation
worker_forbidden	exact	NumStability/Algorithms/HighamChapter9.lean	primary-human	selector complement, protected infrastructure, or integrator reservation
worker_forbidden	exact	NumStability/Algorithms/HighamChapter9CompletePivotSharpClosure.lean	primary-human	selector complement, protected infrastructure, or integrator reservation
worker_forbidden	exact	NumStability/Algorithms/HighamChapter9ComplexClosure.lean	primary-human	selector complement, protected infrastructure, or integrator reservation
worker_forbidden	exact	NumStability/Algorithms/HighamChapter9ComputedCorrection.lean	primary-human	selector complement, protected infrastructure, or integrator reservation
worker_forbidden	exact	NumStability/Algorithms/HighamChapter9DoolittleClosure.lean	primary-human	selector complement, protected infrastructure, or integrator reservation
worker_forbidden	exact	NumStability/Algorithms/HighamChapter9Theorem914Actual.lean	primary-human	selector complement, protected infrastructure, or integrator reservation
worker_forbidden	exact	NumStability/Algorithms/HighamChapter9Theorem914DiagDominant.lean	primary-human	selector complement, protected infrastructure, or integrator reservation
worker_forbidden	exact	NumStability/Algorithms/HighamChapter9Theorem914Primitive.lean	primary-human	selector complement, protected infrastructure, or integrator reservation
worker_forbidden	exact	NumStability/Algorithms/HighamChapter9Theorem97Classification.lean	primary-human	selector complement, protected infrastructure, or integrator reservation
worker_forbidden	exact	NumStability/Algorithms/HighamChapter9Theorem99Closure.lean	primary-human	selector complement, protected infrastructure, or integrator reservation
worker_forbidden	exact	NumStability/Algorithms/HighamChapter9Theorem99ComplexClosure.lean	primary-human	selector complement, protected infrastructure, or integrator reservation
worker_forbidden	exact	NumStability/Algorithms/HighamChapters1To9SourceClosure.lean	primary-human	selector complement, protected infrastructure, or integrator reservation
worker_forbidden	exact	NumStability/Algorithms/HighamLemma88Entrywise.lean	primary-human	selector complement, protected infrastructure, or integrator reservation
worker_forbidden	exact	NumStability/Algorithms/Horner.lean	primary-human	selector complement, protected infrastructure, or integrator reservation
worker_forbidden	exact	NumStability/Algorithms/InsertionSum.lean	primary-human	selector complement, protected infrastructure, or integrator reservation
worker_forbidden	exact	NumStability/Algorithms/InverseBounds.lean	primary-human	selector complement, protected infrastructure, or integrator reservation
worker_forbidden	exact	NumStability/Algorithms/IterativeRefinement.lean	primary-human	selector complement, protected infrastructure, or integrator reservation
worker_forbidden	exact	NumStability/Algorithms/KahanAbsolute.lean	primary-human	selector complement, protected infrastructure, or integrator reservation
worker_forbidden	exact	NumStability/Algorithms/KahanCompensatedFiniteFormat.lean	primary-human	selector complement, protected infrastructure, or integrator reservation
worker_forbidden	exact	NumStability/Algorithms/LU/BlockLU.lean	primary-human	selector complement, protected infrastructure, or integrator reservation
worker_forbidden	exact	NumStability/Algorithms/LU/BlockLUArbitraryNormSourceClosure.lean	primary-human	selector complement, protected infrastructure, or integrator reservation
worker_forbidden	exact	NumStability/Algorithms/LU/BlockLUComputationSourceClosure.lean	primary-human	selector complement, protected infrastructure, or integrator reservation
worker_forbidden	exact	NumStability/Algorithms/LU/BlockLUFirstOrderFamilies.lean	primary-human	selector complement, protected infrastructure, or integrator reservation
worker_forbidden	exact	NumStability/Algorithms/LU/BlockLUPointRowGrowthSourceClosure.lean	primary-human	selector complement, protected infrastructure, or integrator reservation
worker_forbidden	exact	NumStability/Algorithms/LU/BlockLURowSourceClosure.lean	primary-human	selector complement, protected infrastructure, or integrator reservation
worker_forbidden	exact	NumStability/Algorithms/LU/BlockLUSPDFamilies.lean	primary-human	selector complement, protected infrastructure, or integrator reservation
worker_forbidden	exact	NumStability/Algorithms/LU/BlockLUSPDSourceClosure.lean	primary-human	selector complement, protected infrastructure, or integrator reservation
worker_forbidden	exact	NumStability/Algorithms/LU/BlockLUScalarGrowthBridge.lean	primary-human	selector complement, protected infrastructure, or integrator reservation
worker_forbidden	exact	NumStability/Algorithms/LU/BlockLUSourceClosure.lean	primary-human	selector complement, protected infrastructure, or integrator reservation
worker_forbidden	exact	NumStability/Algorithms/LU/BlockLUTable13_1Families.lean	primary-human	selector complement, protected infrastructure, or integrator reservation
worker_forbidden	exact	NumStability/Algorithms/LU/BlockLUVarying.lean	primary-human	selector complement, protected infrastructure, or integrator reservation
worker_forbidden	exact	NumStability/Algorithms/LU/Doolittle.lean	primary-human	selector complement, protected infrastructure, or integrator reservation
worker_forbidden	exact	NumStability/Algorithms/LU/GaussianElimination.lean	primary-human	selector complement, protected infrastructure, or integrator reservation
worker_forbidden	exact	NumStability/Algorithms/LU/GrowthFactor.lean	primary-human	selector complement, protected infrastructure, or integrator reservation
worker_forbidden	exact	NumStability/Algorithms/LU/Higham13DemmelSharpMultiplier.lean	primary-human	selector complement, protected infrastructure, or integrator reservation
worker_forbidden	exact	NumStability/Algorithms/LU/Higham15Problem15_4.lean	primary-human	selector complement, protected infrastructure, or integrator reservation
worker_forbidden	exact	NumStability/Algorithms/LU/Higham15Problem15_6.lean	primary-human	selector complement, protected infrastructure, or integrator reservation
worker_forbidden	exact	NumStability/Algorithms/LU/Higham15Problem15_6Closure.lean	primary-human	selector complement, protected infrastructure, or integrator reservation
worker_forbidden	exact	NumStability/Algorithms/LU/Higham15Problem15_6Operational.lean	primary-human	selector complement, protected infrastructure, or integrator reservation
worker_forbidden	exact	NumStability/Algorithms/LU/LUSolve.lean	primary-human	selector complement, protected infrastructure, or integrator reservation
worker_forbidden	exact	NumStability/Algorithms/LU/SpecialMatrices.lean	primary-human	selector complement, protected infrastructure, or integrator reservation
worker_forbidden	exact	NumStability/Algorithms/LU/Tridiagonal.lean	primary-human	selector complement, protected infrastructure, or integrator reservation
worker_forbidden	exact	NumStability/Algorithms/LU/TridiagonalCond.lean	primary-human	selector complement, protected infrastructure, or integrator reservation
worker_forbidden	exact	NumStability/Algorithms/LU/TridiagonalCondCh15.lean	primary-human	selector complement, protected infrastructure, or integrator reservation
worker_forbidden	exact	NumStability/Algorithms/LU/TridiagonalCondCh15Closure.lean	primary-human	selector complement, protected infrastructure, or integrator reservation
worker_forbidden	exact	NumStability/Algorithms/LU/TridiagonalCondCh15IkebeClosure.lean	primary-human	selector complement, protected infrastructure, or integrator reservation
worker_forbidden	exact	NumStability/Algorithms/LU/TridiagonalRecurrence.lean	primary-human	selector complement, protected infrastructure, or integrator reservation
worker_forbidden	exact	NumStability/Algorithms/LeastSquares/Higham20Algorithms.lean	primary-human	selector complement, protected infrastructure, or integrator reservation
worker_forbidden	exact	NumStability/Algorithms/LeastSquares/Higham20AlternativeBound.lean	primary-human	selector complement, protected infrastructure, or integrator reservation
worker_forbidden	exact	NumStability/Algorithms/LeastSquares/Higham20CrossProductExample.lean	primary-human	selector complement, protected infrastructure, or integrator reservation
worker_forbidden	exact	NumStability/Algorithms/LeastSquares/Higham20EliminationActual.lean	primary-human	selector complement, protected infrastructure, or integrator reservation
worker_forbidden	exact	NumStability/Algorithms/LeastSquares/Higham20Equations.lean	primary-human	selector complement, protected infrastructure, or integrator reservation
worker_forbidden	exact	NumStability/Algorithms/LeastSquares/Higham20ExampleCondition.lean	primary-human	selector complement, protected infrastructure, or integrator reservation
worker_forbidden	exact	NumStability/Algorithms/LeastSquares/Higham20GeneralWedin.lean	primary-human	selector complement, protected infrastructure, or integrator reservation
worker_forbidden	exact	NumStability/Algorithms/LeastSquares/Higham20Lemma20_11.lean	primary-human	selector complement, protected infrastructure, or integrator reservation
worker_forbidden	exact	NumStability/Algorithms/LeastSquares/Higham20Lemma20_12.lean	primary-human	selector complement, protected infrastructure, or integrator reservation
worker_forbidden	exact	NumStability/Algorithms/LeastSquares/Higham20MGSStability.lean	primary-human	selector complement, protected infrastructure, or integrator reservation
worker_forbidden	exact	NumStability/Algorithms/LeastSquares/Higham20MPProse.lean	primary-human	selector complement, protected infrastructure, or integrator reservation
worker_forbidden	exact	NumStability/Algorithms/LeastSquares/Higham20MinimumNormBackwardError.lean	primary-human	selector complement, protected infrastructure, or integrator reservation
worker_forbidden	exact	NumStability/Algorithms/LeastSquares/Higham20NormalEquationsNorms.lean	primary-human	selector complement, protected infrastructure, or integrator reservation
worker_forbidden	exact	NumStability/Algorithms/LeastSquares/Higham20Problem20_3.lean	primary-human	selector complement, protected infrastructure, or integrator reservation
worker_forbidden	exact	NumStability/Algorithms/LeastSquares/Higham20Prose.lean	primary-human	selector complement, protected infrastructure, or integrator reservation
worker_forbidden	exact	NumStability/Algorithms/LeastSquares/Higham20QuantitativeProse.lean	primary-human	selector complement, protected infrastructure, or integrator reservation
worker_forbidden	exact	NumStability/Algorithms/LeastSquares/Higham20Refinement.lean	primary-human	selector complement, protected infrastructure, or integrator reservation
worker_forbidden	exact	NumStability/Algorithms/LeastSquares/Higham20Remaining.lean	primary-human	selector complement, protected infrastructure, or integrator reservation
worker_forbidden	exact	NumStability/Algorithms/LeastSquares/Higham20ResidualQuality.lean	primary-human	selector complement, protected infrastructure, or integrator reservation
worker_forbidden	exact	NumStability/Algorithms/LeastSquares/Higham20RowSorting.lean	primary-human	selector complement, protected infrastructure, or integrator reservation
worker_forbidden	exact	NumStability/Algorithms/LeastSquares/Higham20SourceAliases.lean	primary-human	selector complement, protected infrastructure, or integrator reservation
worker_forbidden	exact	NumStability/Algorithms/LeastSquares/Higham20Theorem20_10.lean	primary-human	selector complement, protected infrastructure, or integrator reservation
worker_forbidden	exact	NumStability/Algorithms/LeastSquares/Higham20Theorem20_3.lean	primary-human	selector complement, protected infrastructure, or integrator reservation
worker_forbidden	exact	NumStability/Algorithms/LeastSquares/Higham20Theorem20_4Absorption.lean	primary-human	selector complement, protected infrastructure, or integrator reservation
worker_forbidden	exact	NumStability/Algorithms/LeastSquares/Higham20Theorem20_7.lean	primary-human	selector complement, protected infrastructure, or integrator reservation
worker_forbidden	exact	NumStability/Algorithms/LeastSquares/Higham20Theorem20_7ActualAssembly.lean	primary-human	selector complement, protected infrastructure, or integrator reservation
worker_forbidden	exact	NumStability/Algorithms/LeastSquares/Higham20Theorem20_7ActualBackSub.lean	primary-human	selector complement, protected infrastructure, or integrator reservation
worker_forbidden	exact	NumStability/Algorithms/LeastSquares/Higham20Theorem20_7ActualClosure.lean	primary-human	selector complement, protected infrastructure, or integrator reservation
worker_forbidden	exact	NumStability/Algorithms/LeastSquares/Higham20Theorem20_7ActualGrowth.lean	primary-human	selector complement, protected infrastructure, or integrator reservation
worker_forbidden	exact	NumStability/Algorithms/LeastSquares/Higham20Theorem20_7ActualRhs.lean	primary-human	selector complement, protected infrastructure, or integrator reservation
worker_forbidden	exact	NumStability/Algorithms/LeastSquares/Higham20Theorem20_7ActualTrace.lean	primary-human	selector complement, protected infrastructure, or integrator reservation
worker_forbidden	exact	NumStability/Algorithms/LeastSquares/Higham20Theorem20_7Contract.lean	primary-human	selector complement, protected infrastructure, or integrator reservation
worker_forbidden	exact	NumStability/Algorithms/LeastSquares/Higham20Theorem20_7QdR.lean	primary-human	selector complement, protected infrastructure, or integrator reservation
worker_forbidden	exact	NumStability/Algorithms/LeastSquares/Higham20Theorem20_7Runtime.lean	primary-human	selector complement, protected infrastructure, or integrator reservation
worker_forbidden	exact	NumStability/Algorithms/LeastSquares/Higham20Theorem20_7SourceTrace.lean	primary-human	selector complement, protected infrastructure, or integrator reservation
worker_forbidden	exact	NumStability/Algorithms/LeastSquares/Higham20Theorem20_8.lean	primary-human	selector complement, protected infrastructure, or integrator reservation
worker_forbidden	exact	NumStability/Algorithms/LeastSquares/Higham20WeightedLimit.lean	primary-human	selector complement, protected infrastructure, or integrator reservation
worker_forbidden	exact	NumStability/Algorithms/LeastSquares/Higham20ZeroDeltaB.lean	primary-human	selector complement, protected infrastructure, or integrator reservation
worker_forbidden	exact	NumStability/Algorithms/LeastSquares/LSE.lean	primary-human	selector complement, protected infrastructure, or integrator reservation
worker_forbidden	exact	NumStability/Algorithms/LeastSquares/LSNormalEquations.lean	primary-human	selector complement, protected infrastructure, or integrator reservation
worker_forbidden	exact	NumStability/Algorithms/LeastSquares/LSPerturbation.lean	primary-human	selector complement, protected infrastructure, or integrator reservation
worker_forbidden	exact	NumStability/Algorithms/LeastSquares/LSQRSolve.lean	primary-human	selector complement, protected infrastructure, or integrator reservation
worker_forbidden	exact	NumStability/Algorithms/LinearSystems.lean	primary-human	selector complement, protected infrastructure, or integrator reservation
worker_forbidden	exact	NumStability/Algorithms/LinearSystems/Cholesky.lean	primary-human	selector complement, protected infrastructure, or integrator reservation
worker_forbidden	exact	NumStability/Algorithms/LinearSystems/Cholesky/ErrorAnalysis.lean	primary-human	selector complement, protected infrastructure, or integrator reservation
worker_forbidden	exact	NumStability/Algorithms/LinearSystems/Cholesky/ErrorAnalysis/Certificates.lean	primary-human	selector complement, protected infrastructure, or integrator reservation
worker_forbidden	exact	NumStability/Algorithms/LinearSystems/Cholesky/ErrorAnalysis/Demmel.lean	primary-human	selector complement, protected infrastructure, or integrator reservation
worker_forbidden	exact	NumStability/Algorithms/LinearSystems/Cholesky/ErrorAnalysis/PositivePivots/Certificate.lean	primary-human	selector complement, protected infrastructure, or integrator reservation
worker_forbidden	exact	NumStability/Algorithms/LinearSystems/Cholesky/Factorization.lean	primary-human	selector complement, protected infrastructure, or integrator reservation
worker_forbidden	exact	NumStability/Algorithms/LinearSystems/Cholesky/Factorization/Spec.lean	primary-human	selector complement, protected infrastructure, or integrator reservation
worker_forbidden	exact	NumStability/Algorithms/LinearSystems/Cholesky/Perturbation.lean	primary-human	selector complement, protected infrastructure, or integrator reservation
worker_forbidden	exact	NumStability/Algorithms/LinearSystems/Cholesky/Perturbation/Basic.lean	primary-human	selector complement, protected infrastructure, or integrator reservation
worker_forbidden	exact	NumStability/Algorithms/LinearSystems/Cholesky/PositiveSemidefinite.lean	primary-human	selector complement, protected infrastructure, or integrator reservation
worker_forbidden	exact	NumStability/Algorithms/LinearSystems/Cholesky/PositiveSemidefinite/Basic.lean	primary-human	selector complement, protected infrastructure, or integrator reservation
worker_forbidden	exact	NumStability/Algorithms/LinearSystems/Cholesky/PositiveSemidefinite/KahanMatrix.lean	primary-human	selector complement, protected infrastructure, or integrator reservation
worker_forbidden	exact	NumStability/Algorithms/LinearSystems/Cholesky/PositiveSemidefinite/KahanTelescope/Identity.lean	primary-human	selector complement, protected infrastructure, or integrator reservation
worker_forbidden	exact	NumStability/Algorithms/LinearSystems/Cholesky/PositiveSemidefinite/PivotedFactorization/Existence.lean	primary-human	selector complement, protected infrastructure, or integrator reservation
worker_forbidden	exact	NumStability/Algorithms/LinearSystems/Cholesky/PositiveSemidefinite/ScaledStage.lean	primary-human	selector complement, protected infrastructure, or integrator reservation
worker_forbidden	exact	NumStability/Algorithms/LinearSystems/Cholesky/PositiveSemidefinite/StageEmbedding/InteriorMass.lean	primary-human	selector complement, protected infrastructure, or integrator reservation
worker_forbidden	exact	NumStability/Algorithms/LinearSystems/Cholesky/RoundedFactorization.lean	primary-human	selector complement, protected infrastructure, or integrator reservation
worker_forbidden	exact	NumStability/Algorithms/LinearSystems/Cholesky/RoundedFactorization/Basic.lean	primary-human	selector complement, protected infrastructure, or integrator reservation
worker_forbidden	exact	NumStability/Algorithms/LinearSystems/Cholesky/Solve.lean	primary-human	selector complement, protected infrastructure, or integrator reservation
worker_forbidden	exact	NumStability/Algorithms/LinearSystems/Cholesky/Solve/Basic.lean	primary-human	selector complement, protected infrastructure, or integrator reservation
worker_forbidden	exact	NumStability/Algorithms/LinearSystems/CramersRule/All.lean	primary-human	selector complement, protected infrastructure, or integrator reservation
worker_forbidden	exact	NumStability/Algorithms/LinearSystems/CramersRule/Core.lean	primary-human	selector complement, protected infrastructure, or integrator reservation
worker_forbidden	exact	NumStability/Algorithms/LinearSystems/GaussJordan.lean	primary-human	selector complement, protected infrastructure, or integrator reservation
worker_forbidden	exact	NumStability/Algorithms/LinearSystems/GaussJordan/ErrorAnalysis.lean	primary-human	selector complement, protected infrastructure, or integrator reservation
worker_forbidden	exact	NumStability/Algorithms/LinearSystems/GaussJordan/ErrorAnalysis/GaussJordan.lean	primary-human	selector complement, protected infrastructure, or integrator reservation
worker_forbidden	exact	NumStability/Algorithms/LinearSystems/Iterative/Stationary/Convergence/Singular/FixedSubspaces.lean	primary-human	selector complement, protected infrastructure, or integrator reservation
worker_forbidden	exact	NumStability/Algorithms/LinearSystems/Iterative/Stationary/ErrorAnalysis/Forward/ComplementDecomposition.lean	primary-human	selector complement, protected infrastructure, or integrator reservation
worker_forbidden	exact	NumStability/Algorithms/LinearSystems/Iterative/Stationary/ErrorAnalysis/Local/OneStep.lean	primary-human	selector complement, protected infrastructure, or integrator reservation
worker_forbidden	exact	NumStability/Algorithms/LinearSystems/Iterative/Stationary/ErrorAnalysis/Residual/Identities.lean	primary-human	selector complement, protected infrastructure, or integrator reservation
worker_forbidden	exact	NumStability/Algorithms/LinearSystems/Iterative/Stationary/Execution/Computed/Model.lean	primary-human	selector complement, protected infrastructure, or integrator reservation
worker_forbidden	exact	NumStability/Algorithms/LinearSystems/Iterative/Stationary/Projectors/Drazin/Algebra.lean	primary-human	selector complement, protected infrastructure, or integrator reservation
worker_forbidden	exact	NumStability/Algorithms/LinearSystems/Iterative/Stationary/Recurrences/Affine/Unrolling.lean	primary-human	selector complement, protected infrastructure, or integrator reservation
worker_forbidden	exact	NumStability/Algorithms/LinearSystems/Iterative/Stationary/Semiconvergence/All.lean	primary-human	selector complement, protected infrastructure, or integrator reservation
worker_forbidden	exact	NumStability/Algorithms/LinearSystems/Iterative/Stationary/Semiconvergence/BlockForm/Existence.lean	primary-human	selector complement, protected infrastructure, or integrator reservation
worker_forbidden	exact	NumStability/Algorithms/LinearSystems/Iterative/Stationary/Semiconvergence/BlockForm/ProjectorLimit.lean	primary-human	selector complement, protected infrastructure, or integrator reservation
worker_forbidden	exact	NumStability/Algorithms/LinearSystems/Iterative/Stationary/Semiconvergence/Execution/RoundedCertificates.lean	primary-human	selector complement, protected infrastructure, or integrator reservation
worker_forbidden	exact	NumStability/Algorithms/LinearSystems/Iterative/Stationary/Semiconvergence/Projectors/FixedRange.lean	primary-human	selector complement, protected infrastructure, or integrator reservation
worker_forbidden	exact	NumStability/Algorithms/LinearSystems/Iterative/Stationary/Splittings/Core/Definitions.lean	primary-human	selector complement, protected infrastructure, or integrator reservation
worker_forbidden	exact	NumStability/Algorithms/LinearSystems/Iterative/Stationary/Splittings/Scaling/Diagonal.lean	primary-human	selector complement, protected infrastructure, or integrator reservation
worker_forbidden	exact	NumStability/Algorithms/LinearSystems/IterativeRefinement/All.lean	primary-human	selector complement, protected infrastructure, or integrator reservation
worker_forbidden	exact	NumStability/Algorithms/LinearSystems/IterativeRefinement/Core.lean	primary-human	selector complement, protected infrastructure, or integrator reservation
worker_forbidden	exact	NumStability/Algorithms/LinearSystems/LU.lean	primary-human	selector complement, protected infrastructure, or integrator reservation
worker_forbidden	exact	NumStability/Algorithms/LinearSystems/LU/BlockLU.lean	primary-human	selector complement, protected infrastructure, or integrator reservation
worker_forbidden	exact	NumStability/Algorithms/LinearSystems/LU/BlockLU/ArbitraryNorm.lean	primary-human	selector complement, protected infrastructure, or integrator reservation
worker_forbidden	exact	NumStability/Algorithms/LinearSystems/LU/BlockLU/BlockMatrices.lean	primary-human	selector complement, protected infrastructure, or integrator reservation
worker_forbidden	exact	NumStability/Algorithms/LinearSystems/LU/BlockLU/DiagonalDominance.lean	primary-human	selector complement, protected infrastructure, or integrator reservation
worker_forbidden	exact	NumStability/Algorithms/LinearSystems/LU/BlockLU/Factorization.lean	primary-human	selector complement, protected infrastructure, or integrator reservation
worker_forbidden	exact	NumStability/Algorithms/LinearSystems/LU/BlockLU/FactorizationError.lean	primary-human	selector complement, protected infrastructure, or integrator reservation
worker_forbidden	exact	NumStability/Algorithms/LinearSystems/LU/BlockLU/FirstOrderFamilies.lean	primary-human	selector complement, protected infrastructure, or integrator reservation
worker_forbidden	exact	NumStability/Algorithms/LinearSystems/LU/BlockLU/FirstOrderModels.lean	primary-human	selector complement, protected infrastructure, or integrator reservation
worker_forbidden	exact	NumStability/Algorithms/LinearSystems/LU/BlockLU/GrowthBounds.lean	primary-human	selector complement, protected infrastructure, or integrator reservation
worker_forbidden	exact	NumStability/Algorithms/LinearSystems/LU/BlockLU/OperatorTwo.lean	primary-human	selector complement, protected infrastructure, or integrator reservation
worker_forbidden	exact	NumStability/Algorithms/LinearSystems/LU/BlockLU/PositiveDefinite.lean	primary-human	selector complement, protected infrastructure, or integrator reservation
worker_forbidden	exact	NumStability/Algorithms/LinearSystems/LU/BlockLU/PositiveDefiniteFactorBounds.lean	primary-human	selector complement, protected infrastructure, or integrator reservation
worker_forbidden	exact	NumStability/Algorithms/LinearSystems/LU/BlockLU/RecursiveFactorization.lean	primary-human	selector complement, protected infrastructure, or integrator reservation
worker_forbidden	exact	NumStability/Algorithms/LinearSystems/LU/BlockLU/ResidualLifting.lean	primary-human	selector complement, protected infrastructure, or integrator reservation
worker_forbidden	exact	NumStability/Algorithms/LinearSystems/LU/BlockLU/SchurComplement.lean	primary-human	selector complement, protected infrastructure, or integrator reservation
worker_forbidden	exact	NumStability/Algorithms/LinearSystems/LU/BlockLU/SolveError.lean	primary-human	selector complement, protected infrastructure, or integrator reservation
worker_forbidden	exact	NumStability/Algorithms/LinearSystems/LU/BlockLU/VaryingBlocks.lean	primary-human	selector complement, protected infrastructure, or integrator reservation
worker_forbidden	exact	NumStability/Algorithms/LinearSystems/LU/BlockLU/VaryingBlocks/Algebra.lean	primary-human	selector complement, protected infrastructure, or integrator reservation
worker_forbidden	exact	NumStability/Algorithms/LinearSystems/LU/BlockLU/VaryingBlocks/Basic.lean	primary-human	selector complement, protected infrastructure, or integrator reservation
worker_forbidden	exact	NumStability/Algorithms/LinearSystems/LU/BlockLU/VaryingBlocks/RecursiveFactorization.lean	primary-human	selector complement, protected infrastructure, or integrator reservation
worker_forbidden	exact	NumStability/Algorithms/LinearSystems/LU/BlockLU/VaryingBlocks/SchurComplement.lean	primary-human	selector complement, protected infrastructure, or integrator reservation
worker_forbidden	exact	NumStability/Algorithms/LinearSystems/LU/BlockLU/VaryingBlocks/Uniqueness.lean	primary-human	selector complement, protected infrastructure, or integrator reservation
worker_forbidden	exact	NumStability/Algorithms/LinearSystems/LU/Doolittle/All.lean	primary-human	selector complement, protected infrastructure, or integrator reservation
worker_forbidden	exact	NumStability/Algorithms/LinearSystems/LU/Doolittle/Assembly/Core.lean	primary-human	selector complement, protected infrastructure, or integrator reservation
worker_forbidden	exact	NumStability/Algorithms/LinearSystems/LU/Doolittle/BackwardError.lean	primary-human	selector complement, protected infrastructure, or integrator reservation
worker_forbidden	exact	NumStability/Algorithms/LinearSystems/LU/Doolittle/Basic.lean	primary-human	selector complement, protected infrastructure, or integrator reservation
worker_forbidden	exact	NumStability/Algorithms/LinearSystems/LU/Doolittle/Budgets.lean	primary-human	selector complement, protected infrastructure, or integrator reservation
worker_forbidden	exact	NumStability/Algorithms/LinearSystems/LU/Doolittle/Certificates.lean	primary-human	selector complement, protected infrastructure, or integrator reservation
worker_forbidden	exact	NumStability/Algorithms/LinearSystems/LU/Doolittle/RoundedEntries.lean	primary-human	selector complement, protected infrastructure, or integrator reservation
worker_forbidden	exact	NumStability/Algorithms/LinearSystems/LU/NonsymmetricPositiveDefinite.lean	primary-human	selector complement, protected infrastructure, or integrator reservation
worker_forbidden	exact	NumStability/Algorithms/LinearSystems/LU/NonsymmetricPositiveDefinite/Basic.lean	primary-human	selector complement, protected infrastructure, or integrator reservation
worker_forbidden	exact	NumStability/Algorithms/LinearSystems/LeastSquares.lean	primary-human	selector complement, protected infrastructure, or integrator reservation
worker_forbidden	exact	NumStability/Algorithms/LinearSystems/LeastSquares/AugmentedSystem.lean	primary-human	selector complement, protected infrastructure, or integrator reservation
worker_forbidden	exact	NumStability/Algorithms/LinearSystems/LeastSquares/Basic.lean	primary-human	selector complement, protected infrastructure, or integrator reservation
worker_forbidden	exact	NumStability/Algorithms/LinearSystems/LeastSquares/Equality/Basic.lean	primary-human	selector complement, protected infrastructure, or integrator reservation
worker_forbidden	exact	NumStability/Algorithms/LinearSystems/LeastSquares/Equality/GQR.lean	primary-human	selector complement, protected infrastructure, or integrator reservation
worker_forbidden	exact	NumStability/Algorithms/LinearSystems/LeastSquares/Equality/KKT.lean	primary-human	selector complement, protected infrastructure, or integrator reservation
worker_forbidden	exact	NumStability/Algorithms/LinearSystems/LeastSquares/GramBasis.lean	primary-human	selector complement, protected infrastructure, or integrator reservation
worker_forbidden	exact	NumStability/Algorithms/LinearSystems/LeastSquares/MGS.lean	primary-human	selector complement, protected infrastructure, or integrator reservation
worker_forbidden	exact	NumStability/Algorithms/LinearSystems/LeastSquares/NormalEquations.lean	primary-human	selector complement, protected infrastructure, or integrator reservation
worker_forbidden	exact	NumStability/Algorithms/LinearSystems/LeastSquares/QRSolve.lean	primary-human	selector complement, protected infrastructure, or integrator reservation
worker_forbidden	exact	NumStability/Algorithms/LinearSystems/LeastSquares/RankGeometry.lean	primary-human	selector complement, protected infrastructure, or integrator reservation
worker_forbidden	exact	NumStability/Algorithms/LinearSystems/LeastSquares/Refinement.lean	primary-human	selector complement, protected infrastructure, or integrator reservation
worker_forbidden	exact	NumStability/Algorithms/LinearSystems/LeastSquares/RowSorting.lean	primary-human	selector complement, protected infrastructure, or integrator reservation
worker_forbidden	exact	NumStability/Algorithms/LinearSystems/LeastSquares/StoredQR.lean	primary-human	selector complement, protected infrastructure, or integrator reservation
worker_forbidden	exact	NumStability/Algorithms/LinearSystems/LeastSquares/TraceKernel.lean	primary-human	selector complement, protected infrastructure, or integrator reservation
worker_forbidden	exact	NumStability/Algorithms/LinearSystems/QR.lean	primary-human	selector complement, protected infrastructure, or integrator reservation
worker_forbidden	exact	NumStability/Algorithms/LinearSystems/QR/GivensMatrixStep.lean	primary-human	selector complement, protected infrastructure, or integrator reservation
worker_forbidden	exact	NumStability/Algorithms/LinearSystems/QR/GivensQR.lean	primary-human	selector complement, protected infrastructure, or integrator reservation
worker_forbidden	exact	NumStability/Algorithms/LinearSystems/QR/GivensSpec.lean	primary-human	selector complement, protected infrastructure, or integrator reservation
worker_forbidden	exact	NumStability/Algorithms/LinearSystems/QR/GramSchmidt.lean	primary-human	selector complement, protected infrastructure, or integrator reservation
worker_forbidden	exact	NumStability/Algorithms/LinearSystems/QR/GramSchmidtPolar.lean	primary-human	selector complement, protected infrastructure, or integrator reservation
worker_forbidden	exact	NumStability/Algorithms/LinearSystems/QR/Householder/PanelApplication.lean	primary-human	selector complement, protected infrastructure, or integrator reservation
worker_forbidden	exact	NumStability/Algorithms/LinearSystems/QR/Householder/StoredQR.lean	primary-human	selector complement, protected infrastructure, or integrator reservation
worker_forbidden	exact	NumStability/Algorithms/LinearSystems/QR/Householder/TrailingPanels.lean	primary-human	selector complement, protected infrastructure, or integrator reservation
worker_forbidden	exact	NumStability/Algorithms/LinearSystems/QR/HouseholderApply.lean	primary-human	selector complement, protected infrastructure, or integrator reservation
worker_forbidden	exact	NumStability/Algorithms/LinearSystems/QR/HouseholderApplySupport.lean	primary-human	selector complement, protected infrastructure, or integrator reservation
worker_forbidden	exact	NumStability/Algorithms/LinearSystems/QR/HouseholderConstruction2.lean	primary-human	selector complement, protected infrastructure, or integrator reservation
worker_forbidden	exact	NumStability/Algorithms/LinearSystems/QR/HouseholderMatrixStep.lean	primary-human	selector complement, protected infrastructure, or integrator reservation
worker_forbidden	exact	NumStability/Algorithms/LinearSystems/QR/HouseholderOneStep.lean	primary-human	selector complement, protected infrastructure, or integrator reservation
worker_forbidden	exact	NumStability/Algorithms/LinearSystems/QR/HouseholderQApply.lean	primary-human	selector complement, protected infrastructure, or integrator reservation
worker_forbidden	exact	NumStability/Algorithms/LinearSystems/QR/HouseholderQR.lean	primary-human	selector complement, protected infrastructure, or integrator reservation
worker_forbidden	exact	NumStability/Algorithms/LinearSystems/QR/HouseholderQRSupport.lean	primary-human	selector complement, protected infrastructure, or integrator reservation
worker_forbidden	exact	NumStability/Algorithms/LinearSystems/QR/HouseholderReflector.lean	primary-human	selector complement, protected infrastructure, or integrator reservation
worker_forbidden	exact	NumStability/Algorithms/LinearSystems/QR/HouseholderSpec.lean	primary-human	selector complement, protected infrastructure, or integrator reservation
worker_forbidden	exact	NumStability/Algorithms/LinearSystems/QR/HouseholderSpecSupport.lean	primary-human	selector complement, protected infrastructure, or integrator reservation
worker_forbidden	exact	NumStability/Algorithms/LinearSystems/QR/QRSolve.lean	primary-human	selector complement, protected infrastructure, or integrator reservation
worker_forbidden	exact	NumStability/Algorithms/LinearSystems/SymmetricIndefinite.lean	primary-human	selector complement, protected infrastructure, or integrator reservation
worker_forbidden	exact	NumStability/Algorithms/LinearSystems/SymmetricIndefinite/Aasen.lean	primary-human	selector complement, protected infrastructure, or integrator reservation
worker_forbidden	exact	NumStability/Algorithms/LinearSystems/SymmetricIndefinite/Aasen/AasenCoupledFp.lean	primary-human	selector complement, protected infrastructure, or integrator reservation
worker_forbidden	exact	NumStability/Algorithms/LinearSystems/SymmetricIndefinite/Aasen/AasenFactorResidual.lean	primary-human	selector complement, protected infrastructure, or integrator reservation
worker_forbidden	exact	NumStability/Algorithms/LinearSystems/SymmetricIndefinite/BlockLDLT.lean	primary-human	selector complement, protected infrastructure, or integrator reservation
worker_forbidden	exact	NumStability/Algorithms/LinearSystems/SymmetricIndefinite/BlockLDLT/BunchTridiagonalFactorBound.lean	primary-human	selector complement, protected infrastructure, or integrator reservation
worker_forbidden	exact	NumStability/Algorithms/LinearSystems/SymmetricIndefinite/BlockLDLT/BunchTridiagonalGrowth.lean	primary-human	selector complement, protected infrastructure, or integrator reservation
worker_forbidden	exact	NumStability/Algorithms/LinearSystems/SymmetricIndefinite/BlockLDLT/BunchTridiagonalGrowthInvariant.lean	primary-human	selector complement, protected infrastructure, or integrator reservation
worker_forbidden	exact	NumStability/Algorithms/LinearSystems/SymmetricIndefinite/BlockLDLT/BunchTridiagonalSparseFactor.lean	primary-human	selector complement, protected infrastructure, or integrator reservation
worker_forbidden	exact	NumStability/Algorithms/LinearSystems/SymmetricIndefinite/BlockLDLT/BunchTridiagonalSparseSolve.lean	primary-human	selector complement, protected infrastructure, or integrator reservation
worker_forbidden	exact	NumStability/Algorithms/LinearSystems/SymmetricIndefinite/ErrorAnalysis.lean	primary-human	selector complement, protected infrastructure, or integrator reservation
worker_forbidden	exact	NumStability/Algorithms/LinearSystems/SymmetricIndefinite/ErrorAnalysis/BlockLDLT.lean	primary-human	selector complement, protected infrastructure, or integrator reservation
worker_forbidden	exact	NumStability/Algorithms/LinearSystems/SymmetricIndefinite/ErrorAnalysis/BlockLDLTStep.lean	primary-human	selector complement, protected infrastructure, or integrator reservation
worker_forbidden	exact	NumStability/Algorithms/LinearSystems/SymmetricIndefinite/ErrorAnalysis/Predicates.lean	primary-human	selector complement, protected infrastructure, or integrator reservation
worker_forbidden	exact	NumStability/Algorithms/LinearSystems/SymmetricIndefinite/ErrorAnalysis/SkewSymmetric.lean	primary-human	selector complement, protected infrastructure, or integrator reservation
worker_forbidden	exact	NumStability/Algorithms/LinearSystems/SymmetricIndefinite/Pivoting.lean	primary-human	selector complement, protected infrastructure, or integrator reservation
worker_forbidden	exact	NumStability/Algorithms/LinearSystems/SymmetricIndefinite/Pivoting/Basic.lean	primary-human	selector complement, protected infrastructure, or integrator reservation
worker_forbidden	exact	NumStability/Algorithms/LinearSystems/SymmetricIndefinite/Pivoting/Tridiagonal.lean	primary-human	selector complement, protected infrastructure, or integrator reservation
worker_forbidden	exact	NumStability/Algorithms/LinearSystems/Triangular.lean	primary-human	selector complement, protected infrastructure, or integrator reservation
worker_forbidden	exact	NumStability/Algorithms/LinearSystems/Triangular/BackSubstitution.lean	primary-human	selector complement, protected infrastructure, or integrator reservation
worker_forbidden	exact	NumStability/Algorithms/LinearSystems/Triangular/Combined.lean	primary-human	selector complement, protected infrastructure, or integrator reservation
worker_forbidden	exact	NumStability/Algorithms/LinearSystems/Triangular/ComparisonBounds.lean	primary-human	selector complement, protected infrastructure, or integrator reservation
worker_forbidden	exact	NumStability/Algorithms/LinearSystems/Triangular/DiagonalDominance.lean	primary-human	selector complement, protected infrastructure, or integrator reservation
worker_forbidden	exact	NumStability/Algorithms/LinearSystems/Triangular/ErrorAnalysis/All.lean	primary-human	selector complement, protected infrastructure, or integrator reservation
worker_forbidden	exact	NumStability/Algorithms/LinearSystems/Triangular/ErrorAnalysis/NoGuardBackward.lean	primary-human	selector complement, protected infrastructure, or integrator reservation
worker_forbidden	exact	NumStability/Algorithms/LinearSystems/Triangular/ErrorAnalysis/NoGuardForward.lean	primary-human	selector complement, protected infrastructure, or integrator reservation
worker_forbidden	exact	NumStability/Algorithms/LinearSystems/Triangular/ForwardSubstitution.lean	primary-human	selector complement, protected infrastructure, or integrator reservation
worker_forbidden	exact	NumStability/Algorithms/LinearSystems/Triangular/InverseBounds.lean	primary-human	selector complement, protected infrastructure, or integrator reservation
worker_forbidden	exact	NumStability/Algorithms/LinearSystems/Underdetermined/BackwardError/Normwise/UnderdeterminedSolve.lean	primary-human	selector complement, protected infrastructure, or integrator reservation
worker_forbidden	exact	NumStability/Algorithms/LinearSystems/Underdetermined/BackwardError/Rowwise/UnderdeterminedSolve.lean	primary-human	selector complement, protected infrastructure, or integrator reservation
worker_forbidden	exact	NumStability/Algorithms/LinearSystems/Underdetermined/Conditioning/Componentwise/Radius.lean	primary-human	selector complement, protected infrastructure, or integrator reservation
worker_forbidden	exact	NumStability/Algorithms/LinearSystems/Underdetermined/Conditioning/Componentwise/UnderdeterminedSolve.lean	primary-human	selector complement, protected infrastructure, or integrator reservation
worker_forbidden	exact	NumStability/Algorithms/LinearSystems/Underdetermined/MinimumNorm/Pseudoinverse/UnderdeterminedSpec.lean	primary-human	selector complement, protected infrastructure, or integrator reservation
worker_forbidden	exact	NumStability/Algorithms/LinearSystems/Underdetermined/MinimumNorm/Solvers/Executor/Core.lean	primary-human	selector complement, protected infrastructure, or integrator reservation
worker_forbidden	exact	NumStability/Algorithms/LinearSystems/Underdetermined/MinimumNorm/Solvers/UnderdeterminedSolve.lean	primary-human	selector complement, protected infrastructure, or integrator reservation
worker_forbidden	exact	NumStability/Algorithms/LinearSystems/Underdetermined/MinimumNorm/Solvers/UnderdeterminedSpec.lean	primary-human	selector complement, protected infrastructure, or integrator reservation
worker_forbidden	exact	NumStability/Algorithms/LinearSystems/Underdetermined/MinimumNorm/Specifications/UnderdeterminedSolve.lean	primary-human	selector complement, protected infrastructure, or integrator reservation
worker_forbidden	exact	NumStability/Algorithms/LinearSystems/Underdetermined/MinimumNorm/Specifications/UnderdeterminedSpec.lean	primary-human	selector complement, protected infrastructure, or integrator reservation
worker_forbidden	exact	NumStability/Algorithms/LinearSystems/Underdetermined/Perturbation/Bounds/Core.lean	primary-human	selector complement, protected infrastructure, or integrator reservation
worker_forbidden	exact	NumStability/Algorithms/LinearSystems/Underdetermined/Perturbation/Componentwise/Radius.lean	primary-human	selector complement, protected infrastructure, or integrator reservation
worker_forbidden	exact	NumStability/Algorithms/LinearSystems/Underdetermined/Perturbation/Componentwise/UnderdeterminedSolve.lean	primary-human	selector complement, protected infrastructure, or integrator reservation
worker_forbidden	exact	NumStability/Algorithms/LinearSystems/Underdetermined/Perturbation/FixedRadius/Radius.lean	primary-human	selector complement, protected infrastructure, or integrator reservation
worker_forbidden	exact	NumStability/Algorithms/LinearSystems/Underdetermined/Perturbation/Radius/Core.lean	primary-human	selector complement, protected infrastructure, or integrator reservation
worker_forbidden	exact	NumStability/Algorithms/LinearSystems/Underdetermined/Projectors/ComplementNorm/ProjectorNorm.lean	primary-human	selector complement, protected infrastructure, or integrator reservation
worker_forbidden	exact	NumStability/Algorithms/LinearSystems/Underdetermined/QR/Foundations/UnderdeterminedSolve.lean	primary-human	selector complement, protected infrastructure, or integrator reservation
worker_forbidden	exact	NumStability/Algorithms/LinearSystems/Underdetermined/QR/Givens/BackwardError/Core.lean	primary-human	selector complement, protected infrastructure, or integrator reservation
worker_forbidden	exact	NumStability/Algorithms/LinearSystems/Underdetermined/QR/Givens/EndToEnd/Core.lean	primary-human	selector complement, protected infrastructure, or integrator reservation
worker_forbidden	exact	NumStability/Algorithms/LinearSystems/Underdetermined/QR/Givens/Rounded/Core.lean	primary-human	selector complement, protected infrastructure, or integrator reservation
worker_forbidden	exact	NumStability/Algorithms/LinearSystems/Underdetermined/QR/Givens/StoredReplay/Closure.lean	primary-human	selector complement, protected infrastructure, or integrator reservation
worker_forbidden	exact	NumStability/Algorithms/LinearSystems/Underdetermined/QR/Givens/StoredReplay/EndToEnd/Core.lean	primary-human	selector complement, protected infrastructure, or integrator reservation
worker_forbidden	exact	NumStability/Algorithms/LinearSystems/Underdetermined/QR/Givens/StoredReplay/RoundedReplay.lean	primary-human	selector complement, protected infrastructure, or integrator reservation
worker_forbidden	exact	NumStability/Algorithms/LinearSystems/Underdetermined/QR/ModifiedGramSchmidt/CorrectedRecurrence/Core.lean	primary-human	selector complement, protected infrastructure, or integrator reservation
worker_forbidden	exact	NumStability/Algorithms/LinearSystems/Underdetermined/QR/ModifiedGramSchmidt/Rounded/Core.lean	primary-human	selector complement, protected infrastructure, or integrator reservation
worker_forbidden	exact	NumStability/Algorithms/LinearSystems/Underdetermined/QR/ModifiedGramSchmidt/RoundedReplay/RoundedReplay.lean	primary-human	selector complement, protected infrastructure, or integrator reservation
worker_forbidden	exact	NumStability/Algorithms/LinearSystems/Underdetermined/RankStability/FullRowRank/UnderdeterminedSolve.lean	primary-human	selector complement, protected infrastructure, or integrator reservation
worker_forbidden	exact	NumStability/Algorithms/LinearSystems/Underdetermined/SeminormalEquations/ConditionTransfer/Core.lean	primary-human	selector complement, protected infrastructure, or integrator reservation
worker_forbidden	exact	NumStability/Algorithms/LinearSystems/Underdetermined/SeminormalEquations/EndToEnd/Core.lean	primary-human	selector complement, protected infrastructure, or integrator reservation
worker_forbidden	exact	NumStability/Algorithms/LinearSystems/Underdetermined/SeminormalEquations/ForwardError/ActualOutput.lean	primary-human	selector complement, protected infrastructure, or integrator reservation
worker_forbidden	exact	NumStability/Algorithms/LinearSystems/Underdetermined/SeminormalEquations/ForwardError/ComputedOutput/Core.lean	primary-human	selector complement, protected infrastructure, or integrator reservation
worker_forbidden	exact	NumStability/Algorithms/LinearSystems/Underdetermined/SeminormalEquations/ForwardError/Forward.lean	primary-human	selector complement, protected infrastructure, or integrator reservation
worker_forbidden	exact	NumStability/Algorithms/LinearSystems/Underdetermined/SeminormalEquations/ForwardError/RemainderBounds.lean	primary-human	selector complement, protected infrastructure, or integrator reservation
worker_forbidden	exact	NumStability/Algorithms/LinearSystems/Underdetermined/SeminormalEquations/ForwardError/UnderdeterminedSolve.lean	primary-human	selector complement, protected infrastructure, or integrator reservation
worker_forbidden	exact	NumStability/Algorithms/LinearSystems/Underdetermined/SeminormalEquations/Householder/EndToEnd.lean	primary-human	selector complement, protected infrastructure, or integrator reservation
worker_forbidden	exact	NumStability/Algorithms/LinearSystems/Underdetermined/SeminormalEquations/Householder/Uniform.lean	primary-human	selector complement, protected infrastructure, or integrator reservation
worker_forbidden	exact	NumStability/Algorithms/LinearSystems/Underdetermined/SeminormalEquations/HouseholderClosure/Closure.lean	primary-human	selector complement, protected infrastructure, or integrator reservation
worker_forbidden	exact	NumStability/Algorithms/LinearSystems/Underdetermined/SeminormalEquations/HouseholderClosure/Uniform.lean	primary-human	selector complement, protected infrastructure, or integrator reservation
worker_forbidden	exact	NumStability/Algorithms/LinearSystems/Underdetermined/SeminormalEquations/QRTransfer/EnvelopeTransfer.lean	primary-human	selector complement, protected infrastructure, or integrator reservation
worker_forbidden	exact	NumStability/Algorithms/LinearSystems/Underdetermined/SeminormalEquations/QRTransfer/QRMajorant.lean	primary-human	selector complement, protected infrastructure, or integrator reservation
worker_forbidden	exact	NumStability/Algorithms/LinearSystems/Underdetermined/SeminormalEquations/QRTransfer/Signed.lean	primary-human	selector complement, protected infrastructure, or integrator reservation
worker_forbidden	exact	NumStability/Algorithms/LinearSystems/Underdetermined/SeminormalEquations/TriangularSolves/EnvelopeTransfer.lean	primary-human	selector complement, protected infrastructure, or integrator reservation
worker_forbidden	exact	NumStability/Algorithms/LinearSystems/Underdetermined/SeminormalEquations/TriangularSolves/UnderdeterminedSolve.lean	primary-human	selector complement, protected infrastructure, or integrator reservation
worker_forbidden	exact	NumStability/Algorithms/LinearSystems/Underdetermined/SeminormalEquations/Uniform/Core.lean	primary-human	selector complement, protected infrastructure, or integrator reservation
worker_forbidden	exact	NumStability/Algorithms/LogExpProduct.lean	primary-human	selector complement, protected infrastructure, or integrator reservation
worker_forbidden	exact	NumStability/Algorithms/MMatrix.lean	primary-human	selector complement, protected infrastructure, or integrator reservation
worker_forbidden	exact	NumStability/Algorithms/MatMul.lean	primary-human	selector complement, protected infrastructure, or integrator reservation
worker_forbidden	exact	NumStability/Algorithms/MatMulBackwardError.lean	primary-human	selector complement, protected infrastructure, or integrator reservation
worker_forbidden	exact	NumStability/Algorithms/MatSeqProduct.lean	primary-human	selector complement, protected infrastructure, or integrator reservation
worker_forbidden	exact	NumStability/Algorithms/MatVec.lean	primary-human	selector complement, protected infrastructure, or integrator reservation
worker_forbidden	exact	NumStability/Algorithms/MatrixEquations.lean	primary-human	selector complement, protected infrastructure, or integrator reservation
worker_forbidden	exact	NumStability/Algorithms/MatrixEquations/Sylvester.lean	primary-human	selector complement, protected infrastructure, or integrator reservation
worker_forbidden	exact	NumStability/Algorithms/MatrixEquations/Sylvester/BackwardError.lean	primary-human	selector complement, protected infrastructure, or integrator reservation
worker_forbidden	exact	NumStability/Algorithms/MatrixEquations/Sylvester/BackwardError/All.lean	primary-human	selector complement, protected infrastructure, or integrator reservation
worker_forbidden	exact	NumStability/Algorithms/MatrixEquations/Sylvester/BackwardError/LyapunovSpectral.lean	primary-human	selector complement, protected infrastructure, or integrator reservation
worker_forbidden	exact	NumStability/Algorithms/MatrixEquations/Sylvester/BackwardError/Specification.lean	primary-human	selector complement, protected infrastructure, or integrator reservation
worker_forbidden	exact	NumStability/Algorithms/MatrixEquations/Sylvester/BackwardError/SylvesterSVD.lean	primary-human	selector complement, protected infrastructure, or integrator reservation
worker_forbidden	exact	NumStability/Algorithms/MatrixEquations/Sylvester/Conditioning.lean	primary-human	selector complement, protected infrastructure, or integrator reservation
worker_forbidden	exact	NumStability/Algorithms/MatrixEquations/Sylvester/Conditioning/All.lean	primary-human	selector complement, protected infrastructure, or integrator reservation
worker_forbidden	exact	NumStability/Algorithms/MatrixEquations/Sylvester/Conditioning/AttainedMinima.lean	primary-human	selector complement, protected infrastructure, or integrator reservation
worker_forbidden	exact	NumStability/Algorithms/MatrixEquations/Sylvester/Conditioning/AttainedMinima/All.lean	primary-human	selector complement, protected infrastructure, or integrator reservation
worker_forbidden	exact	NumStability/Algorithms/MatrixEquations/Sylvester/Conditioning/AttainedMinima/BackwardError.lean	primary-human	selector complement, protected infrastructure, or integrator reservation
worker_forbidden	exact	NumStability/Algorithms/MatrixEquations/Sylvester/Conditioning/AttainedMinima/Separation.lean	primary-human	selector complement, protected infrastructure, or integrator reservation
worker_forbidden	exact	NumStability/Algorithms/MatrixEquations/Sylvester/Conditioning/AutomaticBounds.lean	primary-human	selector complement, protected infrastructure, or integrator reservation
worker_forbidden	exact	NumStability/Algorithms/MatrixEquations/Sylvester/Conditioning/AutomaticBounds/All.lean	primary-human	selector complement, protected infrastructure, or integrator reservation
worker_forbidden	exact	NumStability/Algorithms/MatrixEquations/Sylvester/Conditioning/AutomaticBounds/GramPositivity.lean	primary-human	selector complement, protected infrastructure, or integrator reservation
worker_forbidden	exact	NumStability/Algorithms/MatrixEquations/Sylvester/Conditioning/FirstOrder.lean	primary-human	selector complement, protected infrastructure, or integrator reservation
worker_forbidden	exact	NumStability/Algorithms/MatrixEquations/Sylvester/Conditioning/PracticalErrorBounds.lean	primary-human	selector complement, protected infrastructure, or integrator reservation
worker_forbidden	exact	NumStability/Algorithms/MatrixEquations/Sylvester/Conditioning/PracticalEstimator.lean	primary-human	selector complement, protected infrastructure, or integrator reservation
worker_forbidden	exact	NumStability/Algorithms/MatrixEquations/Sylvester/Conditioning/PracticalEstimator/All.lean	primary-human	selector complement, protected infrastructure, or integrator reservation
worker_forbidden	exact	NumStability/Algorithms/MatrixEquations/Sylvester/Conditioning/PracticalEstimator/OneNorm.lean	primary-human	selector complement, protected infrastructure, or integrator reservation
worker_forbidden	exact	NumStability/Algorithms/MatrixEquations/Sylvester/Conditioning/Separation.lean	primary-human	selector complement, protected infrastructure, or integrator reservation
worker_forbidden	exact	NumStability/Algorithms/MatrixEquations/Sylvester/Conditioning/SigmaMinBounds.lean	primary-human	selector complement, protected infrastructure, or integrator reservation
worker_forbidden	exact	NumStability/Algorithms/MatrixEquations/Sylvester/Conditioning/SigmaMinBounds/All.lean	primary-human	selector complement, protected infrastructure, or integrator reservation
worker_forbidden	exact	NumStability/Algorithms/MatrixEquations/Sylvester/Conditioning/SigmaMinBounds/Lyapunov.lean	primary-human	selector complement, protected infrastructure, or integrator reservation
worker_forbidden	exact	NumStability/Algorithms/MatrixEquations/Sylvester/Conditioning/SigmaMinBounds/StructuredSylvester.lean	primary-human	selector complement, protected infrastructure, or integrator reservation
worker_forbidden	exact	NumStability/Algorithms/MatrixEquations/Sylvester/Conditioning/SigmaMinBounds/SylvesterPerturbation.lean	primary-human	selector complement, protected infrastructure, or integrator reservation
worker_forbidden	exact	NumStability/Algorithms/MatrixEquations/Sylvester/Conditioning/SigmaMinBounds/Vectorized.lean	primary-human	selector complement, protected infrastructure, or integrator reservation
worker_forbidden	exact	NumStability/Algorithms/MatrixEquations/Sylvester/Conditioning/SingularValue.lean	primary-human	selector complement, protected infrastructure, or integrator reservation
worker_forbidden	exact	NumStability/Algorithms/MatrixEquations/Sylvester/Conditioning/StructuredLyapunov.lean	primary-human	selector complement, protected infrastructure, or integrator reservation
worker_forbidden	exact	NumStability/Algorithms/MatrixEquations/Sylvester/Conditioning/StructuredSylvester.lean	primary-human	selector complement, protected infrastructure, or integrator reservation
worker_forbidden	exact	NumStability/Algorithms/MatrixEquations/Sylvester/Equation.lean	primary-human	selector complement, protected infrastructure, or integrator reservation
worker_forbidden	exact	NumStability/Algorithms/MatrixEquations/Sylvester/Equation/All.lean	primary-human	selector complement, protected infrastructure, or integrator reservation
worker_forbidden	exact	NumStability/Algorithms/MatrixEquations/Sylvester/Equation/Basic.lean	primary-human	selector complement, protected infrastructure, or integrator reservation
worker_forbidden	exact	NumStability/Algorithms/MatrixEquations/Sylvester/Equation/Diagonal.lean	primary-human	selector complement, protected infrastructure, or integrator reservation
worker_forbidden	exact	NumStability/Algorithms/MatrixEquations/Sylvester/Equation/Lyapunov.lean	primary-human	selector complement, protected infrastructure, or integrator reservation
worker_forbidden	exact	NumStability/Algorithms/MatrixEquations/Sylvester/Equation/Rectangular.lean	primary-human	selector complement, protected infrastructure, or integrator reservation
worker_forbidden	exact	NumStability/Algorithms/MatrixEquations/Sylvester/Equation/SchurCoordinates.lean	primary-human	selector complement, protected infrastructure, or integrator reservation
worker_forbidden	exact	NumStability/Algorithms/MatrixEquations/Sylvester/Equation/Vectorization.lean	primary-human	selector complement, protected infrastructure, or integrator reservation
worker_forbidden	exact	NumStability/Algorithms/MatrixEquations/Sylvester/Equation/VectorizationIdentities.lean	primary-human	selector complement, protected infrastructure, or integrator reservation
worker_forbidden	exact	NumStability/Algorithms/MatrixEquations/Sylvester/Equation/VectorizationIdentities/All.lean	primary-human	selector complement, protected infrastructure, or integrator reservation
worker_forbidden	exact	NumStability/Algorithms/MatrixEquations/Sylvester/Equation/VectorizationIdentities/KroneckerPermutation.lean	primary-human	selector complement, protected infrastructure, or integrator reservation
worker_forbidden	exact	NumStability/Algorithms/MatrixEquations/Sylvester/GeneralizedEquations.lean	primary-human	selector complement, protected infrastructure, or integrator reservation
worker_forbidden	exact	NumStability/Algorithms/MatrixEquations/Sylvester/GeneralizedEquations/All.lean	primary-human	selector complement, protected infrastructure, or integrator reservation
worker_forbidden	exact	NumStability/Algorithms/MatrixEquations/Sylvester/GeneralizedEquations/Basic.lean	primary-human	selector complement, protected infrastructure, or integrator reservation
worker_forbidden	exact	NumStability/Algorithms/MatrixEquations/Sylvester/Perturbation.lean	primary-human	selector complement, protected infrastructure, or integrator reservation
worker_forbidden	exact	NumStability/Algorithms/MatrixEquations/Sylvester/Perturbation/All.lean	primary-human	selector complement, protected infrastructure, or integrator reservation
worker_forbidden	exact	NumStability/Algorithms/MatrixEquations/Sylvester/Perturbation/Basic.lean	primary-human	selector complement, protected infrastructure, or integrator reservation
worker_forbidden	exact	NumStability/Algorithms/MatrixEquations/Sylvester/Perturbation/SeparationBounds.lean	primary-human	selector complement, protected infrastructure, or integrator reservation
worker_forbidden	exact	NumStability/Algorithms/MatrixEquations/Sylvester/Perturbation/Vectorization.lean	primary-human	selector complement, protected infrastructure, or integrator reservation
worker_forbidden	exact	NumStability/Algorithms/MatrixEquations/Sylvester/Solvers.lean	primary-human	selector complement, protected infrastructure, or integrator reservation
worker_forbidden	exact	NumStability/Algorithms/MatrixEquations/Sylvester/Solvers/ComplexSchur.lean	primary-human	selector complement, protected infrastructure, or integrator reservation
worker_forbidden	exact	NumStability/Algorithms/MatrixEquations/Sylvester/Solvers/ComplexSchur/All.lean	primary-human	selector complement, protected infrastructure, or integrator reservation
worker_forbidden	exact	NumStability/Algorithms/MatrixEquations/Sylvester/Solvers/ComplexSchur/Existence.lean	primary-human	selector complement, protected infrastructure, or integrator reservation
worker_forbidden	exact	NumStability/Algorithms/MatrixEquations/Sylvester/Solvers/ComplexSchur/SpectralSolvability.lean	primary-human	selector complement, protected infrastructure, or integrator reservation
worker_forbidden	exact	NumStability/Algorithms/MatrixEquations/Sylvester/Solvers/ComplexSchur/VectorizedSolvability.lean	primary-human	selector complement, protected infrastructure, or integrator reservation
worker_forbidden	exact	NumStability/Algorithms/MatrixEquations/Sylvester/Solvers/HessenbergSchur.lean	primary-human	selector complement, protected infrastructure, or integrator reservation
worker_forbidden	exact	NumStability/Algorithms/MatrixEquations/Sylvester/Solvers/HessenbergSchur/All.lean	primary-human	selector complement, protected infrastructure, or integrator reservation
worker_forbidden	exact	NumStability/Algorithms/MatrixEquations/Sylvester/Solvers/PivotedSmallBlocks.lean	primary-human	selector complement, protected infrastructure, or integrator reservation
worker_forbidden	exact	NumStability/Algorithms/MatrixEquations/Sylvester/Solvers/PivotedSmallBlocks/All.lean	primary-human	selector complement, protected infrastructure, or integrator reservation
worker_forbidden	exact	NumStability/Algorithms/MatrixEquations/Sylvester/Solvers/PivotedSmallBlocks/CompletePivot.lean	primary-human	selector complement, protected infrastructure, or integrator reservation
worker_forbidden	exact	NumStability/Algorithms/MatrixEquations/Sylvester/Solvers/QuasiTriangularBartelsStewart.lean	primary-human	selector complement, protected infrastructure, or integrator reservation
worker_forbidden	exact	NumStability/Algorithms/MatrixEquations/Sylvester/Solvers/QuasiTriangularBartelsStewart/All.lean	primary-human	selector complement, protected infrastructure, or integrator reservation
worker_forbidden	exact	NumStability/Algorithms/MatrixEquations/Sylvester/Solvers/QuasiTriangularBartelsStewart/BlockTraversal.lean	primary-human	selector complement, protected infrastructure, or integrator reservation
worker_forbidden	exact	NumStability/Algorithms/MatrixEquations/Sylvester/Solvers/QuasiTriangularBartelsStewart/Executor.lean	primary-human	selector complement, protected infrastructure, or integrator reservation
worker_forbidden	exact	NumStability/Algorithms/MatrixEquations/Sylvester/Solvers/QuasiTriangularBartelsStewart/QuasiQuasiSolve.lean	primary-human	selector complement, protected infrastructure, or integrator reservation
worker_forbidden	exact	NumStability/Algorithms/MatrixEquations/Sylvester/Solvers/QuasiTriangularBartelsStewart/QuasiTriangularSolve.lean	primary-human	selector complement, protected infrastructure, or integrator reservation
worker_forbidden	exact	NumStability/Algorithms/MatrixEquations/Sylvester/Solvers/QuasiTriangularBartelsStewart/QuasiTriangularSylvester.lean	primary-human	selector complement, protected infrastructure, or integrator reservation
worker_forbidden	exact	NumStability/Algorithms/MatrixEquations/Sylvester/Solvers/QuasiTriangularBartelsStewart/SmallSystemRounding.lean	primary-human	selector complement, protected infrastructure, or integrator reservation
worker_forbidden	exact	NumStability/Algorithms/MatrixEquations/Sylvester/Solvers/TriangularBartelsStewart.lean	primary-human	selector complement, protected infrastructure, or integrator reservation
worker_forbidden	exact	NumStability/Algorithms/MatrixEquations/Sylvester/Solvers/TriangularBartelsStewart/All.lean	primary-human	selector complement, protected infrastructure, or integrator reservation
worker_forbidden	exact	NumStability/Algorithms/MatrixEquations/Sylvester/Solvers/TriangularBartelsStewart/EndToEnd.lean	primary-human	selector complement, protected infrastructure, or integrator reservation
worker_forbidden	exact	NumStability/Algorithms/MatrixEquations/Sylvester/Solvers/TriangularBartelsStewart/ResidualAssembly.lean	primary-human	selector complement, protected infrastructure, or integrator reservation
worker_forbidden	exact	NumStability/Algorithms/MatrixEquations/Sylvester/Solvers/TriangularBartelsStewart/RoundedSolve.lean	primary-human	selector complement, protected infrastructure, or integrator reservation
worker_forbidden	exact	NumStability/Algorithms/MatrixInversion.lean	primary-human	selector complement, protected infrastructure, or integrator reservation
worker_forbidden	exact	NumStability/Algorithms/MatrixInversion/LUFactors.lean	primary-human	selector complement, protected infrastructure, or integrator reservation
worker_forbidden	exact	NumStability/Algorithms/MatrixInversion/LUFactors/ErrorAnalysis.lean	primary-human	selector complement, protected infrastructure, or integrator reservation
worker_forbidden	exact	NumStability/Algorithms/MatrixInversion/LUFactors/ErrorAnalysis/MatrixInversion.lean	primary-human	selector complement, protected infrastructure, or integrator reservation
worker_forbidden	exact	NumStability/Algorithms/MatrixInversion/LUFactors/Methods.lean	primary-human	selector complement, protected infrastructure, or integrator reservation
worker_forbidden	exact	NumStability/Algorithms/MatrixInversion/LUFactors/Methods/MatrixInversion.lean	primary-human	selector complement, protected infrastructure, or integrator reservation
worker_forbidden	exact	NumStability/Algorithms/MatrixInversion/Residuals.lean	primary-human	selector complement, protected infrastructure, or integrator reservation
worker_forbidden	exact	NumStability/Algorithms/MatrixInversion/Residuals/MatrixInversion.lean	primary-human	selector complement, protected infrastructure, or integrator reservation
worker_forbidden	exact	NumStability/Algorithms/MatrixInversion/Triangular.lean	primary-human	selector complement, protected infrastructure, or integrator reservation
worker_forbidden	exact	NumStability/Algorithms/MatrixInversion/Triangular/ErrorAnalysis.lean	primary-human	selector complement, protected infrastructure, or integrator reservation
worker_forbidden	exact	NumStability/Algorithms/MatrixInversion/Triangular/ErrorAnalysis/MatrixInversion.lean	primary-human	selector complement, protected infrastructure, or integrator reservation
worker_forbidden	exact	NumStability/Algorithms/MatrixInversion/Triangular/Specifications.lean	primary-human	selector complement, protected infrastructure, or integrator reservation
worker_forbidden	exact	NumStability/Algorithms/MatrixInversion/Triangular/Specifications/MatrixInversion.lean	primary-human	selector complement, protected infrastructure, or integrator reservation
worker_forbidden	exact	NumStability/Algorithms/MatrixInversionMethod2BInstance.lean	primary-human	selector complement, protected infrastructure, or integrator reservation
worker_forbidden	exact	NumStability/Algorithms/MatrixPowers/ComputedIteration.lean	primary-human	selector complement, protected infrastructure, or integrator reservation
worker_forbidden	exact	NumStability/Algorithms/MatrixPowers/ComputedIteration/All.lean	primary-human	selector complement, protected infrastructure, or integrator reservation
worker_forbidden	exact	NumStability/Algorithms/MatrixPowers/ComputedIteration/Model.lean	primary-human	selector complement, protected infrastructure, or integrator reservation
worker_forbidden	exact	NumStability/Algorithms/NeumaierCompensatedFiniteFormat.lean	primary-human	selector complement, protected infrastructure, or integrator reservation
worker_forbidden	exact	NumStability/Algorithms/Nonlinear/Higham25.lean	primary-human	selector complement, protected infrastructure, or integrator reservation
worker_forbidden	exact	NumStability/Algorithms/Nonlinear/Higham25EigenClosure.lean	primary-human	selector complement, protected infrastructure, or integrator reservation
worker_forbidden	exact	NumStability/Algorithms/Nonlinear/Higham25Problem25_1.lean	primary-human	selector complement, protected infrastructure, or integrator reservation
worker_forbidden	exact	NumStability/Algorithms/Norm2.lean	primary-human	selector complement, protected infrastructure, or integrator reservation
worker_forbidden	exact	NumStability/Algorithms/NormEstimation.lean	primary-human	selector complement, protected infrastructure, or integrator reservation
worker_forbidden	exact	NumStability/Algorithms/NormEstimation/OneNorm.lean	primary-human	selector complement, protected infrastructure, or integrator reservation
worker_forbidden	exact	NumStability/Algorithms/NormEstimation/OneNorm/All.lean	primary-human	selector complement, protected infrastructure, or integrator reservation
worker_forbidden	exact	NumStability/Algorithms/NormEstimation/OneNorm/FiniteIndex/Basic.lean	primary-human	selector complement, protected infrastructure, or integrator reservation
worker_forbidden	exact	NumStability/Algorithms/NormEstimation/OneNorm/GeneralIndex.lean	primary-human	selector complement, protected infrastructure, or integrator reservation
worker_forbidden	exact	NumStability/Algorithms/NormEstimation/OneNorm/LAPACK/Basic.lean	primary-human	selector complement, protected infrastructure, or integrator reservation
worker_forbidden	exact	NumStability/Algorithms/NormEstimation/OneNorm/LINPACK/Basic.lean	primary-human	selector complement, protected infrastructure, or integrator reservation
worker_forbidden	exact	NumStability/Algorithms/NormEstimation/OneNorm/PowerMethod/CondEstimation.lean	primary-human	selector complement, protected infrastructure, or integrator reservation
worker_forbidden	exact	NumStability/Algorithms/NormEstimation/OneNorm/PowerMethod/PNormPowerMethod.lean	primary-human	selector complement, protected infrastructure, or integrator reservation
worker_forbidden	exact	NumStability/Algorithms/NormEstimation/PNorm.lean	primary-human	selector complement, protected infrastructure, or integrator reservation
worker_forbidden	exact	NumStability/Algorithms/NormEstimation/PNorm/All.lean	primary-human	selector complement, protected infrastructure, or integrator reservation
worker_forbidden	exact	NumStability/Algorithms/NormEstimation/PNorm/Boyd.lean	primary-human	selector complement, protected infrastructure, or integrator reservation
worker_forbidden	exact	NumStability/Algorithms/NormEstimation/PNorm/Boyd/Carrier/BoydInterface.lean	primary-human	selector complement, protected infrastructure, or integrator reservation
worker_forbidden	exact	NumStability/Algorithms/NormEstimation/PNorm/Boyd/Carrier/BoydLocal.lean	primary-human	selector complement, protected infrastructure, or integrator reservation
worker_forbidden	exact	NumStability/Algorithms/NormEstimation/PNorm/Boyd/Differentiation/BoydDomain.lean	primary-human	selector complement, protected infrastructure, or integrator reservation
worker_forbidden	exact	NumStability/Algorithms/NormEstimation/PNorm/Boyd/Differentiation/BoydInterface.lean	primary-human	selector complement, protected infrastructure, or integrator reservation
worker_forbidden	exact	NumStability/Algorithms/NormEstimation/PNorm/Boyd/Differentiation/BoydLocal.lean	primary-human	selector complement, protected infrastructure, or integrator reservation
worker_forbidden	exact	NumStability/Algorithms/NormEstimation/PNorm/Boyd/Differentiation/PNormGeneral.lean	primary-human	selector complement, protected infrastructure, or integrator reservation
worker_forbidden	exact	NumStability/Algorithms/NormEstimation/PNorm/Boyd/FixedPoints/BoydConcrete.lean	primary-human	selector complement, protected infrastructure, or integrator reservation
worker_forbidden	exact	NumStability/Algorithms/NormEstimation/PNorm/Boyd/FixedPoints/BoydInterface.lean	primary-human	selector complement, protected infrastructure, or integrator reservation
worker_forbidden	exact	NumStability/Algorithms/NormEstimation/PNorm/Boyd/FixedPoints/BoydLocal.lean	primary-human	selector complement, protected infrastructure, or integrator reservation
worker_forbidden	exact	NumStability/Algorithms/NormEstimation/PNorm/Boyd/LocalStability/BoydConcrete.lean	primary-human	selector complement, protected infrastructure, or integrator reservation
worker_forbidden	exact	NumStability/Algorithms/NormEstimation/PNorm/Boyd/LocalStability/BoydInterface.lean	primary-human	selector complement, protected infrastructure, or integrator reservation
worker_forbidden	exact	NumStability/Algorithms/NormEstimation/PNorm/Boyd/LocalStability/BoydLocal.lean	primary-human	selector complement, protected infrastructure, or integrator reservation
worker_forbidden	exact	NumStability/Algorithms/NormEstimation/PNorm/Boyd/LocalStability/BoydLocalStability.lean	primary-human	selector complement, protected infrastructure, or integrator reservation
worker_forbidden	exact	NumStability/Algorithms/NormEstimation/PNorm/Boyd/RowwiseDomain/Basic.lean	primary-human	selector complement, protected infrastructure, or integrator reservation
worker_forbidden	exact	NumStability/Algorithms/NormEstimation/PNorm/Boyd/Scalar/BoydDomain.lean	primary-human	selector complement, protected infrastructure, or integrator reservation
worker_forbidden	exact	NumStability/Algorithms/NormEstimation/PNorm/Boyd/Scalar/BoydLocal.lean	primary-human	selector complement, protected infrastructure, or integrator reservation
worker_forbidden	exact	NumStability/Algorithms/NormEstimation/PNorm/Boyd/Scalar/BoydRowwise.lean	primary-human	selector complement, protected infrastructure, or integrator reservation
worker_forbidden	exact	NumStability/Algorithms/NormEstimation/PNorm/Boyd/SecondVariation/BoydConcrete.lean	primary-human	selector complement, protected infrastructure, or integrator reservation
worker_forbidden	exact	NumStability/Algorithms/NormEstimation/PNorm/Boyd/SecondVariation/BoydLocal.lean	primary-human	selector complement, protected infrastructure, or integrator reservation
worker_forbidden	exact	NumStability/Algorithms/NormEstimation/PNorm/Boyd/Uniqueness/Basic.lean	primary-human	selector complement, protected infrastructure, or integrator reservation
worker_forbidden	exact	NumStability/Algorithms/NormEstimation/PNorm/Convergence/BoydConcrete.lean	primary-human	selector complement, protected infrastructure, or integrator reservation
worker_forbidden	exact	NumStability/Algorithms/NormEstimation/PNorm/Convergence/BoydInterface.lean	primary-human	selector complement, protected infrastructure, or integrator reservation
worker_forbidden	exact	NumStability/Algorithms/NormEstimation/PNorm/Convergence/ConvergenceStatements.lean	primary-human	selector complement, protected infrastructure, or integrator reservation
worker_forbidden	exact	NumStability/Algorithms/NormEstimation/PNorm/Duality/BoydInterface.lean	primary-human	selector complement, protected infrastructure, or integrator reservation
worker_forbidden	exact	NumStability/Algorithms/NormEstimation/PNorm/Duality/BoydUniqueness.lean	primary-human	selector complement, protected infrastructure, or integrator reservation
worker_forbidden	exact	NumStability/Algorithms/NormEstimation/PNorm/Duality/ConvergenceStatements.lean	primary-human	selector complement, protected infrastructure, or integrator reservation
worker_forbidden	exact	NumStability/Algorithms/NormEstimation/PNorm/Duality/PNormGeneral.lean	primary-human	selector complement, protected infrastructure, or integrator reservation
worker_forbidden	exact	NumStability/Algorithms/NormEstimation/PNorm/Duality/PNormPowerMethod.lean	primary-human	selector complement, protected infrastructure, or integrator reservation
worker_forbidden	exact	NumStability/Algorithms/NormEstimation/PNorm/Endpoints/ConvergenceStatements.lean	primary-human	selector complement, protected infrastructure, or integrator reservation
worker_forbidden	exact	NumStability/Algorithms/NormEstimation/PNorm/Endpoints/PNormRectangular.lean	primary-human	selector complement, protected infrastructure, or integrator reservation
worker_forbidden	exact	NumStability/Algorithms/NormEstimation/PNorm/OneAndInfinityNorms/Rectangular.lean	primary-human	selector complement, protected infrastructure, or integrator reservation
worker_forbidden	exact	NumStability/Algorithms/NormEstimation/PNorm/OneAndInfinityNorms/Square.lean	primary-human	selector complement, protected infrastructure, or integrator reservation
worker_forbidden	exact	NumStability/Algorithms/NormEstimation/PNorm/PowerMethod/BoydConcrete.lean	primary-human	selector complement, protected infrastructure, or integrator reservation
worker_forbidden	exact	NumStability/Algorithms/NormEstimation/PNorm/PowerMethod/BoydInterface.lean	primary-human	selector complement, protected infrastructure, or integrator reservation
worker_forbidden	exact	NumStability/Algorithms/NormEstimation/PNorm/PowerMethod/PNormGeneral.lean	primary-human	selector complement, protected infrastructure, or integrator reservation
worker_forbidden	exact	NumStability/Algorithms/NormEstimation/PNorm/PowerMethod/PNormPowerMethod.lean	primary-human	selector complement, protected infrastructure, or integrator reservation
worker_forbidden	exact	NumStability/Algorithms/NormEstimation/PNorm/Rectangular/BoydInterface.lean	primary-human	selector complement, protected infrastructure, or integrator reservation
worker_forbidden	exact	NumStability/Algorithms/NormEstimation/PNorm/Rectangular/PNormGeneral.lean	primary-human	selector complement, protected infrastructure, or integrator reservation
worker_forbidden	exact	NumStability/Algorithms/NormEstimation/PNorm/Rectangular/PNormRectangular.lean	primary-human	selector complement, protected infrastructure, or integrator reservation
worker_forbidden	exact	NumStability/Algorithms/NormEstimation/PNorm/Rectangular/RectangularTermination.lean	primary-human	selector complement, protected infrastructure, or integrator reservation
worker_forbidden	exact	NumStability/Algorithms/NormEstimation/TwoNorm.lean	primary-human	selector complement, protected infrastructure, or integrator reservation
worker_forbidden	exact	NumStability/Algorithms/NormEstimation/TwoNorm/All.lean	primary-human	selector complement, protected infrastructure, or integrator reservation
worker_forbidden	exact	NumStability/Algorithms/NormEstimation/TwoNorm/Dixon.lean	primary-human	selector complement, protected infrastructure, or integrator reservation
worker_forbidden	exact	NumStability/Algorithms/NormEstimation/TwoNorm/Dixon/Algebra/CondEstimators.lean	primary-human	selector complement, protected infrastructure, or integrator reservation
worker_forbidden	exact	NumStability/Algorithms/NormEstimation/TwoNorm/Dixon/Algebra/DixonCompletion.lean	primary-human	selector complement, protected infrastructure, or integrator reservation
worker_forbidden	exact	NumStability/Algorithms/NormEstimation/TwoNorm/Dixon/PowerBounds/CondEstimators.lean	primary-human	selector complement, protected infrastructure, or integrator reservation
worker_forbidden	exact	NumStability/Algorithms/NormEstimation/TwoNorm/Dixon/PowerBounds/DixonCompletion.lean	primary-human	selector complement, protected infrastructure, or integrator reservation
worker_forbidden	exact	NumStability/Algorithms/NormEstimation/TwoNorm/Dixon/Probability/DixonCompletion.lean	primary-human	selector complement, protected infrastructure, or integrator reservation
worker_forbidden	exact	NumStability/Algorithms/NormEstimation/TwoNorm/Dixon/Probability/DixonProbability.lean	primary-human	selector complement, protected infrastructure, or integrator reservation
worker_forbidden	exact	NumStability/Algorithms/OrderingExamples.lean	primary-human	selector complement, protected infrastructure, or integrator reservation
worker_forbidden	exact	NumStability/Algorithms/OuterProduct.lean	primary-human	selector complement, protected infrastructure, or integrator reservation
worker_forbidden	exact	NumStability/Algorithms/PNormPowerMethod.lean	primary-human	selector complement, protected infrastructure, or integrator reservation
worker_forbidden	exact	NumStability/Algorithms/PNormPowerMethodGeneralP.lean	primary-human	selector complement, protected infrastructure, or integrator reservation
worker_forbidden	exact	NumStability/Algorithms/PNormPowerMethodRect.lean	primary-human	selector complement, protected infrastructure, or integrator reservation
worker_forbidden	exact	NumStability/Algorithms/PairwiseSum.lean	primary-human	selector complement, protected infrastructure, or integrator reservation
worker_forbidden	exact	NumStability/Algorithms/PlusMinusSum.lean	primary-human	selector complement, protected infrastructure, or integrator reservation
worker_forbidden	exact	NumStability/Algorithms/PolynomialEvaluation/DerivativeEvaluation/ErrorBounds.lean	primary-human	selector complement, protected infrastructure, or integrator reservation
worker_forbidden	exact	NumStability/Algorithms/PolynomialEvaluation/ElementaryErrorBounds.lean	primary-human	selector complement, protected infrastructure, or integrator reservation
worker_forbidden	exact	NumStability/Algorithms/PolynomialEvaluation/MatrixNorms.lean	primary-human	selector complement, protected infrastructure, or integrator reservation
worker_forbidden	exact	NumStability/Algorithms/PolynomialEvaluation/RootProduct.lean	primary-human	selector complement, protected infrastructure, or integrator reservation
worker_forbidden	exact	NumStability/Algorithms/PriestAccuracy.lean	primary-human	selector complement, protected infrastructure, or integrator reservation
worker_forbidden	exact	NumStability/Algorithms/PriestDefectBounded.lean	primary-human	selector complement, protected infrastructure, or integrator reservation
worker_forbidden	exact	NumStability/Algorithms/PriestFiniteFormat.lean	primary-human	selector complement, protected infrastructure, or integrator reservation
worker_forbidden	exact	NumStability/Algorithms/Problem44SixTerm.lean	primary-human	selector complement, protected infrastructure, or integrator reservation
worker_forbidden	exact	NumStability/Algorithms/QR/GivensMatrixStep.lean	primary-human	selector complement, protected infrastructure, or integrator reservation
worker_forbidden	exact	NumStability/Algorithms/QR/GivensQR.lean	primary-human	selector complement, protected infrastructure, or integrator reservation
worker_forbidden	exact	NumStability/Algorithms/QR/GivensSpec.lean	primary-human	selector complement, protected infrastructure, or integrator reservation
worker_forbidden	exact	NumStability/Algorithms/QR/GramSchmidt.lean	primary-human	selector complement, protected infrastructure, or integrator reservation
worker_forbidden	exact	NumStability/Algorithms/QR/GramSchmidtPolar.lean	primary-human	selector complement, protected infrastructure, or integrator reservation
worker_forbidden	exact	NumStability/Algorithms/QR/Higham19.lean	primary-human	selector complement, protected infrastructure, or integrator reservation
worker_forbidden	exact	NumStability/Algorithms/QR/Higham19Alg11CGSRounded.lean	primary-human	selector complement, protected infrastructure, or integrator reservation
worker_forbidden	exact	NumStability/Algorithms/QR/Higham19Alg12MGSClosure.lean	primary-human	selector complement, protected infrastructure, or integrator reservation
worker_forbidden	exact	NumStability/Algorithms/QR/Higham19Alg12MGSNonbreakdown.lean	primary-human	selector complement, protected infrastructure, or integrator reservation
worker_forbidden	exact	NumStability/Algorithms/QR/Higham19Alg12MGSPaddedClosure.lean	primary-human	selector complement, protected infrastructure, or integrator reservation
worker_forbidden	exact	NumStability/Algorithms/QR/Higham19Alg12MGSRepair.lean	primary-human	selector complement, protected infrastructure, or integrator reservation
worker_forbidden	exact	NumStability/Algorithms/QR/Higham19Alg12MGSRounded.lean	primary-human	selector complement, protected infrastructure, or integrator reservation
worker_forbidden	exact	NumStability/Algorithms/QR/Higham19Alg12MGSSourceRate.lean	primary-human	selector complement, protected infrastructure, or integrator reservation
worker_forbidden	exact	NumStability/Algorithms/QR/Higham19FormedQ.lean	primary-human	selector complement, protected infrastructure, or integrator reservation
worker_forbidden	exact	NumStability/Algorithms/QR/Higham19Labels.lean	primary-human	selector complement, protected infrastructure, or integrator reservation
worker_forbidden	exact	NumStability/Algorithms/QR/Higham19Lemma3ActualSequence.lean	primary-human	selector complement, protected infrastructure, or integrator reservation
worker_forbidden	exact	NumStability/Algorithms/QR/Higham19Lemma7Gamma4.lean	primary-human	selector complement, protected infrastructure, or integrator reservation
worker_forbidden	exact	NumStability/Algorithms/QR/Higham19Lemma9DisjointSweep.lean	primary-human	selector complement, protected infrastructure, or integrator reservation
worker_forbidden	exact	NumStability/Algorithms/QR/Higham19PolarNearest.lean	primary-human	selector complement, protected infrastructure, or integrator reservation
worker_forbidden	exact	NumStability/Algorithms/QR/Higham19Problem19_10.lean	primary-human	selector complement, protected infrastructure, or integrator reservation
worker_forbidden	exact	NumStability/Algorithms/QR/Higham19Problem19_9.lean	primary-human	selector complement, protected infrastructure, or integrator reservation
worker_forbidden	exact	NumStability/Algorithms/QR/Higham19Problem6ActualStep.lean	primary-human	selector complement, protected infrastructure, or integrator reservation
worker_forbidden	exact	NumStability/Algorithms/QR/Higham19Sensitivity.lean	primary-human	selector complement, protected infrastructure, or integrator reservation
worker_forbidden	exact	NumStability/Algorithms/QR/Higham19SensitivityClosure.lean	primary-human	selector complement, protected infrastructure, or integrator reservation
worker_forbidden	exact	NumStability/Algorithms/QR/Higham19StoredLoop.lean	primary-human	selector complement, protected infrastructure, or integrator reservation
worker_forbidden	exact	NumStability/Algorithms/QR/Higham19StoredLoopAllPivots.lean	primary-human	selector complement, protected infrastructure, or integrator reservation
worker_forbidden	exact	NumStability/Algorithms/QR/Higham19StoredLoopStrongModel.lean	primary-human	selector complement, protected infrastructure, or integrator reservation
worker_forbidden	exact	NumStability/Algorithms/QR/Higham19SunBischof.lean	primary-human	selector complement, protected infrastructure, or integrator reservation
worker_forbidden	exact	NumStability/Algorithms/QR/Higham19Theorem10ActualMatrix.lean	primary-human	selector complement, protected infrastructure, or integrator reservation
worker_forbidden	exact	NumStability/Algorithms/QR/Higham19Theorem5Nonbreakdown.lean	primary-human	selector complement, protected infrastructure, or integrator reservation
worker_forbidden	exact	NumStability/Algorithms/QR/Higham19Theorem5SourceClosure.lean	primary-human	selector complement, protected infrastructure, or integrator reservation
worker_forbidden	exact	NumStability/Algorithms/QR/Higham19Theorem6ActualSource.lean	primary-human	selector complement, protected infrastructure, or integrator reservation
worker_forbidden	exact	NumStability/Algorithms/QR/Higham19Thm6ColPivot.lean	primary-human	selector complement, protected infrastructure, or integrator reservation
worker_forbidden	exact	NumStability/Algorithms/QR/Higham19Thm6ColPivotFull.lean	primary-human	selector complement, protected infrastructure, or integrator reservation
worker_forbidden	exact	NumStability/Algorithms/QR/Higham19Thm6CoxHigham.lean	primary-human	selector complement, protected infrastructure, or integrator reservation
worker_forbidden	exact	NumStability/Algorithms/QR/Higham19Thm6CoxHighamAssembly.lean	primary-human	selector complement, protected infrastructure, or integrator reservation
worker_forbidden	exact	NumStability/Algorithms/QR/Higham19Thm6CoxHighamConcrete.lean	primary-human	selector complement, protected infrastructure, or integrator reservation
worker_forbidden	exact	NumStability/Algorithms/QR/Higham19Thm6CoxHighamFull.lean	primary-human	selector complement, protected infrastructure, or integrator reservation
worker_forbidden	exact	NumStability/Algorithms/QR/Higham19Thm6Elementwise.lean	primary-human	selector complement, protected infrastructure, or integrator reservation
worker_forbidden	exact	NumStability/Algorithms/QR/Higham19Thm6ElementwiseEntry.lean	primary-human	selector complement, protected infrastructure, or integrator reservation
worker_forbidden	exact	NumStability/Algorithms/QR/Higham19Thm6ElementwisePackaged.lean	primary-human	selector complement, protected infrastructure, or integrator reservation
worker_forbidden	exact	NumStability/Algorithms/QR/Higham19Thm6Final.lean	primary-human	selector complement, protected infrastructure, or integrator reservation
worker_forbidden	exact	NumStability/Algorithms/QR/Higham19Thm6Pivoted.lean	primary-human	selector complement, protected infrastructure, or integrator reservation
worker_forbidden	exact	NumStability/Algorithms/QR/Higham19Thm6RowSpecific.lean	primary-human	selector complement, protected infrastructure, or integrator reservation
worker_forbidden	exact	NumStability/Algorithms/QR/Higham19Thm6StrongModel.lean	primary-human	selector complement, protected infrastructure, or integrator reservation
worker_forbidden	exact	NumStability/Algorithms/QR/Higham19TurnbullAitken.lean	primary-human	selector complement, protected infrastructure, or integrator reservation
worker_forbidden	exact	NumStability/Algorithms/QR/Higham19WYApplicationClosure.lean	primary-human	selector complement, protected infrastructure, or integrator reservation
worker_forbidden	exact	NumStability/Algorithms/QR/HouseholderApply.lean	primary-human	selector complement, protected infrastructure, or integrator reservation
worker_forbidden	exact	NumStability/Algorithms/QR/HouseholderApplySupport.lean	primary-human	selector complement, protected infrastructure, or integrator reservation
worker_forbidden	exact	NumStability/Algorithms/QR/HouseholderConstruction2.lean	primary-human	selector complement, protected infrastructure, or integrator reservation
worker_forbidden	exact	NumStability/Algorithms/QR/HouseholderMatrixStep.lean	primary-human	selector complement, protected infrastructure, or integrator reservation
worker_forbidden	exact	NumStability/Algorithms/QR/HouseholderOneStep.lean	primary-human	selector complement, protected infrastructure, or integrator reservation
worker_forbidden	exact	NumStability/Algorithms/QR/HouseholderQApply.lean	primary-human	selector complement, protected infrastructure, or integrator reservation
worker_forbidden	exact	NumStability/Algorithms/QR/HouseholderQR.lean	primary-human	selector complement, protected infrastructure, or integrator reservation
worker_forbidden	exact	NumStability/Algorithms/QR/HouseholderQRSupport.lean	primary-human	selector complement, protected infrastructure, or integrator reservation
worker_forbidden	exact	NumStability/Algorithms/QR/HouseholderReflector.lean	primary-human	selector complement, protected infrastructure, or integrator reservation
worker_forbidden	exact	NumStability/Algorithms/QR/HouseholderSpec.lean	primary-human	selector complement, protected infrastructure, or integrator reservation
worker_forbidden	exact	NumStability/Algorithms/QR/HouseholderSpecSupport.lean	primary-human	selector complement, protected infrastructure, or integrator reservation
worker_forbidden	exact	NumStability/Algorithms/QR/QRSolve.lean	primary-human	selector complement, protected infrastructure, or integrator reservation
worker_forbidden	exact	NumStability/Algorithms/Quadrature.lean	primary-human	selector complement, protected infrastructure, or integrator reservation
worker_forbidden	exact	NumStability/Algorithms/RandNLA.lean	primary-human	selector complement, protected infrastructure, or integrator reservation
worker_forbidden	exact	NumStability/Algorithms/RandNLA/ElementwiseSampling.lean	primary-human	selector complement, protected infrastructure, or integrator reservation
worker_forbidden	exact	NumStability/Algorithms/RandNLA/ElementwiseSpectral.lean	primary-human	selector complement, protected infrastructure, or integrator reservation
worker_forbidden	exact	NumStability/Algorithms/RandNLA/ElementwiseTraceMGF.lean	primary-human	selector complement, protected infrastructure, or integrator reservation
worker_forbidden	exact	NumStability/Algorithms/RandNLA/HitCountConcentration.lean	primary-human	selector complement, protected infrastructure, or integrator reservation
worker_forbidden	exact	NumStability/Algorithms/RandNLA/LeastSquaresSketch.lean	primary-human	selector complement, protected infrastructure, or integrator reservation
worker_forbidden	exact	NumStability/Algorithms/RandNLA/LowRankApprox.lean	primary-human	selector complement, protected infrastructure, or integrator reservation
worker_forbidden	exact	NumStability/Algorithms/RandNLA/Preconditioning.lean	primary-human	selector complement, protected infrastructure, or integrator reservation
worker_forbidden	exact	NumStability/Algorithms/RandNLA/RowSampling.lean	primary-human	selector complement, protected infrastructure, or integrator reservation
worker_forbidden	exact	NumStability/Algorithms/RandNLA/RowSamplingGram.lean	primary-human	selector complement, protected infrastructure, or integrator reservation
worker_forbidden	exact	NumStability/Algorithms/RandNLA/RowSamplingLeverage.lean	primary-human	selector complement, protected infrastructure, or integrator reservation
worker_forbidden	exact	NumStability/Algorithms/RandNLA/RowSamplingLeverageComputedBasis.lean	primary-human	selector complement, protected infrastructure, or integrator reservation
worker_forbidden	exact	NumStability/Algorithms/RandNLA/RowSamplingLeverageMGF.lean	primary-human	selector complement, protected infrastructure, or integrator reservation
worker_forbidden	exact	NumStability/Algorithms/RandNLA/RowSamplingTraceMGF.lean	primary-human	selector complement, protected infrastructure, or integrator reservation
worker_forbidden	exact	NumStability/Algorithms/RandNLA/UniformRowSampling.lean	primary-human	selector complement, protected infrastructure, or integrator reservation
worker_forbidden	exact	NumStability/Algorithms/RandNLA/UniformRowSamplingComposition.lean	primary-human	selector complement, protected infrastructure, or integrator reservation
worker_forbidden	exact	NumStability/Algorithms/RandNLA/UniformRowSamplingFP.lean	primary-human	selector complement, protected infrastructure, or integrator reservation
worker_forbidden	exact	NumStability/Algorithms/RandNLA/UniformRowSamplingMGF.lean	primary-human	selector complement, protected infrastructure, or integrator reservation
worker_forbidden	exact	NumStability/Algorithms/RandomizedLinearAlgebra/Concentration/HitCounts/Bounds.lean	primary-human	selector complement, protected infrastructure, or integrator reservation
worker_forbidden	exact	NumStability/Algorithms/RandomizedLinearAlgebra/Concentration/SpectralTransfer/Elementwise.lean	primary-human	selector complement, protected infrastructure, or integrator reservation
worker_forbidden	exact	NumStability/Algorithms/RandomizedLinearAlgebra/Concentration/TraceMGF/Elementwise.lean	primary-human	selector complement, protected infrastructure, or integrator reservation
worker_forbidden	exact	NumStability/Algorithms/RandomizedLinearAlgebra/Concentration/TraceMGF/LeverageScore.lean	primary-human	selector complement, protected infrastructure, or integrator reservation
worker_forbidden	exact	NumStability/Algorithms/RandomizedLinearAlgebra/Concentration/TraceMGF/RowNorm.lean	primary-human	selector complement, protected infrastructure, or integrator reservation
worker_forbidden	exact	NumStability/Algorithms/RandomizedLinearAlgebra/Concentration/TraceMGF/UniformRows.lean	primary-human	selector complement, protected infrastructure, or integrator reservation
worker_forbidden	exact	NumStability/Algorithms/RandomizedLinearAlgebra/LeastSquaresSketching/Objectives/Core.lean	primary-human	selector complement, protected infrastructure, or integrator reservation
worker_forbidden	exact	NumStability/Algorithms/RandomizedLinearAlgebra/LeastSquaresSketching/RowSampling/Core.lean	primary-human	selector complement, protected infrastructure, or integrator reservation
worker_forbidden	exact	NumStability/Algorithms/RandomizedLinearAlgebra/LowRankApproximation/ColumnSketches/Core.lean	primary-human	selector complement, protected infrastructure, or integrator reservation
worker_forbidden	exact	NumStability/Algorithms/RandomizedLinearAlgebra/LowRankApproximation/RankFactorizations/Core.lean	primary-human	selector complement, protected infrastructure, or integrator reservation
worker_forbidden	exact	NumStability/Algorithms/RandomizedLinearAlgebra/Preconditioning/ExactTransforms/Core.lean	primary-human	selector complement, protected infrastructure, or integrator reservation
worker_forbidden	exact	NumStability/Algorithms/RandomizedLinearAlgebra/Preconditioning/ExactTransforms/UniformRowComposition.lean	primary-human	selector complement, protected infrastructure, or integrator reservation
worker_forbidden	exact	NumStability/Algorithms/RandomizedLinearAlgebra/Sampling/Elementwise/Core.lean	primary-human	selector complement, protected infrastructure, or integrator reservation
worker_forbidden	exact	NumStability/Algorithms/RandomizedLinearAlgebra/Sampling/LeverageScore/ComputedBasis.lean	primary-human	selector complement, protected infrastructure, or integrator reservation
worker_forbidden	exact	NumStability/Algorithms/RandomizedLinearAlgebra/Sampling/LeverageScore/Core.lean	primary-human	selector complement, protected infrastructure, or integrator reservation
worker_forbidden	exact	NumStability/Algorithms/RandomizedLinearAlgebra/Sampling/RowNorm/Core.lean	primary-human	selector complement, protected infrastructure, or integrator reservation
worker_forbidden	exact	NumStability/Algorithms/RandomizedLinearAlgebra/Sampling/RowNorm/Gram.lean	primary-human	selector complement, protected infrastructure, or integrator reservation
worker_forbidden	exact	NumStability/Algorithms/RandomizedLinearAlgebra/Sampling/UniformRows/Core.lean	primary-human	selector complement, protected infrastructure, or integrator reservation
worker_forbidden	exact	NumStability/Algorithms/RandomizedLinearAlgebra/Sampling/UniformRows/FloatingPoint.lean	primary-human	selector complement, protected infrastructure, or integrator reservation
worker_forbidden	exact	NumStability/Algorithms/RankOneUpdate.lean	primary-human	selector complement, protected infrastructure, or integrator reservation
worker_forbidden	exact	NumStability/Algorithms/RecursiveSum.lean	primary-human	selector complement, protected infrastructure, or integrator reservation
worker_forbidden	exact	NumStability/Algorithms/SoftwareIssues/Higham27.lean	primary-human	selector complement, protected infrastructure, or integrator reservation
worker_forbidden	exact	NumStability/Algorithms/SoftwareIssues/Higham27Pythag.lean	primary-human	selector complement, protected infrastructure, or integrator reservation
worker_forbidden	exact	NumStability/Algorithms/SquareDifference.lean	primary-human	selector complement, protected infrastructure, or integrator reservation
worker_forbidden	exact	NumStability/Algorithms/StationaryIteration.lean	primary-human	selector complement, protected infrastructure, or integrator reservation
worker_forbidden	exact	NumStability/Algorithms/StationaryIterationDrazin.lean	primary-human	selector complement, protected infrastructure, or integrator reservation
worker_forbidden	exact	NumStability/Algorithms/StationaryIterationRounded.lean	primary-human	selector complement, protected infrastructure, or integrator reservation
worker_forbidden	exact	NumStability/Algorithms/StationaryIterationSemiconvergent.lean	primary-human	selector complement, protected infrastructure, or integrator reservation
worker_forbidden	exact	NumStability/Algorithms/StationaryIterationSemiconvergentExistence.lean	primary-human	selector complement, protected infrastructure, or integrator reservation
worker_forbidden	exact	NumStability/Algorithms/StationaryIterationSeries.lean	primary-human	selector complement, protected infrastructure, or integrator reservation
worker_forbidden	exact	NumStability/Algorithms/SumTree.lean	primary-human	selector complement, protected infrastructure, or integrator reservation
worker_forbidden	exact	NumStability/Algorithms/Summation.lean	primary-human	selector complement, protected infrastructure, or integrator reservation
worker_forbidden	exact	NumStability/Algorithms/Summation/Accumulator.lean	primary-human	selector complement, protected infrastructure, or integrator reservation
worker_forbidden	exact	NumStability/Algorithms/Summation/Compensated.lean	primary-human	selector complement, protected infrastructure, or integrator reservation
worker_forbidden	exact	NumStability/Algorithms/Summation/Compensated/Alternative.lean	primary-human	selector complement, protected infrastructure, or integrator reservation
worker_forbidden	exact	NumStability/Algorithms/Summation/Compensated/Alternative/Core.lean	primary-human	selector complement, protected infrastructure, or integrator reservation
worker_forbidden	exact	NumStability/Algorithms/Summation/Compensated/Alternative/ErrorBounds.lean	primary-human	selector complement, protected infrastructure, or integrator reservation
worker_forbidden	exact	NumStability/Algorithms/Summation/Compensated/CorrectionFormula.lean	primary-human	selector complement, protected infrastructure, or integrator reservation
worker_forbidden	exact	NumStability/Algorithms/Summation/Compensated/FastTwoSum.lean	primary-human	selector complement, protected infrastructure, or integrator reservation
worker_forbidden	exact	NumStability/Algorithms/Summation/Compensated/FiniteFormat.lean	primary-human	selector complement, protected infrastructure, or integrator reservation
worker_forbidden	exact	NumStability/Algorithms/Summation/Compensated/Kahan.lean	primary-human	selector complement, protected infrastructure, or integrator reservation
worker_forbidden	exact	NumStability/Algorithms/Summation/Compensated/Kahan/Coefficients.lean	primary-human	selector complement, protected infrastructure, or integrator reservation
worker_forbidden	exact	NumStability/Algorithms/Summation/Compensated/Kahan/Coefficients/Affine.lean	primary-human	selector complement, protected infrastructure, or integrator reservation
worker_forbidden	exact	NumStability/Algorithms/Summation/Compensated/Kahan/Coefficients/Coupled.lean	primary-human	selector complement, protected infrastructure, or integrator reservation
worker_forbidden	exact	NumStability/Algorithms/Summation/Compensated/Kahan/Core.lean	primary-human	selector complement, protected infrastructure, or integrator reservation
worker_forbidden	exact	NumStability/Algorithms/Summation/Compensated/Kahan/ErrorBounds.lean	primary-human	selector complement, protected infrastructure, or integrator reservation
worker_forbidden	exact	NumStability/Algorithms/Summation/Compensated/Kahan/Exactness.lean	primary-human	selector complement, protected infrastructure, or integrator reservation
worker_forbidden	exact	NumStability/Algorithms/Summation/Compensated/Kahan/Finite.lean	primary-human	selector complement, protected infrastructure, or integrator reservation
worker_forbidden	exact	NumStability/Algorithms/Summation/Compensated/Kahan/FiniteErrorBounds.lean	primary-human	selector complement, protected infrastructure, or integrator reservation
worker_forbidden	exact	NumStability/Algorithms/Summation/Compensated/Kahan/FiniteFormat.lean	primary-human	selector complement, protected infrastructure, or integrator reservation
worker_forbidden	exact	NumStability/Algorithms/Summation/Compensated/Kahan/Internal/FinFold.lean	primary-human	selector complement, protected infrastructure, or integrator reservation
worker_forbidden	exact	NumStability/Algorithms/Summation/Compensated/Kahan/LocalCoefficients.lean	primary-human	selector complement, protected infrastructure, or integrator reservation
worker_forbidden	exact	NumStability/Algorithms/Summation/Compensated/Kahan/Majorants.lean	primary-human	selector complement, protected infrastructure, or integrator reservation
worker_forbidden	exact	NumStability/Algorithms/Summation/Compensated/Neumaier/AdaptiveFiniteFormat.lean	primary-human	selector complement, protected infrastructure, or integrator reservation
worker_forbidden	exact	NumStability/Algorithms/Summation/Compensated/Neumaier/All.lean	primary-human	selector complement, protected infrastructure, or integrator reservation
worker_forbidden	exact	NumStability/Algorithms/Summation/Compensated/Neumaier/ExactResidual.lean	primary-human	selector complement, protected infrastructure, or integrator reservation
worker_forbidden	exact	NumStability/Algorithms/Summation/Compensated/Neumaier/FiniteExecutor.lean	primary-human	selector complement, protected infrastructure, or integrator reservation
worker_forbidden	exact	NumStability/Algorithms/Summation/Compensated/NoGuard.lean	primary-human	selector complement, protected infrastructure, or integrator reservation
worker_forbidden	exact	NumStability/Algorithms/Summation/Compensated/NoGuard/CorrectionFormula.lean	primary-human	selector complement, protected infrastructure, or integrator reservation
worker_forbidden	exact	NumStability/Algorithms/Summation/Compensated/NoGuard/Modified.lean	primary-human	selector complement, protected infrastructure, or integrator reservation
worker_forbidden	exact	NumStability/Algorithms/Summation/Compensated/NoGuard/Ordinary.lean	primary-human	selector complement, protected infrastructure, or integrator reservation
worker_forbidden	exact	NumStability/Algorithms/Summation/Compensated/Priest/All.lean	primary-human	selector complement, protected infrastructure, or integrator reservation
worker_forbidden	exact	NumStability/Algorithms/Summation/Compensated/Priest/FiniteFormat.lean	primary-human	selector complement, protected infrastructure, or integrator reservation
worker_forbidden	exact	NumStability/Algorithms/Summation/DoublyCompensated.lean	primary-human	selector complement, protected infrastructure, or integrator reservation
worker_forbidden	exact	NumStability/Algorithms/Summation/Insertion.lean	primary-human	selector complement, protected infrastructure, or integrator reservation
worker_forbidden	exact	NumStability/Algorithms/Summation/Insertion/ActiveList.lean	primary-human	selector complement, protected infrastructure, or integrator reservation
worker_forbidden	exact	NumStability/Algorithms/Summation/Insertion/Executor.lean	primary-human	selector complement, protected infrastructure, or integrator reservation
worker_forbidden	exact	NumStability/Algorithms/Summation/Insertion/RunningError.lean	primary-human	selector complement, protected infrastructure, or integrator reservation
worker_forbidden	exact	NumStability/Algorithms/Summation/Insertion/Schedule.lean	primary-human	selector complement, protected infrastructure, or integrator reservation
worker_forbidden	exact	NumStability/Algorithms/Summation/Insertion/ScheduleExecution.lean	primary-human	selector complement, protected infrastructure, or integrator reservation
worker_forbidden	exact	NumStability/Algorithms/Summation/Pairwise.lean	primary-human	selector complement, protected infrastructure, or integrator reservation
worker_forbidden	exact	NumStability/Algorithms/Summation/Pairwise/Core.lean	primary-human	selector complement, protected infrastructure, or integrator reservation
worker_forbidden	exact	NumStability/Algorithms/Summation/PlusMinus.lean	primary-human	selector complement, protected infrastructure, or integrator reservation
worker_forbidden	exact	NumStability/Algorithms/Summation/Recursive.lean	primary-human	selector complement, protected infrastructure, or integrator reservation
worker_forbidden	exact	NumStability/Algorithms/Summation/Recursive/Core.lean	primary-human	selector complement, protected infrastructure, or integrator reservation
worker_forbidden	exact	NumStability/Algorithms/Summation/Tree.lean	primary-human	selector complement, protected infrastructure, or integrator reservation
worker_forbidden	exact	NumStability/Algorithms/Summation/Tree/ArbitraryOrderError/All.lean	primary-human	selector complement, protected infrastructure, or integrator reservation
worker_forbidden	exact	NumStability/Algorithms/Summation/Tree/ArbitraryOrderError/PivotNormalized.lean	primary-human	selector complement, protected infrastructure, or integrator reservation
worker_forbidden	exact	NumStability/Algorithms/Summation/Tree/Balanced.lean	primary-human	selector complement, protected infrastructure, or integrator reservation
worker_forbidden	exact	NumStability/Algorithms/Summation/Tree/Chain.lean	primary-human	selector complement, protected infrastructure, or integrator reservation
worker_forbidden	exact	NumStability/Algorithms/Summation/Tree/Core.lean	primary-human	selector complement, protected infrastructure, or integrator reservation
worker_forbidden	exact	NumStability/Algorithms/Summation/Tree/RecursiveBridge.lean	primary-human	selector complement, protected infrastructure, or integrator reservation
worker_forbidden	exact	NumStability/Algorithms/Sylvester.lean	primary-human	selector complement, protected infrastructure, or integrator reservation
worker_forbidden	exact	NumStability/Algorithms/Sylvester/Higham16.lean	primary-human	selector complement, protected infrastructure, or integrator reservation
worker_forbidden	exact	NumStability/Algorithms/Sylvester/Higham16AutoCondition.lean	primary-human	selector complement, protected infrastructure, or integrator reservation
worker_forbidden	exact	NumStability/Algorithms/Sylvester/Higham16Eq9Assembly.lean	primary-human	selector complement, protected infrastructure, or integrator reservation
worker_forbidden	exact	NumStability/Algorithms/Sylvester/Higham16Eq9EndToEnd.lean	primary-human	selector complement, protected infrastructure, or integrator reservation
worker_forbidden	exact	NumStability/Algorithms/Sylvester/Higham16HessenbergRounded.lean	primary-human	selector complement, protected infrastructure, or integrator reservation
worker_forbidden	exact	NumStability/Algorithms/Sylvester/Higham16HessenbergSchur.lean	primary-human	selector complement, protected infrastructure, or integrator reservation
worker_forbidden	exact	NumStability/Algorithms/Sylvester/Higham16Lyapunov.lean	primary-human	selector complement, protected infrastructure, or integrator reservation
worker_forbidden	exact	NumStability/Algorithms/Sylvester/Higham16LyapunovSigmaMin.lean	primary-human	selector complement, protected infrastructure, or integrator reservation
worker_forbidden	exact	NumStability/Algorithms/Sylvester/Higham16Minimizers.lean	primary-human	selector complement, protected infrastructure, or integrator reservation
worker_forbidden	exact	NumStability/Algorithms/Sylvester/Higham16NormEstimator.lean	primary-human	selector complement, protected infrastructure, or integrator reservation
worker_forbidden	exact	NumStability/Algorithms/Sylvester/Higham16PerturbationSigmaMin.lean	primary-human	selector complement, protected infrastructure, or integrator reservation
worker_forbidden	exact	NumStability/Algorithms/Sylvester/Higham16PivotedSmallBlocks.lean	primary-human	selector complement, protected infrastructure, or integrator reservation
worker_forbidden	exact	NumStability/Algorithms/Sylvester/Higham16Problem16_2.lean	primary-human	selector complement, protected infrastructure, or integrator reservation
worker_forbidden	exact	NumStability/Algorithms/Sylvester/Higham16Psi.lean	primary-human	selector complement, protected infrastructure, or integrator reservation
worker_forbidden	exact	NumStability/Algorithms/Sylvester/Higham16PsiSigmaMin.lean	primary-human	selector complement, protected infrastructure, or integrator reservation
worker_forbidden	exact	NumStability/Algorithms/Sylvester/Higham16QuasiQuasiRounded.lean	primary-human	selector complement, protected infrastructure, or integrator reservation
worker_forbidden	exact	NumStability/Algorithms/Sylvester/Higham16QuasiQuasiSylvester.lean	primary-human	selector complement, protected infrastructure, or integrator reservation
worker_forbidden	exact	NumStability/Algorithms/Sylvester/Higham16QuasiRoundedSolve.lean	primary-human	selector complement, protected infrastructure, or integrator reservation
worker_forbidden	exact	NumStability/Algorithms/Sylvester/Higham16QuasiRoundedSylvester.lean	primary-human	selector complement, protected infrastructure, or integrator reservation
worker_forbidden	exact	NumStability/Algorithms/Sylvester/Higham16RoundedExecutor.lean	primary-human	selector complement, protected infrastructure, or integrator reservation
worker_forbidden	exact	NumStability/Algorithms/Sylvester/Higham16RoundedTriangular.lean	primary-human	selector complement, protected infrastructure, or integrator reservation
worker_forbidden	exact	NumStability/Algorithms/Sylvester/Higham16Spectrum.lean	primary-human	selector complement, protected infrastructure, or integrator reservation
worker_forbidden	exact	NumStability/Algorithms/Sylvester/Higham16SpectrumMinimizers.lean	primary-human	selector complement, protected infrastructure, or integrator reservation
worker_forbidden	exact	NumStability/Algorithms/Sylvester/Higham16VecNorm.lean	primary-human	selector complement, protected infrastructure, or integrator reservation
worker_forbidden	exact	NumStability/Algorithms/Sylvester/Higham16VecPermutationNotes.lean	primary-human	selector complement, protected infrastructure, or integrator reservation
worker_forbidden	exact	NumStability/Algorithms/Sylvester/SylvesterBackward.lean	primary-human	selector complement, protected infrastructure, or integrator reservation
worker_forbidden	exact	NumStability/Algorithms/Sylvester/SylvesterPerturbation.lean	primary-human	selector complement, protected infrastructure, or integrator reservation
worker_forbidden	exact	NumStability/Algorithms/Sylvester/SylvesterSpec.lean	primary-human	selector complement, protected infrastructure, or integrator reservation
worker_forbidden	exact	NumStability/Algorithms/TestMatrices/Higham28.lean	primary-human	selector complement, protected infrastructure, or integrator reservation
worker_forbidden	exact	NumStability/Algorithms/TestMatrices/Higham28Asymptotics.lean	primary-human	selector complement, protected infrastructure, or integrator reservation
worker_forbidden	exact	NumStability/Algorithms/TestMatrices/Higham28Cauchy.lean	primary-human	selector complement, protected infrastructure, or integrator reservation
worker_forbidden	exact	NumStability/Algorithms/TestMatrices/Higham28Companion.lean	primary-human	selector complement, protected infrastructure, or integrator reservation
worker_forbidden	exact	NumStability/Algorithms/TestMatrices/Higham28CompanionSpectral.lean	primary-human	selector complement, protected infrastructure, or integrator reservation
worker_forbidden	exact	NumStability/Algorithms/TestMatrices/Higham28Contracts.lean	primary-human	selector complement, protected infrastructure, or integrator reservation
worker_forbidden	exact	NumStability/Algorithms/TestMatrices/Higham28Exact.lean	primary-human	selector complement, protected infrastructure, or integrator reservation
worker_forbidden	exact	NumStability/Algorithms/TestMatrices/Higham28GaussianAbsoluteMoment.lean	primary-human	selector complement, protected infrastructure, or integrator reservation
worker_forbidden	exact	NumStability/Algorithms/TestMatrices/Higham28GaussianDirection.lean	primary-human	selector complement, protected infrastructure, or integrator reservation
worker_forbidden	exact	NumStability/Algorithms/TestMatrices/Higham28GaussianOrthogonal.lean	primary-human	selector complement, protected infrastructure, or integrator reservation
worker_forbidden	exact	NumStability/Algorithms/TestMatrices/Higham28GaussianQRHaar.lean	primary-human	selector complement, protected infrastructure, or integrator reservation
worker_forbidden	exact	NumStability/Algorithms/TestMatrices/Higham28Ginibre.lean	primary-human	selector complement, protected infrastructure, or integrator reservation
worker_forbidden	exact	NumStability/Algorithms/TestMatrices/Higham28GinibreAbsoluteDetRecurrence.lean	primary-human	selector complement, protected infrastructure, or integrator reservation
worker_forbidden	exact	NumStability/Algorithms/TestMatrices/Higham28GinibreAtlas.lean	primary-human	selector complement, protected infrastructure, or integrator reservation
worker_forbidden	exact	NumStability/Algorithms/TestMatrices/Higham28GinibreCharacteristicProduct.lean	primary-human	selector complement, protected infrastructure, or integrator reservation
worker_forbidden	exact	NumStability/Algorithms/TestMatrices/Higham28GinibreComplexPairs.lean	primary-human	selector complement, protected infrastructure, or integrator reservation
worker_forbidden	exact	NumStability/Algorithms/TestMatrices/Higham28GinibreCorollary31Factor.lean	primary-human	selector complement, protected infrastructure, or integrator reservation
worker_forbidden	exact	NumStability/Algorithms/TestMatrices/Higham28GinibreDeterminantIntegral.lean	primary-human	selector complement, protected infrastructure, or integrator reservation
worker_forbidden	exact	NumStability/Algorithms/TestMatrices/Higham28GinibreDeterminantMoment.lean	primary-human	selector complement, protected infrastructure, or integrator reservation
worker_forbidden	exact	NumStability/Algorithms/TestMatrices/Higham28GinibreDimensionTwo.lean	primary-human	selector complement, protected infrastructure, or integrator reservation
worker_forbidden	exact	NumStability/Algorithms/TestMatrices/Higham28GinibreExpectationGlue.lean	primary-human	selector complement, protected infrastructure, or integrator reservation
worker_forbidden	exact	NumStability/Algorithms/TestMatrices/Higham28GinibreFiniteFormula.lean	primary-human	selector complement, protected infrastructure, or integrator reservation
worker_forbidden	exact	NumStability/Algorithms/TestMatrices/Higham28GinibreGaussianBridge.lean	primary-human	selector complement, protected infrastructure, or integrator reservation
worker_forbidden	exact	NumStability/Algorithms/TestMatrices/Higham28GinibreIncidence.lean	primary-human	selector complement, protected infrastructure, or integrator reservation
worker_forbidden	exact	NumStability/Algorithms/TestMatrices/Higham28GinibreIntegral.lean	primary-human	selector complement, protected infrastructure, or integrator reservation
worker_forbidden	exact	NumStability/Algorithms/TestMatrices/Higham28GinibreJointDensity.lean	primary-human	selector complement, protected infrastructure, or integrator reservation
worker_forbidden	exact	NumStability/Algorithms/TestMatrices/Higham28GinibreMeasure.lean	primary-human	selector complement, protected infrastructure, or integrator reservation
worker_forbidden	exact	NumStability/Algorithms/TestMatrices/Higham28GinibreMultiplicity.lean	primary-human	selector complement, protected infrastructure, or integrator reservation
worker_forbidden	exact	NumStability/Algorithms/TestMatrices/Higham28GinibreOrthogonalFiber.lean	primary-human	selector complement, protected infrastructure, or integrator reservation
worker_forbidden	exact	NumStability/Algorithms/TestMatrices/Higham28GinibreParity.lean	primary-human	selector complement, protected infrastructure, or integrator reservation
worker_forbidden	exact	NumStability/Algorithms/TestMatrices/Higham28GinibrePlaneChart.lean	primary-human	selector complement, protected infrastructure, or integrator reservation
worker_forbidden	exact	NumStability/Algorithms/TestMatrices/Higham28GinibrePlaneIncidence.lean	primary-human	selector complement, protected infrastructure, or integrator reservation
worker_forbidden	exact	NumStability/Algorithms/TestMatrices/Higham28GinibrePlaneSylvester.lean	primary-human	selector complement, protected infrastructure, or integrator reservation
worker_forbidden	exact	NumStability/Algorithms/TestMatrices/Higham28GinibreProjectiveIntegral.lean	primary-human	selector complement, protected infrastructure, or integrator reservation
worker_forbidden	exact	NumStability/Algorithms/TestMatrices/Higham28GinibreRecurrence.lean	primary-human	selector complement, protected infrastructure, or integrator reservation
worker_forbidden	exact	NumStability/Algorithms/TestMatrices/Higham28GinibreRoots.lean	primary-human	selector complement, protected infrastructure, or integrator reservation
worker_forbidden	exact	NumStability/Algorithms/TestMatrices/Higham28GinibreSignedConclusion.lean	primary-human	selector complement, protected infrastructure, or integrator reservation
worker_forbidden	exact	NumStability/Algorithms/TestMatrices/Higham28GinibreSignedExpectation.lean	primary-human	selector complement, protected infrastructure, or integrator reservation
worker_forbidden	exact	NumStability/Algorithms/TestMatrices/Higham28GinibreSignedGaussian.lean	primary-human	selector complement, protected infrastructure, or integrator reservation
worker_forbidden	exact	NumStability/Algorithms/TestMatrices/Higham28GinibreSignedIncidence.lean	primary-human	selector complement, protected infrastructure, or integrator reservation
worker_forbidden	exact	NumStability/Algorithms/TestMatrices/Higham28GinibreSignedIncidenceAlgebra.lean	primary-human	selector complement, protected infrastructure, or integrator reservation
worker_forbidden	exact	NumStability/Algorithms/TestMatrices/Higham28GinibreSignedKernel.lean	primary-human	selector complement, protected infrastructure, or integrator reservation
worker_forbidden	exact	NumStability/Algorithms/TestMatrices/Higham28GinibreSignedRank.lean	primary-human	selector complement, protected infrastructure, or integrator reservation
worker_forbidden	exact	NumStability/Algorithms/TestMatrices/Higham28GinibreSignedRankTransfer.lean	primary-human	selector complement, protected infrastructure, or integrator reservation
worker_forbidden	exact	NumStability/Algorithms/TestMatrices/Higham28GinibreSignedScalar.lean	primary-human	selector complement, protected infrastructure, or integrator reservation
worker_forbidden	exact	NumStability/Algorithms/TestMatrices/Higham28GinibreTraceDensity.lean	primary-human	selector complement, protected infrastructure, or integrator reservation
worker_forbidden	exact	NumStability/Algorithms/TestMatrices/Higham28GinibreTruncatedIncidence.lean	primary-human	selector complement, protected infrastructure, or integrator reservation
worker_forbidden	exact	NumStability/Algorithms/TestMatrices/Higham28HaarFibers.lean	primary-human	selector complement, protected infrastructure, or integrator reservation
worker_forbidden	exact	NumStability/Algorithms/TestMatrices/Higham28HilbertAsymptotic.lean	primary-human	selector complement, protected infrastructure, or integrator reservation
worker_forbidden	exact	NumStability/Algorithms/TestMatrices/Higham28HilbertCondition.lean	primary-human	selector complement, protected infrastructure, or integrator reservation
worker_forbidden	exact	NumStability/Algorithms/TestMatrices/Higham28HilbertRatioDiscrepancy.lean	primary-human	selector complement, protected infrastructure, or integrator reservation
worker_forbidden	exact	NumStability/Algorithms/TestMatrices/Higham28Moments.lean	primary-human	selector complement, protected infrastructure, or integrator reservation
worker_forbidden	exact	NumStability/Algorithms/TestMatrices/Higham28OrthogonalCoordinates.lean	primary-human	selector complement, protected infrastructure, or integrator reservation
worker_forbidden	exact	NumStability/Algorithms/TestMatrices/Higham28OrthogonalFibers.lean	primary-human	selector complement, protected infrastructure, or integrator reservation
worker_forbidden	exact	NumStability/Algorithms/TestMatrices/Higham28OrthogonalHaar.lean	primary-human	selector complement, protected infrastructure, or integrator reservation
worker_forbidden	exact	NumStability/Algorithms/TestMatrices/Higham28OrthogonalSphere.lean	primary-human	selector complement, protected infrastructure, or integrator reservation
worker_forbidden	exact	NumStability/Algorithms/TestMatrices/Higham28Pascal.lean	primary-human	selector complement, protected infrastructure, or integrator reservation
worker_forbidden	exact	NumStability/Algorithms/TestMatrices/Higham28PascalCondition.lean	primary-human	selector complement, protected infrastructure, or integrator reservation
worker_forbidden	exact	NumStability/Algorithms/TestMatrices/Higham28PascalDualFlag.lean	primary-human	selector complement, protected infrastructure, or integrator reservation
worker_forbidden	exact	NumStability/Algorithms/TestMatrices/Higham28PascalOscillation.lean	primary-human	selector complement, protected infrastructure, or integrator reservation
worker_forbidden	exact	NumStability/Algorithms/TestMatrices/Higham28PascalOscillationCore.lean	primary-human	selector complement, protected infrastructure, or integrator reservation
worker_forbidden	exact	NumStability/Algorithms/TestMatrices/Higham28PascalOscillationExact.lean	primary-human	selector complement, protected infrastructure, or integrator reservation
worker_forbidden	exact	NumStability/Algorithms/TestMatrices/Higham28PascalSpectral.lean	primary-human	selector complement, protected infrastructure, or integrator reservation
worker_forbidden	exact	NumStability/Algorithms/TestMatrices/Higham28PascalTotalPositivity.lean	primary-human	selector complement, protected infrastructure, or integrator reservation
worker_forbidden	exact	NumStability/Algorithms/TestMatrices/Higham28Probability.lean	primary-human	selector complement, protected infrastructure, or integrator reservation
worker_forbidden	exact	NumStability/Algorithms/TestMatrices/Higham28RandsvdNorm.lean	primary-human	selector complement, protected infrastructure, or integrator reservation
worker_forbidden	exact	NumStability/Algorithms/TestMatrices/Higham28ReciprocalSPD.lean	primary-human	selector complement, protected infrastructure, or integrator reservation
worker_forbidden	exact	NumStability/Algorithms/TestMatrices/Higham28ShiftedHilbert.lean	primary-human	selector complement, protected infrastructure, or integrator reservation
worker_forbidden	exact	NumStability/Algorithms/TestMatrices/Higham28Stewart.lean	primary-human	selector complement, protected infrastructure, or integrator reservation
worker_forbidden	exact	NumStability/Algorithms/TestMatrices/Higham28StewartHaar.lean	primary-human	selector complement, protected infrastructure, or integrator reservation
worker_forbidden	exact	NumStability/Algorithms/TestMatrices/Higham28StewartRawFiber.lean	primary-human	selector complement, protected infrastructure, or integrator reservation
worker_forbidden	exact	NumStability/Algorithms/TestMatrices/Higham28StewartRecursion.lean	primary-human	selector complement, protected infrastructure, or integrator reservation
worker_forbidden	exact	NumStability/Algorithms/TestMatrices/Higham28ToeplitzCondition.lean	primary-human	selector complement, protected infrastructure, or integrator reservation
worker_forbidden	exact	NumStability/Algorithms/TestMatrices/Higham28ToeplitzGeneral.lean	primary-human	selector complement, protected infrastructure, or integrator reservation
worker_forbidden	exact	NumStability/Algorithms/TestMatrices/Higham28ToeplitzSpectrum.lean	primary-human	selector complement, protected infrastructure, or integrator reservation
worker_forbidden	exact	NumStability/Algorithms/TestMatrices/UpperTriangularStress.lean	primary-human	selector complement, protected infrastructure, or integrator reservation
worker_forbidden	exact	NumStability/Algorithms/TreeDotProduct.lean	primary-human	selector complement, protected infrastructure, or integrator reservation
worker_forbidden	exact	NumStability/Algorithms/TriangularArbitraryOrder.lean	primary-human	selector complement, protected infrastructure, or integrator reservation
worker_forbidden	exact	NumStability/Algorithms/TriangularForwardBound.lean	primary-human	selector complement, protected infrastructure, or integrator reservation
worker_forbidden	exact	NumStability/Algorithms/TriangularForwardComparison.lean	primary-human	selector complement, protected infrastructure, or integrator reservation
worker_forbidden	exact	NumStability/Algorithms/TriangularNoGuard.lean	primary-human	selector complement, protected infrastructure, or integrator reservation
worker_forbidden	exact	NumStability/Algorithms/TriangularSolve.lean	primary-human	selector complement, protected infrastructure, or integrator reservation
worker_forbidden	exact	NumStability/Algorithms/TriangularSolveCombined.lean	primary-human	selector complement, protected infrastructure, or integrator reservation
worker_forbidden	exact	NumStability/Algorithms/Underdetermined/Higham21.lean	primary-human	selector complement, protected infrastructure, or integrator reservation
worker_forbidden	exact	NumStability/Algorithms/Underdetermined/Higham21Attainability.lean	primary-human	selector complement, protected infrastructure, or integrator reservation
worker_forbidden	exact	NumStability/Algorithms/Underdetermined/Higham21Condition.lean	primary-human	selector complement, protected infrastructure, or integrator reservation
worker_forbidden	exact	NumStability/Algorithms/Underdetermined/Higham21Eq21_11Uniform.lean	primary-human	selector complement, protected infrastructure, or integrator reservation
worker_forbidden	exact	NumStability/Algorithms/Underdetermined/Higham21Eq21_8.lean	primary-human	selector complement, protected infrastructure, or integrator reservation
worker_forbidden	exact	NumStability/Algorithms/Underdetermined/Higham21Eq21_9.lean	primary-human	selector complement, protected infrastructure, or integrator reservation
worker_forbidden	exact	NumStability/Algorithms/Underdetermined/Higham21Equation21_11.lean	primary-human	selector complement, protected infrastructure, or integrator reservation
worker_forbidden	exact	NumStability/Algorithms/Underdetermined/Higham21Equation21_11Scalar.lean	primary-human	selector complement, protected infrastructure, or integrator reservation
worker_forbidden	exact	NumStability/Algorithms/Underdetermined/Higham21Givens.lean	primary-human	selector complement, protected infrastructure, or integrator reservation
worker_forbidden	exact	NumStability/Algorithms/Underdetermined/Higham21GivensClosure.lean	primary-human	selector complement, protected infrastructure, or integrator reservation
worker_forbidden	exact	NumStability/Algorithms/Underdetermined/Higham21GivensRounded.lean	primary-human	selector complement, protected infrastructure, or integrator reservation
worker_forbidden	exact	NumStability/Algorithms/Underdetermined/Higham21MGS.lean	primary-human	selector complement, protected infrastructure, or integrator reservation
worker_forbidden	exact	NumStability/Algorithms/Underdetermined/Higham21MGSRounded.lean	primary-human	selector complement, protected infrastructure, or integrator reservation
worker_forbidden	exact	NumStability/Algorithms/Underdetermined/Higham21Perturbation.lean	primary-human	selector complement, protected infrastructure, or integrator reservation
worker_forbidden	exact	NumStability/Algorithms/Underdetermined/Higham21PerturbationRadius.lean	primary-human	selector complement, protected infrastructure, or integrator reservation
worker_forbidden	exact	NumStability/Algorithms/Underdetermined/Higham21ProjectorNorm.lean	primary-human	selector complement, protected infrastructure, or integrator reservation
worker_forbidden	exact	NumStability/Algorithms/Underdetermined/Higham21QRFoundations.lean	primary-human	selector complement, protected infrastructure, or integrator reservation
worker_forbidden	exact	NumStability/Algorithms/Underdetermined/Higham21RankStability.lean	primary-human	selector complement, protected infrastructure, or integrator reservation
worker_forbidden	exact	NumStability/Algorithms/Underdetermined/Higham21RowwiseMeasure.lean	primary-human	selector complement, protected infrastructure, or integrator reservation
worker_forbidden	exact	NumStability/Algorithms/Underdetermined/Higham21SNEActualOutput.lean	primary-human	selector complement, protected infrastructure, or integrator reservation
worker_forbidden	exact	NumStability/Algorithms/Underdetermined/Higham21SNEClosure.lean	primary-human	selector complement, protected infrastructure, or integrator reservation
worker_forbidden	exact	NumStability/Algorithms/Underdetermined/Higham21SNEConditionTransfer.lean	primary-human	selector complement, protected infrastructure, or integrator reservation
worker_forbidden	exact	NumStability/Algorithms/Underdetermined/Higham21SNEEnvelopeTransfer.lean	primary-human	selector complement, protected infrastructure, or integrator reservation
worker_forbidden	exact	NumStability/Algorithms/Underdetermined/Higham21SNEForward.lean	primary-human	selector complement, protected infrastructure, or integrator reservation
worker_forbidden	exact	NumStability/Algorithms/Underdetermined/Higham21SNEQRMajorant.lean	primary-human	selector complement, protected infrastructure, or integrator reservation
worker_forbidden	exact	NumStability/Algorithms/Underdetermined/Higham21SNERemainderBounds.lean	primary-human	selector complement, protected infrastructure, or integrator reservation
worker_forbidden	exact	NumStability/Algorithms/Underdetermined/Higham21SNESigned.lean	primary-human	selector complement, protected infrastructure, or integrator reservation
worker_forbidden	exact	NumStability/Algorithms/Underdetermined/Higham21SNEUniform.lean	primary-human	selector complement, protected infrastructure, or integrator reservation
worker_forbidden	exact	NumStability/Algorithms/Underdetermined/Higham21Theorem214SourceClosure.lean	primary-human	selector complement, protected infrastructure, or integrator reservation
worker_forbidden	exact	NumStability/Algorithms/Underdetermined/Higham21Theorem21_3Attainment.lean	primary-human	selector complement, protected infrastructure, or integrator reservation
worker_forbidden	exact	NumStability/Algorithms/Underdetermined/UnderdeterminedSolve.lean	primary-human	selector complement, protected infrastructure, or integrator reservation
worker_forbidden	exact	NumStability/Algorithms/Underdetermined/UnderdeterminedSpec.lean	primary-human	selector complement, protected infrastructure, or integrator reservation
worker_forbidden	exact	NumStability/Algorithms/Vandermonde/Higham22.lean	primary-human	selector complement, protected infrastructure, or integrator reservation
worker_forbidden	exact	NumStability/Algorithms/Vandermonde/Higham22Ch12RefinementBridge.lean	primary-human	selector complement, protected infrastructure, or integrator reservation
worker_forbidden	exact	NumStability/Algorithms/Vandermonde/Higham22ComplexConfluentRefinementBridge.lean	primary-human	selector complement, protected infrastructure, or integrator reservation
worker_forbidden	exact	NumStability/Algorithms/Vandermonde/Higham22MonomialClosure.lean	primary-human	selector complement, protected infrastructure, or integrator reservation
worker_forbidden	exact	NumStability/Algorithms/Vandermonde/Higham22Problem22_7.lean	primary-human	selector complement, protected infrastructure, or integrator reservation
worker_forbidden	exact	NumStability/Algorithms/WilkinsonAttainability.lean	primary-human	selector complement, protected infrastructure, or integrator reservation
worker_forbidden	exact	NumStability/All.lean	primary-human	selector complement, protected infrastructure, or integrator reservation
worker_forbidden	exact	NumStability/Analysis.lean	primary-human	selector complement, protected infrastructure, or integrator reservation
worker_forbidden	exact	NumStability/Analysis/Accumulation.lean	primary-human	selector complement, protected infrastructure, or integrator reservation
worker_forbidden	exact	NumStability/Analysis/AccuracyTests.lean	primary-human	selector complement, protected infrastructure, or integrator reservation
worker_forbidden	exact	NumStability/Analysis/AlternativeNumberSystems.lean	primary-human	selector complement, protected infrastructure, or integrator reservation
worker_forbidden	exact	NumStability/Analysis/Approximation/SineTaylor/OddDegreeFiveError/Theorems.lean	primary-human	selector complement, protected infrastructure, or integrator reservation
worker_forbidden	exact	NumStability/Analysis/Asymptotics.lean	primary-human	selector complement, protected infrastructure, or integrator reservation
worker_forbidden	exact	NumStability/Analysis/Asymptotics/Bounds.lean	primary-human	selector complement, protected infrastructure, or integrator reservation
worker_forbidden	exact	NumStability/Analysis/BeneficialRounding.lean	primary-human	selector complement, protected infrastructure, or integrator reservation
worker_forbidden	exact	NumStability/Analysis/BrentBaseOptimality.lean	primary-human	selector complement, protected infrastructure, or integrator reservation
worker_forbidden	exact	NumStability/Analysis/CStarMatrices.lean	primary-human	selector complement, protected infrastructure, or integrator reservation
worker_forbidden	exact	NumStability/Analysis/CStarMatrices/Basic.lean	primary-human	selector complement, protected infrastructure, or integrator reservation
worker_forbidden	exact	NumStability/Analysis/CStarMatrices/Basic/All.lean	primary-human	selector complement, protected infrastructure, or integrator reservation
worker_forbidden	exact	NumStability/Analysis/CStarMatrices/Expectation.lean	primary-human	selector complement, protected infrastructure, or integrator reservation
worker_forbidden	exact	NumStability/Analysis/CStarMatrices/Expectation/All.lean	primary-human	selector complement, protected infrastructure, or integrator reservation
worker_forbidden	exact	NumStability/Analysis/CStarMatrices/Expectation/Finite.lean	primary-human	selector complement, protected infrastructure, or integrator reservation
worker_forbidden	exact	NumStability/Analysis/CStarMatrices/FiniteMatrixAlgebra.lean	primary-human	selector complement, protected infrastructure, or integrator reservation
worker_forbidden	exact	NumStability/Analysis/CStarMatrices/Trace.lean	primary-human	selector complement, protected infrastructure, or integrator reservation
worker_forbidden	exact	NumStability/Analysis/CStarMatrices/Trace/All.lean	primary-human	selector complement, protected infrastructure, or integrator reservation
worker_forbidden	exact	NumStability/Analysis/CStarMatrices/Trace/Basic.lean	primary-human	selector complement, protected infrastructure, or integrator reservation
worker_forbidden	exact	NumStability/Analysis/CalculatorWords.lean	primary-human	selector complement, protected infrastructure, or integrator reservation
worker_forbidden	exact	NumStability/Analysis/CancellationOfRoundingErrors.lean	primary-human	selector complement, protected infrastructure, or integrator reservation
worker_forbidden	exact	NumStability/Analysis/Ch17SemiconvergentBlockFormSourceClosure.lean	primary-human	selector complement, protected infrastructure, or integrator reservation
worker_forbidden	exact	NumStability/Analysis/Chopping.lean	primary-human	selector complement, protected infrastructure, or integrator reservation
worker_forbidden	exact	NumStability/Analysis/ComplexArithmetic.lean	primary-human	selector complement, protected infrastructure, or integrator reservation
worker_forbidden	exact	NumStability/Analysis/ComplexSqrt.lean	primary-human	selector complement, protected infrastructure, or integrator reservation
worker_forbidden	exact	NumStability/Analysis/ConditionEstimatorLowerBound.lean	primary-human	selector complement, protected infrastructure, or integrator reservation
worker_forbidden	exact	NumStability/Analysis/Conditioning.lean	primary-human	selector complement, protected infrastructure, or integrator reservation
worker_forbidden	exact	NumStability/Analysis/Conditioning/DistanceToSingularity.lean	primary-human	selector complement, protected infrastructure, or integrator reservation
worker_forbidden	exact	NumStability/Analysis/Conditioning/InversePerturbation.lean	primary-human	selector complement, protected infrastructure, or integrator reservation
worker_forbidden	exact	NumStability/Analysis/Conditioning/LinearSystems/All.lean	primary-human	selector complement, protected infrastructure, or integrator reservation
worker_forbidden	exact	NumStability/Analysis/Conditioning/LinearSystems/InversePerturbation.lean	primary-human	selector complement, protected infrastructure, or integrator reservation
worker_forbidden	exact	NumStability/Analysis/Conditioning/LinearSystems/PerronFrobenius.lean	primary-human	selector complement, protected infrastructure, or integrator reservation
worker_forbidden	exact	NumStability/Analysis/Conditioning/LinearSystems/SubordinatePerturbation.lean	primary-human	selector complement, protected infrastructure, or integrator reservation
worker_forbidden	exact	NumStability/Analysis/Counting.lean	primary-human	selector complement, protected infrastructure, or integrator reservation
worker_forbidden	exact	NumStability/Analysis/CramersRule.lean	primary-human	selector complement, protected infrastructure, or integrator reservation
worker_forbidden	exact	NumStability/Analysis/DoubleRounding.lean	primary-human	selector complement, protected infrastructure, or integrator reservation
worker_forbidden	exact	NumStability/Analysis/Equidistribution.lean	primary-human	selector complement, protected infrastructure, or integrator reservation
worker_forbidden	exact	NumStability/Analysis/Equidistribution/AddCircle.lean	primary-human	selector complement, protected infrastructure, or integrator reservation
worker_forbidden	exact	NumStability/Analysis/Error.lean	primary-human	selector complement, protected infrastructure, or integrator reservation
worker_forbidden	exact	NumStability/Analysis/Error/MatrixProducts.lean	primary-human	selector complement, protected infrastructure, or integrator reservation
worker_forbidden	exact	NumStability/Analysis/Error/MatrixProducts/Contracts.lean	primary-human	selector complement, protected infrastructure, or integrator reservation
worker_forbidden	exact	NumStability/Analysis/Error/MatrixProducts/Contracts/MatrixInversion.lean	primary-human	selector complement, protected infrastructure, or integrator reservation
worker_forbidden	exact	NumStability/Analysis/Error/MatrixProducts/EvaluationTrees.lean	primary-human	selector complement, protected infrastructure, or integrator reservation
worker_forbidden	exact	NumStability/Analysis/Error/MatrixProducts/EvaluationTrees/ProductErrorNotation.lean	primary-human	selector complement, protected infrastructure, or integrator reservation
worker_forbidden	exact	NumStability/Analysis/Error/Measures/AccuracyPrecision.lean	primary-human	selector complement, protected infrastructure, or integrator reservation
worker_forbidden	exact	NumStability/Analysis/Error/Measures/All.lean	primary-human	selector complement, protected infrastructure, or integrator reservation
worker_forbidden	exact	NumStability/Analysis/Error/Measures/Componentwise.lean	primary-human	selector complement, protected infrastructure, or integrator reservation
worker_forbidden	exact	NumStability/Analysis/Error/Measures/ScalarDefinitions.lean	primary-human	selector complement, protected infrastructure, or integrator reservation
worker_forbidden	exact	NumStability/Analysis/Error/Measures/ScalarProperties.lean	primary-human	selector complement, protected infrastructure, or integrator reservation
worker_forbidden	exact	NumStability/Analysis/Error/Measures/ScalarWitnesses.lean	primary-human	selector complement, protected infrastructure, or integrator reservation
worker_forbidden	exact	NumStability/Analysis/Error/RoundingProducts/All.lean	primary-human	selector complement, protected infrastructure, or integrator reservation
worker_forbidden	exact	NumStability/Analysis/Error/RoundingProducts/Core.lean	primary-human	selector complement, protected infrastructure, or integrator reservation
worker_forbidden	exact	NumStability/Analysis/FiniteProbability.lean	primary-human	selector complement, protected infrastructure, or integrator reservation
worker_forbidden	exact	NumStability/Analysis/FirstOrder.lean	primary-human	selector complement, protected infrastructure, or integrator reservation
worker_forbidden	exact	NumStability/Analysis/FirstOrder/AsymptoticFamilies.lean	primary-human	selector complement, protected infrastructure, or integrator reservation
worker_forbidden	exact	NumStability/Analysis/FirstOrder/FixedPrecision.lean	primary-human	selector complement, protected infrastructure, or integrator reservation
worker_forbidden	exact	NumStability/Analysis/FirstOrder/MatrixFamilies.lean	primary-human	selector complement, protected infrastructure, or integrator reservation
worker_forbidden	exact	NumStability/Analysis/FirstOrder/MatrixFamilies/AsymptoticFamilies.lean	primary-human	selector complement, protected infrastructure, or integrator reservation
worker_forbidden	exact	NumStability/Analysis/FirstOrderFramework.lean	primary-human	selector complement, protected infrastructure, or integrator reservation
worker_forbidden	exact	NumStability/Analysis/FloatingPointArithmetic.lean	primary-human	selector complement, protected infrastructure, or integrator reservation
worker_forbidden	exact	NumStability/Analysis/FloatingPointArithmetic/DoubleRounding/All.lean	primary-human	selector complement, protected infrastructure, or integrator reservation
worker_forbidden	exact	NumStability/Analysis/FloatingPointArithmetic/DoubleRounding/FiniteNormalRange.lean	primary-human	selector complement, protected infrastructure, or integrator reservation
worker_forbidden	exact	NumStability/Analysis/FloatingPointArithmetic/DoubleRounding/ToyBinary.lean	primary-human	selector complement, protected infrastructure, or integrator reservation
worker_forbidden	exact	NumStability/Analysis/FloatingPointArithmetic/ErrorModels/Additive.lean	primary-human	selector complement, protected infrastructure, or integrator reservation
worker_forbidden	exact	NumStability/Analysis/FloatingPointArithmetic/ErrorModels/AdditiveProperties.lean	primary-human	selector complement, protected infrastructure, or integrator reservation
worker_forbidden	exact	NumStability/Analysis/FloatingPointArithmetic/ErrorModels/All.lean	primary-human	selector complement, protected infrastructure, or integrator reservation
worker_forbidden	exact	NumStability/Analysis/FloatingPointArithmetic/ErrorModels/NoGuardBasic.lean	primary-human	selector complement, protected infrastructure, or integrator reservation
worker_forbidden	exact	NumStability/Analysis/FloatingPointArithmetic/ErrorModels/NoGuardModel.lean	primary-human	selector complement, protected infrastructure, or integrator reservation
worker_forbidden	exact	NumStability/Analysis/FloatingPointArithmetic/ExactSubtraction.lean	primary-human	selector complement, protected infrastructure, or integrator reservation
worker_forbidden	exact	NumStability/Analysis/FloatingPointArithmetic/Format.lean	primary-human	selector complement, protected infrastructure, or integrator reservation
worker_forbidden	exact	NumStability/Analysis/FloatingPointArithmetic/IeeeExceptions.lean	primary-human	selector complement, protected infrastructure, or integrator reservation
worker_forbidden	exact	NumStability/Analysis/FloatingPointArithmetic/IeeeOperations.lean	primary-human	selector complement, protected infrastructure, or integrator reservation
worker_forbidden	exact	NumStability/Analysis/FloatingPointArithmetic/IeeeSpecialValueOperations/Results.lean	primary-human	selector complement, protected infrastructure, or integrator reservation
worker_forbidden	exact	NumStability/Analysis/FloatingPointArithmetic/IeeeValue.lean	primary-human	selector complement, protected infrastructure, or integrator reservation
worker_forbidden	exact	NumStability/Analysis/FloatingPointArithmetic/MidpointRounding/All.lean	primary-human	selector complement, protected infrastructure, or integrator reservation
worker_forbidden	exact	NumStability/Analysis/FloatingPointArithmetic/MidpointRounding/DecimalTieExamples.lean	primary-human	selector complement, protected infrastructure, or integrator reservation
worker_forbidden	exact	NumStability/Analysis/FloatingPointArithmetic/NearestRoundingError.lean	primary-human	selector complement, protected infrastructure, or integrator reservation
worker_forbidden	exact	NumStability/Analysis/FloatingPointArithmetic/RoundToEvenLocalError.lean	primary-human	selector complement, protected infrastructure, or integrator reservation
worker_forbidden	exact	NumStability/Analysis/FloatingPointArithmetic/Rounding.lean	primary-human	selector complement, protected infrastructure, or integrator reservation
worker_forbidden	exact	NumStability/Analysis/FloatingPointArithmetic/StandardModel.lean	primary-human	selector complement, protected infrastructure, or integrator reservation
worker_forbidden	exact	NumStability/Analysis/FloatingPointArithmetic/TrigonometricCancellation/All.lean	primary-human	selector complement, protected infrastructure, or integrator reservation
worker_forbidden	exact	NumStability/Analysis/FloatingPointArithmetic/TrigonometricCancellation/Core.lean	primary-human	selector complement, protected infrastructure, or integrator reservation
worker_forbidden	exact	NumStability/Analysis/ForwardError.lean	primary-human	selector complement, protected infrastructure, or integrator reservation
worker_forbidden	exact	NumStability/Analysis/FunctionalCalculus.lean	primary-human	selector complement, protected infrastructure, or integrator reservation
worker_forbidden	exact	NumStability/Analysis/FunctionalCalculus/OperatorLog.lean	primary-human	selector complement, protected infrastructure, or integrator reservation
worker_forbidden	exact	NumStability/Analysis/FunctionalCalculus/OperatorLog/All.lean	primary-human	selector complement, protected infrastructure, or integrator reservation
worker_forbidden	exact	NumStability/Analysis/FunctionalCalculus/OperatorLog/Monotonicity.lean	primary-human	selector complement, protected infrastructure, or integrator reservation
worker_forbidden	exact	NumStability/Analysis/FunctionalCalculus/Resolvent.lean	primary-human	selector complement, protected infrastructure, or integrator reservation
worker_forbidden	exact	NumStability/Analysis/FunctionalCalculus/Resolvent/All.lean	primary-human	selector complement, protected infrastructure, or integrator reservation
worker_forbidden	exact	NumStability/Analysis/FunctionalCalculus/Resolvent/Analyticity.lean	primary-human	selector complement, protected infrastructure, or integrator reservation
worker_forbidden	exact	NumStability/Analysis/FunctionalCalculus/Resolvent/DunfordResidue.lean	primary-human	selector complement, protected infrastructure, or integrator reservation
worker_forbidden	exact	NumStability/Analysis/FusedMultiplyAdd.lean	primary-human	selector complement, protected infrastructure, or integrator reservation
worker_forbidden	exact	NumStability/Analysis/Heron.lean	primary-human	selector complement, protected infrastructure, or integrator reservation
worker_forbidden	exact	NumStability/Analysis/Higham6Asides.lean	primary-human	selector complement, protected infrastructure, or integrator reservation
worker_forbidden	exact	NumStability/Analysis/Higham6BlockAntidiag.lean	primary-human	selector complement, protected infrastructure, or integrator reservation
worker_forbidden	exact	NumStability/Analysis/HighamChapter2ElementaryFunctions.lean	primary-human	selector complement, protected infrastructure, or integrator reservation
worker_forbidden	exact	NumStability/Analysis/HighamChapter2FmaDiscriminant.lean	primary-human	selector complement, protected infrastructure, or integrator reservation
worker_forbidden	exact	NumStability/Analysis/HighamChapter2GradualUnderflowExact.lean	primary-human	selector complement, protected infrastructure, or integrator reservation
worker_forbidden	exact	NumStability/Analysis/HighamChapter2Lindemann.lean	primary-human	selector complement, protected infrastructure, or integrator reservation
worker_forbidden	exact	NumStability/Analysis/HighamChapter2PowerLeadingDigits.lean	primary-human	selector complement, protected infrastructure, or integrator reservation
worker_forbidden	exact	NumStability/Analysis/HighamChapter2Tablemaker.lean	primary-human	selector complement, protected infrastructure, or integrator reservation
worker_forbidden	exact	NumStability/Analysis/HighamChapter6Duality.lean	primary-human	selector complement, protected infrastructure, or integrator reservation
worker_forbidden	exact	NumStability/Analysis/HighamChapter7.lean	primary-human	selector complement, protected infrastructure, or integrator reservation
worker_forbidden	exact	NumStability/Analysis/HighamChapter7Rectangular.lean	primary-human	selector complement, protected infrastructure, or integrator reservation
worker_forbidden	exact	NumStability/Analysis/IncreasingPrecision.lean	primary-human	selector complement, protected infrastructure, or integrator reservation
worker_forbidden	exact	NumStability/Analysis/InstabilityWithoutCancellation.lean	primary-human	selector complement, protected infrastructure, or integrator reservation
worker_forbidden	exact	NumStability/Analysis/InverseOpNorm2.lean	primary-human	selector complement, protected infrastructure, or integrator reservation
worker_forbidden	exact	NumStability/Analysis/LeadingDigitDistribution.lean	primary-human	selector complement, protected infrastructure, or integrator reservation
worker_forbidden	exact	NumStability/Analysis/LeadingDigits.lean	primary-human	selector complement, protected infrastructure, or integrator reservation
worker_forbidden	exact	NumStability/Analysis/LeadingDigits/Decimal.lean	primary-human	selector complement, protected infrastructure, or integrator reservation
worker_forbidden	exact	NumStability/Analysis/LeadingDigits/DecimalPowers.lean	primary-human	selector complement, protected infrastructure, or integrator reservation
worker_forbidden	exact	NumStability/Analysis/LeadingDigits/Empirical.lean	primary-human	selector complement, protected infrastructure, or integrator reservation
worker_forbidden	exact	NumStability/Analysis/LeadingDigits/LogarithmicDistribution.lean	primary-human	selector complement, protected infrastructure, or integrator reservation
worker_forbidden	exact	NumStability/Analysis/LinearOperators.lean	primary-human	selector complement, protected infrastructure, or integrator reservation
worker_forbidden	exact	NumStability/Analysis/LinearOperators/Basic.lean	primary-human	selector complement, protected infrastructure, or integrator reservation
worker_forbidden	exact	NumStability/Analysis/LinearOperators/Jordan.lean	primary-human	selector complement, protected infrastructure, or integrator reservation
worker_forbidden	exact	NumStability/Analysis/LinearOperators/Jordan/NormalForm.lean	primary-human	selector complement, protected infrastructure, or integrator reservation
worker_forbidden	exact	NumStability/Analysis/LinearOperators/Jordan/NormalForm/All.lean	primary-human	selector complement, protected infrastructure, or integrator reservation
worker_forbidden	exact	NumStability/Analysis/LinearOperators/Jordan/NormalForm/NilpotentChains.lean	primary-human	selector complement, protected infrastructure, or integrator reservation
worker_forbidden	exact	NumStability/Analysis/LinearOperators/Jordan/NormalForm/PrimaryDecomposition.lean	primary-human	selector complement, protected infrastructure, or integrator reservation
worker_forbidden	exact	NumStability/Analysis/LinearOperators/MatrixPowers.lean	primary-human	selector complement, protected infrastructure, or integrator reservation
worker_forbidden	exact	NumStability/Analysis/LinearOperators/MatrixPowers/BaiDemmelGu.lean	primary-human	selector complement, protected infrastructure, or integrator reservation
worker_forbidden	exact	NumStability/Analysis/LinearOperators/MatrixPowers/BaiDemmelGu/All.lean	primary-human	selector complement, protected infrastructure, or integrator reservation
worker_forbidden	exact	NumStability/Analysis/LinearOperators/MatrixPowers/BaiDemmelGu/DistanceToInstability.lean	primary-human	selector complement, protected infrastructure, or integrator reservation
worker_forbidden	exact	NumStability/Analysis/LinearOperators/MatrixPowers/BaiDemmelGu/StabilityRadius.lean	primary-human	selector complement, protected infrastructure, or integrator reservation
worker_forbidden	exact	NumStability/Analysis/LinearOperators/MatrixPowers/ExactNormBounds.lean	primary-human	selector complement, protected infrastructure, or integrator reservation
worker_forbidden	exact	NumStability/Analysis/LinearOperators/MatrixPowers/ExactNormBounds/All.lean	primary-human	selector complement, protected infrastructure, or integrator reservation
worker_forbidden	exact	NumStability/Analysis/LinearOperators/MatrixPowers/ExactNormBounds/Complex.lean	primary-human	selector complement, protected infrastructure, or integrator reservation
worker_forbidden	exact	NumStability/Analysis/LinearOperators/MatrixPowers/ExactNormBounds/NormalMatrices.lean	primary-human	selector complement, protected infrastructure, or integrator reservation
worker_forbidden	exact	NumStability/Analysis/LinearOperators/MatrixPowers/ExactNormBounds/Real.lean	primary-human	selector complement, protected infrastructure, or integrator reservation
worker_forbidden	exact	NumStability/Analysis/LinearOperators/MatrixPowers/ExactNormBounds/Schur.lean	primary-human	selector complement, protected infrastructure, or integrator reservation
worker_forbidden	exact	NumStability/Analysis/LinearOperators/MatrixPowers/ExactNormBounds/SpectralRadius.lean	primary-human	selector complement, protected infrastructure, or integrator reservation
worker_forbidden	exact	NumStability/Analysis/LinearOperators/MatrixPowers/Gautschi.lean	primary-human	selector complement, protected infrastructure, or integrator reservation
worker_forbidden	exact	NumStability/Analysis/LinearOperators/MatrixPowers/Gautschi/All.lean	primary-human	selector complement, protected infrastructure, or integrator reservation
worker_forbidden	exact	NumStability/Analysis/LinearOperators/MatrixPowers/Gautschi/Bounds.lean	primary-human	selector complement, protected infrastructure, or integrator reservation
worker_forbidden	exact	NumStability/Analysis/LinearOperators/MatrixPowers/Henrici.lean	primary-human	selector complement, protected infrastructure, or integrator reservation
worker_forbidden	exact	NumStability/Analysis/LinearOperators/MatrixPowers/Henrici/All.lean	primary-human	selector complement, protected infrastructure, or integrator reservation
worker_forbidden	exact	NumStability/Analysis/LinearOperators/MatrixPowers/Henrici/BinomialPowerBound.lean	primary-human	selector complement, protected infrastructure, or integrator reservation
worker_forbidden	exact	NumStability/Analysis/LinearOperators/MatrixPowers/Henrici/DepartureFromNormality.lean	primary-human	selector complement, protected infrastructure, or integrator reservation
worker_forbidden	exact	NumStability/Analysis/LinearOperators/MatrixPowers/Henrici/Extremal.lean	primary-human	selector complement, protected infrastructure, or integrator reservation
worker_forbidden	exact	NumStability/Analysis/LinearOperators/MatrixPowers/Henrici/ImprovedConstant.lean	primary-human	selector complement, protected infrastructure, or integrator reservation
worker_forbidden	exact	NumStability/Analysis/LinearOperators/MatrixPowers/Henrici/NormalCharacterization.lean	primary-human	selector complement, protected infrastructure, or integrator reservation
worker_forbidden	exact	NumStability/Analysis/LinearOperators/MatrixPowers/Henrici/NormalMatrices.lean	primary-human	selector complement, protected infrastructure, or integrator reservation
worker_forbidden	exact	NumStability/Analysis/LinearOperators/MatrixPowers/Henrici/SchurBinomialBounds.lean	primary-human	selector complement, protected infrastructure, or integrator reservation
worker_forbidden	exact	NumStability/Analysis/LinearOperators/MatrixPowers/Henrici/SharpConstant.lean	primary-human	selector complement, protected infrastructure, or integrator reservation
worker_forbidden	exact	NumStability/Analysis/LinearOperators/MatrixPowers/JordanScaling.lean	primary-human	selector complement, protected infrastructure, or integrator reservation
worker_forbidden	exact	NumStability/Analysis/LinearOperators/MatrixPowers/JordanScaling/All.lean	primary-human	selector complement, protected infrastructure, or integrator reservation
worker_forbidden	exact	NumStability/Analysis/LinearOperators/MatrixPowers/JordanScaling/Complex.lean	primary-human	selector complement, protected infrastructure, or integrator reservation
worker_forbidden	exact	NumStability/Analysis/LinearOperators/MatrixPowers/JordanScaling/RealDiagonal.lean	primary-human	selector complement, protected infrastructure, or integrator reservation
worker_forbidden	exact	NumStability/Analysis/LinearOperators/MatrixPowers/JordanScaling/RealJordan.lean	primary-human	selector complement, protected infrastructure, or integrator reservation
worker_forbidden	exact	NumStability/Analysis/LinearOperators/MatrixPowers/Kreiss.lean	primary-human	selector complement, protected infrastructure, or integrator reservation
worker_forbidden	exact	NumStability/Analysis/LinearOperators/MatrixPowers/Kreiss/All.lean	primary-human	selector complement, protected infrastructure, or integrator reservation
worker_forbidden	exact	NumStability/Analysis/LinearOperators/MatrixPowers/Kreiss/ResolventBound.lean	primary-human	selector complement, protected infrastructure, or integrator reservation
worker_forbidden	exact	NumStability/Analysis/LinearOperators/MatrixPowers/Laszlo.lean	primary-human	selector complement, protected infrastructure, or integrator reservation
worker_forbidden	exact	NumStability/Analysis/LinearOperators/MatrixPowers/Laszlo/All.lean	primary-human	selector complement, protected infrastructure, or integrator reservation
worker_forbidden	exact	NumStability/Analysis/LinearOperators/MatrixPowers/Laszlo/NearestNormal.lean	primary-human	selector complement, protected infrastructure, or integrator reservation
worker_forbidden	exact	NumStability/Analysis/LinearOperators/MatrixPowers/LpBounds.lean	primary-human	selector complement, protected infrastructure, or integrator reservation
worker_forbidden	exact	NumStability/Analysis/LinearOperators/MatrixPowers/LpBounds/All.lean	primary-human	selector complement, protected infrastructure, or integrator reservation
worker_forbidden	exact	NumStability/Analysis/LinearOperators/MatrixPowers/LpBounds/ComplexDiagonal.lean	primary-human	selector complement, protected infrastructure, or integrator reservation
worker_forbidden	exact	NumStability/Analysis/LinearOperators/MatrixPowers/LpBounds/ComplexJordan.lean	primary-human	selector complement, protected infrastructure, or integrator reservation
worker_forbidden	exact	NumStability/Analysis/LinearOperators/MatrixPowers/Semiconvergence/All.lean	primary-human	selector complement, protected infrastructure, or integrator reservation
worker_forbidden	exact	NumStability/Analysis/LinearOperators/MatrixPowers/Semiconvergence/Limits/General.lean	primary-human	selector complement, protected infrastructure, or integrator reservation
worker_forbidden	exact	NumStability/Analysis/LinearOperators/MatrixPowers/Semiconvergence/Limits/RealSpectrum.lean	primary-human	selector complement, protected infrastructure, or integrator reservation
worker_forbidden	exact	NumStability/Analysis/LinearOperators/MatrixPowers/Semiconvergence/PrimarySplitting.lean	primary-human	selector complement, protected infrastructure, or integrator reservation
worker_forbidden	exact	NumStability/Analysis/LinearOperators/MatrixPowers/Semiconvergence/QuasiTriangularBlockForm.lean	primary-human	selector complement, protected infrastructure, or integrator reservation
worker_forbidden	exact	NumStability/Analysis/LinearOperators/MatrixPowers/Semiconvergence/TriangularBlockForm.lean	primary-human	selector complement, protected infrastructure, or integrator reservation
worker_forbidden	exact	NumStability/Analysis/LinearOperators/MatrixPowers/Spijker.lean	primary-human	selector complement, protected infrastructure, or integrator reservation
worker_forbidden	exact	NumStability/Analysis/LinearOperators/MatrixPowers/Spijker/All.lean	primary-human	selector complement, protected infrastructure, or integrator reservation
worker_forbidden	exact	NumStability/Analysis/LinearOperators/MatrixPowers/Spijker/ArcLengthPowerBounds.lean	primary-human	selector complement, protected infrastructure, or integrator reservation
worker_forbidden	exact	NumStability/Analysis/LinearOperators/MatrixPowers/Spijker/FiniteDimensionalPowerBounds.lean	primary-human	selector complement, protected infrastructure, or integrator reservation
worker_forbidden	exact	NumStability/Analysis/LinearOperators/MatrixPowers/Spijker/PlanarAlgebra.lean	primary-human	selector complement, protected infrastructure, or integrator reservation
worker_forbidden	exact	NumStability/Analysis/LinearOperators/MatrixPowers/Spijker/PlanarAnalysis.lean	primary-human	selector complement, protected infrastructure, or integrator reservation
worker_forbidden	exact	NumStability/Analysis/LinearOperators/MatrixPowers/Spijker/PlanarArcLength.lean	primary-human	selector complement, protected infrastructure, or integrator reservation
worker_forbidden	exact	NumStability/Analysis/LinearOperators/MatrixPowers/Spijker/PlanarCrossingBounds.lean	primary-human	selector complement, protected infrastructure, or integrator reservation
worker_forbidden	exact	NumStability/Analysis/LinearOperators/MatrixPowers/Spijker/ProjectionIntegral.lean	primary-human	selector complement, protected infrastructure, or integrator reservation
worker_forbidden	exact	NumStability/Analysis/LinearOperators/MatrixPowers/Spijker/Rational.lean	primary-human	selector complement, protected infrastructure, or integrator reservation
worker_forbidden	exact	NumStability/Analysis/LinearOperators/MatrixPowers/Spijker/ResolventCoefficients.lean	primary-human	selector complement, protected infrastructure, or integrator reservation
worker_forbidden	exact	NumStability/Analysis/LinearOperators/NumericalRadius.lean	primary-human	selector complement, protected infrastructure, or integrator reservation
worker_forbidden	exact	NumStability/Analysis/LinearOperators/NumericalRadius/Berger.lean	primary-human	selector complement, protected infrastructure, or integrator reservation
worker_forbidden	exact	NumStability/Analysis/LinearOperators/NumericalRadius/Berger/All.lean	primary-human	selector complement, protected infrastructure, or integrator reservation
worker_forbidden	exact	NumStability/Analysis/LinearOperators/NumericalRadius/Berger/GeneralPowerInequality.lean	primary-human	selector complement, protected infrastructure, or integrator reservation
worker_forbidden	exact	NumStability/Analysis/LinearOperators/NumericalRadius/Berger/Hermitian.lean	primary-human	selector complement, protected infrastructure, or integrator reservation
worker_forbidden	exact	NumStability/Analysis/LinearOperators/NumericalRadius/Berger/PowerTwo.lean	primary-human	selector complement, protected infrastructure, or integrator reservation
worker_forbidden	exact	NumStability/Analysis/LinearOperators/NumericalRadius/Core.lean	primary-human	selector complement, protected infrastructure, or integrator reservation
worker_forbidden	exact	NumStability/Analysis/LinearOperators/NumericalRadius/Core/All.lean	primary-human	selector complement, protected infrastructure, or integrator reservation
worker_forbidden	exact	NumStability/Analysis/LinearOperators/NumericalRadius/Core/Basic.lean	primary-human	selector complement, protected infrastructure, or integrator reservation
worker_forbidden	exact	NumStability/Analysis/LinearOperators/Pseudospectra.lean	primary-human	selector complement, protected infrastructure, or integrator reservation
worker_forbidden	exact	NumStability/Analysis/LinearOperators/Pseudospectra/Perturbation.lean	primary-human	selector complement, protected infrastructure, or integrator reservation
worker_forbidden	exact	NumStability/Analysis/LinearOperators/Pseudospectra/Perturbation/All.lean	primary-human	selector complement, protected infrastructure, or integrator reservation
worker_forbidden	exact	NumStability/Analysis/LinearOperators/Pseudospectra/Perturbation/ConvergenceCriterion.lean	primary-human	selector complement, protected infrastructure, or integrator reservation
worker_forbidden	exact	NumStability/Analysis/LinearOperators/Pseudospectra/Perturbation/Definitions.lean	primary-human	selector complement, protected infrastructure, or integrator reservation
worker_forbidden	exact	NumStability/Analysis/LinearOperators/Pseudospectra/Perturbation/LowerBounds.lean	primary-human	selector complement, protected infrastructure, or integrator reservation
worker_forbidden	exact	NumStability/Analysis/LinearOperators/Pseudospectra/PowerBounds.lean	primary-human	selector complement, protected infrastructure, or integrator reservation
worker_forbidden	exact	NumStability/Analysis/LinearOperators/Pseudospectra/PowerBounds/All.lean	primary-human	selector complement, protected infrastructure, or integrator reservation
worker_forbidden	exact	NumStability/Analysis/LinearOperators/Pseudospectra/PowerBounds/Contour.lean	primary-human	selector complement, protected infrastructure, or integrator reservation
worker_forbidden	exact	NumStability/Analysis/LinearOperators/Pseudospectra/Resolvent.lean	primary-human	selector complement, protected infrastructure, or integrator reservation
worker_forbidden	exact	NumStability/Analysis/LinearOperators/Pseudospectra/Resolvent/All.lean	primary-human	selector complement, protected infrastructure, or integrator reservation
worker_forbidden	exact	NumStability/Analysis/LinearOperators/Pseudospectra/Resolvent/LowerBounds.lean	primary-human	selector complement, protected infrastructure, or integrator reservation
worker_forbidden	exact	NumStability/Analysis/LinearOperators/Schur.lean	primary-human	selector complement, protected infrastructure, or integrator reservation
worker_forbidden	exact	NumStability/Analysis/LinearOperators/Schur/All.lean	primary-human	selector complement, protected infrastructure, or integrator reservation
worker_forbidden	exact	NumStability/Analysis/LinearOperators/Schur/Complex/BlockEmbedding.lean	primary-human	selector complement, protected infrastructure, or integrator reservation
worker_forbidden	exact	NumStability/Analysis/LinearOperators/Schur/Complex/Deflation.lean	primary-human	selector complement, protected infrastructure, or integrator reservation
worker_forbidden	exact	NumStability/Analysis/LinearOperators/Schur/Complex/NormalTriangular.lean	primary-human	selector complement, protected infrastructure, or integrator reservation
worker_forbidden	exact	NumStability/Analysis/LinearOperators/Schur/Complex/Triangulation.lean	primary-human	selector complement, protected infrastructure, or integrator reservation
worker_forbidden	exact	NumStability/Analysis/LinearOperators/Schur/Real.lean	primary-human	selector complement, protected infrastructure, or integrator reservation
worker_forbidden	exact	NumStability/Analysis/LinearOperators/Schur/Real/InvariantSubspace/Complexification.lean	primary-human	selector complement, protected infrastructure, or integrator reservation
worker_forbidden	exact	NumStability/Analysis/LinearOperators/Schur/Real/InvariantSubspace/Existence.lean	primary-human	selector complement, protected infrastructure, or integrator reservation
worker_forbidden	exact	NumStability/Analysis/LinearOperators/Schur/Real/InvariantSubspace/TwoByTwo.lean	primary-human	selector complement, protected infrastructure, or integrator reservation
worker_forbidden	exact	NumStability/Analysis/LinearOperators/Schur/Real/QuasiTriangular/API.lean	primary-human	selector complement, protected infrastructure, or integrator reservation
worker_forbidden	exact	NumStability/Analysis/LinearOperators/Schur/Real/QuasiTriangular/Basic.lean	primary-human	selector complement, protected infrastructure, or integrator reservation
worker_forbidden	exact	NumStability/Analysis/LinearOperators/Schur/Real/QuasiTriangular/BlockEmbedding.lean	primary-human	selector complement, protected infrastructure, or integrator reservation
worker_forbidden	exact	NumStability/Analysis/LinearOperators/Schur/Real/QuasiTriangular/Deflation.lean	primary-human	selector complement, protected infrastructure, or integrator reservation
worker_forbidden	exact	NumStability/Analysis/LinearOperators/Schur/Real/QuasiTriangular/Existence.lean	primary-human	selector complement, protected infrastructure, or integrator reservation
worker_forbidden	exact	NumStability/Analysis/LinearOperators/Schur/Real/QuasiTriangular/OrthogonalFrame.lean	primary-human	selector complement, protected infrastructure, or integrator reservation
worker_forbidden	exact	NumStability/Analysis/LinearOperators/Schur/Real/QuasiTriangular/Reindex.lean	primary-human	selector complement, protected infrastructure, or integrator reservation
worker_forbidden	exact	NumStability/Analysis/LinearOperators/Schur/Real/QuasiTriangular/TrailingConjugation.lean	primary-human	selector complement, protected infrastructure, or integrator reservation
worker_forbidden	exact	NumStability/Analysis/LinearOperators/Schur/Real/Triangularization.lean	primary-human	selector complement, protected infrastructure, or integrator reservation
worker_forbidden	exact	NumStability/Analysis/LinearOperators/Schur/Real/Triangularization/All.lean	primary-human	selector complement, protected infrastructure, or integrator reservation
worker_forbidden	exact	NumStability/Analysis/LinearOperators/Schur/Real/Triangularization/SplitCharpoly.lean	primary-human	selector complement, protected infrastructure, or integrator reservation
worker_forbidden	exact	NumStability/Analysis/LinearOperators/Triangularization.lean	primary-human	selector complement, protected infrastructure, or integrator reservation
worker_forbidden	exact	NumStability/Analysis/MatrixAlgebra.lean	primary-human	selector complement, protected infrastructure, or integrator reservation
worker_forbidden	exact	NumStability/Analysis/MatrixConcentration.lean	primary-human	selector complement, protected infrastructure, or integrator reservation
worker_forbidden	exact	NumStability/Analysis/MatrixEquations/SylvesterExistence.lean	primary-human	selector complement, protected infrastructure, or integrator reservation
worker_forbidden	exact	NumStability/Analysis/MatrixInequalities.lean	primary-human	selector complement, protected infrastructure, or integrator reservation
worker_forbidden	exact	NumStability/Analysis/MatrixInequalities/LiebTrace.lean	primary-human	selector complement, protected infrastructure, or integrator reservation
worker_forbidden	exact	NumStability/Analysis/MatrixInequalities/LiebTrace/All.lean	primary-human	selector complement, protected infrastructure, or integrator reservation
worker_forbidden	exact	NumStability/Analysis/MatrixInequalities/LiebTrace/Concavity.lean	primary-human	selector complement, protected infrastructure, or integrator reservation
worker_forbidden	exact	NumStability/Analysis/MatrixNorms.lean	primary-human	selector complement, protected infrastructure, or integrator reservation
worker_forbidden	exact	NumStability/Analysis/MatrixNorms/Attainment.lean	primary-human	selector complement, protected infrastructure, or integrator reservation
worker_forbidden	exact	NumStability/Analysis/MatrixNorms/Basic.lean	primary-human	selector complement, protected infrastructure, or integrator reservation
worker_forbidden	exact	NumStability/Analysis/MatrixNorms/Comparisons.lean	primary-human	selector complement, protected infrastructure, or integrator reservation
worker_forbidden	exact	NumStability/Analysis/MatrixNorms/EntrywiseAbsolute.lean	primary-human	selector complement, protected infrastructure, or integrator reservation
worker_forbidden	exact	NumStability/Analysis/MatrixNorms/EntrywiseAbsolute/Basic.lean	primary-human	selector complement, protected infrastructure, or integrator reservation
worker_forbidden	exact	NumStability/Analysis/MatrixNorms/EntrywiseMaximum.lean	primary-human	selector complement, protected infrastructure, or integrator reservation
worker_forbidden	exact	NumStability/Analysis/MatrixNorms/Hadamard.lean	primary-human	selector complement, protected infrastructure, or integrator reservation
worker_forbidden	exact	NumStability/Analysis/MatrixNorms/HadamardDeterminant.lean	primary-human	selector complement, protected infrastructure, or integrator reservation
worker_forbidden	exact	NumStability/Analysis/MatrixNorms/Lp.lean	primary-human	selector complement, protected infrastructure, or integrator reservation
worker_forbidden	exact	NumStability/Analysis/MatrixNorms/SpectralExtrema.lean	primary-human	selector complement, protected infrastructure, or integrator reservation
worker_forbidden	exact	NumStability/Analysis/MatrixNorms/SpectralExtrema/Basic.lean	primary-human	selector complement, protected infrastructure, or integrator reservation
worker_forbidden	exact	NumStability/Analysis/MatrixNorms/SpectralExtrema/PrincipalSubmatrices/Bounds.lean	primary-human	selector complement, protected infrastructure, or integrator reservation
worker_forbidden	exact	NumStability/Analysis/MatrixNorms/SpectralRadius.lean	primary-human	selector complement, protected infrastructure, or integrator reservation
worker_forbidden	exact	NumStability/Analysis/MatrixNorms/UnitarilyInvariant.lean	primary-human	selector complement, protected infrastructure, or integrator reservation
worker_forbidden	exact	NumStability/Analysis/MatrixSpectral.lean	primary-human	selector complement, protected infrastructure, or integrator reservation
worker_forbidden	exact	NumStability/Analysis/Midpoint.lean	primary-human	selector complement, protected infrastructure, or integrator reservation
worker_forbidden	exact	NumStability/Analysis/Monotonicity.lean	primary-human	selector complement, protected infrastructure, or integrator reservation
worker_forbidden	exact	NumStability/Analysis/MullerRecurrence.lean	primary-human	selector complement, protected infrastructure, or integrator reservation
worker_forbidden	exact	NumStability/Analysis/NearInteger.lean	primary-human	selector complement, protected infrastructure, or integrator reservation
worker_forbidden	exact	NumStability/Analysis/Nonassociativity.lean	primary-human	selector complement, protected infrastructure, or integrator reservation
worker_forbidden	exact	NumStability/Analysis/NonrandomRounding.lean	primary-human	selector complement, protected infrastructure, or integrator reservation
worker_forbidden	exact	NumStability/Analysis/NonrandomRounding/Conclusions.lean	primary-human	selector complement, protected infrastructure, or integrator reservation
worker_forbidden	exact	NumStability/Analysis/NonrandomRounding/Core.lean	primary-human	selector complement, protected infrastructure, or integrator reservation
worker_forbidden	exact	NumStability/Analysis/NonrandomRounding/GridVariation.lean	primary-human	selector complement, protected infrastructure, or integrator reservation
worker_forbidden	exact	NumStability/Analysis/NonrandomRounding/SourceInterval.lean	primary-human	selector complement, protected infrastructure, or integrator reservation
worker_forbidden	exact	NumStability/Analysis/NonrandomRounding/StoredGrid.lean	primary-human	selector complement, protected infrastructure, or integrator reservation
worker_forbidden	exact	NumStability/Analysis/Norms.lean	primary-human	selector complement, protected infrastructure, or integrator reservation
worker_forbidden	exact	NumStability/Analysis/Norms/Core.lean	primary-human	selector complement, protected infrastructure, or integrator reservation
worker_forbidden	exact	NumStability/Analysis/OperatorNorms.lean	primary-human	selector complement, protected infrastructure, or integrator reservation
worker_forbidden	exact	NumStability/Analysis/OperatorNorms/Attainment.lean	primary-human	selector complement, protected infrastructure, or integrator reservation
worker_forbidden	exact	NumStability/Analysis/OperatorNorms/Basic.lean	primary-human	selector complement, protected infrastructure, or integrator reservation
worker_forbidden	exact	NumStability/Analysis/Perturbation.lean	primary-human	selector complement, protected infrastructure, or integrator reservation
worker_forbidden	exact	NumStability/Analysis/Perturbation/LeastSquares.lean	primary-human	selector complement, protected infrastructure, or integrator reservation
worker_forbidden	exact	NumStability/Analysis/Perturbation/LeastSquares/Absorption.lean	primary-human	selector complement, protected infrastructure, or integrator reservation
worker_forbidden	exact	NumStability/Analysis/Perturbation/LeastSquares/AlternativeBound.lean	primary-human	selector complement, protected infrastructure, or integrator reservation
worker_forbidden	exact	NumStability/Analysis/Perturbation/LeastSquares/AugmentedSystem.lean	primary-human	selector complement, protected infrastructure, or integrator reservation
worker_forbidden	exact	NumStability/Analysis/Perturbation/LeastSquares/BackwardError.lean	primary-human	selector complement, protected infrastructure, or integrator reservation
worker_forbidden	exact	NumStability/Analysis/Perturbation/LeastSquares/Basic.lean	primary-human	selector complement, protected infrastructure, or integrator reservation
worker_forbidden	exact	NumStability/Analysis/Perturbation/LeastSquares/Conditioning.lean	primary-human	selector complement, protected infrastructure, or integrator reservation
worker_forbidden	exact	NumStability/Analysis/Perturbation/LeastSquares/Contract.lean	primary-human	selector complement, protected infrastructure, or integrator reservation
worker_forbidden	exact	NumStability/Analysis/Perturbation/LeastSquares/Equality/KKTInverse.lean	primary-human	selector complement, protected infrastructure, or integrator reservation
worker_forbidden	exact	NumStability/Analysis/Perturbation/LeastSquares/Equality/MixedStability.lean	primary-human	selector complement, protected infrastructure, or integrator reservation
worker_forbidden	exact	NumStability/Analysis/Perturbation/LeastSquares/Equality/Perturbation.lean	primary-human	selector complement, protected infrastructure, or integrator reservation
worker_forbidden	exact	NumStability/Analysis/Perturbation/LeastSquares/Equality/RowwiseBackwardError.lean	primary-human	selector complement, protected infrastructure, or integrator reservation
worker_forbidden	exact	NumStability/Analysis/Perturbation/LeastSquares/GramBasis.lean	primary-human	selector complement, protected infrastructure, or integrator reservation
worker_forbidden	exact	NumStability/Analysis/Perturbation/LeastSquares/MinimumNorm.lean	primary-human	selector complement, protected infrastructure, or integrator reservation
worker_forbidden	exact	NumStability/Analysis/Perturbation/LeastSquares/NormalEquations.lean	primary-human	selector complement, protected infrastructure, or integrator reservation
worker_forbidden	exact	NumStability/Analysis/Perturbation/LeastSquares/Normwise.lean	primary-human	selector complement, protected infrastructure, or integrator reservation
worker_forbidden	exact	NumStability/Analysis/Perturbation/LeastSquares/Projection.lean	primary-human	selector complement, protected infrastructure, or integrator reservation
worker_forbidden	exact	NumStability/Analysis/Perturbation/LeastSquares/ResidualQuality.lean	primary-human	selector complement, protected infrastructure, or integrator reservation
worker_forbidden	exact	NumStability/Analysis/Perturbation/LeastSquares/Wedin.lean	primary-human	selector complement, protected infrastructure, or integrator reservation
worker_forbidden	exact	NumStability/Analysis/Perturbation/LeastSquares/WeightedLimit.lean	primary-human	selector complement, protected infrastructure, or integrator reservation
worker_forbidden	exact	NumStability/Analysis/PerturbationTheory.lean	primary-human	selector complement, protected infrastructure, or integrator reservation
worker_forbidden	exact	NumStability/Analysis/Probability.lean	primary-human	selector complement, protected infrastructure, or integrator reservation
worker_forbidden	exact	NumStability/Analysis/Probability/Gaussian.lean	primary-human	selector complement, protected infrastructure, or integrator reservation
worker_forbidden	exact	NumStability/Analysis/Probability/Gaussian/AbsoluteMoment.lean	primary-human	selector complement, protected infrastructure, or integrator reservation
worker_forbidden	exact	NumStability/Analysis/Probability/Haar.lean	primary-human	selector complement, protected infrastructure, or integrator reservation
worker_forbidden	exact	NumStability/Analysis/Probability/Haar/HomogeneousSpaceUniqueness.lean	primary-human	selector complement, protected infrastructure, or integrator reservation
worker_forbidden	exact	NumStability/Analysis/Problem2_10.lean	primary-human	selector complement, protected infrastructure, or integrator reservation
worker_forbidden	exact	NumStability/Analysis/Problem2_11.lean	primary-human	selector complement, protected infrastructure, or integrator reservation
worker_forbidden	exact	NumStability/Analysis/Problem2_12.lean	primary-human	selector complement, protected infrastructure, or integrator reservation
worker_forbidden	exact	NumStability/Analysis/Problem2_13.lean	primary-human	selector complement, protected infrastructure, or integrator reservation
worker_forbidden	exact	NumStability/Analysis/Problem2_14.lean	primary-human	selector complement, protected infrastructure, or integrator reservation
worker_forbidden	exact	NumStability/Analysis/Problem2_15_16.lean	primary-human	selector complement, protected infrastructure, or integrator reservation
worker_forbidden	exact	NumStability/Analysis/Problem2_17.lean	primary-human	selector complement, protected infrastructure, or integrator reservation
worker_forbidden	exact	NumStability/Analysis/Problem2_18.lean	primary-human	selector complement, protected infrastructure, or integrator reservation
worker_forbidden	exact	NumStability/Analysis/Problem2_19.lean	primary-human	selector complement, protected infrastructure, or integrator reservation
worker_forbidden	exact	NumStability/Analysis/Problem2_2.lean	primary-human	selector complement, protected infrastructure, or integrator reservation
worker_forbidden	exact	NumStability/Analysis/Problem2_20.lean	primary-human	selector complement, protected infrastructure, or integrator reservation
worker_forbidden	exact	NumStability/Analysis/Problem2_21.lean	primary-human	selector complement, protected infrastructure, or integrator reservation
worker_forbidden	exact	NumStability/Analysis/Problem2_22.lean	primary-human	selector complement, protected infrastructure, or integrator reservation
worker_forbidden	exact	NumStability/Analysis/Problem2_23.lean	primary-human	selector complement, protected infrastructure, or integrator reservation
worker_forbidden	exact	NumStability/Analysis/Problem2_24.lean	primary-human	selector complement, protected infrastructure, or integrator reservation
worker_forbidden	exact	NumStability/Analysis/Problem2_25.lean	primary-human	selector complement, protected infrastructure, or integrator reservation
worker_forbidden	exact	NumStability/Analysis/Problem2_26.lean	primary-human	selector complement, protected infrastructure, or integrator reservation
worker_forbidden	exact	NumStability/Analysis/Problem2_27.lean	primary-human	selector complement, protected infrastructure, or integrator reservation
worker_forbidden	exact	NumStability/Analysis/Problem2_3.lean	primary-human	selector complement, protected infrastructure, or integrator reservation
worker_forbidden	exact	NumStability/Analysis/Problem2_4.lean	primary-human	selector complement, protected infrastructure, or integrator reservation
worker_forbidden	exact	NumStability/Analysis/Problem2_5.lean	primary-human	selector complement, protected infrastructure, or integrator reservation
worker_forbidden	exact	NumStability/Analysis/Problem2_6.lean	primary-human	selector complement, protected infrastructure, or integrator reservation
worker_forbidden	exact	NumStability/Analysis/Problem2_7.lean	primary-human	selector complement, protected infrastructure, or integrator reservation
worker_forbidden	exact	NumStability/Analysis/ProblemDependentStability.lean	primary-human	selector complement, protected infrastructure, or integrator reservation
worker_forbidden	exact	NumStability/Analysis/ProblemDependentStability/All.lean	primary-human	selector complement, protected infrastructure, or integrator reservation
worker_forbidden	exact	NumStability/Analysis/ProblemDependentStability/HessenbergDeterminant.lean	primary-human	selector complement, protected infrastructure, or integrator reservation
worker_forbidden	exact	NumStability/Analysis/Quadratic.lean	primary-human	selector complement, protected infrastructure, or integrator reservation
worker_forbidden	exact	NumStability/Analysis/RealInvariantSubspace.lean	primary-human	selector complement, protected infrastructure, or integrator reservation
worker_forbidden	exact	NumStability/Analysis/RealQuasiSchur.lean	primary-human	selector complement, protected infrastructure, or integrator reservation
worker_forbidden	exact	NumStability/Analysis/RealSchurTriangulation.lean	primary-human	selector complement, protected infrastructure, or integrator reservation
worker_forbidden	exact	NumStability/Analysis/RelativePrecision.lean	primary-human	selector complement, protected infrastructure, or integrator reservation
worker_forbidden	exact	NumStability/Analysis/Rounding.lean	primary-human	selector complement, protected infrastructure, or integrator reservation
worker_forbidden	exact	NumStability/Analysis/RoundingProductBounds.lean	primary-human	selector complement, protected infrastructure, or integrator reservation
worker_forbidden	exact	NumStability/Analysis/SampleVariance.lean	primary-human	selector complement, protected infrastructure, or integrator reservation
worker_forbidden	exact	NumStability/Analysis/SchurTriangulation.lean	primary-human	selector complement, protected infrastructure, or integrator reservation
worker_forbidden	exact	NumStability/Analysis/SemiconvergentBlockFormExists.lean	primary-human	selector complement, protected infrastructure, or integrator reservation
worker_forbidden	exact	NumStability/Analysis/SemiconvergentExistenceComplete.lean	primary-human	selector complement, protected infrastructure, or integrator reservation
worker_forbidden	exact	NumStability/Analysis/SemiconvergentExistenceFull.lean	primary-human	selector complement, protected infrastructure, or integrator reservation
worker_forbidden	exact	NumStability/Analysis/SemiconvergentExistenceGaps.lean	primary-human	selector complement, protected infrastructure, or integrator reservation
worker_forbidden	exact	NumStability/Analysis/SemiconvergentLimitGeneral.lean	primary-human	selector complement, protected infrastructure, or integrator reservation
worker_forbidden	exact	NumStability/Analysis/SemiconvergentRealSpectrumComplete.lean	primary-human	selector complement, protected infrastructure, or integrator reservation
worker_forbidden	exact	NumStability/Analysis/SemiconvergentSpectral.lean	primary-human	selector complement, protected infrastructure, or integrator reservation
worker_forbidden	exact	NumStability/Analysis/SingularValues.lean	primary-human	selector complement, protected infrastructure, or integrator reservation
worker_forbidden	exact	NumStability/Analysis/SingularValues/Basic.lean	primary-human	selector complement, protected infrastructure, or integrator reservation
worker_forbidden	exact	NumStability/Analysis/SingularValues/InverseBounds.lean	primary-human	selector complement, protected infrastructure, or integrator reservation
worker_forbidden	exact	NumStability/Analysis/SingularValues/InverseBounds/All.lean	primary-human	selector complement, protected infrastructure, or integrator reservation
worker_forbidden	exact	NumStability/Analysis/SingularValues/InverseBounds/Gram.lean	primary-human	selector complement, protected infrastructure, or integrator reservation
worker_forbidden	exact	NumStability/Analysis/SingularValues/InverseBounds/OperatorTwo.lean	primary-human	selector complement, protected infrastructure, or integrator reservation
worker_forbidden	exact	NumStability/Analysis/SingularValues/InverseBounds/Rayleigh.lean	primary-human	selector complement, protected infrastructure, or integrator reservation
worker_forbidden	exact	NumStability/Analysis/SingularValues/Realification.lean	primary-human	selector complement, protected infrastructure, or integrator reservation
worker_forbidden	exact	NumStability/Analysis/SingularValues/WeylMirsky.lean	primary-human	selector complement, protected infrastructure, or integrator reservation
worker_forbidden	exact	NumStability/Analysis/Stability.lean	primary-human	selector complement, protected infrastructure, or integrator reservation
worker_forbidden	exact	NumStability/Analysis/StatisticalRounding.lean	primary-human	selector complement, protected infrastructure, or integrator reservation
worker_forbidden	exact	NumStability/Analysis/Statistics/SampleVariance/All.lean	primary-human	selector complement, protected infrastructure, or integrator reservation
worker_forbidden	exact	NumStability/Analysis/Statistics/SampleVariance/Core.lean	primary-human	selector complement, protected infrastructure, or integrator reservation
worker_forbidden	exact	NumStability/Analysis/Statistics/SampleVariance/RoundingErrorBounds/Theorems.lean	primary-human	selector complement, protected infrastructure, or integrator reservation
worker_forbidden	exact	NumStability/Analysis/Statistics/SampleVariance/TwoPass.lean	primary-human	selector complement, protected infrastructure, or integrator reservation
worker_forbidden	exact	NumStability/Analysis/Statistics/SampleVariance/Updating.lean	primary-human	selector complement, protected infrastructure, or integrator reservation
worker_forbidden	exact	NumStability/Analysis/SubtractionFold.lean	primary-human	selector complement, protected infrastructure, or integrator reservation
worker_forbidden	exact	NumStability/Analysis/Summation.lean	primary-human	selector complement, protected infrastructure, or integrator reservation
worker_forbidden	exact	NumStability/Analysis/Summation/ErrorBounds.lean	primary-human	selector complement, protected infrastructure, or integrator reservation
worker_forbidden	exact	NumStability/Analysis/Summation/Signs.lean	primary-human	selector complement, protected infrastructure, or integrator reservation
worker_forbidden	exact	NumStability/Analysis/SylvesterSchurExistence.lean	primary-human	selector complement, protected infrastructure, or integrator reservation
worker_forbidden	exact	NumStability/Analysis/TestMatrices/Cauchy/Basic.lean	primary-human	selector complement, protected infrastructure, or integrator reservation
worker_forbidden	exact	NumStability/Analysis/TestMatrices/Cauchy/Cauchy.lean	primary-human	selector complement, protected infrastructure, or integrator reservation
worker_forbidden	exact	NumStability/Analysis/TestMatrices/Cauchy/Contracts.lean	primary-human	selector complement, protected infrastructure, or integrator reservation
worker_forbidden	exact	NumStability/Analysis/TestMatrices/Companion/Basic.lean	primary-human	selector complement, protected infrastructure, or integrator reservation
worker_forbidden	exact	NumStability/Analysis/TestMatrices/Companion/Companion.lean	primary-human	selector complement, protected infrastructure, or integrator reservation
worker_forbidden	exact	NumStability/Analysis/TestMatrices/Companion/CompanionSpectral.lean	primary-human	selector complement, protected infrastructure, or integrator reservation
worker_forbidden	exact	NumStability/Analysis/TestMatrices/Companion/Contracts.lean	primary-human	selector complement, protected infrastructure, or integrator reservation
worker_forbidden	exact	NumStability/Analysis/TestMatrices/Gaussian/GaussianDirection.lean	primary-human	selector complement, protected infrastructure, or integrator reservation
worker_forbidden	exact	NumStability/Analysis/TestMatrices/Gaussian/GaussianOrthogonal.lean	primary-human	selector complement, protected infrastructure, or integrator reservation
worker_forbidden	exact	NumStability/Analysis/TestMatrices/Hilbert/Asymptotics.lean	primary-human	selector complement, protected infrastructure, or integrator reservation
worker_forbidden	exact	NumStability/Analysis/TestMatrices/Hilbert/Basic.lean	primary-human	selector complement, protected infrastructure, or integrator reservation
worker_forbidden	exact	NumStability/Analysis/TestMatrices/Hilbert/Exact.lean	primary-human	selector complement, protected infrastructure, or integrator reservation
worker_forbidden	exact	NumStability/Analysis/TestMatrices/Hilbert/HilbertAsymptotic.lean	primary-human	selector complement, protected infrastructure, or integrator reservation
worker_forbidden	exact	NumStability/Analysis/TestMatrices/Hilbert/ShiftedHilbert.lean	primary-human	selector complement, protected infrastructure, or integrator reservation
worker_forbidden	exact	NumStability/Analysis/TestMatrices/Orthogonal/Basic.lean	primary-human	selector complement, protected infrastructure, or integrator reservation
worker_forbidden	exact	NumStability/Analysis/TestMatrices/Orthogonal/OrthogonalCoordinates.lean	primary-human	selector complement, protected infrastructure, or integrator reservation
worker_forbidden	exact	NumStability/Analysis/TestMatrices/Orthogonal/OrthogonalFibers.lean	primary-human	selector complement, protected infrastructure, or integrator reservation
worker_forbidden	exact	NumStability/Analysis/TestMatrices/Orthogonal/OrthogonalHaar.lean	primary-human	selector complement, protected infrastructure, or integrator reservation
worker_forbidden	exact	NumStability/Analysis/TestMatrices/Orthogonal/OrthogonalSphere.lean	primary-human	selector complement, protected infrastructure, or integrator reservation
worker_forbidden	exact	NumStability/Analysis/TestMatrices/Pascal/Basic.lean	primary-human	selector complement, protected infrastructure, or integrator reservation
worker_forbidden	exact	NumStability/Analysis/TestMatrices/Pascal/Contracts.lean	primary-human	selector complement, protected infrastructure, or integrator reservation
worker_forbidden	exact	NumStability/Analysis/TestMatrices/Pascal/Exact.lean	primary-human	selector complement, protected infrastructure, or integrator reservation
worker_forbidden	exact	NumStability/Analysis/TestMatrices/Pascal/PascalDualFlag.lean	primary-human	selector complement, protected infrastructure, or integrator reservation
worker_forbidden	exact	NumStability/Analysis/TestMatrices/Pascal/PascalOscillation.lean	primary-human	selector complement, protected infrastructure, or integrator reservation
worker_forbidden	exact	NumStability/Analysis/TestMatrices/Pascal/PascalOscillationCore.lean	primary-human	selector complement, protected infrastructure, or integrator reservation
worker_forbidden	exact	NumStability/Analysis/TestMatrices/Pascal/PascalSpectral.lean	primary-human	selector complement, protected infrastructure, or integrator reservation
worker_forbidden	exact	NumStability/Analysis/TestMatrices/Pascal/PascalTotalPositivity.lean	primary-human	selector complement, protected infrastructure, or integrator reservation
worker_forbidden	exact	NumStability/Analysis/TestMatrices/RandomSVD/Basic.lean	primary-human	selector complement, protected infrastructure, or integrator reservation
worker_forbidden	exact	NumStability/Analysis/TestMatrices/RandomSVD/Stewart.lean	primary-human	selector complement, protected infrastructure, or integrator reservation
worker_forbidden	exact	NumStability/Analysis/TestMatrices/RandomSVD/StewartHaar.lean	primary-human	selector complement, protected infrastructure, or integrator reservation
worker_forbidden	exact	NumStability/Analysis/TestMatrices/RandomSVD/StewartRecursion.lean	primary-human	selector complement, protected infrastructure, or integrator reservation
worker_forbidden	exact	NumStability/Analysis/TestMatrices/RealGinibre/GinibreRoots.lean	primary-human	selector complement, protected infrastructure, or integrator reservation
worker_forbidden	exact	NumStability/Analysis/TestMatrices/Toeplitz/Basic.lean	primary-human	selector complement, protected infrastructure, or integrator reservation
worker_forbidden	exact	NumStability/Analysis/TestMatrices/Toeplitz/Contracts.lean	primary-human	selector complement, protected infrastructure, or integrator reservation
worker_forbidden	exact	NumStability/Analysis/TieRules.lean	primary-human	selector complement, protected infrastructure, or integrator reservation
worker_forbidden	exact	NumStability/Analysis/TrigCancellation.lean	primary-human	selector complement, protected infrastructure, or integrator reservation
worker_forbidden	exact	NumStability/Analysis/VectorNorms.lean	primary-human	selector complement, protected infrastructure, or integrator reservation
worker_forbidden	exact	NumStability/Analysis/VectorNorms/Attainment.lean	primary-human	selector complement, protected infrastructure, or integrator reservation
worker_forbidden	exact	NumStability/Analysis/VectorNorms/Basic.lean	primary-human	selector complement, protected infrastructure, or integrator reservation
worker_forbidden	exact	NumStability/Analysis/VectorNorms/Duality.lean	primary-human	selector complement, protected infrastructure, or integrator reservation
worker_forbidden	exact	NumStability/Analysis/VectorNorms/Interpolation.lean	primary-human	selector complement, protected infrastructure, or integrator reservation
worker_forbidden	exact	NumStability/Core.lean	primary-human	selector complement, protected infrastructure, or integrator reservation
worker_forbidden	exact	NumStability/FloatingPoint.lean	primary-human	selector complement, protected infrastructure, or integrator reservation
worker_forbidden	exact	NumStability/FloatingPoint/FusedMultiplyAdd/All.lean	primary-human	selector complement, protected infrastructure, or integrator reservation
worker_forbidden	exact	NumStability/FloatingPoint/FusedMultiplyAdd/Core.lean	primary-human	selector complement, protected infrastructure, or integrator reservation
worker_forbidden	exact	NumStability/FloatingPoint/FusedMultiplyAdd/DotProductCounts.lean	primary-human	selector complement, protected infrastructure, or integrator reservation
worker_forbidden	exact	NumStability/FloatingPoint/IEEE.lean	primary-human	selector complement, protected infrastructure, or integrator reservation
worker_forbidden	exact	NumStability/FloatingPoint/IEEE/NaiveMaximum.lean	primary-human	selector complement, protected infrastructure, or integrator reservation
worker_forbidden	exact	NumStability/FloatingPoint/Model.lean	primary-human	selector complement, protected infrastructure, or integrator reservation
worker_forbidden	exact	NumStability/FloatingPoint/OperationLaws.lean	primary-human	selector complement, protected infrastructure, or integrator reservation
worker_forbidden	exact	NumStability/Higham.lean	primary-human	selector complement, protected infrastructure, or integrator reservation
worker_forbidden	exact	NumStability/Higham/Chapter02/Problem04.lean	primary-human	selector complement, protected infrastructure, or integrator reservation
worker_forbidden	exact	NumStability/Higham/Chapter02/Problem07.lean	primary-human	selector complement, protected infrastructure, or integrator reservation
worker_forbidden	exact	NumStability/Higham/Chapter02/Problem22.lean	primary-human	selector complement, protected infrastructure, or integrator reservation
worker_forbidden	exact	NumStability/Higham/Chapter08/Lemma8_8Discrepancy.lean	primary-human	selector complement, protected infrastructure, or integrator reservation
worker_forbidden	exact	NumStability/Higham/Chapter10/Theorem10_7.lean	primary-human	selector complement, protected infrastructure, or integrator reservation
worker_forbidden	exact	NumStability/Higham/Chapter11/Theorem11_7Capstone.lean	primary-human	selector complement, protected infrastructure, or integrator reservation
worker_forbidden	exact	NumStability/Higham/Chapter13/Table13_1.lean	primary-human	selector complement, protected infrastructure, or integrator reservation
worker_forbidden	exact	NumStability/Higham/Chapter14/Discrepancies.lean	primary-human	selector complement, protected infrastructure, or integrator reservation
worker_forbidden	exact	NumStability/Higham/Chapter20/SourceAliases.lean	primary-human	selector complement, protected infrastructure, or integrator reservation
worker_forbidden	exact	NumStability/Higham/CrossChapter/Chapter02To03NoGuardDot.lean	primary-human	selector complement, protected infrastructure, or integrator reservation
worker_forbidden	exact	NumStability/Higham/CrossChapter/Chapter07To15PracticalBound.lean	primary-human	selector complement, protected infrastructure, or integrator reservation
worker_forbidden	exact	NumStability/Higham/CrossChapter/Chapter09To12GenericSolver.lean	primary-human	selector complement, protected infrastructure, or integrator reservation
worker_forbidden	exact	NumStability/Higham/CrossChapter/Chapter09To12Solver.lean	primary-human	selector complement, protected infrastructure, or integrator reservation
worker_forbidden	exact	NumStability/Source.lean	primary-human	selector complement, protected infrastructure, or integrator reservation
worker_forbidden	exact	NumStability/Source/DrineasMahoney/RandNLA2016/Algorithm01/ElementwiseSampling/HitCountConcentration.lean	primary-human	selector complement, protected infrastructure, or integrator reservation
worker_forbidden	exact	NumStability/Source/DrineasMahoney/RandNLA2016/Algorithm01/ElementwiseSampling/Sampling.lean	primary-human	selector complement, protected infrastructure, or integrator reservation
worker_forbidden	exact	NumStability/Source/DrineasMahoney/RandNLA2016/Algorithm01/ElementwiseSampling/TraceMGF.lean	primary-human	selector complement, protected infrastructure, or integrator reservation
worker_forbidden	exact	NumStability/Source/DrineasMahoney/RandNLA2016/Algorithm02/RowSampling/Endpoints.lean	primary-human	selector complement, protected infrastructure, or integrator reservation
worker_forbidden	exact	NumStability/Source/DrineasMahoney/RandNLA2016/Algorithm03/RandomProjectionPreconditioning/FloatingPoint.lean	primary-human	selector complement, protected infrastructure, or integrator reservation
worker_forbidden	exact	NumStability/Source/DrineasMahoney/RandNLA2016/Algorithm03/RandomProjectionPreconditioning/Preconditioning.lean	primary-human	selector complement, protected infrastructure, or integrator reservation
worker_forbidden	exact	NumStability/Source/DrineasMahoney/RandNLA2016/Algorithm03/RandomProjectionPreconditioning/UniformRowComposition.lean	primary-human	selector complement, protected infrastructure, or integrator reservation
worker_forbidden	exact	NumStability/Source/DrineasMahoney/RandNLA2016/Algorithm03/RandomProjectionPreconditioning/UniformRows.lean	primary-human	selector complement, protected infrastructure, or integrator reservation
worker_forbidden	exact	NumStability/Source/DrineasMahoney/RandNLA2016/Equation02/SpectralApproximation/ElementwiseSpectral.lean	primary-human	selector complement, protected infrastructure, or integrator reservation
worker_forbidden	exact	NumStability/Source/DrineasMahoney/RandNLA2016/Equation04/RowSamplingProbability/Normalization.lean	primary-human	selector complement, protected infrastructure, or integrator reservation
worker_forbidden	exact	NumStability/Source/DrineasMahoney/RandNLA2016/Equation05/GramApproximation/Bounds.lean	primary-human	selector complement, protected infrastructure, or integrator reservation
worker_forbidden	exact	NumStability/Source/DrineasMahoney/RandNLA2016/Equation06/LeverageProbability/Normalization.lean	primary-human	selector complement, protected infrastructure, or integrator reservation
worker_forbidden	exact	NumStability/Source/DrineasMahoney/RandNLA2016/Equation07/SubspaceEmbedding/ComputedBasis.lean	primary-human	selector complement, protected infrastructure, or integrator reservation
worker_forbidden	exact	NumStability/Source/DrineasMahoney/RandNLA2016/Equation07/SubspaceEmbedding/Leverage.lean	primary-human	selector complement, protected infrastructure, or integrator reservation
worker_forbidden	exact	NumStability/Source/DrineasMahoney/RandNLA2016/Equation07/SubspaceEmbedding/LeverageTraceMGF.lean	primary-human	selector complement, protected infrastructure, or integrator reservation
worker_forbidden	exact	NumStability/Source/DrineasMahoney/RandNLA2016/Equation07/SubspaceEmbedding/RowNormTraceMGF.lean	primary-human	selector complement, protected infrastructure, or integrator reservation
worker_forbidden	exact	NumStability/Source/DrineasMahoney/RandNLA2016/Equation08/LeastSquaresSketch/Endpoints.lean	primary-human	selector complement, protected infrastructure, or integrator reservation
worker_forbidden	exact	NumStability/Source/DrineasMahoney/RandNLA2016/Equation09/LowRankApproximation/Endpoints.lean	primary-human	selector complement, protected infrastructure, or integrator reservation
worker_forbidden	exact	NumStability/Source/Higham.lean	primary-human	selector complement, protected infrastructure, or integrator reservation
worker_forbidden	exact	NumStability/Source/Higham/Chapter01.lean	primary-human	selector complement, protected infrastructure, or integrator reservation
worker_forbidden	exact	NumStability/Source/Higham/Chapter01/FloatingPointArithmetic/CancellationOfRoundingErrors.lean	primary-human	selector complement, protected infrastructure, or integrator reservation
worker_forbidden	exact	NumStability/Source/Higham/Chapter01/FloatingPointArithmetic/IncreasingPrecision.lean	primary-human	selector complement, protected infrastructure, or integrator reservation
worker_forbidden	exact	NumStability/Source/Higham/Chapter01/FloatingPointArithmetic/InstabilityWithoutCancellation.lean	primary-human	selector complement, protected infrastructure, or integrator reservation
worker_forbidden	exact	NumStability/Source/Higham/Chapter01/Problem01/RelativeError/All.lean	primary-human	selector complement, protected infrastructure, or integrator reservation
worker_forbidden	exact	NumStability/Source/Higham/Chapter01/Problem01/RelativeError/Bounds.lean	primary-human	selector complement, protected infrastructure, or integrator reservation
worker_forbidden	exact	NumStability/Source/Higham/Chapter01/Problem02/NearIntegerTable/Basic.lean	primary-human	selector complement, protected infrastructure, or integrator reservation
worker_forbidden	exact	NumStability/Source/Higham/Chapter01/Problem03/CancellationRewrites/Algebra.lean	primary-human	selector complement, protected infrastructure, or integrator reservation
worker_forbidden	exact	NumStability/Source/Higham/Chapter01/Problem03/CancellationRewrites/All.lean	primary-human	selector complement, protected infrastructure, or integrator reservation
worker_forbidden	exact	NumStability/Source/Higham/Chapter01/Problem05/CompensatedLogarithm/Basic.lean	primary-human	selector complement, protected infrastructure, or integrator reservation
worker_forbidden	exact	NumStability/Source/Higham/Chapter01/Problem06/CalculatorWords/Basic.lean	primary-human	selector complement, protected infrastructure, or integrator reservation
worker_forbidden	exact	NumStability/Source/Higham/Chapter01/Problem07/SampleVarianceConditioning/All.lean	primary-human	selector complement, protected infrastructure, or integrator reservation
worker_forbidden	exact	NumStability/Source/Higham/Chapter01/Problem07/SampleVarianceConditioning/ConditionNumbers.lean	primary-human	selector complement, protected infrastructure, or integrator reservation
worker_forbidden	exact	NumStability/Source/Higham/Chapter01/Problem08/MullerRecurrence/Basic.lean	primary-human	selector complement, protected infrastructure, or integrator reservation
worker_forbidden	exact	NumStability/Source/Higham/Chapter01/Problem09/CramersRule/All.lean	primary-human	selector complement, protected infrastructure, or integrator reservation
worker_forbidden	exact	NumStability/Source/Higham/Chapter01/Problem09/CramersRule/ForwardError.lean	primary-human	selector complement, protected infrastructure, or integrator reservation
worker_forbidden	exact	NumStability/Source/Higham/Chapter01/Problem10/TwoPassSampleVariance/All.lean	primary-human	selector complement, protected infrastructure, or integrator reservation
worker_forbidden	exact	NumStability/Source/Higham/Chapter01/Problem10/TwoPassSampleVariance/Bounds.lean	primary-human	selector complement, protected infrastructure, or integrator reservation
worker_forbidden	exact	NumStability/Source/Higham/Chapter01/Problem10/TwoPassSampleVariance/RemainderBound/Theorem.lean	primary-human	selector complement, protected infrastructure, or integrator reservation
worker_forbidden	exact	NumStability/Source/Higham/Chapter01/Section02/ErrorMeasures/All.lean	primary-human	selector complement, protected infrastructure, or integrator reservation
worker_forbidden	exact	NumStability/Source/Higham/Chapter01/Section03/ErrorSources/All.lean	primary-human	selector complement, protected infrastructure, or integrator reservation
worker_forbidden	exact	NumStability/Source/Higham/Chapter01/Section03/ErrorSources/Core.lean	primary-human	selector complement, protected infrastructure, or integrator reservation
worker_forbidden	exact	NumStability/Source/Higham/Chapter01/Section04/AccuracyAndPrecision/All.lean	primary-human	selector complement, protected infrastructure, or integrator reservation
worker_forbidden	exact	NumStability/Source/Higham/Chapter01/Section07/Cancellation/All.lean	primary-human	selector complement, protected infrastructure, or integrator reservation
worker_forbidden	exact	NumStability/Source/Higham/Chapter01/Section07/Cancellation/Basic.lean	primary-human	selector complement, protected infrastructure, or integrator reservation
worker_forbidden	exact	NumStability/Source/Higham/Chapter01/Section07/TrigonometricCancellation/All.lean	primary-human	selector complement, protected infrastructure, or integrator reservation
worker_forbidden	exact	NumStability/Source/Higham/Chapter01/Section07/TrigonometricCancellation/Example.lean	primary-human	selector complement, protected infrastructure, or integrator reservation
worker_forbidden	exact	NumStability/Source/Higham/Chapter01/Section09/SampleVariance/All.lean	primary-human	selector complement, protected infrastructure, or integrator reservation
worker_forbidden	exact	NumStability/Source/Higham/Chapter01/Section09/SampleVariance/Examples.lean	primary-human	selector complement, protected infrastructure, or integrator reservation
worker_forbidden	exact	NumStability/Source/Higham/Chapter01/Section09/SampleVariance/IeeeSingleOnePassCounterexample/Results.lean	primary-human	selector complement, protected infrastructure, or integrator reservation
worker_forbidden	exact	NumStability/Source/Higham/Chapter01/Section10/CramersRule/All.lean	primary-human	selector complement, protected infrastructure, or integrator reservation
worker_forbidden	exact	NumStability/Source/Higham/Chapter01/Section10/CramersRule/PrintedComparison.lean	primary-human	selector complement, protected infrastructure, or integrator reservation
worker_forbidden	exact	NumStability/Source/Higham/Chapter01/Section11/Accumulation/Basic.lean	primary-human	selector complement, protected infrastructure, or integrator reservation
worker_forbidden	exact	NumStability/Source/Higham/Chapter01/Section12/InstabilityWithoutCancellation/PivotingExample.lean	primary-human	selector complement, protected infrastructure, or integrator reservation
worker_forbidden	exact	NumStability/Source/Higham/Chapter01/Section13/IncreasingPrecision/BinaryStorageExamples.lean	primary-human	selector complement, protected infrastructure, or integrator reservation
worker_forbidden	exact	NumStability/Source/Higham/Chapter01/Section14/CancellationOfRoundingErrors/Algorithm02RoundedCore.lean	primary-human	selector complement, protected infrastructure, or integrator reservation
worker_forbidden	exact	NumStability/Source/Higham/Chapter01/Section16/ProblemDependentStability/All.lean	primary-human	selector complement, protected infrastructure, or integrator reservation
worker_forbidden	exact	NumStability/Source/Higham/Chapter01/Section16/ProblemDependentStability/ExactExample.lean	primary-human	selector complement, protected infrastructure, or integrator reservation
worker_forbidden	exact	NumStability/Source/Higham/Chapter01/Section16/ProblemDependentStability/Table13IeeeSingle.lean	primary-human	selector complement, protected infrastructure, or integrator reservation
worker_forbidden	exact	NumStability/Source/Higham/Chapter01/Section17.lean	primary-human	selector complement, protected infrastructure, or integrator reservation
worker_forbidden	exact	NumStability/Source/Higham/Chapter01/Section17/ErrorSpread.lean	primary-human	selector complement, protected infrastructure, or integrator reservation
worker_forbidden	exact	NumStability/Source/Higham/Chapter01/Section17/GridVariation.lean	primary-human	selector complement, protected infrastructure, or integrator reservation
worker_forbidden	exact	NumStability/Source/Higham/Chapter01/Section17/HornerEvaluation.lean	primary-human	selector complement, protected infrastructure, or integrator reservation
worker_forbidden	exact	NumStability/Source/Higham/Chapter01/Section17/SourceInterval.lean	primary-human	selector complement, protected infrastructure, or integrator reservation
worker_forbidden	exact	NumStability/Source/Higham/Chapter01/Section17/StoredGrid.lean	primary-human	selector complement, protected infrastructure, or integrator reservation
worker_forbidden	exact	NumStability/Source/Higham/Chapter02.lean	primary-human	selector complement, protected infrastructure, or integrator reservation
worker_forbidden	exact	NumStability/Source/Higham/Chapter02/Equation06/NoGuardModel/All.lean	primary-human	selector complement, protected infrastructure, or integrator reservation
worker_forbidden	exact	NumStability/Source/Higham/Chapter02/Equation08/AdditiveError/All.lean	primary-human	selector complement, protected infrastructure, or integrator reservation
worker_forbidden	exact	NumStability/Source/Higham/Chapter02/FloatingPointArithmetic/AdditiveUnderflowModel.lean	primary-human	selector complement, protected infrastructure, or integrator reservation
worker_forbidden	exact	NumStability/Source/Higham/Chapter02/FloatingPointArithmetic/Environment.lean	primary-human	selector complement, protected infrastructure, or integrator reservation
worker_forbidden	exact	NumStability/Source/Higham/Chapter02/FloatingPointArithmetic/ExactSubtraction.lean	primary-human	selector complement, protected infrastructure, or integrator reservation
worker_forbidden	exact	NumStability/Source/Higham/Chapter02/FloatingPointArithmetic/StandardModel.lean	primary-human	selector complement, protected infrastructure, or integrator reservation
worker_forbidden	exact	NumStability/Source/Higham/Chapter02/Problem01/FloatingPointCounts/Basic.lean	primary-human	selector complement, protected infrastructure, or integrator reservation
worker_forbidden	exact	NumStability/Source/Higham/Chapter02/Problem02.lean	primary-human	selector complement, protected infrastructure, or integrator reservation
worker_forbidden	exact	NumStability/Source/Higham/Chapter02/Problem03/AdjacentPrecisionValues/Basic.lean	primary-human	selector complement, protected infrastructure, or integrator reservation
worker_forbidden	exact	NumStability/Source/Higham/Chapter02/Problem03/AdjacentPrecisionValues/Results/Theorems.lean	primary-human	selector complement, protected infrastructure, or integrator reservation
worker_forbidden	exact	NumStability/Source/Higham/Chapter02/Problem04.lean	primary-human	selector complement, protected infrastructure, or integrator reservation
worker_forbidden	exact	NumStability/Source/Higham/Chapter02/Problem05/BinaryOneTenth/Basic.lean	primary-human	selector complement, protected infrastructure, or integrator reservation
worker_forbidden	exact	NumStability/Source/Higham/Chapter02/Problem06/IntegerRepresentability/Basic.lean	primary-human	selector complement, protected infrastructure, or integrator reservation
worker_forbidden	exact	NumStability/Source/Higham/Chapter02/Problem07.lean	primary-human	selector complement, protected infrastructure, or integrator reservation
worker_forbidden	exact	NumStability/Source/Higham/Chapter02/Problem08/MidpointRounding/All.lean	primary-human	selector complement, protected infrastructure, or integrator reservation
worker_forbidden	exact	NumStability/Source/Higham/Chapter02/Problem08/MidpointRounding/Counterexample.lean	primary-human	selector complement, protected infrastructure, or integrator reservation
worker_forbidden	exact	NumStability/Source/Higham/Chapter02/Problem09/DoubleRounding/All.lean	primary-human	selector complement, protected infrastructure, or integrator reservation
worker_forbidden	exact	NumStability/Source/Higham/Chapter02/Problem09/DoubleRounding/Counterexample.lean	primary-human	selector complement, protected infrastructure, or integrator reservation
worker_forbidden	exact	NumStability/Source/Higham/Chapter02/Problem09/DoubleRounding/Counterexample/Results.lean	primary-human	selector complement, protected infrastructure, or integrator reservation
worker_forbidden	exact	NumStability/Source/Higham/Chapter02/Problem10/DivisionRoundTrip/Basic.lean	primary-human	selector complement, protected infrastructure, or integrator reservation
worker_forbidden	exact	NumStability/Source/Higham/Chapter02/Problem10/DivisionRoundTrip/ExhaustiveBinary64/Results.lean	primary-human	selector complement, protected infrastructure, or integrator reservation
worker_forbidden	exact	NumStability/Source/Higham/Chapter02/Problem11.lean	primary-human	selector complement, protected infrastructure, or integrator reservation
worker_forbidden	exact	NumStability/Source/Higham/Chapter02/Problem12/ReciprocalProduct/Basic.lean	primary-human	selector complement, protected infrastructure, or integrator reservation
worker_forbidden	exact	NumStability/Source/Higham/Chapter02/Problem12/ReciprocalProduct/Results/Theorems.lean	primary-human	selector complement, protected infrastructure, or integrator reservation
worker_forbidden	exact	NumStability/Source/Higham/Chapter02/Problem13/ReciprocalProductThreshold/Basic.lean	primary-human	selector complement, protected infrastructure, or integrator reservation
worker_forbidden	exact	NumStability/Source/Higham/Chapter02/Problem13/ReciprocalProductThreshold/Results/Theorems.lean	primary-human	selector complement, protected infrastructure, or integrator reservation
worker_forbidden	exact	NumStability/Source/Higham/Chapter02/Problem14/UnitRoundoffProbe/Basic.lean	primary-human	selector complement, protected infrastructure, or integrator reservation
worker_forbidden	exact	NumStability/Source/Higham/Chapter02/Problem14/UnitRoundoffProbe/IeeeExamples/Results.lean	primary-human	selector complement, protected infrastructure, or integrator reservation
worker_forbidden	exact	NumStability/Source/Higham/Chapter02/Problem18/ExactSubtractionCounterexample/Basic.lean	primary-human	selector complement, protected infrastructure, or integrator reservation
worker_forbidden	exact	NumStability/Source/Higham/Chapter02/Problem19/GradualUnderflowExactness/Basic.lean	primary-human	selector complement, protected infrastructure, or integrator reservation
worker_forbidden	exact	NumStability/Source/Higham/Chapter02/Problem20/SquareRootIdentities/Basic.lean	primary-human	selector complement, protected infrastructure, or integrator reservation
worker_forbidden	exact	NumStability/Source/Higham/Chapter02/Problem21/HypotenuseNormalization/Basic.lean	primary-human	selector complement, protected infrastructure, or integrator reservation
worker_forbidden	exact	NumStability/Source/Higham/Chapter02/Problem21/HypotenuseNormalization/StandardModelCounterexample/Results.lean	primary-human	selector complement, protected infrastructure, or integrator reservation
worker_forbidden	exact	NumStability/Source/Higham/Chapter02/Problem22.lean	primary-human	selector complement, protected infrastructure, or integrator reservation
worker_forbidden	exact	NumStability/Source/Higham/Chapter02/Problem23.lean	primary-human	selector complement, protected infrastructure, or integrator reservation
worker_forbidden	exact	NumStability/Source/Higham/Chapter02/Problem24/GuardDigitCancellation/Basic.lean	primary-human	selector complement, protected infrastructure, or integrator reservation
worker_forbidden	exact	NumStability/Source/Higham/Chapter02/Problem25/NonzeroEvaluation/Basic.lean	primary-human	selector complement, protected infrastructure, or integrator reservation
worker_forbidden	exact	NumStability/Source/Higham/Chapter02/Problem25/NonzeroEvaluation/IeeeFiniteSystems/Results.lean	primary-human	selector complement, protected infrastructure, or integrator reservation
worker_forbidden	exact	NumStability/Source/Higham/Chapter02/Problem26/ExactProduct/All.lean	primary-human	selector complement, protected infrastructure, or integrator reservation
worker_forbidden	exact	NumStability/Source/Higham/Chapter02/Problem26/ExactProduct/Discrepancy.lean	primary-human	selector complement, protected infrastructure, or integrator reservation
worker_forbidden	exact	NumStability/Source/Higham/Chapter02/Problem27/KahanDeterminant/Basic.lean	primary-human	selector complement, protected infrastructure, or integrator reservation
worker_forbidden	exact	NumStability/Source/Higham/Chapter02/Problem28/IterativeDivisionTermination/Basic.lean	primary-human	selector complement, protected infrastructure, or integrator reservation
worker_forbidden	exact	NumStability/Source/Higham/Chapter02/Problem28/IterativeDivisionTermination/UnderflowAwareConvergence/Results.lean	primary-human	selector complement, protected infrastructure, or integrator reservation
worker_forbidden	exact	NumStability/Source/Higham/Chapter02/Problems15And16/SpecialValueProbes/Basic.lean	primary-human	selector complement, protected infrastructure, or integrator reservation
worker_forbidden	exact	NumStability/Source/Higham/Chapter02/Section03/DoubleRounding/All.lean	primary-human	selector complement, protected infrastructure, or integrator reservation
worker_forbidden	exact	NumStability/Source/Higham/Chapter02/Section03/DoubleRounding/Counterexample.lean	primary-human	selector complement, protected infrastructure, or integrator reservation
worker_forbidden	exact	NumStability/Source/Higham/Chapter02/Section04/NoGuardModel/All.lean	primary-human	selector complement, protected infrastructure, or integrator reservation
worker_forbidden	exact	NumStability/Source/Higham/Chapter02/Section04/NoGuardModel/BinaryT3Example.lean	primary-human	selector complement, protected infrastructure, or integrator reservation
worker_forbidden	exact	NumStability/Source/Higham/Chapter02/Section06/Discriminant/FusedMultiplyAdd/Basic.lean	primary-human	selector complement, protected infrastructure, or integrator reservation
worker_forbidden	exact	NumStability/Source/Higham/Chapter02/Section06/Discriminant/FusedMultiplyAdd/Counterexample/Results.lean	primary-human	selector complement, protected infrastructure, or integrator reservation
worker_forbidden	exact	NumStability/Source/Higham/Chapter02/Section06/Discriminant/StandardModel/Basic.lean	primary-human	selector complement, protected infrastructure, or integrator reservation
worker_forbidden	exact	NumStability/Source/Higham/Chapter02/Section06/Discriminant/StandardModel/Counterexample/Results.lean	primary-human	selector complement, protected infrastructure, or integrator reservation
worker_forbidden	exact	NumStability/Source/Higham/Chapter02/Section06/FusedMultiplyAdd/All.lean	primary-human	selector complement, protected infrastructure, or integrator reservation
worker_forbidden	exact	NumStability/Source/Higham/Chapter02/Section06/FusedMultiplyAdd/DotProductCount.lean	primary-human	selector complement, protected infrastructure, or integrator reservation
worker_forbidden	exact	NumStability/Source/Higham/Chapter02/Section06/ReciprocalIteration/Basic.lean	primary-human	selector complement, protected infrastructure, or integrator reservation
worker_forbidden	exact	NumStability/Source/Higham/Chapter02/Section07.lean	primary-human	selector complement, protected infrastructure, or integrator reservation
worker_forbidden	exact	NumStability/Source/Higham/Chapter02/Section07/PowerLeadingDigits.lean	primary-human	selector complement, protected infrastructure, or integrator reservation
worker_forbidden	exact	NumStability/Source/Higham/Chapter02/Section10/ArctangentRange/Basic.lean	primary-human	selector complement, protected infrastructure, or integrator reservation
worker_forbidden	exact	NumStability/Source/Higham/Chapter02/Section10/ArctangentRange/Counterexample/Results.lean	primary-human	selector complement, protected infrastructure, or integrator reservation
worker_forbidden	exact	NumStability/Source/Higham/Chapter02/Section10/Tablemaker/FiniteSeparation/Basic.lean	primary-human	selector complement, protected infrastructure, or integrator reservation
worker_forbidden	exact	NumStability/Source/Higham/Chapter02/Section10/Tablemaker/FiniteSeparation/Results/Theorems.lean	primary-human	selector complement, protected infrastructure, or integrator reservation
worker_forbidden	exact	NumStability/Source/Higham/Chapter02/Section10/Tablemaker/HermiteLindemann/Basic.lean	primary-human	selector complement, protected infrastructure, or integrator reservation
worker_forbidden	exact	NumStability/Source/Higham/Chapter02/Section11/AccuracyTests/Basic.lean	primary-human	selector complement, protected infrastructure, or integrator reservation
worker_forbidden	exact	NumStability/Source/Higham/Chapter02/Section11/AccuracyTests/CodySineResults/Theorems.lean	primary-human	selector complement, protected infrastructure, or integrator reservation
worker_forbidden	exact	NumStability/Source/Higham/Chapter03.lean	primary-human	selector complement, protected infrastructure, or integrator reservation
worker_forbidden	exact	NumStability/Source/Higham/Chapter03/Lemma01/RoundingProducts/All.lean	primary-human	selector complement, protected infrastructure, or integrator reservation
worker_forbidden	exact	NumStability/Source/Higham/Chapter03/Lemma04/SmallUnitProductBounds/All.lean	primary-human	selector complement, protected infrastructure, or integrator reservation
worker_forbidden	exact	NumStability/Source/Higham/Chapter03/Problem02/ProductBounds/All.lean	primary-human	selector complement, protected infrastructure, or integrator reservation
worker_forbidden	exact	NumStability/Source/Higham/Chapter03/Problem02/ProductBounds/PositiveFactors.lean	primary-human	selector complement, protected infrastructure, or integrator reservation
worker_forbidden	exact	NumStability/Source/Higham/Chapter03/Problem11/KahanAbsoluteValue/Basic.lean	primary-human	selector complement, protected infrastructure, or integrator reservation
worker_forbidden	exact	NumStability/Source/Higham/Chapter03/Problem11/KahanAbsoluteValue/IeeeDoubleTrace/Results.lean	primary-human	selector complement, protected infrastructure, or integrator reservation
worker_forbidden	exact	NumStability/Source/Higham/Chapter03/Section10/WilkinsonProductBound/All.lean	primary-human	selector complement, protected infrastructure, or integrator reservation
worker_forbidden	exact	NumStability/Source/Higham/Chapter04.lean	primary-human	selector complement, protected infrastructure, or integrator reservation
worker_forbidden	exact	NumStability/Source/Higham/Chapter04/Algorithm02.lean	primary-human	selector complement, protected infrastructure, or integrator reservation
worker_forbidden	exact	NumStability/Source/Higham/Chapter04/Algorithm02/InitializationModelLimitations.lean	primary-human	selector complement, protected infrastructure, or integrator reservation
worker_forbidden	exact	NumStability/Source/Higham/Chapter04/Algorithm03/Priest/All.lean	primary-human	selector complement, protected infrastructure, or integrator reservation
worker_forbidden	exact	NumStability/Source/Higham/Chapter04/Algorithm03/Priest/SourceAssumptions.lean	primary-human	selector complement, protected infrastructure, or integrator reservation
worker_forbidden	exact	NumStability/Source/Higham/Chapter04/Algorithm03/SourceClosure/Basic.lean	primary-human	selector complement, protected infrastructure, or integrator reservation
worker_forbidden	exact	NumStability/Source/Higham/Chapter04/Equation05/OrderingExamples/Basic.lean	primary-human	selector complement, protected infrastructure, or integrator reservation
worker_forbidden	exact	NumStability/Source/Higham/Chapter04/Equation07.lean	primary-human	selector complement, protected infrastructure, or integrator reservation
worker_forbidden	exact	NumStability/Source/Higham/Chapter04/Equation07/AbstractModelCounterexample.lean	primary-human	selector complement, protected infrastructure, or integrator reservation
worker_forbidden	exact	NumStability/Source/Higham/Chapter04/Equation07/NoGuardCounterexample.lean	primary-human	selector complement, protected infrastructure, or integrator reservation
worker_forbidden	exact	NumStability/Source/Higham/Chapter04/Equation07/SterbenzCounterexamples.lean	primary-human	selector complement, protected infrastructure, or integrator reservation
worker_forbidden	exact	NumStability/Source/Higham/Chapter04/Equation08.lean	primary-human	selector complement, protected infrastructure, or integrator reservation
worker_forbidden	exact	NumStability/Source/Higham/Chapter04/Equation08/FiniteFamily.lean	primary-human	selector complement, protected infrastructure, or integrator reservation
worker_forbidden	exact	NumStability/Source/Higham/Chapter04/Equation08/FiniteFormat.lean	primary-human	selector complement, protected infrastructure, or integrator reservation
worker_forbidden	exact	NumStability/Source/Higham/Chapter04/Equation08/FiniteRouteLimitations.lean	primary-human	selector complement, protected infrastructure, or integrator reservation
worker_forbidden	exact	NumStability/Source/Higham/Chapter04/Equation08/ModelStrength.lean	primary-human	selector complement, protected infrastructure, or integrator reservation
worker_forbidden	exact	NumStability/Source/Higham/Chapter04/Equation08/ReturnedSum.lean	primary-human	selector complement, protected infrastructure, or integrator reservation
worker_forbidden	exact	NumStability/Source/Higham/Chapter04/Equation09.lean	primary-human	selector complement, protected infrastructure, or integrator reservation
worker_forbidden	exact	NumStability/Source/Higham/Chapter04/Equation09/Correction.lean	primary-human	selector complement, protected infrastructure, or integrator reservation
worker_forbidden	exact	NumStability/Source/Higham/Chapter04/Equation09/FiniteFormat.lean	primary-human	selector complement, protected infrastructure, or integrator reservation
worker_forbidden	exact	NumStability/Source/Higham/Chapter04/Equation09/ModelStrength.lean	primary-human	selector complement, protected infrastructure, or integrator reservation
worker_forbidden	exact	NumStability/Source/Higham/Chapter04/Equation10.lean	primary-human	selector complement, protected infrastructure, or integrator reservation
worker_forbidden	exact	NumStability/Source/Higham/Chapter04/Equation10/AbstractModel.lean	primary-human	selector complement, protected infrastructure, or integrator reservation
worker_forbidden	exact	NumStability/Source/Higham/Chapter04/Equation10/FiniteFormat.lean	primary-human	selector complement, protected infrastructure, or integrator reservation
worker_forbidden	exact	NumStability/Source/Higham/Chapter04/Equation10/Neumaier/AdaptiveBound.lean	primary-human	selector complement, protected infrastructure, or integrator reservation
worker_forbidden	exact	NumStability/Source/Higham/Chapter04/Equation10/Neumaier/All.lean	primary-human	selector complement, protected infrastructure, or integrator reservation
worker_forbidden	exact	NumStability/Source/Higham/Chapter04/Equation10/Neumaier/FiniteBound.lean	primary-human	selector complement, protected infrastructure, or integrator reservation
worker_forbidden	exact	NumStability/Source/Higham/Chapter04/Equation10/Neumaier/ResidualBound.lean	primary-human	selector complement, protected infrastructure, or integrator reservation
worker_forbidden	exact	NumStability/Source/Higham/Chapter04/Problem02/WilkinsonAttainability/Basic.lean	primary-human	selector complement, protected infrastructure, or integrator reservation
worker_forbidden	exact	NumStability/Source/Higham/Chapter04/Problem02/WilkinsonAttainability/IeeeDoubleTrace/Results.lean	primary-human	selector complement, protected infrastructure, or integrator reservation
worker_forbidden	exact	NumStability/Source/Higham/Chapter04/Problem03.lean	primary-human	selector complement, protected infrastructure, or integrator reservation
worker_forbidden	exact	NumStability/Source/Higham/Chapter04/Problem04.lean	primary-human	selector complement, protected infrastructure, or integrator reservation
worker_forbidden	exact	NumStability/Source/Higham/Chapter04/Problem10.lean	primary-human	selector complement, protected infrastructure, or integrator reservation
worker_forbidden	exact	NumStability/Source/Higham/Chapter04/Section01.lean	primary-human	selector complement, protected infrastructure, or integrator reservation
worker_forbidden	exact	NumStability/Source/Higham/Chapter04/Section01/InsertionExamples.lean	primary-human	selector complement, protected infrastructure, or integrator reservation
worker_forbidden	exact	NumStability/Source/Higham/Chapter04/Section01/PairwiseSixTerm.lean	primary-human	selector complement, protected infrastructure, or integrator reservation
worker_forbidden	exact	NumStability/Source/Higham/Chapter04/Section02.lean	primary-human	selector complement, protected infrastructure, or integrator reservation
worker_forbidden	exact	NumStability/Source/Higham/Chapter04/Section02/KaoWangCitationDiscrepancy.lean	primary-human	selector complement, protected infrastructure, or integrator reservation
worker_forbidden	exact	NumStability/Source/Higham/Chapter04/Section03.lean	primary-human	selector complement, protected infrastructure, or integrator reservation
worker_forbidden	exact	NumStability/Source/Higham/Chapter04/Section03/FiniteFormat.lean	primary-human	selector complement, protected infrastructure, or integrator reservation
worker_forbidden	exact	NumStability/Source/Higham/Chapter04/Section03/NoGuardKahanCounterexample.lean	primary-human	selector complement, protected infrastructure, or integrator reservation
worker_forbidden	exact	NumStability/Source/Higham/Chapter05.lean	primary-human	selector complement, protected infrastructure, or integrator reservation
worker_forbidden	exact	NumStability/Source/Higham/Chapter05/Algorithm01/ComplexHorner/Basic.lean	primary-human	selector complement, protected infrastructure, or integrator reservation
worker_forbidden	exact	NumStability/Source/Higham/Chapter05/Algorithm01/ComplexHorner/ErrorBounds/Theorems.lean	primary-human	selector complement, protected infrastructure, or integrator reservation
worker_forbidden	exact	NumStability/Source/Higham/Chapter05/Equation14/MatrixPolynomialForms/Basic.lean	primary-human	selector complement, protected infrastructure, or integrator reservation
worker_forbidden	exact	NumStability/Source/Higham/Chapter05/Problem01/DifferentiatedHorner/Basic.lean	primary-human	selector complement, protected infrastructure, or integrator reservation
worker_forbidden	exact	NumStability/Source/Higham/Chapter05/Problem02/PowerBuilding/Basic.lean	primary-human	selector complement, protected infrastructure, or integrator reservation
worker_forbidden	exact	NumStability/Source/Higham/Chapter05/Problem03/EvenOddSplitting/Basic.lean	primary-human	selector complement, protected infrastructure, or integrator reservation
worker_forbidden	exact	NumStability/Source/Higham/Chapter05/Problem04/LejaOrdering/Basic.lean	primary-human	selector complement, protected infrastructure, or integrator reservation
worker_forbidden	exact	NumStability/Source/Higham/Chapter05/Problem06/MatrixPolynomialHorner/Basic.lean	primary-human	selector complement, protected infrastructure, or integrator reservation
worker_forbidden	exact	NumStability/Source/Higham/Chapter05/Section01/Horner/Basic.lean	primary-human	selector complement, protected infrastructure, or integrator reservation
worker_forbidden	exact	NumStability/Source/Higham/Chapter05/Section01/RelativeError/Basic.lean	primary-human	selector complement, protected infrastructure, or integrator reservation
worker_forbidden	exact	NumStability/Source/Higham/Chapter05/Section02/BidiagonalDerivativeAnalysis/Basic.lean	primary-human	selector complement, protected infrastructure, or integrator reservation
worker_forbidden	exact	NumStability/Source/Higham/Chapter05/Section02/BidiagonalDerivativeAnalysis/Results/Theorems.lean	primary-human	selector complement, protected infrastructure, or integrator reservation
worker_forbidden	exact	NumStability/Source/Higham/Chapter05/Section02/DerivativeError/Basic.lean	primary-human	selector complement, protected infrastructure, or integrator reservation
worker_forbidden	exact	NumStability/Source/Higham/Chapter05/Section02/DerivativeError/Results/Theorems.lean	primary-human	selector complement, protected infrastructure, or integrator reservation
worker_forbidden	exact	NumStability/Source/Higham/Chapter05/Section02/DerivativeEvaluation/Bidiagonal.lean	primary-human	selector complement, protected infrastructure, or integrator reservation
worker_forbidden	exact	NumStability/Source/Higham/Chapter05/Section02/DerivativeEvaluation/SyntheticDivision.lean	primary-human	selector complement, protected infrastructure, or integrator reservation
worker_forbidden	exact	NumStability/Source/Higham/Chapter05/Section03/DividedDifferences/Basic.lean	primary-human	selector complement, protected infrastructure, or integrator reservation
worker_forbidden	exact	NumStability/Source/Higham/Chapter05/Section03/LejaOrdering/Basic.lean	primary-human	selector complement, protected infrastructure, or integrator reservation
worker_forbidden	exact	NumStability/Source/Higham/Chapter05/Section03/NewtonEvaluation/Basic.lean	primary-human	selector complement, protected infrastructure, or integrator reservation
worker_forbidden	exact	NumStability/Source/Higham/Chapter05/Section03/NewtonEvaluation/HornerBasis.lean	primary-human	selector complement, protected infrastructure, or integrator reservation
worker_forbidden	exact	NumStability/Source/Higham/Chapter05/Section03/ResidualUnwind/Basic.lean	primary-human	selector complement, protected infrastructure, or integrator reservation
worker_forbidden	exact	NumStability/Source/Higham/Chapter05/Section04/PatersonStockmeyer/Basic.lean	primary-human	selector complement, protected infrastructure, or integrator reservation
worker_forbidden	exact	NumStability/Source/Higham/Chapter05/Section04/PatersonStockmeyer/Results/Theorems.lean	primary-human	selector complement, protected infrastructure, or integrator reservation
worker_forbidden	exact	NumStability/Source/Higham/Chapter05/Section05/FastPolynomialEvaluation/Basic.lean	primary-human	selector complement, protected infrastructure, or integrator reservation
worker_forbidden	exact	NumStability/Source/Higham/Chapter05/Section05/FastPolynomialEvaluation/Results/Theorems.lean	primary-human	selector complement, protected infrastructure, or integrator reservation
worker_forbidden	exact	NumStability/Source/Higham/Chapter06.lean	primary-human	selector complement, protected infrastructure, or integrator reservation
worker_forbidden	exact	NumStability/Source/Higham/Chapter06/Asides.lean	primary-human	selector complement, protected infrastructure, or integrator reservation
worker_forbidden	exact	NumStability/Source/Higham/Chapter06/Asides/ConditionNumberBounds.lean	primary-human	selector complement, protected infrastructure, or integrator reservation
worker_forbidden	exact	NumStability/Source/Higham/Chapter06/Asides/EuclideanNormDifferentiability.lean	primary-human	selector complement, protected infrastructure, or integrator reservation
worker_forbidden	exact	NumStability/Source/Higham/Chapter06/Asides/MaxNormInconsistency.lean	primary-human	selector complement, protected infrastructure, or integrator reservation
worker_forbidden	exact	NumStability/Source/Higham/Chapter06/Asides/UnitaryInvariance.lean	primary-human	selector complement, protected infrastructure, or integrator reservation
worker_forbidden	exact	NumStability/Source/Higham/Chapter06/BlockAntidiagonalNorm.lean	primary-human	selector complement, protected infrastructure, or integrator reservation
worker_forbidden	exact	NumStability/Source/Higham/Chapter06/BlockAntidiagonalNorm/InducedLp.lean	primary-human	selector complement, protected infrastructure, or integrator reservation
worker_forbidden	exact	NumStability/Source/Higham/Chapter06/BlockAntidiagonalNorm/OperatorTwo.lean	primary-human	selector complement, protected infrastructure, or integrator reservation
worker_forbidden	exact	NumStability/Source/Higham/Chapter06/Equation01.lean	primary-human	selector complement, protected infrastructure, or integrator reservation
worker_forbidden	exact	NumStability/Source/Higham/Chapter06/Equation02.lean	primary-human	selector complement, protected infrastructure, or integrator reservation
worker_forbidden	exact	NumStability/Source/Higham/Chapter06/Lemma06.lean	primary-human	selector complement, protected infrastructure, or integrator reservation
worker_forbidden	exact	NumStability/Source/Higham/Chapter06/Lemma06/Core/Results.lean	primary-human	selector complement, protected infrastructure, or integrator reservation
worker_forbidden	exact	NumStability/Source/Higham/Chapter06/Lemma06/OperatorTwoNormBound.lean	primary-human	selector complement, protected infrastructure, or integrator reservation
worker_forbidden	exact	NumStability/Source/Higham/Chapter06/Lemma06/OperatorTwoNormBound/Bridge.lean	primary-human	selector complement, protected infrastructure, or integrator reservation
worker_forbidden	exact	NumStability/Source/Higham/Chapter06/Norms.lean	primary-human	selector complement, protected infrastructure, or integrator reservation
worker_forbidden	exact	NumStability/Source/Higham/Chapter06/Problem01.lean	primary-human	selector complement, protected infrastructure, or integrator reservation
worker_forbidden	exact	NumStability/Source/Higham/Chapter06/Problem05.lean	primary-human	selector complement, protected infrastructure, or integrator reservation
worker_forbidden	exact	NumStability/Source/Higham/Chapter06/Problem09.lean	primary-human	selector complement, protected infrastructure, or integrator reservation
worker_forbidden	exact	NumStability/Source/Higham/Chapter06/Problem10.lean	primary-human	selector complement, protected infrastructure, or integrator reservation
worker_forbidden	exact	NumStability/Source/Higham/Chapter06/Theorem04.lean	primary-human	selector complement, protected infrastructure, or integrator reservation
worker_forbidden	exact	NumStability/Source/Higham/Chapter06/Theorem05/DistanceToSingularity/All.lean	primary-human	selector complement, protected infrastructure, or integrator reservation
worker_forbidden	exact	NumStability/Source/Higham/Chapter06/Theorem05/DistanceToSingularity/Chapter07Equation26.lean	primary-human	selector complement, protected infrastructure, or integrator reservation
worker_forbidden	exact	NumStability/Source/Higham/Chapter07.lean	primary-human	selector complement, protected infrastructure, or integrator reservation
worker_forbidden	exact	NumStability/Source/Higham/Chapter07/Corollary06/Equilibration/Basic.lean	primary-human	selector complement, protected infrastructure, or integrator reservation
worker_forbidden	exact	NumStability/Source/Higham/Chapter07/Corollary06/LinearSystemsConditioning/All.lean	primary-human	selector complement, protected infrastructure, or integrator reservation
worker_forbidden	exact	NumStability/Source/Higham/Chapter07/Corollary06/LinearSystemsConditioning/Basic.lean	primary-human	selector complement, protected infrastructure, or integrator reservation
worker_forbidden	exact	NumStability/Source/Higham/Chapter07/Corollary06/LinearSystemsConditioning/Results.lean	primary-human	selector complement, protected infrastructure, or integrator reservation
worker_forbidden	exact	NumStability/Source/Higham/Chapter07/Equation17/KahanConditioningExample.lean	primary-human	selector complement, protected infrastructure, or integrator reservation
worker_forbidden	exact	NumStability/Source/Higham/Chapter07/Equation25/InverseConditioning/All.lean	primary-human	selector complement, protected infrastructure, or integrator reservation
worker_forbidden	exact	NumStability/Source/Higham/Chapter07/Equation25/InverseConditioning/ExactPerturbation.lean	primary-human	selector complement, protected infrastructure, or integrator reservation
worker_forbidden	exact	NumStability/Source/Higham/Chapter07/Equation25/SourceEndpoint/Basic.lean	primary-human	selector complement, protected infrastructure, or integrator reservation
worker_forbidden	exact	NumStability/Source/Higham/Chapter07/Equation26/ComponentwiseDistance/Basic.lean	primary-human	selector complement, protected infrastructure, or integrator reservation
worker_forbidden	exact	NumStability/Source/Higham/Chapter07/Equation26/DistanceToSingularity/Results.lean	primary-human	selector complement, protected infrastructure, or integrator reservation
worker_forbidden	exact	NumStability/Source/Higham/Chapter07/Equation26/RumpCycle/Basic.lean	primary-human	selector complement, protected infrastructure, or integrator reservation
worker_forbidden	exact	NumStability/Source/Higham/Chapter07/Equation26/RumpCycle/Results/Theorems.lean	primary-human	selector complement, protected infrastructure, or integrator reservation
worker_forbidden	exact	NumStability/Source/Higham/Chapter07/LinearSystemsConditioning/All.lean	primary-human	selector complement, protected infrastructure, or integrator reservation
worker_forbidden	exact	NumStability/Source/Higham/Chapter07/LinearSystemsConditioning/ComputedResidual.lean	primary-human	selector complement, protected infrastructure, or integrator reservation
worker_forbidden	exact	NumStability/Source/Higham/Chapter07/LinearSystemsConditioning/ConditionNumbers.lean	primary-human	selector complement, protected infrastructure, or integrator reservation
worker_forbidden	exact	NumStability/Source/Higham/Chapter07/LinearSystemsConditioning/Equation05.lean	primary-human	selector complement, protected infrastructure, or integrator reservation
worker_forbidden	exact	NumStability/Source/Higham/Chapter07/LinearSystemsConditioning/Equation32.lean	primary-human	selector complement, protected infrastructure, or integrator reservation
worker_forbidden	exact	NumStability/Source/Higham/Chapter07/LinearSystemsConditioning/Equation33.lean	primary-human	selector complement, protected infrastructure, or integrator reservation
worker_forbidden	exact	NumStability/Source/Higham/Chapter07/LinearSystemsConditioning/ForwardErrorKernels.lean	primary-human	selector complement, protected infrastructure, or integrator reservation
worker_forbidden	exact	NumStability/Source/Higham/Chapter07/LinearSystemsConditioning/Lemma09.lean	primary-human	selector complement, protected infrastructure, or integrator reservation
worker_forbidden	exact	NumStability/Source/Higham/Chapter07/LinearSystemsConditioning/Problem01.lean	primary-human	selector complement, protected infrastructure, or integrator reservation
worker_forbidden	exact	NumStability/Source/Higham/Chapter07/LinearSystemsConditioning/Problem02.lean	primary-human	selector complement, protected infrastructure, or integrator reservation
worker_forbidden	exact	NumStability/Source/Higham/Chapter07/LinearSystemsConditioning/Problem04.lean	primary-human	selector complement, protected infrastructure, or integrator reservation
worker_forbidden	exact	NumStability/Source/Higham/Chapter07/LinearSystemsConditioning/Problem05.lean	primary-human	selector complement, protected infrastructure, or integrator reservation
worker_forbidden	exact	NumStability/Source/Higham/Chapter07/LinearSystemsConditioning/Problem06Columnwise.lean	primary-human	selector complement, protected infrastructure, or integrator reservation
worker_forbidden	exact	NumStability/Source/Higham/Chapter07/LinearSystemsConditioning/Problem06Rowwise.lean	primary-human	selector complement, protected infrastructure, or integrator reservation
worker_forbidden	exact	NumStability/Source/Higham/Chapter07/LinearSystemsConditioning/Problem07.lean	primary-human	selector complement, protected infrastructure, or integrator reservation
worker_forbidden	exact	NumStability/Source/Higham/Chapter07/LinearSystemsConditioning/Problem08RectangularBackwardError.lean	primary-human	selector complement, protected infrastructure, or integrator reservation
worker_forbidden	exact	NumStability/Source/Higham/Chapter07/LinearSystemsConditioning/Problem09Exact.lean	primary-human	selector complement, protected infrastructure, or integrator reservation
worker_forbidden	exact	NumStability/Source/Higham/Chapter07/LinearSystemsConditioning/Problem09Linearized.lean	primary-human	selector complement, protected infrastructure, or integrator reservation
worker_forbidden	exact	NumStability/Source/Higham/Chapter07/LinearSystemsConditioning/Problem10Bauer/Part01.lean	primary-human	selector complement, protected infrastructure, or integrator reservation
worker_forbidden	exact	NumStability/Source/Higham/Chapter07/LinearSystemsConditioning/Problem10Bauer/Part02.lean	primary-human	selector complement, protected infrastructure, or integrator reservation
worker_forbidden	exact	NumStability/Source/Higham/Chapter07/LinearSystemsConditioning/Problem10Bauer/Part03.lean	primary-human	selector complement, protected infrastructure, or integrator reservation
worker_forbidden	exact	NumStability/Source/Higham/Chapter07/LinearSystemsConditioning/Problem10OneNorm.lean	primary-human	selector complement, protected infrastructure, or integrator reservation
worker_forbidden	exact	NumStability/Source/Higham/Chapter07/LinearSystemsConditioning/Problem13SparseResidual.lean	primary-human	selector complement, protected infrastructure, or integrator reservation
worker_forbidden	exact	NumStability/Source/Higham/Chapter07/LinearSystemsConditioning/Problem15Hadamard.lean	primary-human	selector complement, protected infrastructure, or integrator reservation
worker_forbidden	exact	NumStability/Source/Higham/Chapter07/LinearSystemsConditioning/RectangularTheorems.lean	primary-human	selector complement, protected infrastructure, or integrator reservation
worker_forbidden	exact	NumStability/Source/Higham/Chapter07/LinearSystemsConditioning/RowScaling.lean	primary-human	selector complement, protected infrastructure, or integrator reservation
worker_forbidden	exact	NumStability/Source/Higham/Chapter07/LinearSystemsConditioning/Theorem02.lean	primary-human	selector complement, protected infrastructure, or integrator reservation
worker_forbidden	exact	NumStability/Source/Higham/Chapter07/LinearSystemsConditioning/Theorem03/RectangularResults.lean	primary-human	selector complement, protected infrastructure, or integrator reservation
worker_forbidden	exact	NumStability/Source/Higham/Chapter07/LinearSystemsConditioning/Theorem04.lean	primary-human	selector complement, protected infrastructure, or integrator reservation
worker_forbidden	exact	NumStability/Source/Higham/Chapter07/LinearSystemsConditioning/Theorem05/Part01.lean	primary-human	selector complement, protected infrastructure, or integrator reservation
worker_forbidden	exact	NumStability/Source/Higham/Chapter07/LinearSystemsConditioning/Theorem05/Part02.lean	primary-human	selector complement, protected infrastructure, or integrator reservation
worker_forbidden	exact	NumStability/Source/Higham/Chapter07/LinearSystemsConditioning/Theorem05/Part03.lean	primary-human	selector complement, protected infrastructure, or integrator reservation
worker_forbidden	exact	NumStability/Source/Higham/Chapter07/LinearSystemsConditioning/Theorem05/Part04.lean	primary-human	selector complement, protected infrastructure, or integrator reservation
worker_forbidden	exact	NumStability/Source/Higham/Chapter07/LinearSystemsConditioning/Theorem05/Part05.lean	primary-human	selector complement, protected infrastructure, or integrator reservation
worker_forbidden	exact	NumStability/Source/Higham/Chapter07/LinearSystemsConditioning/Theorem05/Part06.lean	primary-human	selector complement, protected infrastructure, or integrator reservation
worker_forbidden	exact	NumStability/Source/Higham/Chapter07/LinearSystemsConditioning/Theorem05/RowInfinityScaleCounterexample/Theorems.lean	primary-human	selector complement, protected infrastructure, or integrator reservation
worker_forbidden	exact	NumStability/Source/Higham/Chapter07/LinearSystemsConditioning/Theorem07FrobeniusScaling.lean	primary-human	selector complement, protected infrastructure, or integrator reservation
worker_forbidden	exact	NumStability/Source/Higham/Chapter07/LinearSystemsConditioning/Theorem08Aliases.lean	primary-human	selector complement, protected infrastructure, or integrator reservation
worker_forbidden	exact	NumStability/Source/Higham/Chapter08.lean	primary-human	selector complement, protected infrastructure, or integrator reservation
worker_forbidden	exact	NumStability/Source/Higham/Chapter08/Equation02/TriangularSubstitution/RelativeInfinityNormBounds/Theorems.lean	primary-human	selector complement, protected infrastructure, or integrator reservation
worker_forbidden	exact	NumStability/Source/Higham/Chapter08/Equation10/ColumnPivotedQR/Basic.lean	primary-human	selector complement, protected infrastructure, or integrator reservation
worker_forbidden	exact	NumStability/Source/Higham/Chapter08/Equation14/FanInExecutor/All.lean	primary-human	selector complement, protected infrastructure, or integrator reservation
worker_forbidden	exact	NumStability/Source/Higham/Chapter08/Equation14/FanInExecutor/Executor.lean	primary-human	selector complement, protected infrastructure, or integrator reservation
worker_forbidden	exact	NumStability/Source/Higham/Chapter08/Equation14/FanInProduct/Basic.lean	primary-human	selector complement, protected infrastructure, or integrator reservation
worker_forbidden	exact	NumStability/Source/Higham/Chapter08/Equation15/FanInExecutor/FirstOrderResidual.lean	primary-human	selector complement, protected infrastructure, or integrator reservation
worker_forbidden	exact	NumStability/Source/Higham/Chapter08/Equation15/GlobalEnvelopeCounterexample/All.lean	primary-human	selector complement, protected infrastructure, or integrator reservation
worker_forbidden	exact	NumStability/Source/Higham/Chapter08/Equation15/GlobalEnvelopeCounterexample/LocalCancellation.lean	primary-human	selector complement, protected infrastructure, or integrator reservation
worker_forbidden	exact	NumStability/Source/Higham/Chapter08/Equation15/GlobalEnvelopeCounterexample/LocalCancellationResults/Theorems.lean	primary-human	selector complement, protected infrastructure, or integrator reservation
worker_forbidden	exact	NumStability/Source/Higham/Chapter08/Equation15/GlobalEnvelopeCounterexample/RawCube.lean	primary-human	selector complement, protected infrastructure, or integrator reservation
worker_forbidden	exact	NumStability/Source/Higham/Chapter08/Equation18/FanInExecutor/FirstOrderForwardError.lean	primary-human	selector complement, protected infrastructure, or integrator reservation
worker_forbidden	exact	NumStability/Source/Higham/Chapter08/Lemma08/CorrectedCondition/All.lean	primary-human	selector complement, protected infrastructure, or integrator reservation
worker_forbidden	exact	NumStability/Source/Higham/Chapter08/Lemma08/CorrectedCondition/RowDominance.lean	primary-human	selector complement, protected infrastructure, or integrator reservation
worker_forbidden	exact	NumStability/Source/Higham/Chapter08/Lemma08/Entrywise/Basic.lean	primary-human	selector complement, protected infrastructure, or integrator reservation
worker_forbidden	exact	NumStability/Source/Higham/Chapter08/Lemma08Discrepancy.lean	primary-human	selector complement, protected infrastructure, or integrator reservation
worker_forbidden	exact	NumStability/Source/Higham/Chapter08/Problem01/NoGuardSubstitution/Aliases.lean	primary-human	selector complement, protected infrastructure, or integrator reservation
worker_forbidden	exact	NumStability/Source/Higham/Chapter08/Problem01/NoGuardSubstitution/All.lean	primary-human	selector complement, protected infrastructure, or integrator reservation
worker_forbidden	exact	NumStability/Source/Higham/Chapter08/Problem01/NoGuardSubstitution/BackwardSubstitution.lean	primary-human	selector complement, protected infrastructure, or integrator reservation
worker_forbidden	exact	NumStability/Source/Higham/Chapter08/Problem01/NoGuardSubstitution/ForwardSubstitution.lean	primary-human	selector complement, protected infrastructure, or integrator reservation
worker_forbidden	exact	NumStability/Source/Higham/Chapter08/Problem02/ComparisonMatrixWitness/All.lean	primary-human	selector complement, protected infrastructure, or integrator reservation
worker_forbidden	exact	NumStability/Source/Higham/Chapter08/Problem02/ComparisonMatrixWitness/ArbitraryRatios/Theorems.lean	primary-human	selector complement, protected infrastructure, or integrator reservation
worker_forbidden	exact	NumStability/Source/Higham/Chapter08/Problem02/ComparisonMatrixWitness/RatioWitness.lean	primary-human	selector complement, protected infrastructure, or integrator reservation
worker_forbidden	exact	NumStability/Source/Higham/Chapter08/Problem03/UnitTriangularSubstitution/All.lean	primary-human	selector complement, protected infrastructure, or integrator reservation
worker_forbidden	exact	NumStability/Source/Higham/Chapter08/Problem03/UnitTriangularSubstitution/Bound.lean	primary-human	selector complement, protected infrastructure, or integrator reservation
worker_forbidden	exact	NumStability/Source/Higham/Chapter08/Problem04/MMatrixSubstitution/All.lean	primary-human	selector complement, protected infrastructure, or integrator reservation
worker_forbidden	exact	NumStability/Source/Higham/Chapter08/Problem04/MMatrixSubstitution/Comparison.lean	primary-human	selector complement, protected infrastructure, or integrator reservation
worker_forbidden	exact	NumStability/Source/Higham/Chapter08/Problem05/InverseNormBounds/All.lean	primary-human	selector complement, protected infrastructure, or integrator reservation
worker_forbidden	exact	NumStability/Source/Higham/Chapter08/Problem05/InverseNormBounds/ZInverse.lean	primary-human	selector complement, protected infrastructure, or integrator reservation
worker_forbidden	exact	NumStability/Source/Higham/Chapter08/Problem06/ComparisonInverseBounds/All.lean	primary-human	selector complement, protected infrastructure, or integrator reservation
worker_forbidden	exact	NumStability/Source/Higham/Chapter08/Problem06/ComparisonInverseBounds/VectorBounds.lean	primary-human	selector complement, protected infrastructure, or integrator reservation
worker_forbidden	exact	NumStability/Source/Higham/Chapter08/Problem07/DiagonalScaling/All.lean	primary-human	selector complement, protected infrastructure, or integrator reservation
worker_forbidden	exact	NumStability/Source/Higham/Chapter08/Problem07/DiagonalScaling/Bounds.lean	primary-human	selector complement, protected infrastructure, or integrator reservation
worker_forbidden	exact	NumStability/Source/Higham/Chapter08/Problem07/DiagonalScaling/Results/Theorems.lean	primary-human	selector complement, protected infrastructure, or integrator reservation
worker_forbidden	exact	NumStability/Source/Higham/Chapter08/Problem08/SingleEntrySingularity/All.lean	primary-human	selector complement, protected infrastructure, or integrator reservation
worker_forbidden	exact	NumStability/Source/Higham/Chapter08/Problem08/SingleEntrySingularity/RankOne.lean	primary-human	selector complement, protected infrastructure, or integrator reservation
worker_forbidden	exact	NumStability/Source/Higham/Chapter08/Problem08/SingleEntrySingularity/Results/Theorems.lean	primary-human	selector complement, protected infrastructure, or integrator reservation
worker_forbidden	exact	NumStability/Source/Higham/Chapter08/Problem09/KahanSingularValues/All.lean	primary-human	selector complement, protected infrastructure, or integrator reservation
worker_forbidden	exact	NumStability/Source/Higham/Chapter08/Problem09/KahanSingularValues/KahanMatrix.lean	primary-human	selector complement, protected infrastructure, or integrator reservation
worker_forbidden	exact	NumStability/Source/Higham/Chapter08/Problem09/KahanSingularValues/Results/Theorems.lean	primary-human	selector complement, protected infrastructure, or integrator reservation
worker_forbidden	exact	NumStability/Source/Higham/Chapter08/Section01/BackwardErrorAnalysis/All.lean	primary-human	selector complement, protected infrastructure, or integrator reservation
worker_forbidden	exact	NumStability/Source/Higham/Chapter08/Section01/BackwardErrorAnalysis/Core.lean	primary-human	selector complement, protected infrastructure, or integrator reservation
worker_forbidden	exact	NumStability/Source/Higham/Chapter08/Section02/ForwardErrorAnalysis/All.lean	primary-human	selector complement, protected infrastructure, or integrator reservation
worker_forbidden	exact	NumStability/Source/Higham/Chapter08/Section02/ForwardErrorAnalysis/ComparisonBounds.lean	primary-human	selector complement, protected infrastructure, or integrator reservation
worker_forbidden	exact	NumStability/Source/Higham/Chapter08/Section02/ForwardErrorAnalysis/ComparisonBoundsPrelude.lean	primary-human	selector complement, protected infrastructure, or integrator reservation
worker_forbidden	exact	NumStability/Source/Higham/Chapter08/Section02/ForwardErrorAnalysis/NormBounds.lean	primary-human	selector complement, protected infrastructure, or integrator reservation
worker_forbidden	exact	NumStability/Source/Higham/Chapter08/Section03/BidiagonalComparison/Basic.lean	primary-human	selector complement, protected infrastructure, or integrator reservation
worker_forbidden	exact	NumStability/Source/Higham/Chapter08/Section03/TriangularSystems/All.lean	primary-human	selector complement, protected infrastructure, or integrator reservation
worker_forbidden	exact	NumStability/Source/Higham/Chapter08/Section03/TriangularSystems/ArbitraryOrder.lean	primary-human	selector complement, protected infrastructure, or integrator reservation
worker_forbidden	exact	NumStability/Source/Higham/Chapter08/Section03/TriangularSystems/ComparisonConditioningResults/Theorems.lean	primary-human	selector complement, protected infrastructure, or integrator reservation
worker_forbidden	exact	NumStability/Source/Higham/Chapter08/Section03/TriangularSystems/InverseBoundsLower.lean	primary-human	selector complement, protected infrastructure, or integrator reservation
worker_forbidden	exact	NumStability/Source/Higham/Chapter08/Section03/TriangularSystems/InverseBoundsPrelude.lean	primary-human	selector complement, protected infrastructure, or integrator reservation
worker_forbidden	exact	NumStability/Source/Higham/Chapter08/Section03/TriangularSystems/InverseBoundsUpper.lean	primary-human	selector complement, protected infrastructure, or integrator reservation
worker_forbidden	exact	NumStability/Source/Higham/Chapter08/Section03/TriangularSystems/InverseNormResults/Theorems.lean	primary-human	selector complement, protected infrastructure, or integrator reservation
worker_forbidden	exact	NumStability/Source/Higham/Chapter08/Section04/FanInAsymptotics/Basic.lean	primary-human	selector complement, protected infrastructure, or integrator reservation
worker_forbidden	exact	NumStability/Source/Higham/Chapter08/Section04/FanInCore/All.lean	primary-human	selector complement, protected infrastructure, or integrator reservation
worker_forbidden	exact	NumStability/Source/Higham/Chapter08/Section04/FanInCore/AllOrdersEnvelope.lean	primary-human	selector complement, protected infrastructure, or integrator reservation
worker_forbidden	exact	NumStability/Source/Higham/Chapter08/Section04/FanInCore/Factors.lean	primary-human	selector complement, protected infrastructure, or integrator reservation
worker_forbidden	exact	NumStability/Source/Higham/Chapter08/Section04/FanInCore/ResidualForwardBounds.lean	primary-human	selector complement, protected infrastructure, or integrator reservation
worker_forbidden	exact	NumStability/Source/Higham/Chapter09.lean	primary-human	selector complement, protected infrastructure, or integrator reservation
worker_forbidden	exact	NumStability/Source/Higham/Chapter09/CompletePivotSharpClosure.lean	primary-human	selector complement, protected infrastructure, or integrator reservation
worker_forbidden	exact	NumStability/Source/Higham/Chapter09/ComplexClosure.lean	primary-human	selector complement, protected infrastructure, or integrator reservation
worker_forbidden	exact	NumStability/Source/Higham/Chapter09/ComputedCorrection.lean	primary-human	selector complement, protected infrastructure, or integrator reservation
worker_forbidden	exact	NumStability/Source/Higham/Chapter09/DoolittleClosure.lean	primary-human	selector complement, protected infrastructure, or integrator reservation
worker_forbidden	exact	NumStability/Source/Higham/Chapter09/Problems.lean	primary-human	selector complement, protected infrastructure, or integrator reservation
worker_forbidden	exact	NumStability/Source/Higham/Chapter09/Section01.lean	primary-human	selector complement, protected infrastructure, or integrator reservation
worker_forbidden	exact	NumStability/Source/Higham/Chapter09/Section02.lean	primary-human	selector complement, protected infrastructure, or integrator reservation
worker_forbidden	exact	NumStability/Source/Higham/Chapter09/Section03.lean	primary-human	selector complement, protected infrastructure, or integrator reservation
worker_forbidden	exact	NumStability/Source/Higham/Chapter09/Section04.lean	primary-human	selector complement, protected infrastructure, or integrator reservation
worker_forbidden	exact	NumStability/Source/Higham/Chapter09/Section05.lean	primary-human	selector complement, protected infrastructure, or integrator reservation
worker_forbidden	exact	NumStability/Source/Higham/Chapter09/Section06.lean	primary-human	selector complement, protected infrastructure, or integrator reservation
worker_forbidden	exact	NumStability/Source/Higham/Chapter09/Section08.lean	primary-human	selector complement, protected infrastructure, or integrator reservation
worker_forbidden	exact	NumStability/Source/Higham/Chapter09/Section10.lean	primary-human	selector complement, protected infrastructure, or integrator reservation
worker_forbidden	exact	NumStability/Source/Higham/Chapter09/Section11.lean	primary-human	selector complement, protected infrastructure, or integrator reservation
worker_forbidden	exact	NumStability/Source/Higham/Chapter09/Theorem14/Actual.lean	primary-human	selector complement, protected infrastructure, or integrator reservation
worker_forbidden	exact	NumStability/Source/Higham/Chapter09/Theorem14/DiagDominant.lean	primary-human	selector complement, protected infrastructure, or integrator reservation
worker_forbidden	exact	NumStability/Source/Higham/Chapter09/Theorem14/Primitive.lean	primary-human	selector complement, protected infrastructure, or integrator reservation
worker_forbidden	exact	NumStability/Source/Higham/Chapter09/Theorem15/Barrlund/Basic.lean	primary-human	selector complement, protected infrastructure, or integrator reservation
worker_forbidden	exact	NumStability/Source/Higham/Chapter09/Theorem15/Sun/Basic.lean	primary-human	selector complement, protected infrastructure, or integrator reservation
worker_forbidden	exact	NumStability/Source/Higham/Chapter09/Theorem914Actual.lean	primary-human	selector complement, protected infrastructure, or integrator reservation
worker_forbidden	exact	NumStability/Source/Higham/Chapter09/Theorem914DiagDominant.lean	primary-human	selector complement, protected infrastructure, or integrator reservation
worker_forbidden	exact	NumStability/Source/Higham/Chapter09/Theorem914Primitive.lean	primary-human	selector complement, protected infrastructure, or integrator reservation
worker_forbidden	exact	NumStability/Source/Higham/Chapter09/Theorem97Classification.lean	primary-human	selector complement, protected infrastructure, or integrator reservation
worker_forbidden	exact	NumStability/Source/Higham/Chapter09/Theorem99Closure.lean	primary-human	selector complement, protected infrastructure, or integrator reservation
worker_forbidden	exact	NumStability/Source/Higham/Chapter09/Theorem99ComplexClosure.lean	primary-human	selector complement, protected infrastructure, or integrator reservation
worker_forbidden	exact	NumStability/Source/Higham/Chapter10.lean	primary-human	selector complement, protected infrastructure, or integrator reservation
worker_forbidden	exact	NumStability/Source/Higham/Chapter10/Equation07/AbsoluteFactorNorm.lean	primary-human	selector complement, protected infrastructure, or integrator reservation
worker_forbidden	exact	NumStability/Source/Higham/Chapter10/Equation07/AbsoluteFactorNorm/Bridge.lean	primary-human	selector complement, protected infrastructure, or integrator reservation
worker_forbidden	exact	NumStability/Source/Higham/Chapter10/Equation07/AbsoluteFactorNorm/Endpoints.lean	primary-human	selector complement, protected infrastructure, or integrator reservation
worker_forbidden	exact	NumStability/Source/Higham/Chapter10/Equation29/Mathias.lean	primary-human	selector complement, protected infrastructure, or integrator reservation
worker_forbidden	exact	NumStability/Source/Higham/Chapter10/Equation29/Mathias/Endpoints.lean	primary-human	selector complement, protected infrastructure, or integrator reservation
worker_forbidden	exact	NumStability/Source/Higham/Chapter10/Equation29/Mathias/FirstBreakdown.lean	primary-human	selector complement, protected infrastructure, or integrator reservation
worker_forbidden	exact	NumStability/Source/Higham/Chapter10/Equation29/Mathias/RoundedSchur/Bounds.lean	primary-human	selector complement, protected infrastructure, or integrator reservation
worker_forbidden	exact	NumStability/Source/Higham/Chapter10/Equation29/Mathias/SourceIngredients.lean	primary-human	selector complement, protected infrastructure, or integrator reservation
worker_forbidden	exact	NumStability/Source/Higham/Chapter10/Equation30/ComplexPositiveDefinite.lean	primary-human	selector complement, protected infrastructure, or integrator reservation
worker_forbidden	exact	NumStability/Source/Higham/Chapter10/Equation30/ComplexPositiveDefinite/Endpoints.lean	primary-human	selector complement, protected infrastructure, or integrator reservation
worker_forbidden	exact	NumStability/Source/Higham/Chapter10/Equation30/ComplexPositiveDefinite/NoPivotLU/SourceBounds.lean	primary-human	selector complement, protected infrastructure, or integrator reservation
worker_forbidden	exact	NumStability/Source/Higham/Chapter10/Equation30/ComplexPositiveDefinite/SourceClosure.lean	primary-human	selector complement, protected infrastructure, or integrator reservation
worker_forbidden	exact	NumStability/Source/Higham/Chapter10/Lemma11/PivotSequenceStability.lean	primary-human	selector complement, protected infrastructure, or integrator reservation
worker_forbidden	exact	NumStability/Source/Higham/Chapter10/Lemma11/PivotSequenceStability/Endpoints.lean	primary-human	selector complement, protected infrastructure, or integrator reservation
worker_forbidden	exact	NumStability/Source/Higham/Chapter10/Lemma11/PivotSequenceStability/SourceClosure.lean	primary-human	selector complement, protected infrastructure, or integrator reservation
worker_forbidden	exact	NumStability/Source/Higham/Chapter10/Lemma13/KahanSharpness.lean	primary-human	selector complement, protected infrastructure, or integrator reservation
worker_forbidden	exact	NumStability/Source/Higham/Chapter10/Lemma13/KahanSharpness/CompletePivotingBound.lean	primary-human	selector complement, protected infrastructure, or integrator reservation
worker_forbidden	exact	NumStability/Source/Higham/Chapter10/Lemma13/KahanSharpness/Endpoints.lean	primary-human	selector complement, protected infrastructure, or integrator reservation
worker_forbidden	exact	NumStability/Source/Higham/Chapter10/Lemma13/KahanSharpness/GramFamily.lean	primary-human	selector complement, protected infrastructure, or integrator reservation
worker_forbidden	exact	NumStability/Source/Higham/Chapter10/Lemma13/KahanSharpness/Limit.lean	primary-human	selector complement, protected infrastructure, or integrator reservation
worker_forbidden	exact	NumStability/Source/Higham/Chapter10/Lemma13/KahanSharpness/OperatorNorm/SourceBound.lean	primary-human	selector complement, protected infrastructure, or integrator reservation
worker_forbidden	exact	NumStability/Source/Higham/Chapter10/Lemma13/KahanSharpness/UnboundedGrowth/Construction.lean	primary-human	selector complement, protected infrastructure, or integrator reservation
worker_forbidden	exact	NumStability/Source/Higham/Chapter10/Problem01/PositiveSemidefiniteEntries.lean	primary-human	selector complement, protected infrastructure, or integrator reservation
worker_forbidden	exact	NumStability/Source/Higham/Chapter10/Problem01/PositiveSemidefiniteEntries/Basic.lean	primary-human	selector complement, protected infrastructure, or integrator reservation
worker_forbidden	exact	NumStability/Source/Higham/Chapter10/Problem01/PositiveSemidefiniteEntries/EntryBounds/Results.lean	primary-human	selector complement, protected infrastructure, or integrator reservation
worker_forbidden	exact	NumStability/Source/Higham/Chapter10/Problem03/ArbitraryEvaluationOrder.lean	primary-human	selector complement, protected infrastructure, or integrator reservation
worker_forbidden	exact	NumStability/Source/Higham/Chapter10/Problem03/ArbitraryEvaluationOrder/Basic.lean	primary-human	selector complement, protected infrastructure, or integrator reservation
worker_forbidden	exact	NumStability/Source/Higham/Chapter10/Problem04/UnpivotedGrowth.lean	primary-human	selector complement, protected infrastructure, or integrator reservation
worker_forbidden	exact	NumStability/Source/Higham/Chapter10/Problem04/UnpivotedGrowth/Basic.lean	primary-human	selector complement, protected infrastructure, or integrator reservation
worker_forbidden	exact	NumStability/Source/Higham/Chapter10/Problem04/UnpivotedGrowth/PositivePivots/Bounds.lean	primary-human	selector complement, protected infrastructure, or integrator reservation
worker_forbidden	exact	NumStability/Source/Higham/Chapter10/Problem08/LeadingMinorsCounterexample.lean	primary-human	selector complement, protected infrastructure, or integrator reservation
worker_forbidden	exact	NumStability/Source/Higham/Chapter10/Problem08/LeadingMinorsCounterexample/Basic.lean	primary-human	selector complement, protected infrastructure, or integrator reservation
worker_forbidden	exact	NumStability/Source/Higham/Chapter10/Section01/Factorization.lean	primary-human	selector complement, protected infrastructure, or integrator reservation
worker_forbidden	exact	NumStability/Source/Higham/Chapter10/Section01/Factorization/Basic.lean	primary-human	selector complement, protected infrastructure, or integrator reservation
worker_forbidden	exact	NumStability/Source/Higham/Chapter10/Section01/Factorization/ExistenceUniqueness/Results.lean	primary-human	selector complement, protected infrastructure, or integrator reservation
worker_forbidden	exact	NumStability/Source/Higham/Chapter10/Section02/ErrorAnalysis.lean	primary-human	selector complement, protected infrastructure, or integrator reservation
worker_forbidden	exact	NumStability/Source/Higham/Chapter10/Section02/ErrorAnalysis/Basic.lean	primary-human	selector complement, protected infrastructure, or integrator reservation
worker_forbidden	exact	NumStability/Source/Higham/Chapter10/Section02/ErrorAnalysis/FactorizationAndSolve/Bounds.lean	primary-human	selector complement, protected infrastructure, or integrator reservation
worker_forbidden	exact	NumStability/Source/Higham/Chapter10/Section03/PositiveSemidefinite.lean	primary-human	selector complement, protected infrastructure, or integrator reservation
worker_forbidden	exact	NumStability/Source/Higham/Chapter10/Section03/PositiveSemidefinite/ConstructiveFactorization/Existence.lean	primary-human	selector complement, protected infrastructure, or integrator reservation
worker_forbidden	exact	NumStability/Source/Higham/Chapter10/Section03/PositiveSemidefinite/Endpoints.lean	primary-human	selector complement, protected infrastructure, or integrator reservation
worker_forbidden	exact	NumStability/Source/Higham/Chapter10/Section03/PositiveSemidefinite/Existence.lean	primary-human	selector complement, protected infrastructure, or integrator reservation
worker_forbidden	exact	NumStability/Source/Higham/Chapter10/Section03/PositiveSemidefinite/PivotingAndScaling/Results.lean	primary-human	selector complement, protected infrastructure, or integrator reservation
worker_forbidden	exact	NumStability/Source/Higham/Chapter10/Section03/PositiveSemidefinite/QuadraticFormBounds/WeightedNorm.lean	primary-human	selector complement, protected infrastructure, or integrator reservation
worker_forbidden	exact	NumStability/Source/Higham/Chapter10/Section03/PositiveSemidefinite/SchurComplement.lean	primary-human	selector complement, protected infrastructure, or integrator reservation
worker_forbidden	exact	NumStability/Source/Higham/Chapter10/Section03/PositiveSemidefinite/Termination.lean	primary-human	selector complement, protected infrastructure, or integrator reservation
worker_forbidden	exact	NumStability/Source/Higham/Chapter10/Section03/PositiveSemidefinite/TrailingTermination/Bound.lean	primary-human	selector complement, protected infrastructure, or integrator reservation
worker_forbidden	exact	NumStability/Source/Higham/Chapter10/Section03/PositiveSemidefinite/WNormBound.lean	primary-human	selector complement, protected infrastructure, or integrator reservation
worker_forbidden	exact	NumStability/Source/Higham/Chapter10/Section04/PositiveDefiniteSymmetricPart.lean	primary-human	selector complement, protected infrastructure, or integrator reservation
worker_forbidden	exact	NumStability/Source/Higham/Chapter10/Section04/PositiveDefiniteSymmetricPart/Endpoints.lean	primary-human	selector complement, protected infrastructure, or integrator reservation
worker_forbidden	exact	NumStability/Source/Higham/Chapter10/Section04/PositiveDefiniteSymmetricPart/Equation29.lean	primary-human	selector complement, protected infrastructure, or integrator reservation
worker_forbidden	exact	NumStability/Source/Higham/Chapter10/Section04/PositiveDefiniteSymmetricPart/LUGrowth/Equation29.lean	primary-human	selector complement, protected infrastructure, or integrator reservation
worker_forbidden	exact	NumStability/Source/Higham/Chapter10/Section04/PositiveDefiniteSymmetricPart/SchurStages/Bounds.lean	primary-human	selector complement, protected infrastructure, or integrator reservation
worker_forbidden	exact	NumStability/Source/Higham/Chapter10/Theorem06/RoundedCholesky.lean	primary-human	selector complement, protected infrastructure, or integrator reservation
worker_forbidden	exact	NumStability/Source/Higham/Chapter10/Theorem06/RoundedCholesky/ActualClosure.lean	primary-human	selector complement, protected infrastructure, or integrator reservation
worker_forbidden	exact	NumStability/Source/Higham/Chapter10/Theorem06/RoundedCholesky/Endpoints.lean	primary-human	selector complement, protected infrastructure, or integrator reservation
worker_forbidden	exact	NumStability/Source/Higham/Chapter10/Theorem06/RoundedCholesky/ForwardError/ActualAlgorithm.lean	primary-human	selector complement, protected infrastructure, or integrator reservation
worker_forbidden	exact	NumStability/Source/Higham/Chapter10/Theorem07.lean	primary-human	selector complement, protected infrastructure, or integrator reservation
worker_forbidden	exact	NumStability/Source/Higham/Chapter10/Theorem07/Core/Results.lean	primary-human	selector complement, protected infrastructure, or integrator reservation
worker_forbidden	exact	NumStability/Source/Higham/Chapter10/Theorem07/FailureVacuity.lean	primary-human	selector complement, protected infrastructure, or integrator reservation
worker_forbidden	exact	NumStability/Source/Higham/Chapter10/Theorem07/FailureVacuity/Endpoints.lean	primary-human	selector complement, protected infrastructure, or integrator reservation
worker_forbidden	exact	NumStability/Source/Higham/Chapter10/Theorem07/FailureVacuity/Vacuity.lean	primary-human	selector complement, protected infrastructure, or integrator reservation
worker_forbidden	exact	NumStability/Source/Higham/Chapter10/Theorem07/SuccessThreshold/Factorization.lean	primary-human	selector complement, protected infrastructure, or integrator reservation
worker_forbidden	exact	NumStability/Source/Higham/Chapter10/Theorem08/ComponentwisePerturbation.lean	primary-human	selector complement, protected infrastructure, or integrator reservation
worker_forbidden	exact	NumStability/Source/Higham/Chapter10/Theorem08/ComponentwisePerturbation/Endpoints.lean	primary-human	selector complement, protected infrastructure, or integrator reservation
worker_forbidden	exact	NumStability/Source/Higham/Chapter10/Theorem08/ComponentwisePerturbation/NormalizedResolvent/SourceBound.lean	primary-human	selector complement, protected infrastructure, or integrator reservation
worker_forbidden	exact	NumStability/Source/Higham/Chapter10/Theorem08/ComponentwisePerturbation/Resolvent.lean	primary-human	selector complement, protected infrastructure, or integrator reservation
worker_forbidden	exact	NumStability/Source/Higham/Chapter10/Theorem08/NormwiseDiscrepancy.lean	primary-human	selector complement, protected infrastructure, or integrator reservation
worker_forbidden	exact	NumStability/Source/Higham/Chapter10/Theorem08/NormwiseDiscrepancy/Counterexample/Uniqueness.lean	primary-human	selector complement, protected infrastructure, or integrator reservation
worker_forbidden	exact	NumStability/Source/Higham/Chapter10/Theorem08/NormwiseDiscrepancy/Endpoints.lean	primary-human	selector complement, protected infrastructure, or integrator reservation
worker_forbidden	exact	NumStability/Source/Higham/Chapter10/Theorem08/NormwiseDiscrepancy/LiteralSource.lean	primary-human	selector complement, protected infrastructure, or integrator reservation
worker_forbidden	exact	NumStability/Source/Higham/Chapter10/Theorem14/CompletePivotedPSD.lean	primary-human	selector complement, protected infrastructure, or integrator reservation
worker_forbidden	exact	NumStability/Source/Higham/Chapter10/Theorem14/CompletePivotedPSD/ActualComputation/ErrorBounds.lean	primary-human	selector complement, protected infrastructure, or integrator reservation
worker_forbidden	exact	NumStability/Source/Higham/Chapter10/Theorem14/CompletePivotedPSD/ActualRun.lean	primary-human	selector complement, protected infrastructure, or integrator reservation
worker_forbidden	exact	NumStability/Source/Higham/Chapter10/Theorem14/CompletePivotedPSD/Endpoints.lean	primary-human	selector complement, protected infrastructure, or integrator reservation
worker_forbidden	exact	NumStability/Source/Higham/Chapter10/Theorem14/CompletePivotedPSD/Equation22.lean	primary-human	selector complement, protected infrastructure, or integrator reservation
worker_forbidden	exact	NumStability/Source/Higham/Chapter10/Theorem14/CompletePivotedPSD/PsdErrorAnalysis.lean	primary-human	selector complement, protected infrastructure, or integrator reservation
worker_forbidden	exact	NumStability/Source/Higham/Chapter10/Theorem14/CompletePivotedPSD/RankSensitiveError/Bounds.lean	primary-human	selector complement, protected infrastructure, or integrator reservation
worker_forbidden	exact	NumStability/Source/Higham/Chapter10/Theorem14/CompletePivotedPSD/RoundedErrorAnalysis/Bounds.lean	primary-human	selector complement, protected infrastructure, or integrator reservation
worker_forbidden	exact	NumStability/Source/Higham/Chapter10/Theorem14/CompletePivotedPSD/SchurPerturbation/Family.lean	primary-human	selector complement, protected infrastructure, or integrator reservation
worker_forbidden	exact	NumStability/Source/Higham/Chapter10/Theorem14/CompletePivotedPSD/SourceError.lean	primary-human	selector complement, protected infrastructure, or integrator reservation
worker_forbidden	exact	NumStability/Source/Higham/Chapter10/Theorem14/CompletePivotedPSD/SourceSuccess.lean	primary-human	selector complement, protected infrastructure, or integrator reservation
worker_forbidden	exact	NumStability/Source/Higham/Chapter10/Theorem14/CompletePivotedPSD/SuccessfulRun/StageBounds.lean	primary-human	selector complement, protected infrastructure, or integrator reservation
worker_forbidden	exact	NumStability/Source/Higham/Chapter11.lean	primary-human	selector complement, protected infrastructure, or integrator reservation
worker_forbidden	exact	NumStability/Source/Higham/Chapter11/Aasen118Reduced.lean	primary-human	selector complement, protected infrastructure, or integrator reservation
worker_forbidden	exact	NumStability/Source/Higham/Chapter11/AasenAdjacentPivotOperationalMiddle.lean	primary-human	selector complement, protected infrastructure, or integrator reservation
worker_forbidden	exact	NumStability/Source/Higham/Chapter11/AasenAdjacentPivotResidualDomain.lean	primary-human	selector complement, protected infrastructure, or integrator reservation
worker_forbidden	exact	NumStability/Source/Higham/Chapter11/AasenAdjacentPivotSourceResidual.lean	primary-human	selector complement, protected infrastructure, or integrator reservation
worker_forbidden	exact	NumStability/Source/Higham/Chapter11/AasenAdjacentPivotTridiagExecutor.lean	primary-human	selector complement, protected infrastructure, or integrator reservation
worker_forbidden	exact	NumStability/Source/Higham/Chapter11/AasenAdjacentPivotTridiagForwardCounterexample.lean	primary-human	selector complement, protected infrastructure, or integrator reservation
worker_forbidden	exact	NumStability/Source/Higham/Chapter11/AasenDirect118.lean	primary-human	selector complement, protected infrastructure, or integrator reservation
worker_forbidden	exact	NumStability/Source/Higham/Chapter11/AasenDirectTridiagGEPPSolve.lean	primary-human	selector complement, protected infrastructure, or integrator reservation
worker_forbidden	exact	NumStability/Source/Higham/Chapter11/AasenFactorNorm.lean	primary-human	selector complement, protected infrastructure, or integrator reservation
worker_forbidden	exact	NumStability/Source/Higham/Chapter11/AasenGrowth.lean	primary-human	selector complement, protected infrastructure, or integrator reservation
worker_forbidden	exact	NumStability/Source/Higham/Chapter11/AasenMiddleGEPPCh11Counterexample.lean	primary-human	selector complement, protected infrastructure, or integrator reservation
worker_forbidden	exact	NumStability/Source/Higham/Chapter11/AasenOriginalCoordinateCorrection.lean	primary-human	selector complement, protected infrastructure, or integrator reservation
worker_forbidden	exact	NumStability/Source/Higham/Chapter11/AasenPermutationSourceCorrection.lean	primary-human	selector complement, protected infrastructure, or integrator reservation
worker_forbidden	exact	NumStability/Source/Higham/Chapter11/AasenPrintedCoefficientAlgebra.lean	primary-human	selector complement, protected infrastructure, or integrator reservation
worker_forbidden	exact	NumStability/Source/Higham/Chapter11/AasenSourceSharpFactorResidual.lean	primary-human	selector complement, protected infrastructure, or integrator reservation
worker_forbidden	exact	NumStability/Source/Higham/Chapter11/AasenTheorem118ScalarEdge.lean	primary-human	selector complement, protected infrastructure, or integrator reservation
worker_forbidden	exact	NumStability/Source/Higham/Chapter11/AasenTridiagGEPP.lean	primary-human	selector complement, protected infrastructure, or integrator reservation
worker_forbidden	exact	NumStability/Source/Higham/Chapter11/AasenUnitOuterSolve.lean	primary-human	selector complement, protected infrastructure, or integrator reservation
worker_forbidden	exact	NumStability/Source/Higham/Chapter11/BlockLDLTAllOneByOnePrinted.lean	primary-human	selector complement, protected infrastructure, or integrator reservation
worker_forbidden	exact	NumStability/Source/Higham/Chapter11/BlockLDLTBunchTridiagonal.lean	primary-human	selector complement, protected infrastructure, or integrator reservation
worker_forbidden	exact	NumStability/Source/Higham/Chapter11/BlockLDLTMixedPivot.lean	primary-human	selector complement, protected infrastructure, or integrator reservation
worker_forbidden	exact	NumStability/Source/Higham/Chapter11/BlockLDLTSolveBackward.lean	primary-human	selector complement, protected infrastructure, or integrator reservation
worker_forbidden	exact	NumStability/Source/Higham/Chapter11/Bunch/ActualSharpGrowthClosure.lean	primary-human	selector complement, protected infrastructure, or integrator reservation
worker_forbidden	exact	NumStability/Source/Higham/Chapter11/Bunch/ExactTrace.lean	primary-human	selector complement, protected infrastructure, or integrator reservation
worker_forbidden	exact	NumStability/Source/Higham/Chapter11/Bunch/SharpGrowthBridge.lean	primary-human	selector complement, protected infrastructure, or integrator reservation
worker_forbidden	exact	NumStability/Source/Higham/Chapter11/Bunch/TraceHadamard.lean	primary-human	selector complement, protected infrastructure, or integrator reservation
worker_forbidden	exact	NumStability/Source/Higham/Chapter11/BunchKaufman/ActualSelector.lean	primary-human	selector complement, protected infrastructure, or integrator reservation
worker_forbidden	exact	NumStability/Source/Higham/Chapter11/BunchKaufman/Exact/Growth.lean	primary-human	selector complement, protected infrastructure, or integrator reservation
worker_forbidden	exact	NumStability/Source/Higham/Chapter11/BunchKaufman/Exact/GrowthArithmetic.lean	primary-human	selector complement, protected infrastructure, or integrator reservation
worker_forbidden	exact	NumStability/Source/Higham/Chapter11/BunchKaufman/Exact/Trace.lean	primary-human	selector complement, protected infrastructure, or integrator reservation
worker_forbidden	exact	NumStability/Source/Higham/Chapter11/BunchKaufman/ExplicitInverse/Solve.lean	primary-human	selector complement, protected infrastructure, or integrator reservation
worker_forbidden	exact	NumStability/Source/Higham/Chapter11/BunchKaufman/ExplicitInverse/TerminalClosedForm.lean	primary-human	selector complement, protected infrastructure, or integrator reservation
worker_forbidden	exact	NumStability/Source/Higham/Chapter11/BunchKaufman/Rounded/Accumulated.lean	primary-human	selector complement, protected infrastructure, or integrator reservation
worker_forbidden	exact	NumStability/Source/Higham/Chapter11/BunchKaufman/Rounded/Bridge.lean	primary-human	selector complement, protected infrastructure, or integrator reservation
worker_forbidden	exact	NumStability/Source/Higham/Chapter11/BunchKaufman/Rounded/Closure.lean	primary-human	selector complement, protected infrastructure, or integrator reservation
worker_forbidden	exact	NumStability/Source/Higham/Chapter11/BunchKaufman/Rounded/Execution.lean	primary-human	selector complement, protected infrastructure, or integrator reservation
worker_forbidden	exact	NumStability/Source/Higham/Chapter11/BunchKaufman/Rounded/Factors.lean	primary-human	selector complement, protected infrastructure, or integrator reservation
worker_forbidden	exact	NumStability/Source/Higham/Chapter11/BunchKaufman/Rounded/Global.lean	primary-human	selector complement, protected infrastructure, or integrator reservation
worker_forbidden	exact	NumStability/Source/Higham/Chapter11/BunchKaufman/Rounded/Growth.lean	primary-human	selector complement, protected infrastructure, or integrator reservation
worker_forbidden	exact	NumStability/Source/Higham/Chapter11/BunchKaufman/Rounded/GrowthSolve.lean	primary-human	selector complement, protected infrastructure, or integrator reservation
worker_forbidden	exact	NumStability/Source/Higham/Chapter11/BunchKaufman/Rounded/MiddleSolve.lean	primary-human	selector complement, protected infrastructure, or integrator reservation
worker_forbidden	exact	NumStability/Source/Higham/Chapter11/BunchKaufman/Rounded/Solve.lean	primary-human	selector complement, protected infrastructure, or integrator reservation
worker_forbidden	exact	NumStability/Source/Higham/Chapter11/BunchKaufman/Rounded/Terminal.lean	primary-human	selector complement, protected infrastructure, or integrator reservation
worker_forbidden	exact	NumStability/Source/Higham/Chapter11/BunchKaufman/Rounded/TerminalClosedForm.lean	primary-human	selector complement, protected infrastructure, or integrator reservation
worker_forbidden	exact	NumStability/Source/Higham/Chapter11/BunchKaufman/SourceCorrection.lean	primary-human	selector complement, protected infrastructure, or integrator reservation
worker_forbidden	exact	NumStability/Source/Higham/Chapter11/BunchKaufmanSolve.lean	primary-human	selector complement, protected infrastructure, or integrator reservation
worker_forbidden	exact	NumStability/Source/Higham/Chapter11/BunchTridiagonalActualSolve.lean	primary-human	selector complement, protected infrastructure, or integrator reservation
worker_forbidden	exact	NumStability/Source/Higham/Chapter11/BunchTridiagonalHFactor.lean	primary-human	selector complement, protected infrastructure, or integrator reservation
worker_forbidden	exact	NumStability/Source/Higham/Chapter11/Higham11BunchActualSharpGrowthClosure.lean	primary-human	selector complement, protected infrastructure, or integrator reservation
worker_forbidden	exact	NumStability/Source/Higham/Chapter11/Higham11BunchExactTrace.lean	primary-human	selector complement, protected infrastructure, or integrator reservation
worker_forbidden	exact	NumStability/Source/Higham/Chapter11/Higham11BunchKaufmanActualSelector.lean	primary-human	selector complement, protected infrastructure, or integrator reservation
worker_forbidden	exact	NumStability/Source/Higham/Chapter11/Higham11BunchKaufmanExactGrowth.lean	primary-human	selector complement, protected infrastructure, or integrator reservation
worker_forbidden	exact	NumStability/Source/Higham/Chapter11/Higham11BunchKaufmanExactGrowthArithmetic.lean	primary-human	selector complement, protected infrastructure, or integrator reservation
worker_forbidden	exact	NumStability/Source/Higham/Chapter11/Higham11BunchKaufmanExactTrace.lean	primary-human	selector complement, protected infrastructure, or integrator reservation
worker_forbidden	exact	NumStability/Source/Higham/Chapter11/Higham11BunchKaufmanExplicitInverseSolve.lean	primary-human	selector complement, protected infrastructure, or integrator reservation
worker_forbidden	exact	NumStability/Source/Higham/Chapter11/Higham11BunchKaufmanExplicitInverseTerminalClosedForm.lean	primary-human	selector complement, protected infrastructure, or integrator reservation
worker_forbidden	exact	NumStability/Source/Higham/Chapter11/Higham11BunchKaufmanRoundedAccumulated.lean	primary-human	selector complement, protected infrastructure, or integrator reservation
worker_forbidden	exact	NumStability/Source/Higham/Chapter11/Higham11BunchKaufmanRoundedBridge.lean	primary-human	selector complement, protected infrastructure, or integrator reservation
worker_forbidden	exact	NumStability/Source/Higham/Chapter11/Higham11BunchKaufmanRoundedClosure.lean	primary-human	selector complement, protected infrastructure, or integrator reservation
worker_forbidden	exact	NumStability/Source/Higham/Chapter11/Higham11BunchKaufmanRoundedExecution.lean	primary-human	selector complement, protected infrastructure, or integrator reservation
worker_forbidden	exact	NumStability/Source/Higham/Chapter11/Higham11BunchKaufmanRoundedFactors.lean	primary-human	selector complement, protected infrastructure, or integrator reservation
worker_forbidden	exact	NumStability/Source/Higham/Chapter11/Higham11BunchKaufmanRoundedGlobal.lean	primary-human	selector complement, protected infrastructure, or integrator reservation
worker_forbidden	exact	NumStability/Source/Higham/Chapter11/Higham11BunchKaufmanRoundedGrowth.lean	primary-human	selector complement, protected infrastructure, or integrator reservation
worker_forbidden	exact	NumStability/Source/Higham/Chapter11/Higham11BunchKaufmanRoundedGrowthSolve.lean	primary-human	selector complement, protected infrastructure, or integrator reservation
worker_forbidden	exact	NumStability/Source/Higham/Chapter11/Higham11BunchKaufmanRoundedMiddleSolve.lean	primary-human	selector complement, protected infrastructure, or integrator reservation
worker_forbidden	exact	NumStability/Source/Higham/Chapter11/Higham11BunchKaufmanRoundedSolve.lean	primary-human	selector complement, protected infrastructure, or integrator reservation
worker_forbidden	exact	NumStability/Source/Higham/Chapter11/Higham11BunchKaufmanRoundedTerminal.lean	primary-human	selector complement, protected infrastructure, or integrator reservation
worker_forbidden	exact	NumStability/Source/Higham/Chapter11/Higham11BunchKaufmanRoundedTerminalClosedForm.lean	primary-human	selector complement, protected infrastructure, or integrator reservation
worker_forbidden	exact	NumStability/Source/Higham/Chapter11/Higham11BunchKaufmanSourceCorrection.lean	primary-human	selector complement, protected infrastructure, or integrator reservation
worker_forbidden	exact	NumStability/Source/Higham/Chapter11/Higham11BunchSharpGrowthBridge.lean	primary-human	selector complement, protected infrastructure, or integrator reservation
worker_forbidden	exact	NumStability/Source/Higham/Chapter11/Higham11BunchTraceHadamard.lean	primary-human	selector complement, protected infrastructure, or integrator reservation
worker_forbidden	exact	NumStability/Source/Higham/Chapter11/Higham11Chapter9ActualExecutorBridge.lean	primary-human	selector complement, protected infrastructure, or integrator reservation
worker_forbidden	exact	NumStability/Source/Higham/Chapter11/Higham11Chapter9BridgeClosure.lean	primary-human	selector complement, protected infrastructure, or integrator reservation
worker_forbidden	exact	NumStability/Source/Higham/Chapter11/Higham11RookExactTrace.lean	primary-human	selector complement, protected infrastructure, or integrator reservation
worker_forbidden	exact	NumStability/Source/Higham/Chapter11/Higham11RookExecutorAdapter.lean	primary-human	selector complement, protected infrastructure, or integrator reservation
worker_forbidden	exact	NumStability/Source/Higham/Chapter11/Higham11RookRoundedGap.lean	primary-human	selector complement, protected infrastructure, or integrator reservation
worker_forbidden	exact	NumStability/Source/Higham/Chapter11/Higham11RookSourceClosure.lean	primary-human	selector complement, protected infrastructure, or integrator reservation
worker_forbidden	exact	NumStability/Source/Higham/Chapter11/Higham11SkewActualSelector.lean	primary-human	selector complement, protected infrastructure, or integrator reservation
worker_forbidden	exact	NumStability/Source/Higham/Chapter11/Higham11SkewExactTrace.lean	primary-human	selector complement, protected infrastructure, or integrator reservation
worker_forbidden	exact	NumStability/Source/Higham/Chapter11/Higham11SkewSourceCorrection.lean	primary-human	selector complement, protected infrastructure, or integrator reservation
worker_forbidden	exact	NumStability/Source/Higham/Chapter11/Problems.lean	primary-human	selector complement, protected infrastructure, or integrator reservation
worker_forbidden	exact	NumStability/Source/Higham/Chapter11/Rook/ExactTrace.lean	primary-human	selector complement, protected infrastructure, or integrator reservation
worker_forbidden	exact	NumStability/Source/Higham/Chapter11/Rook/ExecutorAdapter.lean	primary-human	selector complement, protected infrastructure, or integrator reservation
worker_forbidden	exact	NumStability/Source/Higham/Chapter11/Rook/RoundedGap.lean	primary-human	selector complement, protected infrastructure, or integrator reservation
worker_forbidden	exact	NumStability/Source/Higham/Chapter11/Rook/SourceClosure.lean	primary-human	selector complement, protected infrastructure, or integrator reservation
worker_forbidden	exact	NumStability/Source/Higham/Chapter11/Section01/Basic.lean	primary-human	selector complement, protected infrastructure, or integrator reservation
worker_forbidden	exact	NumStability/Source/Higham/Chapter11/Section01/CompletePivoting.lean	primary-human	selector complement, protected infrastructure, or integrator reservation
worker_forbidden	exact	NumStability/Source/Higham/Chapter11/Section01/PartialPivoting.lean	primary-human	selector complement, protected infrastructure, or integrator reservation
worker_forbidden	exact	NumStability/Source/Higham/Chapter11/Section01/RookPivoting.lean	primary-human	selector complement, protected infrastructure, or integrator reservation
worker_forbidden	exact	NumStability/Source/Higham/Chapter11/Section01/Tridiagonal.lean	primary-human	selector complement, protected infrastructure, or integrator reservation
worker_forbidden	exact	NumStability/Source/Higham/Chapter11/Section02/Aasen.lean	primary-human	selector complement, protected infrastructure, or integrator reservation
worker_forbidden	exact	NumStability/Source/Higham/Chapter11/Section03/SkewSymmetric.lean	primary-human	selector complement, protected infrastructure, or integrator reservation
worker_forbidden	exact	NumStability/Source/Higham/Chapter11/Skew/ActualSelector.lean	primary-human	selector complement, protected infrastructure, or integrator reservation
worker_forbidden	exact	NumStability/Source/Higham/Chapter11/Skew/ExactTrace.lean	primary-human	selector complement, protected infrastructure, or integrator reservation
worker_forbidden	exact	NumStability/Source/Higham/Chapter11/Skew/SourceCorrection.lean	primary-human	selector complement, protected infrastructure, or integrator reservation
worker_forbidden	exact	NumStability/Source/Higham/Chapter11/Theorem07.lean	primary-human	selector complement, protected infrastructure, or integrator reservation
worker_forbidden	exact	NumStability/Source/Higham/Chapter11/Theorem07/Core/Results.lean	primary-human	selector complement, protected infrastructure, or integrator reservation
worker_forbidden	exact	NumStability/Source/Higham/Chapter11/Theorem07/TridiagonalTwoByTwoResidual.lean	primary-human	selector complement, protected infrastructure, or integrator reservation
worker_forbidden	exact	NumStability/Source/Higham/Chapter11/Theorem07/TridiagonalTwoByTwoResidual/Basic.lean	primary-human	selector complement, protected infrastructure, or integrator reservation
worker_forbidden	exact	NumStability/Source/Higham/Chapter11/TwoByTwoSchurStep.lean	primary-human	selector complement, protected infrastructure, or integrator reservation
worker_forbidden	exact	NumStability/Source/Higham/Chapter12.lean	primary-human	selector complement, protected infrastructure, or integrator reservation
worker_forbidden	exact	NumStability/Source/Higham/Chapter12/IterativeRefinement.lean	primary-human	selector complement, protected infrastructure, or integrator reservation
worker_forbidden	exact	NumStability/Source/Higham/Chapter12/IterativeRefinement/All.lean	primary-human	selector complement, protected infrastructure, or integrator reservation
worker_forbidden	exact	NumStability/Source/Higham/Chapter12/IterativeRefinement/Chapter12Bounds.lean	primary-human	selector complement, protected infrastructure, or integrator reservation
worker_forbidden	exact	NumStability/Source/Higham/Chapter12/IterativeRefinement/ForwardErrorBounds/Results.lean	primary-human	selector complement, protected infrastructure, or integrator reservation
worker_forbidden	exact	NumStability/Source/Higham/Chapter12/IterativeRefinement/LegacyChapter11Surface.lean	primary-human	selector complement, protected infrastructure, or integrator reservation
worker_forbidden	exact	NumStability/Source/Higham/Chapter12/IterativeRefinement/Results/Theorems.lean	primary-human	selector complement, protected infrastructure, or integrator reservation
worker_forbidden	exact	NumStability/Source/Higham/Chapter12/OmegaDiscontinuity.lean	primary-human	selector complement, protected infrastructure, or integrator reservation
worker_forbidden	exact	NumStability/Source/Higham/Chapter12/Problem02.lean	primary-human	selector complement, protected infrastructure, or integrator reservation
worker_forbidden	exact	NumStability/Source/Higham/Chapter13.lean	primary-human	selector complement, protected infrastructure, or integrator reservation
worker_forbidden	exact	NumStability/Source/Higham/Chapter13/Algorithm01.lean	primary-human	selector complement, protected infrastructure, or integrator reservation
worker_forbidden	exact	NumStability/Source/Higham/Chapter13/Algorithm03.lean	primary-human	selector complement, protected infrastructure, or integrator reservation
worker_forbidden	exact	NumStability/Source/Higham/Chapter13/Algorithm04.lean	primary-human	selector complement, protected infrastructure, or integrator reservation
worker_forbidden	exact	NumStability/Source/Higham/Chapter13/BlockLU.lean	primary-human	selector complement, protected infrastructure, or integrator reservation
worker_forbidden	exact	NumStability/Source/Higham/Chapter13/DemmelSharpMultiplier.lean	primary-human	selector complement, protected infrastructure, or integrator reservation
worker_forbidden	exact	NumStability/Source/Higham/Chapter13/Equation01.lean	primary-human	selector complement, protected infrastructure, or integrator reservation
worker_forbidden	exact	NumStability/Source/Higham/Chapter13/Equation02.lean	primary-human	selector complement, protected infrastructure, or integrator reservation
worker_forbidden	exact	NumStability/Source/Higham/Chapter13/Equation03.lean	primary-human	selector complement, protected infrastructure, or integrator reservation
worker_forbidden	exact	NumStability/Source/Higham/Chapter13/Equation18.lean	primary-human	selector complement, protected infrastructure, or integrator reservation
worker_forbidden	exact	NumStability/Source/Higham/Chapter13/Equation19.lean	primary-human	selector complement, protected infrastructure, or integrator reservation
worker_forbidden	exact	NumStability/Source/Higham/Chapter13/Equation20.lean	primary-human	selector complement, protected infrastructure, or integrator reservation
worker_forbidden	exact	NumStability/Source/Higham/Chapter13/Equation21.lean	primary-human	selector complement, protected infrastructure, or integrator reservation
worker_forbidden	exact	NumStability/Source/Higham/Chapter13/Equation22.lean	primary-human	selector complement, protected infrastructure, or integrator reservation
worker_forbidden	exact	NumStability/Source/Higham/Chapter13/Equation23.lean	primary-human	selector complement, protected infrastructure, or integrator reservation
worker_forbidden	exact	NumStability/Source/Higham/Chapter13/Equation23/PointRowGrowth.lean	primary-human	selector complement, protected infrastructure, or integrator reservation
worker_forbidden	exact	NumStability/Source/Higham/Chapter13/Equation23/ProductBounds/PointRow.lean	primary-human	selector complement, protected infrastructure, or integrator reservation
worker_forbidden	exact	NumStability/Source/Higham/Chapter13/Equation24.lean	primary-human	selector complement, protected infrastructure, or integrator reservation
worker_forbidden	exact	NumStability/Source/Higham/Chapter13/Equation25.lean	primary-human	selector complement, protected infrastructure, or integrator reservation
worker_forbidden	exact	NumStability/Source/Higham/Chapter13/Equation25/BackwardError/Bounds.lean	primary-human	selector complement, protected infrastructure, or integrator reservation
worker_forbidden	exact	NumStability/Source/Higham/Chapter13/Equation25/Factorization.lean	primary-human	selector complement, protected infrastructure, or integrator reservation
worker_forbidden	exact	NumStability/Source/Higham/Chapter13/Equation25/Families.lean	primary-human	selector complement, protected infrastructure, or integrator reservation
worker_forbidden	exact	NumStability/Source/Higham/Chapter13/Equation25/PartitionedComputation/Implementation1.lean	primary-human	selector complement, protected infrastructure, or integrator reservation
worker_forbidden	exact	NumStability/Source/Higham/Chapter13/Equation26.lean	primary-human	selector complement, protected infrastructure, or integrator reservation
worker_forbidden	exact	NumStability/Source/Higham/Chapter13/Lemma09.lean	primary-human	selector complement, protected infrastructure, or integrator reservation
worker_forbidden	exact	NumStability/Source/Higham/Chapter13/Lemma10.lean	primary-human	selector complement, protected infrastructure, or integrator reservation
worker_forbidden	exact	NumStability/Source/Higham/Chapter13/Lemma10/ConditionNumber.lean	primary-human	selector complement, protected infrastructure, or integrator reservation
worker_forbidden	exact	NumStability/Source/Higham/Chapter13/Lemma10/SchurComplement.lean	primary-human	selector complement, protected infrastructure, or integrator reservation
worker_forbidden	exact	NumStability/Source/Higham/Chapter13/Problem01.lean	primary-human	selector complement, protected infrastructure, or integrator reservation
worker_forbidden	exact	NumStability/Source/Higham/Chapter13/Problem02.lean	primary-human	selector complement, protected infrastructure, or integrator reservation
worker_forbidden	exact	NumStability/Source/Higham/Chapter13/Problem03.lean	primary-human	selector complement, protected infrastructure, or integrator reservation
worker_forbidden	exact	NumStability/Source/Higham/Chapter13/Problem04.lean	primary-human	selector complement, protected infrastructure, or integrator reservation
worker_forbidden	exact	NumStability/Source/Higham/Chapter13/Problem04/ActiveStageBounds.lean	primary-human	selector complement, protected infrastructure, or integrator reservation
worker_forbidden	exact	NumStability/Source/Higham/Chapter13/Problem04/ActiveStageProducts.lean	primary-human	selector complement, protected infrastructure, or integrator reservation
worker_forbidden	exact	NumStability/Source/Higham/Chapter13/Problem04/ActiveTailProducts.lean	primary-human	selector complement, protected infrastructure, or integrator reservation
worker_forbidden	exact	NumStability/Source/Higham/Chapter13/Problem04/BlockInverseBounds.lean	primary-human	selector complement, protected infrastructure, or integrator reservation
worker_forbidden	exact	NumStability/Source/Higham/Chapter13/Problem04/ComparisonChains.lean	primary-human	selector complement, protected infrastructure, or integrator reservation
worker_forbidden	exact	NumStability/Source/Higham/Chapter13/Problem04/DeterminantChainProducts.lean	primary-human	selector complement, protected infrastructure, or integrator reservation
worker_forbidden	exact	NumStability/Source/Higham/Chapter13/Problem04/FactorizationExistence.lean	primary-human	selector complement, protected infrastructure, or integrator reservation
worker_forbidden	exact	NumStability/Source/Higham/Chapter13/Problem04/FactorizationProducts.lean	primary-human	selector complement, protected infrastructure, or integrator reservation
worker_forbidden	exact	NumStability/Source/Higham/Chapter13/Problem04/FactorizationProducts/ComparisonUpdates.lean	primary-human	selector complement, protected infrastructure, or integrator reservation
worker_forbidden	exact	NumStability/Source/Higham/Chapter13/Problem04/FactorizationProducts/DeterminantBounds.lean	primary-human	selector complement, protected infrastructure, or integrator reservation
worker_forbidden	exact	NumStability/Source/Higham/Chapter13/Problem04/FactorizationProducts/InverseBounds.lean	primary-human	selector complement, protected infrastructure, or integrator reservation
worker_forbidden	exact	NumStability/Source/Higham/Chapter13/Problem04/FactorizationProducts/LocalComparisons.lean	primary-human	selector complement, protected infrastructure, or integrator reservation
worker_forbidden	exact	NumStability/Source/Higham/Chapter13/Problem04/FactorizationProducts/LowerBlockBudgets.lean	primary-human	selector complement, protected infrastructure, or integrator reservation
worker_forbidden	exact	NumStability/Source/Higham/Chapter13/Problem04/GlobalTableauChain.lean	primary-human	selector complement, protected infrastructure, or integrator reservation
worker_forbidden	exact	NumStability/Source/Higham/Chapter13/Problem04/GlobalTableauGrowth.lean	primary-human	selector complement, protected infrastructure, or integrator reservation
worker_forbidden	exact	NumStability/Source/Higham/Chapter13/Problem04/GlobalTableauProducts.lean	primary-human	selector complement, protected infrastructure, or integrator reservation
worker_forbidden	exact	NumStability/Source/Higham/Chapter13/Problem04/GlobalTableauProducts/ActiveSuffix.lean	primary-human	selector complement, protected infrastructure, or integrator reservation
worker_forbidden	exact	NumStability/Source/Higham/Chapter13/Problem04/GlobalTableauProducts/DiagonalUpdate.lean	primary-human	selector complement, protected infrastructure, or integrator reservation
worker_forbidden	exact	NumStability/Source/Higham/Chapter13/Problem04/GlobalTableauProducts/TailChain.lean	primary-human	selector complement, protected infrastructure, or integrator reservation
worker_forbidden	exact	NumStability/Source/Higham/Chapter13/Problem04/HistoryEnvelope.lean	primary-human	selector complement, protected infrastructure, or integrator reservation
worker_forbidden	exact	NumStability/Source/Higham/Chapter13/Problem04/InfNormGrowth.lean	primary-human	selector complement, protected infrastructure, or integrator reservation
worker_forbidden	exact	NumStability/Source/Higham/Chapter13/Problem04/InverseRatioChain.lean	primary-human	selector complement, protected infrastructure, or integrator reservation
worker_forbidden	exact	NumStability/Source/Higham/Chapter13/Problem04/LocalGrowth.lean	primary-human	selector complement, protected infrastructure, or integrator reservation
worker_forbidden	exact	NumStability/Source/Higham/Chapter13/Problem04/LocalNormBounds.lean	primary-human	selector complement, protected infrastructure, or integrator reservation
worker_forbidden	exact	NumStability/Source/Higham/Chapter13/Problem04/LowerComparisonChain.lean	primary-human	selector complement, protected infrastructure, or integrator reservation
worker_forbidden	exact	NumStability/Source/Higham/Chapter13/Problem04/MatrixStageHistory.lean	primary-human	selector complement, protected infrastructure, or integrator reservation
worker_forbidden	exact	NumStability/Source/Higham/Chapter13/Problem04/MatrixStages.lean	primary-human	selector complement, protected infrastructure, or integrator reservation
worker_forbidden	exact	NumStability/Source/Higham/Chapter13/Problem04/OneStepProducts.lean	primary-human	selector complement, protected infrastructure, or integrator reservation
worker_forbidden	exact	NumStability/Source/Higham/Chapter13/Problem04/ProductBounds.lean	primary-human	selector complement, protected infrastructure, or integrator reservation
worker_forbidden	exact	NumStability/Source/Higham/Chapter13/Problem04/RecursiveBudgetChains.lean	primary-human	selector complement, protected infrastructure, or integrator reservation
worker_forbidden	exact	NumStability/Source/Higham/Chapter13/Problem04/ScalarGrowthBridge.lean	primary-human	selector complement, protected infrastructure, or integrator reservation
worker_forbidden	exact	NumStability/Source/Higham/Chapter13/Problem04/StageHistory.lean	primary-human	selector complement, protected infrastructure, or integrator reservation
worker_forbidden	exact	NumStability/Source/Higham/Chapter13/Problem05.lean	primary-human	selector complement, protected infrastructure, or integrator reservation
worker_forbidden	exact	NumStability/Source/Higham/Chapter13/Problem06.lean	primary-human	selector complement, protected infrastructure, or integrator reservation
worker_forbidden	exact	NumStability/Source/Higham/Chapter13/Problem07.lean	primary-human	selector complement, protected infrastructure, or integrator reservation
worker_forbidden	exact	NumStability/Source/Higham/Chapter13/Problem08.lean	primary-human	selector complement, protected infrastructure, or integrator reservation
worker_forbidden	exact	NumStability/Source/Higham/Chapter13/Problem09.lean	primary-human	selector complement, protected infrastructure, or integrator reservation
worker_forbidden	exact	NumStability/Source/Higham/Chapter13/Section01.lean	primary-human	selector complement, protected infrastructure, or integrator reservation
worker_forbidden	exact	NumStability/Source/Higham/Chapter13/Section01/NormConventions.lean	primary-human	selector complement, protected infrastructure, or integrator reservation
worker_forbidden	exact	NumStability/Source/Higham/Chapter13/Section01/OperationModelFamilies.lean	primary-human	selector complement, protected infrastructure, or integrator reservation
worker_forbidden	exact	NumStability/Source/Higham/Chapter13/Section01/OperationModels.lean	primary-human	selector complement, protected infrastructure, or integrator reservation
worker_forbidden	exact	NumStability/Source/Higham/Chapter13/Section01/StandardFactorization.lean	primary-human	selector complement, protected infrastructure, or integrator reservation
worker_forbidden	exact	NumStability/Source/Higham/Chapter13/Section03.lean	primary-human	selector complement, protected infrastructure, or integrator reservation
worker_forbidden	exact	NumStability/Source/Higham/Chapter13/Section03/ArbitraryNormDominance.lean	primary-human	selector complement, protected infrastructure, or integrator reservation
worker_forbidden	exact	NumStability/Source/Higham/Chapter13/Section03/ColumnDominanceClosure.lean	primary-human	selector complement, protected infrastructure, or integrator reservation
worker_forbidden	exact	NumStability/Source/Higham/Chapter13/Section03/RowDominanceClosure.lean	primary-human	selector complement, protected infrastructure, or integrator reservation
worker_forbidden	exact	NumStability/Source/Higham/Chapter13/Section03/SPDFactorBounds.lean	primary-human	selector complement, protected infrastructure, or integrator reservation
worker_forbidden	exact	NumStability/Source/Higham/Chapter13/Section03/SchurStageAnalysis.lean	primary-human	selector complement, protected infrastructure, or integrator reservation
worker_forbidden	exact	NumStability/Source/Higham/Chapter13/Table01.lean	primary-human	selector complement, protected infrastructure, or integrator reservation
worker_forbidden	exact	NumStability/Source/Higham/Chapter13/Table01/BackwardErrorBounds/Endpoints.lean	primary-human	selector complement, protected infrastructure, or integrator reservation
worker_forbidden	exact	NumStability/Source/Higham/Chapter13/Table01/DiagonalDominance/Bounds.lean	primary-human	selector complement, protected infrastructure, or integrator reservation
worker_forbidden	exact	NumStability/Source/Higham/Chapter13/Table01/Families.lean	primary-human	selector complement, protected infrastructure, or integrator reservation
worker_forbidden	exact	NumStability/Source/Higham/Chapter13/Table01/ProductTransfers/Families.lean	primary-human	selector complement, protected infrastructure, or integrator reservation
worker_forbidden	exact	NumStability/Source/Higham/Chapter13/Theorem02.lean	primary-human	selector complement, protected infrastructure, or integrator reservation
worker_forbidden	exact	NumStability/Source/Higham/Chapter13/Theorem02/Factorization.lean	primary-human	selector complement, protected infrastructure, or integrator reservation
worker_forbidden	exact	NumStability/Source/Higham/Chapter13/Theorem02/Uniqueness.lean	primary-human	selector complement, protected infrastructure, or integrator reservation
worker_forbidden	exact	NumStability/Source/Higham/Chapter13/Theorem02/VaryingBlocks.lean	primary-human	selector complement, protected infrastructure, or integrator reservation
worker_forbidden	exact	NumStability/Source/Higham/Chapter13/Theorem05.lean	primary-human	selector complement, protected infrastructure, or integrator reservation
worker_forbidden	exact	NumStability/Source/Higham/Chapter13/Theorem05/ErrorAnalysis.lean	primary-human	selector complement, protected infrastructure, or integrator reservation
worker_forbidden	exact	NumStability/Source/Higham/Chapter13/Theorem05/FamilyErrorAnalysis.lean	primary-human	selector complement, protected infrastructure, or integrator reservation
worker_forbidden	exact	NumStability/Source/Higham/Chapter13/Theorem05/Recurrences.lean	primary-human	selector complement, protected infrastructure, or integrator reservation
worker_forbidden	exact	NumStability/Source/Higham/Chapter13/Theorem06.lean	primary-human	selector complement, protected infrastructure, or integrator reservation
worker_forbidden	exact	NumStability/Source/Higham/Chapter13/Theorem06/AssumptionModel.lean	primary-human	selector complement, protected infrastructure, or integrator reservation
worker_forbidden	exact	NumStability/Source/Higham/Chapter13/Theorem06/Computation.lean	primary-human	selector complement, protected infrastructure, or integrator reservation
worker_forbidden	exact	NumStability/Source/Higham/Chapter13/Theorem06/FactorAndSolve.lean	primary-human	selector complement, protected infrastructure, or integrator reservation
worker_forbidden	exact	NumStability/Source/Higham/Chapter13/Theorem07.lean	primary-human	selector complement, protected infrastructure, or integrator reservation
worker_forbidden	exact	NumStability/Source/Higham/Chapter13/Theorem07/OneStep.lean	primary-human	selector complement, protected infrastructure, or integrator reservation
worker_forbidden	exact	NumStability/Source/Higham/Chapter13/Theorem07/PivotExistence.lean	primary-human	selector complement, protected infrastructure, or integrator reservation
worker_forbidden	exact	NumStability/Source/Higham/Chapter13/Theorem08.lean	primary-human	selector complement, protected infrastructure, or integrator reservation
worker_forbidden	exact	NumStability/Source/Higham/Chapter13/Theorem08/OneStep.lean	primary-human	selector complement, protected infrastructure, or integrator reservation
worker_forbidden	exact	NumStability/Source/Higham/Chapter14.lean	primary-human	selector complement, protected infrastructure, or integrator reservation
worker_forbidden	exact	NumStability/Source/Higham/Chapter14/Algorithm04.lean	primary-human	selector complement, protected infrastructure, or integrator reservation
worker_forbidden	exact	NumStability/Source/Higham/Chapter14/Algorithm04/Accumulation.lean	primary-human	selector complement, protected infrastructure, or integrator reservation
worker_forbidden	exact	NumStability/Source/Higham/Chapter14/Algorithm04/Accumulation/GJESourceAccumulationBridge.lean	primary-human	selector complement, protected infrastructure, or integrator reservation
worker_forbidden	exact	NumStability/Source/Higham/Chapter14/Algorithm04/Accumulation/GaussJordanAccumulation.lean	primary-human	selector complement, protected infrastructure, or integrator reservation
worker_forbidden	exact	NumStability/Source/Higham/Chapter14/Algorithm04/Execution.lean	primary-human	selector complement, protected infrastructure, or integrator reservation
worker_forbidden	exact	NumStability/Source/Higham/Chapter14/Algorithm04/Execution/GJEActualDoolittleAdapter.lean	primary-human	selector complement, protected infrastructure, or integrator reservation
worker_forbidden	exact	NumStability/Source/Higham/Chapter14/Algorithm04/Execution/GJEFinalDivisionClosure.lean	primary-human	selector complement, protected infrastructure, or integrator reservation
worker_forbidden	exact	NumStability/Source/Higham/Chapter14/Algorithm04/Execution/GJEOperationalBridge.lean	primary-human	selector complement, protected infrastructure, or integrator reservation
worker_forbidden	exact	NumStability/Source/Higham/Chapter14/Algorithm04/Execution/GaussJordanSourceClosure.lean	primary-human	selector complement, protected infrastructure, or integrator reservation
worker_forbidden	exact	NumStability/Source/Higham/Chapter14/Algorithm04/FinalDivisionStage/FinalizedErrorFamilies.lean	primary-human	selector complement, protected infrastructure, or integrator reservation
worker_forbidden	exact	NumStability/Source/Higham/Chapter14/Algorithm04/Pivoting.lean	primary-human	selector complement, protected infrastructure, or integrator reservation
worker_forbidden	exact	NumStability/Source/Higham/Chapter14/Algorithm04/Pivoting/GaussJordanPivoting.lean	primary-human	selector complement, protected infrastructure, or integrator reservation
worker_forbidden	exact	NumStability/Source/Higham/Chapter14/Algorithm04/SecondStage.lean	primary-human	selector complement, protected infrastructure, or integrator reservation
worker_forbidden	exact	NumStability/Source/Higham/Chapter14/Algorithm04/SecondStage/GaussJordanQConstruction.lean	primary-human	selector complement, protected infrastructure, or integrator reservation
worker_forbidden	exact	NumStability/Source/Higham/Chapter14/Algorithm04/SecondStage/GaussJordanStep.lean	primary-human	selector complement, protected infrastructure, or integrator reservation
worker_forbidden	exact	NumStability/Source/Higham/Chapter14/Corollary06.lean	primary-human	selector complement, protected infrastructure, or integrator reservation
worker_forbidden	exact	NumStability/Source/Higham/Chapter14/Corollary06/FinalizedRunRegularity/UniformInverseRegularity.lean	primary-human	selector complement, protected infrastructure, or integrator reservation
worker_forbidden	exact	NumStability/Source/Higham/Chapter14/Corollary06/SPD.lean	primary-human	selector complement, protected infrastructure, or integrator reservation
worker_forbidden	exact	NumStability/Source/Higham/Chapter14/Corollary06/SPD/Closure.lean	primary-human	selector complement, protected infrastructure, or integrator reservation
worker_forbidden	exact	NumStability/Source/Higham/Chapter14/Corollary06/SPD/Concrete.lean	primary-human	selector complement, protected infrastructure, or integrator reservation
worker_forbidden	exact	NumStability/Source/Higham/Chapter14/Corollary06/SPD/GaussJordanSPDCorollary.lean	primary-human	selector complement, protected infrastructure, or integrator reservation
worker_forbidden	exact	NumStability/Source/Higham/Chapter14/Corollary06/SPD/SourceClosure.lean	primary-human	selector complement, protected infrastructure, or integrator reservation
worker_forbidden	exact	NumStability/Source/Higham/Chapter14/Corollary06/SPD/UniformInverseBridge.lean	primary-human	selector complement, protected infrastructure, or integrator reservation
worker_forbidden	exact	NumStability/Source/Higham/Chapter14/Corollary07.lean	primary-human	selector complement, protected infrastructure, or integrator reservation
worker_forbidden	exact	NumStability/Source/Higham/Chapter14/Corollary07/DiagonalDominance.lean	primary-human	selector complement, protected infrastructure, or integrator reservation
worker_forbidden	exact	NumStability/Source/Higham/Chapter14/Corollary07/DiagonalDominance/Basic.lean	primary-human	selector complement, protected infrastructure, or integrator reservation
worker_forbidden	exact	NumStability/Source/Higham/Chapter14/Corollary07/DiagonalDominance/Closure.lean	primary-human	selector complement, protected infrastructure, or integrator reservation
worker_forbidden	exact	NumStability/Source/Higham/Chapter14/Corollary07/DiagonalDominance/Concrete.lean	primary-human	selector complement, protected infrastructure, or integrator reservation
worker_forbidden	exact	NumStability/Source/Higham/Chapter14/Corollary07/DiagonalDominance/FinalDivisionFamilyClosure.lean	primary-human	selector complement, protected infrastructure, or integrator reservation
worker_forbidden	exact	NumStability/Source/Higham/Chapter14/Corollary07/DiagonalDominance/SourceClosure.lean	primary-human	selector complement, protected infrastructure, or integrator reservation
worker_forbidden	exact	NumStability/Source/Higham/Chapter14/Corollary07/DiagonalDominance/SourceDomainConstructor.lean	primary-human	selector complement, protected infrastructure, or integrator reservation
worker_forbidden	exact	NumStability/Source/Higham/Chapter14/Corollary07/DiagonalDominance/WeakFamily.lean	primary-human	selector complement, protected infrastructure, or integrator reservation
worker_forbidden	exact	NumStability/Source/Higham/Chapter14/Corollary07/FinalizedRunFamilies/ResidualAndForwardEnvelopes.lean	primary-human	selector complement, protected infrastructure, or integrator reservation
worker_forbidden	exact	NumStability/Source/Higham/Chapter14/Corollary07/PrintedTraceFamilies/ResidualAndForwardEndpoints.lean	primary-human	selector complement, protected infrastructure, or integrator reservation
worker_forbidden	exact	NumStability/Source/Higham/Chapter14/Corollary07/RowDominantCertificates/CumulativeProductBounds.lean	primary-human	selector complement, protected infrastructure, or integrator reservation
worker_forbidden	exact	NumStability/Source/Higham/Chapter14/Corollary07/WeakDominanceFamilies/ResidualAndForwardBounds.lean	primary-human	selector complement, protected infrastructure, or integrator reservation
worker_forbidden	exact	NumStability/Source/Higham/Chapter14/Discrepancies.lean	primary-human	selector complement, protected infrastructure, or integrator reservation
worker_forbidden	exact	NumStability/Source/Higham/Chapter14/Equation34.lean	primary-human	selector complement, protected infrastructure, or integrator reservation
worker_forbidden	exact	NumStability/Source/Higham/Chapter14/Equation34/DeterminantFromLU.lean	primary-human	selector complement, protected infrastructure, or integrator reservation
worker_forbidden	exact	NumStability/Source/Higham/Chapter14/Equation34/DeterminantFromLU/MatrixInversion.lean	primary-human	selector complement, protected infrastructure, or integrator reservation
worker_forbidden	exact	NumStability/Source/Higham/Chapter14/Equation35.lean	primary-human	selector complement, protected infrastructure, or integrator reservation
worker_forbidden	exact	NumStability/Source/Higham/Chapter14/Equation35/HymanBlockFactorization.lean	primary-human	selector complement, protected infrastructure, or integrator reservation
worker_forbidden	exact	NumStability/Source/Higham/Chapter14/Equation35/HymanBlockFactorization/MatrixInversion.lean	primary-human	selector complement, protected infrastructure, or integrator reservation
worker_forbidden	exact	NumStability/Source/Higham/Chapter14/Equation36.lean	primary-human	selector complement, protected infrastructure, or integrator reservation
worker_forbidden	exact	NumStability/Source/Higham/Chapter14/Equation36/HymanDeterminant.lean	primary-human	selector complement, protected infrastructure, or integrator reservation
worker_forbidden	exact	NumStability/Source/Higham/Chapter14/Equation36/HymanDeterminant/MatrixInversion.lean	primary-human	selector complement, protected infrastructure, or integrator reservation
worker_forbidden	exact	NumStability/Source/Higham/Chapter14/Problem02.lean	primary-human	selector complement, protected infrastructure, or integrator reservation
worker_forbidden	exact	NumStability/Source/Higham/Chapter14/Problem02/TriangularInversion.lean	primary-human	selector complement, protected infrastructure, or integrator reservation
worker_forbidden	exact	NumStability/Source/Higham/Chapter14/Problem02/TriangularInversion/Basic.lean	primary-human	selector complement, protected infrastructure, or integrator reservation
worker_forbidden	exact	NumStability/Source/Higham/Chapter14/Problem02/TriangularInversion/Families.lean	primary-human	selector complement, protected infrastructure, or integrator reservation
worker_forbidden	exact	NumStability/Source/Higham/Chapter14/Problem02/TriangularInversion/Method2B.lean	primary-human	selector complement, protected infrastructure, or integrator reservation
worker_forbidden	exact	NumStability/Source/Higham/Chapter14/Problem02/TriangularInversion/TwoBlockFamilies/Derivations.lean	primary-human	selector complement, protected infrastructure, or integrator reservation
worker_forbidden	exact	NumStability/Source/Higham/Chapter14/Problem02/TriangularInversion/TwoBlockFirstOrder/Derivations.lean	primary-human	selector complement, protected infrastructure, or integrator reservation
worker_forbidden	exact	NumStability/Source/Higham/Chapter14/Problem02/TriangularInversion/TwoBlockMethod2B/FirstOrderBound.lean	primary-human	selector complement, protected infrastructure, or integrator reservation
worker_forbidden	exact	NumStability/Source/Higham/Chapter14/Problem03.lean	primary-human	selector complement, protected infrastructure, or integrator reservation
worker_forbidden	exact	NumStability/Source/Higham/Chapter14/Problem03/ResidualComparison.lean	primary-human	selector complement, protected infrastructure, or integrator reservation
worker_forbidden	exact	NumStability/Source/Higham/Chapter14/Problem03/ResidualComparison/MatrixInversion.lean	primary-human	selector complement, protected infrastructure, or integrator reservation
worker_forbidden	exact	NumStability/Source/Higham/Chapter14/Problem04.lean	primary-human	selector complement, protected infrastructure, or integrator reservation
worker_forbidden	exact	NumStability/Source/Higham/Chapter14/Problem04/ResidualCounterexample.lean	primary-human	selector complement, protected infrastructure, or integrator reservation
worker_forbidden	exact	NumStability/Source/Higham/Chapter14/Problem04/ResidualCounterexample/MatrixInversion.lean	primary-human	selector complement, protected infrastructure, or integrator reservation
worker_forbidden	exact	NumStability/Source/Higham/Chapter14/Problem05.lean	primary-human	selector complement, protected infrastructure, or integrator reservation
worker_forbidden	exact	NumStability/Source/Higham/Chapter14/Problem05/InverseBasedSolve.lean	primary-human	selector complement, protected infrastructure, or integrator reservation
worker_forbidden	exact	NumStability/Source/Higham/Chapter14/Problem05/InverseBasedSolve/AsymptoticFamilies.lean	primary-human	selector complement, protected infrastructure, or integrator reservation
worker_forbidden	exact	NumStability/Source/Higham/Chapter14/Problem05/InverseBasedSolve/ForwardErrorEndpoint.lean	primary-human	selector complement, protected infrastructure, or integrator reservation
worker_forbidden	exact	NumStability/Source/Higham/Chapter14/Problem05/InverseBasedSolve/MatrixInversion.lean	primary-human	selector complement, protected infrastructure, or integrator reservation
worker_forbidden	exact	NumStability/Source/Higham/Chapter14/Problem07.lean	primary-human	selector complement, protected infrastructure, or integrator reservation
worker_forbidden	exact	NumStability/Source/Higham/Chapter14/Problem07/OnesVector.lean	primary-human	selector complement, protected infrastructure, or integrator reservation
worker_forbidden	exact	NumStability/Source/Higham/Chapter14/Problem07/OnesVector/MatrixInversion.lean	primary-human	selector complement, protected infrastructure, or integrator reservation
worker_forbidden	exact	NumStability/Source/Higham/Chapter14/Problem08.lean	primary-human	selector complement, protected infrastructure, or integrator reservation
worker_forbidden	exact	NumStability/Source/Higham/Chapter14/Problem08/ComplexInverseRealBlock.lean	primary-human	selector complement, protected infrastructure, or integrator reservation
worker_forbidden	exact	NumStability/Source/Higham/Chapter14/Problem08/ComplexInverseRealBlock/MatrixInversion.lean	primary-human	selector complement, protected infrastructure, or integrator reservation
worker_forbidden	exact	NumStability/Source/Higham/Chapter14/Problem10.lean	primary-human	selector complement, protected infrastructure, or integrator reservation
worker_forbidden	exact	NumStability/Source/Higham/Chapter14/Problem10/EntryPerturbation.lean	primary-human	selector complement, protected infrastructure, or integrator reservation
worker_forbidden	exact	NumStability/Source/Higham/Chapter14/Problem10/EntryPerturbation/MatrixInversion.lean	primary-human	selector complement, protected infrastructure, or integrator reservation
worker_forbidden	exact	NumStability/Source/Higham/Chapter14/Problem11.lean	primary-human	selector complement, protected infrastructure, or integrator reservation
worker_forbidden	exact	NumStability/Source/Higham/Chapter14/Problem11/HadamardCondition.lean	primary-human	selector complement, protected infrastructure, or integrator reservation
worker_forbidden	exact	NumStability/Source/Higham/Chapter14/Problem11/HadamardCondition/MatrixInversion.lean	primary-human	selector complement, protected infrastructure, or integrator reservation
worker_forbidden	exact	NumStability/Source/Higham/Chapter14/Problem12.lean	primary-human	selector complement, protected infrastructure, or integrator reservation
worker_forbidden	exact	NumStability/Source/Higham/Chapter14/Problem12/ConditionNumberExamples/StressAndPeiMatrices.lean	primary-human	selector complement, protected infrastructure, or integrator reservation
worker_forbidden	exact	NumStability/Source/Higham/Chapter14/Problem12/HadamardExamples.lean	primary-human	selector complement, protected infrastructure, or integrator reservation
worker_forbidden	exact	NumStability/Source/Higham/Chapter14/Problem12/HadamardExamples/MatrixInversion.lean	primary-human	selector complement, protected infrastructure, or integrator reservation
worker_forbidden	exact	NumStability/Source/Higham/Chapter14/Problem13.lean	primary-human	selector complement, protected infrastructure, or integrator reservation
worker_forbidden	exact	NumStability/Source/Higham/Chapter14/Problem13/ConditionNumberBounds/UnitRowAndScalarCase.lean	primary-human	selector complement, protected infrastructure, or integrator reservation
worker_forbidden	exact	NumStability/Source/Higham/Chapter14/Problem13/GEJBound.lean	primary-human	selector complement, protected infrastructure, or integrator reservation
worker_forbidden	exact	NumStability/Source/Higham/Chapter14/Problem13/GEJBound/MatrixInversion.lean	primary-human	selector complement, protected infrastructure, or integrator reservation
worker_forbidden	exact	NumStability/Source/Higham/Chapter14/Problem14.lean	primary-human	selector complement, protected infrastructure, or integrator reservation
worker_forbidden	exact	NumStability/Source/Higham/Chapter14/Problem14/FloatingPointDeterminant/HymanBackwardError.lean	primary-human	selector complement, protected infrastructure, or integrator reservation
worker_forbidden	exact	NumStability/Source/Higham/Chapter14/Problem14/HymanDeterminant.lean	primary-human	selector complement, protected infrastructure, or integrator reservation
worker_forbidden	exact	NumStability/Source/Higham/Chapter14/Problem14/HymanDeterminant/MatrixInversion.lean	primary-human	selector complement, protected infrastructure, or integrator reservation
worker_forbidden	exact	NumStability/Source/Higham/Chapter14/Problem15.lean	primary-human	selector complement, protected infrastructure, or integrator reservation
worker_forbidden	exact	NumStability/Source/Higham/Chapter14/Problem15/DeterminantPerturbation.lean	primary-human	selector complement, protected infrastructure, or integrator reservation
worker_forbidden	exact	NumStability/Source/Higham/Chapter14/Problem15/DeterminantPerturbation/MatrixInversion.lean	primary-human	selector complement, protected infrastructure, or integrator reservation
worker_forbidden	exact	NumStability/Source/Higham/Chapter14/Problem15/SingularValueGuards/DeterminantSignAndRelativeBounds.lean	primary-human	selector complement, protected infrastructure, or integrator reservation
worker_forbidden	exact	NumStability/Source/Higham/Chapter14/Section01.lean	primary-human	selector complement, protected infrastructure, or integrator reservation
worker_forbidden	exact	NumStability/Source/Higham/Chapter14/Section01/InverseErrorAnalysis.lean	primary-human	selector complement, protected infrastructure, or integrator reservation
worker_forbidden	exact	NumStability/Source/Higham/Chapter14/Section01/InverseErrorAnalysis/AsymptoticFamilies.lean	primary-human	selector complement, protected infrastructure, or integrator reservation
worker_forbidden	exact	NumStability/Source/Higham/Chapter14/Section01/InverseErrorAnalysis/ComposedCoefficientFamilies/RemainderAsymptotics.lean	primary-human	selector complement, protected infrastructure, or integrator reservation
worker_forbidden	exact	NumStability/Source/Higham/Chapter14/Section01/InverseErrorAnalysis/ForwardErrorEndpoint.lean	primary-human	selector complement, protected infrastructure, or integrator reservation
worker_forbidden	exact	NumStability/Source/Higham/Chapter14/Section01/InverseErrorAnalysis/MatrixInversion.lean	primary-human	selector complement, protected infrastructure, or integrator reservation
worker_forbidden	exact	NumStability/Source/Higham/Chapter14/Section01/InverseErrorAnalysis/ScaledPerturbationEndpoints/ForwardError.lean	primary-human	selector complement, protected infrastructure, or integrator reservation
worker_forbidden	exact	NumStability/Source/Higham/Chapter14/Section01/ProductErrorNotation.lean	primary-human	selector complement, protected infrastructure, or integrator reservation
worker_forbidden	exact	NumStability/Source/Higham/Chapter14/Section01/ProductErrorNotation/ProductErrorNotation.lean	primary-human	selector complement, protected infrastructure, or integrator reservation
worker_forbidden	exact	NumStability/Source/Higham/Chapter14/Section02.lean	primary-human	selector complement, protected infrastructure, or integrator reservation
worker_forbidden	exact	NumStability/Source/Higham/Chapter14/Section02/TriangularInversion.lean	primary-human	selector complement, protected infrastructure, or integrator reservation
worker_forbidden	exact	NumStability/Source/Higham/Chapter14/Section02/TriangularInversion/Method1.lean	primary-human	selector complement, protected infrastructure, or integrator reservation
worker_forbidden	exact	NumStability/Source/Higham/Chapter14/Section02/TriangularInversion/Method1/AsymptoticFamilies.lean	primary-human	selector complement, protected infrastructure, or integrator reservation
worker_forbidden	exact	NumStability/Source/Higham/Chapter14/Section02/TriangularInversion/Method1/ForwardErrorEndpoint.lean	primary-human	selector complement, protected infrastructure, or integrator reservation
worker_forbidden	exact	NumStability/Source/Higham/Chapter14/Section02/TriangularInversion/Method1B.lean	primary-human	selector complement, protected infrastructure, or integrator reservation
worker_forbidden	exact	NumStability/Source/Higham/Chapter14/Section02/TriangularInversion/Method1B/BlockResidual/WholeMatrixBounds.lean	primary-human	selector complement, protected infrastructure, or integrator reservation
worker_forbidden	exact	NumStability/Source/Higham/Chapter14/Section02/TriangularInversion/Method1B/BlockTriInverse.lean	primary-human	selector complement, protected infrastructure, or integrator reservation
worker_forbidden	exact	NumStability/Source/Higham/Chapter14/Section02/TriangularInversion/Method1B/Method1BWhole.lean	primary-human	selector complement, protected infrastructure, or integrator reservation
worker_forbidden	exact	NumStability/Source/Higham/Chapter14/Section02/TriangularInversion/Method2.lean	primary-human	selector complement, protected infrastructure, or integrator reservation
worker_forbidden	exact	NumStability/Source/Higham/Chapter14/Section02/TriangularInversion/Method2/Method2Loop.lean	primary-human	selector complement, protected infrastructure, or integrator reservation
worker_forbidden	exact	NumStability/Source/Higham/Chapter14/Section02/TriangularInversion/Method2B.lean	primary-human	selector complement, protected infrastructure, or integrator reservation
worker_forbidden	exact	NumStability/Source/Higham/Chapter14/Section02/TriangularInversion/Method2B/MatrixInversion.lean	primary-human	selector complement, protected infrastructure, or integrator reservation
worker_forbidden	exact	NumStability/Source/Higham/Chapter14/Section02/TriangularInversion/Method2B/MatrixInversionMethod2BInstance.lean	primary-human	selector complement, protected infrastructure, or integrator reservation
worker_forbidden	exact	NumStability/Source/Higham/Chapter14/Section02/TriangularInversion/Method2C.lean	primary-human	selector complement, protected infrastructure, or integrator reservation
worker_forbidden	exact	NumStability/Source/Higham/Chapter14/Section02/TriangularInversion/Method2C/BlockResidual/LeftResidualBounds.lean	primary-human	selector complement, protected infrastructure, or integrator reservation
worker_forbidden	exact	NumStability/Source/Higham/Chapter14/Section02/TriangularInversion/Method2C/Method2C.lean	primary-human	selector complement, protected infrastructure, or integrator reservation
worker_forbidden	exact	NumStability/Source/Higham/Chapter14/Section02/TriangularInversion/Method2C/Method2CWhole.lean	primary-human	selector complement, protected infrastructure, or integrator reservation
worker_forbidden	exact	NumStability/Source/Higham/Chapter14/Section02/TriangularInversion/Method2C/WholeMatrixResidual/LeftResidualBounds.lean	primary-human	selector complement, protected infrastructure, or integrator reservation
worker_forbidden	exact	NumStability/Source/Higham/Chapter14/Section03.lean	primary-human	selector complement, protected infrastructure, or integrator reservation
worker_forbidden	exact	NumStability/Source/Higham/Chapter14/Section03/LUFactorInversion.lean	primary-human	selector complement, protected infrastructure, or integrator reservation
worker_forbidden	exact	NumStability/Source/Higham/Chapter14/Section03/LUFactorInversion/MethodB.lean	primary-human	selector complement, protected infrastructure, or integrator reservation
worker_forbidden	exact	NumStability/Source/Higham/Chapter14/Section03/LUFactorInversion/MethodB/MethodsBC.lean	primary-human	selector complement, protected infrastructure, or integrator reservation
worker_forbidden	exact	NumStability/Source/Higham/Chapter14/Section03/LUFactorInversion/MethodC.lean	primary-human	selector complement, protected infrastructure, or integrator reservation
worker_forbidden	exact	NumStability/Source/Higham/Chapter14/Section03/LUFactorInversion/MethodC/MethodsBC.lean	primary-human	selector complement, protected infrastructure, or integrator reservation
worker_forbidden	exact	NumStability/Source/Higham/Chapter14/Section03/LUFactorInversion/MethodD.lean	primary-human	selector complement, protected infrastructure, or integrator reservation
worker_forbidden	exact	NumStability/Source/Higham/Chapter14/Section03/LUFactorInversion/MethodD/MatrixInversion.lean	primary-human	selector complement, protected infrastructure, or integrator reservation
worker_forbidden	exact	NumStability/Source/Higham/Chapter14/Section03/LUFactorInversion/MethodD/MethodDLeftResidual.lean	primary-human	selector complement, protected infrastructure, or integrator reservation
worker_forbidden	exact	NumStability/Source/Higham/Chapter14/Section03/LUFactorInversion/MethodD/MethodDProductDischarge.lean	primary-human	selector complement, protected infrastructure, or integrator reservation
worker_forbidden	exact	NumStability/Source/Higham/Chapter14/Section03/LUFactorInversion/MethodD/MethodDUpperCertificate.lean	primary-human	selector complement, protected infrastructure, or integrator reservation
worker_forbidden	exact	NumStability/Source/Higham/Chapter14/Section03/ResidualOperatorTwoNorm.lean	primary-human	selector complement, protected infrastructure, or integrator reservation
worker_forbidden	exact	NumStability/Source/Higham/Chapter14/Section03/ResidualOperatorTwoNorm/Bridge.lean	primary-human	selector complement, protected infrastructure, or integrator reservation
worker_forbidden	exact	NumStability/Source/Higham/Chapter14/Section05.lean	primary-human	selector complement, protected infrastructure, or integrator reservation
worker_forbidden	exact	NumStability/Source/Higham/Chapter14/Section05/RectangularIteration.lean	primary-human	selector complement, protected infrastructure, or integrator reservation
worker_forbidden	exact	NumStability/Source/Higham/Chapter14/Section05/SpectralConvergence.lean	primary-human	selector complement, protected infrastructure, or integrator reservation
worker_forbidden	exact	NumStability/Source/Higham/Chapter14/Section05/SquareIteration.lean	primary-human	selector complement, protected infrastructure, or integrator reservation
worker_forbidden	exact	NumStability/Source/Higham/Chapter14/Theorem05.lean	primary-human	selector complement, protected infrastructure, or integrator reservation
worker_forbidden	exact	NumStability/Source/Higham/Chapter14/Theorem05/EliminationFamilies/CoefficientAsymptotics.lean	primary-human	selector complement, protected infrastructure, or integrator reservation
worker_forbidden	exact	NumStability/Source/Higham/Chapter14/Theorem05/ForwardError.lean	primary-human	selector complement, protected infrastructure, or integrator reservation
worker_forbidden	exact	NumStability/Source/Higham/Chapter14/Theorem05/ForwardError/GJEAsymptoticFamilies.lean	primary-human	selector complement, protected infrastructure, or integrator reservation
worker_forbidden	exact	NumStability/Source/Higham/Chapter14/Theorem05/ForwardError/GJEFinalDivisionClosure.lean	primary-human	selector complement, protected infrastructure, or integrator reservation
worker_forbidden	exact	NumStability/Source/Higham/Chapter14/Theorem05/ForwardError/GJEPrintedEnvelopeClosure.lean	primary-human	selector complement, protected infrastructure, or integrator reservation
worker_forbidden	exact	NumStability/Source/Higham/Chapter14/Theorem05/ForwardError/GJETheorem145SourceClosure.lean	primary-human	selector complement, protected infrastructure, or integrator reservation
worker_forbidden	exact	NumStability/Source/Higham/Chapter14/Theorem05/ForwardError/GaussJordanQConstruction.lean	primary-human	selector complement, protected infrastructure, or integrator reservation
worker_forbidden	exact	NumStability/Source/Higham/Chapter14/Theorem05/PrintedEnvelopes/CorrectionBounds.lean	primary-human	selector complement, protected infrastructure, or integrator reservation
worker_forbidden	exact	NumStability/Source/Higham/Chapter14/Theorem05/PrintedTrace/VanishingEndpoints.lean	primary-human	selector complement, protected infrastructure, or integrator reservation
worker_forbidden	exact	NumStability/Source/Higham/Chapter15.lean	primary-human	selector complement, protected infrastructure, or integrator reservation
worker_forbidden	exact	NumStability/Source/Higham/Chapter15/Algorithm01/PNormPowerMethod/ConvergenceStatements.lean	primary-human	selector complement, protected infrastructure, or integrator reservation
worker_forbidden	exact	NumStability/Source/Higham/Chapter15/Algorithm01/PNormPowerMethod/PNormPowerMethod.lean	primary-human	selector complement, protected infrastructure, or integrator reservation
worker_forbidden	exact	NumStability/Source/Higham/Chapter15/Algorithm01/PNormPowerMethod/PNormRectangular.lean	primary-human	selector complement, protected infrastructure, or integrator reservation
worker_forbidden	exact	NumStability/Source/Higham/Chapter15/Algorithm03/OneNormPowerMethod/Basic.lean	primary-human	selector complement, protected infrastructure, or integrator reservation
worker_forbidden	exact	NumStability/Source/Higham/Chapter15/Algorithm04/LAPACKNormEstimator/Basic.lean	primary-human	selector complement, protected infrastructure, or integrator reservation
worker_forbidden	exact	NumStability/Source/Higham/Chapter15/Algorithm04/LAPACKNormEstimator/ConditionEstimate/Bounds.lean	primary-human	selector complement, protected infrastructure, or integrator reservation
worker_forbidden	exact	NumStability/Source/Higham/Chapter15/Algorithm05/LINPACKConditionEstimator/Basic.lean	primary-human	selector complement, protected infrastructure, or integrator reservation
worker_forbidden	exact	NumStability/Source/Higham/Chapter15/Algorithm05/LINPACKConditionEstimator/InverseNormBound/TriangularSolve.lean	primary-human	selector complement, protected infrastructure, or integrator reservation
worker_forbidden	exact	NumStability/Source/Higham/Chapter15/Equation02/Subgradient/PNormGeneral.lean	primary-human	selector complement, protected infrastructure, or integrator reservation
worker_forbidden	exact	NumStability/Source/Higham/Chapter15/Equation02/Subgradient/PNormPowerMethod.lean	primary-human	selector complement, protected infrastructure, or integrator reservation
worker_forbidden	exact	NumStability/Source/Higham/Chapter15/Equation03/GradientQuotient/ConvergenceStatements.lean	primary-human	selector complement, protected infrastructure, or integrator reservation
worker_forbidden	exact	NumStability/Source/Higham/Chapter15/Equation03/GradientQuotient/PNormGeneral.lean	primary-human	selector complement, protected infrastructure, or integrator reservation
worker_forbidden	exact	NumStability/Source/Higham/Chapter15/Equation03/GradientQuotient/PNormPowerMethod.lean	primary-human	selector complement, protected infrastructure, or integrator reservation
worker_forbidden	exact	NumStability/Source/Higham/Chapter15/Equation04/NormalizedDualDiscrepancy/Basic.lean	primary-human	selector complement, protected infrastructure, or integrator reservation
worker_forbidden	exact	NumStability/Source/Higham/Chapter15/Equation05/SubgradientInequality/Basic.lean	primary-human	selector complement, protected infrastructure, or integrator reservation
worker_forbidden	exact	NumStability/Source/Higham/Chapter15/Equation06/LAPACKCounterexample/Basic.lean	primary-human	selector complement, protected infrastructure, or integrator reservation
worker_forbidden	exact	NumStability/Source/Higham/Chapter15/Equation07/DixonBound/Basic.lean	primary-human	selector complement, protected infrastructure, or integrator reservation
worker_forbidden	exact	NumStability/Source/Higham/Chapter15/Lemma02/PNormPowerMethod/BoydInterface.lean	primary-human	selector complement, protected infrastructure, or integrator reservation
worker_forbidden	exact	NumStability/Source/Higham/Chapter15/Lemma02/PNormPowerMethod/BoydUniqueness.lean	primary-human	selector complement, protected infrastructure, or integrator reservation
worker_forbidden	exact	NumStability/Source/Higham/Chapter15/Lemma02/PNormPowerMethod/PNormPowerMethod.lean	primary-human	selector complement, protected infrastructure, or integrator reservation
worker_forbidden	exact	NumStability/Source/Higham/Chapter15/Lemma02/PNormPowerMethod/PNormRectangular.lean	primary-human	selector complement, protected infrastructure, or integrator reservation
worker_forbidden	exact	NumStability/Source/Higham/Chapter15/Problem04/LUConditionBounds/Basic.lean	primary-human	selector complement, protected infrastructure, or integrator reservation
worker_forbidden	exact	NumStability/Source/Higham/Chapter15/Problem06/TridiagonalInverseNorm/Recurrences/ArrayExecution.lean	primary-human	selector complement, protected infrastructure, or integrator reservation
worker_forbidden	exact	NumStability/Source/Higham/Chapter15/Problem06/TridiagonalInverseNorm/Recurrences/EntryFormulas.lean	primary-human	selector complement, protected infrastructure, or integrator reservation
worker_forbidden	exact	NumStability/Source/Higham/Chapter15/Problem06/TridiagonalInverseNorm/Recurrences/FactorizationAndNorm.lean	primary-human	selector complement, protected infrastructure, or integrator reservation
worker_forbidden	exact	NumStability/Source/Higham/Chapter15/Problem06/TridiagonalInverseNorm/TridiagonalInverse.lean	primary-human	selector complement, protected infrastructure, or integrator reservation
worker_forbidden	exact	NumStability/Source/Higham/Chapter15/Problem06/TridiagonalInverseNorm/TridiagonalInverseCompletion.lean	primary-human	selector complement, protected infrastructure, or integrator reservation
worker_forbidden	exact	NumStability/Source/Higham/Chapter15/Problem06/TridiagonalInverseNorm/TridiagonalInverseRuns.lean	primary-human	selector complement, protected infrastructure, or integrator reservation
worker_forbidden	exact	NumStability/Source/Higham/Chapter15/Section01/ConditionNumbers/CondEstimation.lean	primary-human	selector complement, protected infrastructure, or integrator reservation
worker_forbidden	exact	NumStability/Source/Higham/Chapter15/Section01/ConditionNumbers/ConditionEstimators.lean	primary-human	selector complement, protected infrastructure, or integrator reservation
worker_forbidden	exact	NumStability/Source/Higham/Chapter15/Section02/Boyd/Corrections/BoydConcrete.lean	primary-human	selector complement, protected infrastructure, or integrator reservation
worker_forbidden	exact	NumStability/Source/Higham/Chapter15/Section02/Boyd/Corrections/BoydLocal.lean	primary-human	selector complement, protected infrastructure, or integrator reservation
worker_forbidden	exact	NumStability/Source/Higham/Chapter15/Section02/Boyd/Corrections/BoydLocalStability.lean	primary-human	selector complement, protected infrastructure, or integrator reservation
worker_forbidden	exact	NumStability/Source/Higham/Chapter15/Section02/Boyd/Corrections/ConvergenceStatements.lean	primary-human	selector complement, protected infrastructure, or integrator reservation
worker_forbidden	exact	NumStability/Source/Higham/Chapter15/Section02/Boyd/EndpointTermination/ConvergenceStatements.lean	primary-human	selector complement, protected infrastructure, or integrator reservation
worker_forbidden	exact	NumStability/Source/Higham/Chapter15/Section02/Boyd/EndpointTermination/InfinityCounterexample/Trace.lean	primary-human	selector complement, protected infrastructure, or integrator reservation
worker_forbidden	exact	NumStability/Source/Higham/Chapter15/Section02/Boyd/EndpointTermination/RectangularTermination.lean	primary-human	selector complement, protected infrastructure, or integrator reservation
worker_forbidden	exact	NumStability/Source/Higham/Chapter15/Section02/Boyd/GlobalConvergence/BoydInterface.lean	primary-human	selector complement, protected infrastructure, or integrator reservation
worker_forbidden	exact	NumStability/Source/Higham/Chapter15/Section02/Boyd/GlobalConvergence/BoydUniqueness.lean	primary-human	selector complement, protected infrastructure, or integrator reservation
worker_forbidden	exact	NumStability/Source/Higham/Chapter15/Section02/Boyd/GlobalConvergence/ConvergenceStatements.lean	primary-human	selector complement, protected infrastructure, or integrator reservation
worker_forbidden	exact	NumStability/Source/Higham/Chapter15/Section02/Boyd/GlobalConvergence/ScalarCase/Iteration.lean	primary-human	selector complement, protected infrastructure, or integrator reservation
worker_forbidden	exact	NumStability/Source/Higham/Chapter15/Section02/Boyd/LocalConvergence/BoydConcrete.lean	primary-human	selector complement, protected infrastructure, or integrator reservation
worker_forbidden	exact	NumStability/Source/Higham/Chapter15/Section02/Boyd/LocalConvergence/BoydInterface.lean	primary-human	selector complement, protected infrastructure, or integrator reservation
worker_forbidden	exact	NumStability/Source/Higham/Chapter15/Section02/Boyd/LocalConvergence/BoydLocal.lean	primary-human	selector complement, protected infrastructure, or integrator reservation
worker_forbidden	exact	NumStability/Source/Higham/Chapter15/Section02/Boyd/LocalConvergence/BoydLocalStability.lean	primary-human	selector complement, protected infrastructure, or integrator reservation
worker_forbidden	exact	NumStability/Source/Higham/Chapter15/Section02/Boyd/LocalConvergence/ConstrainedLagrangian/Differentiation.lean	primary-human	selector complement, protected infrastructure, or integrator reservation
worker_forbidden	exact	NumStability/Source/Higham/Chapter15/Section02/Boyd/SourceDomain/BoydCompletion.lean	primary-human	selector complement, protected infrastructure, or integrator reservation
worker_forbidden	exact	NumStability/Source/Higham/Chapter15/Section02/Boyd/SourceDomain/BoydConcrete.lean	primary-human	selector complement, protected infrastructure, or integrator reservation
worker_forbidden	exact	NumStability/Source/Higham/Chapter15/Section02/Boyd/SourceDomain/BoydDomain.lean	primary-human	selector complement, protected infrastructure, or integrator reservation
worker_forbidden	exact	NumStability/Source/Higham/Chapter15/Section02/Boyd/SourceDomain/BoydLocal.lean	primary-human	selector complement, protected infrastructure, or integrator reservation
worker_forbidden	exact	NumStability/Source/Higham/Chapter15/Section02/Boyd/SourceDomain/BoydRowwise.lean	primary-human	selector complement, protected infrastructure, or integrator reservation
worker_forbidden	exact	NumStability/Source/Higham/Chapter15/Section02/Boyd/SourceDomain/SecondDerivative/Rowwise.lean	primary-human	selector complement, protected infrastructure, or integrator reservation
worker_forbidden	exact	NumStability/Source/Higham/Chapter15/Section02/Boyd/SourceDomain/StrongLocalMaximum/Convergence.lean	primary-human	selector complement, protected infrastructure, or integrator reservation
worker_forbidden	exact	NumStability/Source/Higham/Chapter15/Section06/TridiagonalLUConditionBounds/ExactBounds.lean	primary-human	selector complement, protected infrastructure, or integrator reservation
worker_forbidden	exact	NumStability/Source/Higham/Chapter15/Theorem06/Dixon/Basic.lean	primary-human	selector complement, protected infrastructure, or integrator reservation
worker_forbidden	exact	NumStability/Source/Higham/Chapter15/Theorem07/TridiagonalLU/Basic.lean	primary-human	selector complement, protected infrastructure, or integrator reservation
worker_forbidden	exact	NumStability/Source/Higham/Chapter15/Theorem08/TridiagonalDiagonalDominance/Basic.lean	primary-human	selector complement, protected infrastructure, or integrator reservation
worker_forbidden	exact	NumStability/Source/Higham/Chapter15/Theorem09/Ikebe/Basic.lean	primary-human	selector complement, protected infrastructure, or integrator reservation
worker_forbidden	exact	NumStability/Source/Higham/Chapter15/Theorem09/Ikebe/IrreducibleRightInverse/RankOneStructure.lean	primary-human	selector complement, protected infrastructure, or integrator reservation
worker_forbidden	exact	NumStability/Source/Higham/Chapter16.lean	primary-human	selector complement, protected infrastructure, or integrator reservation
worker_forbidden	exact	NumStability/Source/Higham/Chapter16/Foundations/Core.lean	primary-human	selector complement, protected infrastructure, or integrator reservation
worker_forbidden	exact	NumStability/Source/Higham/Chapter16/HessenbergSchur/Results.lean	primary-human	selector complement, protected infrastructure, or integrator reservation
worker_forbidden	exact	NumStability/Source/Higham/Chapter16/HessenbergSchur/Rounded.lean	primary-human	selector complement, protected infrastructure, or integrator reservation
worker_forbidden	exact	NumStability/Source/Higham/Chapter16/Minimizers/Results.lean	primary-human	selector complement, protected infrastructure, or integrator reservation
worker_forbidden	exact	NumStability/Source/Higham/Chapter16/Problem02.lean	primary-human	selector complement, protected infrastructure, or integrator reservation
worker_forbidden	exact	NumStability/Source/Higham/Chapter16/Problem02/LyapunovIntegral.lean	primary-human	selector complement, protected infrastructure, or integrator reservation
worker_forbidden	exact	NumStability/Source/Higham/Chapter16/Problem02/LyapunovIntegral/All.lean	primary-human	selector complement, protected infrastructure, or integrator reservation
worker_forbidden	exact	NumStability/Source/Higham/Chapter16/Problem02/LyapunovIntegral/Results.lean	primary-human	selector complement, protected infrastructure, or integrator reservation
worker_forbidden	exact	NumStability/Source/Higham/Chapter16/Problem02/Results/Core.lean	primary-human	selector complement, protected infrastructure, or integrator reservation
worker_forbidden	exact	NumStability/Source/Higham/Chapter16/QuasiRounded/Solve.lean	primary-human	selector complement, protected infrastructure, or integrator reservation
worker_forbidden	exact	NumStability/Source/Higham/Chapter16/QuasiRounded/Sylvester.lean	primary-human	selector complement, protected infrastructure, or integrator reservation
worker_forbidden	exact	NumStability/Source/Higham/Chapter16/Section01.lean	primary-human	selector complement, protected infrastructure, or integrator reservation
worker_forbidden	exact	NumStability/Source/Higham/Chapter16/Section01/SylvesterEquation.lean	primary-human	selector complement, protected infrastructure, or integrator reservation
worker_forbidden	exact	NumStability/Source/Higham/Chapter16/Section01/SylvesterEquation/All.lean	primary-human	selector complement, protected infrastructure, or integrator reservation
worker_forbidden	exact	NumStability/Source/Higham/Chapter16/Section01/SylvesterEquation/ComplexSolvability.lean	primary-human	selector complement, protected infrastructure, or integrator reservation
worker_forbidden	exact	NumStability/Source/Higham/Chapter16/Section01/SylvesterEquation/ComplexSolvability/All.lean	primary-human	selector complement, protected infrastructure, or integrator reservation
worker_forbidden	exact	NumStability/Source/Higham/Chapter16/Section01/SylvesterEquation/ComplexSolvability/SchurFactors.lean	primary-human	selector complement, protected infrastructure, or integrator reservation
worker_forbidden	exact	NumStability/Source/Higham/Chapter16/Section01/SylvesterEquation/ComplexSolvability/SpectralCriterion.lean	primary-human	selector complement, protected infrastructure, or integrator reservation
worker_forbidden	exact	NumStability/Source/Higham/Chapter16/Section01/SylvesterEquation/ComplexSolvability/Vectorized.lean	primary-human	selector complement, protected infrastructure, or integrator reservation
worker_forbidden	exact	NumStability/Source/Higham/Chapter16/Section01/SylvesterEquation/Equation01.lean	primary-human	selector complement, protected infrastructure, or integrator reservation
worker_forbidden	exact	NumStability/Source/Higham/Chapter16/Section01/SylvesterEquation/Equation02.lean	primary-human	selector complement, protected infrastructure, or integrator reservation
worker_forbidden	exact	NumStability/Source/Higham/Chapter16/Section01/SylvesterEquation/Equation03.lean	primary-human	selector complement, protected infrastructure, or integrator reservation
worker_forbidden	exact	NumStability/Source/Higham/Chapter16/Section01/SylvesterEquation/VectorizationNotes.lean	primary-human	selector complement, protected infrastructure, or integrator reservation
worker_forbidden	exact	NumStability/Source/Higham/Chapter16/Section01/SylvesterEquation/VectorizationNotes/All.lean	primary-human	selector complement, protected infrastructure, or integrator reservation
worker_forbidden	exact	NumStability/Source/Higham/Chapter16/Section01/SylvesterEquation/VectorizationNotes/Notes.lean	primary-human	selector complement, protected infrastructure, or integrator reservation
worker_forbidden	exact	NumStability/Source/Higham/Chapter16/Section02.lean	primary-human	selector complement, protected infrastructure, or integrator reservation
worker_forbidden	exact	NumStability/Source/Higham/Chapter16/Section02/BartelsStewart.lean	primary-human	selector complement, protected infrastructure, or integrator reservation
worker_forbidden	exact	NumStability/Source/Higham/Chapter16/Section02/BartelsStewart/Equation09.lean	primary-human	selector complement, protected infrastructure, or integrator reservation
worker_forbidden	exact	NumStability/Source/Higham/Chapter16/Section02/BartelsStewart/Equation09/All.lean	primary-human	selector complement, protected infrastructure, or integrator reservation
worker_forbidden	exact	NumStability/Source/Higham/Chapter16/Section02/BartelsStewart/Equation09/Assembly.lean	primary-human	selector complement, protected infrastructure, or integrator reservation
worker_forbidden	exact	NumStability/Source/Higham/Chapter16/Section02/BartelsStewart/Equation09/EndToEnd.lean	primary-human	selector complement, protected infrastructure, or integrator reservation
worker_forbidden	exact	NumStability/Source/Higham/Chapter16/Section02/BartelsStewart/Equations04To08.lean	primary-human	selector complement, protected infrastructure, or integrator reservation
worker_forbidden	exact	NumStability/Source/Higham/Chapter16/Section02/BartelsStewart/Equations04To08/All.lean	primary-human	selector complement, protected infrastructure, or integrator reservation
worker_forbidden	exact	NumStability/Source/Higham/Chapter16/Section02/BartelsStewart/Equations04To08/HessenbergRounded.lean	primary-human	selector complement, protected infrastructure, or integrator reservation
worker_forbidden	exact	NumStability/Source/Higham/Chapter16/Section02/BartelsStewart/Equations04To08/HessenbergSchur.lean	primary-human	selector complement, protected infrastructure, or integrator reservation
worker_forbidden	exact	NumStability/Source/Higham/Chapter16/Section02/BartelsStewart/Equations04To08/PivotedSmallBlocks.lean	primary-human	selector complement, protected infrastructure, or integrator reservation
worker_forbidden	exact	NumStability/Source/Higham/Chapter16/Section02/BartelsStewart/Equations04To08/QuasiQuasiRounded.lean	primary-human	selector complement, protected infrastructure, or integrator reservation
worker_forbidden	exact	NumStability/Source/Higham/Chapter16/Section02/BartelsStewart/Equations04To08/QuasiQuasiSylvester.lean	primary-human	selector complement, protected infrastructure, or integrator reservation
worker_forbidden	exact	NumStability/Source/Higham/Chapter16/Section02/BartelsStewart/Equations04To08/QuasiRoundedSylvester.lean	primary-human	selector complement, protected infrastructure, or integrator reservation
worker_forbidden	exact	NumStability/Source/Higham/Chapter16/Section02/BartelsStewart/Equations04To08/RoundedExecutor.lean	primary-human	selector complement, protected infrastructure, or integrator reservation
worker_forbidden	exact	NumStability/Source/Higham/Chapter16/Section02/BartelsStewart/Equations04To08/RoundedTriangular.lean	primary-human	selector complement, protected infrastructure, or integrator reservation
worker_forbidden	exact	NumStability/Source/Higham/Chapter16/Section02/BartelsStewart/Equations04To08/Spectrum.lean	primary-human	selector complement, protected infrastructure, or integrator reservation
worker_forbidden	exact	NumStability/Source/Higham/Chapter16/Section02/BartelsStewart/Equations04To08/Vectorized.lean	primary-human	selector complement, protected infrastructure, or integrator reservation
worker_forbidden	exact	NumStability/Source/Higham/Chapter16/Section02/RealSchurDecomposition/All.lean	primary-human	selector complement, protected infrastructure, or integrator reservation
worker_forbidden	exact	NumStability/Source/Higham/Chapter16/Section02/RealSchurDecomposition/InvariantSubspace.lean	primary-human	selector complement, protected infrastructure, or integrator reservation
worker_forbidden	exact	NumStability/Source/Higham/Chapter16/Section02/RealSchurDecomposition/QuasiTriangular.lean	primary-human	selector complement, protected infrastructure, or integrator reservation
worker_forbidden	exact	NumStability/Source/Higham/Chapter16/Section02/SylvesterAndLyapunovBackwardError.lean	primary-human	selector complement, protected infrastructure, or integrator reservation
worker_forbidden	exact	NumStability/Source/Higham/Chapter16/Section02/SylvesterAndLyapunovBackwardError/All.lean	primary-human	selector complement, protected infrastructure, or integrator reservation
worker_forbidden	exact	NumStability/Source/Higham/Chapter16/Section02/SylvesterAndLyapunovBackwardError/AttainedMinima.lean	primary-human	selector complement, protected infrastructure, or integrator reservation
worker_forbidden	exact	NumStability/Source/Higham/Chapter16/Section02/SylvesterAndLyapunovBackwardError/AttainedMinima/All.lean	primary-human	selector complement, protected infrastructure, or integrator reservation
worker_forbidden	exact	NumStability/Source/Higham/Chapter16/Section02/SylvesterAndLyapunovBackwardError/AttainedMinima/Equations15And21.lean	primary-human	selector complement, protected infrastructure, or integrator reservation
worker_forbidden	exact	NumStability/Source/Higham/Chapter16/Section02/SylvesterAndLyapunovBackwardError/Equation09.lean	primary-human	selector complement, protected infrastructure, or integrator reservation
worker_forbidden	exact	NumStability/Source/Higham/Chapter16/Section02/SylvesterAndLyapunovBackwardError/Equation10.lean	primary-human	selector complement, protected infrastructure, or integrator reservation
worker_forbidden	exact	NumStability/Source/Higham/Chapter16/Section02/SylvesterAndLyapunovBackwardError/Equation11.lean	primary-human	selector complement, protected infrastructure, or integrator reservation
worker_forbidden	exact	NumStability/Source/Higham/Chapter16/Section02/SylvesterAndLyapunovBackwardError/Equation12.lean	primary-human	selector complement, protected infrastructure, or integrator reservation
worker_forbidden	exact	NumStability/Source/Higham/Chapter16/Section02/SylvesterAndLyapunovBackwardError/Equation13.lean	primary-human	selector complement, protected infrastructure, or integrator reservation
worker_forbidden	exact	NumStability/Source/Higham/Chapter16/Section02/SylvesterAndLyapunovBackwardError/Equation15.lean	primary-human	selector complement, protected infrastructure, or integrator reservation
worker_forbidden	exact	NumStability/Source/Higham/Chapter16/Section02/SylvesterAndLyapunovBackwardError/Equation16.lean	primary-human	selector complement, protected infrastructure, or integrator reservation
worker_forbidden	exact	NumStability/Source/Higham/Chapter16/Section02/SylvesterAndLyapunovBackwardError/Equation18.lean	primary-human	selector complement, protected infrastructure, or integrator reservation
worker_forbidden	exact	NumStability/Source/Higham/Chapter16/Section02/SylvesterAndLyapunovBackwardError/Equation19.lean	primary-human	selector complement, protected infrastructure, or integrator reservation
worker_forbidden	exact	NumStability/Source/Higham/Chapter16/Section02/SylvesterAndLyapunovBackwardError/Equation21.lean	primary-human	selector complement, protected infrastructure, or integrator reservation
worker_forbidden	exact	NumStability/Source/Higham/Chapter16/Section02/SylvesterAndLyapunovBackwardError/LyapunovDefinition.lean	primary-human	selector complement, protected infrastructure, or integrator reservation
worker_forbidden	exact	NumStability/Source/Higham/Chapter16/Section03.lean	primary-human	selector complement, protected infrastructure, or integrator reservation
worker_forbidden	exact	NumStability/Source/Higham/Chapter16/Section03/PerturbationAndConditioning.lean	primary-human	selector complement, protected infrastructure, or integrator reservation
worker_forbidden	exact	NumStability/Source/Higham/Chapter16/Section03/PerturbationAndConditioning/All.lean	primary-human	selector complement, protected infrastructure, or integrator reservation
worker_forbidden	exact	NumStability/Source/Higham/Chapter16/Section03/PerturbationAndConditioning/AttainedSeparation.lean	primary-human	selector complement, protected infrastructure, or integrator reservation
worker_forbidden	exact	NumStability/Source/Higham/Chapter16/Section03/PerturbationAndConditioning/AttainedSeparation/All.lean	primary-human	selector complement, protected infrastructure, or integrator reservation
worker_forbidden	exact	NumStability/Source/Higham/Chapter16/Section03/PerturbationAndConditioning/AttainedSeparation/Equation26.lean	primary-human	selector complement, protected infrastructure, or integrator reservation
worker_forbidden	exact	NumStability/Source/Higham/Chapter16/Section03/PerturbationAndConditioning/AutomaticBounds.lean	primary-human	selector complement, protected infrastructure, or integrator reservation
worker_forbidden	exact	NumStability/Source/Higham/Chapter16/Section03/PerturbationAndConditioning/AutomaticBounds/All.lean	primary-human	selector complement, protected infrastructure, or integrator reservation
worker_forbidden	exact	NumStability/Source/Higham/Chapter16/Section03/PerturbationAndConditioning/AutomaticBounds/Results/Core.lean	primary-human	selector complement, protected infrastructure, or integrator reservation
worker_forbidden	exact	NumStability/Source/Higham/Chapter16/Section03/PerturbationAndConditioning/Equation22.lean	primary-human	selector complement, protected infrastructure, or integrator reservation
worker_forbidden	exact	NumStability/Source/Higham/Chapter16/Section03/PerturbationAndConditioning/Equation23.lean	primary-human	selector complement, protected infrastructure, or integrator reservation
worker_forbidden	exact	NumStability/Source/Higham/Chapter16/Section03/PerturbationAndConditioning/Equation24.lean	primary-human	selector complement, protected infrastructure, or integrator reservation
worker_forbidden	exact	NumStability/Source/Higham/Chapter16/Section03/PerturbationAndConditioning/Equation25.lean	primary-human	selector complement, protected infrastructure, or integrator reservation
worker_forbidden	exact	NumStability/Source/Higham/Chapter16/Section03/PerturbationAndConditioning/Equation26.lean	primary-human	selector complement, protected infrastructure, or integrator reservation
worker_forbidden	exact	NumStability/Source/Higham/Chapter16/Section03/PerturbationAndConditioning/Equation27.lean	primary-human	selector complement, protected infrastructure, or integrator reservation
worker_forbidden	exact	NumStability/Source/Higham/Chapter16/Section03/PerturbationAndConditioning/LyapunovSolutions.lean	primary-human	selector complement, protected infrastructure, or integrator reservation
worker_forbidden	exact	NumStability/Source/Higham/Chapter16/Section03/PerturbationAndConditioning/SigmaMinCorollaries.lean	primary-human	selector complement, protected infrastructure, or integrator reservation
worker_forbidden	exact	NumStability/Source/Higham/Chapter16/Section03/PerturbationAndConditioning/SigmaMinCorollaries/All.lean	primary-human	selector complement, protected infrastructure, or integrator reservation
worker_forbidden	exact	NumStability/Source/Higham/Chapter16/Section03/PerturbationAndConditioning/SigmaMinCorollaries/Lyapunov.lean	primary-human	selector complement, protected infrastructure, or integrator reservation
worker_forbidden	exact	NumStability/Source/Higham/Chapter16/Section03/PerturbationAndConditioning/SigmaMinCorollaries/StructuredSylvester.lean	primary-human	selector complement, protected infrastructure, or integrator reservation
worker_forbidden	exact	NumStability/Source/Higham/Chapter16/Section03/PerturbationAndConditioning/SigmaMinCorollaries/SylvesterPerturbation.lean	primary-human	selector complement, protected infrastructure, or integrator reservation
worker_forbidden	exact	NumStability/Source/Higham/Chapter16/Section03/PerturbationAndConditioning/SigmaMinCorollaries/Vectorized.lean	primary-human	selector complement, protected infrastructure, or integrator reservation
worker_forbidden	exact	NumStability/Source/Higham/Chapter16/Section04.lean	primary-human	selector complement, protected infrastructure, or integrator reservation
worker_forbidden	exact	NumStability/Source/Higham/Chapter16/Section04/PracticalErrorBounds.lean	primary-human	selector complement, protected infrastructure, or integrator reservation
worker_forbidden	exact	NumStability/Source/Higham/Chapter16/Section04/PracticalErrorBounds/All.lean	primary-human	selector complement, protected infrastructure, or integrator reservation
worker_forbidden	exact	NumStability/Source/Higham/Chapter16/Section04/PracticalErrorBounds/Equation28.lean	primary-human	selector complement, protected infrastructure, or integrator reservation
worker_forbidden	exact	NumStability/Source/Higham/Chapter16/Section04/PracticalErrorBounds/Equation29.lean	primary-human	selector complement, protected infrastructure, or integrator reservation
worker_forbidden	exact	NumStability/Source/Higham/Chapter16/Section04/PracticalErrorBounds/Equation29Extensions.lean	primary-human	selector complement, protected infrastructure, or integrator reservation
worker_forbidden	exact	NumStability/Source/Higham/Chapter16/Section04/PracticalErrorBounds/Equation29Extensions/All.lean	primary-human	selector complement, protected infrastructure, or integrator reservation
worker_forbidden	exact	NumStability/Source/Higham/Chapter16/Section04/PracticalErrorBounds/Equation29Extensions/Minimizers.lean	primary-human	selector complement, protected infrastructure, or integrator reservation
worker_forbidden	exact	NumStability/Source/Higham/Chapter16/Section04/PracticalErrorBounds/Equation29Extensions/Spectrum.lean	primary-human	selector complement, protected infrastructure, or integrator reservation
worker_forbidden	exact	NumStability/Source/Higham/Chapter16/Section04/PracticalErrorBounds/Equation29Extensions/Vectorized.lean	primary-human	selector complement, protected infrastructure, or integrator reservation
worker_forbidden	exact	NumStability/Source/Higham/Chapter16/Section04/PracticalErrorBounds/NormEstimator.lean	primary-human	selector complement, protected infrastructure, or integrator reservation
worker_forbidden	exact	NumStability/Source/Higham/Chapter16/Section04/PracticalErrorBounds/NormEstimator/All.lean	primary-human	selector complement, protected infrastructure, or integrator reservation
worker_forbidden	exact	NumStability/Source/Higham/Chapter16/Section04/PracticalErrorBounds/NormEstimator/Equation29.lean	primary-human	selector complement, protected infrastructure, or integrator reservation
worker_forbidden	exact	NumStability/Source/Higham/Chapter16/Section05.lean	primary-human	selector complement, protected infrastructure, or integrator reservation
worker_forbidden	exact	NumStability/Source/Higham/Chapter16/Section05/GeneralizedMatrixEquations/All.lean	primary-human	selector complement, protected infrastructure, or integrator reservation
worker_forbidden	exact	NumStability/Source/Higham/Chapter16/Section05/GeneralizedMatrixEquations/Equation30.lean	primary-human	selector complement, protected infrastructure, or integrator reservation
worker_forbidden	exact	NumStability/Source/Higham/Chapter16/Section05/GeneralizedMatrixEquations/Equation31.lean	primary-human	selector complement, protected infrastructure, or integrator reservation
worker_forbidden	exact	NumStability/Source/Higham/Chapter16/Section05/GeneralizedMatrixEquations/Equation32.lean	primary-human	selector complement, protected infrastructure, or integrator reservation
worker_forbidden	exact	NumStability/Source/Higham/Chapter16/Spectrum/Minimizers.lean	primary-human	selector complement, protected infrastructure, or integrator reservation
worker_forbidden	exact	NumStability/Source/Higham/Chapter16/Spectrum/Results.lean	primary-human	selector complement, protected infrastructure, or integrator reservation
worker_forbidden	exact	NumStability/Source/Higham/Chapter16/VecNorm/Results.lean	primary-human	selector complement, protected infrastructure, or integrator reservation
worker_forbidden	exact	NumStability/Source/Higham/Chapter16/VecPermutation/Notes.lean	primary-human	selector complement, protected infrastructure, or integrator reservation
worker_forbidden	exact	NumStability/Source/Higham/Chapter17.lean	primary-human	selector complement, protected infrastructure, or integrator reservation
worker_forbidden	exact	NumStability/Source/Higham/Chapter17/Equation01/ComputedIteration/Results.lean	primary-human	selector complement, protected infrastructure, or integrator reservation
worker_forbidden	exact	NumStability/Source/Higham/Chapter17/Equation02/LocalError/Results.lean	primary-human	selector complement, protected infrastructure, or integrator reservation
worker_forbidden	exact	NumStability/Source/Higham/Chapter17/Equation03/ComputedRecurrence/Results.lean	primary-human	selector complement, protected infrastructure, or integrator reservation
worker_forbidden	exact	NumStability/Source/Higham/Chapter17/Equation04/FixedPoint/Results.lean	primary-human	selector complement, protected infrastructure, or integrator reservation
worker_forbidden	exact	NumStability/Source/Higham/Chapter17/Equation05/ErrorExpansion/Results.lean	primary-human	selector complement, protected infrastructure, or integrator reservation
worker_forbidden	exact	NumStability/Source/Higham/Chapter17/Equation06/ComponentwiseForward/Results.lean	primary-human	selector complement, protected infrastructure, or integrator reservation
worker_forbidden	exact	NumStability/Source/Higham/Chapter17/Equation07/NormwiseGrowth/Results.lean	primary-human	selector complement, protected infrastructure, or integrator reservation
worker_forbidden	exact	NumStability/Source/Higham/Chapter17/Equation08.lean	primary-human	selector complement, protected infrastructure, or integrator reservation
worker_forbidden	exact	NumStability/Source/Higham/Chapter17/Equation08/NormwiseForward/Results.lean	primary-human	selector complement, protected infrastructure, or integrator reservation
worker_forbidden	exact	NumStability/Source/Higham/Chapter17/Equation09/ComponentwiseGrowth/Results.lean	primary-human	selector complement, protected infrastructure, or integrator reservation
worker_forbidden	exact	NumStability/Source/Higham/Chapter17/Equation10/LocalErrorSimplification/Results.lean	primary-human	selector complement, protected infrastructure, or integrator reservation
worker_forbidden	exact	NumStability/Source/Higham/Chapter17/Equation12.lean	primary-human	selector complement, protected infrastructure, or integrator reservation
worker_forbidden	exact	NumStability/Source/Higham/Chapter17/Equation12/PartialSumBound/Results.lean	primary-human	selector complement, protected infrastructure, or integrator reservation
worker_forbidden	exact	NumStability/Source/Higham/Chapter17/Equation13/ComponentwiseForward/Results.lean	primary-human	selector complement, protected infrastructure, or integrator reservation
worker_forbidden	exact	NumStability/Source/Higham/Chapter17/Equation15.lean	primary-human	selector complement, protected infrastructure, or integrator reservation
worker_forbidden	exact	NumStability/Source/Higham/Chapter17/Equation15/NormwiseForward/Results.lean	primary-human	selector complement, protected infrastructure, or integrator reservation
worker_forbidden	exact	NumStability/Source/Higham/Chapter17/Equation16.lean	primary-human	selector complement, protected infrastructure, or integrator reservation
worker_forbidden	exact	NumStability/Source/Higham/Chapter17/Equation16/Jacobi/Results.lean	primary-human	selector complement, protected infrastructure, or integrator reservation
worker_forbidden	exact	NumStability/Source/Higham/Chapter17/Equation17.lean	primary-human	selector complement, protected infrastructure, or integrator reservation
worker_forbidden	exact	NumStability/Source/Higham/Chapter17/Equation17/SOR/Results.lean	primary-human	selector complement, protected infrastructure, or integrator reservation
worker_forbidden	exact	NumStability/Source/Higham/Chapter17/Equation18/ResidualRecurrence/Results.lean	primary-human	selector complement, protected infrastructure, or integrator reservation
worker_forbidden	exact	NumStability/Source/Higham/Chapter17/Equation19/ResidualBound/Results.lean	primary-human	selector complement, protected infrastructure, or integrator reservation
worker_forbidden	exact	NumStability/Source/Higham/Chapter17/Equation20.lean	primary-human	selector complement, protected infrastructure, or integrator reservation
worker_forbidden	exact	NumStability/Source/Higham/Chapter17/Equation20/ResidualSigma/Results.lean	primary-human	selector complement, protected infrastructure, or integrator reservation
worker_forbidden	exact	NumStability/Source/Higham/Chapter17/Equation21/SingularIteration/Results.lean	primary-human	selector complement, protected infrastructure, or integrator reservation
worker_forbidden	exact	NumStability/Source/Higham/Chapter17/Equation22.lean	primary-human	selector complement, protected infrastructure, or integrator reservation
worker_forbidden	exact	NumStability/Source/Higham/Chapter17/Equation27/SingularErrorSplit/Results.lean	primary-human	selector complement, protected infrastructure, or integrator reservation
worker_forbidden	exact	NumStability/Source/Higham/Chapter17/Equation28/SingularErrorSplit/Results.lean	primary-human	selector complement, protected infrastructure, or integrator reservation
worker_forbidden	exact	NumStability/Source/Higham/Chapter17/Equation29/SingularSource/Results.lean	primary-human	selector complement, protected infrastructure, or integrator reservation
worker_forbidden	exact	NumStability/Source/Higham/Chapter17/Equation33/StoppingTests/Results.lean	primary-human	selector complement, protected infrastructure, or integrator reservation
worker_forbidden	exact	NumStability/Source/Higham/Chapter17/Problem01.lean	primary-human	selector complement, protected infrastructure, or integrator reservation
worker_forbidden	exact	NumStability/Source/Higham/Chapter17/Results/All.lean	primary-human	selector complement, protected infrastructure, or integrator reservation
worker_forbidden	exact	NumStability/Source/Higham/Chapter17/Results/Equation08/GeometricSummability.lean	primary-human	selector complement, protected infrastructure, or integrator reservation
worker_forbidden	exact	NumStability/Source/Higham/Chapter17/Results/Equation12/AttainedPartialSumBound.lean	primary-human	selector complement, protected infrastructure, or integrator reservation
worker_forbidden	exact	NumStability/Source/Higham/Chapter17/Results/Equation15/UniformForwardBound.lean	primary-human	selector complement, protected infrastructure, or integrator reservation
worker_forbidden	exact	NumStability/Source/Higham/Chapter17/Results/Equation16/JacobiForwardBound.lean	primary-human	selector complement, protected infrastructure, or integrator reservation
worker_forbidden	exact	NumStability/Source/Higham/Chapter17/Results/Equation17/SORForwardBound.lean	primary-human	selector complement, protected infrastructure, or integrator reservation
worker_forbidden	exact	NumStability/Source/Higham/Chapter17/Results/Equation20/DiagonalizableBounds.lean	primary-human	selector complement, protected infrastructure, or integrator reservation
worker_forbidden	exact	NumStability/Source/Higham/Chapter17/Results/Equation20/ResidualSigmaEnvelope.lean	primary-human	selector complement, protected infrastructure, or integrator reservation
worker_forbidden	exact	NumStability/Source/Higham/Chapter17/Results/Equation27/SingularErrorSplit.lean	primary-human	selector complement, protected infrastructure, or integrator reservation
worker_forbidden	exact	NumStability/Source/Higham/Chapter17/Results/Equation29/SingularBounds.lean	primary-human	selector complement, protected infrastructure, or integrator reservation
worker_forbidden	exact	NumStability/Source/Higham/Chapter17/Results/Section01/RoundedExecution.lean	primary-human	selector complement, protected infrastructure, or integrator reservation
worker_forbidden	exact	NumStability/Source/Higham/Chapter17/Results/Section04/DrazinConsequences.lean	primary-human	selector complement, protected infrastructure, or integrator reservation
worker_forbidden	exact	NumStability/Source/Higham/Chapter17/Results/Series.lean	primary-human	selector complement, protected infrastructure, or integrator reservation
worker_forbidden	exact	NumStability/Source/Higham/Chapter17/Section02/ScaleIndependence/Results.lean	primary-human	selector complement, protected infrastructure, or integrator reservation
worker_forbidden	exact	NumStability/Source/Higham/Chapter17/Section04/PrintedConclusions/Results.lean	primary-human	selector complement, protected infrastructure, or integrator reservation
worker_forbidden	exact	NumStability/Source/Higham/Chapter18.lean	primary-human	selector complement, protected infrastructure, or integrator reservation
worker_forbidden	exact	NumStability/Source/Higham/Chapter18/Section01.lean	primary-human	selector complement, protected infrastructure, or integrator reservation
worker_forbidden	exact	NumStability/Source/Higham/Chapter18/Section01/MatrixPowerBounds.lean	primary-human	selector complement, protected infrastructure, or integrator reservation
worker_forbidden	exact	NumStability/Source/Higham/Chapter18/Section01/MatrixPowerBounds/Equations04And05.lean	primary-human	selector complement, protected infrastructure, or integrator reservation
worker_forbidden	exact	NumStability/Source/Higham/Chapter18/Section01/MatrixPowerBounds/Equations04And05/All.lean	primary-human	selector complement, protected infrastructure, or integrator reservation
worker_forbidden	exact	NumStability/Source/Higham/Chapter18/Section01/MatrixPowerBounds/Equations04And05/Equation05Primary.lean	primary-human	selector complement, protected infrastructure, or integrator reservation
worker_forbidden	exact	NumStability/Source/Higham/Chapter18/Section01/MatrixPowerBounds/Equations04And05/LpDiagonal.lean	primary-human	selector complement, protected infrastructure, or integrator reservation
worker_forbidden	exact	NumStability/Source/Higham/Chapter18/Section01/MatrixPowerBounds/Equations04And05/LpJordan.lean	primary-human	selector complement, protected infrastructure, or integrator reservation
worker_forbidden	exact	NumStability/Source/Higham/Chapter18/Section01/MatrixPowerBounds/Equations04And05/RealDiagonal.lean	primary-human	selector complement, protected infrastructure, or integrator reservation
worker_forbidden	exact	NumStability/Source/Higham/Chapter18/Section01/MatrixPowerBounds/Equations04And05/RealJordan.lean	primary-human	selector complement, protected infrastructure, or integrator reservation
worker_forbidden	exact	NumStability/Source/Higham/Chapter18/Section01/MatrixPowerBounds/NamedBounds.lean	primary-human	selector complement, protected infrastructure, or integrator reservation
worker_forbidden	exact	NumStability/Source/Higham/Chapter18/Section01/MatrixPowerBounds/NamedBounds/All.lean	primary-human	selector complement, protected infrastructure, or integrator reservation
worker_forbidden	exact	NumStability/Source/Higham/Chapter18/Section01/MatrixPowerBounds/NamedBounds/BaiDemmelGu.lean	primary-human	selector complement, protected infrastructure, or integrator reservation
worker_forbidden	exact	NumStability/Source/Higham/Chapter18/Section01/MatrixPowerBounds/NamedBounds/BaiDemmelGuDistance.lean	primary-human	selector complement, protected infrastructure, or integrator reservation
worker_forbidden	exact	NumStability/Source/Higham/Chapter18/Section01/MatrixPowerBounds/NamedBounds/BergerHermitian.lean	primary-human	selector complement, protected infrastructure, or integrator reservation
worker_forbidden	exact	NumStability/Source/Higham/Chapter18/Section01/MatrixPowerBounds/NamedBounds/Gautschi.lean	primary-human	selector complement, protected infrastructure, or integrator reservation
worker_forbidden	exact	NumStability/Source/Higham/Chapter18/Section01/MatrixPowerBounds/NamedBounds/HenriciDeparture.lean	primary-human	selector complement, protected infrastructure, or integrator reservation
worker_forbidden	exact	NumStability/Source/Higham/Chapter18/Section01/MatrixPowerBounds/NamedBounds/HenriciExtremal.lean	primary-human	selector complement, protected infrastructure, or integrator reservation
worker_forbidden	exact	NumStability/Source/Higham/Chapter18/Section01/MatrixPowerBounds/NamedBounds/HenriciImprovedConstant.lean	primary-human	selector complement, protected infrastructure, or integrator reservation
worker_forbidden	exact	NumStability/Source/Higham/Chapter18/Section01/MatrixPowerBounds/NamedBounds/HenriciSharpConstant.lean	primary-human	selector complement, protected infrastructure, or integrator reservation
worker_forbidden	exact	NumStability/Source/Higham/Chapter18/Section01/MatrixPowerBounds/NamedBounds/Kreiss.lean	primary-human	selector complement, protected infrastructure, or integrator reservation
worker_forbidden	exact	NumStability/Source/Higham/Chapter18/Section01/MatrixPowerBounds/NamedBounds/Laszlo.lean	primary-human	selector complement, protected infrastructure, or integrator reservation
worker_forbidden	exact	NumStability/Source/Higham/Chapter18/Section01/MatrixPowerBounds/NamedBounds/NumericalRadius.lean	primary-human	selector complement, protected infrastructure, or integrator reservation
worker_forbidden	exact	NumStability/Source/Higham/Chapter18/Section01/MatrixPowerBounds/NamedBounds/SpijkerKreiss.lean	primary-human	selector complement, protected infrastructure, or integrator reservation
worker_forbidden	exact	NumStability/Source/Higham/Chapter18/Section01/MatrixPowerBounds/NamedBounds/SpijkerKreissUnconditional.lean	primary-human	selector complement, protected infrastructure, or integrator reservation
worker_forbidden	exact	NumStability/Source/Higham/Chapter18/Section01/MatrixPowerBounds/NamedBounds/SpijkerProjectionIntegral.lean	primary-human	selector complement, protected infrastructure, or integrator reservation
worker_forbidden	exact	NumStability/Source/Higham/Chapter18/Section01/MatrixPowerBounds/NamedBounds/SpijkerRational.lean	primary-human	selector complement, protected infrastructure, or integrator reservation
worker_forbidden	exact	NumStability/Source/Higham/Chapter18/Section01/SchurDecomposition/All.lean	primary-human	selector complement, protected infrastructure, or integrator reservation
worker_forbidden	exact	NumStability/Source/Higham/Chapter18/Section01/SchurDecomposition/ComplexTriangulation.lean	primary-human	selector complement, protected infrastructure, or integrator reservation
worker_forbidden	exact	NumStability/Source/Higham/Chapter18/Section02.lean	primary-human	selector complement, protected infrastructure, or integrator reservation
worker_forbidden	exact	NumStability/Source/Higham/Chapter18/Section02/FinitePrecisionPowers.lean	primary-human	selector complement, protected infrastructure, or integrator reservation
worker_forbidden	exact	NumStability/Source/Higham/Chapter18/Section02/FinitePrecisionPowers/Equations08To14.lean	primary-human	selector complement, protected infrastructure, or integrator reservation
worker_forbidden	exact	NumStability/Source/Higham/Chapter18/Section02/FinitePrecisionPowers/Equations08To14/All.lean	primary-human	selector complement, protected infrastructure, or integrator reservation
worker_forbidden	exact	NumStability/Source/Higham/Chapter18/Section02/FinitePrecisionPowers/Equations08To14/ComplexSimilarity.lean	primary-human	selector complement, protected infrastructure, or integrator reservation
worker_forbidden	exact	NumStability/Source/Higham/Chapter18/Section02/FinitePrecisionPowers/Equations08To14/ComputedIteration.lean	primary-human	selector complement, protected infrastructure, or integrator reservation
worker_forbidden	exact	NumStability/Source/Higham/Chapter18/Section02/FinitePrecisionPowers/Equations08To14/DunfordResidue.lean	primary-human	selector complement, protected infrastructure, or integrator reservation
worker_forbidden	exact	NumStability/Source/Higham/Chapter18/Section02/FinitePrecisionPowers/Equations08To14/PowerBound.lean	primary-human	selector complement, protected infrastructure, or integrator reservation
worker_forbidden	exact	NumStability/Source/Higham/Chapter18/Section02/FinitePrecisionPowers/Equations08To14/PseudospectralLowerBound.lean	primary-human	selector complement, protected infrastructure, or integrator reservation
worker_forbidden	exact	NumStability/Source/Higham/Chapter18/Section02/FinitePrecisionPowers/Equations08To14/PseudospectralRadius.lean	primary-human	selector complement, protected infrastructure, or integrator reservation
worker_forbidden	exact	NumStability/Source/Higham/Chapter18/Section02/FinitePrecisionPowers/Equations08To14/ResolventCalculus.lean	primary-human	selector complement, protected infrastructure, or integrator reservation
worker_forbidden	exact	NumStability/Source/Higham/Chapter18/Section02/FinitePrecisionPowers/Equations08To14/ResolventLowerBound.lean	primary-human	selector complement, protected infrastructure, or integrator reservation
worker_forbidden	exact	NumStability/Source/Higham/Chapter18/Section02/FinitePrecisionPowers/Theorems01And02.lean	primary-human	selector complement, protected infrastructure, or integrator reservation
worker_forbidden	exact	NumStability/Source/Higham/Chapter18/Section02/FinitePrecisionPowers/Theorems01And02/All.lean	primary-human	selector complement, protected infrastructure, or integrator reservation
worker_forbidden	exact	NumStability/Source/Higham/Chapter18/Section02/FinitePrecisionPowers/Theorems01And02/ComplexJordan.lean	primary-human	selector complement, protected infrastructure, or integrator reservation
worker_forbidden	exact	NumStability/Source/Higham/Chapter18/Section02/FinitePrecisionPowers/Theorems01And02/PseudospectralCriterion.lean	primary-human	selector complement, protected infrastructure, or integrator reservation
worker_forbidden	exact	NumStability/Source/Higham/Chapter18/Section02/FinitePrecisionPowers/Theorems01And02/PseudospectralPackaging.lean	primary-human	selector complement, protected infrastructure, or integrator reservation
worker_forbidden	exact	NumStability/Source/Higham/Chapter18/Section02/FinitePrecisionPowers/Theorems01And02/RealCases.lean	primary-human	selector complement, protected infrastructure, or integrator reservation
worker_forbidden	exact	NumStability/Source/Higham/Chapter18/Section02/FinitePrecisionPowers/Theorems01And02/RealJordan.lean	primary-human	selector complement, protected infrastructure, or integrator reservation
worker_forbidden	exact	NumStability/Source/Higham/Chapter18/Section02/FinitePrecisionPowers/Theorems01And02/SpectralCriterion.lean	primary-human	selector complement, protected infrastructure, or integrator reservation
worker_forbidden	exact	NumStability/Source/Higham/Chapter19.lean	primary-human	selector complement, protected infrastructure, or integrator reservation
worker_forbidden	exact	NumStability/Source/Higham/Chapter19/Algorithm11/CGSRounded.lean	primary-human	selector complement, protected infrastructure, or integrator reservation
worker_forbidden	exact	NumStability/Source/Higham/Chapter19/Algorithm12/MGSClosure.lean	primary-human	selector complement, protected infrastructure, or integrator reservation
worker_forbidden	exact	NumStability/Source/Higham/Chapter19/Algorithm12/MGSNonbreakdown.lean	primary-human	selector complement, protected infrastructure, or integrator reservation
worker_forbidden	exact	NumStability/Source/Higham/Chapter19/Algorithm12/MGSPaddedClosure.lean	primary-human	selector complement, protected infrastructure, or integrator reservation
worker_forbidden	exact	NumStability/Source/Higham/Chapter19/Algorithm12/MGSRepair.lean	primary-human	selector complement, protected infrastructure, or integrator reservation
worker_forbidden	exact	NumStability/Source/Higham/Chapter19/Algorithm12/MGSRounded.lean	primary-human	selector complement, protected infrastructure, or integrator reservation
worker_forbidden	exact	NumStability/Source/Higham/Chapter19/Algorithm12/MGSSourceRate.lean	primary-human	selector complement, protected infrastructure, or integrator reservation
worker_forbidden	exact	NumStability/Source/Higham/Chapter19/Core.lean	primary-human	selector complement, protected infrastructure, or integrator reservation
worker_forbidden	exact	NumStability/Source/Higham/Chapter19/FormedQ.lean	primary-human	selector complement, protected infrastructure, or integrator reservation
worker_forbidden	exact	NumStability/Source/Higham/Chapter19/Labels.lean	primary-human	selector complement, protected infrastructure, or integrator reservation
worker_forbidden	exact	NumStability/Source/Higham/Chapter19/Lemma01/Construction2.lean	primary-human	selector complement, protected infrastructure, or integrator reservation
worker_forbidden	exact	NumStability/Source/Higham/Chapter19/Lemma03/ActualSequence.lean	primary-human	selector complement, protected infrastructure, or integrator reservation
worker_forbidden	exact	NumStability/Source/Higham/Chapter19/Lemma07/Gamma4.lean	primary-human	selector complement, protected infrastructure, or integrator reservation
worker_forbidden	exact	NumStability/Source/Higham/Chapter19/Lemma09/DisjointSweep.lean	primary-human	selector complement, protected infrastructure, or integrator reservation
worker_forbidden	exact	NumStability/Source/Higham/Chapter19/PolarNearest.lean	primary-human	selector complement, protected infrastructure, or integrator reservation
worker_forbidden	exact	NumStability/Source/Higham/Chapter19/Problem06/ActualStep.lean	primary-human	selector complement, protected infrastructure, or integrator reservation
worker_forbidden	exact	NumStability/Source/Higham/Chapter19/Problem09.lean	primary-human	selector complement, protected infrastructure, or integrator reservation
worker_forbidden	exact	NumStability/Source/Higham/Chapter19/Problem10.lean	primary-human	selector complement, protected infrastructure, or integrator reservation
worker_forbidden	exact	NumStability/Source/Higham/Chapter19/Sensitivity.lean	primary-human	selector complement, protected infrastructure, or integrator reservation
worker_forbidden	exact	NumStability/Source/Higham/Chapter19/Sensitivity/Bounds/Results.lean	primary-human	selector complement, protected infrastructure, or integrator reservation
worker_forbidden	exact	NumStability/Source/Higham/Chapter19/Sensitivity/Closure.lean	primary-human	selector complement, protected infrastructure, or integrator reservation
worker_forbidden	exact	NumStability/Source/Higham/Chapter19/StoredLoop.lean	primary-human	selector complement, protected infrastructure, or integrator reservation
worker_forbidden	exact	NumStability/Source/Higham/Chapter19/StoredLoop/AllPivots.lean	primary-human	selector complement, protected infrastructure, or integrator reservation
worker_forbidden	exact	NumStability/Source/Higham/Chapter19/StoredLoop/Perturbation/Bridge.lean	primary-human	selector complement, protected infrastructure, or integrator reservation
worker_forbidden	exact	NumStability/Source/Higham/Chapter19/StoredLoop/StrongModel.lean	primary-human	selector complement, protected infrastructure, or integrator reservation
worker_forbidden	exact	NumStability/Source/Higham/Chapter19/SunBischof.lean	primary-human	selector complement, protected infrastructure, or integrator reservation
worker_forbidden	exact	NumStability/Source/Higham/Chapter19/Theorem05/Nonbreakdown.lean	primary-human	selector complement, protected infrastructure, or integrator reservation
worker_forbidden	exact	NumStability/Source/Higham/Chapter19/Theorem05/SourceClosure.lean	primary-human	selector complement, protected infrastructure, or integrator reservation
worker_forbidden	exact	NumStability/Source/Higham/Chapter19/Theorem06/ActualSource.lean	primary-human	selector complement, protected infrastructure, or integrator reservation
worker_forbidden	exact	NumStability/Source/Higham/Chapter19/Theorem06/ColumnPivot.lean	primary-human	selector complement, protected infrastructure, or integrator reservation
worker_forbidden	exact	NumStability/Source/Higham/Chapter19/Theorem06/ColumnPivotFull.lean	primary-human	selector complement, protected infrastructure, or integrator reservation
worker_forbidden	exact	NumStability/Source/Higham/Chapter19/Theorem06/CoxHigham.lean	primary-human	selector complement, protected infrastructure, or integrator reservation
worker_forbidden	exact	NumStability/Source/Higham/Chapter19/Theorem06/CoxHighamAssembly.lean	primary-human	selector complement, protected infrastructure, or integrator reservation
worker_forbidden	exact	NumStability/Source/Higham/Chapter19/Theorem06/CoxHighamConcrete.lean	primary-human	selector complement, protected infrastructure, or integrator reservation
worker_forbidden	exact	NumStability/Source/Higham/Chapter19/Theorem06/CoxHighamFull.lean	primary-human	selector complement, protected infrastructure, or integrator reservation
worker_forbidden	exact	NumStability/Source/Higham/Chapter19/Theorem06/Elementwise.lean	primary-human	selector complement, protected infrastructure, or integrator reservation
worker_forbidden	exact	NumStability/Source/Higham/Chapter19/Theorem06/ElementwiseEntry.lean	primary-human	selector complement, protected infrastructure, or integrator reservation
worker_forbidden	exact	NumStability/Source/Higham/Chapter19/Theorem06/ElementwisePackaged.lean	primary-human	selector complement, protected infrastructure, or integrator reservation
worker_forbidden	exact	NumStability/Source/Higham/Chapter19/Theorem06/Final.lean	primary-human	selector complement, protected infrastructure, or integrator reservation
worker_forbidden	exact	NumStability/Source/Higham/Chapter19/Theorem06/Pivoted.lean	primary-human	selector complement, protected infrastructure, or integrator reservation
worker_forbidden	exact	NumStability/Source/Higham/Chapter19/Theorem06/RowSpecific.lean	primary-human	selector complement, protected infrastructure, or integrator reservation
worker_forbidden	exact	NumStability/Source/Higham/Chapter19/Theorem06/StrongModel.lean	primary-human	selector complement, protected infrastructure, or integrator reservation
worker_forbidden	exact	NumStability/Source/Higham/Chapter19/Theorem10/ActualMatrix.lean	primary-human	selector complement, protected infrastructure, or integrator reservation
worker_forbidden	exact	NumStability/Source/Higham/Chapter19/TurnbullAitken.lean	primary-human	selector complement, protected infrastructure, or integrator reservation
worker_forbidden	exact	NumStability/Source/Higham/Chapter19/WYApplicationClosure.lean	primary-human	selector complement, protected infrastructure, or integrator reservation
worker_forbidden	exact	NumStability/Source/Higham/Chapter20.lean	primary-human	selector complement, protected infrastructure, or integrator reservation
worker_forbidden	exact	NumStability/Source/Higham/Chapter20/Equation32.lean	primary-human	selector complement, protected infrastructure, or integrator reservation
worker_forbidden	exact	NumStability/Source/Higham/Chapter20/Equations.lean	primary-human	selector complement, protected infrastructure, or integrator reservation
worker_forbidden	exact	NumStability/Source/Higham/Chapter20/Equations/Core/Results.lean	primary-human	selector complement, protected infrastructure, or integrator reservation
worker_forbidden	exact	NumStability/Source/Higham/Chapter20/Equations/WeightedLimit.lean	primary-human	selector complement, protected infrastructure, or integrator reservation
worker_forbidden	exact	NumStability/Source/Higham/Chapter20/Examples/Condition.lean	primary-human	selector complement, protected infrastructure, or integrator reservation
worker_forbidden	exact	NumStability/Source/Higham/Chapter20/Examples/CrossProduct.lean	primary-human	selector complement, protected infrastructure, or integrator reservation
worker_forbidden	exact	NumStability/Source/Higham/Chapter20/Examples/GeneralRank.lean	primary-human	selector complement, protected infrastructure, or integrator reservation
worker_forbidden	exact	NumStability/Source/Higham/Chapter20/Lemma06.lean	primary-human	selector complement, protected infrastructure, or integrator reservation
worker_forbidden	exact	NumStability/Source/Higham/Chapter20/Lemma11.lean	primary-human	selector complement, protected infrastructure, or integrator reservation
worker_forbidden	exact	NumStability/Source/Higham/Chapter20/Lemma11/Core/Results.lean	primary-human	selector complement, protected infrastructure, or integrator reservation
worker_forbidden	exact	NumStability/Source/Higham/Chapter20/Lemma11/Support.lean	primary-human	selector complement, protected infrastructure, or integrator reservation
worker_forbidden	exact	NumStability/Source/Higham/Chapter20/Lemma12.lean	primary-human	selector complement, protected infrastructure, or integrator reservation
worker_forbidden	exact	NumStability/Source/Higham/Chapter20/MinimumNormBackwardError.lean	primary-human	selector complement, protected infrastructure, or integrator reservation
worker_forbidden	exact	NumStability/Source/Higham/Chapter20/NormalEquations.lean	primary-human	selector complement, protected infrastructure, or integrator reservation
worker_forbidden	exact	NumStability/Source/Higham/Chapter20/Problem03.lean	primary-human	selector complement, protected infrastructure, or integrator reservation
worker_forbidden	exact	NumStability/Source/Higham/Chapter20/Problem05/MGSStability.lean	primary-human	selector complement, protected infrastructure, or integrator reservation
worker_forbidden	exact	NumStability/Source/Higham/Chapter20/Prose.lean	primary-human	selector complement, protected infrastructure, or integrator reservation
worker_forbidden	exact	NumStability/Source/Higham/Chapter20/Prose/Core/Results.lean	primary-human	selector complement, protected infrastructure, or integrator reservation
worker_forbidden	exact	NumStability/Source/Higham/Chapter20/Prose/MoorePenrose.lean	primary-human	selector complement, protected infrastructure, or integrator reservation
worker_forbidden	exact	NumStability/Source/Higham/Chapter20/Prose/Quantitative.lean	primary-human	selector complement, protected infrastructure, or integrator reservation
worker_forbidden	exact	NumStability/Source/Higham/Chapter20/Remaining.lean	primary-human	selector complement, protected infrastructure, or integrator reservation
worker_forbidden	exact	NumStability/Source/Higham/Chapter20/Section02/Algorithms.lean	primary-human	selector complement, protected infrastructure, or integrator reservation
worker_forbidden	exact	NumStability/Source/Higham/Chapter20/Theorem01.lean	primary-human	selector complement, protected infrastructure, or integrator reservation
worker_forbidden	exact	NumStability/Source/Higham/Chapter20/Theorem02/AlternativeBound.lean	primary-human	selector complement, protected infrastructure, or integrator reservation
worker_forbidden	exact	NumStability/Source/Higham/Chapter20/Theorem03.lean	primary-human	selector complement, protected infrastructure, or integrator reservation
worker_forbidden	exact	NumStability/Source/Higham/Chapter20/Theorem03/Core/Results.lean	primary-human	selector complement, protected infrastructure, or integrator reservation
worker_forbidden	exact	NumStability/Source/Higham/Chapter20/Theorem03/QRSolve.lean	primary-human	selector complement, protected infrastructure, or integrator reservation
worker_forbidden	exact	NumStability/Source/Higham/Chapter20/Theorem03/ResidualQuality.lean	primary-human	selector complement, protected infrastructure, or integrator reservation
worker_forbidden	exact	NumStability/Source/Higham/Chapter20/Theorem03/ZeroDeltaB.lean	primary-human	selector complement, protected infrastructure, or integrator reservation
worker_forbidden	exact	NumStability/Source/Higham/Chapter20/Theorem04.lean	primary-human	selector complement, protected infrastructure, or integrator reservation
worker_forbidden	exact	NumStability/Source/Higham/Chapter20/Theorem04/Core/Results.lean	primary-human	selector complement, protected infrastructure, or integrator reservation
worker_forbidden	exact	NumStability/Source/Higham/Chapter20/Theorem04/Refinement.lean	primary-human	selector complement, protected infrastructure, or integrator reservation
worker_forbidden	exact	NumStability/Source/Higham/Chapter20/Theorem07.lean	primary-human	selector complement, protected infrastructure, or integrator reservation
worker_forbidden	exact	NumStability/Source/Higham/Chapter20/Theorem07/ActualAssembly.lean	primary-human	selector complement, protected infrastructure, or integrator reservation
worker_forbidden	exact	NumStability/Source/Higham/Chapter20/Theorem07/ActualBackSub.lean	primary-human	selector complement, protected infrastructure, or integrator reservation
worker_forbidden	exact	NumStability/Source/Higham/Chapter20/Theorem07/ActualClosure.lean	primary-human	selector complement, protected infrastructure, or integrator reservation
worker_forbidden	exact	NumStability/Source/Higham/Chapter20/Theorem07/ActualGrowth.lean	primary-human	selector complement, protected infrastructure, or integrator reservation
worker_forbidden	exact	NumStability/Source/Higham/Chapter20/Theorem07/ActualRhs.lean	primary-human	selector complement, protected infrastructure, or integrator reservation
worker_forbidden	exact	NumStability/Source/Higham/Chapter20/Theorem07/ActualTrace.lean	primary-human	selector complement, protected infrastructure, or integrator reservation
worker_forbidden	exact	NumStability/Source/Higham/Chapter20/Theorem07/Contract.lean	primary-human	selector complement, protected infrastructure, or integrator reservation
worker_forbidden	exact	NumStability/Source/Higham/Chapter20/Theorem07/Core/Results.lean	primary-human	selector complement, protected infrastructure, or integrator reservation
worker_forbidden	exact	NumStability/Source/Higham/Chapter20/Theorem07/Elimination.lean	primary-human	selector complement, protected infrastructure, or integrator reservation
worker_forbidden	exact	NumStability/Source/Higham/Chapter20/Theorem07/QdR.lean	primary-human	selector complement, protected infrastructure, or integrator reservation
worker_forbidden	exact	NumStability/Source/Higham/Chapter20/Theorem07/RowPolicy.lean	primary-human	selector complement, protected infrastructure, or integrator reservation
worker_forbidden	exact	NumStability/Source/Higham/Chapter20/Theorem07/Runtime.lean	primary-human	selector complement, protected infrastructure, or integrator reservation
worker_forbidden	exact	NumStability/Source/Higham/Chapter20/Theorem07/SourceTrace.lean	primary-human	selector complement, protected infrastructure, or integrator reservation
worker_forbidden	exact	NumStability/Source/Higham/Chapter20/Theorem08.lean	primary-human	selector complement, protected infrastructure, or integrator reservation
worker_forbidden	exact	NumStability/Source/Higham/Chapter20/Theorem08/Core/Results.lean	primary-human	selector complement, protected infrastructure, or integrator reservation
worker_forbidden	exact	NumStability/Source/Higham/Chapter20/Theorem08/LSE.lean	primary-human	selector complement, protected infrastructure, or integrator reservation
worker_forbidden	exact	NumStability/Source/Higham/Chapter20/Theorem10.lean	primary-human	selector complement, protected infrastructure, or integrator reservation
worker_forbidden	exact	NumStability/Source/Higham/Chapter21.lean	primary-human	selector complement, protected infrastructure, or integrator reservation
worker_forbidden	exact	NumStability/Source/Higham/Chapter21/Attainability/Results.lean	primary-human	selector complement, protected infrastructure, or integrator reservation
worker_forbidden	exact	NumStability/Source/Higham/Chapter21/Corrections/CorrectedMGS/RoundedReplay.lean	primary-human	selector complement, protected infrastructure, or integrator reservation
worker_forbidden	exact	NumStability/Source/Higham/Chapter21/Corrections/Problem19_12/RoundedReplay.lean	primary-human	selector complement, protected infrastructure, or integrator reservation
worker_forbidden	exact	NumStability/Source/Higham/Chapter21/Equation01/QRFoundations.lean	primary-human	selector complement, protected infrastructure, or integrator reservation
worker_forbidden	exact	NumStability/Source/Higham/Chapter21/Equation01/UnderdeterminedSolve.lean	primary-human	selector complement, protected infrastructure, or integrator reservation
worker_forbidden	exact	NumStability/Source/Higham/Chapter21/Equation02/UnderdeterminedSolve.lean	primary-human	selector complement, protected infrastructure, or integrator reservation
worker_forbidden	exact	NumStability/Source/Higham/Chapter21/Equation03/QRFoundations.lean	primary-human	selector complement, protected infrastructure, or integrator reservation
worker_forbidden	exact	NumStability/Source/Higham/Chapter21/Equation03/UnderdeterminedSolve.lean	primary-human	selector complement, protected infrastructure, or integrator reservation
worker_forbidden	exact	NumStability/Source/Higham/Chapter21/Equation04/Pseudoinverse.lean	primary-human	selector complement, protected infrastructure, or integrator reservation
worker_forbidden	exact	NumStability/Source/Higham/Chapter21/Equation04/QRFoundations.lean	primary-human	selector complement, protected infrastructure, or integrator reservation
worker_forbidden	exact	NumStability/Source/Higham/Chapter21/Equation04/UnderdeterminedSpec.lean	primary-human	selector complement, protected infrastructure, or integrator reservation
worker_forbidden	exact	NumStability/Source/Higham/Chapter21/Equation05/UnderdeterminedSolve.lean	primary-human	selector complement, protected infrastructure, or integrator reservation
worker_forbidden	exact	NumStability/Source/Higham/Chapter21/Equation05/UnderdeterminedSpec.lean	primary-human	selector complement, protected infrastructure, or integrator reservation
worker_forbidden	exact	NumStability/Source/Higham/Chapter21/Equation06/Perturbation.lean	primary-human	selector complement, protected infrastructure, or integrator reservation
worker_forbidden	exact	NumStability/Source/Higham/Chapter21/Equation07/ConditionTransfer.lean	primary-human	selector complement, protected infrastructure, or integrator reservation
worker_forbidden	exact	NumStability/Source/Higham/Chapter21/Equation07/UnderdeterminedSolve.lean	primary-human	selector complement, protected infrastructure, or integrator reservation
worker_forbidden	exact	NumStability/Source/Higham/Chapter21/Equation08/EquationClosure.lean	primary-human	selector complement, protected infrastructure, or integrator reservation
worker_forbidden	exact	NumStability/Source/Higham/Chapter21/Equation08/ProjectorNorm.lean	primary-human	selector complement, protected infrastructure, or integrator reservation
worker_forbidden	exact	NumStability/Source/Higham/Chapter21/Equation08/Results/Core.lean	primary-human	selector complement, protected infrastructure, or integrator reservation
worker_forbidden	exact	NumStability/Source/Higham/Chapter21/Equation09/EquationClosure.lean	primary-human	selector complement, protected infrastructure, or integrator reservation
worker_forbidden	exact	NumStability/Source/Higham/Chapter21/Equation09/ProjectorNorm.lean	primary-human	selector complement, protected infrastructure, or integrator reservation
worker_forbidden	exact	NumStability/Source/Higham/Chapter21/Equation09/Results/Core.lean	primary-human	selector complement, protected infrastructure, or integrator reservation
worker_forbidden	exact	NumStability/Source/Higham/Chapter21/Equation10/Closure.lean	primary-human	selector complement, protected infrastructure, or integrator reservation
worker_forbidden	exact	NumStability/Source/Higham/Chapter21/Equation10/RoundedReplay.lean	primary-human	selector complement, protected infrastructure, or integrator reservation
worker_forbidden	exact	NumStability/Source/Higham/Chapter21/Equation10/UnderdeterminedSolve.lean	primary-human	selector complement, protected infrastructure, or integrator reservation
worker_forbidden	exact	NumStability/Source/Higham/Chapter21/Equation11/ActualOutput.lean	primary-human	selector complement, protected infrastructure, or integrator reservation
worker_forbidden	exact	NumStability/Source/Higham/Chapter21/Equation11/Closure.lean	primary-human	selector complement, protected infrastructure, or integrator reservation
worker_forbidden	exact	NumStability/Source/Higham/Chapter21/Equation11/Equation.lean	primary-human	selector complement, protected infrastructure, or integrator reservation
worker_forbidden	exact	NumStability/Source/Higham/Chapter21/Equation11/Forward.lean	primary-human	selector complement, protected infrastructure, or integrator reservation
worker_forbidden	exact	NumStability/Source/Higham/Chapter21/Equation11/RemainderBounds.lean	primary-human	selector complement, protected infrastructure, or integrator reservation
worker_forbidden	exact	NumStability/Source/Higham/Chapter21/Equation11/Results/Core.lean	primary-human	selector complement, protected infrastructure, or integrator reservation
worker_forbidden	exact	NumStability/Source/Higham/Chapter21/Equation11/Scalar.lean	primary-human	selector complement, protected infrastructure, or integrator reservation
worker_forbidden	exact	NumStability/Source/Higham/Chapter21/Equation11/ScalarCase/Core.lean	primary-human	selector complement, protected infrastructure, or integrator reservation
worker_forbidden	exact	NumStability/Source/Higham/Chapter21/Equation11/UnderdeterminedSolve.lean	primary-human	selector complement, protected infrastructure, or integrator reservation
worker_forbidden	exact	NumStability/Source/Higham/Chapter21/Equation11/Uniform.lean	primary-human	selector complement, protected infrastructure, or integrator reservation
worker_forbidden	exact	NumStability/Source/Higham/Chapter21/Equation11/UniformClosure.lean	primary-human	selector complement, protected infrastructure, or integrator reservation
worker_forbidden	exact	NumStability/Source/Higham/Chapter21/Equation11/UniformEnvelope/Core.lean	primary-human	selector complement, protected infrastructure, or integrator reservation
worker_forbidden	exact	NumStability/Source/Higham/Chapter21/Lemma02/Symmetrization/UnderdeterminedSolve.lean	primary-human	selector complement, protected infrastructure, or integrator reservation
worker_forbidden	exact	NumStability/Source/Higham/Chapter21/Lemma02/Symmetrization/UnderdeterminedSpec.lean	primary-human	selector complement, protected infrastructure, or integrator reservation
worker_forbidden	exact	NumStability/Source/Higham/Chapter21/RowScalingInvariance.lean	primary-human	selector complement, protected infrastructure, or integrator reservation
worker_forbidden	exact	NumStability/Source/Higham/Chapter21/Section03/MethodComparison/Core.lean	primary-human	selector complement, protected infrastructure, or integrator reservation
worker_forbidden	exact	NumStability/Source/Higham/Chapter21/Theorem01/Attainability/Attainability.lean	primary-human	selector complement, protected infrastructure, or integrator reservation
worker_forbidden	exact	NumStability/Source/Higham/Chapter21/Theorem01/ComponentwisePerturbation/Radius.lean	primary-human	selector complement, protected infrastructure, or integrator reservation
worker_forbidden	exact	NumStability/Source/Higham/Chapter21/Theorem01/ComponentwisePerturbation/RankStability.lean	primary-human	selector complement, protected infrastructure, or integrator reservation
worker_forbidden	exact	NumStability/Source/Higham/Chapter21/Theorem01/ComponentwisePerturbation/UnderdeterminedSpec.lean	primary-human	selector complement, protected infrastructure, or integrator reservation
worker_forbidden	exact	NumStability/Source/Higham/Chapter21/Theorem03.lean	primary-human	selector complement, protected infrastructure, or integrator reservation
worker_forbidden	exact	NumStability/Source/Higham/Chapter21/Theorem03/Attainment.lean	primary-human	selector complement, protected infrastructure, or integrator reservation
worker_forbidden	exact	NumStability/Source/Higham/Chapter21/Theorem03/NormwiseBackwardError/UnderdeterminedSolve.lean	primary-human	selector complement, protected infrastructure, or integrator reservation
worker_forbidden	exact	NumStability/Source/Higham/Chapter21/Theorem04.lean	primary-human	selector complement, protected infrastructure, or integrator reservation
worker_forbidden	exact	NumStability/Source/Higham/Chapter21/Theorem04/GivensQMethod/Closure.lean	primary-human	selector complement, protected infrastructure, or integrator reservation
worker_forbidden	exact	NumStability/Source/Higham/Chapter21/Theorem04/GivensQMethod/Core.lean	primary-human	selector complement, protected infrastructure, or integrator reservation
worker_forbidden	exact	NumStability/Source/Higham/Chapter21/Theorem04/GivensQMethod/RoundedReplay.lean	primary-human	selector complement, protected infrastructure, or integrator reservation
worker_forbidden	exact	NumStability/Source/Higham/Chapter21/Theorem04/HouseholderQMethod/UnderdeterminedSolve.lean	primary-human	selector complement, protected infrastructure, or integrator reservation
worker_forbidden	exact	NumStability/Source/Higham/Chapter21/Theorem04/ModifiedGramSchmidtQMethod/Core.lean	primary-human	selector complement, protected infrastructure, or integrator reservation
worker_forbidden	exact	NumStability/Source/Higham/Chapter21/Theorem04/ModifiedGramSchmidtQMethod/RoundedReplay.lean	primary-human	selector complement, protected infrastructure, or integrator reservation
worker_forbidden	exact	NumStability/Source/Higham/Chapter21/Theorem04/RowwiseBackwardError.lean	primary-human	selector complement, protected infrastructure, or integrator reservation
worker_forbidden	exact	NumStability/Source/Higham/Chapter21/Theorem04/SeminormalEquations/ActualOutput.lean	primary-human	selector complement, protected infrastructure, or integrator reservation
worker_forbidden	exact	NumStability/Source/Higham/Chapter21/Theorem04/SeminormalEquations/Closure.lean	primary-human	selector complement, protected infrastructure, or integrator reservation
worker_forbidden	exact	NumStability/Source/Higham/Chapter21/Theorem04/SeminormalEquations/EnvelopeTransfer.lean	primary-human	selector complement, protected infrastructure, or integrator reservation
worker_forbidden	exact	NumStability/Source/Higham/Chapter21/Theorem04/SeminormalEquations/Forward.lean	primary-human	selector complement, protected infrastructure, or integrator reservation
worker_forbidden	exact	NumStability/Source/Higham/Chapter21/Theorem04/SeminormalEquations/QRMajorant.lean	primary-human	selector complement, protected infrastructure, or integrator reservation
worker_forbidden	exact	NumStability/Source/Higham/Chapter21/Theorem04/SeminormalEquations/RemainderBounds.lean	primary-human	selector complement, protected infrastructure, or integrator reservation
worker_forbidden	exact	NumStability/Source/Higham/Chapter21/Theorem04/SeminormalEquations/Signed.lean	primary-human	selector complement, protected infrastructure, or integrator reservation
worker_forbidden	exact	NumStability/Source/Higham/Chapter21/Theorem04/SeminormalEquations/Uniform.lean	primary-human	selector complement, protected infrastructure, or integrator reservation
worker_forbidden	exact	NumStability/Source/Higham/Chapter21/Theorem04/SourceClosure/SourceClosure.lean	primary-human	selector complement, protected infrastructure, or integrator reservation
worker_forbidden	exact	NumStability/Source/Higham/Chapter21/Theorem04/SourceClosure/Supplement/Core.lean	primary-human	selector complement, protected infrastructure, or integrator reservation
worker_forbidden	exact	NumStability/Source/Higham/Chapter22.lean	primary-human	selector complement, protected infrastructure, or integrator reservation
worker_forbidden	exact	NumStability/Source/Higham/Chapter22/MonomialResidual.lean	primary-human	selector complement, protected infrastructure, or integrator reservation
worker_forbidden	exact	NumStability/Source/Higham/Chapter22/Problem07.lean	primary-human	selector complement, protected infrastructure, or integrator reservation
worker_forbidden	exact	NumStability/Source/Higham/Chapter22/Section03.lean	primary-human	selector complement, protected infrastructure, or integrator reservation
worker_forbidden	exact	NumStability/Source/Higham/Chapter22/Section03/ComplexConfluentRefinement.lean	primary-human	selector complement, protected infrastructure, or integrator reservation
worker_forbidden	exact	NumStability/Source/Higham/Chapter22/Section03/RealRefinement.lean	primary-human	selector complement, protected infrastructure, or integrator reservation
worker_forbidden	exact	NumStability/Source/Higham/Chapter22/VandermondeSystems.lean	primary-human	selector complement, protected infrastructure, or integrator reservation
worker_forbidden	exact	NumStability/Source/Higham/Chapter23.lean	primary-human	selector complement, protected infrastructure, or integrator reservation
worker_forbidden	exact	NumStability/Source/Higham/Chapter23/BalancedScaling.lean	primary-human	selector complement, protected infrastructure, or integrator reservation
worker_forbidden	exact	NumStability/Source/Higham/Chapter23/BilinearAlgorithm.lean	primary-human	selector complement, protected infrastructure, or integrator reservation
worker_forbidden	exact	NumStability/Source/Higham/Chapter23/BiniLotti.lean	primary-human	selector complement, protected infrastructure, or integrator reservation
worker_forbidden	exact	NumStability/Source/Higham/Chapter23/BiniLotti/ExactMajorant.lean	primary-human	selector complement, protected infrastructure, or integrator reservation
worker_forbidden	exact	NumStability/Source/Higham/Chapter23/BiniLotti/Execution.lean	primary-human	selector complement, protected infrastructure, or integrator reservation
worker_forbidden	exact	NumStability/Source/Higham/Chapter23/BiniLotti/FirstOrder.lean	primary-human	selector complement, protected infrastructure, or integrator reservation
worker_forbidden	exact	NumStability/Source/Higham/Chapter23/BiniLotti/RecursiveAlgebra.lean	primary-human	selector complement, protected infrastructure, or integrator reservation
worker_forbidden	exact	NumStability/Source/Higham/Chapter23/BlockAlgorithms.lean	primary-human	selector complement, protected infrastructure, or integrator reservation
worker_forbidden	exact	NumStability/Source/Higham/Chapter23/ConventionalMultiplication.lean	primary-human	selector complement, protected infrastructure, or integrator reservation
worker_forbidden	exact	NumStability/Source/Higham/Chapter23/Equation11.lean	primary-human	selector complement, protected infrastructure, or integrator reservation
worker_forbidden	exact	NumStability/Source/Higham/Chapter23/ErrorRecurrences.lean	primary-human	selector complement, protected infrastructure, or integrator reservation
worker_forbidden	exact	NumStability/Source/Higham/Chapter23/GammaAsymptotics.lean	primary-human	selector complement, protected infrastructure, or integrator reservation
worker_forbidden	exact	NumStability/Source/Higham/Chapter23/Problem08.lean	primary-human	selector complement, protected infrastructure, or integrator reservation
worker_forbidden	exact	NumStability/Source/Higham/Chapter23/Theorem02.lean	primary-human	selector complement, protected infrastructure, or integrator reservation
worker_forbidden	exact	NumStability/Source/Higham/Chapter23/Theorem02/ErrorBound.lean	primary-human	selector complement, protected infrastructure, or integrator reservation
worker_forbidden	exact	NumStability/Source/Higham/Chapter23/Theorem02/ErrorRelations.lean	primary-human	selector complement, protected infrastructure, or integrator reservation
worker_forbidden	exact	NumStability/Source/Higham/Chapter23/Theorem02/ExactMajorant.lean	primary-human	selector complement, protected infrastructure, or integrator reservation
worker_forbidden	exact	NumStability/Source/Higham/Chapter23/Theorem02/Execution.lean	primary-human	selector complement, protected infrastructure, or integrator reservation
worker_forbidden	exact	NumStability/Source/Higham/Chapter23/Theorem02/RecursiveMatrix.lean	primary-human	selector complement, protected infrastructure, or integrator reservation
worker_forbidden	exact	NumStability/Source/Higham/Chapter23/Theorem03.lean	primary-human	selector complement, protected infrastructure, or integrator reservation
worker_forbidden	exact	NumStability/Source/Higham/Chapter23/Theorem03/Certificates.lean	primary-human	selector complement, protected infrastructure, or integrator reservation
worker_forbidden	exact	NumStability/Source/Higham/Chapter23/Theorem03/ErrorBound.lean	primary-human	selector complement, protected infrastructure, or integrator reservation
worker_forbidden	exact	NumStability/Source/Higham/Chapter23/Theorem03/ExactMajorant.lean	primary-human	selector complement, protected infrastructure, or integrator reservation
worker_forbidden	exact	NumStability/Source/Higham/Chapter23/Theorem03/Execution.lean	primary-human	selector complement, protected infrastructure, or integrator reservation
worker_forbidden	exact	NumStability/Source/Higham/Chapter23/ThreeM.lean	primary-human	selector complement, protected infrastructure, or integrator reservation
worker_forbidden	exact	NumStability/Source/Higham/Chapter23/ThreeMStrassen.lean	primary-human	selector complement, protected infrastructure, or integrator reservation
worker_forbidden	exact	NumStability/Source/Higham/Chapter23/ThreeMStrassen/ExactMajorant.lean	primary-human	selector complement, protected infrastructure, or integrator reservation
worker_forbidden	exact	NumStability/Source/Higham/Chapter23/ThreeMStrassen/Execution.lean	primary-human	selector complement, protected infrastructure, or integrator reservation
worker_forbidden	exact	NumStability/Source/Higham/Chapter23/ThreeMStrassen/FirstOrder.lean	primary-human	selector complement, protected infrastructure, or integrator reservation
worker_forbidden	exact	NumStability/Source/Higham/Chapter23/WinogradInnerProduct.lean	primary-human	selector complement, protected infrastructure, or integrator reservation
worker_forbidden	exact	NumStability/Source/Higham/Chapter24.lean	primary-human	selector complement, protected infrastructure, or integrator reservation
worker_forbidden	exact	NumStability/Source/Higham/Chapter24/CirculantForwardError.lean	primary-human	selector complement, protected infrastructure, or integrator reservation
worker_forbidden	exact	NumStability/Source/Higham/Chapter24/CirculantSystems.lean	primary-human	selector complement, protected infrastructure, or integrator reservation
worker_forbidden	exact	NumStability/Source/Higham/Chapter24/FFTBackwardStability.lean	primary-human	selector complement, protected infrastructure, or integrator reservation
worker_forbidden	exact	NumStability/Source/Higham/Chapter24/ForwardFFTPerturbation.lean	primary-human	selector complement, protected infrastructure, or integrator reservation
worker_forbidden	exact	NumStability/Source/Higham/Chapter24/FourierTransform.lean	primary-human	selector complement, protected infrastructure, or integrator reservation
worker_forbidden	exact	NumStability/Source/Higham/Chapter24/InverseFFT.lean	primary-human	selector complement, protected infrastructure, or integrator reservation
worker_forbidden	exact	NumStability/Source/Higham/Chapter24/Radix2FFT.lean	primary-human	selector complement, protected infrastructure, or integrator reservation
worker_forbidden	exact	NumStability/Source/Higham/Chapter24/RoundedCirculantSolver.lean	primary-human	selector complement, protected infrastructure, or integrator reservation
worker_forbidden	exact	NumStability/Source/Higham/Chapter24/RoundedDiagonalSolve.lean	primary-human	selector complement, protected infrastructure, or integrator reservation
worker_forbidden	exact	NumStability/Source/Higham/Chapter24/StructuredMixedStability.lean	primary-human	selector complement, protected infrastructure, or integrator reservation
worker_forbidden	exact	NumStability/Source/Higham/Chapter25.lean	primary-human	selector complement, protected infrastructure, or integrator reservation
worker_forbidden	exact	NumStability/Source/Higham/Chapter25/Eigenproblem.lean	primary-human	selector complement, protected infrastructure, or integrator reservation
worker_forbidden	exact	NumStability/Source/Higham/Chapter25/NonlinearSystems.lean	primary-human	selector complement, protected infrastructure, or integrator reservation
worker_forbidden	exact	NumStability/Source/Higham/Chapter25/Problem01.lean	primary-human	selector complement, protected infrastructure, or integrator reservation
worker_forbidden	exact	NumStability/Source/Higham/Chapter26.lean	primary-human	selector complement, protected infrastructure, or integrator reservation
worker_forbidden	exact	NumStability/Source/Higham/Chapter26/AlternatingDirections.lean	primary-human	selector complement, protected infrastructure, or integrator reservation
worker_forbidden	exact	NumStability/Source/Higham/Chapter26/AlternatingDirections/CrudeLineSearch.lean	primary-human	selector complement, protected infrastructure, or integrator reservation
worker_forbidden	exact	NumStability/Source/Higham/Chapter26/AlternatingDirections/ExactExecution.lean	primary-human	selector complement, protected infrastructure, or integrator reservation
worker_forbidden	exact	NumStability/Source/Higham/Chapter26/CubicRoots.lean	primary-human	selector complement, protected infrastructure, or integrator reservation
worker_forbidden	exact	NumStability/Source/Higham/Chapter26/CubicRoots/DepressedCubic.lean	primary-human	selector complement, protected infrastructure, or integrator reservation
worker_forbidden	exact	NumStability/Source/Higham/Chapter26/CubicRoots/MonicCubic.lean	primary-human	selector complement, protected infrastructure, or integrator reservation
worker_forbidden	exact	NumStability/Source/Higham/Chapter26/Equation01.lean	primary-human	selector complement, protected infrastructure, or integrator reservation
worker_forbidden	exact	NumStability/Source/Higham/Chapter26/Equation02.lean	primary-human	selector complement, protected infrastructure, or integrator reservation
worker_forbidden	exact	NumStability/Source/Higham/Chapter26/Equation03.lean	primary-human	selector complement, protected infrastructure, or integrator reservation
worker_forbidden	exact	NumStability/Source/Higham/Chapter26/Equation04.lean	primary-human	selector complement, protected infrastructure, or integrator reservation
worker_forbidden	exact	NumStability/Source/Higham/Chapter26/Equation05.lean	primary-human	selector complement, protected infrastructure, or integrator reservation
worker_forbidden	exact	NumStability/Source/Higham/Chapter26/Equation05/CardanoRoots.lean	primary-human	selector complement, protected infrastructure, or integrator reservation
worker_forbidden	exact	NumStability/Source/Higham/Chapter26/Equation05/ComplexBranches.lean	primary-human	selector complement, protected infrastructure, or integrator reservation
worker_forbidden	exact	NumStability/Source/Higham/Chapter26/Equation05/RealBranches.lean	primary-human	selector complement, protected infrastructure, or integrator reservation
worker_forbidden	exact	NumStability/Source/Higham/Chapter26/Equation05/ZeroBranchDiscrepancy.lean	primary-human	selector complement, protected infrastructure, or integrator reservation
worker_forbidden	exact	NumStability/Source/Higham/Chapter26/Equation06.lean	primary-human	selector complement, protected infrastructure, or integrator reservation
worker_forbidden	exact	NumStability/Source/Higham/Chapter26/Equation07.lean	primary-human	selector complement, protected infrastructure, or integrator reservation
worker_forbidden	exact	NumStability/Source/Higham/Chapter26/Equation08.lean	primary-human	selector complement, protected infrastructure, or integrator reservation
worker_forbidden	exact	NumStability/Source/Higham/Chapter26/IntervalArithmetic.lean	primary-human	selector complement, protected infrastructure, or integrator reservation
worker_forbidden	exact	NumStability/Source/Higham/Chapter26/IntervalArithmetic/DependencyExamples.lean	primary-human	selector complement, protected infrastructure, or integrator reservation
worker_forbidden	exact	NumStability/Source/Higham/Chapter26/IntervalArithmetic/DirectedRounding.lean	primary-human	selector complement, protected infrastructure, or integrator reservation
worker_forbidden	exact	NumStability/Source/Higham/Chapter26/IntervalArithmetic/ExactOperations.lean	primary-human	selector complement, protected infrastructure, or integrator reservation
worker_forbidden	exact	NumStability/Source/Higham/Chapter26/MultidirectionalSearch.lean	primary-human	selector complement, protected infrastructure, or integrator reservation
worker_forbidden	exact	NumStability/Source/Higham/Chapter26/MultidirectionalSearch/Execution.lean	primary-human	selector complement, protected infrastructure, or integrator reservation
worker_forbidden	exact	NumStability/Source/Higham/Chapter26/MultidirectionalSearch/InitialSimplexGeometry.lean	primary-human	selector complement, protected infrastructure, or integrator reservation
worker_forbidden	exact	NumStability/Source/Higham/Chapter26/MultidirectionalSearch/RegularSimplex.lean	primary-human	selector complement, protected infrastructure, or integrator reservation
worker_forbidden	exact	NumStability/Source/Higham/Chapter26/MultidirectionalSearch/RightAngledSimplex.lean	primary-human	selector complement, protected infrastructure, or integrator reservation
worker_forbidden	exact	NumStability/Source/Higham/Chapter26/MultidirectionalSearch/Simplex.lean	primary-human	selector complement, protected infrastructure, or integrator reservation
worker_forbidden	exact	NumStability/Source/Higham/Chapter27.lean	primary-human	selector complement, protected infrastructure, or integrator reservation
worker_forbidden	exact	NumStability/Source/Higham/Chapter27/Problem06.lean	primary-human	selector complement, protected infrastructure, or integrator reservation
worker_forbidden	exact	NumStability/Source/Higham/Chapter27/SoftwareEnvironment.lean	primary-human	selector complement, protected infrastructure, or integrator reservation
worker_forbidden	exact	NumStability/Source/Higham/Chapter28.lean	primary-human	selector complement, protected infrastructure, or integrator reservation
worker_forbidden	exact	NumStability/Source/Higham/Chapter28/Equation01/HilbertInverse/Basic.lean	primary-human	selector complement, protected infrastructure, or integrator reservation
worker_forbidden	exact	NumStability/Source/Higham/Chapter28/Equation01/HilbertInverse/Exact.lean	primary-human	selector complement, protected infrastructure, or integrator reservation
worker_forbidden	exact	NumStability/Source/Higham/Chapter28/Equation02.lean	primary-human	selector complement, protected infrastructure, or integrator reservation
worker_forbidden	exact	NumStability/Source/Higham/Chapter28/Equation02/ExactHilbertDeterminant/Basic.lean	primary-human	selector complement, protected infrastructure, or integrator reservation
worker_forbidden	exact	NumStability/Source/Higham/Chapter28/Equation02/ExactHilbertDeterminant/Exact.lean	primary-human	selector complement, protected infrastructure, or integrator reservation
worker_forbidden	exact	NumStability/Source/Higham/Chapter28/Equation02/RatioDiscrepancy.lean	primary-human	selector complement, protected infrastructure, or integrator reservation
worker_forbidden	exact	NumStability/Source/Higham/Chapter28/Equation03/HilbertCholeskyFactor/Basic.lean	primary-human	selector complement, protected infrastructure, or integrator reservation
worker_forbidden	exact	NumStability/Source/Higham/Chapter28/Equation03/HilbertCholeskyFactor/Exact.lean	primary-human	selector complement, protected infrastructure, or integrator reservation
worker_forbidden	exact	NumStability/Source/Higham/Chapter28/Equation04/HilbertCholeskyInverse/Basic.lean	primary-human	selector complement, protected infrastructure, or integrator reservation
worker_forbidden	exact	NumStability/Source/Higham/Chapter28/Section01/Cauchy/Cauchy.lean	primary-human	selector complement, protected infrastructure, or integrator reservation
worker_forbidden	exact	NumStability/Source/Higham/Chapter28/Section01/HilbertConditioning/Cauchy.lean	primary-human	selector complement, protected infrastructure, or integrator reservation
worker_forbidden	exact	NumStability/Source/Higham/Chapter28/Section01/HilbertConditioning/HilbertCondition.lean	primary-human	selector complement, protected infrastructure, or integrator reservation
worker_forbidden	exact	NumStability/Source/Higham/Chapter28/Section02/RealGinibre/Asymptotics/Asymptotics.lean	primary-human	selector complement, protected infrastructure, or integrator reservation
worker_forbidden	exact	NumStability/Source/Higham/Chapter28/Section02/RealGinibre/FiniteExpectation/Ginibre.lean	primary-human	selector complement, protected infrastructure, or integrator reservation
worker_forbidden	exact	NumStability/Source/Higham/Chapter28/Section02/RealGinibre/FiniteExpectation/GinibreAbsoluteDetRecurrence.lean	primary-human	selector complement, protected infrastructure, or integrator reservation
worker_forbidden	exact	NumStability/Source/Higham/Chapter28/Section02/RealGinibre/FiniteExpectation/GinibreCharacteristicProduct.lean	primary-human	selector complement, protected infrastructure, or integrator reservation
worker_forbidden	exact	NumStability/Source/Higham/Chapter28/Section02/RealGinibre/FiniteExpectation/GinibreCorollary31Factor.lean	primary-human	selector complement, protected infrastructure, or integrator reservation
worker_forbidden	exact	NumStability/Source/Higham/Chapter28/Section02/RealGinibre/FiniteExpectation/GinibreDeterminantMoment.lean	primary-human	selector complement, protected infrastructure, or integrator reservation
worker_forbidden	exact	NumStability/Source/Higham/Chapter28/Section02/RealGinibre/FiniteExpectation/GinibreExpectationGlue.lean	primary-human	selector complement, protected infrastructure, or integrator reservation
worker_forbidden	exact	NumStability/Source/Higham/Chapter28/Section02/RealGinibre/FiniteExpectation/GinibreFiniteFormula.lean	primary-human	selector complement, protected infrastructure, or integrator reservation
worker_forbidden	exact	NumStability/Source/Higham/Chapter28/Section02/RealGinibre/FiniteExpectation/GinibreGaussianBridge.lean	primary-human	selector complement, protected infrastructure, or integrator reservation
worker_forbidden	exact	NumStability/Source/Higham/Chapter28/Section02/RealGinibre/FiniteExpectation/GinibreRecurrence.lean	primary-human	selector complement, protected infrastructure, or integrator reservation
worker_forbidden	exact	NumStability/Source/Higham/Chapter28/Section02/RealGinibre/FiniteExpectation/GinibreSignedExpectation.lean	primary-human	selector complement, protected infrastructure, or integrator reservation
worker_forbidden	exact	NumStability/Source/Higham/Chapter28/Section02/RealGinibre/FiniteExpectation/Moments.lean	primary-human	selector complement, protected infrastructure, or integrator reservation
worker_forbidden	exact	NumStability/Source/Higham/Chapter28/Section02/RealGinibre/Incidence/GinibreIncidence.lean	primary-human	selector complement, protected infrastructure, or integrator reservation
worker_forbidden	exact	NumStability/Source/Higham/Chapter28/Section02/RealGinibre/Incidence/GinibrePlaneIncidence.lean	primary-human	selector complement, protected infrastructure, or integrator reservation
worker_forbidden	exact	NumStability/Source/Higham/Chapter28/Section02/RealGinibre/Incidence/GinibreSignedIncidenceAlgebra.lean	primary-human	selector complement, protected infrastructure, or integrator reservation
worker_forbidden	exact	NumStability/Source/Higham/Chapter28/Section02/RealGinibre/Incidence/GinibreTruncatedIncidence.lean	primary-human	selector complement, protected infrastructure, or integrator reservation
worker_forbidden	exact	NumStability/Source/Higham/Chapter28/Section02/RealGinibre/InvariantPlanes/GinibreAtlas.lean	primary-human	selector complement, protected infrastructure, or integrator reservation
worker_forbidden	exact	NumStability/Source/Higham/Chapter28/Section02/RealGinibre/InvariantPlanes/GinibreComplexPairs.lean	primary-human	selector complement, protected infrastructure, or integrator reservation
worker_forbidden	exact	NumStability/Source/Higham/Chapter28/Section02/RealGinibre/InvariantPlanes/GinibreDimensionTwo.lean	primary-human	selector complement, protected infrastructure, or integrator reservation
worker_forbidden	exact	NumStability/Source/Higham/Chapter28/Section02/RealGinibre/InvariantPlanes/GinibreOrthogonalFiber.lean	primary-human	selector complement, protected infrastructure, or integrator reservation
worker_forbidden	exact	NumStability/Source/Higham/Chapter28/Section02/RealGinibre/InvariantPlanes/GinibrePlaneChart.lean	primary-human	selector complement, protected infrastructure, or integrator reservation
worker_forbidden	exact	NumStability/Source/Higham/Chapter28/Section02/RealGinibre/InvariantPlanes/GinibrePlaneSylvester.lean	primary-human	selector complement, protected infrastructure, or integrator reservation
worker_forbidden	exact	NumStability/Source/Higham/Chapter28/Section02/RealGinibre/ProbabilityLaw/GinibreJointDensity.lean	primary-human	selector complement, protected infrastructure, or integrator reservation
worker_forbidden	exact	NumStability/Source/Higham/Chapter28/Section02/RealGinibre/ProbabilityLaw/GinibreMeasure.lean	primary-human	selector complement, protected infrastructure, or integrator reservation
worker_forbidden	exact	NumStability/Source/Higham/Chapter28/Section02/RealGinibre/ProbabilityLaw/GinibreTraceDensity.lean	primary-human	selector complement, protected infrastructure, or integrator reservation
worker_forbidden	exact	NumStability/Source/Higham/Chapter28/Section02/RealGinibre/ProbabilityLaw/Probability.lean	primary-human	selector complement, protected infrastructure, or integrator reservation
worker_forbidden	exact	NumStability/Source/Higham/Chapter28/Section02/RealGinibre/RootMeasurability/GinibreMultiplicity.lean	primary-human	selector complement, protected infrastructure, or integrator reservation
worker_forbidden	exact	NumStability/Source/Higham/Chapter28/Section02/RealGinibre/RootMeasurability/GinibreRoots.lean	primary-human	selector complement, protected infrastructure, or integrator reservation
worker_forbidden	exact	NumStability/Source/Higham/Chapter28/Section02/RealGinibre/SignedIncidence/GinibreParity.lean	primary-human	selector complement, protected infrastructure, or integrator reservation
worker_forbidden	exact	NumStability/Source/Higham/Chapter28/Section02/RealGinibre/SignedIncidence/GinibreSignedConclusion.lean	primary-human	selector complement, protected infrastructure, or integrator reservation
worker_forbidden	exact	NumStability/Source/Higham/Chapter28/Section02/RealGinibre/SignedIncidence/GinibreSignedGaussian.lean	primary-human	selector complement, protected infrastructure, or integrator reservation
worker_forbidden	exact	NumStability/Source/Higham/Chapter28/Section02/RealGinibre/SignedIncidence/GinibreSignedIncidence.lean	primary-human	selector complement, protected infrastructure, or integrator reservation
worker_forbidden	exact	NumStability/Source/Higham/Chapter28/Section02/RealGinibre/SignedIncidence/GinibreSignedKernel.lean	primary-human	selector complement, protected infrastructure, or integrator reservation
worker_forbidden	exact	NumStability/Source/Higham/Chapter28/Section02/RealGinibre/SignedIncidence/GinibreSignedRank.lean	primary-human	selector complement, protected infrastructure, or integrator reservation
worker_forbidden	exact	NumStability/Source/Higham/Chapter28/Section02/RealGinibre/SignedIncidence/GinibreSignedRankTransfer.lean	primary-human	selector complement, protected infrastructure, or integrator reservation
worker_forbidden	exact	NumStability/Source/Higham/Chapter28/Section02/RealGinibre/SignedIncidence/GinibreSignedScalar.lean	primary-human	selector complement, protected infrastructure, or integrator reservation
worker_forbidden	exact	NumStability/Source/Higham/Chapter28/Section03/RandomSVD/RandsvdNorm.lean	primary-human	selector complement, protected infrastructure, or integrator reservation
worker_forbidden	exact	NumStability/Source/Higham/Chapter28/Section03/Theorem01/StewartHaar/GaussianQRHaar.lean	primary-human	selector complement, protected infrastructure, or integrator reservation
worker_forbidden	exact	NumStability/Source/Higham/Chapter28/Section03/Theorem01/StewartHaar/Stewart.lean	primary-human	selector complement, protected infrastructure, or integrator reservation
worker_forbidden	exact	NumStability/Source/Higham/Chapter28/Section03/Theorem01/StewartHaar/StewartRawFiber.lean	primary-human	selector complement, protected infrastructure, or integrator reservation
worker_forbidden	exact	NumStability/Source/Higham/Chapter28/Section04/Pascal/Pascal.lean	primary-human	selector complement, protected infrastructure, or integrator reservation
worker_forbidden	exact	NumStability/Source/Higham/Chapter28/Section04/Pascal/PascalCondition.lean	primary-human	selector complement, protected infrastructure, or integrator reservation
worker_forbidden	exact	NumStability/Source/Higham/Chapter28/Section04/Pascal/PascalOscillation.lean	primary-human	selector complement, protected infrastructure, or integrator reservation
worker_forbidden	exact	NumStability/Source/Higham/Chapter28/Section04/Pascal/PascalSpectral.lean	primary-human	selector complement, protected infrastructure, or integrator reservation
worker_forbidden	exact	NumStability/Source/Higham/Chapter28/Section04/ReciprocalSpectrumSPD/ReciprocalSPD.lean	primary-human	selector complement, protected infrastructure, or integrator reservation
worker_forbidden	exact	NumStability/Source/Higham/Chapter28/Section05/TridiagonalToeplitz/ToeplitzCondition.lean	primary-human	selector complement, protected infrastructure, or integrator reservation
worker_forbidden	exact	NumStability/Source/Higham/Chapter28/Section05/TridiagonalToeplitz/ToeplitzGeneral.lean	primary-human	selector complement, protected infrastructure, or integrator reservation
worker_forbidden	exact	NumStability/Source/Higham/Chapter28/Section06/Companion/Companion.lean	primary-human	selector complement, protected infrastructure, or integrator reservation
worker_forbidden	exact	NumStability/Source/Higham/Chapter28/Section06/Companion/CompanionSpectral.lean	primary-human	selector complement, protected infrastructure, or integrator reservation
worker_forbidden	exact	NumStability/Source/Higham/CrossChapter.lean	primary-human	selector complement, protected infrastructure, or integrator reservation
worker_forbidden	exact	NumStability/Source/Higham/CrossChapter/LUSolverWeights.lean	primary-human	selector complement, protected infrastructure, or integrator reservation
worker_forbidden	exact	NumStability/Source/Higham/CrossChapter/LUSolverWeights/Doolittle.lean	primary-human	selector complement, protected infrastructure, or integrator reservation
worker_forbidden	exact	NumStability/Source/Higham/CrossChapter/LUSolverWeights/Factorization.lean	primary-human	selector complement, protected infrastructure, or integrator reservation
worker_forbidden	exact	NumStability/Source/Higham/CrossChapter/NoGuardDotProduct.lean	primary-human	selector complement, protected infrastructure, or integrator reservation
worker_forbidden	exact	NumStability/Source/Higham/CrossChapter/PracticalConditionBound.lean	primary-human	selector complement, protected infrastructure, or integrator reservation
worker_forbidden	exact	NumStability/Source/Higham/CrossChapter/SymmetricIndefiniteLU/ActualExecutorBridge.lean	primary-human	selector complement, protected infrastructure, or integrator reservation
worker_forbidden	exact	NumStability/Source/Higham/CrossChapter/SymmetricIndefiniteLU/BridgeClosure.lean	primary-human	selector complement, protected infrastructure, or integrator reservation
worker_forbidden	exact	NumStability/Upstream/Lindemann/AlgebraicPart.lean	primary-human	selector complement, protected infrastructure, or integrator reservation
worker_forbidden	exact	NumStability/Upstream/Lindemann/Basic.lean	primary-human	selector complement, protected infrastructure, or integrator reservation
worker_forbidden	exact	NumStability/Upstream/Lindemann/FinsuppQuotient.lean	primary-human	selector complement, protected infrastructure, or integrator reservation
worker_forbidden	exact	NumStability/Upstream/Lindemann/MonoidAlgebraCompat.lean	primary-human	selector complement, protected infrastructure, or integrator reservation
worker_forbidden	exact	NumStability/Upstream/Lindemann/SymmetricEval.lean	primary-human	selector complement, protected infrastructure, or integrator reservation
worker_forbidden	exact	NumStabilityTest.lean	primary-human	selector complement, protected infrastructure, or integrator reservation
worker_forbidden	exact	NumStabilityTest/Reorganization/R02.lean	primary-human	selector complement, protected infrastructure, or integrator reservation
worker_forbidden	exact	README.md	primary-human	selector complement, protected infrastructure, or integrator reservation
worker_forbidden	exact	RENAME_LEDGER.md	primary-human	selector complement, protected infrastructure, or integrator reservation
worker_forbidden	exact	THIRD_PARTY_NOTICES.md	primary-human	selector complement, protected infrastructure, or integrator reservation
worker_forbidden	exact	docs/architecture/COMPATIBILITY.md	primary-human	selector complement, protected infrastructure, or integrator reservation
worker_forbidden	exact	docs/architecture/layout-exceptions.json	primary-human	selector complement, protected infrastructure, or integrator reservation
worker_forbidden	exact	docs/architecture/tiers.json	primary-human	selector complement, protected infrastructure, or integrator reservation
worker_forbidden	exact	lake-manifest.json	primary-human	selector complement, protected infrastructure, or integrator reservation
worker_forbidden	exact	lakefile.toml	primary-human	selector complement, protected infrastructure, or integrator reservation
worker_forbidden	exact	lean-toolchain	primary-human	selector complement, protected infrastructure, or integrator reservation
worker_forbidden	prefix	.github/	primary-human	selector complement, protected infrastructure, or integrator reservation
worker_forbidden	prefix	NumStabilityTest/Import/	primary-human	selector complement, protected infrastructure, or integrator reservation
worker_forbidden	prefix	NumStabilityTest/Worker/	primary-human	selector complement, protected infrastructure, or integrator reservation
worker_forbidden	prefix	benchmark-results/	primary-human	selector complement, protected infrastructure, or integrator reservation
worker_forbidden	prefix	docs/architecture/phases/	primary-human	selector complement, protected infrastructure, or integrator reservation
worker_forbidden	prefix	tools/architecture/	primary-human	selector complement, protected infrastructure, or integrator reservation
