module	role	import_order	lean_import_line	provenance
NumStability.Algorithms.TestMatrices.Higham28	compatibility	1	import Mathlib.Algebra.BigOperators.Intervals	c0006_direct
NumStability.Algorithms.TestMatrices.Higham28	compatibility	2	import Mathlib.Analysis.SpecialFunctions.Pow.Real	c0006_direct
NumStability.Algorithms.TestMatrices.Higham28	compatibility	3	import Mathlib.Data.Nat.Choose.Cast	c0006_direct
NumStability.Algorithms.TestMatrices.Higham28	compatibility	4	import Mathlib.Data.Nat.Choose.Sum	c0006_direct
NumStability.Algorithms.TestMatrices.Higham28	compatibility	5	import Mathlib.Data.Nat.Choose.Vandermonde	c0006_direct
NumStability.Algorithms.TestMatrices.Higham28	compatibility	6	import Mathlib.LinearAlgebra.Matrix.Block	c0006_direct
NumStability.Algorithms.TestMatrices.Higham28	compatibility	7	import NumStability.Analysis.MatrixAlgebra	c0006_direct
NumStability.Algorithms.TestMatrices.Higham28	compatibility	8	import NumStability.Analysis.TestMatrices.Cauchy.Basic	c0006_direct
NumStability.Algorithms.TestMatrices.Higham28	compatibility	9	import NumStability.Analysis.TestMatrices.Companion.Basic	c0006_direct
NumStability.Algorithms.TestMatrices.Higham28	compatibility	10	import NumStability.Analysis.TestMatrices.Hilbert.Basic	c0006_direct
NumStability.Algorithms.TestMatrices.Higham28	compatibility	11	import NumStability.Analysis.TestMatrices.Orthogonal.Basic	c0006_direct
NumStability.Algorithms.TestMatrices.Higham28	compatibility	12	import NumStability.Analysis.TestMatrices.Pascal.Basic	c0006_direct
NumStability.Algorithms.TestMatrices.Higham28	compatibility	13	import NumStability.Analysis.TestMatrices.RandomSVD.Basic	c0006_direct
NumStability.Algorithms.TestMatrices.Higham28	compatibility	14	import NumStability.Analysis.TestMatrices.Toeplitz.Basic	c0006_direct
NumStability.Algorithms.TestMatrices.Higham28	compatibility	15	import NumStability.Source.Higham.Chapter28.Equation01.HilbertInverse.Basic	c0006_direct
NumStability.Algorithms.TestMatrices.Higham28	compatibility	16	import NumStability.Source.Higham.Chapter28.Equation02.ExactHilbertDeterminant.Basic	c0006_direct
NumStability.Algorithms.TestMatrices.Higham28	compatibility	17	import NumStability.Source.Higham.Chapter28.Equation03.HilbertCholeskyFactor.Basic	c0006_direct
NumStability.Algorithms.TestMatrices.Higham28	compatibility	18	import NumStability.Source.Higham.Chapter28.Equation04.HilbertCholeskyInverse.Basic	c0006_direct
NumStability.Algorithms.TestMatrices.Higham28Companion	compatibility	1	import Mathlib.LinearAlgebra.Matrix.Charpoly.Minpoly	c0006_direct
NumStability.Algorithms.TestMatrices.Higham28Companion	compatibility	2	import NumStability.Algorithms.TestMatrices.Higham28Contracts	c0006_direct
NumStability.Algorithms.TestMatrices.Higham28Companion	compatibility	3	import NumStability.Analysis.LinearOperators.Jordan.NormalForm.PrimaryDecomposition	c0006_direct
NumStability.Algorithms.TestMatrices.Higham28Companion	compatibility	4	import NumStability.Analysis.TestMatrices.Companion.Companion	c0006_direct
NumStability.Algorithms.TestMatrices.Higham28Companion	compatibility	5	import NumStability.Source.Higham.Chapter28.Section06.Companion.CharacteristicPolynomial	c0006_expanded
NumStability.Algorithms.TestMatrices.Higham28Companion	compatibility	6	import NumStability.Source.Higham.Chapter28.Section06.Companion.Companion	c0006_direct
NumStability.Algorithms.TestMatrices.Higham28CompanionSpectral	compatibility	1	import NumStability.Algorithms.TestMatrices.Higham28Companion	c0006_direct
NumStability.Algorithms.TestMatrices.Higham28CompanionSpectral	compatibility	2	import NumStability.Analysis.TestMatrices.Companion.CompanionSpectral	c0006_direct
NumStability.Algorithms.TestMatrices.Higham28CompanionSpectral	compatibility	3	import NumStability.Source.Higham.Chapter28.Section06.Companion.CompanionSpectral	c0006_direct
NumStability.Algorithms.TestMatrices.Higham28CompanionSpectral	compatibility	4	import NumStability.Source.Higham.Chapter28.Section06.Companion.Normality	c0006_expanded
NumStability.Algorithms.TestMatrices.Higham28CompanionSpectral	compatibility	5	import NumStability.Source.Higham.Chapter28.Section06.Companion.SingularValues	c0006_expanded
NumStability.Algorithms.TestMatrices.Higham28Contracts	compatibility	1	import Mathlib.LinearAlgebra.Matrix.Block	c0006_direct
NumStability.Algorithms.TestMatrices.Higham28Contracts	compatibility	2	import Mathlib.LinearAlgebra.Matrix.Charpoly.Coeff	c0006_direct
NumStability.Algorithms.TestMatrices.Higham28Contracts	compatibility	3	import Mathlib.LinearAlgebra.Matrix.Rank	c0006_direct
NumStability.Algorithms.TestMatrices.Higham28Contracts	compatibility	4	import NumStability.Algorithms.TestMatrices.Higham28Asymptotics	c0006_direct
NumStability.Algorithms.TestMatrices.Higham28Contracts	compatibility	5	import NumStability.Algorithms.TestMatrices.Higham28Pascal	c0006_direct
NumStability.Algorithms.TestMatrices.Higham28Contracts	compatibility	6	import NumStability.Algorithms.TestMatrices.Higham28Probability	c0006_direct
NumStability.Algorithms.TestMatrices.Higham28Contracts	compatibility	7	import NumStability.Algorithms.TestMatrices.Higham28RandsvdNorm	c0006_direct
NumStability.Algorithms.TestMatrices.Higham28Contracts	compatibility	8	import NumStability.Analysis.TestMatrices.Cauchy.Contracts	c0006_direct
NumStability.Algorithms.TestMatrices.Higham28Contracts	compatibility	9	import NumStability.Analysis.TestMatrices.Companion.Contracts	c0006_direct
NumStability.Algorithms.TestMatrices.Higham28Contracts	compatibility	10	import NumStability.Analysis.TestMatrices.Pascal.Contracts	c0006_direct
NumStability.Algorithms.TestMatrices.Higham28Contracts	compatibility	11	import NumStability.Analysis.TestMatrices.Toeplitz.Contracts	c0006_direct
NumStability.Algorithms.TestMatrices.Higham28Contracts	compatibility	12	import NumStability.Source.Higham.Chapter09.Problems	c0006_direct
NumStability.Algorithms.TestMatrices.Higham28Contracts	compatibility	13	import NumStability.Source.Higham.Chapter09.Section01	c0006_direct
NumStability.Algorithms.TestMatrices.Higham28Contracts	compatibility	14	import NumStability.Source.Higham.Chapter09.Section02	c0006_direct
NumStability.Algorithms.TestMatrices.Higham28Contracts	compatibility	15	import NumStability.Source.Higham.Chapter09.Section03	c0006_direct
NumStability.Algorithms.TestMatrices.Higham28Contracts	compatibility	16	import NumStability.Source.Higham.Chapter09.Section04	c0006_direct
NumStability.Algorithms.TestMatrices.Higham28Contracts	compatibility	17	import NumStability.Source.Higham.Chapter09.Section05	c0006_direct
NumStability.Algorithms.TestMatrices.Higham28Contracts	compatibility	18	import NumStability.Source.Higham.Chapter09.Section06	c0006_direct
NumStability.Algorithms.TestMatrices.Higham28Contracts	compatibility	19	import NumStability.Source.Higham.Chapter09.Section08	c0006_direct
NumStability.Algorithms.TestMatrices.Higham28Contracts	compatibility	20	import NumStability.Source.Higham.Chapter09.Section10	c0006_direct
NumStability.Algorithms.TestMatrices.Higham28Contracts	compatibility	21	import NumStability.Source.Higham.Chapter09.Section11	c0006_direct
NumStability.Algorithms.TestMatrices.Higham28Contracts	compatibility	22	import NumStability.Source.Higham.Chapter28.Section05.TridiagonalToeplitz.SineEigenvectors	c0006_expanded
NumStability.Algorithms.TestMatrices.Higham28Contracts	compatibility	23	import NumStability.Source.Higham.Chapter28.Section06.Companion.Nonderogatory	c0006_expanded
NumStability.Algorithms.TestMatrices.Higham28GaussianDirection	compatibility	1	import NumStability.Algorithms.TestMatrices.Higham28OrthogonalSphere	c0006_direct
NumStability.Algorithms.TestMatrices.Higham28GaussianDirection	compatibility	2	import NumStability.Analysis.TestMatrices.Gaussian.GaussianDirection	c0006_direct
NumStability.Algorithms.TestMatrices.Higham28GaussianOrthogonal	compatibility	1	import Mathlib.Analysis.InnerProductSpace.Adjoint	c0006_direct
NumStability.Algorithms.TestMatrices.Higham28GaussianOrthogonal	compatibility	2	import Mathlib.Analysis.InnerProductSpace.PiL2	c0006_direct
NumStability.Algorithms.TestMatrices.Higham28GaussianOrthogonal	compatibility	3	import Mathlib.LinearAlgebra.UnitaryGroup	c0006_direct
NumStability.Algorithms.TestMatrices.Higham28GaussianOrthogonal	compatibility	4	import Mathlib.MeasureTheory.Constructions.Pi	c0006_direct
NumStability.Algorithms.TestMatrices.Higham28GaussianOrthogonal	compatibility	5	import Mathlib.Probability.Distributions.Gaussian.CharFun	c0006_direct
NumStability.Algorithms.TestMatrices.Higham28GaussianOrthogonal	compatibility	6	import Mathlib.Probability.Distributions.Gaussian.HasGaussianLaw.Independence	c0006_direct
NumStability.Algorithms.TestMatrices.Higham28GaussianOrthogonal	compatibility	7	import Mathlib.Probability.Distributions.Gaussian.Real	c0006_direct
NumStability.Algorithms.TestMatrices.Higham28GaussianOrthogonal	compatibility	8	import NumStability.Analysis.TestMatrices.Gaussian.GaussianOrthogonal	c0006_direct
NumStability.Algorithms.TestMatrices.Higham28GaussianQRHaar	compatibility	1	import Mathlib.MeasureTheory.Measure.Lebesgue.EqHaar	c0006_direct
NumStability.Algorithms.TestMatrices.Higham28GaussianQRHaar	compatibility	2	import NumStability.Algorithms.LinearSystems.QR.GramSchmidt	c0006_direct
NumStability.Algorithms.TestMatrices.Higham28GaussianQRHaar	compatibility	3	import NumStability.Algorithms.TestMatrices.Higham28GinibreMeasure	c0006_direct
NumStability.Algorithms.TestMatrices.Higham28GaussianQRHaar	compatibility	4	import NumStability.Algorithms.TestMatrices.Higham28OrthogonalHaar	c0006_direct
NumStability.Algorithms.TestMatrices.Higham28GaussianQRHaar	compatibility	5	import NumStability.Source.Higham.Chapter28.Section03.Theorem01.StewartHaar.GaussianQRHaar	c0006_direct
NumStability.Algorithms.TestMatrices.Higham28GaussianQRHaar	compatibility	6	import NumStability.Source.Higham.Chapter28.Section03.Theorem01.StewartHaar.QRFactorHaar	c0006_expanded
NumStability.Algorithms.TestMatrices.Higham28Ginibre	compatibility	1	import Mathlib.Analysis.SpecialFunctions.Gaussian.GaussianIntegral	c0006_direct
NumStability.Algorithms.TestMatrices.Higham28Ginibre	compatibility	2	import Mathlib.Analysis.SpecialFunctions.OrdinaryHypergeometric	c0006_direct
NumStability.Algorithms.TestMatrices.Higham28Ginibre	compatibility	3	import NumStability.Algorithms.TestMatrices.Higham28Asymptotics	c0006_direct
NumStability.Algorithms.TestMatrices.Higham28Ginibre	compatibility	4	import NumStability.Algorithms.TestMatrices.Higham28Probability	c0006_direct
NumStability.Algorithms.TestMatrices.Higham28Ginibre	compatibility	5	import NumStability.Source.Higham.Chapter28.Section02.RealGinibre.FiniteExpectation.ClosedFormAsymptotics	c0006_expanded
NumStability.Algorithms.TestMatrices.Higham28Ginibre	compatibility	6	import NumStability.Source.Higham.Chapter28.Section02.RealGinibre.FiniteExpectation.Ginibre	c0006_direct
NumStability.Algorithms.TestMatrices.Higham28Ginibre	compatibility	7	import NumStability.Source.Higham.Chapter28.Section02.RealGinibre.RootMeasurability.EigenvalueCounts	c0006_expanded
NumStability.Algorithms.TestMatrices.Higham28GinibreAbsoluteDetRecurrence	compatibility	1	import NumStability.Algorithms.TestMatrices.Higham28GinibreDeterminantMoment	c0006_direct
NumStability.Algorithms.TestMatrices.Higham28GinibreAbsoluteDetRecurrence	compatibility	2	import NumStability.Algorithms.TestMatrices.Higham28GinibreDimensionTwo	c0006_direct
NumStability.Algorithms.TestMatrices.Higham28GinibreAbsoluteDetRecurrence	compatibility	3	import NumStability.Algorithms.TestMatrices.Higham28GinibreTraceDensity	c0006_direct
NumStability.Algorithms.TestMatrices.Higham28GinibreAbsoluteDetRecurrence	compatibility	4	import NumStability.Source.Higham.Chapter28.Section02.RealGinibre.FiniteExpectation.GinibreAbsoluteDetRecurrence	c0006_direct
NumStability.Algorithms.TestMatrices.Higham28GinibreAbsoluteDetRecurrence	compatibility	5	import NumStability.Source.Higham.Chapter28.Section02.RealGinibre.InvariantPlanes.DimensionTwoExact	c0006_expanded
NumStability.Algorithms.TestMatrices.Higham28GinibreAtlas	compatibility	1	import NumStability.Algorithms.TestMatrices.Higham28GinibreIncidence	c0006_direct
NumStability.Algorithms.TestMatrices.Higham28GinibreAtlas	compatibility	2	import NumStability.Source.Higham.Chapter28.Section02.RealGinibre.InvariantPlanes.GinibreAtlas	c0006_direct
NumStability.Algorithms.TestMatrices.Higham28GinibreCharacteristicProduct	compatibility	1	import Mathlib.Algebra.BigOperators.Ring.Finset	c0006_direct
NumStability.Algorithms.TestMatrices.Higham28GinibreCharacteristicProduct	compatibility	2	import Mathlib.Data.Nat.Choose.Sum	c0006_direct
NumStability.Algorithms.TestMatrices.Higham28GinibreCharacteristicProduct	compatibility	3	import Mathlib.MeasureTheory.Function.L2Space	c0006_direct
NumStability.Algorithms.TestMatrices.Higham28GinibreCharacteristicProduct	compatibility	4	import Mathlib.MeasureTheory.Integral.Pi	c0006_direct
NumStability.Algorithms.TestMatrices.Higham28GinibreCharacteristicProduct	compatibility	5	import NumStability.Algorithms.TestMatrices.Higham28GinibreMeasure	c0006_direct
NumStability.Algorithms.TestMatrices.Higham28GinibreCharacteristicProduct	compatibility	6	import NumStability.Source.Higham.Chapter28.Section02.RealGinibre.FiniteExpectation.CharacteristicProductMoments	c0006_expanded
NumStability.Algorithms.TestMatrices.Higham28GinibreCharacteristicProduct	compatibility	7	import NumStability.Source.Higham.Chapter28.Section02.RealGinibre.FiniteExpectation.GinibreCharacteristicProduct	c0006_direct
NumStability.Algorithms.TestMatrices.Higham28GinibreComplexPairs	compatibility	1	import NumStability.Algorithms.TestMatrices.Higham28GinibreRoots	c0006_direct
NumStability.Algorithms.TestMatrices.Higham28GinibreComplexPairs	compatibility	2	import NumStability.Source.Higham.Chapter28.Section02.RealGinibre.InvariantPlanes.GinibreComplexPairs	c0006_direct
NumStability.Algorithms.TestMatrices.Higham28GinibreComplexPairs	compatibility	3	import NumStability.Source.Higham.Chapter28.Section02.RealGinibre.RootMeasurability.EigenvalueCounts	c0006_expanded
NumStability.Algorithms.TestMatrices.Higham28GinibreCorollary31Factor	compatibility	1	import NumStability.Algorithms.TestMatrices.Higham28GinibreDeterminantMoment	c0006_direct
NumStability.Algorithms.TestMatrices.Higham28GinibreCorollary31Factor	compatibility	2	import NumStability.Algorithms.TestMatrices.Higham28GinibreProjectiveIntegral	c0006_direct
NumStability.Algorithms.TestMatrices.Higham28GinibreCorollary31Factor	compatibility	3	import NumStability.Source.Higham.Chapter28.Section02.RealGinibre.FiniteExpectation.GinibreCorollary31Factor	c0006_direct
NumStability.Algorithms.TestMatrices.Higham28GinibreCorollary31Factor	compatibility	4	import NumStability.Source.Higham.Chapter28.Section02.RealGinibre.SignedIncidence.OneRootMomentReduction	c0006_expanded
NumStability.Algorithms.TestMatrices.Higham28GinibreDeterminantIntegral	compatibility	1	import NumStability.Algorithms.TestMatrices.Higham28GinibreIntegral	c0006_direct
NumStability.Algorithms.TestMatrices.Higham28GinibreDeterminantIntegral	compatibility	2	import NumStability.Source.Higham.Chapter28.Section02.RealGinibre.Incidence.ExpectedCountTransfer	c0006_expanded
NumStability.Algorithms.TestMatrices.Higham28GinibreDeterminantMoment	compatibility	1	import Mathlib.MeasureTheory.Measure.Prod	c0006_direct
NumStability.Algorithms.TestMatrices.Higham28GinibreDeterminantMoment	compatibility	2	import NumStability.Algorithms.TestMatrices.Higham28Probability	c0006_direct
NumStability.Algorithms.TestMatrices.Higham28GinibreDeterminantMoment	compatibility	3	import NumStability.Analysis.Probability.Gaussian.AbsoluteMoment	c0006_direct
NumStability.Algorithms.TestMatrices.Higham28GinibreDeterminantMoment	compatibility	4	import NumStability.Source.Higham.Chapter28.Section02.RealGinibre.FiniteExpectation.GinibreDeterminantMoment	c0006_direct
NumStability.Algorithms.TestMatrices.Higham28GinibreDeterminantMoment	compatibility	5	import NumStability.Source.Higham.Chapter28.Section02.RealGinibre.ProbabilityLaw.LebesgueMomentDensities	c0006_expanded
NumStability.Algorithms.TestMatrices.Higham28GinibreDimensionTwo	compatibility	1	import Mathlib.Algebra.QuadraticDiscriminant	c0006_direct
NumStability.Algorithms.TestMatrices.Higham28GinibreDimensionTwo	compatibility	2	import Mathlib.Analysis.SpecialFunctions.PolarCoord	c0006_direct
NumStability.Algorithms.TestMatrices.Higham28GinibreDimensionTwo	compatibility	3	import Mathlib.LinearAlgebra.Matrix.Charpoly.Coeff	c0006_direct
NumStability.Algorithms.TestMatrices.Higham28GinibreDimensionTwo	compatibility	4	import NumStability.Algorithms.TestMatrices.Higham28GaussianOrthogonal	c0006_direct
NumStability.Algorithms.TestMatrices.Higham28GinibreDimensionTwo	compatibility	5	import NumStability.Algorithms.TestMatrices.Higham28GinibreMeasure	c0006_direct
NumStability.Algorithms.TestMatrices.Higham28GinibreDimensionTwo	compatibility	6	import NumStability.Algorithms.TestMatrices.Higham28GinibreParity	c0006_direct
NumStability.Algorithms.TestMatrices.Higham28GinibreDimensionTwo	compatibility	7	import NumStability.Source.Higham.Chapter28.Section02.RealGinibre.InvariantPlanes.DimensionTwoExact	c0006_expanded
NumStability.Algorithms.TestMatrices.Higham28GinibreDimensionTwo	compatibility	8	import NumStability.Source.Higham.Chapter28.Section02.RealGinibre.InvariantPlanes.GinibreDimensionTwo	c0006_direct
NumStability.Algorithms.TestMatrices.Higham28GinibreExpectationGlue	compatibility	1	import Mathlib.Analysis.SpecialFunctions.Gamma.Beta	c0006_direct
NumStability.Algorithms.TestMatrices.Higham28GinibreExpectationGlue	compatibility	2	import NumStability.Algorithms.TestMatrices.Higham28GinibreDeterminantMoment	c0006_direct
NumStability.Algorithms.TestMatrices.Higham28GinibreExpectationGlue	compatibility	3	import NumStability.Algorithms.TestMatrices.Higham28GinibreRecurrence	c0006_direct
NumStability.Algorithms.TestMatrices.Higham28GinibreExpectationGlue	compatibility	4	import NumStability.Source.Higham.Chapter28.Section02.RealGinibre.FiniteExpectation.ClosedFormAsymptotics	c0006_expanded
NumStability.Algorithms.TestMatrices.Higham28GinibreExpectationGlue	compatibility	5	import NumStability.Source.Higham.Chapter28.Section02.RealGinibre.FiniteExpectation.GinibreExpectationGlue	c0006_direct
NumStability.Algorithms.TestMatrices.Higham28GinibreFiniteFormula	compatibility	1	import NumStability.Algorithms.TestMatrices.Higham28GinibreSignedConclusion	c0006_direct
NumStability.Algorithms.TestMatrices.Higham28GinibreFiniteFormula	compatibility	2	import NumStability.Algorithms.TestMatrices.Higham28GinibreSignedIncidence	c0006_direct
NumStability.Algorithms.TestMatrices.Higham28GinibreFiniteFormula	compatibility	3	import NumStability.Algorithms.TestMatrices.Higham28GinibreSignedKernel	c0006_direct
NumStability.Algorithms.TestMatrices.Higham28GinibreFiniteFormula	compatibility	4	import NumStability.Source.Higham.Chapter28.Section02.RealGinibre.FiniteExpectation.ExpectedCountFormula	c0006_expanded
NumStability.Algorithms.TestMatrices.Higham28GinibreFiniteFormula	compatibility	5	import NumStability.Source.Higham.Chapter28.Section02.RealGinibre.FiniteExpectation.GinibreFiniteFormula	c0006_direct
NumStability.Algorithms.TestMatrices.Higham28GinibreGaussianBridge	compatibility	1	import Mathlib.MeasureTheory.Integral.Prod	c0006_direct
NumStability.Algorithms.TestMatrices.Higham28GinibreGaussianBridge	compatibility	2	import Mathlib.MeasureTheory.Measure.Lebesgue.EqHaar	c0006_direct
NumStability.Algorithms.TestMatrices.Higham28GinibreGaussianBridge	compatibility	3	import NumStability.Algorithms.TestMatrices.Higham28GinibreDeterminantIntegral	c0006_direct
NumStability.Algorithms.TestMatrices.Higham28GinibreGaussianBridge	compatibility	4	import NumStability.Source.Higham.Chapter28.Section02.RealGinibre.FiniteExpectation.GinibreGaussianBridge	c0006_direct
NumStability.Algorithms.TestMatrices.Higham28GinibreGaussianBridge	compatibility	5	import NumStability.Source.Higham.Chapter28.Section02.RealGinibre.Incidence.ExpectedCountTransfer	c0006_expanded
NumStability.Algorithms.TestMatrices.Higham28GinibreIncidence	compatibility	1	import Mathlib.LinearAlgebra.Matrix.Block	c0006_direct
NumStability.Algorithms.TestMatrices.Higham28GinibreIncidence	compatibility	2	import Mathlib.MeasureTheory.Function.Jacobian	c0006_direct
NumStability.Algorithms.TestMatrices.Higham28GinibreIncidence	compatibility	3	import NumStability.Algorithms.TestMatrices.Higham28GinibreRoots	c0006_direct
NumStability.Algorithms.TestMatrices.Higham28GinibreIncidence	compatibility	4	import NumStability.Source.Higham.Chapter28.Section02.RealGinibre.Incidence.ExpectedCountTransfer	c0006_expanded
NumStability.Algorithms.TestMatrices.Higham28GinibreIncidence	compatibility	5	import NumStability.Source.Higham.Chapter28.Section02.RealGinibre.Incidence.GinibreIncidence	c0006_direct
NumStability.Algorithms.TestMatrices.Higham28GinibreIntegral	compatibility	1	import NumStability.Algorithms.TestMatrices.Higham28GinibreMultiplicity	c0006_direct
NumStability.Algorithms.TestMatrices.Higham28GinibreIntegral	compatibility	2	import NumStability.Source.Higham.Chapter28.Section02.RealGinibre.Incidence.ExpectedCountTransfer	c0006_expanded
NumStability.Algorithms.TestMatrices.Higham28GinibreJointDensity	compatibility	1	import NumStability.Algorithms.TestMatrices.Higham28GinibreMeasure	c0006_direct
NumStability.Algorithms.TestMatrices.Higham28GinibreJointDensity	compatibility	2	import NumStability.Source.Higham.Chapter28.Section02.RealGinibre.ProbabilityLaw.GinibreJointDensity	c0006_direct
NumStability.Algorithms.TestMatrices.Higham28GinibreJointDensity	compatibility	3	import NumStability.Source.Higham.Chapter28.Section02.RealGinibre.ProbabilityLaw.LebesgueMomentDensities	c0006_expanded
NumStability.Algorithms.TestMatrices.Higham28GinibreMeasure	compatibility	1	import Mathlib.MeasureTheory.Integral.Pi	c0006_direct
NumStability.Algorithms.TestMatrices.Higham28GinibreMeasure	compatibility	2	import NumStability.Algorithms.TestMatrices.Higham28Ginibre	c0006_direct
NumStability.Algorithms.TestMatrices.Higham28GinibreMeasure	compatibility	3	import NumStability.Source.Higham.Chapter28.Section02.RealGinibre.ProbabilityLaw.GinibreMeasure	c0006_direct
NumStability.Algorithms.TestMatrices.Higham28GinibreMeasure	compatibility	4	import NumStability.Source.Higham.Chapter28.Section02.RealGinibre.ProbabilityLaw.LebesgueMomentDensities	c0006_expanded
NumStability.Algorithms.TestMatrices.Higham28GinibreMultiplicity	compatibility	1	import NumStability.Algorithms.TestMatrices.Higham28GinibreAtlas	c0006_direct
NumStability.Algorithms.TestMatrices.Higham28GinibreMultiplicity	compatibility	2	import NumStability.Source.Higham.Chapter28.Section02.RealGinibre.Incidence.ExpectedCountTransfer	c0006_expanded
NumStability.Algorithms.TestMatrices.Higham28GinibreMultiplicity	compatibility	3	import NumStability.Source.Higham.Chapter28.Section02.RealGinibre.RootMeasurability.GinibreMultiplicity	c0006_direct
NumStability.Algorithms.TestMatrices.Higham28GinibreOrthogonalFiber	compatibility	1	import Mathlib.LinearAlgebra.Matrix.Adjugate	c0006_direct
NumStability.Algorithms.TestMatrices.Higham28GinibreOrthogonalFiber	compatibility	2	import NumStability.Algorithms.TestMatrices.Higham28GaussianDirection	c0006_direct
NumStability.Algorithms.TestMatrices.Higham28GinibreOrthogonalFiber	compatibility	3	import NumStability.Algorithms.TestMatrices.Higham28GinibreCorollary31Factor	c0006_direct
NumStability.Algorithms.TestMatrices.Higham28GinibreOrthogonalFiber	compatibility	4	import NumStability.Algorithms.TestMatrices.Higham28GinibreGaussianBridge	c0006_direct
NumStability.Algorithms.TestMatrices.Higham28GinibreOrthogonalFiber	compatibility	5	import NumStability.Algorithms.TestMatrices.Higham28GinibreTraceDensity	c0006_direct
NumStability.Algorithms.TestMatrices.Higham28GinibreOrthogonalFiber	compatibility	6	import NumStability.Source.Higham.Chapter28.Section02.RealGinibre.InvariantPlanes.GinibreOrthogonalFiber	c0006_direct
NumStability.Algorithms.TestMatrices.Higham28GinibreOrthogonalFiber	compatibility	7	import NumStability.Source.Higham.Chapter28.Section02.RealGinibre.SignedIncidence.OneRootMomentReduction	c0006_expanded
NumStability.Algorithms.TestMatrices.Higham28GinibreParity	compatibility	1	import NumStability.Algorithms.TestMatrices.Higham28GinibreRecurrence	c0006_direct
NumStability.Algorithms.TestMatrices.Higham28GinibreParity	compatibility	2	import NumStability.Source.Higham.Chapter28.Section02.RealGinibre.FiniteExpectation.ClosedFormAsymptotics	c0006_expanded
NumStability.Algorithms.TestMatrices.Higham28GinibreParity	compatibility	3	import NumStability.Source.Higham.Chapter28.Section02.RealGinibre.SignedIncidence.GinibreParity	c0006_direct
NumStability.Algorithms.TestMatrices.Higham28GinibrePlaneChart	compatibility	1	import NumStability.Algorithms.TestMatrices.Higham28GinibrePlaneIncidence	c0006_direct
NumStability.Algorithms.TestMatrices.Higham28GinibrePlaneChart	compatibility	2	import NumStability.Source.Higham.Chapter28.Section02.RealGinibre.InvariantPlanes.GinibrePlaneChart	c0006_direct
NumStability.Algorithms.TestMatrices.Higham28GinibrePlaneChart	compatibility	3	import NumStability.Source.Higham.Chapter28.Section02.RealGinibre.InvariantPlanes.PlaneSylvesterJacobian	c0006_expanded
NumStability.Algorithms.TestMatrices.Higham28GinibrePlaneIncidence	compatibility	1	import NumStability.Algorithms.TestMatrices.Higham28GinibreIncidence	c0006_direct
NumStability.Algorithms.TestMatrices.Higham28GinibrePlaneIncidence	compatibility	2	import NumStability.Source.Higham.Chapter28.Section02.RealGinibre.Incidence.GinibrePlaneIncidence	c0006_direct
NumStability.Algorithms.TestMatrices.Higham28GinibrePlaneSylvester	compatibility	1	import Mathlib.RingTheory.Norm.Transitivity	c0006_direct
NumStability.Algorithms.TestMatrices.Higham28GinibrePlaneSylvester	compatibility	2	import NumStability.Algorithms.TestMatrices.Higham28GinibreCharacteristicProduct	c0006_direct
NumStability.Algorithms.TestMatrices.Higham28GinibrePlaneSylvester	compatibility	3	import NumStability.Algorithms.TestMatrices.Higham28GinibrePlaneChart	c0006_direct
NumStability.Algorithms.TestMatrices.Higham28GinibrePlaneSylvester	compatibility	4	import NumStability.Source.Higham.Chapter28.Section02.RealGinibre.InvariantPlanes.GinibrePlaneSylvester	c0006_direct
NumStability.Algorithms.TestMatrices.Higham28GinibrePlaneSylvester	compatibility	5	import NumStability.Source.Higham.Chapter28.Section02.RealGinibre.InvariantPlanes.PlaneSylvesterJacobian	c0006_expanded
NumStability.Algorithms.TestMatrices.Higham28GinibreProjectiveIntegral	compatibility	1	import Mathlib.MeasureTheory.Constructions.HaarToSphere	c0006_direct
NumStability.Algorithms.TestMatrices.Higham28GinibreProjectiveIntegral	compatibility	2	import Mathlib.MeasureTheory.Function.JacobianOneDim	c0006_direct
NumStability.Algorithms.TestMatrices.Higham28GinibreProjectiveIntegral	compatibility	3	import Mathlib.MeasureTheory.Integral.IntegralEqImproper	c0006_direct
NumStability.Algorithms.TestMatrices.Higham28GinibreProjectiveIntegral	compatibility	4	import Mathlib.MeasureTheory.Measure.Lebesgue.VolumeOfBalls	c0006_direct
NumStability.Algorithms.TestMatrices.Higham28GinibreProjectiveIntegral	compatibility	5	import Mathlib.Probability.Distributions.Beta	c0006_direct
NumStability.Algorithms.TestMatrices.Higham28GinibreProjectiveIntegral	compatibility	6	import NumStability.Analysis.TestMatrices.RealGinibre.ProjectiveWeightIntegral	c0006_expanded
NumStability.Algorithms.TestMatrices.Higham28GinibreRecurrence	compatibility	1	import Mathlib.Analysis.Analytic.Binomial	c0006_direct
NumStability.Algorithms.TestMatrices.Higham28GinibreRecurrence	compatibility	2	import NumStability.Algorithms.TestMatrices.Higham28GinibreIntegral	c0006_direct
NumStability.Algorithms.TestMatrices.Higham28GinibreRecurrence	compatibility	3	import NumStability.Source.Higham.Chapter28.Section02.RealGinibre.FiniteExpectation.ClosedFormAsymptotics	c0006_expanded
NumStability.Algorithms.TestMatrices.Higham28GinibreRecurrence	compatibility	4	import NumStability.Source.Higham.Chapter28.Section02.RealGinibre.FiniteExpectation.GinibreRecurrence	c0006_direct
NumStability.Algorithms.TestMatrices.Higham28GinibreRoots	compatibility	1	import Mathlib.Data.Sym.Basic	c0006_direct
NumStability.Algorithms.TestMatrices.Higham28GinibreRoots	compatibility	2	import Mathlib.FieldTheory.IsAlgClosed.Basic	c0006_direct
NumStability.Algorithms.TestMatrices.Higham28GinibreRoots	compatibility	3	import Mathlib.MeasureTheory.Constructions.Polish.Basic	c0006_direct
NumStability.Algorithms.TestMatrices.Higham28GinibreRoots	compatibility	4	import Mathlib.Topology.Instances.Matrix	c0006_direct
NumStability.Algorithms.TestMatrices.Higham28GinibreRoots	compatibility	5	import NumStability.Algorithms.TestMatrices.Higham28GinibreMeasure	c0006_direct
NumStability.Algorithms.TestMatrices.Higham28GinibreRoots	compatibility	6	import NumStability.Analysis.Polynomials.RealRootCounting	c0006_expanded
NumStability.Algorithms.TestMatrices.Higham28GinibreRoots	compatibility	7	import NumStability.Analysis.TestMatrices.RealGinibre.GinibreRoots	c0006_direct
NumStability.Algorithms.TestMatrices.Higham28GinibreRoots	compatibility	8	import NumStability.Source.Higham.Chapter28.Section02.RealGinibre.RootMeasurability.EigenvalueCounts	c0006_expanded
NumStability.Algorithms.TestMatrices.Higham28GinibreRoots	compatibility	9	import NumStability.Source.Higham.Chapter28.Section02.RealGinibre.RootMeasurability.GinibreRoots	c0006_direct
NumStability.Algorithms.TestMatrices.Higham28GinibreSignedConclusion	compatibility	1	import Mathlib.Analysis.SpecialFunctions.Gamma.Beta	c0006_direct
NumStability.Algorithms.TestMatrices.Higham28GinibreSignedConclusion	compatibility	2	import NumStability.Algorithms.TestMatrices.Higham28GinibreDeterminantMoment	c0006_direct
NumStability.Algorithms.TestMatrices.Higham28GinibreSignedConclusion	compatibility	3	import NumStability.Algorithms.TestMatrices.Higham28GinibreDimensionTwo	c0006_direct
NumStability.Algorithms.TestMatrices.Higham28GinibreSignedConclusion	compatibility	4	import NumStability.Algorithms.TestMatrices.Higham28GinibreRecurrence	c0006_direct
NumStability.Algorithms.TestMatrices.Higham28GinibreSignedConclusion	compatibility	5	import NumStability.Algorithms.TestMatrices.Higham28GinibreSignedExpectation	c0006_direct
NumStability.Algorithms.TestMatrices.Higham28GinibreSignedConclusion	compatibility	6	import NumStability.Algorithms.TestMatrices.Higham28GinibreSignedGaussian	c0006_direct
NumStability.Algorithms.TestMatrices.Higham28GinibreSignedConclusion	compatibility	7	import NumStability.Algorithms.TestMatrices.Higham28GinibreSignedKernel	c0006_direct
NumStability.Algorithms.TestMatrices.Higham28GinibreSignedConclusion	compatibility	8	import NumStability.Source.Higham.Chapter28.Section02.RealGinibre.FiniteExpectation.ExpectedCountFormula	c0006_expanded
NumStability.Algorithms.TestMatrices.Higham28GinibreSignedConclusion	compatibility	9	import NumStability.Source.Higham.Chapter28.Section02.RealGinibre.SignedIncidence.GinibreSignedConclusion	c0006_direct
NumStability.Algorithms.TestMatrices.Higham28GinibreSignedExpectation	compatibility	1	import NumStability.Algorithms.TestMatrices.Higham28GinibreComplexPairs	c0006_direct
NumStability.Algorithms.TestMatrices.Higham28GinibreSignedExpectation	compatibility	2	import NumStability.Algorithms.TestMatrices.Higham28GinibreSignedRank	c0006_direct
NumStability.Algorithms.TestMatrices.Higham28GinibreSignedExpectation	compatibility	3	import NumStability.Source.Higham.Chapter28.Section02.RealGinibre.FiniteExpectation.GinibreSignedExpectation	c0006_direct
NumStability.Algorithms.TestMatrices.Higham28GinibreSignedExpectation	compatibility	4	import NumStability.Source.Higham.Chapter28.Section02.RealGinibre.SignedIncidence.AlternatingRankSheets	c0006_expanded
NumStability.Algorithms.TestMatrices.Higham28GinibreSignedGaussian	compatibility	1	import NumStability.Algorithms.TestMatrices.Higham28GaussianOrthogonal	c0006_direct
NumStability.Algorithms.TestMatrices.Higham28GinibreSignedGaussian	compatibility	2	import NumStability.Algorithms.TestMatrices.Higham28GinibreSignedScalar	c0006_direct
NumStability.Algorithms.TestMatrices.Higham28GinibreSignedGaussian	compatibility	3	import NumStability.Source.Higham.Chapter28.Section02.RealGinibre.SignedIncidence.GinibreSignedGaussian	c0006_direct
NumStability.Algorithms.TestMatrices.Higham28GinibreSignedIncidence	compatibility	1	import NumStability.Algorithms.TestMatrices.Higham28GinibreJointDensity	c0006_direct
NumStability.Algorithms.TestMatrices.Higham28GinibreSignedIncidence	compatibility	2	import NumStability.Algorithms.TestMatrices.Higham28GinibreOrthogonalFiber	c0006_direct
NumStability.Algorithms.TestMatrices.Higham28GinibreSignedIncidence	compatibility	3	import NumStability.Algorithms.TestMatrices.Higham28GinibreSignedExpectation	c0006_direct
NumStability.Algorithms.TestMatrices.Higham28GinibreSignedIncidence	compatibility	4	import NumStability.Algorithms.TestMatrices.Higham28GinibreSignedIncidenceAlgebra	c0006_direct
NumStability.Algorithms.TestMatrices.Higham28GinibreSignedIncidence	compatibility	5	import NumStability.Algorithms.TestMatrices.Higham28GinibreSignedKernel	c0006_direct
NumStability.Algorithms.TestMatrices.Higham28GinibreSignedIncidence	compatibility	6	import NumStability.Algorithms.TestMatrices.Higham28GinibreSignedRankTransfer	c0006_direct
NumStability.Algorithms.TestMatrices.Higham28GinibreSignedIncidence	compatibility	7	import NumStability.Algorithms.TestMatrices.Higham28GinibreTruncatedIncidence	c0006_direct
NumStability.Algorithms.TestMatrices.Higham28GinibreSignedIncidence	compatibility	8	import NumStability.Source.Higham.Chapter28.Section02.RealGinibre.SignedIncidence.GinibreSignedIncidence	c0006_direct
NumStability.Algorithms.TestMatrices.Higham28GinibreSignedIncidence	compatibility	9	import NumStability.Source.Higham.Chapter28.Section02.RealGinibre.SignedIncidence.OneRootMomentReduction	c0006_expanded
NumStability.Algorithms.TestMatrices.Higham28GinibreSignedIncidenceAlgebra	compatibility	1	import NumStability.Algorithms.TestMatrices.Higham28GinibreOrthogonalFiber	c0006_direct
NumStability.Algorithms.TestMatrices.Higham28GinibreSignedIncidenceAlgebra	compatibility	2	import NumStability.Source.Higham.Chapter28.Section02.RealGinibre.Incidence.GinibreSignedIncidenceAlgebra	c0006_direct
NumStability.Algorithms.TestMatrices.Higham28GinibreSignedKernel	compatibility	1	import NumStability.Algorithms.TestMatrices.Higham28GinibreSignedGaussian	c0006_direct
NumStability.Algorithms.TestMatrices.Higham28GinibreSignedKernel	compatibility	2	import NumStability.Source.Higham.Chapter28.Section02.RealGinibre.SignedIncidence.GinibreSignedKernel	c0006_direct
NumStability.Algorithms.TestMatrices.Higham28GinibreSignedRank	compatibility	1	import Mathlib.Analysis.Polynomial.Basic	c0006_direct
NumStability.Algorithms.TestMatrices.Higham28GinibreSignedRank	compatibility	2	import Mathlib.FieldTheory.IsRealClosed.Basic	c0006_direct
NumStability.Algorithms.TestMatrices.Higham28GinibreSignedRank	compatibility	3	import NumStability.Algorithms.TestMatrices.Higham28GinibreMultiplicity	c0006_direct
NumStability.Algorithms.TestMatrices.Higham28GinibreSignedRank	compatibility	4	import NumStability.Analysis.Polynomials.RealRootCounting	c0006_expanded
NumStability.Algorithms.TestMatrices.Higham28GinibreSignedRank	compatibility	5	import NumStability.Source.Higham.Chapter28.Section02.RealGinibre.SignedIncidence.AlternatingRankSheets	c0006_expanded
NumStability.Algorithms.TestMatrices.Higham28GinibreSignedRank	compatibility	6	import NumStability.Source.Higham.Chapter28.Section02.RealGinibre.SignedIncidence.GinibreSignedRank	c0006_direct
NumStability.Algorithms.TestMatrices.Higham28GinibreSignedRankTransfer	compatibility	1	import NumStability.Algorithms.TestMatrices.Higham28GinibreSignedRank	c0006_direct
NumStability.Algorithms.TestMatrices.Higham28GinibreSignedRankTransfer	compatibility	2	import NumStability.Source.Higham.Chapter28.Section02.RealGinibre.SignedIncidence.AlternatingRankSheets	c0006_expanded
NumStability.Algorithms.TestMatrices.Higham28GinibreSignedRankTransfer	compatibility	3	import NumStability.Source.Higham.Chapter28.Section02.RealGinibre.SignedIncidence.GinibreSignedRankTransfer	c0006_direct
NumStability.Algorithms.TestMatrices.Higham28GinibreSignedScalar	compatibility	1	import Mathlib.Analysis.SpecialFunctions.Gaussian.PoissonSummation	c0006_direct
NumStability.Algorithms.TestMatrices.Higham28GinibreSignedScalar	compatibility	2	import Mathlib.MeasureTheory.Integral.Gamma	c0006_direct
NumStability.Algorithms.TestMatrices.Higham28GinibreSignedScalar	compatibility	3	import NumStability.Algorithms.TestMatrices.Higham28GinibreCharacteristicProduct	c0006_direct
NumStability.Algorithms.TestMatrices.Higham28GinibreSignedScalar	compatibility	4	import NumStability.Source.Higham.Chapter28.Section02.RealGinibre.FiniteExpectation.CharacteristicProductMoments	c0006_expanded
NumStability.Algorithms.TestMatrices.Higham28GinibreSignedScalar	compatibility	5	import NumStability.Source.Higham.Chapter28.Section02.RealGinibre.SignedIncidence.GinibreSignedScalar	c0006_direct
NumStability.Algorithms.TestMatrices.Higham28GinibreTraceDensity	compatibility	1	import Mathlib.Analysis.SpecialFunctions.Gaussian.GaussianIntegral	c0006_direct
NumStability.Algorithms.TestMatrices.Higham28GinibreTraceDensity	compatibility	2	import Mathlib.LinearAlgebra.Matrix.AbsoluteValue	c0006_direct
NumStability.Algorithms.TestMatrices.Higham28GinibreTraceDensity	compatibility	3	import Mathlib.MeasureTheory.Group.Prod	c0006_direct
NumStability.Algorithms.TestMatrices.Higham28GinibreTraceDensity	compatibility	4	import NumStability.Algorithms.TestMatrices.Higham28GinibreDeterminantMoment	c0006_direct
NumStability.Algorithms.TestMatrices.Higham28GinibreTraceDensity	compatibility	5	import NumStability.Algorithms.TestMatrices.Higham28GinibreMeasure	c0006_direct
NumStability.Algorithms.TestMatrices.Higham28GinibreTraceDensity	compatibility	6	import NumStability.Source.Higham.Chapter28.Section02.RealGinibre.ProbabilityLaw.GinibreTraceDensity	c0006_direct
NumStability.Algorithms.TestMatrices.Higham28GinibreTraceDensity	compatibility	7	import NumStability.Source.Higham.Chapter28.Section02.RealGinibre.ProbabilityLaw.LebesgueMomentDensities	c0006_expanded
NumStability.Algorithms.TestMatrices.Higham28GinibreTruncatedIncidence	compatibility	1	import NumStability.Algorithms.TestMatrices.Higham28GinibreSignedRankTransfer	c0006_direct
NumStability.Algorithms.TestMatrices.Higham28GinibreTruncatedIncidence	compatibility	2	import NumStability.Source.Higham.Chapter28.Section02.RealGinibre.Incidence.GinibreTruncatedIncidence	c0006_direct
NumStability.Algorithms.TestMatrices.Higham28GinibreTruncatedIncidence	compatibility	3	import NumStability.Source.Higham.Chapter28.Section02.RealGinibre.SignedIncidence.AlternatingRankSheets	c0006_expanded
NumStability.Algorithms.TestMatrices.Higham28HilbertAsymptotic	compatibility	1	import Mathlib.Analysis.Asymptotics.SpecificAsymptotics	c0006_direct
NumStability.Algorithms.TestMatrices.Higham28HilbertAsymptotic	compatibility	2	import Mathlib.Data.Nat.Choose.Bounds	c0006_direct
NumStability.Algorithms.TestMatrices.Higham28HilbertAsymptotic	compatibility	3	import NumStability.Algorithms.TestMatrices.Higham28Asymptotics	c0006_direct
NumStability.Algorithms.TestMatrices.Higham28HilbertAsymptotic	compatibility	4	import NumStability.Analysis.TestMatrices.Hilbert.HilbertAsymptotic	c0006_direct
NumStability.Algorithms.TestMatrices.Higham28HilbertAsymptotic	compatibility	5	import NumStability.Source.Higham.Chapter28.Equation02.DeterminantAsymptotics	c0006_expanded
NumStability.Algorithms.TestMatrices.Higham28HilbertCondition	compatibility	1	import Mathlib.Algebra.Order.Chebyshev	c0006_direct
NumStability.Algorithms.TestMatrices.Higham28HilbertCondition	compatibility	2	import Mathlib.Data.Nat.Choose.Vandermonde	c0006_direct
NumStability.Algorithms.TestMatrices.Higham28HilbertCondition	compatibility	3	import NumStability.Algorithms.TestMatrices.Higham28PascalCondition	c0006_direct
NumStability.Algorithms.TestMatrices.Higham28HilbertCondition	compatibility	4	import NumStability.Source.Higham.Chapter28.Section01.HilbertConditioning.ConditionLogRate	c0006_expanded
NumStability.Algorithms.TestMatrices.Higham28HilbertCondition	compatibility	5	import NumStability.Source.Higham.Chapter28.Section01.HilbertConditioning.HilbertCondition	c0006_direct
NumStability.Algorithms.TestMatrices.Higham28Moments	compatibility	1	import Mathlib.Analysis.SpecialFunctions.Integrals.Basic	c0006_direct
NumStability.Algorithms.TestMatrices.Higham28Moments	compatibility	2	import Mathlib.MeasureTheory.Integral.CircleAverage	c0006_direct
NumStability.Algorithms.TestMatrices.Higham28Moments	compatibility	3	import NumStability.Algorithms.TestMatrices.Higham28	c0006_direct
NumStability.Algorithms.TestMatrices.Higham28Moments	compatibility	4	import NumStability.Analysis.MatrixNorms.Basic	c0006_direct
NumStability.Algorithms.TestMatrices.Higham28Moments	compatibility	5	import NumStability.Source.Higham.Chapter28.Section02.RealGinibre.FiniteExpectation.Moments	c0006_direct
NumStability.Algorithms.TestMatrices.Higham28Moments	compatibility	6	import NumStability.Source.Higham.Chapter28.Section04.Pascal.MomentMatrix	c0006_expanded
NumStability.Algorithms.TestMatrices.Higham28OrthogonalCoordinates	compatibility	1	import NumStability.Algorithms.TestMatrices.Higham28GaussianDirection	c0006_direct
NumStability.Algorithms.TestMatrices.Higham28OrthogonalCoordinates	compatibility	2	import NumStability.Algorithms.TestMatrices.Higham28OrthogonalHaar	c0006_direct
NumStability.Algorithms.TestMatrices.Higham28OrthogonalCoordinates	compatibility	3	import NumStability.Analysis.TestMatrices.Orthogonal.OrthogonalCoordinates	c0006_direct
NumStability.Algorithms.TestMatrices.Higham28OrthogonalFibers	compatibility	1	import NumStability.Algorithms.TestMatrices.Higham28OrthogonalCoordinates	c0006_direct
NumStability.Algorithms.TestMatrices.Higham28OrthogonalFibers	compatibility	2	import NumStability.Algorithms.TestMatrices.Higham28Stewart	c0006_direct
NumStability.Algorithms.TestMatrices.Higham28OrthogonalFibers	compatibility	3	import NumStability.Analysis.TestMatrices.Orthogonal.HaarFiberMeasure	c0006_expanded
NumStability.Algorithms.TestMatrices.Higham28OrthogonalFibers	compatibility	4	import NumStability.Analysis.TestMatrices.Orthogonal.OrthogonalFibers	c0006_direct
NumStability.Algorithms.TestMatrices.Higham28OrthogonalHaar	compatibility	1	import Mathlib.MeasureTheory.Measure.Haar.Basic	c0006_direct
NumStability.Algorithms.TestMatrices.Higham28OrthogonalHaar	compatibility	2	import Mathlib.MeasureTheory.Measure.Haar.Unique	c0006_direct
NumStability.Algorithms.TestMatrices.Higham28OrthogonalHaar	compatibility	3	import Mathlib.Topology.Bases	c0006_direct
NumStability.Algorithms.TestMatrices.Higham28OrthogonalHaar	compatibility	4	import Mathlib.Topology.Instances.Matrix	c0006_direct
NumStability.Algorithms.TestMatrices.Higham28OrthogonalHaar	compatibility	5	import NumStability.Algorithms.TestMatrices.Higham28OrthogonalSphere	c0006_direct
NumStability.Algorithms.TestMatrices.Higham28OrthogonalHaar	compatibility	6	import NumStability.Analysis.TestMatrices.Orthogonal.OrthogonalHaar	c0006_direct
NumStability.Algorithms.TestMatrices.Higham28OrthogonalSphere	compatibility	1	import Mathlib.Analysis.InnerProductSpace.Projection.Reflection	c0006_direct
NumStability.Algorithms.TestMatrices.Higham28OrthogonalSphere	compatibility	2	import NumStability.Algorithms.TestMatrices.Higham28GaussianOrthogonal	c0006_direct
NumStability.Algorithms.TestMatrices.Higham28OrthogonalSphere	compatibility	3	import NumStability.Analysis.Probability.Haar.HomogeneousSpaceUniqueness	c0006_direct
NumStability.Algorithms.TestMatrices.Higham28OrthogonalSphere	compatibility	4	import NumStability.Analysis.TestMatrices.Orthogonal.OrthogonalSphere	c0006_direct
NumStability.Algorithms.TestMatrices.Higham28Pascal	compatibility	1	import NumStability.Algorithms.TestMatrices.Higham28	c0006_direct
NumStability.Algorithms.TestMatrices.Higham28Pascal	compatibility	2	import NumStability.Source.Higham.Chapter28.Section04.Pascal.IdentityCubeRoot	c0006_expanded
NumStability.Algorithms.TestMatrices.Higham28Pascal	compatibility	3	import NumStability.Source.Higham.Chapter28.Section04.Pascal.Pascal	c0006_direct
NumStability.Algorithms.TestMatrices.Higham28PascalCondition	compatibility	1	import Mathlib.Data.Nat.Choose.Bounds	c0006_direct
NumStability.Algorithms.TestMatrices.Higham28PascalCondition	compatibility	2	import NumStability.Algorithms.TestMatrices.Higham28HilbertAsymptotic	c0006_direct
NumStability.Algorithms.TestMatrices.Higham28PascalCondition	compatibility	3	import NumStability.Algorithms.TestMatrices.Higham28PascalSpectral	c0006_direct
NumStability.Algorithms.TestMatrices.Higham28PascalCondition	compatibility	4	import NumStability.Source.Higham.Chapter28.Section04.Pascal.OptimalPerturbationRate	c0006_expanded
NumStability.Algorithms.TestMatrices.Higham28PascalCondition	compatibility	5	import NumStability.Source.Higham.Chapter28.Section04.Pascal.PascalCondition	c0006_direct
NumStability.Algorithms.TestMatrices.Higham28PascalDualFlag	compatibility	1	import Mathlib.Data.Fintype.Sort	c0006_direct
NumStability.Algorithms.TestMatrices.Higham28PascalDualFlag	compatibility	2	import Mathlib.Order.Interval.Finset.Fin	c0006_direct
NumStability.Algorithms.TestMatrices.Higham28PascalDualFlag	compatibility	3	import NumStability.Algorithms.TestMatrices.Higham28PascalOscillation	c0006_direct
NumStability.Algorithms.TestMatrices.Higham28PascalDualFlag	compatibility	4	import NumStability.Analysis.TestMatrices.Pascal.PascalDualFlag	c0006_direct
NumStability.Algorithms.TestMatrices.Higham28PascalOscillation	compatibility	1	import NumStability.Algorithms.TestMatrices.Higham28PascalSpectral	c0006_direct
NumStability.Algorithms.TestMatrices.Higham28PascalOscillation	compatibility	2	import NumStability.Algorithms.TestMatrices.Higham28PascalTotalPositivity	c0006_direct
NumStability.Algorithms.TestMatrices.Higham28PascalOscillation	compatibility	3	import NumStability.Analysis.TestMatrices.Pascal.PascalOscillation	c0006_direct
NumStability.Algorithms.TestMatrices.Higham28PascalOscillation	compatibility	4	import NumStability.Source.Higham.Chapter28.Section04.Pascal.OscillationEigenbasis	c0006_expanded
NumStability.Algorithms.TestMatrices.Higham28PascalOscillation	compatibility	5	import NumStability.Source.Higham.Chapter28.Section04.Pascal.PascalOscillation	c0006_direct
NumStability.Algorithms.TestMatrices.Higham28PascalOscillationCore	compatibility	1	import NumStability.Algorithms.TestMatrices.Higham28PascalOscillation	c0006_direct
NumStability.Algorithms.TestMatrices.Higham28PascalOscillationCore	compatibility	2	import NumStability.Analysis.TestMatrices.Pascal.PascalOscillationCore	c0006_direct
NumStability.Algorithms.TestMatrices.Higham28PascalOscillationCore	compatibility	3	import NumStability.Source.Higham.Chapter28.Section04.Pascal.OscillationSpectrum	c0006_expanded
NumStability.Algorithms.TestMatrices.Higham28PascalOscillationExact	compatibility	1	import NumStability.Algorithms.TestMatrices.Higham28PascalDualFlag	c0006_direct
NumStability.Algorithms.TestMatrices.Higham28PascalOscillationExact	compatibility	2	import NumStability.Algorithms.TestMatrices.Higham28PascalOscillationCore	c0006_direct
NumStability.Algorithms.TestMatrices.Higham28PascalOscillationExact	compatibility	3	import NumStability.Source.Higham.Chapter28.Section04.Pascal.SignChangeCount	c0006_expanded
NumStability.Algorithms.TestMatrices.Higham28PascalSpectral	compatibility	1	import NumStability.Algorithms.TestMatrices.Higham28Contracts	c0006_direct
NumStability.Algorithms.TestMatrices.Higham28PascalSpectral	compatibility	2	import NumStability.Analysis.MatrixSpectral	c0006_direct
NumStability.Algorithms.TestMatrices.Higham28PascalSpectral	compatibility	3	import NumStability.Analysis.PerturbationTheory	c0006_direct
NumStability.Algorithms.TestMatrices.Higham28PascalSpectral	compatibility	4	import NumStability.Analysis.TestMatrices.Pascal.PascalSpectral	c0006_direct
NumStability.Algorithms.TestMatrices.Higham28PascalSpectral	compatibility	5	import NumStability.Source.Higham.Chapter28.Section04.Pascal.PascalSpectral	c0006_direct
NumStability.Algorithms.TestMatrices.Higham28PascalSpectral	compatibility	6	import NumStability.Source.Higham.Chapter28.Section04.Pascal.SingularizingPerturbation	c0006_expanded
NumStability.Algorithms.TestMatrices.Higham28PascalTotalPositivity	compatibility	1	import Mathlib.LinearAlgebra.ExteriorPower.Basis	c0006_direct
NumStability.Algorithms.TestMatrices.Higham28PascalTotalPositivity	compatibility	2	import Mathlib.LinearAlgebra.Vandermonde	c0006_direct
NumStability.Algorithms.TestMatrices.Higham28PascalTotalPositivity	compatibility	3	import NumStability.Algorithms.TestMatrices.Higham28Contracts	c0006_direct
NumStability.Algorithms.TestMatrices.Higham28PascalTotalPositivity	compatibility	4	import NumStability.Analysis.TestMatrices.Pascal.PascalTotalPositivity	c0006_direct
NumStability.Algorithms.TestMatrices.Higham28PascalTotalPositivity	compatibility	5	import NumStability.Source.Higham.Chapter28.Section04.Pascal.TotalPositivity	c0006_expanded
NumStability.Algorithms.TestMatrices.Higham28Probability	compatibility	1	import Mathlib.Algebra.Polynomial.Roots	c0006_direct
NumStability.Algorithms.TestMatrices.Higham28Probability	compatibility	2	import Mathlib.MeasureTheory.Constructions.Pi	c0006_direct
NumStability.Algorithms.TestMatrices.Higham28Probability	compatibility	3	import Mathlib.MeasureTheory.Integral.Bochner.Basic	c0006_direct
NumStability.Algorithms.TestMatrices.Higham28Probability	compatibility	4	import Mathlib.Probability.Distributions.Gaussian.Real	c0006_direct
NumStability.Algorithms.TestMatrices.Higham28Probability	compatibility	5	import NumStability.Algorithms.TestMatrices.Higham28Exact	c0006_direct
NumStability.Algorithms.TestMatrices.Higham28Probability	compatibility	6	import NumStability.Algorithms.TestMatrices.Higham28Stewart	c0006_direct
NumStability.Algorithms.TestMatrices.Higham28Probability	compatibility	7	import NumStability.Analysis.Conditioning.LinearSystems.PerronFrobenius	c0006_direct
NumStability.Algorithms.TestMatrices.Higham28Probability	compatibility	8	import NumStability.Analysis.Probability.Haar.NormalizedOrthogonalMatrixLaw	c0006_expanded
NumStability.Algorithms.TestMatrices.Higham28Probability	compatibility	9	import NumStability.Source.Higham.Chapter28.Section02.RealGinibre.ProbabilityLaw.Probability	c0006_direct
NumStability.Algorithms.TestMatrices.Higham28Probability	compatibility	10	import NumStability.Source.Higham.Chapter28.Section02.RealGinibre.ProbabilityLaw.ProductLaw	c0006_expanded
NumStability.Algorithms.TestMatrices.Higham28Probability	compatibility	11	import NumStability.Source.Higham.Chapter28.Section02.UniformPositive.PerronAlmostSure	c0006_expanded
NumStability.Algorithms.TestMatrices.Higham28ReciprocalSPD	compatibility	1	import NumStability.Algorithms.TestMatrices.Higham28Contracts	c0006_direct
NumStability.Algorithms.TestMatrices.Higham28ReciprocalSPD	compatibility	2	import NumStability.Source.Higham.Chapter28.Section04.ReciprocalSpectrumSPD.ReciprocalSPD	c0006_direct
NumStability.Algorithms.TestMatrices.Higham28ReciprocalSPD	compatibility	3	import NumStability.Source.Higham.Chapter28.Section04.ReciprocalSpectrumSPD.TriangularInvolution	c0006_expanded
NumStability.Algorithms.TestMatrices.Higham28ShiftedHilbert	compatibility	1	import Mathlib.Analysis.SpecialFunctions.ImproperIntegrals	c0006_direct
NumStability.Algorithms.TestMatrices.Higham28ShiftedHilbert	compatibility	2	import Mathlib.Analysis.SumIntegralComparisons	c0006_direct
NumStability.Algorithms.TestMatrices.Higham28ShiftedHilbert	compatibility	3	import NumStability.Algorithms.TestMatrices.Higham28Asymptotics	c0006_direct
NumStability.Algorithms.TestMatrices.Higham28ShiftedHilbert	compatibility	4	import NumStability.Analysis.TestMatrices.Hilbert.ShiftedHilbert	c0006_direct
NumStability.Algorithms.TestMatrices.Higham28Stewart	compatibility	1	import Mathlib.LinearAlgebra.UnitaryGroup	c0006_direct
NumStability.Algorithms.TestMatrices.Higham28Stewart	compatibility	2	import Mathlib.MeasureTheory.Constructions.Pi	c0006_direct
NumStability.Algorithms.TestMatrices.Higham28Stewart	compatibility	3	import Mathlib.MeasureTheory.Measure.Haar.Basic	c0006_direct
NumStability.Algorithms.TestMatrices.Higham28Stewart	compatibility	4	import Mathlib.Probability.Distributions.Gaussian.Real	c0006_direct
NumStability.Algorithms.TestMatrices.Higham28Stewart	compatibility	5	import NumStability.Algorithms.LinearSystems.QR.Householder.TrailingPanels	c0006_direct
NumStability.Algorithms.TestMatrices.Higham28Stewart	compatibility	6	import NumStability.Algorithms.LinearSystems.QR.HouseholderReflector	c0006_direct
NumStability.Algorithms.TestMatrices.Higham28Stewart	compatibility	7	import NumStability.Algorithms.TestMatrices.Higham28	c0006_direct
NumStability.Algorithms.TestMatrices.Higham28Stewart	compatibility	8	import NumStability.Analysis.TestMatrices.RandomSVD.Stewart	c0006_direct
NumStability.Algorithms.TestMatrices.Higham28Stewart	compatibility	9	import NumStability.Analysis.TestMatrices.RandomSVD.StewartMeasurability	c0006_expanded
NumStability.Algorithms.TestMatrices.Higham28Stewart	compatibility	10	import NumStability.Source.Higham.Chapter28.Section03.RandomSVD.SingleHouseholderRankTwo	c0006_expanded
NumStability.Algorithms.TestMatrices.Higham28Stewart	compatibility	11	import NumStability.Source.Higham.Chapter28.Section03.Theorem01.StewartHaar.HaarConclusion	c0006_expanded
NumStability.Algorithms.TestMatrices.Higham28Stewart	compatibility	12	import NumStability.Source.Higham.Chapter28.Section03.Theorem01.StewartHaar.Stewart	c0006_direct
NumStability.Algorithms.TestMatrices.Higham28StewartHaar	compatibility	1	import NumStability.Algorithms.TestMatrices.Higham28OrthogonalFibers	c0006_direct
NumStability.Algorithms.TestMatrices.Higham28StewartHaar	compatibility	2	import NumStability.Analysis.TestMatrices.RandomSVD.StewartHaar	c0006_direct
NumStability.Algorithms.TestMatrices.Higham28StewartRawFiber	compatibility	1	import NumStability.Algorithms.TestMatrices.Higham28StewartRecursion	c0006_direct
NumStability.Algorithms.TestMatrices.Higham28StewartRawFiber	compatibility	2	import NumStability.Source.Higham.Chapter28.Section03.Theorem01.StewartHaar.RawFiberConclusion	c0006_expanded
NumStability.Algorithms.TestMatrices.Higham28StewartRawFiber	compatibility	3	import NumStability.Source.Higham.Chapter28.Section03.Theorem01.StewartHaar.StewartRawFiber	c0006_direct
NumStability.Algorithms.TestMatrices.Higham28StewartRecursion	compatibility	1	import NumStability.Algorithms.TestMatrices.Higham28StewartHaar	c0006_direct
NumStability.Algorithms.TestMatrices.Higham28StewartRecursion	compatibility	2	import NumStability.Analysis.TestMatrices.RandomSVD.GroupLawRecursion	c0006_expanded
NumStability.Algorithms.TestMatrices.Higham28StewartRecursion	compatibility	3	import NumStability.Analysis.TestMatrices.RandomSVD.StewartRecursion	c0006_direct
NumStability.Algorithms.TestMatrices.Higham28ToeplitzCondition	compatibility	1	import NumStability.Algorithms.TestMatrices.Higham28ToeplitzGeneral	c0006_direct
NumStability.Algorithms.TestMatrices.Higham28ToeplitzCondition	compatibility	2	import NumStability.Source.Higham.Chapter28.Section05.TridiagonalToeplitz.SecondDifferenceCondition	c0006_expanded
NumStability.Algorithms.TestMatrices.Higham28ToeplitzCondition	compatibility	3	import NumStability.Source.Higham.Chapter28.Section05.TridiagonalToeplitz.ToeplitzCondition	c0006_direct
NumStability.Algorithms.TestMatrices.Higham28ToeplitzGeneral	compatibility	1	import NumStability.Algorithms.TestMatrices.Higham28Contracts	c0006_direct
NumStability.Algorithms.TestMatrices.Higham28ToeplitzGeneral	compatibility	2	import NumStability.Source.Higham.Chapter28.Section05.TridiagonalToeplitz.SineEigenpairs	c0006_expanded
NumStability.Algorithms.TestMatrices.Higham28ToeplitzGeneral	compatibility	3	import NumStability.Source.Higham.Chapter28.Section05.TridiagonalToeplitz.ToeplitzGeneral	c0006_direct
NumStability.Algorithms.TestMatrices.Higham28ToeplitzSpectrum	compatibility	1	import NumStability.Algorithms.TestMatrices.Higham28ToeplitzGeneral	c0006_direct
NumStability.Algorithms.TestMatrices.Higham28ToeplitzSpectrum	compatibility	2	import NumStability.Source.Higham.Chapter28.Section05.TridiagonalToeplitz.CharacteristicPolynomial	c0006_expanded
NumStability.Analysis.Polynomials.RealRootCounting	produced_destination	1	import NumStability.Algorithms.LinearSystems.Triangular.DiagonalDominance	produced_destination
NumStability.Analysis.Polynomials.RealRootCounting	produced_destination	2	import NumStability.Algorithms.Summation.Tree.Core	produced_destination
NumStability.Analysis.Polynomials.RealRootCounting	produced_destination	3	import NumStability.Analysis.LinearOperators.Jordan.NormalForm.PrimaryDecomposition	produced_destination
NumStability.Analysis.Polynomials.RealRootCounting	produced_destination	4	import NumStability.Source.Higham.Chapter28.Section02.RealGinibre.RootMeasurability.GinibreRoots	c0006_direct
NumStability.Analysis.Polynomials.RealRootCounting	produced_destination	5	import NumStability.Source.Higham.Chapter28.Section02.RealGinibre.SignedIncidence.GinibreSignedRank	c0006_direct
NumStability.Analysis.Probability.Haar.NormalizedOrthogonalMatrixLaw	produced_destination	1	import NumStability.Algorithms.LinearSystems.Triangular.ComparisonBounds	produced_destination
NumStability.Analysis.Probability.Haar.NormalizedOrthogonalMatrixLaw	produced_destination	2	import NumStability.Analysis.TestMatrices.Hilbert.Exact	produced_destination
NumStability.Analysis.Probability.Haar.NormalizedOrthogonalMatrixLaw	produced_destination	3	import NumStability.Analysis.TestMatrices.Pascal.Exact	produced_destination
NumStability.Analysis.Probability.Haar.NormalizedOrthogonalMatrixLaw	produced_destination	4	import NumStability.Source.Higham.Chapter28.Equation01.HilbertInverse.Exact	produced_destination
NumStability.Analysis.Probability.Haar.NormalizedOrthogonalMatrixLaw	produced_destination	5	import NumStability.Source.Higham.Chapter28.Equation02.ExactHilbertDeterminant.Exact	produced_destination
NumStability.Analysis.Probability.Haar.NormalizedOrthogonalMatrixLaw	produced_destination	6	import NumStability.Source.Higham.Chapter28.Equation03.HilbertCholeskyFactor.Exact	produced_destination
NumStability.Analysis.Probability.Haar.NormalizedOrthogonalMatrixLaw	produced_destination	7	import NumStability.Source.Higham.Chapter28.Section02.RealGinibre.ProbabilityLaw.Probability	c0006_direct
NumStability.Analysis.Probability.Haar.NormalizedOrthogonalMatrixLaw	produced_destination	8	import NumStability.Source.Higham.Chapter28.Section02.RealGinibre.ProbabilityLaw.ProductLaw	route_dag
NumStability.Analysis.TestMatrices.Orthogonal.HaarFiberMeasure	produced_destination	1	import NumStability.Analysis.FirstOrder.AsymptoticFamilies	produced_destination
NumStability.Analysis.TestMatrices.Orthogonal.HaarFiberMeasure	produced_destination	2	import NumStability.Analysis.TestMatrices.Orthogonal.OrthogonalFibers	c0006_direct
NumStability.Analysis.TestMatrices.Orthogonal.HaarFiberMeasure	produced_destination	3	import NumStability.Analysis.TestMatrices.RandomSVD.StewartMeasurability	route_dag
NumStability.Analysis.TestMatrices.Orthogonal.HaarFiberMeasure	produced_destination	4	import NumStability.Upstream.Lindemann.MonoidAlgebraCompat	produced_destination
NumStability.Analysis.TestMatrices.RandomSVD.GroupLawRecursion	produced_destination	1	import NumStability.Analysis.FirstOrder.AsymptoticFamilies	produced_destination
NumStability.Analysis.TestMatrices.RandomSVD.GroupLawRecursion	produced_destination	2	import NumStability.Analysis.TestMatrices.Orthogonal.HaarFiberMeasure	route_dag
NumStability.Analysis.TestMatrices.RandomSVD.GroupLawRecursion	produced_destination	3	import NumStability.Analysis.TestMatrices.RandomSVD.StewartRecursion	c0006_direct
NumStability.Analysis.TestMatrices.RandomSVD.GroupLawRecursion	produced_destination	4	import NumStability.Upstream.Lindemann.MonoidAlgebraCompat	produced_destination
NumStability.Analysis.TestMatrices.RandomSVD.StewartMeasurability	produced_destination	1	import NumStability.Analysis.FirstOrder.AsymptoticFamilies	produced_destination
NumStability.Analysis.TestMatrices.RandomSVD.StewartMeasurability	produced_destination	2	import NumStability.Analysis.LinearOperators.Jordan.NormalForm.PrimaryDecomposition	produced_destination
NumStability.Analysis.TestMatrices.RandomSVD.StewartMeasurability	produced_destination	3	import NumStability.Source.Higham.Chapter28.Section03.Theorem01.StewartHaar.Stewart	c0006_direct
NumStability.Analysis.TestMatrices.RandomSVD.StewartMeasurability	produced_destination	4	import NumStability.Upstream.Lindemann.MonoidAlgebraCompat	produced_destination
NumStability.Analysis.TestMatrices.RealGinibre.ProjectiveWeightIntegral	produced_destination	1	import Mathlib.MeasureTheory.Constructions.HaarToSphere	c0006_direct
NumStability.Analysis.TestMatrices.RealGinibre.ProjectiveWeightIntegral	produced_destination	2	import Mathlib.MeasureTheory.Function.JacobianOneDim	c0006_direct
NumStability.Analysis.TestMatrices.RealGinibre.ProjectiveWeightIntegral	produced_destination	3	import Mathlib.MeasureTheory.Integral.IntegralEqImproper	c0006_direct
NumStability.Analysis.TestMatrices.RealGinibre.ProjectiveWeightIntegral	produced_destination	4	import Mathlib.MeasureTheory.Measure.Lebesgue.VolumeOfBalls	c0006_direct
NumStability.Analysis.TestMatrices.RealGinibre.ProjectiveWeightIntegral	produced_destination	5	import Mathlib.Probability.Distributions.Beta	c0006_direct
NumStability.Analysis.TestMatrices.RealGinibre.ProjectiveWeightIntegral	produced_destination	6	import NumStability.Algorithms.LinearSystems.Triangular.DiagonalDominance	produced_destination
NumStability.Analysis.TestMatrices.RealGinibre.ProjectiveWeightIntegral	produced_destination	7	import NumStability.Analysis.LinearOperators.Jordan.NormalForm.PrimaryDecomposition	produced_destination
NumStability.Analysis.TestMatrices.RealGinibre.ProjectiveWeightIntegral	produced_destination	8	import NumStability.Analysis.VectorNorms.Basic	produced_destination
NumStability.Analysis.TestMatrices.RealGinibre.ProjectiveWeightIntegral	produced_destination	9	import NumStability.Source.Higham.Chapter26.IntervalArithmetic.ExactOperations	produced_destination
NumStability.Source.Higham.Chapter28.Equation02.DeterminantAsymptotics	produced_destination	1	import NumStability.Algorithms.LinearSystems.Triangular.DiagonalDominance	produced_destination
NumStability.Source.Higham.Chapter28.Equation02.DeterminantAsymptotics	produced_destination	2	import Mathlib.Analysis.SpecialFunctions.Stirling	produced_destination
NumStability.Source.Higham.Chapter28.Equation02.DeterminantAsymptotics	produced_destination	3	import NumStability.Analysis.TestMatrices.Hilbert.Asymptotics	produced_destination
NumStability.Source.Higham.Chapter28.Equation02.DeterminantAsymptotics	produced_destination	4	import NumStability.Source.Higham.Chapter28.Section02.RealGinibre.Asymptotics.Asymptotics	produced_destination
NumStability.Source.Higham.Chapter28.Equation02.DeterminantAsymptotics	produced_destination	5	import NumStability.Analysis.FirstOrder.AsymptoticFamilies	produced_destination
NumStability.Source.Higham.Chapter28.Equation02.DeterminantAsymptotics	produced_destination	6	import NumStability.Analysis.LinearOperators.Jordan.NormalForm.PrimaryDecomposition	produced_destination
NumStability.Source.Higham.Chapter28.Equation02.DeterminantAsymptotics	produced_destination	7	import NumStability.Analysis.TestMatrices.Hilbert.HilbertAsymptotic	c0006_direct
NumStability.Source.Higham.Chapter28.Equation02.DeterminantAsymptotics	produced_destination	8	import NumStability.Source.Higham.Chapter26.IntervalArithmetic.ExactOperations	produced_destination
NumStability.Source.Higham.Chapter28.Equation02.DeterminantAsymptotics	produced_destination	9	import NumStability.Source.Higham.Chapter28.Equation02.ExactHilbertDeterminant.Exact	produced_destination
NumStability.Source.Higham.Chapter28.Section01.HilbertConditioning.ConditionLogRate	produced_destination	1	import NumStability.Analysis.FirstOrder.AsymptoticFamilies	produced_destination
NumStability.Source.Higham.Chapter28.Section01.HilbertConditioning.ConditionLogRate	produced_destination	2	import NumStability.Analysis.LinearOperators.Jordan.NormalForm.PrimaryDecomposition	produced_destination
NumStability.Source.Higham.Chapter28.Section01.HilbertConditioning.ConditionLogRate	produced_destination	3	import NumStability.Analysis.LinearOperators.MatrixPowers.Spijker.Rational	produced_destination
NumStability.Source.Higham.Chapter28.Section01.HilbertConditioning.ConditionLogRate	produced_destination	4	import NumStability.Source.Higham.Chapter26.IntervalArithmetic.ExactOperations	produced_destination
NumStability.Source.Higham.Chapter28.Section01.HilbertConditioning.ConditionLogRate	produced_destination	5	import NumStability.Source.Higham.Chapter28.Section01.HilbertConditioning.HilbertCondition	c0006_direct
NumStability.Source.Higham.Chapter28.Section02.RealGinibre.FiniteExpectation.CharacteristicProductMoments	produced_destination	1	import NumStability.Analysis.LinearOperators.Jordan.NormalForm.PrimaryDecomposition	produced_destination
NumStability.Source.Higham.Chapter28.Section02.RealGinibre.FiniteExpectation.CharacteristicProductMoments	produced_destination	2	import NumStability.Source.Higham.Chapter04.Problem04	produced_destination
NumStability.Source.Higham.Chapter28.Section02.RealGinibre.FiniteExpectation.CharacteristicProductMoments	produced_destination	3	import NumStability.Source.Higham.Chapter28.Section02.RealGinibre.FiniteExpectation.GinibreCharacteristicProduct	c0006_direct
NumStability.Source.Higham.Chapter28.Section02.RealGinibre.FiniteExpectation.CharacteristicProductMoments	produced_destination	4	import NumStability.Source.Higham.Chapter28.Section02.RealGinibre.ProbabilityLaw.ProductLaw	route_dag
NumStability.Source.Higham.Chapter28.Section02.RealGinibre.FiniteExpectation.CharacteristicProductMoments	produced_destination	5	import NumStability.Source.Higham.Chapter28.Section02.RealGinibre.SignedIncidence.GinibreSignedScalar	c0006_direct
NumStability.Source.Higham.Chapter28.Section02.RealGinibre.FiniteExpectation.CharacteristicProductMoments	produced_destination	6	import NumStability.Upstream.Lindemann.MonoidAlgebraCompat	produced_destination
NumStability.Source.Higham.Chapter28.Section02.RealGinibre.FiniteExpectation.ClosedFormAsymptotics	produced_destination	1	import NumStability.Algorithms.Summation.Compensated.Kahan.Core	produced_destination
NumStability.Source.Higham.Chapter28.Section02.RealGinibre.FiniteExpectation.ClosedFormAsymptotics	produced_destination	2	import Mathlib.Analysis.SpecialFunctions.Stirling	produced_destination
NumStability.Source.Higham.Chapter28.Section02.RealGinibre.FiniteExpectation.ClosedFormAsymptotics	produced_destination	3	import NumStability.Analysis.TestMatrices.Hilbert.Asymptotics	produced_destination
NumStability.Source.Higham.Chapter28.Section02.RealGinibre.FiniteExpectation.ClosedFormAsymptotics	produced_destination	4	import NumStability.Source.Higham.Chapter28.Section02.RealGinibre.Asymptotics.Asymptotics	produced_destination
NumStability.Source.Higham.Chapter28.Section02.RealGinibre.FiniteExpectation.ClosedFormAsymptotics	produced_destination	5	import NumStability.Analysis.FirstOrder.AsymptoticFamilies	produced_destination
NumStability.Source.Higham.Chapter28.Section02.RealGinibre.FiniteExpectation.ClosedFormAsymptotics	produced_destination	6	import NumStability.Analysis.LinearOperators.Jordan.NormalForm.PrimaryDecomposition	produced_destination
NumStability.Source.Higham.Chapter28.Section02.RealGinibre.FiniteExpectation.ClosedFormAsymptotics	produced_destination	7	import NumStability.Source.Higham.Chapter26.IntervalArithmetic.ExactOperations	produced_destination
NumStability.Source.Higham.Chapter28.Section02.RealGinibre.FiniteExpectation.ClosedFormAsymptotics	produced_destination	8	import NumStability.Source.Higham.Chapter28.Section02.RealGinibre.FiniteExpectation.GinibreExpectationGlue	c0006_direct
NumStability.Source.Higham.Chapter28.Section02.RealGinibre.FiniteExpectation.ClosedFormAsymptotics	produced_destination	9	import NumStability.Source.Higham.Chapter28.Section02.RealGinibre.FiniteExpectation.GinibreRecurrence	c0006_direct
NumStability.Source.Higham.Chapter28.Section02.RealGinibre.FiniteExpectation.ClosedFormAsymptotics	produced_destination	10	import NumStability.Source.Higham.Chapter28.Section02.RealGinibre.ProbabilityLaw.ProductLaw	route_dag
NumStability.Source.Higham.Chapter28.Section02.RealGinibre.FiniteExpectation.ClosedFormAsymptotics	produced_destination	11	import NumStability.Source.Higham.Chapter28.Section02.RealGinibre.SignedIncidence.GinibreParity	c0006_direct
NumStability.Source.Higham.Chapter28.Section02.RealGinibre.FiniteExpectation.ExpectedCountFormula	produced_destination	1	import NumStability.Algorithms.LinearSystems.Triangular.DiagonalDominance	produced_destination
NumStability.Source.Higham.Chapter28.Section02.RealGinibre.FiniteExpectation.ExpectedCountFormula	produced_destination	2	import NumStability.Analysis.FirstOrder.AsymptoticFamilies	produced_destination
NumStability.Source.Higham.Chapter28.Section02.RealGinibre.FiniteExpectation.ExpectedCountFormula	produced_destination	3	import NumStability.Analysis.LinearOperators.Jordan.NormalForm.PrimaryDecomposition	produced_destination
NumStability.Source.Higham.Chapter28.Section02.RealGinibre.FiniteExpectation.ExpectedCountFormula	produced_destination	4	import NumStability.Analysis.LinearOperators.MatrixPowers.Spijker.Rational	produced_destination
NumStability.Source.Higham.Chapter28.Section02.RealGinibre.FiniteExpectation.ExpectedCountFormula	produced_destination	5	import NumStability.Source.Higham.Chapter04.Problem04	produced_destination
NumStability.Source.Higham.Chapter28.Section02.RealGinibre.FiniteExpectation.ExpectedCountFormula	produced_destination	6	import NumStability.Source.Higham.Chapter26.IntervalArithmetic.ExactOperations	produced_destination
NumStability.Source.Higham.Chapter28.Section02.RealGinibre.FiniteExpectation.ExpectedCountFormula	produced_destination	7	import NumStability.Source.Higham.Chapter28.Section02.RealGinibre.FiniteExpectation.CharacteristicProductMoments	route_dag
NumStability.Source.Higham.Chapter28.Section02.RealGinibre.FiniteExpectation.ExpectedCountFormula	produced_destination	8	import NumStability.Source.Higham.Chapter28.Section02.RealGinibre.FiniteExpectation.Ginibre	produced_destination
NumStability.Source.Higham.Chapter28.Section02.RealGinibre.FiniteExpectation.ExpectedCountFormula	produced_destination	9	import NumStability.Source.Higham.Chapter28.Section02.RealGinibre.FiniteExpectation.GinibreFiniteFormula	c0006_direct
NumStability.Source.Higham.Chapter28.Section02.RealGinibre.FiniteExpectation.ExpectedCountFormula	produced_destination	10	import NumStability.Source.Higham.Chapter28.Section02.RealGinibre.FiniteExpectation.GinibreSignedExpectation	produced_destination
NumStability.Source.Higham.Chapter28.Section02.RealGinibre.FiniteExpectation.ExpectedCountFormula	produced_destination	11	import NumStability.Source.Higham.Chapter28.Section02.RealGinibre.InvariantPlanes.DimensionTwoExact	route_dag
NumStability.Source.Higham.Chapter28.Section02.RealGinibre.FiniteExpectation.ExpectedCountFormula	produced_destination	12	import NumStability.Source.Higham.Chapter28.Section02.RealGinibre.RootMeasurability.GinibreRoots	produced_destination
NumStability.Source.Higham.Chapter28.Section02.RealGinibre.FiniteExpectation.ExpectedCountFormula	produced_destination	13	import NumStability.Source.Higham.Chapter28.Section02.RealGinibre.SignedIncidence.GinibreSignedConclusion	c0006_direct
NumStability.Source.Higham.Chapter28.Section02.RealGinibre.FiniteExpectation.ExpectedCountFormula	produced_destination	14	import NumStability.Source.Higham.Chapter28.Section02.RealGinibre.SignedIncidence.GinibreSignedKernel	produced_destination
NumStability.Source.Higham.Chapter28.Section02.RealGinibre.FiniteExpectation.ExpectedCountFormula	produced_destination	15	import NumStability.Source.Higham.Chapter28.Section02.RealGinibre.SignedIncidence.OneRootMomentReduction	route_dag
NumStability.Source.Higham.Chapter28.Section02.RealGinibre.Incidence.ExpectedCountTransfer	produced_destination	1	import NumStability.Algorithms.LinearSystems.QR.GramSchmidt	produced_destination
NumStability.Source.Higham.Chapter28.Section02.RealGinibre.Incidence.ExpectedCountTransfer	produced_destination	2	import NumStability.Algorithms.LinearSystems.Triangular.DiagonalDominance	produced_destination
NumStability.Source.Higham.Chapter28.Section02.RealGinibre.Incidence.ExpectedCountTransfer	produced_destination	3	import NumStability.Analysis.LinearOperators.Jordan.NormalForm.PrimaryDecomposition	produced_destination
NumStability.Source.Higham.Chapter28.Section02.RealGinibre.Incidence.ExpectedCountTransfer	produced_destination	4	import NumStability.Analysis.Polynomials.RealRootCounting	route_dag
NumStability.Source.Higham.Chapter28.Section02.RealGinibre.Incidence.ExpectedCountTransfer	produced_destination	5	import NumStability.Source.Higham.Chapter04.Problem04	produced_destination
NumStability.Source.Higham.Chapter28.Section02.RealGinibre.Incidence.ExpectedCountTransfer	produced_destination	6	import NumStability.Source.Higham.Chapter28.Section02.RealGinibre.FiniteExpectation.GinibreGaussianBridge	c0006_direct
NumStability.Source.Higham.Chapter28.Section02.RealGinibre.Incidence.ExpectedCountTransfer	produced_destination	7	import NumStability.Source.Higham.Chapter28.Section02.RealGinibre.ProbabilityLaw.GinibreMeasure	produced_destination
NumStability.Source.Higham.Chapter28.Section02.RealGinibre.Incidence.ExpectedCountTransfer	produced_destination	8	import NumStability.Source.Higham.Chapter28.Section02.RealGinibre.ProbabilityLaw.LebesgueMomentDensities	route_dag
NumStability.Source.Higham.Chapter28.Section02.RealGinibre.Incidence.ExpectedCountTransfer	produced_destination	9	import NumStability.Source.Higham.Chapter28.Section02.RealGinibre.RootMeasurability.EigenvalueCounts	route_dag
NumStability.Source.Higham.Chapter28.Section02.RealGinibre.Incidence.ExpectedCountTransfer	produced_destination	10	import NumStability.Source.Higham.Chapter28.Section02.RealGinibre.RootMeasurability.GinibreMultiplicity	c0006_direct
NumStability.Source.Higham.Chapter28.Section02.RealGinibre.Incidence.ExpectedCountTransfer	produced_destination	11	import NumStability.Upstream.Lindemann.MonoidAlgebraCompat	produced_destination
NumStability.Source.Higham.Chapter28.Section02.RealGinibre.InvariantPlanes.DimensionTwoExact	produced_destination	1	import NumStability.Analysis.LinearOperators.Jordan.NormalForm.PrimaryDecomposition	produced_destination
NumStability.Source.Higham.Chapter28.Section02.RealGinibre.InvariantPlanes.DimensionTwoExact	produced_destination	2	import NumStability.Source.Higham.Chapter28.Section02.RealGinibre.FiniteExpectation.ClosedFormAsymptotics	route_dag
NumStability.Source.Higham.Chapter28.Section02.RealGinibre.InvariantPlanes.DimensionTwoExact	produced_destination	3	import NumStability.Source.Higham.Chapter28.Section02.RealGinibre.FiniteExpectation.Ginibre	produced_destination
NumStability.Source.Higham.Chapter28.Section02.RealGinibre.InvariantPlanes.DimensionTwoExact	produced_destination	4	import NumStability.Source.Higham.Chapter28.Section02.RealGinibre.FiniteExpectation.GinibreAbsoluteDetRecurrence	c0006_direct
NumStability.Source.Higham.Chapter28.Section02.RealGinibre.InvariantPlanes.DimensionTwoExact	produced_destination	5	import NumStability.Source.Higham.Chapter28.Section02.RealGinibre.ProbabilityLaw.LebesgueMomentDensities	route_dag
NumStability.Source.Higham.Chapter28.Section02.RealGinibre.InvariantPlanes.DimensionTwoExact	produced_destination	6	import NumStability.Upstream.Lindemann.MonoidAlgebraCompat	produced_destination
NumStability.Source.Higham.Chapter28.Section02.RealGinibre.InvariantPlanes.PlaneSylvesterJacobian	produced_destination	1	import NumStability.Algorithms.LinearSystems.Triangular.DiagonalDominance	produced_destination
NumStability.Source.Higham.Chapter28.Section02.RealGinibre.InvariantPlanes.PlaneSylvesterJacobian	produced_destination	2	import NumStability.Analysis.FirstOrder.AsymptoticFamilies	produced_destination
NumStability.Source.Higham.Chapter28.Section02.RealGinibre.InvariantPlanes.PlaneSylvesterJacobian	produced_destination	3	import NumStability.Analysis.LinearOperators.Jordan.NormalForm.PrimaryDecomposition	produced_destination
NumStability.Source.Higham.Chapter28.Section02.RealGinibre.InvariantPlanes.PlaneSylvesterJacobian	produced_destination	4	import NumStability.Source.Higham.Chapter04.Problem04	produced_destination
NumStability.Source.Higham.Chapter28.Section02.RealGinibre.InvariantPlanes.PlaneSylvesterJacobian	produced_destination	5	import NumStability.Source.Higham.Chapter26.IntervalArithmetic.ExactOperations	produced_destination
NumStability.Source.Higham.Chapter28.Section02.RealGinibre.InvariantPlanes.PlaneSylvesterJacobian	produced_destination	6	import NumStability.Source.Higham.Chapter28.Section02.RealGinibre.FiniteExpectation.CharacteristicProductMoments	route_dag
NumStability.Source.Higham.Chapter28.Section02.RealGinibre.InvariantPlanes.PlaneSylvesterJacobian	produced_destination	7	import NumStability.Source.Higham.Chapter28.Section02.RealGinibre.Incidence.GinibreIncidence	produced_destination
NumStability.Source.Higham.Chapter28.Section02.RealGinibre.InvariantPlanes.PlaneSylvesterJacobian	produced_destination	8	import NumStability.Source.Higham.Chapter28.Section02.RealGinibre.InvariantPlanes.GinibrePlaneChart	c0006_direct
NumStability.Source.Higham.Chapter28.Section02.RealGinibre.InvariantPlanes.PlaneSylvesterJacobian	produced_destination	9	import NumStability.Source.Higham.Chapter28.Section02.RealGinibre.InvariantPlanes.GinibrePlaneSylvester	c0006_direct
NumStability.Source.Higham.Chapter28.Section02.RealGinibre.InvariantPlanes.PlaneSylvesterJacobian	produced_destination	10	import NumStability.Upstream.Lindemann.MonoidAlgebraCompat	produced_destination
NumStability.Source.Higham.Chapter28.Section02.RealGinibre.ProbabilityLaw.LebesgueMomentDensities	produced_destination	1	import NumStability.Analysis.LinearOperators.Jordan.NormalForm.PrimaryDecomposition	produced_destination
NumStability.Source.Higham.Chapter28.Section02.RealGinibre.ProbabilityLaw.LebesgueMomentDensities	produced_destination	2	import NumStability.Source.Higham.Chapter07.Corollary06.Equilibration.Basic	produced_destination
NumStability.Source.Higham.Chapter28.Section02.RealGinibre.ProbabilityLaw.LebesgueMomentDensities	produced_destination	3	import NumStability.Source.Higham.Chapter26.IntervalArithmetic.ExactOperations	produced_destination
NumStability.Source.Higham.Chapter28.Section02.RealGinibre.ProbabilityLaw.LebesgueMomentDensities	produced_destination	4	import NumStability.Source.Higham.Chapter28.Section02.RealGinibre.FiniteExpectation.GinibreDeterminantMoment	c0006_direct
NumStability.Source.Higham.Chapter28.Section02.RealGinibre.ProbabilityLaw.LebesgueMomentDensities	produced_destination	5	import NumStability.Source.Higham.Chapter28.Section02.RealGinibre.ProbabilityLaw.GinibreJointDensity	c0006_direct
NumStability.Source.Higham.Chapter28.Section02.RealGinibre.ProbabilityLaw.LebesgueMomentDensities	produced_destination	6	import NumStability.Source.Higham.Chapter28.Section02.RealGinibre.ProbabilityLaw.GinibreTraceDensity	c0006_direct
NumStability.Source.Higham.Chapter28.Section02.RealGinibre.ProbabilityLaw.LebesgueMomentDensities	produced_destination	7	import NumStability.Source.Higham.Chapter28.Section02.RealGinibre.ProbabilityLaw.Probability	produced_destination
NumStability.Source.Higham.Chapter28.Section02.RealGinibre.ProbabilityLaw.LebesgueMomentDensities	produced_destination	8	import NumStability.Source.Higham.Chapter28.Section02.RealGinibre.ProbabilityLaw.ProductLaw	route_dag
NumStability.Source.Higham.Chapter28.Section02.RealGinibre.ProbabilityLaw.LebesgueMomentDensities	produced_destination	9	import NumStability.Upstream.Lindemann.MonoidAlgebraCompat	produced_destination
NumStability.Source.Higham.Chapter28.Section02.RealGinibre.ProbabilityLaw.ProductLaw	produced_destination	1	import NumStability.Analysis.TestMatrices.Hilbert.Exact	produced_destination
NumStability.Source.Higham.Chapter28.Section02.RealGinibre.ProbabilityLaw.ProductLaw	produced_destination	2	import NumStability.Analysis.TestMatrices.Pascal.Exact	produced_destination
NumStability.Source.Higham.Chapter28.Section02.RealGinibre.ProbabilityLaw.ProductLaw	produced_destination	3	import NumStability.Source.Higham.Chapter28.Equation01.HilbertInverse.Exact	produced_destination
NumStability.Source.Higham.Chapter28.Section02.RealGinibre.ProbabilityLaw.ProductLaw	produced_destination	4	import NumStability.Source.Higham.Chapter28.Equation02.ExactHilbertDeterminant.Exact	produced_destination
NumStability.Source.Higham.Chapter28.Section02.RealGinibre.ProbabilityLaw.ProductLaw	produced_destination	5	import NumStability.Source.Higham.Chapter28.Equation03.HilbertCholeskyFactor.Exact	produced_destination
NumStability.Source.Higham.Chapter28.Section02.RealGinibre.ProbabilityLaw.ProductLaw	produced_destination	6	import NumStability.Source.Higham.Chapter28.Section02.RealGinibre.ProbabilityLaw.Probability	c0006_direct
NumStability.Source.Higham.Chapter28.Section02.RealGinibre.RootMeasurability.EigenvalueCounts	produced_destination	1	import Mathlib.Analysis.SpecialFunctions.Stirling	produced_destination
NumStability.Source.Higham.Chapter28.Section02.RealGinibre.RootMeasurability.EigenvalueCounts	produced_destination	2	import NumStability.Analysis.TestMatrices.Hilbert.Asymptotics	produced_destination
NumStability.Source.Higham.Chapter28.Section02.RealGinibre.RootMeasurability.EigenvalueCounts	produced_destination	3	import NumStability.Source.Higham.Chapter28.Section02.RealGinibre.Asymptotics.Asymptotics	produced_destination
NumStability.Source.Higham.Chapter28.Section02.RealGinibre.RootMeasurability.EigenvalueCounts	produced_destination	4	import NumStability.Analysis.LinearOperators.Jordan.NormalForm.PrimaryDecomposition	produced_destination
NumStability.Source.Higham.Chapter28.Section02.RealGinibre.RootMeasurability.EigenvalueCounts	produced_destination	5	import NumStability.Source.Higham.Chapter28.Section02.RealGinibre.FiniteExpectation.Ginibre	c0006_direct
NumStability.Source.Higham.Chapter28.Section02.RealGinibre.RootMeasurability.EigenvalueCounts	produced_destination	6	import NumStability.Source.Higham.Chapter28.Section02.RealGinibre.InvariantPlanes.GinibreComplexPairs	c0006_direct
NumStability.Source.Higham.Chapter28.Section02.RealGinibre.RootMeasurability.EigenvalueCounts	produced_destination	7	import NumStability.Source.Higham.Chapter28.Section02.RealGinibre.ProbabilityLaw.ProductLaw	route_dag
NumStability.Source.Higham.Chapter28.Section02.RealGinibre.RootMeasurability.EigenvalueCounts	produced_destination	8	import NumStability.Upstream.Lindemann.MonoidAlgebraCompat	produced_destination
NumStability.Source.Higham.Chapter28.Section02.RealGinibre.SignedIncidence.AlternatingRankSheets	produced_destination	1	import NumStability.Algorithms.LinearSystems.QR.GramSchmidt	produced_destination
NumStability.Source.Higham.Chapter28.Section02.RealGinibre.SignedIncidence.AlternatingRankSheets	produced_destination	2	import NumStability.Algorithms.LinearSystems.Triangular.DiagonalDominance	produced_destination
NumStability.Source.Higham.Chapter28.Section02.RealGinibre.SignedIncidence.AlternatingRankSheets	produced_destination	3	import NumStability.Algorithms.Summation.Compensated.Kahan.Core	produced_destination
NumStability.Source.Higham.Chapter28.Section02.RealGinibre.SignedIncidence.AlternatingRankSheets	produced_destination	4	import NumStability.Algorithms.Summation.Tree.Core	produced_destination
NumStability.Source.Higham.Chapter28.Section02.RealGinibre.SignedIncidence.AlternatingRankSheets	produced_destination	5	import NumStability.Analysis.FirstOrder.AsymptoticFamilies	produced_destination
NumStability.Source.Higham.Chapter28.Section02.RealGinibre.SignedIncidence.AlternatingRankSheets	produced_destination	6	import NumStability.Analysis.LinearOperators.Jordan.NormalForm.PrimaryDecomposition	produced_destination
NumStability.Source.Higham.Chapter28.Section02.RealGinibre.SignedIncidence.AlternatingRankSheets	produced_destination	7	import NumStability.Source.Higham.Chapter04.Problem04	produced_destination
NumStability.Source.Higham.Chapter28.Section02.RealGinibre.SignedIncidence.AlternatingRankSheets	produced_destination	8	import NumStability.Source.Higham.Chapter28.Section02.RealGinibre.FiniteExpectation.Ginibre	produced_destination
NumStability.Source.Higham.Chapter28.Section02.RealGinibre.SignedIncidence.AlternatingRankSheets	produced_destination	9	import NumStability.Source.Higham.Chapter28.Section02.RealGinibre.FiniteExpectation.GinibreSignedExpectation	c0006_direct
NumStability.Source.Higham.Chapter28.Section02.RealGinibre.SignedIncidence.AlternatingRankSheets	produced_destination	10	import NumStability.Source.Higham.Chapter28.Section02.RealGinibre.Incidence.ExpectedCountTransfer	route_dag
NumStability.Source.Higham.Chapter28.Section02.RealGinibre.SignedIncidence.AlternatingRankSheets	produced_destination	11	import NumStability.Source.Higham.Chapter28.Section02.RealGinibre.Incidence.GinibreTruncatedIncidence	c0006_direct
NumStability.Source.Higham.Chapter28.Section02.RealGinibre.SignedIncidence.AlternatingRankSheets	produced_destination	12	import NumStability.Source.Higham.Chapter28.Section02.RealGinibre.InvariantPlanes.GinibreComplexPairs	produced_destination
NumStability.Source.Higham.Chapter28.Section02.RealGinibre.SignedIncidence.AlternatingRankSheets	produced_destination	13	import NumStability.Source.Higham.Chapter28.Section02.RealGinibre.RootMeasurability.GinibreMultiplicity	produced_destination
NumStability.Source.Higham.Chapter28.Section02.RealGinibre.SignedIncidence.OneRootMomentReduction	produced_destination	1	import NumStability.Algorithms.LinearSystems.QR.GramSchmidt	produced_destination
NumStability.Source.Higham.Chapter28.Section02.RealGinibre.SignedIncidence.OneRootMomentReduction	produced_destination	2	import NumStability.Algorithms.LinearSystems.Triangular.DiagonalDominance	produced_destination
NumStability.Source.Higham.Chapter28.Section02.RealGinibre.SignedIncidence.OneRootMomentReduction	produced_destination	3	import NumStability.Analysis.FirstOrder.AsymptoticFamilies	produced_destination
NumStability.Source.Higham.Chapter28.Section02.RealGinibre.SignedIncidence.OneRootMomentReduction	produced_destination	4	import NumStability.Analysis.LinearOperators.Jordan.NormalForm.PrimaryDecomposition	produced_destination
NumStability.Source.Higham.Chapter28.Section02.RealGinibre.SignedIncidence.OneRootMomentReduction	produced_destination	5	import NumStability.Analysis.LinearOperators.MatrixPowers.Spijker.Rational	produced_destination
NumStability.Source.Higham.Chapter28.Section02.RealGinibre.SignedIncidence.OneRootMomentReduction	produced_destination	6	import NumStability.Analysis.TestMatrices.RealGinibre.ProjectiveWeightIntegral	route_dag
NumStability.Source.Higham.Chapter28.Section02.RealGinibre.SignedIncidence.OneRootMomentReduction	produced_destination	7	import NumStability.Source.Higham.Chapter04.Problem04	produced_destination
NumStability.Source.Higham.Chapter28.Section02.RealGinibre.SignedIncidence.OneRootMomentReduction	produced_destination	8	import NumStability.Source.Higham.Chapter06.Asides.EuclideanNormDifferentiability	produced_destination
NumStability.Source.Higham.Chapter28.Section02.RealGinibre.SignedIncidence.OneRootMomentReduction	produced_destination	9	import NumStability.Source.Higham.Chapter28.Section02.RealGinibre.FiniteExpectation.GinibreCorollary31Factor	c0006_direct
NumStability.Source.Higham.Chapter28.Section02.RealGinibre.SignedIncidence.OneRootMomentReduction	produced_destination	10	import NumStability.Source.Higham.Chapter28.Section02.RealGinibre.InvariantPlanes.GinibreAtlas	produced_destination
NumStability.Source.Higham.Chapter28.Section02.RealGinibre.SignedIncidence.OneRootMomentReduction	produced_destination	11	import NumStability.Source.Higham.Chapter28.Section02.RealGinibre.ProbabilityLaw.GinibreJointDensity	produced_destination
NumStability.Source.Higham.Chapter28.Section02.RealGinibre.SignedIncidence.OneRootMomentReduction	produced_destination	12	import NumStability.Source.Higham.Chapter28.Section02.RealGinibre.SignedIncidence.AlternatingRankSheets	route_dag
NumStability.Source.Higham.Chapter28.Section02.RealGinibre.SignedIncidence.OneRootMomentReduction	produced_destination	13	import NumStability.Source.Higham.Chapter28.Section02.RealGinibre.SignedIncidence.GinibreSignedIncidence	c0006_direct
NumStability.Source.Higham.Chapter28.Section02.RealGinibre.SignedIncidence.OneRootMomentReduction	produced_destination	14	import NumStability.Source.Higham.Chapter28.Section02.RealGinibre.SignedIncidence.GinibreSignedRankTransfer	produced_destination
NumStability.Source.Higham.Chapter28.Section02.RealGinibre.SignedIncidence.OneRootMomentReduction	produced_destination	15	import NumStability.Upstream.Lindemann.MonoidAlgebraCompat	produced_destination
NumStability.Source.Higham.Chapter28.Section02.UniformPositive.PerronAlmostSure	produced_destination	1	import NumStability.Analysis.TestMatrices.Hilbert.Exact	produced_destination
NumStability.Source.Higham.Chapter28.Section02.UniformPositive.PerronAlmostSure	produced_destination	2	import NumStability.Analysis.TestMatrices.Pascal.Exact	produced_destination
NumStability.Source.Higham.Chapter28.Section02.UniformPositive.PerronAlmostSure	produced_destination	3	import NumStability.Source.Higham.Chapter28.Equation01.HilbertInverse.Exact	produced_destination
NumStability.Source.Higham.Chapter28.Section02.UniformPositive.PerronAlmostSure	produced_destination	4	import NumStability.Source.Higham.Chapter28.Equation02.ExactHilbertDeterminant.Exact	produced_destination
NumStability.Source.Higham.Chapter28.Section02.UniformPositive.PerronAlmostSure	produced_destination	5	import NumStability.Source.Higham.Chapter28.Equation03.HilbertCholeskyFactor.Exact	produced_destination
NumStability.Source.Higham.Chapter28.Section02.UniformPositive.PerronAlmostSure	produced_destination	6	import NumStability.Source.Higham.Chapter28.Section02.RealGinibre.ProbabilityLaw.Probability	c0006_direct
NumStability.Source.Higham.Chapter28.Section02.UniformPositive.PerronAlmostSure	produced_destination	7	import NumStability.Source.Higham.Chapter28.Section02.RealGinibre.ProbabilityLaw.ProductLaw	route_dag
NumStability.Source.Higham.Chapter28.Section03.RandomSVD.SingleHouseholderRankTwo	produced_destination	1	import NumStability.Algorithms.RandomizedLinearAlgebra.Preconditioning.ExactTransforms.Core	produced_destination
NumStability.Source.Higham.Chapter28.Section03.RandomSVD.SingleHouseholderRankTwo	produced_destination	2	import NumStability.Analysis.LinearOperators.Jordan.NormalForm.PrimaryDecomposition	produced_destination
NumStability.Source.Higham.Chapter28.Section03.RandomSVD.SingleHouseholderRankTwo	produced_destination	3	import NumStability.Analysis.LinearOperators.MatrixPowers.Spijker.Rational	produced_destination
NumStability.Source.Higham.Chapter28.Section03.RandomSVD.SingleHouseholderRankTwo	produced_destination	4	import NumStability.Source.Higham.Chapter28.Section03.Theorem01.StewartHaar.Stewart	c0006_direct
NumStability.Source.Higham.Chapter28.Section03.Theorem01.StewartHaar.HaarConclusion	produced_destination	1	import NumStability.Analysis.TestMatrices.RandomSVD.StewartMeasurability	route_dag
NumStability.Source.Higham.Chapter28.Section03.Theorem01.StewartHaar.HaarConclusion	produced_destination	2	import NumStability.Source.Higham.Chapter28.Section03.Theorem01.StewartHaar.Stewart	c0006_direct
NumStability.Source.Higham.Chapter28.Section03.Theorem01.StewartHaar.QRFactorHaar	produced_destination	1	import NumStability.Algorithms.Summation.Compensated.Kahan.Core	produced_destination
NumStability.Source.Higham.Chapter28.Section03.Theorem01.StewartHaar.QRFactorHaar	produced_destination	2	import NumStability.Analysis.LinearOperators.Jordan.NormalForm.PrimaryDecomposition	produced_destination
NumStability.Source.Higham.Chapter28.Section03.Theorem01.StewartHaar.QRFactorHaar	produced_destination	3	import NumStability.Source.Higham.Chapter26.IntervalArithmetic.ExactOperations	produced_destination
NumStability.Source.Higham.Chapter28.Section03.Theorem01.StewartHaar.QRFactorHaar	produced_destination	4	import NumStability.Source.Higham.Chapter28.Section03.Theorem01.StewartHaar.GaussianQRHaar	c0006_direct
NumStability.Source.Higham.Chapter28.Section03.Theorem01.StewartHaar.QRFactorHaar	produced_destination	5	import NumStability.Upstream.Lindemann.MonoidAlgebraCompat	produced_destination
NumStability.Source.Higham.Chapter28.Section03.Theorem01.StewartHaar.RawFiberConclusion	produced_destination	1	import NumStability.Algorithms.Summation.Compensated.Kahan.Core	produced_destination
NumStability.Source.Higham.Chapter28.Section03.Theorem01.StewartHaar.RawFiberConclusion	produced_destination	2	import NumStability.Analysis.FirstOrder.AsymptoticFamilies	produced_destination
NumStability.Source.Higham.Chapter28.Section03.Theorem01.StewartHaar.RawFiberConclusion	produced_destination	3	import NumStability.Analysis.TestMatrices.RandomSVD.GroupLawRecursion	route_dag
NumStability.Source.Higham.Chapter28.Section03.Theorem01.StewartHaar.RawFiberConclusion	produced_destination	4	import NumStability.Analysis.TestMatrices.RandomSVD.StewartRecursion	produced_destination
NumStability.Source.Higham.Chapter28.Section03.Theorem01.StewartHaar.RawFiberConclusion	produced_destination	5	import NumStability.Source.Higham.Chapter28.Section03.Theorem01.StewartHaar.HaarConclusion	route_dag
NumStability.Source.Higham.Chapter28.Section03.Theorem01.StewartHaar.RawFiberConclusion	produced_destination	6	import NumStability.Source.Higham.Chapter28.Section03.Theorem01.StewartHaar.StewartRawFiber	c0006_direct
NumStability.Source.Higham.Chapter28.Section03.Theorem01.StewartHaar.RawFiberConclusion	produced_destination	7	import NumStability.Upstream.Lindemann.MonoidAlgebraCompat	produced_destination
NumStability.Source.Higham.Chapter28.Section04.Pascal.IdentityCubeRoot	produced_destination	1	import NumStability.Analysis.LinearOperators.Jordan.NormalForm.PrimaryDecomposition	produced_destination
NumStability.Source.Higham.Chapter28.Section04.Pascal.IdentityCubeRoot	produced_destination	2	import NumStability.Analysis.LinearOperators.MatrixPowers.Spijker.Rational	produced_destination
NumStability.Source.Higham.Chapter28.Section04.Pascal.IdentityCubeRoot	produced_destination	3	import NumStability.FloatingPoint.Model	produced_destination
NumStability.Source.Higham.Chapter28.Section04.Pascal.IdentityCubeRoot	produced_destination	4	import NumStability.Source.Higham.Chapter28.Section04.Pascal.Pascal	c0006_direct
NumStability.Source.Higham.Chapter28.Section04.Pascal.IdentityCubeRoot	produced_destination	5	import NumStability.Upstream.Lindemann.MonoidAlgebraCompat	produced_destination
NumStability.Source.Higham.Chapter28.Section04.Pascal.MomentMatrix	produced_destination	1	import NumStability.Algorithms.LinearSystems.Triangular.DiagonalDominance	produced_destination
NumStability.Source.Higham.Chapter28.Section04.Pascal.MomentMatrix	produced_destination	2	import NumStability.Algorithms.Summation.Compensated.Kahan.Core	produced_destination
NumStability.Source.Higham.Chapter28.Section04.Pascal.MomentMatrix	produced_destination	3	import NumStability.Analysis.LinearOperators.Jordan.NormalForm.PrimaryDecomposition	produced_destination
NumStability.Source.Higham.Chapter28.Section04.Pascal.MomentMatrix	produced_destination	4	import NumStability.Analysis.TestMatrices.Pascal.Basic	produced_destination
NumStability.Source.Higham.Chapter28.Section04.Pascal.MomentMatrix	produced_destination	5	import NumStability.Source.Higham.Chapter04.Problem04	produced_destination
NumStability.Source.Higham.Chapter28.Section04.Pascal.MomentMatrix	produced_destination	6	import NumStability.Source.Higham.Chapter28.Section02.RealGinibre.FiniteExpectation.Moments	c0006_direct
NumStability.Source.Higham.Chapter28.Section04.Pascal.OptimalPerturbationRate	produced_destination	1	import NumStability.Analysis.FirstOrder.AsymptoticFamilies	produced_destination
NumStability.Source.Higham.Chapter28.Section04.Pascal.OptimalPerturbationRate	produced_destination	2	import NumStability.Source.Higham.Chapter28.Section04.Pascal.PascalCondition	c0006_direct
NumStability.Source.Higham.Chapter28.Section04.Pascal.OptimalPerturbationRate	produced_destination	3	import NumStability.Source.Higham.Chapter28.Section04.Pascal.SingularizingPerturbation	route_dag
NumStability.Source.Higham.Chapter28.Section04.Pascal.OscillationEigenbasis	produced_destination	1	import NumStability.Analysis.LinearOperators.Jordan.NormalForm.PrimaryDecomposition	produced_destination
NumStability.Source.Higham.Chapter28.Section04.Pascal.OscillationEigenbasis	produced_destination	2	import NumStability.Source.Higham.Chapter28.Section04.Pascal.PascalOscillation	c0006_direct
NumStability.Source.Higham.Chapter28.Section04.Pascal.OscillationEigenbasis	produced_destination	3	import NumStability.Source.Higham.Chapter28.Section04.Pascal.TotalPositivity	route_dag
NumStability.Source.Higham.Chapter28.Section04.Pascal.OscillationSpectrum	produced_destination	1	import NumStability.Algorithms.RandomizedLinearAlgebra.Preconditioning.ExactTransforms.Core	produced_destination
NumStability.Source.Higham.Chapter28.Section04.Pascal.OscillationSpectrum	produced_destination	2	import NumStability.Algorithms.Summation.Compensated.Kahan.Core	produced_destination
NumStability.Source.Higham.Chapter28.Section04.Pascal.OscillationSpectrum	produced_destination	3	import NumStability.Analysis.LinearOperators.Jordan.NormalForm.PrimaryDecomposition	produced_destination
NumStability.Source.Higham.Chapter28.Section04.Pascal.OscillationSpectrum	produced_destination	4	import NumStability.Analysis.TestMatrices.Pascal.PascalOscillationCore	c0006_direct
NumStability.Source.Higham.Chapter28.Section04.Pascal.OscillationSpectrum	produced_destination	5	import NumStability.Source.Higham.Chapter28.Section04.Pascal.OscillationEigenbasis	route_dag
NumStability.Source.Higham.Chapter28.Section04.Pascal.SignChangeCount	produced_destination	1	import NumStability.Algorithms.RandomizedLinearAlgebra.Preconditioning.ExactTransforms.Core	produced_destination
NumStability.Source.Higham.Chapter28.Section04.Pascal.SignChangeCount	produced_destination	2	import NumStability.Analysis.TestMatrices.Pascal.PascalDualFlag	produced_destination
NumStability.Source.Higham.Chapter28.Section04.Pascal.SignChangeCount	produced_destination	3	import NumStability.Analysis.TestMatrices.Pascal.PascalOscillationCore	produced_destination
NumStability.Source.Higham.Chapter28.Section04.Pascal.SignChangeCount	produced_destination	4	import NumStability.Source.Higham.Chapter28.Section04.Pascal.OscillationSpectrum	route_dag
NumStability.Source.Higham.Chapter28.Section04.Pascal.SingularizingPerturbation	produced_destination	1	import NumStability.Analysis.LinearOperators.Jordan.NormalForm.PrimaryDecomposition	produced_destination
NumStability.Source.Higham.Chapter28.Section04.Pascal.SingularizingPerturbation	produced_destination	2	import NumStability.Source.Higham.Chapter28.Section04.Pascal.PascalSpectral	c0006_direct
NumStability.Source.Higham.Chapter28.Section04.Pascal.TotalPositivity	produced_destination	1	import NumStability.Algorithms.RandomizedLinearAlgebra.Preconditioning.ExactTransforms.Core	produced_destination
NumStability.Source.Higham.Chapter28.Section04.Pascal.TotalPositivity	produced_destination	2	import NumStability.Analysis.LinearOperators.Jordan.NormalForm.PrimaryDecomposition	produced_destination
NumStability.Source.Higham.Chapter28.Section04.Pascal.TotalPositivity	produced_destination	3	import NumStability.Analysis.TestMatrices.Cauchy.Contracts	produced_destination
NumStability.Source.Higham.Chapter28.Section04.Pascal.TotalPositivity	produced_destination	4	import NumStability.Analysis.TestMatrices.Pascal.PascalTotalPositivity	c0006_direct
NumStability.Source.Higham.Chapter28.Section04.ReciprocalSpectrumSPD.TriangularInvolution	produced_destination	1	import NumStability.Algorithms.RandomizedLinearAlgebra.Preconditioning.ExactTransforms.Core	produced_destination
NumStability.Source.Higham.Chapter28.Section04.ReciprocalSpectrumSPD.TriangularInvolution	produced_destination	2	import NumStability.Analysis.FirstOrder.AsymptoticFamilies	produced_destination
NumStability.Source.Higham.Chapter28.Section04.ReciprocalSpectrumSPD.TriangularInvolution	produced_destination	3	import NumStability.Analysis.LinearOperators.Jordan.NormalForm.PrimaryDecomposition	produced_destination
NumStability.Source.Higham.Chapter28.Section04.ReciprocalSpectrumSPD.TriangularInvolution	produced_destination	4	import NumStability.Source.Higham.Chapter28.Section04.ReciprocalSpectrumSPD.ReciprocalSPD	c0006_direct
NumStability.Source.Higham.Chapter28.Section05.TridiagonalToeplitz.CharacteristicPolynomial	produced_destination	1	import NumStability.Algorithms.RandomizedLinearAlgebra.Preconditioning.ExactTransforms.Core	produced_destination
NumStability.Source.Higham.Chapter28.Section05.TridiagonalToeplitz.CharacteristicPolynomial	produced_destination	2	import NumStability.Analysis.LinearOperators.Jordan.NormalForm.PrimaryDecomposition	produced_destination
NumStability.Source.Higham.Chapter28.Section05.TridiagonalToeplitz.CharacteristicPolynomial	produced_destination	3	import NumStability.Source.Higham.Chapter28.Section05.TridiagonalToeplitz.SineEigenpairs	route_dag
NumStability.Source.Higham.Chapter28.Section05.TridiagonalToeplitz.CharacteristicPolynomial	produced_destination	4	import NumStability.Source.Higham.Chapter28.Section05.TridiagonalToeplitz.ToeplitzGeneral	produced_destination
NumStability.Source.Higham.Chapter28.Section05.TridiagonalToeplitz.CharacteristicPolynomial	produced_destination	5	import NumStability.Upstream.Lindemann.MonoidAlgebraCompat	produced_destination
NumStability.Source.Higham.Chapter28.Section05.TridiagonalToeplitz.SecondDifferenceCondition	produced_destination	1	import NumStability.Analysis.LinearOperators.Jordan.NormalForm.PrimaryDecomposition	produced_destination
NumStability.Source.Higham.Chapter28.Section05.TridiagonalToeplitz.SecondDifferenceCondition	produced_destination	2	import NumStability.Source.Higham.Chapter28.Section05.TridiagonalToeplitz.SineEigenvectors	route_dag
NumStability.Source.Higham.Chapter28.Section05.TridiagonalToeplitz.SecondDifferenceCondition	produced_destination	3	import NumStability.Source.Higham.Chapter28.Section05.TridiagonalToeplitz.ToeplitzCondition	c0006_direct
NumStability.Source.Higham.Chapter28.Section05.TridiagonalToeplitz.SineEigenpairs	produced_destination	1	import NumStability.Source.Higham.Chapter28.Section05.TridiagonalToeplitz.SineEigenvectors	route_dag
NumStability.Source.Higham.Chapter28.Section05.TridiagonalToeplitz.SineEigenpairs	produced_destination	2	import NumStability.Source.Higham.Chapter28.Section05.TridiagonalToeplitz.ToeplitzGeneral	c0006_direct
NumStability.Source.Higham.Chapter28.Section05.TridiagonalToeplitz.SineEigenpairs	produced_destination	3	import NumStability.Upstream.Lindemann.MonoidAlgebraCompat	produced_destination
NumStability.Source.Higham.Chapter28.Section05.TridiagonalToeplitz.SineEigenvectors	produced_destination	1	import Mathlib.Analysis.SpecialFunctions.Stirling	produced_destination
NumStability.Source.Higham.Chapter28.Section05.TridiagonalToeplitz.SineEigenvectors	produced_destination	2	import NumStability.Analysis.TestMatrices.Hilbert.Asymptotics	produced_destination
NumStability.Source.Higham.Chapter28.Section05.TridiagonalToeplitz.SineEigenvectors	produced_destination	3	import NumStability.Source.Higham.Chapter28.Section02.RealGinibre.Asymptotics.Asymptotics	produced_destination
NumStability.Source.Higham.Chapter28.Section05.TridiagonalToeplitz.SineEigenvectors	produced_destination	4	import NumStability.Source.Higham.Chapter28.Section03.RandomSVD.RandsvdNorm	produced_destination
NumStability.Source.Higham.Chapter28.Section05.TridiagonalToeplitz.SineEigenvectors	produced_destination	5	import NumStability.Analysis.TestMatrices.Companion.Contracts	c0006_direct
NumStability.Source.Higham.Chapter28.Section05.TridiagonalToeplitz.SineEigenvectors	produced_destination	6	import NumStability.Analysis.TestMatrices.Pascal.Contracts	c0006_direct
NumStability.Source.Higham.Chapter28.Section05.TridiagonalToeplitz.SineEigenvectors	produced_destination	7	import NumStability.Analysis.TestMatrices.Toeplitz.Contracts	c0006_direct
NumStability.Source.Higham.Chapter28.Section05.TridiagonalToeplitz.SineEigenvectors	produced_destination	8	import NumStability.Source.Higham.Chapter09.Problems	c0006_direct
NumStability.Source.Higham.Chapter28.Section06.Companion.CharacteristicPolynomial	produced_destination	1	import NumStability.Algorithms.RandomizedLinearAlgebra.Preconditioning.ExactTransforms.Core	produced_destination
NumStability.Source.Higham.Chapter28.Section06.Companion.CharacteristicPolynomial	produced_destination	2	import NumStability.Source.Higham.Chapter28.Section06.Companion.Companion	c0006_direct
NumStability.Source.Higham.Chapter28.Section06.Companion.CharacteristicPolynomial	produced_destination	3	import NumStability.Source.Higham.Chapter28.Section06.Companion.Nonderogatory	route_dag
NumStability.Source.Higham.Chapter28.Section06.Companion.CharacteristicPolynomial	produced_destination	4	import NumStability.Upstream.Lindemann.AlgebraicPart	produced_destination
NumStability.Source.Higham.Chapter28.Section06.Companion.Nonderogatory	produced_destination	1	import NumStability.Algorithms.RandomizedLinearAlgebra.Preconditioning.ExactTransforms.Core	produced_destination
NumStability.Source.Higham.Chapter28.Section06.Companion.Nonderogatory	produced_destination	2	import NumStability.Algorithms.Summation.Compensated.Kahan.Core	produced_destination
NumStability.Source.Higham.Chapter28.Section06.Companion.Nonderogatory	produced_destination	3	import Mathlib.Analysis.SpecialFunctions.Stirling	produced_destination
NumStability.Source.Higham.Chapter28.Section06.Companion.Nonderogatory	produced_destination	4	import NumStability.Analysis.TestMatrices.Hilbert.Asymptotics	produced_destination
NumStability.Source.Higham.Chapter28.Section06.Companion.Nonderogatory	produced_destination	5	import NumStability.Source.Higham.Chapter28.Section02.RealGinibre.Asymptotics.Asymptotics	produced_destination
NumStability.Source.Higham.Chapter28.Section06.Companion.Nonderogatory	produced_destination	6	import NumStability.Source.Higham.Chapter28.Section03.RandomSVD.RandsvdNorm	produced_destination
NumStability.Source.Higham.Chapter28.Section06.Companion.Nonderogatory	produced_destination	7	import NumStability.Analysis.LinearOperators.Jordan.NormalForm.PrimaryDecomposition	produced_destination
NumStability.Source.Higham.Chapter28.Section06.Companion.Nonderogatory	produced_destination	8	import NumStability.Analysis.TestMatrices.Companion.Contracts	c0006_direct
NumStability.Source.Higham.Chapter28.Section06.Companion.Nonderogatory	produced_destination	9	import NumStability.Analysis.TestMatrices.Pascal.Contracts	c0006_direct
NumStability.Source.Higham.Chapter28.Section06.Companion.Nonderogatory	produced_destination	10	import NumStability.Analysis.TestMatrices.Toeplitz.Contracts	c0006_direct
NumStability.Source.Higham.Chapter28.Section06.Companion.Nonderogatory	produced_destination	11	import NumStability.Source.Higham.Chapter09.Problems	c0006_direct
NumStability.Source.Higham.Chapter28.Section06.Companion.Nonderogatory	produced_destination	12	import NumStability.Upstream.Lindemann.AlgebraicPart	produced_destination
NumStability.Source.Higham.Chapter28.Section06.Companion.Normality	produced_destination	1	import NumStability.Source.Higham.Chapter04.Problem04	produced_destination
NumStability.Source.Higham.Chapter28.Section06.Companion.Normality	produced_destination	2	import NumStability.Source.Higham.Chapter28.Section06.Companion.CompanionSpectral	c0006_direct
NumStability.Source.Higham.Chapter28.Section06.Companion.SingularValues	produced_destination	1	import NumStability.Source.Higham.Chapter04.Problem04	produced_destination
NumStability.Source.Higham.Chapter28.Section06.Companion.SingularValues	produced_destination	2	import NumStability.Source.Higham.Chapter28.Section06.Companion.CompanionSpectral	c0006_direct
NumStability.Source.Higham.Chapter28.Section06.Companion.SingularValues	produced_destination	3	import NumStability.Upstream.Lindemann.AlgebraicPart	produced_destination
