declaration	owner_module	visibility	selected_owner	closure_role	seed_memberships	membership_witnesses	co_route_component	minimum_depth	signature_edge_span	body_edge_span
NumStability.countSketchHashProbability_eventProb_flSparseGramDot_rowGram_perturb_ge_one_sub_square_inv	NumStability.Algorithms.RandNLA.Preconditioning	public	yes	reverse_dependent_boundary	_private.NumStability.Algorithms.RandNLA.UniformRowSampling.0.NumStability.uniformRowTraceProbMass_two_point_factor	"[{""depth"":7,""edge_kind"":""body"",""predecessor"":""NumStability.countSketchHashProbability_eventProb_injective_ge_one_sub_square_inv"",""seed"":""_private.NumStability.Algorithms.RandNLA.UniformRowSampling.0.NumStability.uniformRowTraceProbMass_two_point_factor""}]"	-	7	0	1
NumStability.countSketchHashProbability_eventProb_injective_ge_one_sub_pair_sum	NumStability.Algorithms.RandNLA.Preconditioning	public	yes	reverse_dependent_boundary	_private.NumStability.Algorithms.RandNLA.UniformRowSampling.0.NumStability.uniformRowTraceProbMass_two_point_factor	"[{""depth"":5,""edge_kind"":""body"",""predecessor"":""NumStability.countSketchHashProbability_eventProb_pairNoCollision_eq_one_sub_inv"",""seed"":""_private.NumStability.Algorithms.RandNLA.UniformRowSampling.0.NumStability.uniformRowTraceProbMass_two_point_factor""}]"	-	5	0	1
NumStability.countSketchHashProbability_eventProb_injective_ge_one_sub_square_inv	NumStability.Algorithms.RandNLA.Preconditioning	public	yes	reverse_dependent_boundary	_private.NumStability.Algorithms.RandNLA.UniformRowSampling.0.NumStability.uniformRowTraceProbMass_two_point_factor	"[{""depth"":6,""edge_kind"":""body"",""predecessor"":""NumStability.countSketchHashProbability_eventProb_injective_ge_one_sub_pair_sum"",""seed"":""_private.NumStability.Algorithms.RandNLA.UniformRowSampling.0.NumStability.uniformRowTraceProbMass_two_point_factor""}]"	-	6	0	1
NumStability.countSketchHashProbability_eventProb_pairCollision_eq_inv	NumStability.Algorithms.RandNLA.Preconditioning	public	yes	reverse_dependent_boundary	_private.NumStability.Algorithms.RandNLA.UniformRowSampling.0.NumStability.uniformRowTraceProbMass_two_point_factor	"[{""depth"":3,""edge_kind"":""body"",""predecessor"":""NumStability.uniformRowTraceProbability_eventProb_pair_collision_eq_inv"",""seed"":""_private.NumStability.Algorithms.RandNLA.UniformRowSampling.0.NumStability.uniformRowTraceProbMass_two_point_factor""}]"	-	3	0	1
NumStability.countSketchHashProbability_eventProb_pairNoCollision_eq_one_sub_inv	NumStability.Algorithms.RandNLA.Preconditioning	public	yes	reverse_dependent_boundary	_private.NumStability.Algorithms.RandNLA.UniformRowSampling.0.NumStability.uniformRowTraceProbMass_two_point_factor	"[{""depth"":4,""edge_kind"":""body"",""predecessor"":""NumStability.countSketchHashProbability_eventProb_pairCollision_eq_inv"",""seed"":""_private.NumStability.Algorithms.RandNLA.UniformRowSampling.0.NumStability.uniformRowTraceProbMass_two_point_factor""}]"	-	4	0	1
NumStability.countSketchHashProbability_expectationReal_collision_coeff_sq_eq_inv_mul	NumStability.Algorithms.RandNLA.Preconditioning	public	yes	reverse_dependent_boundary	_private.NumStability.Algorithms.RandNLA.UniformRowSampling.0.NumStability.uniformRowTraceProbMass_two_point_factor	"[{""depth"":5,""edge_kind"":""body"",""predecessor"":""NumStability.countSketchHashProbability_expectationReal_pairCollisionIndicator_eq_inv"",""seed"":""_private.NumStability.Algorithms.RandNLA.UniformRowSampling.0.NumStability.uniformRowTraceProbMass_two_point_factor""}]"	-	5	0	1
NumStability.countSketchHashProbability_expectationReal_pairCollisionIndicator_eq_inv	NumStability.Algorithms.RandNLA.Preconditioning	public	yes	reverse_dependent_boundary	_private.NumStability.Algorithms.RandNLA.UniformRowSampling.0.NumStability.uniformRowTraceProbMass_two_point_factor	"[{""depth"":4,""edge_kind"":""body"",""predecessor"":""NumStability.countSketchHashProbability_eventProb_pairCollision_eq_inv"",""seed"":""_private.NumStability.Algorithms.RandNLA.UniformRowSampling.0.NumStability.uniformRowTraceProbMass_two_point_factor""}]"	-	4	0	1
NumStability.countSketchProbability_eventProb_abs_rowGram_quadratic_error_le_ge_one_sub	NumStability.Algorithms.RandNLA.Preconditioning	public	yes	reverse_dependent_boundary	_private.NumStability.Algorithms.RandNLA.UniformRowSampling.0.NumStability.uniformRowTraceProbMass_two_point_factor	"[{""depth"":8,""edge_kind"":""body"",""predecessor"":""NumStability.countSketchProbability_expectationReal_rowGram_quadratic_error_sq_le"",""seed"":""_private.NumStability.Algorithms.RandNLA.UniformRowSampling.0.NumStability.uniformRowTraceProbMass_two_point_factor""}]"	-	8	0	1
NumStability.countSketchProbability_eventProb_abs_rowGram_quadratic_error_le_ge_one_sub_delta_of_coeff_budget	NumStability.Algorithms.RandNLA.Preconditioning	public	yes	reverse_dependent_boundary	_private.NumStability.Algorithms.RandNLA.UniformRowSampling.0.NumStability.uniformRowTraceProbMass_two_point_factor	"[{""depth"":9,""edge_kind"":""body"",""predecessor"":""NumStability.countSketchProbability_eventProb_abs_rowGram_quadratic_error_le_ge_one_sub"",""seed"":""_private.NumStability.Algorithms.RandNLA.UniformRowSampling.0.NumStability.uniformRowTraceProbMass_two_point_factor""}]"	-	9	0	1
NumStability.countSketchProbability_eventProb_flSparseGramDotWithFlStoredSignAddZeroRightPermuted_rowGram_twoSidedLoewner_productGrid_ge_one_sub_delta_of_sum_vecNorm_add_frobNorm_budget	NumStability.Algorithms.RandNLA.Preconditioning	public	yes	reverse_dependent_boundary	_private.NumStability.Algorithms.RandNLA.UniformRowSampling.0.NumStability.uniformRowTraceProbMass_two_point_factor	"[{""depth"":14,""edge_kind"":""body"",""predecessor"":""NumStability.countSketchProbability_eventProb_flSparseGramDotWithStoredSignPermuted_rowGram_twoSidedLoewner_productGrid_ge_one_sub_delta_of_sum_vecNorm_add_frobNorm_budget"",""seed"":""_private.NumStability.Algorithms.RandNLA.UniformRowSampling.0.NumStability.uniformRowTraceProbMass_two_point_factor""}]"	-	14	0	1
NumStability.countSketchProbability_eventProb_flSparseGramDotWithFlStoredSignAddZeroRightTree_rowGram_twoSidedLoewner_productGrid_ge_one_sub_delta_of_sum_vecNorm_add_frobNorm_budget	NumStability.Algorithms.RandNLA.Preconditioning	public	yes	reverse_dependent_boundary	_private.NumStability.Algorithms.RandNLA.UniformRowSampling.0.NumStability.uniformRowTraceProbMass_two_point_factor	"[{""depth"":14,""edge_kind"":""body"",""predecessor"":""NumStability.countSketchProbability_eventProb_flSparseGramDotWithStoredSignTree_rowGram_twoSidedLoewner_productGrid_ge_one_sub_delta_of_sum_vecNorm_add_frobNorm_budget"",""seed"":""_private.NumStability.Algorithms.RandNLA.UniformRowSampling.0.NumStability.uniformRowTraceProbMass_two_point_factor""}]"	-	14	0	1
NumStability.countSketchProbability_eventProb_flSparseGramDotWithFlStoredSignAddZeroRight_rowGram_twoSidedLoewner_productGrid_ge_one_sub_delta_of_sum_gridNorm_add_nat_orthonormal_budget	NumStability.Algorithms.RandNLA.Preconditioning	public	yes	reverse_dependent_boundary	_private.NumStability.Algorithms.RandNLA.UniformRowSampling.0.NumStability.uniformRowTraceProbMass_two_point_factor	"[{""depth"":15,""edge_kind"":""body"",""predecessor"":""NumStability.countSketchProbability_eventProb_flSparseGramDotWithStoredSign_rowGram_twoSidedLoewner_productGrid_ge_one_sub_delta_of_sum_gridNorm_add_nat_orthonormal_budget"",""seed"":""_private.NumStability.Algorithms.RandNLA.UniformRowSampling.0.NumStability.uniformRowTraceProbMass_two_point_factor""}]"	-	15	0	1
NumStability.countSketchProbability_eventProb_flSparseGramDotWithFlStoredSignAddZeroRight_rowGram_twoSidedLoewner_productGrid_ge_one_sub_delta_of_sum_vecNorm_add_frobNorm_budget	NumStability.Algorithms.RandNLA.Preconditioning	public	yes	reverse_dependent_boundary	_private.NumStability.Algorithms.RandNLA.UniformRowSampling.0.NumStability.uniformRowTraceProbMass_two_point_factor	"[{""depth"":14,""edge_kind"":""body"",""predecessor"":""NumStability.countSketchProbability_eventProb_flSparseGramDotWithStoredSign_rowGram_twoSidedLoewner_productGrid_ge_one_sub_delta_of_sum_vecNorm_add_frobNorm_budget"",""seed"":""_private.NumStability.Algorithms.RandNLA.UniformRowSampling.0.NumStability.uniformRowTraceProbMass_two_point_factor""}]"	-	14	0	1
NumStability.countSketchProbability_eventProb_flSparseGramDotWithFlStoredSignPermuted_rowGram_twoSidedLoewner_productGrid_ge_one_sub_delta_of_sum_vecNorm_add_frobNorm_budget	NumStability.Algorithms.RandNLA.Preconditioning	public	yes	reverse_dependent_boundary	_private.NumStability.Algorithms.RandNLA.UniformRowSampling.0.NumStability.uniformRowTraceProbMass_two_point_factor	"[{""depth"":14,""edge_kind"":""body"",""predecessor"":""NumStability.countSketchProbability_eventProb_flSparseGramDotWithStoredSignPermuted_rowGram_twoSidedLoewner_productGrid_ge_one_sub_delta_of_sum_vecNorm_add_frobNorm_budget"",""seed"":""_private.NumStability.Algorithms.RandNLA.UniformRowSampling.0.NumStability.uniformRowTraceProbMass_two_point_factor""}]"	-	14	0	1
NumStability.countSketchProbability_eventProb_flSparseGramDotWithFlStoredSignSubZeroRightPermuted_rowGram_twoSidedLoewner_productGrid_ge_one_sub_delta_of_sum_vecNorm_add_frobNorm_budget	NumStability.Algorithms.RandNLA.Preconditioning	public	yes	reverse_dependent_boundary	_private.NumStability.Algorithms.RandNLA.UniformRowSampling.0.NumStability.uniformRowTraceProbMass_two_point_factor	"[{""depth"":14,""edge_kind"":""body"",""predecessor"":""NumStability.countSketchProbability_eventProb_flSparseGramDotWithStoredSignPermuted_rowGram_twoSidedLoewner_productGrid_ge_one_sub_delta_of_sum_vecNorm_add_frobNorm_budget"",""seed"":""_private.NumStability.Algorithms.RandNLA.UniformRowSampling.0.NumStability.uniformRowTraceProbMass_two_point_factor""}]"	-	14	0	1
NumStability.countSketchProbability_eventProb_flSparseGramDotWithFlStoredSignSubZeroRightTree_rowGram_twoSidedLoewner_productGrid_ge_one_sub_delta_of_sum_vecNorm_add_frobNorm_budget	NumStability.Algorithms.RandNLA.Preconditioning	public	yes	reverse_dependent_boundary	_private.NumStability.Algorithms.RandNLA.UniformRowSampling.0.NumStability.uniformRowTraceProbMass_two_point_factor	"[{""depth"":14,""edge_kind"":""body"",""predecessor"":""NumStability.countSketchProbability_eventProb_flSparseGramDotWithStoredSignTree_rowGram_twoSidedLoewner_productGrid_ge_one_sub_delta_of_sum_vecNorm_add_frobNorm_budget"",""seed"":""_private.NumStability.Algorithms.RandNLA.UniformRowSampling.0.NumStability.uniformRowTraceProbMass_two_point_factor""}]"	-	14	0	1
NumStability.countSketchProbability_eventProb_flSparseGramDotWithFlStoredSignSubZeroRight_rowGram_twoSidedLoewner_productGrid_ge_one_sub_delta_of_sum_gridNorm_add_nat_orthonormal_budget	NumStability.Algorithms.RandNLA.Preconditioning	public	yes	reverse_dependent_boundary	_private.NumStability.Algorithms.RandNLA.UniformRowSampling.0.NumStability.uniformRowTraceProbMass_two_point_factor	"[{""depth"":15,""edge_kind"":""body"",""predecessor"":""NumStability.countSketchProbability_eventProb_flSparseGramDotWithStoredSign_rowGram_twoSidedLoewner_productGrid_ge_one_sub_delta_of_sum_gridNorm_add_nat_orthonormal_budget"",""seed"":""_private.NumStability.Algorithms.RandNLA.UniformRowSampling.0.NumStability.uniformRowTraceProbMass_two_point_factor""}]"	-	15	0	1
NumStability.countSketchProbability_eventProb_flSparseGramDotWithFlStoredSignSubZeroRight_rowGram_twoSidedLoewner_productGrid_ge_one_sub_delta_of_sum_vecNorm_add_frobNorm_budget	NumStability.Algorithms.RandNLA.Preconditioning	public	yes	reverse_dependent_boundary	_private.NumStability.Algorithms.RandNLA.UniformRowSampling.0.NumStability.uniformRowTraceProbMass_two_point_factor	"[{""depth"":14,""edge_kind"":""body"",""predecessor"":""NumStability.countSketchProbability_eventProb_flSparseGramDotWithStoredSign_rowGram_twoSidedLoewner_productGrid_ge_one_sub_delta_of_sum_vecNorm_add_frobNorm_budget"",""seed"":""_private.NumStability.Algorithms.RandNLA.UniformRowSampling.0.NumStability.uniformRowTraceProbMass_two_point_factor""}]"	-	14	0	1
NumStability.countSketchProbability_eventProb_flSparseGramDotWithFlStoredSignTree_rowGram_twoSidedLoewner_productGrid_ge_one_sub_delta_of_sum_vecNorm_add_frobNorm_budget	NumStability.Algorithms.RandNLA.Preconditioning	public	yes	reverse_dependent_boundary	_private.NumStability.Algorithms.RandNLA.UniformRowSampling.0.NumStability.uniformRowTraceProbMass_two_point_factor	"[{""depth"":14,""edge_kind"":""body"",""predecessor"":""NumStability.countSketchProbability_eventProb_flSparseGramDotWithStoredSignTree_rowGram_twoSidedLoewner_productGrid_ge_one_sub_delta_of_sum_vecNorm_add_frobNorm_budget"",""seed"":""_private.NumStability.Algorithms.RandNLA.UniformRowSampling.0.NumStability.uniformRowTraceProbMass_two_point_factor""}]"	-	14	0	1
NumStability.countSketchProbability_eventProb_flSparseGramDotWithFlStoredSign_rowGram_twoSidedLoewner_productGrid_ge_one_sub_delta_of_sum_gridNorm_add_nat_orthonormal_budget	NumStability.Algorithms.RandNLA.Preconditioning	public	yes	reverse_dependent_boundary	_private.NumStability.Algorithms.RandNLA.UniformRowSampling.0.NumStability.uniformRowTraceProbMass_two_point_factor	"[{""depth"":15,""edge_kind"":""body"",""predecessor"":""NumStability.countSketchProbability_eventProb_flSparseGramDotWithStoredSign_rowGram_twoSidedLoewner_productGrid_ge_one_sub_delta_of_sum_gridNorm_add_nat_orthonormal_budget"",""seed"":""_private.NumStability.Algorithms.RandNLA.UniformRowSampling.0.NumStability.uniformRowTraceProbMass_two_point_factor""}]"	-	15	0	1
NumStability.countSketchProbability_eventProb_flSparseGramDotWithFlStoredSign_rowGram_twoSidedLoewner_productGrid_ge_one_sub_delta_of_sum_vecNorm_add_frobNorm_budget	NumStability.Algorithms.RandNLA.Preconditioning	public	yes	reverse_dependent_boundary	_private.NumStability.Algorithms.RandNLA.UniformRowSampling.0.NumStability.uniformRowTraceProbMass_two_point_factor	"[{""depth"":14,""edge_kind"":""body"",""predecessor"":""NumStability.countSketchProbability_eventProb_flSparseGramDotWithStoredSign_rowGram_twoSidedLoewner_productGrid_ge_one_sub_delta_of_sum_vecNorm_add_frobNorm_budget"",""seed"":""_private.NumStability.Algorithms.RandNLA.UniformRowSampling.0.NumStability.uniformRowTraceProbMass_two_point_factor""}]"	-	14	0	1
NumStability.countSketchProbability_eventProb_flSparseGramDotWithStoredSignPermuted_rowGram_twoSidedLoewner_productGrid_ge_one_sub_delta_of_sum_vecNorm_add_frobNorm_budget	NumStability.Algorithms.RandNLA.Preconditioning	public	yes	reverse_dependent_boundary	_private.NumStability.Algorithms.RandNLA.UniformRowSampling.0.NumStability.uniformRowTraceProbMass_two_point_factor	"[{""depth"":13,""edge_kind"":""body"",""predecessor"":""NumStability.countSketchProbability_eventProb_flSparseGramDotWithStoredSignPermuted_rowGram_twoSidedLoewner_productGrid_ge_one_sub_sum_vecNorm_add_frobNorm"",""seed"":""_private.NumStability.Algorithms.RandNLA.UniformRowSampling.0.NumStability.uniformRowTraceProbMass_two_point_factor""}]"	-	13	0	1
NumStability.countSketchProbability_eventProb_flSparseGramDotWithStoredSignPermuted_rowGram_twoSidedLoewner_productGrid_ge_one_sub_sum_vecNorm_add_frobNorm	NumStability.Algorithms.RandNLA.Preconditioning	public	yes	reverse_dependent_boundary	_private.NumStability.Algorithms.RandNLA.UniformRowSampling.0.NumStability.uniformRowTraceProbMass_two_point_factor	"[{""depth"":12,""edge_kind"":""body"",""predecessor"":""NumStability.countSketchProbability_eventProb_rowGram_twoSidedLoewner_productGrid_ge_one_sub_sum_vecNorm_add_frobNorm"",""seed"":""_private.NumStability.Algorithms.RandNLA.UniformRowSampling.0.NumStability.uniformRowTraceProbMass_two_point_factor""}]"	-	12	0	1
NumStability.countSketchProbability_eventProb_flSparseGramDotWithStoredSignTree_rowGram_twoSidedLoewner_productGrid_ge_one_sub_delta_of_sum_vecNorm_add_frobNorm_budget	NumStability.Algorithms.RandNLA.Preconditioning	public	yes	reverse_dependent_boundary	_private.NumStability.Algorithms.RandNLA.UniformRowSampling.0.NumStability.uniformRowTraceProbMass_two_point_factor	"[{""depth"":13,""edge_kind"":""body"",""predecessor"":""NumStability.countSketchProbability_eventProb_flSparseGramDotWithStoredSignTree_rowGram_twoSidedLoewner_productGrid_ge_one_sub_sum_vecNorm_add_frobNorm"",""seed"":""_private.NumStability.Algorithms.RandNLA.UniformRowSampling.0.NumStability.uniformRowTraceProbMass_two_point_factor""}]"	-	13	0	1
NumStability.countSketchProbability_eventProb_flSparseGramDotWithStoredSignTree_rowGram_twoSidedLoewner_productGrid_ge_one_sub_sum_vecNorm_add_frobNorm	NumStability.Algorithms.RandNLA.Preconditioning	public	yes	reverse_dependent_boundary	_private.NumStability.Algorithms.RandNLA.UniformRowSampling.0.NumStability.uniformRowTraceProbMass_two_point_factor	"[{""depth"":12,""edge_kind"":""body"",""predecessor"":""NumStability.countSketchProbability_eventProb_rowGram_twoSidedLoewner_productGrid_ge_one_sub_sum_vecNorm_add_frobNorm"",""seed"":""_private.NumStability.Algorithms.RandNLA.UniformRowSampling.0.NumStability.uniformRowTraceProbMass_two_point_factor""}]"	-	12	0	1
NumStability.countSketchProbability_eventProb_flSparseGramDotWithStoredSign_rowGram_twoSidedLoewner_productGrid_ge_one_sub_delta_of_sum_gridNorm_add_nat_orthonormal_budget	NumStability.Algorithms.RandNLA.Preconditioning	public	yes	reverse_dependent_boundary	_private.NumStability.Algorithms.RandNLA.UniformRowSampling.0.NumStability.uniformRowTraceProbMass_two_point_factor	"[{""depth"":14,""edge_kind"":""body"",""predecessor"":""NumStability.countSketchProbability_eventProb_flSparseGramDotWithStoredSign_rowGram_twoSidedLoewner_productGrid_ge_one_sub_sum_gridNorm_add_nat_orthonormal"",""seed"":""_private.NumStability.Algorithms.RandNLA.UniformRowSampling.0.NumStability.uniformRowTraceProbMass_two_point_factor""}]"	-	14	0	1
NumStability.countSketchProbability_eventProb_flSparseGramDotWithStoredSign_rowGram_twoSidedLoewner_productGrid_ge_one_sub_delta_of_sum_vecNorm_add_frobNorm_budget	NumStability.Algorithms.RandNLA.Preconditioning	public	yes	reverse_dependent_boundary	_private.NumStability.Algorithms.RandNLA.UniformRowSampling.0.NumStability.uniformRowTraceProbMass_two_point_factor	"[{""depth"":13,""edge_kind"":""body"",""predecessor"":""NumStability.countSketchProbability_eventProb_flSparseGramDotWithStoredSign_rowGram_twoSidedLoewner_productGrid_ge_one_sub_sum_vecNorm_add_frobNorm"",""seed"":""_private.NumStability.Algorithms.RandNLA.UniformRowSampling.0.NumStability.uniformRowTraceProbMass_two_point_factor""}]"	-	13	0	1
NumStability.countSketchProbability_eventProb_flSparseGramDotWithStoredSign_rowGram_twoSidedLoewner_productGrid_ge_one_sub_sum_gridNorm_add_nat_orthonormal	NumStability.Algorithms.RandNLA.Preconditioning	public	yes	reverse_dependent_boundary	_private.NumStability.Algorithms.RandNLA.UniformRowSampling.0.NumStability.uniformRowTraceProbMass_two_point_factor	"[{""depth"":13,""edge_kind"":""body"",""predecessor"":""NumStability.countSketchProbability_eventProb_flSparseGramDotWithStoredSign_rowGram_twoSidedLoewner_productGrid_ge_one_sub_sum_vecNorm_add_frobNorm"",""seed"":""_private.NumStability.Algorithms.RandNLA.UniformRowSampling.0.NumStability.uniformRowTraceProbMass_two_point_factor""}]"	-	13	0	1
NumStability.countSketchProbability_eventProb_flSparseGramDotWithStoredSign_rowGram_twoSidedLoewner_productGrid_ge_one_sub_sum_vecNorm_add_frobNorm	NumStability.Algorithms.RandNLA.Preconditioning	public	yes	reverse_dependent_boundary	_private.NumStability.Algorithms.RandNLA.UniformRowSampling.0.NumStability.uniformRowTraceProbMass_two_point_factor	"[{""depth"":12,""edge_kind"":""body"",""predecessor"":""NumStability.countSketchProbability_eventProb_rowGram_twoSidedLoewner_productGrid_ge_one_sub_sum_vecNorm_add_frobNorm"",""seed"":""_private.NumStability.Algorithms.RandNLA.UniformRowSampling.0.NumStability.uniformRowTraceProbMass_two_point_factor""}]"	-	12	0	1
NumStability.countSketchProbability_eventProb_flSparseGramDot_rowGram_frob_error_le_ge_one_sub	NumStability.Algorithms.RandNLA.Preconditioning	public	yes	reverse_dependent_boundary	_private.NumStability.Algorithms.RandNLA.UniformRowSampling.0.NumStability.uniformRowTraceProbMass_two_point_factor	"[{""depth"":9,""edge_kind"":""body"",""predecessor"":""NumStability.countSketchProbability_eventProb_rowGram_frob_error_le_ge_one_sub"",""seed"":""_private.NumStability.Algorithms.RandNLA.UniformRowSampling.0.NumStability.uniformRowTraceProbMass_two_point_factor""}]"	-	9	0	1
NumStability.countSketchProbability_eventProb_flSparseGramDot_rowGram_frob_error_le_ge_one_sub_frobNorm	NumStability.Algorithms.RandNLA.Preconditioning	public	yes	reverse_dependent_boundary	_private.NumStability.Algorithms.RandNLA.UniformRowSampling.0.NumStability.uniformRowTraceProbMass_two_point_factor	"[{""depth"":10,""edge_kind"":""body"",""predecessor"":""NumStability.countSketchProbability_eventProb_flSparseGramDot_rowGram_frob_error_le_ge_one_sub"",""seed"":""_private.NumStability.Algorithms.RandNLA.UniformRowSampling.0.NumStability.uniformRowTraceProbMass_two_point_factor""}]"	-	10	0	1
NumStability.countSketchProbability_eventProb_flSparseGramDot_rowGram_frob_error_le_ge_one_sub_orthonormal	NumStability.Algorithms.RandNLA.Preconditioning	public	yes	reverse_dependent_boundary	_private.NumStability.Algorithms.RandNLA.UniformRowSampling.0.NumStability.uniformRowTraceProbMass_two_point_factor	"[{""depth"":11,""edge_kind"":""body"",""predecessor"":""NumStability.countSketchProbability_eventProb_flSparseGramDot_rowGram_frob_error_le_ge_one_sub_frobNorm"",""seed"":""_private.NumStability.Algorithms.RandNLA.UniformRowSampling.0.NumStability.uniformRowTraceProbMass_two_point_factor""}]"	-	11	0	1
NumStability.countSketchProbability_eventProb_flSparseGramDot_rowGram_perturb_ge_one_sub_square_inv	NumStability.Algorithms.RandNLA.Preconditioning	public	yes	reverse_dependent_boundary	_private.NumStability.Algorithms.RandNLA.UniformRowSampling.0.NumStability.uniformRowTraceProbMass_two_point_factor	"[{""depth"":7,""edge_kind"":""body"",""predecessor"":""NumStability.countSketchHashProbability_eventProb_injective_ge_one_sub_square_inv"",""seed"":""_private.NumStability.Algorithms.RandNLA.UniformRowSampling.0.NumStability.uniformRowTraceProbMass_two_point_factor""}]"	-	7	0	1
NumStability.countSketchProbability_eventProb_flSparseGramDot_rowGram_twoSidedLoewner_cover_ge_one_sub_delta_of_sum_coeff_add_frob_budget	NumStability.Algorithms.RandNLA.Preconditioning	public	yes	reverse_dependent_boundary	_private.NumStability.Algorithms.RandNLA.UniformRowSampling.0.NumStability.uniformRowTraceProbMass_two_point_factor	"[{""depth"":11,""edge_kind"":""body"",""predecessor"":""NumStability.countSketchProbability_eventProb_flSparseGramDot_rowGram_twoSidedLoewner_cover_ge_one_sub_sum_coeff_add_frob"",""seed"":""_private.NumStability.Algorithms.RandNLA.UniformRowSampling.0.NumStability.uniformRowTraceProbMass_two_point_factor""}]"	-	11	0	1
NumStability.countSketchProbability_eventProb_flSparseGramDot_rowGram_twoSidedLoewner_cover_ge_one_sub_delta_of_sum_vecNorm_add_frobNorm_budget	NumStability.Algorithms.RandNLA.Preconditioning	public	yes	reverse_dependent_boundary	_private.NumStability.Algorithms.RandNLA.UniformRowSampling.0.NumStability.uniformRowTraceProbMass_two_point_factor	"[{""depth"":12,""edge_kind"":""body"",""predecessor"":""NumStability.countSketchProbability_eventProb_flSparseGramDot_rowGram_twoSidedLoewner_cover_ge_one_sub_sum_vecNorm_add_frobNorm"",""seed"":""_private.NumStability.Algorithms.RandNLA.UniformRowSampling.0.NumStability.uniformRowTraceProbMass_two_point_factor""}]"	-	12	0	1
NumStability.countSketchProbability_eventProb_flSparseGramDot_rowGram_twoSidedLoewner_cover_ge_one_sub_sum_coeff_add_frob	NumStability.Algorithms.RandNLA.Preconditioning	public	yes	reverse_dependent_boundary	_private.NumStability.Algorithms.RandNLA.UniformRowSampling.0.NumStability.uniformRowTraceProbMass_two_point_factor	"[{""depth"":10,""edge_kind"":""body"",""predecessor"":""NumStability.countSketchProbability_eventProb_rowGram_twoSidedLoewner_cover_ge_one_sub_sum_coeff_add_frob"",""seed"":""_private.NumStability.Algorithms.RandNLA.UniformRowSampling.0.NumStability.uniformRowTraceProbMass_two_point_factor""}]"	-	10	0	1
NumStability.countSketchProbability_eventProb_flSparseGramDot_rowGram_twoSidedLoewner_cover_ge_one_sub_sum_vecNorm_add_frobNorm	NumStability.Algorithms.RandNLA.Preconditioning	public	yes	reverse_dependent_boundary	_private.NumStability.Algorithms.RandNLA.UniformRowSampling.0.NumStability.uniformRowTraceProbMass_two_point_factor	"[{""depth"":11,""edge_kind"":""body"",""predecessor"":""NumStability.countSketchProbability_eventProb_flSparseGramDot_rowGram_twoSidedLoewner_cover_ge_one_sub_sum_coeff_add_frob"",""seed"":""_private.NumStability.Algorithms.RandNLA.UniformRowSampling.0.NumStability.uniformRowTraceProbMass_two_point_factor""}]"	-	11	0	1
NumStability.countSketchProbability_eventProb_flSparseGramDot_rowGram_twoSidedLoewner_ge_one_sub	NumStability.Algorithms.RandNLA.Preconditioning	public	yes	reverse_dependent_boundary	_private.NumStability.Algorithms.RandNLA.UniformRowSampling.0.NumStability.uniformRowTraceProbMass_two_point_factor	"[{""depth"":10,""edge_kind"":""body"",""predecessor"":""NumStability.countSketchProbability_eventProb_flSparseGramDot_rowGram_frob_error_le_ge_one_sub"",""seed"":""_private.NumStability.Algorithms.RandNLA.UniformRowSampling.0.NumStability.uniformRowTraceProbMass_two_point_factor""}]"	-	10	0	1
NumStability.countSketchProbability_eventProb_flSparseGramDot_rowGram_twoSidedLoewner_ge_one_sub_delta_of_coeff_budget	NumStability.Algorithms.RandNLA.Preconditioning	public	yes	reverse_dependent_boundary	_private.NumStability.Algorithms.RandNLA.UniformRowSampling.0.NumStability.uniformRowTraceProbMass_two_point_factor	"[{""depth"":11,""edge_kind"":""body"",""predecessor"":""NumStability.countSketchProbability_eventProb_flSparseGramDot_rowGram_twoSidedLoewner_ge_one_sub"",""seed"":""_private.NumStability.Algorithms.RandNLA.UniformRowSampling.0.NumStability.uniformRowTraceProbMass_two_point_factor""}]"	-	11	0	1
NumStability.countSketchProbability_eventProb_flSparseGramDot_rowGram_twoSidedLoewner_ge_one_sub_delta_of_frobNorm_budget	NumStability.Algorithms.RandNLA.Preconditioning	public	yes	reverse_dependent_boundary	_private.NumStability.Algorithms.RandNLA.UniformRowSampling.0.NumStability.uniformRowTraceProbMass_two_point_factor	"[{""depth"":12,""edge_kind"":""body"",""predecessor"":""NumStability.countSketchProbability_eventProb_flSparseGramDot_rowGram_twoSidedLoewner_ge_one_sub_frobNorm"",""seed"":""_private.NumStability.Algorithms.RandNLA.UniformRowSampling.0.NumStability.uniformRowTraceProbMass_two_point_factor""}]"	-	12	0	1
NumStability.countSketchProbability_eventProb_flSparseGramDot_rowGram_twoSidedLoewner_ge_one_sub_delta_of_orthonormal_budget	NumStability.Algorithms.RandNLA.Preconditioning	public	yes	reverse_dependent_boundary	_private.NumStability.Algorithms.RandNLA.UniformRowSampling.0.NumStability.uniformRowTraceProbMass_two_point_factor	"[{""depth"":13,""edge_kind"":""body"",""predecessor"":""NumStability.countSketchProbability_eventProb_flSparseGramDot_rowGram_twoSidedLoewner_ge_one_sub_orthonormal"",""seed"":""_private.NumStability.Algorithms.RandNLA.UniformRowSampling.0.NumStability.uniformRowTraceProbMass_two_point_factor""}]"	-	13	0	1
NumStability.countSketchProbability_eventProb_flSparseGramDot_rowGram_twoSidedLoewner_ge_one_sub_frobNorm	NumStability.Algorithms.RandNLA.Preconditioning	public	yes	reverse_dependent_boundary	_private.NumStability.Algorithms.RandNLA.UniformRowSampling.0.NumStability.uniformRowTraceProbMass_two_point_factor	"[{""depth"":11,""edge_kind"":""body"",""predecessor"":""NumStability.countSketchProbability_eventProb_flSparseGramDot_rowGram_frob_error_le_ge_one_sub_frobNorm"",""seed"":""_private.NumStability.Algorithms.RandNLA.UniformRowSampling.0.NumStability.uniformRowTraceProbMass_two_point_factor""}]"	-	11	0	1
NumStability.countSketchProbability_eventProb_flSparseGramDot_rowGram_twoSidedLoewner_ge_one_sub_orthonormal	NumStability.Algorithms.RandNLA.Preconditioning	public	yes	reverse_dependent_boundary	_private.NumStability.Algorithms.RandNLA.UniformRowSampling.0.NumStability.uniformRowTraceProbMass_two_point_factor	"[{""depth"":12,""edge_kind"":""body"",""predecessor"":""NumStability.countSketchProbability_eventProb_flSparseGramDot_rowGram_twoSidedLoewner_ge_one_sub_frobNorm"",""seed"":""_private.NumStability.Algorithms.RandNLA.UniformRowSampling.0.NumStability.uniformRowTraceProbMass_two_point_factor""}]"	-	12	0	1
NumStability.countSketchProbability_eventProb_flSparseGramDot_rowGram_twoSidedLoewner_productGrid_ge_one_sub_delta_of_sum_gridNorm_add_nat_orthonormal_budget	NumStability.Algorithms.RandNLA.Preconditioning	public	yes	reverse_dependent_boundary	_private.NumStability.Algorithms.RandNLA.UniformRowSampling.0.NumStability.uniformRowTraceProbMass_two_point_factor	"[{""depth"":14,""edge_kind"":""body"",""predecessor"":""NumStability.countSketchProbability_eventProb_flSparseGramDot_rowGram_twoSidedLoewner_productGrid_ge_one_sub_sum_gridNorm_add_nat_orthonormal"",""seed"":""_private.NumStability.Algorithms.RandNLA.UniformRowSampling.0.NumStability.uniformRowTraceProbMass_two_point_factor""}]"	-	14	0	1
NumStability.countSketchProbability_eventProb_flSparseGramDot_rowGram_twoSidedLoewner_productGrid_ge_one_sub_delta_of_sum_vecNorm_add_frobNorm_budget	NumStability.Algorithms.RandNLA.Preconditioning	public	yes	reverse_dependent_boundary	_private.NumStability.Algorithms.RandNLA.UniformRowSampling.0.NumStability.uniformRowTraceProbMass_two_point_factor	"[{""depth"":13,""edge_kind"":""body"",""predecessor"":""NumStability.countSketchProbability_eventProb_flSparseGramDot_rowGram_twoSidedLoewner_productGrid_ge_one_sub_sum_vecNorm_add_frobNorm"",""seed"":""_private.NumStability.Algorithms.RandNLA.UniformRowSampling.0.NumStability.uniformRowTraceProbMass_two_point_factor""}]"	-	13	0	1
NumStability.countSketchProbability_eventProb_flSparseGramDot_rowGram_twoSidedLoewner_productGrid_ge_one_sub_sum_gridNorm_add_nat_orthonormal	NumStability.Algorithms.RandNLA.Preconditioning	public	yes	reverse_dependent_boundary	_private.NumStability.Algorithms.RandNLA.UniformRowSampling.0.NumStability.uniformRowTraceProbMass_two_point_factor	"[{""depth"":13,""edge_kind"":""body"",""predecessor"":""NumStability.countSketchProbability_eventProb_flSparseGramDot_rowGram_twoSidedLoewner_productGrid_ge_one_sub_sum_vecNorm_add_frobNorm"",""seed"":""_private.NumStability.Algorithms.RandNLA.UniformRowSampling.0.NumStability.uniformRowTraceProbMass_two_point_factor""}]"	-	13	0	1
NumStability.countSketchProbability_eventProb_flSparseGramDot_rowGram_twoSidedLoewner_productGrid_ge_one_sub_sum_vecNorm_add_frobNorm	NumStability.Algorithms.RandNLA.Preconditioning	public	yes	reverse_dependent_boundary	_private.NumStability.Algorithms.RandNLA.UniformRowSampling.0.NumStability.uniformRowTraceProbMass_two_point_factor	"[{""depth"":12,""edge_kind"":""body"",""predecessor"":""NumStability.countSketchProbability_eventProb_flSparseGramDot_rowGram_twoSidedLoewner_cover_ge_one_sub_sum_vecNorm_add_frobNorm"",""seed"":""_private.NumStability.Algorithms.RandNLA.UniformRowSampling.0.NumStability.uniformRowTraceProbMass_two_point_factor""}]"	-	12	0	1
NumStability.countSketchProbability_eventProb_forall_abs_rowGram_quadratic_error_le_ge_one_sub_delta_of_sum_coeff_budget	NumStability.Algorithms.RandNLA.Preconditioning	public	yes	reverse_dependent_boundary	_private.NumStability.Algorithms.RandNLA.UniformRowSampling.0.NumStability.uniformRowTraceProbMass_two_point_factor	"[{""depth"":10,""edge_kind"":""body"",""predecessor"":""NumStability.countSketchProbability_eventProb_forall_abs_rowGram_quadratic_error_le_ge_one_sub_sum_coeff_budget"",""seed"":""_private.NumStability.Algorithms.RandNLA.UniformRowSampling.0.NumStability.uniformRowTraceProbMass_two_point_factor""}]"	-	10	0	1
NumStability.countSketchProbability_eventProb_forall_abs_rowGram_quadratic_error_le_ge_one_sub_sum_coeff_budget	NumStability.Algorithms.RandNLA.Preconditioning	public	yes	reverse_dependent_boundary	_private.NumStability.Algorithms.RandNLA.UniformRowSampling.0.NumStability.uniformRowTraceProbMass_two_point_factor	"[{""depth"":9,""edge_kind"":""body"",""predecessor"":""NumStability.countSketchProbability_eventProb_abs_rowGram_quadratic_error_le_ge_one_sub"",""seed"":""_private.NumStability.Algorithms.RandNLA.UniformRowSampling.0.NumStability.uniformRowTraceProbMass_two_point_factor""}]"	-	9	0	1
NumStability.countSketchProbability_eventProb_forall_abs_rowGram_quadratic_error_le_ge_one_sub_sum_frobNorm_budget	NumStability.Algorithms.RandNLA.Preconditioning	public	yes	reverse_dependent_boundary	_private.NumStability.Algorithms.RandNLA.UniformRowSampling.0.NumStability.uniformRowTraceProbMass_two_point_factor	"[{""depth"":11,""edge_kind"":""body"",""predecessor"":""NumStability.countSketchProbability_eventProb_forall_abs_rowGram_quadratic_error_le_ge_one_sub_sum_vecNorm_budget"",""seed"":""_private.NumStability.Algorithms.RandNLA.UniformRowSampling.0.NumStability.uniformRowTraceProbMass_two_point_factor""}]"	-	11	0	1
NumStability.countSketchProbability_eventProb_forall_abs_rowGram_quadratic_error_le_ge_one_sub_sum_vecNorm_budget	NumStability.Algorithms.RandNLA.Preconditioning	public	yes	reverse_dependent_boundary	_private.NumStability.Algorithms.RandNLA.UniformRowSampling.0.NumStability.uniformRowTraceProbMass_two_point_factor	"[{""depth"":10,""edge_kind"":""body"",""predecessor"":""NumStability.countSketchProbability_eventProb_forall_abs_rowGram_quadratic_error_le_ge_one_sub_sum_coeff_budget"",""seed"":""_private.NumStability.Algorithms.RandNLA.UniformRowSampling.0.NumStability.uniformRowTraceProbMass_two_point_factor""}]"	-	10	0	1
NumStability.countSketchProbability_eventProb_rowGram_frob_error_le_ge_one_sub	NumStability.Algorithms.RandNLA.Preconditioning	public	yes	reverse_dependent_boundary	_private.NumStability.Algorithms.RandNLA.UniformRowSampling.0.NumStability.uniformRowTraceProbMass_two_point_factor	"[{""depth"":8,""edge_kind"":""body"",""predecessor"":""NumStability.countSketchProbability_expectationReal_rowGram_frob_error_sq_le"",""seed"":""_private.NumStability.Algorithms.RandNLA.UniformRowSampling.0.NumStability.uniformRowTraceProbMass_two_point_factor""}]"	-	8	0	1
NumStability.countSketchProbability_eventProb_rowGram_twoSidedLoewner_cover_ge_one_sub_delta_of_sum_coeff_add_frob_budget	NumStability.Algorithms.RandNLA.Preconditioning	public	yes	reverse_dependent_boundary	_private.NumStability.Algorithms.RandNLA.UniformRowSampling.0.NumStability.uniformRowTraceProbMass_two_point_factor	"[{""depth"":10,""edge_kind"":""body"",""predecessor"":""NumStability.countSketchProbability_eventProb_rowGram_twoSidedLoewner_cover_ge_one_sub_sum_coeff_add_frob"",""seed"":""_private.NumStability.Algorithms.RandNLA.UniformRowSampling.0.NumStability.uniformRowTraceProbMass_two_point_factor""}]"	-	10	0	1
NumStability.countSketchProbability_eventProb_rowGram_twoSidedLoewner_cover_ge_one_sub_delta_of_sum_vecNorm_add_frobNorm_budget	NumStability.Algorithms.RandNLA.Preconditioning	public	yes	reverse_dependent_boundary	_private.NumStability.Algorithms.RandNLA.UniformRowSampling.0.NumStability.uniformRowTraceProbMass_two_point_factor	"[{""depth"":11,""edge_kind"":""body"",""predecessor"":""NumStability.countSketchProbability_eventProb_rowGram_twoSidedLoewner_cover_ge_one_sub_sum_vecNorm_add_frobNorm"",""seed"":""_private.NumStability.Algorithms.RandNLA.UniformRowSampling.0.NumStability.uniformRowTraceProbMass_two_point_factor""}]"	-	11	0	1
NumStability.countSketchProbability_eventProb_rowGram_twoSidedLoewner_cover_ge_one_sub_sum_coeff_add_frob	NumStability.Algorithms.RandNLA.Preconditioning	public	yes	reverse_dependent_boundary	_private.NumStability.Algorithms.RandNLA.UniformRowSampling.0.NumStability.uniformRowTraceProbMass_two_point_factor	"[{""depth"":9,""edge_kind"":""body"",""predecessor"":""NumStability.countSketchProbability_eventProb_rowGram_frob_error_le_ge_one_sub"",""seed"":""_private.NumStability.Algorithms.RandNLA.UniformRowSampling.0.NumStability.uniformRowTraceProbMass_two_point_factor""}]"	-	9	0	2
NumStability.countSketchProbability_eventProb_rowGram_twoSidedLoewner_cover_ge_one_sub_sum_vecNorm_add_frobNorm	NumStability.Algorithms.RandNLA.Preconditioning	public	yes	reverse_dependent_boundary	_private.NumStability.Algorithms.RandNLA.UniformRowSampling.0.NumStability.uniformRowTraceProbMass_two_point_factor	"[{""depth"":10,""edge_kind"":""body"",""predecessor"":""NumStability.countSketchProbability_eventProb_rowGram_twoSidedLoewner_cover_ge_one_sub_sum_coeff_add_frob"",""seed"":""_private.NumStability.Algorithms.RandNLA.UniformRowSampling.0.NumStability.uniformRowTraceProbMass_two_point_factor""}]"	-	10	0	1
NumStability.countSketchProbability_eventProb_rowGram_twoSidedLoewner_productGrid_ge_one_sub_delta_of_sum_gridNorm_add_nat_orthonormal_budget	NumStability.Algorithms.RandNLA.Preconditioning	public	yes	reverse_dependent_boundary	_private.NumStability.Algorithms.RandNLA.UniformRowSampling.0.NumStability.uniformRowTraceProbMass_two_point_factor	"[{""depth"":13,""edge_kind"":""body"",""predecessor"":""NumStability.countSketchProbability_eventProb_rowGram_twoSidedLoewner_productGrid_ge_one_sub_sum_gridNorm_add_nat_orthonormal"",""seed"":""_private.NumStability.Algorithms.RandNLA.UniformRowSampling.0.NumStability.uniformRowTraceProbMass_two_point_factor""}]"	-	13	0	1
NumStability.countSketchProbability_eventProb_rowGram_twoSidedLoewner_productGrid_ge_one_sub_delta_of_sum_vecNorm_add_frobNorm_budget	NumStability.Algorithms.RandNLA.Preconditioning	public	yes	reverse_dependent_boundary	_private.NumStability.Algorithms.RandNLA.UniformRowSampling.0.NumStability.uniformRowTraceProbMass_two_point_factor	"[{""depth"":12,""edge_kind"":""body"",""predecessor"":""NumStability.countSketchProbability_eventProb_rowGram_twoSidedLoewner_productGrid_ge_one_sub_sum_vecNorm_add_frobNorm"",""seed"":""_private.NumStability.Algorithms.RandNLA.UniformRowSampling.0.NumStability.uniformRowTraceProbMass_two_point_factor""}]"	-	12	0	1
NumStability.countSketchProbability_eventProb_rowGram_twoSidedLoewner_productGrid_ge_one_sub_sum_gridNorm_add_nat_orthonormal	NumStability.Algorithms.RandNLA.Preconditioning	public	yes	reverse_dependent_boundary	_private.NumStability.Algorithms.RandNLA.UniformRowSampling.0.NumStability.uniformRowTraceProbMass_two_point_factor	"[{""depth"":12,""edge_kind"":""body"",""predecessor"":""NumStability.countSketchProbability_eventProb_rowGram_twoSidedLoewner_productGrid_ge_one_sub_sum_vecNorm_add_frobNorm"",""seed"":""_private.NumStability.Algorithms.RandNLA.UniformRowSampling.0.NumStability.uniformRowTraceProbMass_two_point_factor""}]"	-	12	0	1
NumStability.countSketchProbability_eventProb_rowGram_twoSidedLoewner_productGrid_ge_one_sub_sum_vecNorm_add_frobNorm	NumStability.Algorithms.RandNLA.Preconditioning	public	yes	reverse_dependent_boundary	_private.NumStability.Algorithms.RandNLA.UniformRowSampling.0.NumStability.uniformRowTraceProbMass_two_point_factor	"[{""depth"":11,""edge_kind"":""body"",""predecessor"":""NumStability.countSketchProbability_eventProb_rowGram_twoSidedLoewner_cover_ge_one_sub_sum_vecNorm_add_frobNorm"",""seed"":""_private.NumStability.Algorithms.RandNLA.UniformRowSampling.0.NumStability.uniformRowTraceProbMass_two_point_factor""}]"	-	11	0	1
NumStability.countSketchProbability_expectationReal_pairCollisionIndicator_eq_inv	NumStability.Algorithms.RandNLA.Preconditioning	public	yes	reverse_dependent_boundary	_private.NumStability.Algorithms.RandNLA.UniformRowSampling.0.NumStability.uniformRowTraceProbMass_two_point_factor	"[{""depth"":5,""edge_kind"":""body"",""predecessor"":""NumStability.countSketchHashProbability_expectationReal_pairCollisionIndicator_eq_inv"",""seed"":""_private.NumStability.Algorithms.RandNLA.UniformRowSampling.0.NumStability.uniformRowTraceProbMass_two_point_factor""}]"	-	5	0	1
NumStability.countSketchProbability_expectationReal_rowGram_entry_error_sq_le	NumStability.Algorithms.RandNLA.Preconditioning	public	yes	reverse_dependent_boundary	_private.NumStability.Algorithms.RandNLA.UniformRowSampling.0.NumStability.uniformRowTraceProbMass_two_point_factor	"[{""depth"":6,""edge_kind"":""body"",""predecessor"":""NumStability.countSketchHashProbability_expectationReal_collision_coeff_sq_eq_inv_mul"",""seed"":""_private.NumStability.Algorithms.RandNLA.UniformRowSampling.0.NumStability.uniformRowTraceProbMass_two_point_factor""}]"	-	6	0	1
NumStability.countSketchProbability_expectationReal_rowGram_frob_error_sq_le	NumStability.Algorithms.RandNLA.Preconditioning	public	yes	reverse_dependent_boundary	_private.NumStability.Algorithms.RandNLA.UniformRowSampling.0.NumStability.uniformRowTraceProbMass_two_point_factor	"[{""depth"":7,""edge_kind"":""body"",""predecessor"":""NumStability.countSketchProbability_expectationReal_rowGram_entry_error_sq_le"",""seed"":""_private.NumStability.Algorithms.RandNLA.UniformRowSampling.0.NumStability.uniformRowTraceProbMass_two_point_factor""}]"	-	7	0	1
NumStability.countSketchProbability_expectationReal_rowGram_quadratic_error_sq_le	NumStability.Algorithms.RandNLA.Preconditioning	public	yes	reverse_dependent_boundary	_private.NumStability.Algorithms.RandNLA.UniformRowSampling.0.NumStability.uniformRowTraceProbMass_two_point_factor	"[{""depth"":7,""edge_kind"":""body"",""predecessor"":""NumStability.countSketchProbability_expectationReal_rowGram_entry_error_sq_le"",""seed"":""_private.NumStability.Algorithms.RandNLA.UniformRowSampling.0.NumStability.uniformRowTraceProbMass_two_point_factor""}]"	-	7	0	1
NumStability.countSketchProbability_expectationReal_rowGram_quadratic_error_sq_le_frobNorm	NumStability.Algorithms.RandNLA.Preconditioning	public	yes	reverse_dependent_boundary	_private.NumStability.Algorithms.RandNLA.UniformRowSampling.0.NumStability.uniformRowTraceProbMass_two_point_factor	"[{""depth"":9,""edge_kind"":""body"",""predecessor"":""NumStability.countSketchProbability_expectationReal_rowGram_quadratic_error_sq_le_vecNorm"",""seed"":""_private.NumStability.Algorithms.RandNLA.UniformRowSampling.0.NumStability.uniformRowTraceProbMass_two_point_factor""}]"	-	9	0	1
NumStability.countSketchProbability_expectationReal_rowGram_quadratic_error_sq_le_vecNorm	NumStability.Algorithms.RandNLA.Preconditioning	public	yes	reverse_dependent_boundary	_private.NumStability.Algorithms.RandNLA.UniformRowSampling.0.NumStability.uniformRowTraceProbMass_two_point_factor	"[{""depth"":8,""edge_kind"":""body"",""predecessor"":""NumStability.countSketchProbability_expectationReal_rowGram_quadratic_error_sq_le"",""seed"":""_private.NumStability.Algorithms.RandNLA.UniformRowSampling.0.NumStability.uniformRowTraceProbMass_two_point_factor""}]"	-	8	0	1
NumStability.countSketchUniformRowTraceProbability_eventProb_sparseComputedPreconditioned_factoredInput_fl_uniformRowSampleGramDotWithComputedDen_two_sided_finiteLoewnerLe_ge_one_sub_delta_of_square_inv_budget	NumStability.Algorithms.RandNLA.UniformRowSamplingFP	public	yes	reverse_dependent_boundary	_private.NumStability.Algorithms.RandNLA.UniformRowSampling.0.NumStability.uniformRowTraceProbMass_two_point_factor	"[{""depth"":10,""edge_kind"":""body"",""predecessor"":""NumStability.countSketchUniformRowTraceProbability_eventProb_sparseComputedPreconditioned_factoredInput_fl_uniformRowSampleGramDotWithComputedDen_two_sided_finiteLoewnerLe_ge_one_sub_square_inv_add_delta"",""seed"":""_private.NumStability.Algorithms.RandNLA.UniformRowSampling.0.NumStability.uniformRowTraceProbMass_two_point_factor""}]"	-	10	0	1
NumStability.countSketchUniformRowTraceProbability_eventProb_sparseComputedPreconditioned_factoredInput_fl_uniformRowSampleGramDotWithComputedDen_two_sided_finiteLoewnerLe_ge_one_sub_square_inv_add_delta	NumStability.Algorithms.RandNLA.UniformRowSamplingFP	public	yes	reverse_dependent_boundary	_private.NumStability.Algorithms.RandNLA.UniformRowSampling.0.NumStability.uniformRowTraceProbMass_two_point_factor	"[{""depth"":9,""edge_kind"":""body"",""predecessor"":""NumStability.countSketchUniformRowTraceProbability_eventProb_uniformRowFactoredInputSampleGram_two_sided_finiteLoewnerLe_ge_one_sub_square_inv_add_delta"",""seed"":""_private.NumStability.Algorithms.RandNLA.UniformRowSampling.0.NumStability.uniformRowTraceProbMass_two_point_factor""}]"	-	9	0	1
NumStability.countSketchUniformRowTraceProbability_eventProb_sparseComputedPreconditioned_factoredInput_fl_uniformRowSampleGramDotWithFlSqrtMulInvSqrtDen_two_sided_finiteLoewnerLe_ge_one_sub_delta_of_square_inv_budget	NumStability.Algorithms.RandNLA.UniformRowSamplingFP	public	yes	reverse_dependent_boundary	_private.NumStability.Algorithms.RandNLA.UniformRowSampling.0.NumStability.uniformRowTraceProbMass_two_point_factor	"[{""depth"":11,""edge_kind"":""body"",""predecessor"":""NumStability.countSketchUniformRowTraceProbability_eventProb_sparseComputedPreconditioned_factoredInput_fl_uniformRowSampleGramDotWithComputedDen_two_sided_finiteLoewnerLe_ge_one_sub_delta_of_square_inv_budget"",""seed"":""_private.NumStability.Algorithms.RandNLA.UniformRowSampling.0.NumStability.uniformRowTraceProbMass_two_point_factor""}]"	-	11	0	1
NumStability.countSketchUniformRowTraceProbability_eventProb_sparseComputedPreconditioned_factoredInput_fl_uniformRowSampleGramDotWithFlSqrtMulInvSqrtDen_two_sided_finiteLoewnerLe_ge_one_sub_square_inv_add_delta	NumStability.Algorithms.RandNLA.UniformRowSamplingFP	public	yes	reverse_dependent_boundary	_private.NumStability.Algorithms.RandNLA.UniformRowSampling.0.NumStability.uniformRowTraceProbMass_two_point_factor	"[{""depth"":10,""edge_kind"":""body"",""predecessor"":""NumStability.countSketchUniformRowTraceProbability_eventProb_sparseComputedPreconditioned_factoredInput_fl_uniformRowSampleGramDotWithComputedDen_two_sided_finiteLoewnerLe_ge_one_sub_square_inv_add_delta"",""seed"":""_private.NumStability.Algorithms.RandNLA.UniformRowSampling.0.NumStability.uniformRowTraceProbMass_two_point_factor""}]"	-	10	0	1
NumStability.countSketchUniformRowTraceProbability_eventProb_sparseComputedPreconditioned_fl_uniformRowSampleGramDotWithComputedDen_rowGram_frob_error_le_ge_one_sub	NumStability.Algorithms.RandNLA.UniformRowSamplingFP	public	yes	reverse_dependent_boundary	_private.NumStability.Algorithms.RandNLA.UniformRowSampling.0.NumStability.uniformRowTraceProbMass_two_point_factor	"[{""depth"":9,""edge_kind"":""body"",""predecessor"":""NumStability.countSketchUniformRowTraceProbability_eventProb_uniformRowSampleGram_rowGram_frob_error_le_ge_one_sub"",""seed"":""_private.NumStability.Algorithms.RandNLA.UniformRowSampling.0.NumStability.uniformRowTraceProbMass_two_point_factor""}]"	-	9	0	1
NumStability.countSketchUniformRowTraceProbability_eventProb_sparseComputedPreconditioned_fl_uniformRowSampleGramDotWithComputedDen_rowGram_frob_error_le_ge_one_sub_frobNorm	NumStability.Algorithms.RandNLA.UniformRowSamplingFP	public	yes	reverse_dependent_boundary	_private.NumStability.Algorithms.RandNLA.UniformRowSampling.0.NumStability.uniformRowTraceProbMass_two_point_factor	"[{""depth"":10,""edge_kind"":""body"",""predecessor"":""NumStability.countSketchUniformRowTraceProbability_eventProb_sparseComputedPreconditioned_fl_uniformRowSampleGramDotWithComputedDen_rowGram_frob_error_le_ge_one_sub"",""seed"":""_private.NumStability.Algorithms.RandNLA.UniformRowSampling.0.NumStability.uniformRowTraceProbMass_two_point_factor""}]"	-	10	0	1
NumStability.countSketchUniformRowTraceProbability_eventProb_sparseComputedPreconditioned_fl_uniformRowSampleGramDotWithComputedDen_rowGram_twoSidedLoewner_cover_ge_one_sub_delta_of_sum_coeff_add_frob_add_row_budget	NumStability.Algorithms.RandNLA.UniformRowSamplingFP	public	yes	reverse_dependent_boundary	_private.NumStability.Algorithms.RandNLA.UniformRowSampling.0.NumStability.uniformRowTraceProbMass_two_point_factor	"[{""depth"":9,""edge_kind"":""body"",""predecessor"":""NumStability.countSketchUniformRowTraceProbability_eventProb_sparseComputedPreconditioned_fl_uniformRowSampleGramDotWithComputedDen_rowGram_twoSidedLoewner_cover_ge_one_sub_sum_coeff_add_frob_add_row"",""seed"":""_private.NumStability.Algorithms.RandNLA.UniformRowSampling.0.NumStability.uniformRowTraceProbMass_two_point_factor""}]"	-	9	0	1
NumStability.countSketchUniformRowTraceProbability_eventProb_sparseComputedPreconditioned_fl_uniformRowSampleGramDotWithComputedDen_rowGram_twoSidedLoewner_cover_ge_one_sub_sum_coeff_add_frob_add_row	NumStability.Algorithms.RandNLA.UniformRowSamplingFP	public	yes	reverse_dependent_boundary	_private.NumStability.Algorithms.RandNLA.UniformRowSampling.0.NumStability.uniformRowTraceProbMass_two_point_factor	"[{""depth"":8,""edge_kind"":""body"",""predecessor"":""NumStability.uniformRowTraceProbability_eventProb_uniformRowSampleGram_frob_error_le_ge_one_sub_frobNorm"",""seed"":""_private.NumStability.Algorithms.RandNLA.UniformRowSampling.0.NumStability.uniformRowTraceProbMass_two_point_factor""}]"	-	8	0	2
NumStability.countSketchUniformRowTraceProbability_eventProb_sparseComputedPreconditioned_fl_uniformRowSampleGramDotWithComputedDen_rowGram_twoSidedLoewner_ge_one_sub	NumStability.Algorithms.RandNLA.UniformRowSamplingFP	public	yes	reverse_dependent_boundary	_private.NumStability.Algorithms.RandNLA.UniformRowSampling.0.NumStability.uniformRowTraceProbMass_two_point_factor	"[{""depth"":10,""edge_kind"":""body"",""predecessor"":""NumStability.countSketchUniformRowTraceProbability_eventProb_sparseComputedPreconditioned_fl_uniformRowSampleGramDotWithComputedDen_rowGram_frob_error_le_ge_one_sub"",""seed"":""_private.NumStability.Algorithms.RandNLA.UniformRowSampling.0.NumStability.uniformRowTraceProbMass_two_point_factor""}]"	-	10	0	1
NumStability.countSketchUniformRowTraceProbability_eventProb_sparseComputedPreconditioned_fl_uniformRowSampleGramDotWithComputedDen_rowGram_twoSidedLoewner_ge_one_sub_delta_of_coeff_budget	NumStability.Algorithms.RandNLA.UniformRowSamplingFP	public	yes	reverse_dependent_boundary	_private.NumStability.Algorithms.RandNLA.UniformRowSampling.0.NumStability.uniformRowTraceProbMass_two_point_factor	"[{""depth"":11,""edge_kind"":""body"",""predecessor"":""NumStability.countSketchUniformRowTraceProbability_eventProb_sparseComputedPreconditioned_fl_uniformRowSampleGramDotWithComputedDen_rowGram_twoSidedLoewner_ge_one_sub"",""seed"":""_private.NumStability.Algorithms.RandNLA.UniformRowSampling.0.NumStability.uniformRowTraceProbMass_two_point_factor""}]"	-	11	0	1
NumStability.countSketchUniformRowTraceProbability_eventProb_sparseComputedPreconditioned_fl_uniformRowSampleGramDotWithComputedDen_rowGram_twoSidedLoewner_ge_one_sub_delta_of_equal_radius_coeff_budget	NumStability.Algorithms.RandNLA.UniformRowSamplingFP	public	yes	reverse_dependent_boundary	_private.NumStability.Algorithms.RandNLA.UniformRowSampling.0.NumStability.uniformRowTraceProbMass_two_point_factor	"[{""depth"":12,""edge_kind"":""body"",""predecessor"":""NumStability.countSketchUniformRowTraceProbability_eventProb_sparseComputedPreconditioned_fl_uniformRowSampleGramDotWithComputedDen_rowGram_twoSidedLoewner_ge_one_sub_delta_of_coeff_budget"",""seed"":""_private.NumStability.Algorithms.RandNLA.UniformRowSampling.0.NumStability.uniformRowTraceProbMass_two_point_factor""}]"	-	12	0	1
NumStability.countSketchUniformRowTraceProbability_eventProb_sparseComputedPreconditioned_fl_uniformRowSampleGramDotWithComputedDen_rowGram_twoSidedLoewner_ge_one_sub_delta_of_equal_radius_coeff_budget_expanded	NumStability.Algorithms.RandNLA.UniformRowSamplingFP	public	yes	reverse_dependent_boundary	_private.NumStability.Algorithms.RandNLA.UniformRowSampling.0.NumStability.uniformRowTraceProbMass_two_point_factor	"[{""depth"":12,""edge_kind"":""body"",""predecessor"":""NumStability.countSketchUniformRowTraceProbability_eventProb_sparseComputedPreconditioned_fl_uniformRowSampleGramDotWithComputedDen_rowGram_twoSidedLoewner_ge_one_sub_delta_of_coeff_budget"",""seed"":""_private.NumStability.Algorithms.RandNLA.UniformRowSampling.0.NumStability.uniformRowTraceProbMass_two_point_factor""}]"	-	12	0	1
NumStability.countSketchUniformRowTraceProbability_eventProb_sparseComputedPreconditioned_fl_uniformRowSampleGramDotWithComputedDen_rowGram_twoSidedLoewner_ge_one_sub_delta_of_equal_radius_frobNorm_budget	NumStability.Algorithms.RandNLA.UniformRowSamplingFP	public	yes	reverse_dependent_boundary	_private.NumStability.Algorithms.RandNLA.UniformRowSampling.0.NumStability.uniformRowTraceProbMass_two_point_factor	"[{""depth"":13,""edge_kind"":""body"",""predecessor"":""NumStability.countSketchUniformRowTraceProbability_eventProb_sparseComputedPreconditioned_fl_uniformRowSampleGramDotWithComputedDen_rowGram_twoSidedLoewner_ge_one_sub_delta_of_frobNorm_budget"",""seed"":""_private.NumStability.Algorithms.RandNLA.UniformRowSampling.0.NumStability.uniformRowTraceProbMass_two_point_factor""}]"	-	13	0	1
NumStability.countSketchUniformRowTraceProbability_eventProb_sparseComputedPreconditioned_fl_uniformRowSampleGramDotWithComputedDen_rowGram_twoSidedLoewner_ge_one_sub_delta_of_equal_radius_frobNorm_budget_expanded	NumStability.Algorithms.RandNLA.UniformRowSamplingFP	public	yes	reverse_dependent_boundary	_private.NumStability.Algorithms.RandNLA.UniformRowSampling.0.NumStability.uniformRowTraceProbMass_two_point_factor	"[{""depth"":13,""edge_kind"":""body"",""predecessor"":""NumStability.countSketchUniformRowTraceProbability_eventProb_sparseComputedPreconditioned_fl_uniformRowSampleGramDotWithComputedDen_rowGram_twoSidedLoewner_ge_one_sub_delta_of_frobNorm_budget"",""seed"":""_private.NumStability.Algorithms.RandNLA.UniformRowSampling.0.NumStability.uniformRowTraceProbMass_two_point_factor""}]"	-	13	0	1
NumStability.countSketchUniformRowTraceProbability_eventProb_sparseComputedPreconditioned_fl_uniformRowSampleGramDotWithComputedDen_rowGram_twoSidedLoewner_ge_one_sub_delta_of_frobNorm_budget	NumStability.Algorithms.RandNLA.UniformRowSamplingFP	public	yes	reverse_dependent_boundary	_private.NumStability.Algorithms.RandNLA.UniformRowSampling.0.NumStability.uniformRowTraceProbMass_two_point_factor	"[{""depth"":12,""edge_kind"":""body"",""predecessor"":""NumStability.countSketchUniformRowTraceProbability_eventProb_sparseComputedPreconditioned_fl_uniformRowSampleGramDotWithComputedDen_rowGram_twoSidedLoewner_ge_one_sub_frobNorm"",""seed"":""_private.NumStability.Algorithms.RandNLA.UniformRowSampling.0.NumStability.uniformRowTraceProbMass_two_point_factor""}]"	-	12	0	1
NumStability.countSketchUniformRowTraceProbability_eventProb_sparseComputedPreconditioned_fl_uniformRowSampleGramDotWithComputedDen_rowGram_twoSidedLoewner_ge_one_sub_frobNorm	NumStability.Algorithms.RandNLA.UniformRowSamplingFP	public	yes	reverse_dependent_boundary	_private.NumStability.Algorithms.RandNLA.UniformRowSampling.0.NumStability.uniformRowTraceProbMass_two_point_factor	"[{""depth"":11,""edge_kind"":""body"",""predecessor"":""NumStability.countSketchUniformRowTraceProbability_eventProb_sparseComputedPreconditioned_fl_uniformRowSampleGramDotWithComputedDen_rowGram_frob_error_le_ge_one_sub_frobNorm"",""seed"":""_private.NumStability.Algorithms.RandNLA.UniformRowSampling.0.NumStability.uniformRowTraceProbMass_two_point_factor""}]"	-	11	0	1
NumStability.countSketchUniformRowTraceProbability_eventProb_sparseComputedPreconditioned_fl_uniformRowSampleGramDotWithComputedDen_rowGram_twoSidedLoewner_productGrid_ge_one_sub_delta_of_sum_coeff_add_frob_add_row_budget	NumStability.Algorithms.RandNLA.UniformRowSamplingFP	public	yes	reverse_dependent_boundary	_private.NumStability.Algorithms.RandNLA.UniformRowSampling.0.NumStability.uniformRowTraceProbMass_two_point_factor	"[{""depth"":10,""edge_kind"":""body"",""predecessor"":""NumStability.countSketchUniformRowTraceProbability_eventProb_sparseComputedPreconditioned_fl_uniformRowSampleGramDotWithComputedDen_rowGram_twoSidedLoewner_productGrid_ge_one_sub_sum_coeff_add_frob_add_row"",""seed"":""_private.NumStability.Algorithms.RandNLA.UniformRowSampling.0.NumStability.uniformRowTraceProbMass_two_point_factor""}]"	-	10	0	1
NumStability.countSketchUniformRowTraceProbability_eventProb_sparseComputedPreconditioned_fl_uniformRowSampleGramDotWithComputedDen_rowGram_twoSidedLoewner_productGrid_ge_one_sub_sum_coeff_add_frob_add_row	NumStability.Algorithms.RandNLA.UniformRowSamplingFP	public	yes	reverse_dependent_boundary	_private.NumStability.Algorithms.RandNLA.UniformRowSampling.0.NumStability.uniformRowTraceProbMass_two_point_factor	"[{""depth"":9,""edge_kind"":""body"",""predecessor"":""NumStability.countSketchUniformRowTraceProbability_eventProb_sparseComputedPreconditioned_fl_uniformRowSampleGramDotWithComputedDen_rowGram_twoSidedLoewner_cover_ge_one_sub_sum_coeff_add_frob_add_row"",""seed"":""_private.NumStability.Algorithms.RandNLA.UniformRowSampling.0.NumStability.uniformRowTraceProbMass_two_point_factor""}]"	-	9	0	1
NumStability.countSketchUniformRowTraceProbability_eventProb_sparseComputedPreconditioned_fl_uniformRowSampleGramDotWithComputedDen_two_sided_finiteLoewnerLe_ge_one_sub_square_inv_add_delta	NumStability.Algorithms.RandNLA.UniformRowSamplingFP	public	yes	reverse_dependent_boundary	_private.NumStability.Algorithms.RandNLA.UniformRowSampling.0.NumStability.uniformRowTraceProbMass_two_point_factor	"[{""depth"":8,""edge_kind"":""body"",""predecessor"":""NumStability.countSketchUniformRowTraceProbability_eventProb_uniformRowSampleGram_two_sided_finiteLoewnerLe_ge_one_sub_square_inv_add_delta"",""seed"":""_private.NumStability.Algorithms.RandNLA.UniformRowSampling.0.NumStability.uniformRowTraceProbMass_two_point_factor""}]"	-	8	0	1
NumStability.countSketchUniformRowTraceProbability_eventProb_sparseComputedPreconditioned_fl_uniformRowSampleGramDotWithFlSqrtMulInvSqrtDen_rowGram_twoSidedLoewner_cover_ge_one_sub_delta_of_sum_coeff_add_frob_add_row_budget	NumStability.Algorithms.RandNLA.UniformRowSamplingFP	public	yes	reverse_dependent_boundary	_private.NumStability.Algorithms.RandNLA.UniformRowSampling.0.NumStability.uniformRowTraceProbMass_two_point_factor	"[{""depth"":10,""edge_kind"":""body"",""predecessor"":""NumStability.countSketchUniformRowTraceProbability_eventProb_sparseComputedPreconditioned_fl_uniformRowSampleGramDotWithComputedDen_rowGram_twoSidedLoewner_cover_ge_one_sub_delta_of_sum_coeff_add_frob_add_row_budget"",""seed"":""_private.NumStability.Algorithms.RandNLA.UniformRowSampling.0.NumStability.uniformRowTraceProbMass_two_point_factor""}]"	-	10	0	1
NumStability.countSketchUniformRowTraceProbability_eventProb_sparseComputedPreconditioned_fl_uniformRowSampleGramDotWithFlSqrtMulInvSqrtDen_rowGram_twoSidedLoewner_ge_one_sub_delta_of_coeff_budget	NumStability.Algorithms.RandNLA.UniformRowSamplingFP	public	yes	reverse_dependent_boundary	_private.NumStability.Algorithms.RandNLA.UniformRowSampling.0.NumStability.uniformRowTraceProbMass_two_point_factor	"[{""depth"":12,""edge_kind"":""body"",""predecessor"":""NumStability.countSketchUniformRowTraceProbability_eventProb_sparseComputedPreconditioned_fl_uniformRowSampleGramDotWithComputedDen_rowGram_twoSidedLoewner_ge_one_sub_delta_of_coeff_budget"",""seed"":""_private.NumStability.Algorithms.RandNLA.UniformRowSampling.0.NumStability.uniformRowTraceProbMass_two_point_factor""}]"	-	12	0	1
NumStability.countSketchUniformRowTraceProbability_eventProb_sparseComputedPreconditioned_fl_uniformRowSampleGramDotWithFlSqrtMulInvSqrtDen_rowGram_twoSidedLoewner_ge_one_sub_delta_of_equal_radius_coeff_budget	NumStability.Algorithms.RandNLA.UniformRowSamplingFP	public	yes	reverse_dependent_boundary	_private.NumStability.Algorithms.RandNLA.UniformRowSampling.0.NumStability.uniformRowTraceProbMass_two_point_factor	"[{""depth"":13,""edge_kind"":""body"",""predecessor"":""NumStability.countSketchUniformRowTraceProbability_eventProb_sparseComputedPreconditioned_fl_uniformRowSampleGramDotWithComputedDen_rowGram_twoSidedLoewner_ge_one_sub_delta_of_equal_radius_coeff_budget"",""seed"":""_private.NumStability.Algorithms.RandNLA.UniformRowSampling.0.NumStability.uniformRowTraceProbMass_two_point_factor""}]"	-	13	0	1
NumStability.countSketchUniformRowTraceProbability_eventProb_sparseComputedPreconditioned_fl_uniformRowSampleGramDotWithFlSqrtMulInvSqrtDen_rowGram_twoSidedLoewner_ge_one_sub_delta_of_equal_radius_coeff_budget_expanded	NumStability.Algorithms.RandNLA.UniformRowSamplingFP	public	yes	reverse_dependent_boundary	_private.NumStability.Algorithms.RandNLA.UniformRowSampling.0.NumStability.uniformRowTraceProbMass_two_point_factor	"[{""depth"":13,""edge_kind"":""body"",""predecessor"":""NumStability.countSketchUniformRowTraceProbability_eventProb_sparseComputedPreconditioned_fl_uniformRowSampleGramDotWithComputedDen_rowGram_twoSidedLoewner_ge_one_sub_delta_of_equal_radius_coeff_budget_expanded"",""seed"":""_private.NumStability.Algorithms.RandNLA.UniformRowSampling.0.NumStability.uniformRowTraceProbMass_two_point_factor""}]"	-	13	0	1
NumStability.countSketchUniformRowTraceProbability_eventProb_sparseComputedPreconditioned_fl_uniformRowSampleGramDotWithFlSqrtMulInvSqrtDen_rowGram_twoSidedLoewner_ge_one_sub_delta_of_equal_radius_frobNorm_budget	NumStability.Algorithms.RandNLA.UniformRowSamplingFP	public	yes	reverse_dependent_boundary	_private.NumStability.Algorithms.RandNLA.UniformRowSampling.0.NumStability.uniformRowTraceProbMass_two_point_factor	"[{""depth"":14,""edge_kind"":""body"",""predecessor"":""NumStability.countSketchUniformRowTraceProbability_eventProb_sparseComputedPreconditioned_fl_uniformRowSampleGramDotWithComputedDen_rowGram_twoSidedLoewner_ge_one_sub_delta_of_equal_radius_frobNorm_budget"",""seed"":""_private.NumStability.Algorithms.RandNLA.UniformRowSampling.0.NumStability.uniformRowTraceProbMass_two_point_factor""}]"	-	14	0	1
NumStability.countSketchUniformRowTraceProbability_eventProb_sparseComputedPreconditioned_fl_uniformRowSampleGramDotWithFlSqrtMulInvSqrtDen_rowGram_twoSidedLoewner_ge_one_sub_delta_of_equal_radius_frobNorm_budget_expanded	NumStability.Algorithms.RandNLA.UniformRowSamplingFP	public	yes	reverse_dependent_boundary	_private.NumStability.Algorithms.RandNLA.UniformRowSampling.0.NumStability.uniformRowTraceProbMass_two_point_factor	"[{""depth"":14,""edge_kind"":""body"",""predecessor"":""NumStability.countSketchUniformRowTraceProbability_eventProb_sparseComputedPreconditioned_fl_uniformRowSampleGramDotWithComputedDen_rowGram_twoSidedLoewner_ge_one_sub_delta_of_equal_radius_frobNorm_budget_expanded"",""seed"":""_private.NumStability.Algorithms.RandNLA.UniformRowSampling.0.NumStability.uniformRowTraceProbMass_two_point_factor""}]"	-	14	0	1
NumStability.countSketchUniformRowTraceProbability_eventProb_sparseComputedPreconditioned_fl_uniformRowSampleGramDotWithFlSqrtMulInvSqrtDen_rowGram_twoSidedLoewner_ge_one_sub_delta_of_frobNorm_budget	NumStability.Algorithms.RandNLA.UniformRowSamplingFP	public	yes	reverse_dependent_boundary	_private.NumStability.Algorithms.RandNLA.UniformRowSampling.0.NumStability.uniformRowTraceProbMass_two_point_factor	"[{""depth"":13,""edge_kind"":""body"",""predecessor"":""NumStability.countSketchUniformRowTraceProbability_eventProb_sparseComputedPreconditioned_fl_uniformRowSampleGramDotWithComputedDen_rowGram_twoSidedLoewner_ge_one_sub_delta_of_frobNorm_budget"",""seed"":""_private.NumStability.Algorithms.RandNLA.UniformRowSampling.0.NumStability.uniformRowTraceProbMass_two_point_factor""}]"	-	13	0	1
NumStability.countSketchUniformRowTraceProbability_eventProb_sparseComputedPreconditioned_fl_uniformRowSampleGramDotWithFlSqrtMulInvSqrtDen_rowGram_twoSidedLoewner_productGrid_ge_one_sub_delta_of_sum_coeff_add_frob_add_row_budget	NumStability.Algorithms.RandNLA.UniformRowSamplingFP	public	yes	reverse_dependent_boundary	_private.NumStability.Algorithms.RandNLA.UniformRowSampling.0.NumStability.uniformRowTraceProbMass_two_point_factor	"[{""depth"":11,""edge_kind"":""body"",""predecessor"":""NumStability.countSketchUniformRowTraceProbability_eventProb_sparseComputedPreconditioned_fl_uniformRowSampleGramDotWithComputedDen_rowGram_twoSidedLoewner_productGrid_ge_one_sub_delta_of_sum_coeff_add_frob_add_row_budget"",""seed"":""_private.NumStability.Algorithms.RandNLA.UniformRowSampling.0.NumStability.uniformRowTraceProbMass_two_point_factor""}]"	-	11	0	1
NumStability.countSketchUniformRowTraceProbability_eventProb_sparseComputedPreconditioned_fl_uniformRowSampleGramDotWithFlSqrtMulInvSqrtDen_two_sided_finiteLoewnerLe_ge_one_sub_square_inv_add_delta	NumStability.Algorithms.RandNLA.UniformRowSamplingFP	public	yes	reverse_dependent_boundary	_private.NumStability.Algorithms.RandNLA.UniformRowSampling.0.NumStability.uniformRowTraceProbMass_two_point_factor	"[{""depth"":9,""edge_kind"":""body"",""predecessor"":""NumStability.countSketchUniformRowTraceProbability_eventProb_sparseComputedPreconditioned_fl_uniformRowSampleGramDotWithComputedDen_two_sided_finiteLoewnerLe_ge_one_sub_square_inv_add_delta"",""seed"":""_private.NumStability.Algorithms.RandNLA.UniformRowSampling.0.NumStability.uniformRowTraceProbMass_two_point_factor""}]"	-	9	0	1
NumStability.countSketchUniformRowTraceProbability_eventProb_sparseFlStoredSignAddZeroRightComputedPreconditioned_factoredInput_fl_uniformRowSampleGramDotWithFlSqrtMulInvSqrtDen_two_sided_finiteLoewnerLe_ge_one_sub_delta_of_square_inv_budget	NumStability.Algorithms.RandNLA.UniformRowSamplingFP	public	yes	reverse_dependent_boundary	_private.NumStability.Algorithms.RandNLA.UniformRowSampling.0.NumStability.uniformRowTraceProbMass_two_point_factor	"[{""depth"":12,""edge_kind"":""body"",""predecessor"":""NumStability.countSketchUniformRowTraceProbability_eventProb_sparseStoredSignComputedPreconditioned_factoredInput_fl_uniformRowSampleGramDotWithFlSqrtMulInvSqrtDen_two_sided_finiteLoewnerLe_ge_one_sub_delta_of_square_inv_budget"",""seed"":""_private.NumStability.Algorithms.RandNLA.UniformRowSampling.0.NumStability.uniformRowTraceProbMass_two_point_factor""}]"	-	12	0	1
NumStability.countSketchUniformRowTraceProbability_eventProb_sparseFlStoredSignAddZeroRightComputedPreconditioned_fl_uniformRowSampleGramDotWithFlSqrtMulInvSqrtDen_rowGram_twoSidedLoewner_productGrid_ge_one_sub_delta_of_sum_coeff_add_frob_add_row_budget	NumStability.Algorithms.RandNLA.UniformRowSamplingFP	public	yes	reverse_dependent_boundary	_private.NumStability.Algorithms.RandNLA.UniformRowSampling.0.NumStability.uniformRowTraceProbMass_two_point_factor	"[{""depth"":12,""edge_kind"":""body"",""predecessor"":""NumStability.countSketchUniformRowTraceProbability_eventProb_sparseStoredSignComputedPreconditioned_fl_uniformRowSampleGramDotWithFlSqrtMulInvSqrtDen_rowGram_twoSidedLoewner_productGrid_ge_one_sub_delta_of_sum_coeff_add_frob_add_row_budget"",""seed"":""_private.NumStability.Algorithms.RandNLA.UniformRowSampling.0.NumStability.uniformRowTraceProbMass_two_point_factor""}]"	-	12	0	1
NumStability.countSketchUniformRowTraceProbability_eventProb_sparseFlStoredSignAddZeroRightComputedPreconditioned_fl_uniformRowSampleGramDotWithFlSqrtMulInvSqrtDen_rowGram_twoSidedLoewner_productGrid_ge_one_sub_delta_of_sum_gridNorm_add_nat_add_row_orthonormal_budget	NumStability.Algorithms.RandNLA.UniformRowSamplingFP	public	yes	reverse_dependent_boundary	_private.NumStability.Algorithms.RandNLA.UniformRowSampling.0.NumStability.uniformRowTraceProbMass_two_point_factor	"[{""depth"":13,""edge_kind"":""body"",""predecessor"":""NumStability.countSketchUniformRowTraceProbability_eventProb_sparseStoredSignComputedPreconditioned_fl_uniformRowSampleGramDotWithFlSqrtMulInvSqrtDen_rowGram_twoSidedLoewner_productGrid_ge_one_sub_delta_of_sum_gridNorm_add_nat_add_row_orthonormal_budget"",""seed"":""_private.NumStability.Algorithms.RandNLA.UniformRowSampling.0.NumStability.uniformRowTraceProbMass_two_point_factor""}]"	-	13	0	1
NumStability.countSketchUniformRowTraceProbability_eventProb_sparseFlStoredSignAddZeroRightPermutedComputedPreconditioned_factoredInput_fl_uniformRowSampleGramDotWithFlSqrtMulInvSqrtDen_two_sided_finiteLoewnerLe_ge_one_sub_delta_of_square_inv_budget	NumStability.Algorithms.RandNLA.UniformRowSamplingFP	public	yes	reverse_dependent_boundary	_private.NumStability.Algorithms.RandNLA.UniformRowSampling.0.NumStability.uniformRowTraceProbMass_two_point_factor	"[{""depth"":12,""edge_kind"":""body"",""predecessor"":""NumStability.countSketchUniformRowTraceProbability_eventProb_sparseStoredSignPermutedComputedPreconditioned_factoredInput_fl_uniformRowSampleGramDotWithFlSqrtMulInvSqrtDen_two_sided_finiteLoewnerLe_ge_one_sub_delta_of_square_inv_budget"",""seed"":""_private.NumStability.Algorithms.RandNLA.UniformRowSampling.0.NumStability.uniformRowTraceProbMass_two_point_factor""}]"	-	12	0	1
NumStability.countSketchUniformRowTraceProbability_eventProb_sparseFlStoredSignAddZeroRightPermutedComputedPreconditioned_fl_uniformRowSampleGramDotWithFlSqrtMulInvSqrtDen_rowGram_twoSidedLoewner_productGrid_ge_one_sub_delta_of_sum_coeff_add_frob_add_row_budget	NumStability.Algorithms.RandNLA.UniformRowSamplingFP	public	yes	reverse_dependent_boundary	_private.NumStability.Algorithms.RandNLA.UniformRowSampling.0.NumStability.uniformRowTraceProbMass_two_point_factor	"[{""depth"":12,""edge_kind"":""body"",""predecessor"":""NumStability.countSketchUniformRowTraceProbability_eventProb_sparseStoredSignPermutedComputedPreconditioned_fl_uniformRowSampleGramDotWithFlSqrtMulInvSqrtDen_rowGram_twoSidedLoewner_productGrid_ge_one_sub_delta_of_sum_coeff_add_frob_add_row_budget"",""seed"":""_private.NumStability.Algorithms.RandNLA.UniformRowSampling.0.NumStability.uniformRowTraceProbMass_two_point_factor""}]"	-	12	0	1
NumStability.countSketchUniformRowTraceProbability_eventProb_sparseFlStoredSignAddZeroRightPermutedComputedPreconditioned_fl_uniformRowSampleGramDotWithFlSqrtMulInvSqrtDen_rowGram_twoSidedLoewner_productGrid_ge_one_sub_delta_of_sum_gridNorm_add_nat_add_row_orthonormal_budget	NumStability.Algorithms.RandNLA.UniformRowSamplingFP	public	yes	reverse_dependent_boundary	_private.NumStability.Algorithms.RandNLA.UniformRowSampling.0.NumStability.uniformRowTraceProbMass_two_point_factor	"[{""depth"":13,""edge_kind"":""body"",""predecessor"":""NumStability.countSketchUniformRowTraceProbability_eventProb_sparseStoredSignPermutedComputedPreconditioned_fl_uniformRowSampleGramDotWithFlSqrtMulInvSqrtDen_rowGram_twoSidedLoewner_productGrid_ge_one_sub_delta_of_sum_gridNorm_add_nat_add_row_orthonormal_budget"",""seed"":""_private.NumStability.Algorithms.RandNLA.UniformRowSampling.0.NumStability.uniformRowTraceProbMass_two_point_factor""}]"	-	13	0	1
NumStability.countSketchUniformRowTraceProbability_eventProb_sparseFlStoredSignAddZeroRightTreeComputedPreconditioned_factoredInput_fl_uniformRowSampleGramDotWithFlSqrtMulInvSqrtDen_two_sided_finiteLoewnerLe_ge_one_sub_delta_of_square_inv_budget	NumStability.Algorithms.RandNLA.UniformRowSamplingFP	public	yes	reverse_dependent_boundary	_private.NumStability.Algorithms.RandNLA.UniformRowSampling.0.NumStability.uniformRowTraceProbMass_two_point_factor	"[{""depth"":12,""edge_kind"":""body"",""predecessor"":""NumStability.countSketchUniformRowTraceProbability_eventProb_sparseStoredSignTreeComputedPreconditioned_factoredInput_fl_uniformRowSampleGramDotWithFlSqrtMulInvSqrtDen_two_sided_finiteLoewnerLe_ge_one_sub_delta_of_square_inv_budget"",""seed"":""_private.NumStability.Algorithms.RandNLA.UniformRowSampling.0.NumStability.uniformRowTraceProbMass_two_point_factor""}]"	-	12	0	1
NumStability.countSketchUniformRowTraceProbability_eventProb_sparseFlStoredSignAddZeroRightTreeComputedPreconditioned_fl_uniformRowSampleGramDotWithFlSqrtMulInvSqrtDen_rowGram_twoSidedLoewner_productGrid_ge_one_sub_delta_of_sum_coeff_add_frob_add_row_budget	NumStability.Algorithms.RandNLA.UniformRowSamplingFP	public	yes	reverse_dependent_boundary	_private.NumStability.Algorithms.RandNLA.UniformRowSampling.0.NumStability.uniformRowTraceProbMass_two_point_factor	"[{""depth"":12,""edge_kind"":""body"",""predecessor"":""NumStability.countSketchUniformRowTraceProbability_eventProb_sparseStoredSignTreeComputedPreconditioned_fl_uniformRowSampleGramDotWithFlSqrtMulInvSqrtDen_rowGram_twoSidedLoewner_productGrid_ge_one_sub_delta_of_sum_coeff_add_frob_add_row_budget"",""seed"":""_private.NumStability.Algorithms.RandNLA.UniformRowSampling.0.NumStability.uniformRowTraceProbMass_two_point_factor""}]"	-	12	0	1
NumStability.countSketchUniformRowTraceProbability_eventProb_sparseFlStoredSignAddZeroRightTreeComputedPreconditioned_fl_uniformRowSampleGramDotWithFlSqrtMulInvSqrtDen_rowGram_twoSidedLoewner_productGrid_ge_one_sub_delta_of_sum_gridNorm_add_nat_add_row_orthonormal_budget	NumStability.Algorithms.RandNLA.UniformRowSamplingFP	public	yes	reverse_dependent_boundary	_private.NumStability.Algorithms.RandNLA.UniformRowSampling.0.NumStability.uniformRowTraceProbMass_two_point_factor	"[{""depth"":13,""edge_kind"":""body"",""predecessor"":""NumStability.countSketchUniformRowTraceProbability_eventProb_sparseStoredSignTreeComputedPreconditioned_fl_uniformRowSampleGramDotWithFlSqrtMulInvSqrtDen_rowGram_twoSidedLoewner_productGrid_ge_one_sub_delta_of_sum_gridNorm_add_nat_add_row_orthonormal_budget"",""seed"":""_private.NumStability.Algorithms.RandNLA.UniformRowSampling.0.NumStability.uniformRowTraceProbMass_two_point_factor""}]"	-	13	0	1
NumStability.countSketchUniformRowTraceProbability_eventProb_sparseFlStoredSignComputedPreconditioned_factoredInput_fl_uniformRowSampleGramDotWithFlSqrtMulInvSqrtDen_two_sided_finiteLoewnerLe_ge_one_sub_delta_of_square_inv_budget	NumStability.Algorithms.RandNLA.UniformRowSamplingFP	public	yes	reverse_dependent_boundary	_private.NumStability.Algorithms.RandNLA.UniformRowSampling.0.NumStability.uniformRowTraceProbMass_two_point_factor	"[{""depth"":12,""edge_kind"":""body"",""predecessor"":""NumStability.countSketchUniformRowTraceProbability_eventProb_sparseStoredSignComputedPreconditioned_factoredInput_fl_uniformRowSampleGramDotWithFlSqrtMulInvSqrtDen_two_sided_finiteLoewnerLe_ge_one_sub_delta_of_square_inv_budget"",""seed"":""_private.NumStability.Algorithms.RandNLA.UniformRowSampling.0.NumStability.uniformRowTraceProbMass_two_point_factor""}]"	-	12	0	1
NumStability.countSketchUniformRowTraceProbability_eventProb_sparseFlStoredSignComputedPreconditioned_fl_uniformRowSampleGramDotWithFlSqrtMulInvSqrtDen_rowGram_twoSidedLoewner_productGrid_ge_one_sub_delta_of_sum_coeff_add_frob_add_row_budget	NumStability.Algorithms.RandNLA.UniformRowSamplingFP	public	yes	reverse_dependent_boundary	_private.NumStability.Algorithms.RandNLA.UniformRowSampling.0.NumStability.uniformRowTraceProbMass_two_point_factor	"[{""depth"":12,""edge_kind"":""body"",""predecessor"":""NumStability.countSketchUniformRowTraceProbability_eventProb_sparseStoredSignComputedPreconditioned_fl_uniformRowSampleGramDotWithFlSqrtMulInvSqrtDen_rowGram_twoSidedLoewner_productGrid_ge_one_sub_delta_of_sum_coeff_add_frob_add_row_budget"",""seed"":""_private.NumStability.Algorithms.RandNLA.UniformRowSampling.0.NumStability.uniformRowTraceProbMass_two_point_factor""}]"	-	12	0	1
NumStability.countSketchUniformRowTraceProbability_eventProb_sparseFlStoredSignComputedPreconditioned_fl_uniformRowSampleGramDotWithFlSqrtMulInvSqrtDen_rowGram_twoSidedLoewner_productGrid_ge_one_sub_delta_of_sum_gridNorm_add_nat_add_row_orthonormal_budget	NumStability.Algorithms.RandNLA.UniformRowSamplingFP	public	yes	reverse_dependent_boundary	_private.NumStability.Algorithms.RandNLA.UniformRowSampling.0.NumStability.uniformRowTraceProbMass_two_point_factor	"[{""depth"":13,""edge_kind"":""body"",""predecessor"":""NumStability.countSketchUniformRowTraceProbability_eventProb_sparseStoredSignComputedPreconditioned_fl_uniformRowSampleGramDotWithFlSqrtMulInvSqrtDen_rowGram_twoSidedLoewner_productGrid_ge_one_sub_delta_of_sum_gridNorm_add_nat_add_row_orthonormal_budget"",""seed"":""_private.NumStability.Algorithms.RandNLA.UniformRowSampling.0.NumStability.uniformRowTraceProbMass_two_point_factor""}]"	-	13	0	1
NumStability.countSketchUniformRowTraceProbability_eventProb_sparseFlStoredSignPermutedComputedPreconditioned_factoredInput_fl_uniformRowSampleGramDotWithFlSqrtMulInvSqrtDen_two_sided_finiteLoewnerLe_ge_one_sub_delta_of_square_inv_budget	NumStability.Algorithms.RandNLA.UniformRowSamplingFP	public	yes	reverse_dependent_boundary	_private.NumStability.Algorithms.RandNLA.UniformRowSampling.0.NumStability.uniformRowTraceProbMass_two_point_factor	"[{""depth"":12,""edge_kind"":""body"",""predecessor"":""NumStability.countSketchUniformRowTraceProbability_eventProb_sparseStoredSignPermutedComputedPreconditioned_factoredInput_fl_uniformRowSampleGramDotWithFlSqrtMulInvSqrtDen_two_sided_finiteLoewnerLe_ge_one_sub_delta_of_square_inv_budget"",""seed"":""_private.NumStability.Algorithms.RandNLA.UniformRowSampling.0.NumStability.uniformRowTraceProbMass_two_point_factor""}]"	-	12	0	1
NumStability.countSketchUniformRowTraceProbability_eventProb_sparseFlStoredSignPermutedComputedPreconditioned_fl_uniformRowSampleGramDotWithFlSqrtMulInvSqrtDen_rowGram_twoSidedLoewner_productGrid_ge_one_sub_delta_of_sum_coeff_add_frob_add_row_budget	NumStability.Algorithms.RandNLA.UniformRowSamplingFP	public	yes	reverse_dependent_boundary	_private.NumStability.Algorithms.RandNLA.UniformRowSampling.0.NumStability.uniformRowTraceProbMass_two_point_factor	"[{""depth"":12,""edge_kind"":""body"",""predecessor"":""NumStability.countSketchUniformRowTraceProbability_eventProb_sparseStoredSignPermutedComputedPreconditioned_fl_uniformRowSampleGramDotWithFlSqrtMulInvSqrtDen_rowGram_twoSidedLoewner_productGrid_ge_one_sub_delta_of_sum_coeff_add_frob_add_row_budget"",""seed"":""_private.NumStability.Algorithms.RandNLA.UniformRowSampling.0.NumStability.uniformRowTraceProbMass_two_point_factor""}]"	-	12	0	1
NumStability.countSketchUniformRowTraceProbability_eventProb_sparseFlStoredSignPermutedComputedPreconditioned_fl_uniformRowSampleGramDotWithFlSqrtMulInvSqrtDen_rowGram_twoSidedLoewner_productGrid_ge_one_sub_delta_of_sum_gridNorm_add_nat_add_row_orthonormal_budget	NumStability.Algorithms.RandNLA.UniformRowSamplingFP	public	yes	reverse_dependent_boundary	_private.NumStability.Algorithms.RandNLA.UniformRowSampling.0.NumStability.uniformRowTraceProbMass_two_point_factor	"[{""depth"":13,""edge_kind"":""body"",""predecessor"":""NumStability.countSketchUniformRowTraceProbability_eventProb_sparseStoredSignPermutedComputedPreconditioned_fl_uniformRowSampleGramDotWithFlSqrtMulInvSqrtDen_rowGram_twoSidedLoewner_productGrid_ge_one_sub_delta_of_sum_gridNorm_add_nat_add_row_orthonormal_budget"",""seed"":""_private.NumStability.Algorithms.RandNLA.UniformRowSampling.0.NumStability.uniformRowTraceProbMass_two_point_factor""}]"	-	13	0	1
NumStability.countSketchUniformRowTraceProbability_eventProb_sparseFlStoredSignSubZeroRightComputedPreconditioned_factoredInput_fl_uniformRowSampleGramDotWithFlSqrtMulInvSqrtDen_two_sided_finiteLoewnerLe_ge_one_sub_delta_of_square_inv_budget	NumStability.Algorithms.RandNLA.UniformRowSamplingFP	public	yes	reverse_dependent_boundary	_private.NumStability.Algorithms.RandNLA.UniformRowSampling.0.NumStability.uniformRowTraceProbMass_two_point_factor	"[{""depth"":12,""edge_kind"":""body"",""predecessor"":""NumStability.countSketchUniformRowTraceProbability_eventProb_sparseStoredSignComputedPreconditioned_factoredInput_fl_uniformRowSampleGramDotWithFlSqrtMulInvSqrtDen_two_sided_finiteLoewnerLe_ge_one_sub_delta_of_square_inv_budget"",""seed"":""_private.NumStability.Algorithms.RandNLA.UniformRowSampling.0.NumStability.uniformRowTraceProbMass_two_point_factor""}]"	-	12	0	1
NumStability.countSketchUniformRowTraceProbability_eventProb_sparseFlStoredSignSubZeroRightComputedPreconditioned_fl_uniformRowSampleGramDotWithFlSqrtMulInvSqrtDen_rowGram_twoSidedLoewner_productGrid_ge_one_sub_delta_of_sum_coeff_add_frob_add_row_budget	NumStability.Algorithms.RandNLA.UniformRowSamplingFP	public	yes	reverse_dependent_boundary	_private.NumStability.Algorithms.RandNLA.UniformRowSampling.0.NumStability.uniformRowTraceProbMass_two_point_factor	"[{""depth"":12,""edge_kind"":""body"",""predecessor"":""NumStability.countSketchUniformRowTraceProbability_eventProb_sparseStoredSignComputedPreconditioned_fl_uniformRowSampleGramDotWithFlSqrtMulInvSqrtDen_rowGram_twoSidedLoewner_productGrid_ge_one_sub_delta_of_sum_coeff_add_frob_add_row_budget"",""seed"":""_private.NumStability.Algorithms.RandNLA.UniformRowSampling.0.NumStability.uniformRowTraceProbMass_two_point_factor""}]"	-	12	0	1
NumStability.countSketchUniformRowTraceProbability_eventProb_sparseFlStoredSignSubZeroRightComputedPreconditioned_fl_uniformRowSampleGramDotWithFlSqrtMulInvSqrtDen_rowGram_twoSidedLoewner_productGrid_ge_one_sub_delta_of_sum_gridNorm_add_nat_add_row_orthonormal_budget	NumStability.Algorithms.RandNLA.UniformRowSamplingFP	public	yes	reverse_dependent_boundary	_private.NumStability.Algorithms.RandNLA.UniformRowSampling.0.NumStability.uniformRowTraceProbMass_two_point_factor	"[{""depth"":13,""edge_kind"":""body"",""predecessor"":""NumStability.countSketchUniformRowTraceProbability_eventProb_sparseStoredSignComputedPreconditioned_fl_uniformRowSampleGramDotWithFlSqrtMulInvSqrtDen_rowGram_twoSidedLoewner_productGrid_ge_one_sub_delta_of_sum_gridNorm_add_nat_add_row_orthonormal_budget"",""seed"":""_private.NumStability.Algorithms.RandNLA.UniformRowSampling.0.NumStability.uniformRowTraceProbMass_two_point_factor""}]"	-	13	0	1
NumStability.countSketchUniformRowTraceProbability_eventProb_sparseFlStoredSignSubZeroRightPermutedComputedPreconditioned_factoredInput_fl_uniformRowSampleGramDotWithFlSqrtMulInvSqrtDen_two_sided_finiteLoewnerLe_ge_one_sub_delta_of_square_inv_budget	NumStability.Algorithms.RandNLA.UniformRowSamplingFP	public	yes	reverse_dependent_boundary	_private.NumStability.Algorithms.RandNLA.UniformRowSampling.0.NumStability.uniformRowTraceProbMass_two_point_factor	"[{""depth"":12,""edge_kind"":""body"",""predecessor"":""NumStability.countSketchUniformRowTraceProbability_eventProb_sparseStoredSignPermutedComputedPreconditioned_factoredInput_fl_uniformRowSampleGramDotWithFlSqrtMulInvSqrtDen_two_sided_finiteLoewnerLe_ge_one_sub_delta_of_square_inv_budget"",""seed"":""_private.NumStability.Algorithms.RandNLA.UniformRowSampling.0.NumStability.uniformRowTraceProbMass_two_point_factor""}]"	-	12	0	1
NumStability.countSketchUniformRowTraceProbability_eventProb_sparseFlStoredSignSubZeroRightPermutedComputedPreconditioned_fl_uniformRowSampleGramDotWithFlSqrtMulInvSqrtDen_rowGram_twoSidedLoewner_productGrid_ge_one_sub_delta_of_sum_coeff_add_frob_add_row_budget	NumStability.Algorithms.RandNLA.UniformRowSamplingFP	public	yes	reverse_dependent_boundary	_private.NumStability.Algorithms.RandNLA.UniformRowSampling.0.NumStability.uniformRowTraceProbMass_two_point_factor	"[{""depth"":12,""edge_kind"":""body"",""predecessor"":""NumStability.countSketchUniformRowTraceProbability_eventProb_sparseStoredSignPermutedComputedPreconditioned_fl_uniformRowSampleGramDotWithFlSqrtMulInvSqrtDen_rowGram_twoSidedLoewner_productGrid_ge_one_sub_delta_of_sum_coeff_add_frob_add_row_budget"",""seed"":""_private.NumStability.Algorithms.RandNLA.UniformRowSampling.0.NumStability.uniformRowTraceProbMass_two_point_factor""}]"	-	12	0	1
NumStability.countSketchUniformRowTraceProbability_eventProb_sparseFlStoredSignSubZeroRightPermutedComputedPreconditioned_fl_uniformRowSampleGramDotWithFlSqrtMulInvSqrtDen_rowGram_twoSidedLoewner_productGrid_ge_one_sub_delta_of_sum_gridNorm_add_nat_add_row_orthonormal_budget	NumStability.Algorithms.RandNLA.UniformRowSamplingFP	public	yes	reverse_dependent_boundary	_private.NumStability.Algorithms.RandNLA.UniformRowSampling.0.NumStability.uniformRowTraceProbMass_two_point_factor	"[{""depth"":13,""edge_kind"":""body"",""predecessor"":""NumStability.countSketchUniformRowTraceProbability_eventProb_sparseStoredSignPermutedComputedPreconditioned_fl_uniformRowSampleGramDotWithFlSqrtMulInvSqrtDen_rowGram_twoSidedLoewner_productGrid_ge_one_sub_delta_of_sum_gridNorm_add_nat_add_row_orthonormal_budget"",""seed"":""_private.NumStability.Algorithms.RandNLA.UniformRowSampling.0.NumStability.uniformRowTraceProbMass_two_point_factor""}]"	-	13	0	1
NumStability.countSketchUniformRowTraceProbability_eventProb_sparseFlStoredSignSubZeroRightTreeComputedPreconditioned_factoredInput_fl_uniformRowSampleGramDotWithFlSqrtMulInvSqrtDen_two_sided_finiteLoewnerLe_ge_one_sub_delta_of_square_inv_budget	NumStability.Algorithms.RandNLA.UniformRowSamplingFP	public	yes	reverse_dependent_boundary	_private.NumStability.Algorithms.RandNLA.UniformRowSampling.0.NumStability.uniformRowTraceProbMass_two_point_factor	"[{""depth"":12,""edge_kind"":""body"",""predecessor"":""NumStability.countSketchUniformRowTraceProbability_eventProb_sparseStoredSignTreeComputedPreconditioned_factoredInput_fl_uniformRowSampleGramDotWithFlSqrtMulInvSqrtDen_two_sided_finiteLoewnerLe_ge_one_sub_delta_of_square_inv_budget"",""seed"":""_private.NumStability.Algorithms.RandNLA.UniformRowSampling.0.NumStability.uniformRowTraceProbMass_two_point_factor""}]"	-	12	0	1
NumStability.countSketchUniformRowTraceProbability_eventProb_sparseFlStoredSignSubZeroRightTreeComputedPreconditioned_fl_uniformRowSampleGramDotWithFlSqrtMulInvSqrtDen_rowGram_twoSidedLoewner_productGrid_ge_one_sub_delta_of_sum_coeff_add_frob_add_row_budget	NumStability.Algorithms.RandNLA.UniformRowSamplingFP	public	yes	reverse_dependent_boundary	_private.NumStability.Algorithms.RandNLA.UniformRowSampling.0.NumStability.uniformRowTraceProbMass_two_point_factor	"[{""depth"":12,""edge_kind"":""body"",""predecessor"":""NumStability.countSketchUniformRowTraceProbability_eventProb_sparseStoredSignTreeComputedPreconditioned_fl_uniformRowSampleGramDotWithFlSqrtMulInvSqrtDen_rowGram_twoSidedLoewner_productGrid_ge_one_sub_delta_of_sum_coeff_add_frob_add_row_budget"",""seed"":""_private.NumStability.Algorithms.RandNLA.UniformRowSampling.0.NumStability.uniformRowTraceProbMass_two_point_factor""}]"	-	12	0	1
NumStability.countSketchUniformRowTraceProbability_eventProb_sparseFlStoredSignSubZeroRightTreeComputedPreconditioned_fl_uniformRowSampleGramDotWithFlSqrtMulInvSqrtDen_rowGram_twoSidedLoewner_productGrid_ge_one_sub_delta_of_sum_gridNorm_add_nat_add_row_orthonormal_budget	NumStability.Algorithms.RandNLA.UniformRowSamplingFP	public	yes	reverse_dependent_boundary	_private.NumStability.Algorithms.RandNLA.UniformRowSampling.0.NumStability.uniformRowTraceProbMass_two_point_factor	"[{""depth"":13,""edge_kind"":""body"",""predecessor"":""NumStability.countSketchUniformRowTraceProbability_eventProb_sparseStoredSignTreeComputedPreconditioned_fl_uniformRowSampleGramDotWithFlSqrtMulInvSqrtDen_rowGram_twoSidedLoewner_productGrid_ge_one_sub_delta_of_sum_gridNorm_add_nat_add_row_orthonormal_budget"",""seed"":""_private.NumStability.Algorithms.RandNLA.UniformRowSampling.0.NumStability.uniformRowTraceProbMass_two_point_factor""}]"	-	13	0	1
NumStability.countSketchUniformRowTraceProbability_eventProb_sparseFlStoredSignTreeComputedPreconditioned_factoredInput_fl_uniformRowSampleGramDotWithFlSqrtMulInvSqrtDen_two_sided_finiteLoewnerLe_ge_one_sub_delta_of_square_inv_budget	NumStability.Algorithms.RandNLA.UniformRowSamplingFP	public	yes	reverse_dependent_boundary	_private.NumStability.Algorithms.RandNLA.UniformRowSampling.0.NumStability.uniformRowTraceProbMass_two_point_factor	"[{""depth"":12,""edge_kind"":""body"",""predecessor"":""NumStability.countSketchUniformRowTraceProbability_eventProb_sparseStoredSignTreeComputedPreconditioned_factoredInput_fl_uniformRowSampleGramDotWithFlSqrtMulInvSqrtDen_two_sided_finiteLoewnerLe_ge_one_sub_delta_of_square_inv_budget"",""seed"":""_private.NumStability.Algorithms.RandNLA.UniformRowSampling.0.NumStability.uniformRowTraceProbMass_two_point_factor""}]"	-	12	0	1
NumStability.countSketchUniformRowTraceProbability_eventProb_sparseFlStoredSignTreeComputedPreconditioned_fl_uniformRowSampleGramDotWithFlSqrtMulInvSqrtDen_rowGram_twoSidedLoewner_productGrid_ge_one_sub_delta_of_sum_coeff_add_frob_add_row_budget	NumStability.Algorithms.RandNLA.UniformRowSamplingFP	public	yes	reverse_dependent_boundary	_private.NumStability.Algorithms.RandNLA.UniformRowSampling.0.NumStability.uniformRowTraceProbMass_two_point_factor	"[{""depth"":12,""edge_kind"":""body"",""predecessor"":""NumStability.countSketchUniformRowTraceProbability_eventProb_sparseStoredSignTreeComputedPreconditioned_fl_uniformRowSampleGramDotWithFlSqrtMulInvSqrtDen_rowGram_twoSidedLoewner_productGrid_ge_one_sub_delta_of_sum_coeff_add_frob_add_row_budget"",""seed"":""_private.NumStability.Algorithms.RandNLA.UniformRowSampling.0.NumStability.uniformRowTraceProbMass_two_point_factor""}]"	-	12	0	1
NumStability.countSketchUniformRowTraceProbability_eventProb_sparseFlStoredSignTreeComputedPreconditioned_fl_uniformRowSampleGramDotWithFlSqrtMulInvSqrtDen_rowGram_twoSidedLoewner_productGrid_ge_one_sub_delta_of_sum_gridNorm_add_nat_add_row_orthonormal_budget	NumStability.Algorithms.RandNLA.UniformRowSamplingFP	public	yes	reverse_dependent_boundary	_private.NumStability.Algorithms.RandNLA.UniformRowSampling.0.NumStability.uniformRowTraceProbMass_two_point_factor	"[{""depth"":13,""edge_kind"":""body"",""predecessor"":""NumStability.countSketchUniformRowTraceProbability_eventProb_sparseStoredSignTreeComputedPreconditioned_fl_uniformRowSampleGramDotWithFlSqrtMulInvSqrtDen_rowGram_twoSidedLoewner_productGrid_ge_one_sub_delta_of_sum_gridNorm_add_nat_add_row_orthonormal_budget"",""seed"":""_private.NumStability.Algorithms.RandNLA.UniformRowSampling.0.NumStability.uniformRowTraceProbMass_two_point_factor""}]"	-	13	0	1
NumStability.countSketchUniformRowTraceProbability_eventProb_sparseStoredSignComputedPreconditioned_factoredInput_fl_uniformRowSampleGramDotWithComputedDen_two_sided_finiteLoewnerLe_ge_one_sub_delta_of_square_inv_budget	NumStability.Algorithms.RandNLA.UniformRowSamplingFP	public	yes	reverse_dependent_boundary	_private.NumStability.Algorithms.RandNLA.UniformRowSampling.0.NumStability.uniformRowTraceProbMass_two_point_factor	"[{""depth"":10,""edge_kind"":""body"",""predecessor"":""NumStability.countSketchUniformRowTraceProbability_eventProb_sparseStoredSignComputedPreconditioned_factoredInput_fl_uniformRowSampleGramDotWithComputedDen_two_sided_finiteLoewnerLe_ge_one_sub_square_inv_add_delta"",""seed"":""_private.NumStability.Algorithms.RandNLA.UniformRowSampling.0.NumStability.uniformRowTraceProbMass_two_point_factor""}]"	-	10	0	1
NumStability.countSketchUniformRowTraceProbability_eventProb_sparseStoredSignComputedPreconditioned_factoredInput_fl_uniformRowSampleGramDotWithComputedDen_two_sided_finiteLoewnerLe_ge_one_sub_square_inv_add_delta	NumStability.Algorithms.RandNLA.UniformRowSamplingFP	public	yes	reverse_dependent_boundary	_private.NumStability.Algorithms.RandNLA.UniformRowSampling.0.NumStability.uniformRowTraceProbMass_two_point_factor	"[{""depth"":9,""edge_kind"":""body"",""predecessor"":""NumStability.countSketchUniformRowTraceProbability_eventProb_uniformRowFactoredInputSampleGram_two_sided_finiteLoewnerLe_ge_one_sub_square_inv_add_delta"",""seed"":""_private.NumStability.Algorithms.RandNLA.UniformRowSampling.0.NumStability.uniformRowTraceProbMass_two_point_factor""}]"	-	9	0	1
NumStability.countSketchUniformRowTraceProbability_eventProb_sparseStoredSignComputedPreconditioned_factoredInput_fl_uniformRowSampleGramDotWithFlSqrtMulInvSqrtDen_two_sided_finiteLoewnerLe_ge_one_sub_delta_of_square_inv_budget	NumStability.Algorithms.RandNLA.UniformRowSamplingFP	public	yes	reverse_dependent_boundary	_private.NumStability.Algorithms.RandNLA.UniformRowSampling.0.NumStability.uniformRowTraceProbMass_two_point_factor	"[{""depth"":11,""edge_kind"":""body"",""predecessor"":""NumStability.countSketchUniformRowTraceProbability_eventProb_sparseStoredSignComputedPreconditioned_factoredInput_fl_uniformRowSampleGramDotWithComputedDen_two_sided_finiteLoewnerLe_ge_one_sub_delta_of_square_inv_budget"",""seed"":""_private.NumStability.Algorithms.RandNLA.UniformRowSampling.0.NumStability.uniformRowTraceProbMass_two_point_factor""}]"	-	11	0	1
NumStability.countSketchUniformRowTraceProbability_eventProb_sparseStoredSignComputedPreconditioned_factoredInput_fl_uniformRowSampleGramDotWithFlSqrtMulInvSqrtDen_two_sided_finiteLoewnerLe_ge_one_sub_square_inv_add_delta	NumStability.Algorithms.RandNLA.UniformRowSamplingFP	public	yes	reverse_dependent_boundary	_private.NumStability.Algorithms.RandNLA.UniformRowSampling.0.NumStability.uniformRowTraceProbMass_two_point_factor	"[{""depth"":10,""edge_kind"":""body"",""predecessor"":""NumStability.countSketchUniformRowTraceProbability_eventProb_sparseStoredSignComputedPreconditioned_factoredInput_fl_uniformRowSampleGramDotWithComputedDen_two_sided_finiteLoewnerLe_ge_one_sub_square_inv_add_delta"",""seed"":""_private.NumStability.Algorithms.RandNLA.UniformRowSampling.0.NumStability.uniformRowTraceProbMass_two_point_factor""}]"	-	10	0	1
NumStability.countSketchUniformRowTraceProbability_eventProb_sparseStoredSignComputedPreconditioned_fl_uniformRowSampleGramDotWithComputedDen_rowGram_twoSidedLoewner_cover_ge_one_sub_sum_coeff_add_frob_add_row	NumStability.Algorithms.RandNLA.UniformRowSamplingFP	public	yes	reverse_dependent_boundary	_private.NumStability.Algorithms.RandNLA.UniformRowSampling.0.NumStability.uniformRowTraceProbMass_two_point_factor	"[{""depth"":8,""edge_kind"":""body"",""predecessor"":""NumStability.uniformRowTraceProbability_eventProb_uniformRowSampleGram_frob_error_le_ge_one_sub_frobNorm"",""seed"":""_private.NumStability.Algorithms.RandNLA.UniformRowSampling.0.NumStability.uniformRowTraceProbMass_two_point_factor""}]"	-	8	0	2
NumStability.countSketchUniformRowTraceProbability_eventProb_sparseStoredSignComputedPreconditioned_fl_uniformRowSampleGramDotWithComputedDen_rowGram_twoSidedLoewner_productGrid_ge_one_sub_delta_of_sum_coeff_add_frob_add_row_budget	NumStability.Algorithms.RandNLA.UniformRowSamplingFP	public	yes	reverse_dependent_boundary	_private.NumStability.Algorithms.RandNLA.UniformRowSampling.0.NumStability.uniformRowTraceProbMass_two_point_factor	"[{""depth"":10,""edge_kind"":""body"",""predecessor"":""NumStability.countSketchUniformRowTraceProbability_eventProb_sparseStoredSignComputedPreconditioned_fl_uniformRowSampleGramDotWithComputedDen_rowGram_twoSidedLoewner_productGrid_ge_one_sub_sum_coeff_add_frob_add_row"",""seed"":""_private.NumStability.Algorithms.RandNLA.UniformRowSampling.0.NumStability.uniformRowTraceProbMass_two_point_factor""}]"	-	10	0	1
NumStability.countSketchUniformRowTraceProbability_eventProb_sparseStoredSignComputedPreconditioned_fl_uniformRowSampleGramDotWithComputedDen_rowGram_twoSidedLoewner_productGrid_ge_one_sub_delta_of_sum_gridNorm_add_nat_add_row_orthonormal_budget	NumStability.Algorithms.RandNLA.UniformRowSamplingFP	public	yes	reverse_dependent_boundary	_private.NumStability.Algorithms.RandNLA.UniformRowSampling.0.NumStability.uniformRowTraceProbMass_two_point_factor	"[{""depth"":11,""edge_kind"":""body"",""predecessor"":""NumStability.countSketchUniformRowTraceProbability_eventProb_sparseStoredSignComputedPreconditioned_fl_uniformRowSampleGramDotWithComputedDen_rowGram_twoSidedLoewner_productGrid_ge_one_sub_delta_of_sum_coeff_add_frob_add_row_budget"",""seed"":""_private.NumStability.Algorithms.RandNLA.UniformRowSampling.0.NumStability.uniformRowTraceProbMass_two_point_factor""}]"	-	11	0	1
NumStability.countSketchUniformRowTraceProbability_eventProb_sparseStoredSignComputedPreconditioned_fl_uniformRowSampleGramDotWithComputedDen_rowGram_twoSidedLoewner_productGrid_ge_one_sub_sum_coeff_add_frob_add_row	NumStability.Algorithms.RandNLA.UniformRowSamplingFP	public	yes	reverse_dependent_boundary	_private.NumStability.Algorithms.RandNLA.UniformRowSampling.0.NumStability.uniformRowTraceProbMass_two_point_factor	"[{""depth"":9,""edge_kind"":""body"",""predecessor"":""NumStability.countSketchUniformRowTraceProbability_eventProb_sparseStoredSignComputedPreconditioned_fl_uniformRowSampleGramDotWithComputedDen_rowGram_twoSidedLoewner_cover_ge_one_sub_sum_coeff_add_frob_add_row"",""seed"":""_private.NumStability.Algorithms.RandNLA.UniformRowSampling.0.NumStability.uniformRowTraceProbMass_two_point_factor""}]"	-	9	0	1
NumStability.countSketchUniformRowTraceProbability_eventProb_sparseStoredSignComputedPreconditioned_fl_uniformRowSampleGramDotWithFlDivThenSqrtDen_rowGram_twoSidedLoewner_productGrid_ge_one_sub_delta_of_sum_coeff_add_frob_add_row_budget	NumStability.Algorithms.RandNLA.UniformRowSamplingFP	public	yes	reverse_dependent_boundary	_private.NumStability.Algorithms.RandNLA.UniformRowSampling.0.NumStability.uniformRowTraceProbMass_two_point_factor	"[{""depth"":11,""edge_kind"":""body"",""predecessor"":""NumStability.countSketchUniformRowTraceProbability_eventProb_sparseStoredSignComputedPreconditioned_fl_uniformRowSampleGramDotWithComputedDen_rowGram_twoSidedLoewner_productGrid_ge_one_sub_delta_of_sum_coeff_add_frob_add_row_budget"",""seed"":""_private.NumStability.Algorithms.RandNLA.UniformRowSampling.0.NumStability.uniformRowTraceProbMass_two_point_factor""}]"	-	11	0	1
NumStability.countSketchUniformRowTraceProbability_eventProb_sparseStoredSignComputedPreconditioned_fl_uniformRowSampleGramDotWithFlInvMulThenSqrtDen_rowGram_twoSidedLoewner_productGrid_ge_one_sub_delta_of_sum_coeff_add_frob_add_row_budget	NumStability.Algorithms.RandNLA.UniformRowSamplingFP	public	yes	reverse_dependent_boundary	_private.NumStability.Algorithms.RandNLA.UniformRowSampling.0.NumStability.uniformRowTraceProbMass_two_point_factor	"[{""depth"":11,""edge_kind"":""body"",""predecessor"":""NumStability.countSketchUniformRowTraceProbability_eventProb_sparseStoredSignComputedPreconditioned_fl_uniformRowSampleGramDotWithComputedDen_rowGram_twoSidedLoewner_productGrid_ge_one_sub_delta_of_sum_coeff_add_frob_add_row_budget"",""seed"":""_private.NumStability.Algorithms.RandNLA.UniformRowSampling.0.NumStability.uniformRowTraceProbMass_two_point_factor""}]"	-	11	0	1
NumStability.countSketchUniformRowTraceProbability_eventProb_sparseStoredSignComputedPreconditioned_fl_uniformRowSampleGramDotWithFlSqrtDivSqrtDen_rowGram_twoSidedLoewner_productGrid_ge_one_sub_delta_of_sum_coeff_add_frob_add_row_budget	NumStability.Algorithms.RandNLA.UniformRowSamplingFP	public	yes	reverse_dependent_boundary	_private.NumStability.Algorithms.RandNLA.UniformRowSampling.0.NumStability.uniformRowTraceProbMass_two_point_factor	"[{""depth"":11,""edge_kind"":""body"",""predecessor"":""NumStability.countSketchUniformRowTraceProbability_eventProb_sparseStoredSignComputedPreconditioned_fl_uniformRowSampleGramDotWithComputedDen_rowGram_twoSidedLoewner_productGrid_ge_one_sub_delta_of_sum_coeff_add_frob_add_row_budget"",""seed"":""_private.NumStability.Algorithms.RandNLA.UniformRowSampling.0.NumStability.uniformRowTraceProbMass_two_point_factor""}]"	-	11	0	1
NumStability.countSketchUniformRowTraceProbability_eventProb_sparseStoredSignComputedPreconditioned_fl_uniformRowSampleGramDotWithFlSqrtExactInputDen_rowGram_twoSidedLoewner_productGrid_ge_one_sub_delta_of_sum_coeff_add_frob_add_row_budget	NumStability.Algorithms.RandNLA.UniformRowSamplingFP	public	yes	reverse_dependent_boundary	_private.NumStability.Algorithms.RandNLA.UniformRowSampling.0.NumStability.uniformRowTraceProbMass_two_point_factor	"[{""depth"":11,""edge_kind"":""body"",""predecessor"":""NumStability.countSketchUniformRowTraceProbability_eventProb_sparseStoredSignComputedPreconditioned_fl_uniformRowSampleGramDotWithComputedDen_rowGram_twoSidedLoewner_productGrid_ge_one_sub_delta_of_sum_coeff_add_frob_add_row_budget"",""seed"":""_private.NumStability.Algorithms.RandNLA.UniformRowSampling.0.NumStability.uniformRowTraceProbMass_two_point_factor""}]"	-	11	0	1
NumStability.countSketchUniformRowTraceProbability_eventProb_sparseStoredSignComputedPreconditioned_fl_uniformRowSampleGramDotWithFlSqrtMulInvSqrtDen_rowGram_twoSidedLoewner_productGrid_ge_one_sub_delta_of_sum_coeff_add_frob_add_row_budget	NumStability.Algorithms.RandNLA.UniformRowSamplingFP	public	yes	reverse_dependent_boundary	_private.NumStability.Algorithms.RandNLA.UniformRowSampling.0.NumStability.uniformRowTraceProbMass_two_point_factor	"[{""depth"":11,""edge_kind"":""body"",""predecessor"":""NumStability.countSketchUniformRowTraceProbability_eventProb_sparseStoredSignComputedPreconditioned_fl_uniformRowSampleGramDotWithComputedDen_rowGram_twoSidedLoewner_productGrid_ge_one_sub_delta_of_sum_coeff_add_frob_add_row_budget"",""seed"":""_private.NumStability.Algorithms.RandNLA.UniformRowSampling.0.NumStability.uniformRowTraceProbMass_two_point_factor""}]"	-	11	0	1
NumStability.countSketchUniformRowTraceProbability_eventProb_sparseStoredSignComputedPreconditioned_fl_uniformRowSampleGramDotWithFlSqrtMulInvSqrtDen_rowGram_twoSidedLoewner_productGrid_ge_one_sub_delta_of_sum_gridNorm_add_nat_add_row_orthonormal_budget	NumStability.Algorithms.RandNLA.UniformRowSamplingFP	public	yes	reverse_dependent_boundary	_private.NumStability.Algorithms.RandNLA.UniformRowSampling.0.NumStability.uniformRowTraceProbMass_two_point_factor	"[{""depth"":12,""edge_kind"":""body"",""predecessor"":""NumStability.countSketchUniformRowTraceProbability_eventProb_sparseStoredSignComputedPreconditioned_fl_uniformRowSampleGramDotWithComputedDen_rowGram_twoSidedLoewner_productGrid_ge_one_sub_delta_of_sum_gridNorm_add_nat_add_row_orthonormal_budget"",""seed"":""_private.NumStability.Algorithms.RandNLA.UniformRowSampling.0.NumStability.uniformRowTraceProbMass_two_point_factor""}]"	-	12	0	1
NumStability.countSketchUniformRowTraceProbability_eventProb_sparseStoredSignPermutedComputedPreconditioned_factoredInput_fl_uniformRowSampleGramDotWithComputedDen_two_sided_finiteLoewnerLe_ge_one_sub_delta_of_square_inv_budget	NumStability.Algorithms.RandNLA.UniformRowSamplingFP	public	yes	reverse_dependent_boundary	_private.NumStability.Algorithms.RandNLA.UniformRowSampling.0.NumStability.uniformRowTraceProbMass_two_point_factor	"[{""depth"":10,""edge_kind"":""body"",""predecessor"":""NumStability.countSketchUniformRowTraceProbability_eventProb_sparseStoredSignPermutedComputedPreconditioned_factoredInput_fl_uniformRowSampleGramDotWithComputedDen_two_sided_finiteLoewnerLe_ge_one_sub_square_inv_add_delta"",""seed"":""_private.NumStability.Algorithms.RandNLA.UniformRowSampling.0.NumStability.uniformRowTraceProbMass_two_point_factor""}]"	-	10	0	1
NumStability.countSketchUniformRowTraceProbability_eventProb_sparseStoredSignPermutedComputedPreconditioned_factoredInput_fl_uniformRowSampleGramDotWithComputedDen_two_sided_finiteLoewnerLe_ge_one_sub_square_inv_add_delta	NumStability.Algorithms.RandNLA.UniformRowSamplingFP	public	yes	reverse_dependent_boundary	_private.NumStability.Algorithms.RandNLA.UniformRowSampling.0.NumStability.uniformRowTraceProbMass_two_point_factor	"[{""depth"":9,""edge_kind"":""body"",""predecessor"":""NumStability.countSketchUniformRowTraceProbability_eventProb_uniformRowFactoredInputSampleGram_two_sided_finiteLoewnerLe_ge_one_sub_square_inv_add_delta"",""seed"":""_private.NumStability.Algorithms.RandNLA.UniformRowSampling.0.NumStability.uniformRowTraceProbMass_two_point_factor""}]"	-	9	0	1
NumStability.countSketchUniformRowTraceProbability_eventProb_sparseStoredSignPermutedComputedPreconditioned_factoredInput_fl_uniformRowSampleGramDotWithFlSqrtMulInvSqrtDen_two_sided_finiteLoewnerLe_ge_one_sub_delta_of_square_inv_budget	NumStability.Algorithms.RandNLA.UniformRowSamplingFP	public	yes	reverse_dependent_boundary	_private.NumStability.Algorithms.RandNLA.UniformRowSampling.0.NumStability.uniformRowTraceProbMass_two_point_factor	"[{""depth"":11,""edge_kind"":""body"",""predecessor"":""NumStability.countSketchUniformRowTraceProbability_eventProb_sparseStoredSignPermutedComputedPreconditioned_factoredInput_fl_uniformRowSampleGramDotWithComputedDen_two_sided_finiteLoewnerLe_ge_one_sub_delta_of_square_inv_budget"",""seed"":""_private.NumStability.Algorithms.RandNLA.UniformRowSampling.0.NumStability.uniformRowTraceProbMass_two_point_factor""}]"	-	11	0	1
NumStability.countSketchUniformRowTraceProbability_eventProb_sparseStoredSignPermutedComputedPreconditioned_factoredInput_fl_uniformRowSampleGramDotWithFlSqrtMulInvSqrtDen_two_sided_finiteLoewnerLe_ge_one_sub_square_inv_add_delta	NumStability.Algorithms.RandNLA.UniformRowSamplingFP	public	yes	reverse_dependent_boundary	_private.NumStability.Algorithms.RandNLA.UniformRowSampling.0.NumStability.uniformRowTraceProbMass_two_point_factor	"[{""depth"":10,""edge_kind"":""body"",""predecessor"":""NumStability.countSketchUniformRowTraceProbability_eventProb_sparseStoredSignPermutedComputedPreconditioned_factoredInput_fl_uniformRowSampleGramDotWithComputedDen_two_sided_finiteLoewnerLe_ge_one_sub_square_inv_add_delta"",""seed"":""_private.NumStability.Algorithms.RandNLA.UniformRowSampling.0.NumStability.uniformRowTraceProbMass_two_point_factor""}]"	-	10	0	1
NumStability.countSketchUniformRowTraceProbability_eventProb_sparseStoredSignPermutedComputedPreconditioned_fl_uniformRowSampleGramDotWithComputedDen_rowGram_twoSidedLoewner_cover_ge_one_sub_sum_coeff_add_frob_add_row	NumStability.Algorithms.RandNLA.UniformRowSamplingFP	public	yes	reverse_dependent_boundary	_private.NumStability.Algorithms.RandNLA.UniformRowSampling.0.NumStability.uniformRowTraceProbMass_two_point_factor	"[{""depth"":8,""edge_kind"":""body"",""predecessor"":""NumStability.uniformRowTraceProbability_eventProb_uniformRowSampleGram_frob_error_le_ge_one_sub_frobNorm"",""seed"":""_private.NumStability.Algorithms.RandNLA.UniformRowSampling.0.NumStability.uniformRowTraceProbMass_two_point_factor""}]"	-	8	0	2
NumStability.countSketchUniformRowTraceProbability_eventProb_sparseStoredSignPermutedComputedPreconditioned_fl_uniformRowSampleGramDotWithComputedDen_rowGram_twoSidedLoewner_productGrid_ge_one_sub_delta_of_sum_coeff_add_frob_add_row_budget	NumStability.Algorithms.RandNLA.UniformRowSamplingFP	public	yes	reverse_dependent_boundary	_private.NumStability.Algorithms.RandNLA.UniformRowSampling.0.NumStability.uniformRowTraceProbMass_two_point_factor	"[{""depth"":10,""edge_kind"":""body"",""predecessor"":""NumStability.countSketchUniformRowTraceProbability_eventProb_sparseStoredSignPermutedComputedPreconditioned_fl_uniformRowSampleGramDotWithComputedDen_rowGram_twoSidedLoewner_productGrid_ge_one_sub_sum_coeff_add_frob_add_row"",""seed"":""_private.NumStability.Algorithms.RandNLA.UniformRowSampling.0.NumStability.uniformRowTraceProbMass_two_point_factor""}]"	-	10	0	1
NumStability.countSketchUniformRowTraceProbability_eventProb_sparseStoredSignPermutedComputedPreconditioned_fl_uniformRowSampleGramDotWithComputedDen_rowGram_twoSidedLoewner_productGrid_ge_one_sub_delta_of_sum_gridNorm_add_nat_add_row_orthonormal_budget	NumStability.Algorithms.RandNLA.UniformRowSamplingFP	public	yes	reverse_dependent_boundary	_private.NumStability.Algorithms.RandNLA.UniformRowSampling.0.NumStability.uniformRowTraceProbMass_two_point_factor	"[{""depth"":11,""edge_kind"":""body"",""predecessor"":""NumStability.countSketchUniformRowTraceProbability_eventProb_sparseStoredSignPermutedComputedPreconditioned_fl_uniformRowSampleGramDotWithComputedDen_rowGram_twoSidedLoewner_productGrid_ge_one_sub_delta_of_sum_coeff_add_frob_add_row_budget"",""seed"":""_private.NumStability.Algorithms.RandNLA.UniformRowSampling.0.NumStability.uniformRowTraceProbMass_two_point_factor""}]"	-	11	0	1
NumStability.countSketchUniformRowTraceProbability_eventProb_sparseStoredSignPermutedComputedPreconditioned_fl_uniformRowSampleGramDotWithComputedDen_rowGram_twoSidedLoewner_productGrid_ge_one_sub_sum_coeff_add_frob_add_row	NumStability.Algorithms.RandNLA.UniformRowSamplingFP	public	yes	reverse_dependent_boundary	_private.NumStability.Algorithms.RandNLA.UniformRowSampling.0.NumStability.uniformRowTraceProbMass_two_point_factor	"[{""depth"":9,""edge_kind"":""body"",""predecessor"":""NumStability.countSketchUniformRowTraceProbability_eventProb_sparseStoredSignPermutedComputedPreconditioned_fl_uniformRowSampleGramDotWithComputedDen_rowGram_twoSidedLoewner_cover_ge_one_sub_sum_coeff_add_frob_add_row"",""seed"":""_private.NumStability.Algorithms.RandNLA.UniformRowSampling.0.NumStability.uniformRowTraceProbMass_two_point_factor""}]"	-	9	0	1
NumStability.countSketchUniformRowTraceProbability_eventProb_sparseStoredSignPermutedComputedPreconditioned_fl_uniformRowSampleGramDotWithFlSqrtMulInvSqrtDen_rowGram_twoSidedLoewner_productGrid_ge_one_sub_delta_of_sum_coeff_add_frob_add_row_budget	NumStability.Algorithms.RandNLA.UniformRowSamplingFP	public	yes	reverse_dependent_boundary	_private.NumStability.Algorithms.RandNLA.UniformRowSampling.0.NumStability.uniformRowTraceProbMass_two_point_factor	"[{""depth"":11,""edge_kind"":""body"",""predecessor"":""NumStability.countSketchUniformRowTraceProbability_eventProb_sparseStoredSignPermutedComputedPreconditioned_fl_uniformRowSampleGramDotWithComputedDen_rowGram_twoSidedLoewner_productGrid_ge_one_sub_delta_of_sum_coeff_add_frob_add_row_budget"",""seed"":""_private.NumStability.Algorithms.RandNLA.UniformRowSampling.0.NumStability.uniformRowTraceProbMass_two_point_factor""}]"	-	11	0	1
NumStability.countSketchUniformRowTraceProbability_eventProb_sparseStoredSignPermutedComputedPreconditioned_fl_uniformRowSampleGramDotWithFlSqrtMulInvSqrtDen_rowGram_twoSidedLoewner_productGrid_ge_one_sub_delta_of_sum_gridNorm_add_nat_add_row_orthonormal_budget	NumStability.Algorithms.RandNLA.UniformRowSamplingFP	public	yes	reverse_dependent_boundary	_private.NumStability.Algorithms.RandNLA.UniformRowSampling.0.NumStability.uniformRowTraceProbMass_two_point_factor	"[{""depth"":12,""edge_kind"":""body"",""predecessor"":""NumStability.countSketchUniformRowTraceProbability_eventProb_sparseStoredSignPermutedComputedPreconditioned_fl_uniformRowSampleGramDotWithComputedDen_rowGram_twoSidedLoewner_productGrid_ge_one_sub_delta_of_sum_gridNorm_add_nat_add_row_orthonormal_budget"",""seed"":""_private.NumStability.Algorithms.RandNLA.UniformRowSampling.0.NumStability.uniformRowTraceProbMass_two_point_factor""}]"	-	12	0	1
NumStability.countSketchUniformRowTraceProbability_eventProb_sparseStoredSignTreeComputedPreconditioned_factoredInput_fl_uniformRowSampleGramDotWithComputedDen_two_sided_finiteLoewnerLe_ge_one_sub_delta_of_square_inv_budget	NumStability.Algorithms.RandNLA.UniformRowSamplingFP	public	yes	reverse_dependent_boundary	_private.NumStability.Algorithms.RandNLA.UniformRowSampling.0.NumStability.uniformRowTraceProbMass_two_point_factor	"[{""depth"":10,""edge_kind"":""body"",""predecessor"":""NumStability.countSketchUniformRowTraceProbability_eventProb_sparseStoredSignTreeComputedPreconditioned_factoredInput_fl_uniformRowSampleGramDotWithComputedDen_two_sided_finiteLoewnerLe_ge_one_sub_square_inv_add_delta"",""seed"":""_private.NumStability.Algorithms.RandNLA.UniformRowSampling.0.NumStability.uniformRowTraceProbMass_two_point_factor""}]"	-	10	0	1
NumStability.countSketchUniformRowTraceProbability_eventProb_sparseStoredSignTreeComputedPreconditioned_factoredInput_fl_uniformRowSampleGramDotWithComputedDen_two_sided_finiteLoewnerLe_ge_one_sub_square_inv_add_delta	NumStability.Algorithms.RandNLA.UniformRowSamplingFP	public	yes	reverse_dependent_boundary	_private.NumStability.Algorithms.RandNLA.UniformRowSampling.0.NumStability.uniformRowTraceProbMass_two_point_factor	"[{""depth"":9,""edge_kind"":""body"",""predecessor"":""NumStability.countSketchUniformRowTraceProbability_eventProb_uniformRowFactoredInputSampleGram_two_sided_finiteLoewnerLe_ge_one_sub_square_inv_add_delta"",""seed"":""_private.NumStability.Algorithms.RandNLA.UniformRowSampling.0.NumStability.uniformRowTraceProbMass_two_point_factor""}]"	-	9	0	1
NumStability.countSketchUniformRowTraceProbability_eventProb_sparseStoredSignTreeComputedPreconditioned_factoredInput_fl_uniformRowSampleGramDotWithFlSqrtMulInvSqrtDen_two_sided_finiteLoewnerLe_ge_one_sub_delta_of_square_inv_budget	NumStability.Algorithms.RandNLA.UniformRowSamplingFP	public	yes	reverse_dependent_boundary	_private.NumStability.Algorithms.RandNLA.UniformRowSampling.0.NumStability.uniformRowTraceProbMass_two_point_factor	"[{""depth"":11,""edge_kind"":""body"",""predecessor"":""NumStability.countSketchUniformRowTraceProbability_eventProb_sparseStoredSignTreeComputedPreconditioned_factoredInput_fl_uniformRowSampleGramDotWithComputedDen_two_sided_finiteLoewnerLe_ge_one_sub_delta_of_square_inv_budget"",""seed"":""_private.NumStability.Algorithms.RandNLA.UniformRowSampling.0.NumStability.uniformRowTraceProbMass_two_point_factor""}]"	-	11	0	1
NumStability.countSketchUniformRowTraceProbability_eventProb_sparseStoredSignTreeComputedPreconditioned_factoredInput_fl_uniformRowSampleGramDotWithFlSqrtMulInvSqrtDen_two_sided_finiteLoewnerLe_ge_one_sub_square_inv_add_delta	NumStability.Algorithms.RandNLA.UniformRowSamplingFP	public	yes	reverse_dependent_boundary	_private.NumStability.Algorithms.RandNLA.UniformRowSampling.0.NumStability.uniformRowTraceProbMass_two_point_factor	"[{""depth"":10,""edge_kind"":""body"",""predecessor"":""NumStability.countSketchUniformRowTraceProbability_eventProb_sparseStoredSignTreeComputedPreconditioned_factoredInput_fl_uniformRowSampleGramDotWithComputedDen_two_sided_finiteLoewnerLe_ge_one_sub_square_inv_add_delta"",""seed"":""_private.NumStability.Algorithms.RandNLA.UniformRowSampling.0.NumStability.uniformRowTraceProbMass_two_point_factor""}]"	-	10	0	1
NumStability.countSketchUniformRowTraceProbability_eventProb_sparseStoredSignTreeComputedPreconditioned_fl_uniformRowSampleGramDotWithComputedDen_rowGram_twoSidedLoewner_cover_ge_one_sub_sum_coeff_add_frob_add_row	NumStability.Algorithms.RandNLA.UniformRowSamplingFP	public	yes	reverse_dependent_boundary	_private.NumStability.Algorithms.RandNLA.UniformRowSampling.0.NumStability.uniformRowTraceProbMass_two_point_factor	"[{""depth"":8,""edge_kind"":""body"",""predecessor"":""NumStability.uniformRowTraceProbability_eventProb_uniformRowSampleGram_frob_error_le_ge_one_sub_frobNorm"",""seed"":""_private.NumStability.Algorithms.RandNLA.UniformRowSampling.0.NumStability.uniformRowTraceProbMass_two_point_factor""}]"	-	8	0	2
NumStability.countSketchUniformRowTraceProbability_eventProb_sparseStoredSignTreeComputedPreconditioned_fl_uniformRowSampleGramDotWithComputedDen_rowGram_twoSidedLoewner_productGrid_ge_one_sub_delta_of_sum_coeff_add_frob_add_row_budget	NumStability.Algorithms.RandNLA.UniformRowSamplingFP	public	yes	reverse_dependent_boundary	_private.NumStability.Algorithms.RandNLA.UniformRowSampling.0.NumStability.uniformRowTraceProbMass_two_point_factor	"[{""depth"":10,""edge_kind"":""body"",""predecessor"":""NumStability.countSketchUniformRowTraceProbability_eventProb_sparseStoredSignTreeComputedPreconditioned_fl_uniformRowSampleGramDotWithComputedDen_rowGram_twoSidedLoewner_productGrid_ge_one_sub_sum_coeff_add_frob_add_row"",""seed"":""_private.NumStability.Algorithms.RandNLA.UniformRowSampling.0.NumStability.uniformRowTraceProbMass_two_point_factor""}]"	-	10	0	1
NumStability.countSketchUniformRowTraceProbability_eventProb_sparseStoredSignTreeComputedPreconditioned_fl_uniformRowSampleGramDotWithComputedDen_rowGram_twoSidedLoewner_productGrid_ge_one_sub_delta_of_sum_gridNorm_add_nat_add_row_orthonormal_budget	NumStability.Algorithms.RandNLA.UniformRowSamplingFP	public	yes	reverse_dependent_boundary	_private.NumStability.Algorithms.RandNLA.UniformRowSampling.0.NumStability.uniformRowTraceProbMass_two_point_factor	"[{""depth"":11,""edge_kind"":""body"",""predecessor"":""NumStability.countSketchUniformRowTraceProbability_eventProb_sparseStoredSignTreeComputedPreconditioned_fl_uniformRowSampleGramDotWithComputedDen_rowGram_twoSidedLoewner_productGrid_ge_one_sub_delta_of_sum_coeff_add_frob_add_row_budget"",""seed"":""_private.NumStability.Algorithms.RandNLA.UniformRowSampling.0.NumStability.uniformRowTraceProbMass_two_point_factor""}]"	-	11	0	1
NumStability.countSketchUniformRowTraceProbability_eventProb_sparseStoredSignTreeComputedPreconditioned_fl_uniformRowSampleGramDotWithComputedDen_rowGram_twoSidedLoewner_productGrid_ge_one_sub_sum_coeff_add_frob_add_row	NumStability.Algorithms.RandNLA.UniformRowSamplingFP	public	yes	reverse_dependent_boundary	_private.NumStability.Algorithms.RandNLA.UniformRowSampling.0.NumStability.uniformRowTraceProbMass_two_point_factor	"[{""depth"":9,""edge_kind"":""body"",""predecessor"":""NumStability.countSketchUniformRowTraceProbability_eventProb_sparseStoredSignTreeComputedPreconditioned_fl_uniformRowSampleGramDotWithComputedDen_rowGram_twoSidedLoewner_cover_ge_one_sub_sum_coeff_add_frob_add_row"",""seed"":""_private.NumStability.Algorithms.RandNLA.UniformRowSampling.0.NumStability.uniformRowTraceProbMass_two_point_factor""}]"	-	9	0	1
NumStability.countSketchUniformRowTraceProbability_eventProb_sparseStoredSignTreeComputedPreconditioned_fl_uniformRowSampleGramDotWithFlSqrtMulInvSqrtDen_rowGram_twoSidedLoewner_productGrid_ge_one_sub_delta_of_sum_coeff_add_frob_add_row_budget	NumStability.Algorithms.RandNLA.UniformRowSamplingFP	public	yes	reverse_dependent_boundary	_private.NumStability.Algorithms.RandNLA.UniformRowSampling.0.NumStability.uniformRowTraceProbMass_two_point_factor	"[{""depth"":11,""edge_kind"":""body"",""predecessor"":""NumStability.countSketchUniformRowTraceProbability_eventProb_sparseStoredSignTreeComputedPreconditioned_fl_uniformRowSampleGramDotWithComputedDen_rowGram_twoSidedLoewner_productGrid_ge_one_sub_delta_of_sum_coeff_add_frob_add_row_budget"",""seed"":""_private.NumStability.Algorithms.RandNLA.UniformRowSampling.0.NumStability.uniformRowTraceProbMass_two_point_factor""}]"	-	11	0	1
NumStability.countSketchUniformRowTraceProbability_eventProb_sparseStoredSignTreeComputedPreconditioned_fl_uniformRowSampleGramDotWithFlSqrtMulInvSqrtDen_rowGram_twoSidedLoewner_productGrid_ge_one_sub_delta_of_sum_gridNorm_add_nat_add_row_orthonormal_budget	NumStability.Algorithms.RandNLA.UniformRowSamplingFP	public	yes	reverse_dependent_boundary	_private.NumStability.Algorithms.RandNLA.UniformRowSampling.0.NumStability.uniformRowTraceProbMass_two_point_factor	"[{""depth"":12,""edge_kind"":""body"",""predecessor"":""NumStability.countSketchUniformRowTraceProbability_eventProb_sparseStoredSignTreeComputedPreconditioned_fl_uniformRowSampleGramDotWithComputedDen_rowGram_twoSidedLoewner_productGrid_ge_one_sub_delta_of_sum_gridNorm_add_nat_add_row_orthonormal_budget"",""seed"":""_private.NumStability.Algorithms.RandNLA.UniformRowSampling.0.NumStability.uniformRowTraceProbMass_two_point_factor""}]"	-	12	0	1
NumStability.countSketchUniformRowTraceProbability_eventProb_uniformRowFactoredInputSampleGram_two_sided_finiteLoewnerLe_ge_one_sub_square_inv_add_delta	NumStability.Algorithms.RandNLA.UniformRowSamplingFP	public	yes	reverse_dependent_boundary	_private.NumStability.Algorithms.RandNLA.UniformRowSampling.0.NumStability.uniformRowTraceProbMass_two_point_factor	"[{""depth"":8,""edge_kind"":""body"",""predecessor"":""NumStability.countSketchUniformRowTraceProbability_eventProb_uniformRowSampleGram_two_sided_finiteLoewnerLe_ge_one_sub_square_inv_add_delta"",""seed"":""_private.NumStability.Algorithms.RandNLA.UniformRowSampling.0.NumStability.uniformRowTraceProbMass_two_point_factor""}]"	-	8	0	1
NumStability.countSketchUniformRowTraceProbability_eventProb_uniformRowSampleGram_rowGram_frob_error_le_ge_one_sub	NumStability.Algorithms.RandNLA.UniformRowSamplingFP	public	yes	reverse_dependent_boundary	_private.NumStability.Algorithms.RandNLA.UniformRowSampling.0.NumStability.uniformRowTraceProbMass_two_point_factor	"[{""depth"":8,""edge_kind"":""body"",""predecessor"":""NumStability.uniformRowTraceProbability_eventProb_uniformRowSampleGram_frob_error_le_ge_one_sub_frobNorm"",""seed"":""_private.NumStability.Algorithms.RandNLA.UniformRowSampling.0.NumStability.uniformRowTraceProbMass_two_point_factor""}]"	-	8	0	2
NumStability.countSketchUniformRowTraceProbability_eventProb_uniformRowSampleGram_two_sided_finiteLoewnerLe_ge_one_sub_square_inv_add_delta	NumStability.Algorithms.RandNLA.UniformRowSamplingComposition	public	yes	reverse_dependent_boundary	_private.NumStability.Algorithms.RandNLA.UniformRowSampling.0.NumStability.uniformRowTraceProbMass_two_point_factor	"[{""depth"":7,""edge_kind"":""body"",""predecessor"":""NumStability.countSketchHashProbability_eventProb_injective_ge_one_sub_square_inv"",""seed"":""_private.NumStability.Algorithms.RandNLA.UniformRowSampling.0.NumStability.uniformRowTraceProbMass_two_point_factor""}]"	-	7	0	1
NumStability.leverageTraceProbability_eventProb_fl_lsObjective_le_one_add_eta_of_augmentedSpan	NumStability.Algorithms.RandNLA.LeastSquaresSketch	public	yes	reverse_dependent_boundary	_private.NumStability.Algorithms.RandNLA.RowSamplingGram.0.NumStability.rowSqNormTraceProbMass_two_point_factor	"[{""depth"":12,""edge_kind"":""body"",""predecessor"":""NumStability.leverageTraceProbability_eventProb_fl_lsObjective_le_one_add_eta_of_coordinate_quadratic_error"",""seed"":""_private.NumStability.Algorithms.RandNLA.RowSamplingGram.0.NumStability.rowSqNormTraceProbMass_two_point_factor""}]"	-	12	0	1
NumStability.leverageTraceProbability_eventProb_fl_lsObjective_le_one_add_eta_of_coordinate_quadratic_error	NumStability.Algorithms.RandNLA.LeastSquaresSketch	public	yes	reverse_dependent_boundary	_private.NumStability.Algorithms.RandNLA.RowSamplingGram.0.NumStability.rowSqNormTraceProbMass_two_point_factor	"[{""depth"":11,""edge_kind"":""body"",""predecessor"":""NumStability.leverageTraceProbability_eventProb_fl_rowSampleGramDot_opNorm2_error_le_epsilon_add_budget"",""seed"":""_private.NumStability.Algorithms.RandNLA.RowSamplingGram.0.NumStability.rowSqNormTraceProbMass_two_point_factor""}]"	-	11	0	1
NumStability.leverageTraceProbability_eventProb_fl_lsObjective_le_one_add_eta_of_idBasis	NumStability.Algorithms.RandNLA.LeastSquaresSketch	public	yes	reverse_dependent_boundary	_private.NumStability.Algorithms.RandNLA.RowSamplingGram.0.NumStability.rowSqNormTraceProbMass_two_point_factor	"[{""depth"":12,""edge_kind"":""body"",""predecessor"":""NumStability.leverageTraceProbability_eventProb_fl_lsObjective_le_one_add_eta_of_coordinate_quadratic_error"",""seed"":""_private.NumStability.Algorithms.RandNLA.RowSamplingGram.0.NumStability.rowSqNormTraceProbMass_two_point_factor""}]"	-	12	0	1
NumStability.leverageTraceProbability_eventProb_fl_rowSampleGramDot_opNorm2_error_le_epsilon_add_budget	NumStability.Algorithms.RandNLA.RowSamplingLeverage	public	yes	reverse_dependent_boundary	_private.NumStability.Algorithms.RandNLA.RowSamplingGram.0.NumStability.rowSqNormTraceProbMass_two_point_factor	"[{""depth"":10,""edge_kind"":""body"",""predecessor"":""NumStability.rowSqNormTraceProbability_eventProb_fl_rowSampleGramDot_frob_error_le_epsilon_add_explicit_budget"",""seed"":""_private.NumStability.Algorithms.RandNLA.RowSamplingGram.0.NumStability.rowSqNormTraceProbMass_two_point_factor""}]"	-	10	0	1
NumStability.leverageTraceProbability_eventProb_lsObjective_le_one_add_eta_of_coordinate_quadratic_error	NumStability.Algorithms.RandNLA.LeastSquaresSketch	public	yes	reverse_dependent_boundary	_private.NumStability.Algorithms.RandNLA.RowSamplingGram.0.NumStability.rowSqNormTraceProbMass_two_point_factor	"[{""depth"":9,""edge_kind"":""body"",""predecessor"":""NumStability.leverageTraceProbability_eventProb_rowSampleGram_opNorm2_error_le_epsilon"",""seed"":""_private.NumStability.Algorithms.RandNLA.RowSamplingGram.0.NumStability.rowSqNormTraceProbMass_two_point_factor""}]"	-	9	0	1
NumStability.leverageTraceProbability_eventProb_rowSampleGram_opNorm2_error_le_epsilon	NumStability.Algorithms.RandNLA.RowSamplingLeverage	public	yes	reverse_dependent_boundary	_private.NumStability.Algorithms.RandNLA.RowSamplingGram.0.NumStability.rowSqNormTraceProbMass_two_point_factor	"[{""depth"":8,""edge_kind"":""body"",""predecessor"":""NumStability.rowSqNormTraceProbability_eventProb_rowSampleGram_frob_error_le_epsilon"",""seed"":""_private.NumStability.Algorithms.RandNLA.RowSamplingGram.0.NumStability.rowSqNormTraceProbMass_two_point_factor""}]"	-	8	0	1
NumStability.leverageTraceProbability_eventProb_rowSampleLSObjective_le_one_add_eta_of_augmentedSpan	NumStability.Algorithms.RandNLA.LeastSquaresSketch	public	yes	reverse_dependent_boundary	_private.NumStability.Algorithms.RandNLA.RowSamplingGram.0.NumStability.rowSqNormTraceProbMass_two_point_factor	"[{""depth"":12,""edge_kind"":""body"",""predecessor"":""NumStability.leverageTraceProbability_eventProb_rowSampleLSObjective_le_one_add_eta_of_residualsInColumnSpace"",""seed"":""_private.NumStability.Algorithms.RandNLA.RowSamplingGram.0.NumStability.rowSqNormTraceProbMass_two_point_factor""}]"	-	12	0	1
NumStability.leverageTraceProbability_eventProb_rowSampleLSObjective_le_one_add_eta_of_idBasis	NumStability.Algorithms.RandNLA.LeastSquaresSketch	public	yes	reverse_dependent_boundary	_private.NumStability.Algorithms.RandNLA.RowSamplingGram.0.NumStability.rowSqNormTraceProbMass_two_point_factor	"[{""depth"":12,""edge_kind"":""body"",""predecessor"":""NumStability.leverageTraceProbability_eventProb_rowSampleLSObjective_le_one_add_eta_of_residualsInColumnSpace"",""seed"":""_private.NumStability.Algorithms.RandNLA.RowSamplingGram.0.NumStability.rowSqNormTraceProbMass_two_point_factor""}]"	-	12	0	1
NumStability.leverageTraceProbability_eventProb_rowSampleLSObjective_le_one_add_eta_of_residual_coordinates	NumStability.Algorithms.RandNLA.LeastSquaresSketch	public	yes	reverse_dependent_boundary	_private.NumStability.Algorithms.RandNLA.RowSamplingGram.0.NumStability.rowSqNormTraceProbMass_two_point_factor	"[{""depth"":10,""edge_kind"":""body"",""predecessor"":""NumStability.leverageTraceProbability_eventProb_lsObjective_le_one_add_eta_of_coordinate_quadratic_error"",""seed"":""_private.NumStability.Algorithms.RandNLA.RowSamplingGram.0.NumStability.rowSqNormTraceProbMass_two_point_factor""}]"	-	10	0	1
NumStability.leverageTraceProbability_eventProb_rowSampleLSObjective_le_one_add_eta_of_residualsInColumnSpace	NumStability.Algorithms.RandNLA.LeastSquaresSketch	public	yes	reverse_dependent_boundary	_private.NumStability.Algorithms.RandNLA.RowSamplingGram.0.NumStability.rowSqNormTraceProbMass_two_point_factor	"[{""depth"":11,""edge_kind"":""body"",""predecessor"":""NumStability.leverageTraceProbability_eventProb_rowSampleLSObjective_le_one_add_eta_of_residual_coordinates"",""seed"":""_private.NumStability.Algorithms.RandNLA.RowSamplingGram.0.NumStability.rowSqNormTraceProbMass_two_point_factor""}]"	-	11	0	1
NumStability.rowSqNormTraceProbMass_marginal_two_ne	NumStability.Algorithms.RandNLA.RowSamplingGram	public	yes	reverse_dependent_boundary	_private.NumStability.Algorithms.RandNLA.RowSamplingGram.0.NumStability.rowSqNormTraceProbMass_two_point_factor	"[{""depth"":1,""edge_kind"":""body"",""predecessor"":""_private.NumStability.Algorithms.RandNLA.RowSamplingGram.0.NumStability.rowSqNormTraceProbMass_two_point_factor"",""seed"":""_private.NumStability.Algorithms.RandNLA.RowSamplingGram.0.NumStability.rowSqNormTraceProbMass_two_point_factor""}]"	_private.NumStability.Algorithms.RandNLA.RowSamplingGram.0.NumStability.rowSqNormTraceProbMass_two_point_factor	1	0	1
NumStability.rowSqNormTraceProbability_eventProb_computedGram_frob_error_le_epsilon_add_tau	NumStability.Algorithms.RandNLA.RowSamplingGram	public	yes	reverse_dependent_boundary	_private.NumStability.Algorithms.RandNLA.RowSamplingGram.0.NumStability.rowSqNormTraceProbMass_two_point_factor	"[{""depth"":8,""edge_kind"":""body"",""predecessor"":""NumStability.rowSqNormTraceProbability_eventProb_rowSampleGram_frob_error_le_epsilon"",""seed"":""_private.NumStability.Algorithms.RandNLA.RowSamplingGram.0.NumStability.rowSqNormTraceProbMass_two_point_factor""}]"	_private.NumStability.Algorithms.RandNLA.RowSamplingGram.0.NumStability.rowSqNormTraceProbMass_two_point_factor	8	0	1
NumStability.rowSqNormTraceProbability_eventProb_fl_rowSampleGramDotWithComputedDen_frob_error_le_epsilon_add_explicit_budget	NumStability.Algorithms.RandNLA.RowSamplingGram	public	yes	reverse_dependent_boundary	_private.NumStability.Algorithms.RandNLA.RowSamplingGram.0.NumStability.rowSqNormTraceProbMass_two_point_factor	"[{""depth"":9,""edge_kind"":""body"",""predecessor"":""NumStability.rowSqNormTraceProbability_eventProb_computedGram_frob_error_le_epsilon_add_tau"",""seed"":""_private.NumStability.Algorithms.RandNLA.RowSamplingGram.0.NumStability.rowSqNormTraceProbMass_two_point_factor""}]"	_private.NumStability.Algorithms.RandNLA.RowSamplingGram.0.NumStability.rowSqNormTraceProbMass_two_point_factor	9	0	1
NumStability.rowSqNormTraceProbability_eventProb_fl_rowSampleGramDot_frob_error_le_epsilon_add_explicit_budget	NumStability.Algorithms.RandNLA.RowSamplingGram	public	yes	reverse_dependent_boundary	_private.NumStability.Algorithms.RandNLA.RowSamplingGram.0.NumStability.rowSqNormTraceProbMass_two_point_factor	"[{""depth"":9,""edge_kind"":""body"",""predecessor"":""NumStability.rowSqNormTraceProbability_eventProb_computedGram_frob_error_le_epsilon_add_tau"",""seed"":""_private.NumStability.Algorithms.RandNLA.RowSamplingGram.0.NumStability.rowSqNormTraceProbMass_two_point_factor""}]"	_private.NumStability.Algorithms.RandNLA.RowSamplingGram.0.NumStability.rowSqNormTraceProbMass_two_point_factor	9	0	1
NumStability.rowSqNormTraceProbability_eventProb_fl_rowSampleGramWithComputedDen_frob_error_le_epsilon_add_explicit_budget	NumStability.Algorithms.RandNLA.RowSamplingGram	public	yes	reverse_dependent_boundary	_private.NumStability.Algorithms.RandNLA.RowSamplingGram.0.NumStability.rowSqNormTraceProbMass_two_point_factor	"[{""depth"":9,""edge_kind"":""body"",""predecessor"":""NumStability.rowSqNormTraceProbability_eventProb_computedGram_frob_error_le_epsilon_add_tau"",""seed"":""_private.NumStability.Algorithms.RandNLA.RowSamplingGram.0.NumStability.rowSqNormTraceProbMass_two_point_factor""}]"	_private.NumStability.Algorithms.RandNLA.RowSamplingGram.0.NumStability.rowSqNormTraceProbMass_two_point_factor	9	0	1
NumStability.rowSqNormTraceProbability_eventProb_fl_rowSampleGram_frob_error_le_epsilon_add_explicit_budget	NumStability.Algorithms.RandNLA.RowSamplingGram	public	yes	reverse_dependent_boundary	_private.NumStability.Algorithms.RandNLA.RowSamplingGram.0.NumStability.rowSqNormTraceProbMass_two_point_factor	"[{""depth"":10,""edge_kind"":""body"",""predecessor"":""NumStability.rowSqNormTraceProbability_eventProb_fl_rowSampleGram_frob_error_le_epsilon_add_tau"",""seed"":""_private.NumStability.Algorithms.RandNLA.RowSamplingGram.0.NumStability.rowSqNormTraceProbMass_two_point_factor""}]"	_private.NumStability.Algorithms.RandNLA.RowSamplingGram.0.NumStability.rowSqNormTraceProbMass_two_point_factor	10	0	1
NumStability.rowSqNormTraceProbability_eventProb_fl_rowSampleGram_frob_error_le_epsilon_add_scaling_budget	NumStability.Algorithms.RandNLA.RowSamplingGram	public	yes	reverse_dependent_boundary	_private.NumStability.Algorithms.RandNLA.RowSamplingGram.0.NumStability.rowSqNormTraceProbMass_two_point_factor	"[{""depth"":11,""edge_kind"":""body"",""predecessor"":""NumStability.rowSqNormTraceProbability_eventProb_fl_rowSampleGram_frob_error_le_epsilon_add_explicit_budget"",""seed"":""_private.NumStability.Algorithms.RandNLA.RowSamplingGram.0.NumStability.rowSqNormTraceProbMass_two_point_factor""}]"	_private.NumStability.Algorithms.RandNLA.RowSamplingGram.0.NumStability.rowSqNormTraceProbMass_two_point_factor	11	0	1
NumStability.rowSqNormTraceProbability_eventProb_fl_rowSampleGram_frob_error_le_epsilon_add_tau	NumStability.Algorithms.RandNLA.RowSamplingGram	public	yes	reverse_dependent_boundary	_private.NumStability.Algorithms.RandNLA.RowSamplingGram.0.NumStability.rowSqNormTraceProbMass_two_point_factor	"[{""depth"":9,""edge_kind"":""body"",""predecessor"":""NumStability.rowSqNormTraceProbability_eventProb_rowSketchGram_frob_error_le_epsilon_add_tau"",""seed"":""_private.NumStability.Algorithms.RandNLA.RowSamplingGram.0.NumStability.rowSqNormTraceProbMass_two_point_factor""}]"	_private.NumStability.Algorithms.RandNLA.RowSamplingGram.0.NumStability.rowSqNormTraceProbMass_two_point_factor	9	0	1
NumStability.rowSqNormTraceProbability_eventProb_fl_rowSampleGram_frob_error_le_epsilon_add_tau_dot_zero	NumStability.Algorithms.RandNLA.RowSamplingGram	public	yes	reverse_dependent_boundary	_private.NumStability.Algorithms.RandNLA.RowSamplingGram.0.NumStability.rowSqNormTraceProbMass_two_point_factor	"[{""depth"":12,""edge_kind"":""body"",""predecessor"":""NumStability.rowSqNormTraceProbability_eventProb_fl_rowSampleGram_frob_error_le_epsilon_add_scaling_budget"",""seed"":""_private.NumStability.Algorithms.RandNLA.RowSamplingGram.0.NumStability.rowSqNormTraceProbMass_two_point_factor""}]"	_private.NumStability.Algorithms.RandNLA.RowSamplingGram.0.NumStability.rowSqNormTraceProbMass_two_point_factor	12	0	1
NumStability.rowSqNormTraceProbability_eventProb_fl_rowSampleGram_frob_error_le_epsilon_add_tau_of_entrywise_budget	NumStability.Algorithms.RandNLA.RowSamplingGram	public	yes	reverse_dependent_boundary	_private.NumStability.Algorithms.RandNLA.RowSamplingGram.0.NumStability.rowSqNormTraceProbMass_two_point_factor	"[{""depth"":11,""edge_kind"":""body"",""predecessor"":""NumStability.rowSqNormTraceProbability_eventProb_fl_rowSampleGram_frob_error_le_epsilon_add_tau_of_forall"",""seed"":""_private.NumStability.Algorithms.RandNLA.RowSamplingGram.0.NumStability.rowSqNormTraceProbMass_two_point_factor""}]"	_private.NumStability.Algorithms.RandNLA.RowSamplingGram.0.NumStability.rowSqNormTraceProbMass_two_point_factor	11	0	1
NumStability.rowSqNormTraceProbability_eventProb_fl_rowSampleGram_frob_error_le_epsilon_add_tau_of_forall	NumStability.Algorithms.RandNLA.RowSamplingGram	public	yes	reverse_dependent_boundary	_private.NumStability.Algorithms.RandNLA.RowSamplingGram.0.NumStability.rowSqNormTraceProbMass_two_point_factor	"[{""depth"":10,""edge_kind"":""body"",""predecessor"":""NumStability.rowSqNormTraceProbability_eventProb_fl_rowSampleGram_frob_error_le_epsilon_add_tau"",""seed"":""_private.NumStability.Algorithms.RandNLA.RowSamplingGram.0.NumStability.rowSqNormTraceProbMass_two_point_factor""}]"	_private.NumStability.Algorithms.RandNLA.RowSamplingGram.0.NumStability.rowSqNormTraceProbMass_two_point_factor	10	0	1
NumStability.rowSqNormTraceProbability_eventProb_rowSampleGram_frob_error_le_epsilon	NumStability.Algorithms.RandNLA.RowSamplingGram	public	yes	reverse_dependent_boundary	_private.NumStability.Algorithms.RandNLA.RowSamplingGram.0.NumStability.rowSqNormTraceProbMass_two_point_factor	"[{""depth"":7,""edge_kind"":""body"",""predecessor"":""NumStability.rowSqNormTraceProbability_eventProb_rowSampleGram_frob_error_le_ge_one_sub"",""seed"":""_private.NumStability.Algorithms.RandNLA.RowSamplingGram.0.NumStability.rowSqNormTraceProbMass_two_point_factor""}]"	_private.NumStability.Algorithms.RandNLA.RowSamplingGram.0.NumStability.rowSqNormTraceProbMass_two_point_factor	7	0	1
NumStability.rowSqNormTraceProbability_eventProb_rowSampleGram_frob_error_le_epsilon_of_budget	NumStability.Algorithms.RandNLA.RowSamplingGram	public	yes	reverse_dependent_boundary	_private.NumStability.Algorithms.RandNLA.RowSamplingGram.0.NumStability.rowSqNormTraceProbMass_two_point_factor	"[{""depth"":8,""edge_kind"":""body"",""predecessor"":""NumStability.rowSqNormTraceProbability_eventProb_rowSampleGram_frob_error_le_epsilon"",""seed"":""_private.NumStability.Algorithms.RandNLA.RowSamplingGram.0.NumStability.rowSqNormTraceProbMass_two_point_factor""}]"	_private.NumStability.Algorithms.RandNLA.RowSamplingGram.0.NumStability.rowSqNormTraceProbMass_two_point_factor	8	0	1
NumStability.rowSqNormTraceProbability_eventProb_rowSampleGram_frob_error_le_ge_one_sub	NumStability.Algorithms.RandNLA.RowSamplingGram	public	yes	reverse_dependent_boundary	_private.NumStability.Algorithms.RandNLA.RowSamplingGram.0.NumStability.rowSqNormTraceProbMass_two_point_factor	"[{""depth"":6,""edge_kind"":""body"",""predecessor"":""NumStability.rowSqNormTraceProbability_expectationReal_rowSampleGram_frob_error_sq_le"",""seed"":""_private.NumStability.Algorithms.RandNLA.RowSamplingGram.0.NumStability.rowSqNormTraceProbMass_two_point_factor""}]"	_private.NumStability.Algorithms.RandNLA.RowSamplingGram.0.NumStability.rowSqNormTraceProbMass_two_point_factor	6	0	1
NumStability.rowSqNormTraceProbability_eventProb_rowSketchGram_frob_error_le_epsilon_add_tau	NumStability.Algorithms.RandNLA.RowSamplingGram	public	yes	reverse_dependent_boundary	_private.NumStability.Algorithms.RandNLA.RowSamplingGram.0.NumStability.rowSqNormTraceProbMass_two_point_factor	"[{""depth"":8,""edge_kind"":""body"",""predecessor"":""NumStability.rowSqNormTraceProbability_eventProb_rowSampleGram_frob_error_le_epsilon"",""seed"":""_private.NumStability.Algorithms.RandNLA.RowSamplingGram.0.NumStability.rowSqNormTraceProbMass_two_point_factor""}]"	_private.NumStability.Algorithms.RandNLA.RowSamplingGram.0.NumStability.rowSqNormTraceProbMass_two_point_factor	8	0	1
NumStability.rowSqNormTraceProbability_expectationReal_centered_sum_sq	NumStability.Algorithms.RandNLA.RowSamplingGram	public	yes	reverse_dependent_boundary	_private.NumStability.Algorithms.RandNLA.RowSamplingGram.0.NumStability.rowSqNormTraceProbMass_two_point_factor	"[{""depth"":2,""edge_kind"":""body"",""predecessor"":""NumStability.rowSqNormTraceProbMass_marginal_two_ne"",""seed"":""_private.NumStability.Algorithms.RandNLA.RowSamplingGram.0.NumStability.rowSqNormTraceProbMass_two_point_factor""}]"	_private.NumStability.Algorithms.RandNLA.RowSamplingGram.0.NumStability.rowSqNormTraceProbMass_two_point_factor	2	0	1
NumStability.rowSqNormTraceProbability_expectationReal_fl_rowSampleGram_frob_error_le_add_perturb	NumStability.Algorithms.RandNLA.RowSamplingGram	public	yes	reverse_dependent_boundary	_private.NumStability.Algorithms.RandNLA.RowSamplingGram.0.NumStability.rowSqNormTraceProbMass_two_point_factor	"[{""depth"":8,""edge_kind"":""body"",""predecessor"":""NumStability.rowSqNormTraceProbability_expectationReal_rowSketchGram_frob_error_le_add_perturb"",""seed"":""_private.NumStability.Algorithms.RandNLA.RowSamplingGram.0.NumStability.rowSqNormTraceProbMass_two_point_factor""}]"	_private.NumStability.Algorithms.RandNLA.RowSamplingGram.0.NumStability.rowSqNormTraceProbMass_two_point_factor	8	0	1
NumStability.rowSqNormTraceProbability_expectationReal_rowSampleGram_entry_error_sq	NumStability.Algorithms.RandNLA.RowSamplingGram	public	yes	reverse_dependent_boundary	_private.NumStability.Algorithms.RandNLA.RowSamplingGram.0.NumStability.rowSqNormTraceProbMass_two_point_factor	"[{""depth"":4,""edge_kind"":""body"",""predecessor"":""NumStability.rowSqNormTraceProbability_expectationReal_sampleAverage_sub_mean_sq"",""seed"":""_private.NumStability.Algorithms.RandNLA.RowSamplingGram.0.NumStability.rowSqNormTraceProbMass_two_point_factor""}]"	_private.NumStability.Algorithms.RandNLA.RowSamplingGram.0.NumStability.rowSqNormTraceProbMass_two_point_factor	4	0	1
NumStability.rowSqNormTraceProbability_expectationReal_rowSampleGram_frob_error_le	NumStability.Algorithms.RandNLA.RowSamplingGram	public	yes	reverse_dependent_boundary	_private.NumStability.Algorithms.RandNLA.RowSamplingGram.0.NumStability.rowSqNormTraceProbMass_two_point_factor	"[{""depth"":6,""edge_kind"":""body"",""predecessor"":""NumStability.rowSqNormTraceProbability_expectationReal_rowSampleGram_frob_error_sq_le"",""seed"":""_private.NumStability.Algorithms.RandNLA.RowSamplingGram.0.NumStability.rowSqNormTraceProbMass_two_point_factor""}]"	_private.NumStability.Algorithms.RandNLA.RowSamplingGram.0.NumStability.rowSqNormTraceProbMass_two_point_factor	6	0	1
NumStability.rowSqNormTraceProbability_expectationReal_rowSampleGram_frob_error_sq_le	NumStability.Algorithms.RandNLA.RowSamplingGram	public	yes	reverse_dependent_boundary	_private.NumStability.Algorithms.RandNLA.RowSamplingGram.0.NumStability.rowSqNormTraceProbMass_two_point_factor	"[{""depth"":5,""edge_kind"":""body"",""predecessor"":""NumStability.rowSqNormTraceProbability_expectationReal_rowSampleGram_entry_error_sq"",""seed"":""_private.NumStability.Algorithms.RandNLA.RowSamplingGram.0.NumStability.rowSqNormTraceProbMass_two_point_factor""}]"	_private.NumStability.Algorithms.RandNLA.RowSamplingGram.0.NumStability.rowSqNormTraceProbMass_two_point_factor	5	0	1
NumStability.rowSqNormTraceProbability_expectationReal_rowSketchGram_frob_error_le_add_perturb	NumStability.Algorithms.RandNLA.RowSamplingGram	public	yes	reverse_dependent_boundary	_private.NumStability.Algorithms.RandNLA.RowSamplingGram.0.NumStability.rowSqNormTraceProbMass_two_point_factor	"[{""depth"":7,""edge_kind"":""body"",""predecessor"":""NumStability.rowSqNormTraceProbability_expectationReal_rowSampleGram_frob_error_le"",""seed"":""_private.NumStability.Algorithms.RandNLA.RowSamplingGram.0.NumStability.rowSqNormTraceProbMass_two_point_factor""}]"	_private.NumStability.Algorithms.RandNLA.RowSamplingGram.0.NumStability.rowSqNormTraceProbMass_two_point_factor	7	0	1
NumStability.rowSqNormTraceProbability_expectationReal_sampleAverage_sub_mean_sq	NumStability.Algorithms.RandNLA.RowSamplingGram	public	yes	reverse_dependent_boundary	_private.NumStability.Algorithms.RandNLA.RowSamplingGram.0.NumStability.rowSqNormTraceProbMass_two_point_factor	"[{""depth"":3,""edge_kind"":""body"",""predecessor"":""NumStability.rowSqNormTraceProbability_expectationReal_centered_sum_sq"",""seed"":""_private.NumStability.Algorithms.RandNLA.RowSamplingGram.0.NumStability.rowSqNormTraceProbMass_two_point_factor""}]"	_private.NumStability.Algorithms.RandNLA.RowSamplingGram.0.NumStability.rowSqNormTraceProbMass_two_point_factor	3	0	1
NumStability.sqMagTraceProbMass_marginal_two_ne	NumStability.Algorithms.RandNLA.HitCountConcentration	public	yes	reverse_dependent_boundary	_private.NumStability.Algorithms.RandNLA.HitCountConcentration.0.NumStability.sqMagTraceProbMass_two_point_factor	"[{""depth"":1,""edge_kind"":""body"",""predecessor"":""_private.NumStability.Algorithms.RandNLA.HitCountConcentration.0.NumStability.sqMagTraceProbMass_two_point_factor"",""seed"":""_private.NumStability.Algorithms.RandNLA.HitCountConcentration.0.NumStability.sqMagTraceProbMass_two_point_factor""}]"	_private.NumStability.Algorithms.RandNLA.HitCountConcentration.0.NumStability.sqMagTraceProbMass_two_point_factor	1	0	1
NumStability.sqMagTraceProbability_eventProb_algorithm1ExactEntrywiseEvent_ge_one_sub	NumStability.Algorithms.RandNLA.ElementwiseSpectral	public	yes	reverse_dependent_boundary	_private.NumStability.Algorithms.RandNLA.HitCountConcentration.0.NumStability.sqMagTraceProbMass_two_point_factor	"[{""depth"":5,""edge_kind"":""body"",""predecessor"":""NumStability.sqMagTraceProbability_eventProb_elementwiseTraceResidual_entry_abs_le_ge_one_sub"",""seed"":""_private.NumStability.Algorithms.RandNLA.HitCountConcentration.0.NumStability.sqMagTraceProbMass_two_point_factor""}]"	-	5	0	1
NumStability.sqMagTraceProbability_eventProb_algorithm1ExactFrobEvent_ge_one_sub	NumStability.Algorithms.RandNLA.ElementwiseSpectral	public	yes	reverse_dependent_boundary	_private.NumStability.Algorithms.RandNLA.HitCountConcentration.0.NumStability.sqMagTraceProbMass_two_point_factor	"[{""depth"":5,""edge_kind"":""body"",""predecessor"":""NumStability.sqMagTraceProbability_expectationReal_elementwiseTraceResidual_frob_sq_le"",""seed"":""_private.NumStability.Algorithms.RandNLA.HitCountConcentration.0.NumStability.sqMagTraceProbMass_two_point_factor""}]"	-	5	0	1
NumStability.sqMagTraceProbability_eventProb_algorithm1ExactSpectralEvent_ge_one_sub_cover	NumStability.Algorithms.RandNLA.ElementwiseSpectral	public	yes	reverse_dependent_boundary	_private.NumStability.Algorithms.RandNLA.HitCountConcentration.0.NumStability.sqMagTraceProbMass_two_point_factor	"[{""depth"":6,""edge_kind"":""body"",""predecessor"":""NumStability.sqMagTraceProbability_eventProb_algorithm1ExactFrobEvent_ge_one_sub"",""seed"":""_private.NumStability.Algorithms.RandNLA.HitCountConcentration.0.NumStability.sqMagTraceProbMass_two_point_factor""}]"	-	6	0	2
NumStability.sqMagTraceProbability_eventProb_algorithm1ExactSpectralEvent_ge_one_sub_entrywise	NumStability.Algorithms.RandNLA.ElementwiseSpectral	public	yes	reverse_dependent_boundary	_private.NumStability.Algorithms.RandNLA.HitCountConcentration.0.NumStability.sqMagTraceProbMass_two_point_factor	"[{""depth"":6,""edge_kind"":""body"",""predecessor"":""NumStability.sqMagTraceProbability_eventProb_algorithm1ExactEntrywiseEvent_ge_one_sub"",""seed"":""_private.NumStability.Algorithms.RandNLA.HitCountConcentration.0.NumStability.sqMagTraceProbMass_two_point_factor""}]"	-	6	0	1
NumStability.sqMagTraceProbability_eventProb_algorithm1ExactSpectralEvent_ge_one_sub_frob	NumStability.Algorithms.RandNLA.ElementwiseSpectral	public	yes	reverse_dependent_boundary	_private.NumStability.Algorithms.RandNLA.HitCountConcentration.0.NumStability.sqMagTraceProbMass_two_point_factor	"[{""depth"":6,""edge_kind"":""body"",""predecessor"":""NumStability.sqMagTraceProbability_eventProb_algorithm1ExactFrobEvent_ge_one_sub"",""seed"":""_private.NumStability.Algorithms.RandNLA.HitCountConcentration.0.NumStability.sqMagTraceProbMass_two_point_factor""}]"	-	6	0	1
NumStability.sqMagTraceProbability_eventProb_algorithm1FlSpectralEvent_ge_one_sub_cover	NumStability.Algorithms.RandNLA.ElementwiseSpectral	public	yes	reverse_dependent_boundary	_private.NumStability.Algorithms.RandNLA.HitCountConcentration.0.NumStability.sqMagTraceProbMass_two_point_factor	"[{""depth"":7,""edge_kind"":""body"",""predecessor"":""NumStability.sqMagTraceProbability_eventProb_algorithm1ExactSpectralEvent_ge_one_sub_cover"",""seed"":""_private.NumStability.Algorithms.RandNLA.HitCountConcentration.0.NumStability.sqMagTraceProbMass_two_point_factor""}]"	-	7	0	1
NumStability.sqMagTraceProbability_eventProb_algorithm1FlSpectralEvent_ge_one_sub_entrywise	NumStability.Algorithms.RandNLA.ElementwiseSpectral	public	yes	reverse_dependent_boundary	_private.NumStability.Algorithms.RandNLA.HitCountConcentration.0.NumStability.sqMagTraceProbMass_two_point_factor	"[{""depth"":7,""edge_kind"":""body"",""predecessor"":""NumStability.sqMagTraceProbability_eventProb_algorithm1ExactSpectralEvent_ge_one_sub_entrywise"",""seed"":""_private.NumStability.Algorithms.RandNLA.HitCountConcentration.0.NumStability.sqMagTraceProbMass_two_point_factor""}]"	-	7	0	1
NumStability.sqMagTraceProbability_eventProb_algorithm1FlSpectralEvent_ge_one_sub_frob	NumStability.Algorithms.RandNLA.ElementwiseSpectral	public	yes	reverse_dependent_boundary	_private.NumStability.Algorithms.RandNLA.HitCountConcentration.0.NumStability.sqMagTraceProbMass_two_point_factor	"[{""depth"":6,""edge_kind"":""body"",""predecessor"":""NumStability.sqMagTraceProbability_eventProb_algorithm1ExactFrobEvent_ge_one_sub"",""seed"":""_private.NumStability.Algorithms.RandNLA.HitCountConcentration.0.NumStability.sqMagTraceProbMass_two_point_factor""}]"	-	6	0	1
NumStability.sqMagTraceProbability_eventProb_algorithm1FlSpectralRadius_ge_one_sub_delta_frob_explicit_gamma_square	NumStability.Algorithms.RandNLA.ElementwiseSpectral	public	yes	reverse_dependent_boundary	_private.NumStability.Algorithms.RandNLA.HitCountConcentration.0.NumStability.sqMagTraceProbMass_two_point_factor	"[{""depth"":6,""edge_kind"":""body"",""predecessor"":""NumStability.sqMagTraceProbability_eventProb_algorithm1ExactFrobEvent_ge_one_sub"",""seed"":""_private.NumStability.Algorithms.RandNLA.HitCountConcentration.0.NumStability.sqMagTraceProbMass_two_point_factor""}]"	-	6	0	1
NumStability.sqMagTraceProbability_eventProb_elementwiseTraceResidual_entry_abs_le_ge_one_sub	NumStability.Algorithms.RandNLA.ElementwiseSpectral	public	yes	reverse_dependent_boundary	_private.NumStability.Algorithms.RandNLA.HitCountConcentration.0.NumStability.sqMagTraceProbMass_two_point_factor	"[{""depth"":4,""edge_kind"":""body"",""predecessor"":""NumStability.sqMagTraceProbability_expectationReal_elementwiseTraceResidual_entry_sq_le"",""seed"":""_private.NumStability.Algorithms.RandNLA.HitCountConcentration.0.NumStability.sqMagTraceProbMass_two_point_factor""}]"	-	4	0	1
NumStability.sqMagTraceProbability_eventProb_fl_vecNorm2_rectMatMulVec_elementwiseTraceResidual_le_ge_one_sub	NumStability.Algorithms.RandNLA.ElementwiseSpectral	public	yes	reverse_dependent_boundary	_private.NumStability.Algorithms.RandNLA.HitCountConcentration.0.NumStability.sqMagTraceProbMass_two_point_factor	"[{""depth"":7,""edge_kind"":""body"",""predecessor"":""NumStability.sqMagTraceProbability_eventProb_vecNorm2_rectMatMulVec_elementwiseTraceResidual_le_ge_one_sub"",""seed"":""_private.NumStability.Algorithms.RandNLA.HitCountConcentration.0.NumStability.sqMagTraceProbMass_two_point_factor""}]"	-	7	0	1
NumStability.sqMagTraceProbability_eventProb_forall_fl_vecNorm2_rectMatMulVec_elementwiseTraceResidual_le_ge_one_sub_sum	NumStability.Algorithms.RandNLA.ElementwiseSpectral	public	yes	reverse_dependent_boundary	_private.NumStability.Algorithms.RandNLA.HitCountConcentration.0.NumStability.sqMagTraceProbMass_two_point_factor	"[{""depth"":8,""edge_kind"":""body"",""predecessor"":""NumStability.sqMagTraceProbability_eventProb_fl_vecNorm2_rectMatMulVec_elementwiseTraceResidual_le_ge_one_sub"",""seed"":""_private.NumStability.Algorithms.RandNLA.HitCountConcentration.0.NumStability.sqMagTraceProbMass_two_point_factor""}]"	-	8	0	1
NumStability.sqMagTraceProbability_eventProb_forall_vecNorm2_rectMatMulVec_elementwiseTraceResidual_le_ge_one_sub_sum	NumStability.Algorithms.RandNLA.ElementwiseSpectral	public	yes	reverse_dependent_boundary	_private.NumStability.Algorithms.RandNLA.HitCountConcentration.0.NumStability.sqMagTraceProbMass_two_point_factor	"[{""depth"":7,""edge_kind"":""body"",""predecessor"":""NumStability.sqMagTraceProbability_eventProb_vecNorm2_rectMatMulVec_elementwiseTraceResidual_le_ge_one_sub"",""seed"":""_private.NumStability.Algorithms.RandNLA.HitCountConcentration.0.NumStability.sqMagTraceProbMass_two_point_factor""}]"	-	7	0	1
NumStability.sqMagTraceProbability_eventProb_sampleHits_pair_ne	NumStability.Algorithms.RandNLA.HitCountConcentration	public	yes	reverse_dependent_boundary	_private.NumStability.Algorithms.RandNLA.HitCountConcentration.0.NumStability.sqMagTraceProbMass_two_point_factor	"[{""depth"":2,""edge_kind"":""body"",""predecessor"":""NumStability.sqMagTraceProbMass_marginal_two_ne"",""seed"":""_private.NumStability.Algorithms.RandNLA.HitCountConcentration.0.NumStability.sqMagTraceProbMass_two_point_factor""}]"	_private.NumStability.Algorithms.RandNLA.HitCountConcentration.0.NumStability.sqMagTraceProbMass_two_point_factor	2	0	1
NumStability.sqMagTraceProbability_eventProb_vecNorm2_rectMatMulVec_elementwiseTraceResidual_le_ge_one_sub	NumStability.Algorithms.RandNLA.ElementwiseSpectral	public	yes	reverse_dependent_boundary	_private.NumStability.Algorithms.RandNLA.HitCountConcentration.0.NumStability.sqMagTraceProbMass_two_point_factor	"[{""depth"":6,""edge_kind"":""body"",""predecessor"":""NumStability.sqMagTraceProbability_expectationReal_vecNorm2Sq_rectMatMulVec_elementwiseTraceResidual_le"",""seed"":""_private.NumStability.Algorithms.RandNLA.HitCountConcentration.0.NumStability.sqMagTraceProbMass_two_point_factor""}]"	-	6	0	1
NumStability.sqMagTraceProbability_expectationReal_elementwiseTraceResidual_entry_sq_le	NumStability.Algorithms.RandNLA.ElementwiseSpectral	public	yes	reverse_dependent_boundary	_private.NumStability.Algorithms.RandNLA.HitCountConcentration.0.NumStability.sqMagTraceProbMass_two_point_factor	"[{""depth"":3,""edge_kind"":""body"",""predecessor"":""NumStability.sqMagTraceProbability_eventProb_sampleHits_pair_ne"",""seed"":""_private.NumStability.Algorithms.RandNLA.HitCountConcentration.0.NumStability.sqMagTraceProbMass_two_point_factor""}]"	-	3	0	1
NumStability.sqMagTraceProbability_expectationReal_elementwiseTraceResidual_frob_sq_le	NumStability.Algorithms.RandNLA.ElementwiseSpectral	public	yes	reverse_dependent_boundary	_private.NumStability.Algorithms.RandNLA.HitCountConcentration.0.NumStability.sqMagTraceProbMass_two_point_factor	"[{""depth"":4,""edge_kind"":""body"",""predecessor"":""NumStability.sqMagTraceProbability_expectationReal_elementwiseTraceResidual_entry_sq_le"",""seed"":""_private.NumStability.Algorithms.RandNLA.HitCountConcentration.0.NumStability.sqMagTraceProbMass_two_point_factor""}]"	-	4	0	1
NumStability.sqMagTraceProbability_expectationReal_vecNorm2Sq_rectMatMulVec_elementwiseTraceResidual_le	NumStability.Algorithms.RandNLA.ElementwiseSpectral	public	yes	reverse_dependent_boundary	_private.NumStability.Algorithms.RandNLA.HitCountConcentration.0.NumStability.sqMagTraceProbMass_two_point_factor	"[{""depth"":5,""edge_kind"":""body"",""predecessor"":""NumStability.sqMagTraceProbability_expectationReal_elementwiseTraceResidual_frob_sq_le"",""seed"":""_private.NumStability.Algorithms.RandNLA.HitCountConcentration.0.NumStability.sqMagTraceProbMass_two_point_factor""}]"	-	5	0	1
NumStability.uniformRowTraceProbMass_marginal_two_ne	NumStability.Algorithms.RandNLA.UniformRowSampling	public	yes	reverse_dependent_boundary	_private.NumStability.Algorithms.RandNLA.UniformRowSampling.0.NumStability.uniformRowTraceProbMass_two_point_factor	"[{""depth"":1,""edge_kind"":""body"",""predecessor"":""_private.NumStability.Algorithms.RandNLA.UniformRowSampling.0.NumStability.uniformRowTraceProbMass_two_point_factor"",""seed"":""_private.NumStability.Algorithms.RandNLA.UniformRowSampling.0.NumStability.uniformRowTraceProbMass_two_point_factor""}]"	_private.NumStability.Algorithms.RandNLA.UniformRowSampling.0.NumStability.uniformRowTraceProbMass_two_point_factor	1	0	1
NumStability.uniformRowTraceProbability_eventProb_fl_uniformRowSampleGramDotWithComputedDen_rowGram_frob_error_le_ge_one_sub	NumStability.Algorithms.RandNLA.UniformRowSamplingFP	public	yes	reverse_dependent_boundary	_private.NumStability.Algorithms.RandNLA.UniformRowSampling.0.NumStability.uniformRowTraceProbMass_two_point_factor	"[{""depth"":7,""edge_kind"":""body"",""predecessor"":""NumStability.uniformRowTraceProbability_eventProb_uniformRowSampleGram_frob_error_le_ge_one_sub"",""seed"":""_private.NumStability.Algorithms.RandNLA.UniformRowSampling.0.NumStability.uniformRowTraceProbMass_two_point_factor""}]"	-	7	0	1
NumStability.uniformRowTraceProbability_eventProb_fl_uniformRowSampleGramDotWithComputedDen_rowGram_frob_error_le_ge_one_sub_frobNorm	NumStability.Algorithms.RandNLA.UniformRowSamplingFP	public	yes	reverse_dependent_boundary	_private.NumStability.Algorithms.RandNLA.UniformRowSampling.0.NumStability.uniformRowTraceProbMass_two_point_factor	"[{""depth"":8,""edge_kind"":""body"",""predecessor"":""NumStability.uniformRowTraceProbability_eventProb_uniformRowSampleGram_frob_error_le_ge_one_sub_frobNorm"",""seed"":""_private.NumStability.Algorithms.RandNLA.UniformRowSampling.0.NumStability.uniformRowTraceProbMass_two_point_factor""}]"	-	8	0	1
NumStability.uniformRowTraceProbability_eventProb_fl_uniformRowSampleGramDot_rowGram_frob_error_le_ge_one_sub	NumStability.Algorithms.RandNLA.UniformRowSamplingFP	public	yes	reverse_dependent_boundary	_private.NumStability.Algorithms.RandNLA.UniformRowSampling.0.NumStability.uniformRowTraceProbMass_two_point_factor	"[{""depth"":7,""edge_kind"":""body"",""predecessor"":""NumStability.uniformRowTraceProbability_eventProb_uniformRowSampleGram_frob_error_le_ge_one_sub"",""seed"":""_private.NumStability.Algorithms.RandNLA.UniformRowSampling.0.NumStability.uniformRowTraceProbMass_two_point_factor""}]"	-	7	0	1
NumStability.uniformRowTraceProbability_eventProb_fl_uniformRowSampleGramDot_rowGram_frob_error_le_ge_one_sub_frobNorm	NumStability.Algorithms.RandNLA.UniformRowSamplingFP	public	yes	reverse_dependent_boundary	_private.NumStability.Algorithms.RandNLA.UniformRowSampling.0.NumStability.uniformRowTraceProbMass_two_point_factor	"[{""depth"":8,""edge_kind"":""body"",""predecessor"":""NumStability.uniformRowTraceProbability_eventProb_uniformRowSampleGram_frob_error_le_ge_one_sub_frobNorm"",""seed"":""_private.NumStability.Algorithms.RandNLA.UniformRowSampling.0.NumStability.uniformRowTraceProbMass_two_point_factor""}]"	-	8	0	1
NumStability.uniformRowTraceProbability_eventProb_pair_collision_eq_inv	NumStability.Algorithms.RandNLA.UniformRowSampling	public	yes	reverse_dependent_boundary	_private.NumStability.Algorithms.RandNLA.UniformRowSampling.0.NumStability.uniformRowTraceProbMass_two_point_factor	"[{""depth"":2,""edge_kind"":""body"",""predecessor"":""NumStability.uniformRowTraceProbMass_marginal_two_ne"",""seed"":""_private.NumStability.Algorithms.RandNLA.UniformRowSampling.0.NumStability.uniformRowTraceProbMass_two_point_factor""}]"	_private.NumStability.Algorithms.RandNLA.UniformRowSampling.0.NumStability.uniformRowTraceProbMass_two_point_factor	2	0	1
NumStability.uniformRowTraceProbability_eventProb_uniformRowSampleGram_frob_error_le_ge_one_sub	NumStability.Algorithms.RandNLA.UniformRowSampling	public	yes	reverse_dependent_boundary	_private.NumStability.Algorithms.RandNLA.UniformRowSampling.0.NumStability.uniformRowTraceProbMass_two_point_factor	"[{""depth"":6,""edge_kind"":""body"",""predecessor"":""NumStability.uniformRowTraceProbability_expectationReal_uniformRowSampleGram_frob_error_sq_le"",""seed"":""_private.NumStability.Algorithms.RandNLA.UniformRowSampling.0.NumStability.uniformRowTraceProbMass_two_point_factor""}]"	_private.NumStability.Algorithms.RandNLA.UniformRowSampling.0.NumStability.uniformRowTraceProbMass_two_point_factor	6	0	1
NumStability.uniformRowTraceProbability_eventProb_uniformRowSampleGram_frob_error_le_ge_one_sub_frobNorm	NumStability.Algorithms.RandNLA.UniformRowSampling	public	yes	reverse_dependent_boundary	_private.NumStability.Algorithms.RandNLA.UniformRowSampling.0.NumStability.uniformRowTraceProbMass_two_point_factor	"[{""depth"":7,""edge_kind"":""body"",""predecessor"":""NumStability.uniformRowTraceProbability_eventProb_uniformRowSampleGram_frob_error_le_ge_one_sub"",""seed"":""_private.NumStability.Algorithms.RandNLA.UniformRowSampling.0.NumStability.uniformRowTraceProbMass_two_point_factor""}]"	_private.NumStability.Algorithms.RandNLA.UniformRowSampling.0.NumStability.uniformRowTraceProbMass_two_point_factor	7	0	1
NumStability.uniformRowTraceProbability_expectationReal_centered_sum_sq	NumStability.Algorithms.RandNLA.UniformRowSampling	public	yes	reverse_dependent_boundary	_private.NumStability.Algorithms.RandNLA.UniformRowSampling.0.NumStability.uniformRowTraceProbMass_two_point_factor	"[{""depth"":2,""edge_kind"":""body"",""predecessor"":""NumStability.uniformRowTraceProbMass_marginal_two_ne"",""seed"":""_private.NumStability.Algorithms.RandNLA.UniformRowSampling.0.NumStability.uniformRowTraceProbMass_two_point_factor""}]"	_private.NumStability.Algorithms.RandNLA.UniformRowSampling.0.NumStability.uniformRowTraceProbMass_two_point_factor	2	0	1
NumStability.uniformRowTraceProbability_expectationReal_sampleAverage_sub_mean_sq	NumStability.Algorithms.RandNLA.UniformRowSampling	public	yes	reverse_dependent_boundary	_private.NumStability.Algorithms.RandNLA.UniformRowSampling.0.NumStability.uniformRowTraceProbMass_two_point_factor	"[{""depth"":3,""edge_kind"":""body"",""predecessor"":""NumStability.uniformRowTraceProbability_expectationReal_centered_sum_sq"",""seed"":""_private.NumStability.Algorithms.RandNLA.UniformRowSampling.0.NumStability.uniformRowTraceProbMass_two_point_factor""}]"	_private.NumStability.Algorithms.RandNLA.UniformRowSampling.0.NumStability.uniformRowTraceProbMass_two_point_factor	3	0	1
NumStability.uniformRowTraceProbability_expectationReal_uniformRowSampleGram_entry_error_sq	NumStability.Algorithms.RandNLA.UniformRowSampling	public	yes	reverse_dependent_boundary	_private.NumStability.Algorithms.RandNLA.UniformRowSampling.0.NumStability.uniformRowTraceProbMass_two_point_factor	"[{""depth"":4,""edge_kind"":""body"",""predecessor"":""NumStability.uniformRowTraceProbability_expectationReal_sampleAverage_sub_mean_sq"",""seed"":""_private.NumStability.Algorithms.RandNLA.UniformRowSampling.0.NumStability.uniformRowTraceProbMass_two_point_factor""}]"	_private.NumStability.Algorithms.RandNLA.UniformRowSampling.0.NumStability.uniformRowTraceProbMass_two_point_factor	4	0	1
NumStability.uniformRowTraceProbability_expectationReal_uniformRowSampleGram_frob_error_sq_le	NumStability.Algorithms.RandNLA.UniformRowSampling	public	yes	reverse_dependent_boundary	_private.NumStability.Algorithms.RandNLA.UniformRowSampling.0.NumStability.uniformRowTraceProbMass_two_point_factor	"[{""depth"":5,""edge_kind"":""body"",""predecessor"":""NumStability.uniformRowTraceProbability_expectationReal_uniformRowSampleGram_entry_error_sq"",""seed"":""_private.NumStability.Algorithms.RandNLA.UniformRowSampling.0.NumStability.uniformRowTraceProbMass_two_point_factor""}]"	_private.NumStability.Algorithms.RandNLA.UniformRowSampling.0.NumStability.uniformRowTraceProbMass_two_point_factor	5	0	1
NumStability.uniformRowTraceProbability_expectationReal_uniformRowSampleGram_frob_error_sq_le_frobNorm	NumStability.Algorithms.RandNLA.UniformRowSampling	public	yes	reverse_dependent_boundary	_private.NumStability.Algorithms.RandNLA.UniformRowSampling.0.NumStability.uniformRowTraceProbMass_two_point_factor	"[{""depth"":6,""edge_kind"":""body"",""predecessor"":""NumStability.uniformRowTraceProbability_expectationReal_uniformRowSampleGram_frob_error_sq_le"",""seed"":""_private.NumStability.Algorithms.RandNLA.UniformRowSampling.0.NumStability.uniformRowTraceProbMass_two_point_factor""}]"	_private.NumStability.Algorithms.RandNLA.UniformRowSampling.0.NumStability.uniformRowTraceProbMass_two_point_factor	6	0	1
_private.NumStability.Algorithms.RandNLA.HitCountConcentration.0.NumStability.sqMagTraceProbMass_two_point_factor	NumStability.Algorithms.RandNLA.HitCountConcentration	private	yes	private_seed	_private.NumStability.Algorithms.RandNLA.HitCountConcentration.0.NumStability.sqMagTraceProbMass_two_point_factor	"[{""depth"":0,""edge_kind"":""seed"",""predecessor"":""-"",""seed"":""_private.NumStability.Algorithms.RandNLA.HitCountConcentration.0.NumStability.sqMagTraceProbMass_two_point_factor""}]"	_private.NumStability.Algorithms.RandNLA.HitCountConcentration.0.NumStability.sqMagTraceProbMass_two_point_factor	0	0	0
_private.NumStability.Algorithms.RandNLA.RowSamplingGram.0.NumStability.rowSqNormTraceProbMass_two_point_factor	NumStability.Algorithms.RandNLA.RowSamplingGram	private	yes	private_seed	_private.NumStability.Algorithms.RandNLA.RowSamplingGram.0.NumStability.rowSqNormTraceProbMass_two_point_factor	"[{""depth"":0,""edge_kind"":""seed"",""predecessor"":""-"",""seed"":""_private.NumStability.Algorithms.RandNLA.RowSamplingGram.0.NumStability.rowSqNormTraceProbMass_two_point_factor""}]"	_private.NumStability.Algorithms.RandNLA.RowSamplingGram.0.NumStability.rowSqNormTraceProbMass_two_point_factor	0	0	0
_private.NumStability.Algorithms.RandNLA.UniformRowSampling.0.NumStability.uniformRowTraceProbMass_two_point_factor	NumStability.Algorithms.RandNLA.UniformRowSampling	private	yes	private_seed	_private.NumStability.Algorithms.RandNLA.UniformRowSampling.0.NumStability.uniformRowTraceProbMass_two_point_factor	"[{""depth"":0,""edge_kind"":""seed"",""predecessor"":""-"",""seed"":""_private.NumStability.Algorithms.RandNLA.UniformRowSampling.0.NumStability.uniformRowTraceProbMass_two_point_factor""}]"	_private.NumStability.Algorithms.RandNLA.UniformRowSampling.0.NumStability.uniformRowTraceProbMass_two_point_factor	0	0	0
