module	role	import_order	lean_import_line	provenance
NumStability.Algorithms.Ch10ActualSourceClosure	compatibility	1	import NumStability.Algorithms.HighamChapter10	c0004_direct
NumStability.Algorithms.Ch10ActualSourceClosure	compatibility	2	import NumStability.Source.Higham.Chapter10.Theorem06.RoundedCholesky.ActualClosure	c0004_direct
NumStability.Algorithms.Ch10ActualSourceClosure	compatibility	3	import NumStability.Source.Higham.Chapter10.Theorem06.RoundedCholesky.ForwardError.ActualAlgorithm	produced_destination
NumStability.Algorithms.Ch10ComplexPositiveDefiniteSourceClosure	compatibility	1	import Mathlib.Data.Complex.BigOperators	c0004_direct
NumStability.Algorithms.Ch10ComplexPositiveDefiniteSourceClosure	compatibility	2	import NumStability.Algorithms.ComplexBackwardError	c0004_direct
NumStability.Algorithms.Ch10ComplexPositiveDefiniteSourceClosure	compatibility	3	import NumStability.Algorithms.HighamChapter10	c0004_direct
NumStability.Algorithms.Ch10ComplexPositiveDefiniteSourceClosure	compatibility	4	import NumStability.Analysis.ComplexArithmetic	c0004_direct
NumStability.Algorithms.Ch10ComplexPositiveDefiniteSourceClosure	compatibility	5	import NumStability.Analysis.MatrixAlgebra	c0004_direct
NumStability.Algorithms.Ch10ComplexPositiveDefiniteSourceClosure	compatibility	6	import NumStability.Source.Higham.Chapter10.Equation30.ComplexPositiveDefinite.NoPivotLU.SourceBounds	produced_destination
NumStability.Algorithms.Ch10ComplexPositiveDefiniteSourceClosure	compatibility	7	import NumStability.Source.Higham.Chapter10.Equation30.ComplexPositiveDefinite.SourceClosure	c0004_direct
NumStability.Algorithms.Ch10KahanSharpnessSource	compatibility	1	import NumStability.Algorithms.HighamChapter10	c0004_direct
NumStability.Algorithms.Ch10KahanSharpnessSource	compatibility	2	import NumStability.Source.Higham.Chapter10.Lemma13.KahanSharpness.GramFamily	c0004_direct
NumStability.Algorithms.Ch10KahanSharpnessSource	compatibility	3	import NumStability.Source.Higham.Chapter10.Lemma13.KahanSharpness.Limit	c0004_direct
NumStability.Algorithms.Ch10KahanSharpnessSource	compatibility	4	import NumStability.Source.Higham.Chapter10.Lemma13.KahanSharpness.OperatorNorm.SourceBound	produced_destination
NumStability.Algorithms.Ch10PivotedPSDSourceClosure	compatibility	1	import NumStability.Algorithms.HighamChapter10	c0004_direct
NumStability.Algorithms.Ch10PivotedPSDSourceClosure	compatibility	2	import NumStability.Source.Higham.Chapter10.Lemma11.PivotSequenceStability.SourceClosure	c0004_direct
NumStability.Algorithms.Ch10PivotedPSDSourceClosure	compatibility	3	import NumStability.Source.Higham.Chapter10.Theorem14.CompletePivotedPSD.ActualComputation.ErrorBounds	produced_destination
NumStability.Algorithms.Ch10PivotedPSDSourceClosure	compatibility	4	import NumStability.Source.Higham.Chapter10.Theorem14.CompletePivotedPSD.ActualRun	c0004_direct
NumStability.Algorithms.Ch10Theorem108Componentwise	compatibility	1	import NumStability.Algorithms.Cholesky.CholeskySpec	c0004_direct
NumStability.Algorithms.Ch10Theorem108Componentwise	compatibility	2	import NumStability.Algorithms.LinearSystems.Triangular.InverseBounds	c0004_direct
NumStability.Algorithms.Ch10Theorem108Componentwise	compatibility	3	import NumStability.Source.Higham.Chapter09.Problems	c0004_direct
NumStability.Algorithms.Ch10Theorem108Componentwise	compatibility	4	import NumStability.Source.Higham.Chapter09.Section01	c0004_direct
NumStability.Algorithms.Ch10Theorem108Componentwise	compatibility	5	import NumStability.Source.Higham.Chapter09.Section02	c0004_direct
NumStability.Algorithms.Ch10Theorem108Componentwise	compatibility	6	import NumStability.Source.Higham.Chapter09.Section03	c0004_direct
NumStability.Algorithms.Ch10Theorem108Componentwise	compatibility	7	import NumStability.Source.Higham.Chapter09.Section04	c0004_direct
NumStability.Algorithms.Ch10Theorem108Componentwise	compatibility	8	import NumStability.Source.Higham.Chapter09.Section05	c0004_direct
NumStability.Algorithms.Ch10Theorem108Componentwise	compatibility	9	import NumStability.Source.Higham.Chapter09.Section06	c0004_direct
NumStability.Algorithms.Ch10Theorem108Componentwise	compatibility	10	import NumStability.Source.Higham.Chapter09.Section08	c0004_direct
NumStability.Algorithms.Ch10Theorem108Componentwise	compatibility	11	import NumStability.Source.Higham.Chapter09.Section10	c0004_direct
NumStability.Algorithms.Ch10Theorem108Componentwise	compatibility	12	import NumStability.Source.Higham.Chapter09.Section11	c0004_direct
NumStability.Algorithms.Ch10Theorem108Componentwise	compatibility	13	import NumStability.Source.Higham.Chapter10.Theorem08.ComponentwisePerturbation.NormalizedResolvent.SourceBound	produced_destination
NumStability.Algorithms.Ch10Theorem108Componentwise	compatibility	14	import NumStability.Source.Higham.Chapter10.Theorem08.ComponentwisePerturbation.Resolvent	c0004_direct
NumStability.Algorithms.Ch10Theorem108Source	compatibility	1	import NumStability.Algorithms.HighamChapter10	c0004_direct
NumStability.Algorithms.Ch10Theorem108Source	compatibility	2	import NumStability.Source.Higham.Chapter10.Theorem08.NormwiseDiscrepancy.Counterexample.Uniqueness	produced_destination
NumStability.Algorithms.Ch10Theorem108Source	compatibility	3	import NumStability.Source.Higham.Chapter10.Theorem08.NormwiseDiscrepancy.LiteralSource	c0004_direct
NumStability.Algorithms.Cholesky.CholeskyDemmel	retained_owner	1	import Mathlib.Algebra.BigOperators.Group.Finset.Basic	c0004_direct
NumStability.Algorithms.Cholesky.CholeskyDemmel	retained_owner	2	import Mathlib.Algebra.Order.BigOperators.Group.Finset	c0004_direct
NumStability.Algorithms.Cholesky.CholeskyDemmel	retained_owner	3	import Mathlib.Data.Real.Basic	c0004_direct
NumStability.Algorithms.Cholesky.CholeskyDemmel	retained_owner	4	import Mathlib.Data.Real.Sqrt	c0004_direct
NumStability.Algorithms.Cholesky.CholeskyDemmel	retained_owner	5	import Mathlib.Tactic.Linarith	c0004_direct
NumStability.Algorithms.Cholesky.CholeskyDemmel	retained_owner	6	import Mathlib.Tactic.Ring	c0004_direct
NumStability.Algorithms.Cholesky.CholeskyDemmel	retained_owner	7	import NumStability.Algorithms.Cholesky.CholeskySpec	c0004_direct
NumStability.Algorithms.Cholesky.CholeskyDemmel	retained_owner	8	import NumStability.Algorithms.LinearSystems.Cholesky.ErrorAnalysis.Demmel	c0004_direct
NumStability.Algorithms.Cholesky.CholeskyDemmel	retained_owner	9	import NumStability.Analysis.Rounding	c0004_direct
NumStability.Algorithms.Cholesky.CholeskyDemmel	retained_owner	10	import NumStability.FloatingPoint.Model	c0004_direct
NumStability.Algorithms.Cholesky.CholeskyFl	retained_owner	1	import Mathlib.Algebra.BigOperators.Group.Finset.Basic	c0004_direct
NumStability.Algorithms.Cholesky.CholeskyFl	retained_owner	2	import Mathlib.Algebra.Order.BigOperators.Group.Finset	c0004_direct
NumStability.Algorithms.Cholesky.CholeskyFl	retained_owner	3	import Mathlib.Data.Real.Basic	c0004_direct
NumStability.Algorithms.Cholesky.CholeskyFl	retained_owner	4	import Mathlib.Data.Real.Sqrt	c0004_direct
NumStability.Algorithms.Cholesky.CholeskyFl	retained_owner	5	import Mathlib.LinearAlgebra.Matrix.Block	c0004_direct
NumStability.Algorithms.Cholesky.CholeskyFl	retained_owner	6	import Mathlib.LinearAlgebra.Matrix.NonsingularInverse	c0004_direct
NumStability.Algorithms.Cholesky.CholeskyFl	retained_owner	7	import Mathlib.Tactic.FieldSimp	c0004_direct
NumStability.Algorithms.Cholesky.CholeskyFl	retained_owner	8	import Mathlib.Tactic.Linarith	c0004_direct
NumStability.Algorithms.Cholesky.CholeskyFl	retained_owner	9	import Mathlib.Tactic.Ring	c0004_direct
NumStability.Algorithms.Cholesky.CholeskyFl	retained_owner	10	import NumStability.Algorithms.Cholesky.CholeskyDemmel	c0004_direct
NumStability.Algorithms.Cholesky.CholeskyFl	retained_owner	11	import NumStability.Algorithms.LinearSystems.Cholesky.RoundedFactorization.Basic	c0004_direct
NumStability.Algorithms.Cholesky.CholeskyFl	retained_owner	12	import NumStability.Analysis.Rounding	c0004_direct
NumStability.Algorithms.Cholesky.CholeskyFl	retained_owner	13	import NumStability.Analysis.SubtractionFold	c0004_direct
NumStability.Algorithms.Cholesky.CholeskyFl	retained_owner	14	import NumStability.Analysis.Summation.ErrorBounds	c0004_direct
NumStability.Algorithms.Cholesky.CholeskyFl	retained_owner	15	import NumStability.FloatingPoint.Model	c0004_direct
NumStability.Algorithms.Cholesky.CholeskyNonsym	retained_owner	1	import Mathlib.Algebra.BigOperators.Group.Finset.Basic	c0004_direct
NumStability.Algorithms.Cholesky.CholeskyNonsym	retained_owner	2	import Mathlib.Algebra.Order.BigOperators.Group.Finset	c0004_direct
NumStability.Algorithms.Cholesky.CholeskyNonsym	retained_owner	3	import Mathlib.Data.Real.Basic	c0004_direct
NumStability.Algorithms.Cholesky.CholeskyNonsym	retained_owner	4	import Mathlib.Tactic.Linarith	c0004_direct
NumStability.Algorithms.Cholesky.CholeskyNonsym	retained_owner	5	import Mathlib.Tactic.Ring	c0004_direct
NumStability.Algorithms.Cholesky.CholeskyNonsym	retained_owner	6	import NumStability.Algorithms.LU.GaussianElimination	c0004_direct
NumStability.Algorithms.Cholesky.CholeskyNonsym	retained_owner	7	import NumStability.Algorithms.LU.GrowthFactor	c0004_direct
NumStability.Algorithms.Cholesky.CholeskyNonsym	retained_owner	8	import NumStability.Algorithms.LinearSystems.LU.NonsymmetricPositiveDefinite.Basic	c0004_direct
NumStability.Algorithms.Cholesky.CholeskyNonsym	retained_owner	9	import NumStability.Analysis.Rounding	c0004_direct
NumStability.Algorithms.Cholesky.CholeskyNonsym	retained_owner	10	import NumStability.FloatingPoint.Model	c0004_direct
NumStability.Algorithms.Cholesky.CholeskyPSD	compatibility	1	import Mathlib.Algebra.BigOperators.Field	c0004_direct
NumStability.Algorithms.Cholesky.CholeskyPSD	compatibility	2	import Mathlib.Algebra.BigOperators.Group.Finset.Basic	c0004_direct
NumStability.Algorithms.Cholesky.CholeskyPSD	compatibility	3	import Mathlib.Algebra.Order.BigOperators.Group.Finset	c0004_direct
NumStability.Algorithms.Cholesky.CholeskyPSD	compatibility	4	import Mathlib.Data.Real.Basic	c0004_direct
NumStability.Algorithms.Cholesky.CholeskyPSD	compatibility	5	import Mathlib.Data.Real.Sqrt	c0004_direct
NumStability.Algorithms.Cholesky.CholeskyPSD	compatibility	6	import Mathlib.LinearAlgebra.Matrix.Block	c0004_direct
NumStability.Algorithms.Cholesky.CholeskyPSD	compatibility	7	import Mathlib.LinearAlgebra.Matrix.NonsingularInverse	c0004_direct
NumStability.Algorithms.Cholesky.CholeskyPSD	compatibility	8	import Mathlib.LinearAlgebra.Matrix.Rank	c0004_direct
NumStability.Algorithms.Cholesky.CholeskyPSD	compatibility	9	import Mathlib.Tactic.FieldSimp	c0004_direct
NumStability.Algorithms.Cholesky.CholeskyPSD	compatibility	10	import Mathlib.Tactic.Linarith	c0004_direct
NumStability.Algorithms.Cholesky.CholeskyPSD	compatibility	11	import Mathlib.Tactic.Ring	c0004_direct
NumStability.Algorithms.Cholesky.CholeskyPSD	compatibility	12	import NumStability.Algorithms.Cholesky.CholeskySpec	c0004_direct
NumStability.Algorithms.Cholesky.CholeskyPSD	compatibility	13	import NumStability.Algorithms.LU.GaussianElimination	c0004_direct
NumStability.Algorithms.Cholesky.CholeskyPSD	compatibility	14	import NumStability.Algorithms.LinearSystems.Cholesky.PositiveSemidefinite.Basic	c0004_direct
NumStability.Algorithms.Cholesky.CholeskyPSD	compatibility	15	import NumStability.Algorithms.LinearSystems.Cholesky.PositiveSemidefinite.PivotedFactorization.Existence	produced_destination
NumStability.Algorithms.Cholesky.CholeskyPSD	compatibility	16	import NumStability.Analysis.Rounding	c0004_direct
NumStability.Algorithms.Cholesky.CholeskyPSD	compatibility	17	import NumStability.FloatingPoint.Model	c0004_direct
NumStability.Algorithms.Cholesky.CholeskyPSD	compatibility	18	import NumStability.Source.Higham.Chapter10.Lemma13.KahanSharpness.CompletePivotingBound	c0004_direct
NumStability.Algorithms.Cholesky.CholeskyPSD	compatibility	19	import NumStability.Source.Higham.Chapter10.Problem01.PositiveSemidefiniteEntries.EntryBounds.Results	produced_destination
NumStability.Algorithms.Cholesky.CholeskyPSD	compatibility	20	import NumStability.Source.Higham.Chapter10.Section03.PositiveSemidefinite.ConstructiveFactorization.Existence	produced_destination
NumStability.Algorithms.Cholesky.CholeskyPSD	compatibility	21	import NumStability.Source.Higham.Chapter10.Section03.PositiveSemidefinite.Existence	c0004_direct
NumStability.Algorithms.Cholesky.CholeskyPSD	compatibility	22	import NumStability.Source.Higham.Chapter10.Section03.PositiveSemidefinite.QuadraticFormBounds.WeightedNorm	produced_destination
NumStability.Algorithms.Cholesky.CholeskyPSD	compatibility	23	import NumStability.Source.Higham.Chapter10.Section03.PositiveSemidefinite.SchurComplement	c0004_direct
NumStability.Algorithms.Cholesky.CholeskyPSD	compatibility	24	import NumStability.Source.Higham.Chapter10.Section03.PositiveSemidefinite.Termination	c0004_direct
NumStability.Algorithms.Cholesky.CholeskyPSD	compatibility	25	import NumStability.Source.Higham.Chapter10.Section03.PositiveSemidefinite.TrailingTermination.Bound	produced_destination
NumStability.Algorithms.Cholesky.CholeskyPSD	compatibility	26	import NumStability.Source.Higham.Chapter10.Section03.PositiveSemidefinite.WNormBound	c0004_direct
NumStability.Algorithms.Cholesky.CholeskyPSD	compatibility	27	import NumStability.Source.Higham.Chapter10.Theorem14.CompletePivotedPSD.PsdErrorAnalysis	c0004_direct
NumStability.Algorithms.Cholesky.CholeskyPSD	compatibility	28	import NumStability.Source.Higham.Chapter10.Theorem14.CompletePivotedPSD.RoundedErrorAnalysis.Bounds	produced_destination
NumStability.Algorithms.Cholesky.CholeskySpec	retained_owner	1	import Mathlib.Algebra.BigOperators.Field	c0004_direct
NumStability.Algorithms.Cholesky.CholeskySpec	retained_owner	2	import Mathlib.Algebra.BigOperators.Group.Finset.Basic	c0004_direct
NumStability.Algorithms.Cholesky.CholeskySpec	retained_owner	3	import Mathlib.Algebra.Order.BigOperators.Group.Finset	c0004_direct
NumStability.Algorithms.Cholesky.CholeskySpec	retained_owner	4	import Mathlib.Data.Real.Basic	c0004_direct
NumStability.Algorithms.Cholesky.CholeskySpec	retained_owner	5	import Mathlib.Data.Real.Sqrt	c0004_direct
NumStability.Algorithms.Cholesky.CholeskySpec	retained_owner	6	import Mathlib.Tactic.Linarith	c0004_direct
NumStability.Algorithms.Cholesky.CholeskySpec	retained_owner	7	import Mathlib.Tactic.Ring	c0004_direct
NumStability.Algorithms.Cholesky.CholeskySpec	retained_owner	8	import NumStability.Algorithms.LU.GaussianElimination	c0004_direct
NumStability.Algorithms.Cholesky.CholeskySpec	retained_owner	9	import NumStability.Algorithms.LU.GrowthFactor	c0004_direct
NumStability.Algorithms.Cholesky.CholeskySpec	retained_owner	10	import NumStability.Algorithms.LinearSystems.Cholesky.Factorization.Spec	c0004_direct
NumStability.Algorithms.Cholesky.CholeskySpec	retained_owner	11	import NumStability.Analysis.Rounding	c0004_direct
NumStability.Algorithms.Cholesky.CholeskySpec	retained_owner	12	import NumStability.FloatingPoint.Model	c0004_direct
NumStability.Algorithms.Cholesky.Higham1014Equation1022	compatibility	1	import NumStability.Algorithms.Cholesky.Higham1014SourceError	c0004_direct
NumStability.Algorithms.Cholesky.Higham1014Equation1022	compatibility	2	import NumStability.Algorithms.HighamChapter10	c0004_direct
NumStability.Algorithms.Cholesky.Higham1014Equation1022	compatibility	3	import NumStability.Analysis.FirstOrder.AsymptoticFamilies	c0004_direct
NumStability.Algorithms.Cholesky.Higham1014Equation1022	compatibility	4	import NumStability.Source.Higham.Chapter10.Theorem14.CompletePivotedPSD.Equation22	c0004_direct
NumStability.Algorithms.Cholesky.Higham1014Equation1022	compatibility	5	import NumStability.Source.Higham.Chapter10.Theorem14.CompletePivotedPSD.SchurPerturbation.Family	produced_destination
NumStability.Algorithms.Cholesky.Higham1014SourceError	compatibility	1	import NumStability.Source.Higham.Chapter09.DoolittleClosure	c0004_direct
NumStability.Algorithms.Cholesky.Higham1014SourceError	compatibility	2	import NumStability.Source.Higham.Chapter10.Theorem07	c0004_direct
NumStability.Algorithms.Cholesky.Higham1014SourceError	compatibility	3	import NumStability.Source.Higham.Chapter10.Theorem14.CompletePivotedPSD.RankSensitiveError.Bounds	produced_destination
NumStability.Algorithms.Cholesky.Higham1014SourceError	compatibility	4	import NumStability.Source.Higham.Chapter10.Theorem14.CompletePivotedPSD.SourceError	c0004_direct
NumStability.Algorithms.Cholesky.Higham1014SourceError	compatibility	5	import NumStability.Source.Higham.Chapter10.Theorem14.CompletePivotedPSD.SourceSuccess	c0004_direct
NumStability.Algorithms.Cholesky.Higham1029Source	compatibility	1	import NumStability.Algorithms.HighamChapter10	c0004_direct
NumStability.Algorithms.Cholesky.Higham1029Source	compatibility	2	import NumStability.Source.Higham.Chapter10.Section04.PositiveDefiniteSymmetricPart.Equation29	c0004_direct
NumStability.Algorithms.Cholesky.Higham1029Source	compatibility	3	import NumStability.Source.Higham.Chapter10.Section04.PositiveDefiniteSymmetricPart.LUGrowth.Equation29	produced_destination
NumStability.Algorithms.Cholesky.HighamMathiasSource	compatibility	1	import NumStability.Algorithms.Cholesky.Higham1029Source	c0004_direct
NumStability.Algorithms.Cholesky.HighamMathiasSource	compatibility	2	import NumStability.Source.Higham.Chapter09.DoolittleClosure	c0004_direct
NumStability.Algorithms.Cholesky.HighamMathiasSource	compatibility	3	import NumStability.Source.Higham.Chapter10.Equation29.Mathias.FirstBreakdown	c0004_direct
NumStability.Algorithms.Cholesky.HighamMathiasSource	compatibility	4	import NumStability.Source.Higham.Chapter10.Equation29.Mathias.RoundedSchur.Bounds	produced_destination
NumStability.Algorithms.Cholesky.HighamMathiasSource	compatibility	5	import NumStability.Source.Higham.Chapter10.Equation29.Mathias.SourceIngredients	c0004_direct
NumStability.Algorithms.HighamChapter10	compatibility	1	import Mathlib.Data.Complex.Basic	c0004_direct
NumStability.Algorithms.HighamChapter10	compatibility	2	import NumStability.Algorithms.Cholesky.CholeskyDemmel	c0004_direct
NumStability.Algorithms.HighamChapter10	compatibility	3	import NumStability.Algorithms.Cholesky.CholeskyFl	c0004_direct
NumStability.Algorithms.HighamChapter10	compatibility	4	import NumStability.Algorithms.Cholesky.CholeskyNonsym	c0004_direct
NumStability.Algorithms.HighamChapter10	compatibility	5	import NumStability.Algorithms.Cholesky.CholeskyPSD	c0004_direct
NumStability.Algorithms.HighamChapter10	compatibility	6	import NumStability.Algorithms.Cholesky.CholeskySpec	c0004_direct
NumStability.Algorithms.HighamChapter10	compatibility	7	import NumStability.Algorithms.LinearSystems.Cholesky.ErrorAnalysis.Certificates	c0004_direct
NumStability.Algorithms.HighamChapter10	compatibility	8	import NumStability.Algorithms.LinearSystems.Cholesky.ErrorAnalysis.PositivePivots.Certificate	produced_destination
NumStability.Algorithms.HighamChapter10	compatibility	9	import NumStability.Algorithms.LinearSystems.Cholesky.Perturbation.Basic	c0004_direct
NumStability.Algorithms.HighamChapter10	compatibility	10	import NumStability.Algorithms.LinearSystems.Cholesky.PositiveSemidefinite.KahanMatrix	c0004_direct
NumStability.Algorithms.HighamChapter10	compatibility	11	import NumStability.Algorithms.LinearSystems.Cholesky.PositiveSemidefinite.KahanTelescope.Identity	produced_destination
NumStability.Algorithms.HighamChapter10	compatibility	12	import NumStability.Algorithms.LinearSystems.Cholesky.PositiveSemidefinite.ScaledStage	c0004_direct
NumStability.Algorithms.HighamChapter10	compatibility	13	import NumStability.Algorithms.LinearSystems.Cholesky.PositiveSemidefinite.StageEmbedding.InteriorMass	produced_destination
NumStability.Algorithms.HighamChapter10	compatibility	14	import NumStability.Analysis.MatrixNorms.EntrywiseAbsolute.Basic	c0004_direct
NumStability.Algorithms.HighamChapter10	compatibility	15	import NumStability.Analysis.MatrixNorms.SpectralExtrema.Basic	c0004_direct
NumStability.Algorithms.HighamChapter10	compatibility	16	import NumStability.Analysis.MatrixNorms.SpectralExtrema.PrincipalSubmatrices.Bounds	produced_destination
NumStability.Algorithms.HighamChapter10	compatibility	17	import NumStability.Analysis.MatrixSpectral	c0004_direct
NumStability.Algorithms.HighamChapter10	compatibility	18	import NumStability.Source.Higham.Chapter09.Problems	c0004_direct
NumStability.Algorithms.HighamChapter10	compatibility	19	import NumStability.Source.Higham.Chapter09.Section01	c0004_direct
NumStability.Algorithms.HighamChapter10	compatibility	20	import NumStability.Source.Higham.Chapter09.Section02	c0004_direct
NumStability.Algorithms.HighamChapter10	compatibility	21	import NumStability.Source.Higham.Chapter09.Section03	c0004_direct
NumStability.Algorithms.HighamChapter10	compatibility	22	import NumStability.Source.Higham.Chapter09.Section04	c0004_direct
NumStability.Algorithms.HighamChapter10	compatibility	23	import NumStability.Source.Higham.Chapter09.Section05	c0004_direct
NumStability.Algorithms.HighamChapter10	compatibility	24	import NumStability.Source.Higham.Chapter09.Section06	c0004_direct
NumStability.Algorithms.HighamChapter10	compatibility	25	import NumStability.Source.Higham.Chapter09.Section08	c0004_direct
NumStability.Algorithms.HighamChapter10	compatibility	26	import NumStability.Source.Higham.Chapter09.Section10	c0004_direct
NumStability.Algorithms.HighamChapter10	compatibility	27	import NumStability.Source.Higham.Chapter09.Section11	c0004_direct
NumStability.Algorithms.HighamChapter10	compatibility	28	import NumStability.Source.Higham.Chapter10.Equation07.AbsoluteFactorNorm.Endpoints	c0004_direct
NumStability.Algorithms.HighamChapter10	compatibility	29	import NumStability.Source.Higham.Chapter10.Equation29.Mathias.Endpoints	c0004_direct
NumStability.Algorithms.HighamChapter10	compatibility	30	import NumStability.Source.Higham.Chapter10.Equation30.ComplexPositiveDefinite.Endpoints	c0004_direct
NumStability.Algorithms.HighamChapter10	compatibility	31	import NumStability.Source.Higham.Chapter10.Lemma11.PivotSequenceStability.Endpoints	c0004_direct
NumStability.Algorithms.HighamChapter10	compatibility	32	import NumStability.Source.Higham.Chapter10.Lemma13.KahanSharpness.Endpoints	c0004_direct
NumStability.Algorithms.HighamChapter10	compatibility	33	import NumStability.Source.Higham.Chapter10.Lemma13.KahanSharpness.UnboundedGrowth.Construction	produced_destination
NumStability.Algorithms.HighamChapter10	compatibility	34	import NumStability.Source.Higham.Chapter10.Problem01.PositiveSemidefiniteEntries.Basic	c0004_direct
NumStability.Algorithms.HighamChapter10	compatibility	35	import NumStability.Source.Higham.Chapter10.Problem04.UnpivotedGrowth.Basic	c0004_direct
NumStability.Algorithms.HighamChapter10	compatibility	36	import NumStability.Source.Higham.Chapter10.Problem04.UnpivotedGrowth.PositivePivots.Bounds	produced_destination
NumStability.Algorithms.HighamChapter10	compatibility	37	import NumStability.Source.Higham.Chapter10.Problem08.LeadingMinorsCounterexample.Basic	c0004_direct
NumStability.Algorithms.HighamChapter10	compatibility	38	import NumStability.Source.Higham.Chapter10.Section01.Factorization.Basic	c0004_direct
NumStability.Algorithms.HighamChapter10	compatibility	39	import NumStability.Source.Higham.Chapter10.Section01.Factorization.ExistenceUniqueness.Results	produced_destination
NumStability.Algorithms.HighamChapter10	compatibility	40	import NumStability.Source.Higham.Chapter10.Section02.ErrorAnalysis.Basic	c0004_direct
NumStability.Algorithms.HighamChapter10	compatibility	41	import NumStability.Source.Higham.Chapter10.Section02.ErrorAnalysis.FactorizationAndSolve.Bounds	produced_destination
NumStability.Algorithms.HighamChapter10	compatibility	42	import NumStability.Source.Higham.Chapter10.Section03.PositiveSemidefinite.Endpoints	c0004_direct
NumStability.Algorithms.HighamChapter10	compatibility	43	import NumStability.Source.Higham.Chapter10.Section03.PositiveSemidefinite.PivotingAndScaling.Results	produced_destination
NumStability.Algorithms.HighamChapter10	compatibility	44	import NumStability.Source.Higham.Chapter10.Section04.PositiveDefiniteSymmetricPart.Endpoints	c0004_direct
NumStability.Algorithms.HighamChapter10	compatibility	45	import NumStability.Source.Higham.Chapter10.Section04.PositiveDefiniteSymmetricPart.SchurStages.Bounds	produced_destination
NumStability.Algorithms.HighamChapter10	compatibility	46	import NumStability.Source.Higham.Chapter10.Theorem06.RoundedCholesky.Endpoints	c0004_direct
NumStability.Algorithms.HighamChapter10	compatibility	47	import NumStability.Source.Higham.Chapter10.Theorem07.FailureVacuity.Endpoints	c0004_direct
NumStability.Algorithms.HighamChapter10	compatibility	48	import NumStability.Source.Higham.Chapter10.Theorem07.SuccessThreshold.Factorization	produced_destination
NumStability.Algorithms.HighamChapter10	compatibility	49	import NumStability.Source.Higham.Chapter10.Theorem08.ComponentwisePerturbation.Endpoints	c0004_direct
NumStability.Algorithms.HighamChapter10	compatibility	50	import NumStability.Source.Higham.Chapter10.Theorem08.NormwiseDiscrepancy.Endpoints	c0004_direct
NumStability.Algorithms.HighamChapter10	compatibility	51	import NumStability.Source.Higham.Chapter10.Theorem14.CompletePivotedPSD.Endpoints	c0004_direct
NumStability.Algorithms.HighamChapter10	compatibility	52	import NumStability.Source.Higham.Chapter10.Theorem14.CompletePivotedPSD.RoundedErrorAnalysis.Bounds	produced_destination
NumStability.Algorithms.HighamChapter10	compatibility	53	import NumStability.Source.Higham.Chapter10.Theorem14.CompletePivotedPSD.SuccessfulRun.StageBounds	produced_destination
NumStability.Algorithms.LinearSystems.Cholesky.ErrorAnalysis.PositivePivots.Certificate	produced_destination	1	import Mathlib.Algebra.BigOperators.Field	c0004_expanded
NumStability.Algorithms.LinearSystems.Cholesky.ErrorAnalysis.PositivePivots.Certificate	produced_destination	2	import Mathlib.Algebra.BigOperators.Group.Finset.Basic	c0004_expanded
NumStability.Algorithms.LinearSystems.Cholesky.ErrorAnalysis.PositivePivots.Certificate	produced_destination	3	import Mathlib.Algebra.Order.BigOperators.Group.Finset	c0004_expanded
NumStability.Algorithms.LinearSystems.Cholesky.ErrorAnalysis.PositivePivots.Certificate	produced_destination	4	import Mathlib.Data.Complex.Basic	c0004_direct
NumStability.Algorithms.LinearSystems.Cholesky.ErrorAnalysis.PositivePivots.Certificate	produced_destination	5	import Mathlib.Data.Real.Basic	c0004_expanded
NumStability.Algorithms.LinearSystems.Cholesky.ErrorAnalysis.PositivePivots.Certificate	produced_destination	6	import Mathlib.Data.Real.Sqrt	c0004_expanded
NumStability.Algorithms.LinearSystems.Cholesky.ErrorAnalysis.PositivePivots.Certificate	produced_destination	7	import Mathlib.LinearAlgebra.Matrix.Block	c0004_expanded
NumStability.Algorithms.LinearSystems.Cholesky.ErrorAnalysis.PositivePivots.Certificate	produced_destination	8	import Mathlib.LinearAlgebra.Matrix.NonsingularInverse	c0004_expanded
NumStability.Algorithms.LinearSystems.Cholesky.ErrorAnalysis.PositivePivots.Certificate	produced_destination	9	import Mathlib.LinearAlgebra.Matrix.Rank	c0004_expanded
NumStability.Algorithms.LinearSystems.Cholesky.ErrorAnalysis.PositivePivots.Certificate	produced_destination	10	import Mathlib.Tactic.FieldSimp	c0004_expanded
NumStability.Algorithms.LinearSystems.Cholesky.ErrorAnalysis.PositivePivots.Certificate	produced_destination	11	import Mathlib.Tactic.Linarith	c0004_expanded
NumStability.Algorithms.LinearSystems.Cholesky.ErrorAnalysis.PositivePivots.Certificate	produced_destination	12	import Mathlib.Tactic.Ring	c0004_expanded
NumStability.Algorithms.LinearSystems.Cholesky.ErrorAnalysis.PositivePivots.Certificate	produced_destination	13	import NumStability.Algorithms.Cholesky.CholeskyDemmel	c0004_direct
NumStability.Algorithms.LinearSystems.Cholesky.ErrorAnalysis.PositivePivots.Certificate	produced_destination	14	import NumStability.Algorithms.Cholesky.CholeskyFl	c0004_direct+route_dag
NumStability.Algorithms.LinearSystems.Cholesky.ErrorAnalysis.PositivePivots.Certificate	produced_destination	15	import NumStability.Algorithms.Cholesky.CholeskyNonsym	c0004_direct
NumStability.Algorithms.LinearSystems.Cholesky.ErrorAnalysis.PositivePivots.Certificate	produced_destination	16	import NumStability.Algorithms.Cholesky.CholeskySpec	c0004_direct+c0004_expanded
NumStability.Algorithms.LinearSystems.Cholesky.ErrorAnalysis.PositivePivots.Certificate	produced_destination	17	import NumStability.Algorithms.LU.GaussianElimination	c0004_expanded
NumStability.Algorithms.LinearSystems.Cholesky.ErrorAnalysis.PositivePivots.Certificate	produced_destination	18	import NumStability.Algorithms.LinearSystems.Cholesky.ErrorAnalysis.Certificates	c0004_direct
NumStability.Algorithms.LinearSystems.Cholesky.ErrorAnalysis.PositivePivots.Certificate	produced_destination	19	import NumStability.Algorithms.LinearSystems.Cholesky.Perturbation.Basic	c0004_direct
NumStability.Algorithms.LinearSystems.Cholesky.ErrorAnalysis.PositivePivots.Certificate	produced_destination	20	import NumStability.Algorithms.LinearSystems.Cholesky.PositiveSemidefinite.Basic	c0004_expanded
NumStability.Algorithms.LinearSystems.Cholesky.ErrorAnalysis.PositivePivots.Certificate	produced_destination	21	import NumStability.Algorithms.LinearSystems.Cholesky.PositiveSemidefinite.KahanMatrix	c0004_direct
NumStability.Algorithms.LinearSystems.Cholesky.ErrorAnalysis.PositivePivots.Certificate	produced_destination	22	import NumStability.Algorithms.LinearSystems.Cholesky.PositiveSemidefinite.ScaledStage	c0004_direct
NumStability.Algorithms.LinearSystems.Cholesky.ErrorAnalysis.PositivePivots.Certificate	produced_destination	23	import NumStability.Algorithms.LinearSystems.Cholesky.PositiveSemidefinite.StageEmbedding.InteriorMass	route_dag
NumStability.Algorithms.LinearSystems.Cholesky.ErrorAnalysis.PositivePivots.Certificate	produced_destination	24	import NumStability.Analysis.MatrixNorms.EntrywiseAbsolute.Basic	c0004_direct
NumStability.Algorithms.LinearSystems.Cholesky.ErrorAnalysis.PositivePivots.Certificate	produced_destination	25	import NumStability.Analysis.MatrixNorms.SpectralExtrema.Basic	c0004_direct
NumStability.Algorithms.LinearSystems.Cholesky.ErrorAnalysis.PositivePivots.Certificate	produced_destination	26	import NumStability.Analysis.MatrixSpectral	c0004_direct
NumStability.Algorithms.LinearSystems.Cholesky.ErrorAnalysis.PositivePivots.Certificate	produced_destination	27	import NumStability.Analysis.Rounding	c0004_expanded
NumStability.Algorithms.LinearSystems.Cholesky.ErrorAnalysis.PositivePivots.Certificate	produced_destination	28	import NumStability.FloatingPoint.Model	c0004_expanded
NumStability.Algorithms.LinearSystems.Cholesky.PositiveSemidefinite.KahanTelescope.Identity	produced_destination	1	import Mathlib.Algebra.BigOperators.Field	c0004_expanded
NumStability.Algorithms.LinearSystems.Cholesky.PositiveSemidefinite.KahanTelescope.Identity	produced_destination	2	import Mathlib.Algebra.BigOperators.Group.Finset.Basic	c0004_expanded
NumStability.Algorithms.LinearSystems.Cholesky.PositiveSemidefinite.KahanTelescope.Identity	produced_destination	3	import Mathlib.Algebra.Order.BigOperators.Group.Finset	c0004_expanded
NumStability.Algorithms.LinearSystems.Cholesky.PositiveSemidefinite.KahanTelescope.Identity	produced_destination	4	import Mathlib.Data.Complex.Basic	c0004_direct
NumStability.Algorithms.LinearSystems.Cholesky.PositiveSemidefinite.KahanTelescope.Identity	produced_destination	5	import Mathlib.Data.Real.Basic	c0004_expanded
NumStability.Algorithms.LinearSystems.Cholesky.PositiveSemidefinite.KahanTelescope.Identity	produced_destination	6	import Mathlib.Data.Real.Sqrt	c0004_expanded
NumStability.Algorithms.LinearSystems.Cholesky.PositiveSemidefinite.KahanTelescope.Identity	produced_destination	7	import Mathlib.LinearAlgebra.Matrix.Block	c0004_expanded
NumStability.Algorithms.LinearSystems.Cholesky.PositiveSemidefinite.KahanTelescope.Identity	produced_destination	8	import Mathlib.LinearAlgebra.Matrix.NonsingularInverse	c0004_expanded
NumStability.Algorithms.LinearSystems.Cholesky.PositiveSemidefinite.KahanTelescope.Identity	produced_destination	9	import Mathlib.LinearAlgebra.Matrix.Rank	c0004_expanded
NumStability.Algorithms.LinearSystems.Cholesky.PositiveSemidefinite.KahanTelescope.Identity	produced_destination	10	import Mathlib.Tactic.FieldSimp	c0004_expanded
NumStability.Algorithms.LinearSystems.Cholesky.PositiveSemidefinite.KahanTelescope.Identity	produced_destination	11	import Mathlib.Tactic.Linarith	c0004_expanded
NumStability.Algorithms.LinearSystems.Cholesky.PositiveSemidefinite.KahanTelescope.Identity	produced_destination	12	import Mathlib.Tactic.Ring	c0004_expanded
NumStability.Algorithms.LinearSystems.Cholesky.PositiveSemidefinite.KahanTelescope.Identity	produced_destination	13	import NumStability.Algorithms.Cholesky.CholeskyDemmel	c0004_direct
NumStability.Algorithms.LinearSystems.Cholesky.PositiveSemidefinite.KahanTelescope.Identity	produced_destination	14	import NumStability.Algorithms.Cholesky.CholeskyFl	c0004_direct
NumStability.Algorithms.LinearSystems.Cholesky.PositiveSemidefinite.KahanTelescope.Identity	produced_destination	15	import NumStability.Algorithms.Cholesky.CholeskyNonsym	c0004_direct
NumStability.Algorithms.LinearSystems.Cholesky.PositiveSemidefinite.KahanTelescope.Identity	produced_destination	16	import NumStability.Algorithms.Cholesky.CholeskySpec	c0004_direct+c0004_expanded
NumStability.Algorithms.LinearSystems.Cholesky.PositiveSemidefinite.KahanTelescope.Identity	produced_destination	17	import NumStability.Algorithms.LU.GaussianElimination	c0004_expanded
NumStability.Algorithms.LinearSystems.Cholesky.PositiveSemidefinite.KahanTelescope.Identity	produced_destination	18	import NumStability.Algorithms.LinearSystems.Cholesky.ErrorAnalysis.Certificates	c0004_direct
NumStability.Algorithms.LinearSystems.Cholesky.PositiveSemidefinite.KahanTelescope.Identity	produced_destination	19	import NumStability.Algorithms.LinearSystems.Cholesky.Perturbation.Basic	c0004_direct
NumStability.Algorithms.LinearSystems.Cholesky.PositiveSemidefinite.KahanTelescope.Identity	produced_destination	20	import NumStability.Algorithms.LinearSystems.Cholesky.PositiveSemidefinite.Basic	c0004_expanded
NumStability.Algorithms.LinearSystems.Cholesky.PositiveSemidefinite.KahanTelescope.Identity	produced_destination	21	import NumStability.Algorithms.LinearSystems.Cholesky.PositiveSemidefinite.KahanMatrix	c0004_direct
NumStability.Algorithms.LinearSystems.Cholesky.PositiveSemidefinite.KahanTelescope.Identity	produced_destination	22	import NumStability.Algorithms.LinearSystems.Cholesky.PositiveSemidefinite.ScaledStage	c0004_direct
NumStability.Algorithms.LinearSystems.Cholesky.PositiveSemidefinite.KahanTelescope.Identity	produced_destination	23	import NumStability.Analysis.MatrixNorms.EntrywiseAbsolute.Basic	c0004_direct
NumStability.Algorithms.LinearSystems.Cholesky.PositiveSemidefinite.KahanTelescope.Identity	produced_destination	24	import NumStability.Analysis.MatrixNorms.SpectralExtrema.Basic	c0004_direct
NumStability.Algorithms.LinearSystems.Cholesky.PositiveSemidefinite.KahanTelescope.Identity	produced_destination	25	import NumStability.Analysis.MatrixSpectral	c0004_direct
NumStability.Algorithms.LinearSystems.Cholesky.PositiveSemidefinite.KahanTelescope.Identity	produced_destination	26	import NumStability.Analysis.Rounding	c0004_expanded
NumStability.Algorithms.LinearSystems.Cholesky.PositiveSemidefinite.KahanTelescope.Identity	produced_destination	27	import NumStability.FloatingPoint.Model	c0004_expanded
NumStability.Algorithms.LinearSystems.Cholesky.PositiveSemidefinite.PivotedFactorization.Existence	produced_destination	1	import Mathlib.Algebra.BigOperators.Field	c0004_direct
NumStability.Algorithms.LinearSystems.Cholesky.PositiveSemidefinite.PivotedFactorization.Existence	produced_destination	2	import Mathlib.Algebra.BigOperators.Group.Finset.Basic	c0004_direct
NumStability.Algorithms.LinearSystems.Cholesky.PositiveSemidefinite.PivotedFactorization.Existence	produced_destination	3	import Mathlib.Algebra.Order.BigOperators.Group.Finset	c0004_direct
NumStability.Algorithms.LinearSystems.Cholesky.PositiveSemidefinite.PivotedFactorization.Existence	produced_destination	4	import Mathlib.Data.Real.Basic	c0004_direct
NumStability.Algorithms.LinearSystems.Cholesky.PositiveSemidefinite.PivotedFactorization.Existence	produced_destination	5	import Mathlib.Data.Real.Sqrt	c0004_direct
NumStability.Algorithms.LinearSystems.Cholesky.PositiveSemidefinite.PivotedFactorization.Existence	produced_destination	6	import Mathlib.LinearAlgebra.Matrix.Block	c0004_direct
NumStability.Algorithms.LinearSystems.Cholesky.PositiveSemidefinite.PivotedFactorization.Existence	produced_destination	7	import Mathlib.LinearAlgebra.Matrix.NonsingularInverse	c0004_direct
NumStability.Algorithms.LinearSystems.Cholesky.PositiveSemidefinite.PivotedFactorization.Existence	produced_destination	8	import Mathlib.LinearAlgebra.Matrix.Rank	c0004_direct
NumStability.Algorithms.LinearSystems.Cholesky.PositiveSemidefinite.PivotedFactorization.Existence	produced_destination	9	import Mathlib.Tactic.FieldSimp	c0004_direct
NumStability.Algorithms.LinearSystems.Cholesky.PositiveSemidefinite.PivotedFactorization.Existence	produced_destination	10	import Mathlib.Tactic.Linarith	c0004_direct
NumStability.Algorithms.LinearSystems.Cholesky.PositiveSemidefinite.PivotedFactorization.Existence	produced_destination	11	import Mathlib.Tactic.Ring	c0004_direct
NumStability.Algorithms.LinearSystems.Cholesky.PositiveSemidefinite.PivotedFactorization.Existence	produced_destination	12	import NumStability.Algorithms.Cholesky.CholeskySpec	c0004_direct+route_dag
NumStability.Algorithms.LinearSystems.Cholesky.PositiveSemidefinite.PivotedFactorization.Existence	produced_destination	13	import NumStability.Algorithms.LU.GaussianElimination	c0004_direct
NumStability.Algorithms.LinearSystems.Cholesky.PositiveSemidefinite.PivotedFactorization.Existence	produced_destination	14	import NumStability.Algorithms.LinearSystems.Cholesky.PositiveSemidefinite.Basic	c0004_direct
NumStability.Algorithms.LinearSystems.Cholesky.PositiveSemidefinite.PivotedFactorization.Existence	produced_destination	15	import NumStability.Analysis.Rounding	c0004_direct
NumStability.Algorithms.LinearSystems.Cholesky.PositiveSemidefinite.PivotedFactorization.Existence	produced_destination	16	import NumStability.FloatingPoint.Model	c0004_direct
NumStability.Algorithms.LinearSystems.Cholesky.PositiveSemidefinite.StageEmbedding.InteriorMass	produced_destination	1	import Mathlib.Algebra.BigOperators.Field	c0004_expanded
NumStability.Algorithms.LinearSystems.Cholesky.PositiveSemidefinite.StageEmbedding.InteriorMass	produced_destination	2	import Mathlib.Algebra.BigOperators.Group.Finset.Basic	c0004_expanded
NumStability.Algorithms.LinearSystems.Cholesky.PositiveSemidefinite.StageEmbedding.InteriorMass	produced_destination	3	import Mathlib.Algebra.Order.BigOperators.Group.Finset	c0004_expanded
NumStability.Algorithms.LinearSystems.Cholesky.PositiveSemidefinite.StageEmbedding.InteriorMass	produced_destination	4	import Mathlib.Data.Complex.Basic	c0004_direct
NumStability.Algorithms.LinearSystems.Cholesky.PositiveSemidefinite.StageEmbedding.InteriorMass	produced_destination	5	import Mathlib.Data.Real.Basic	c0004_expanded
NumStability.Algorithms.LinearSystems.Cholesky.PositiveSemidefinite.StageEmbedding.InteriorMass	produced_destination	6	import Mathlib.Data.Real.Sqrt	c0004_expanded
NumStability.Algorithms.LinearSystems.Cholesky.PositiveSemidefinite.StageEmbedding.InteriorMass	produced_destination	7	import Mathlib.LinearAlgebra.Matrix.Block	c0004_expanded
NumStability.Algorithms.LinearSystems.Cholesky.PositiveSemidefinite.StageEmbedding.InteriorMass	produced_destination	8	import Mathlib.LinearAlgebra.Matrix.NonsingularInverse	c0004_expanded
NumStability.Algorithms.LinearSystems.Cholesky.PositiveSemidefinite.StageEmbedding.InteriorMass	produced_destination	9	import Mathlib.LinearAlgebra.Matrix.Rank	c0004_expanded
NumStability.Algorithms.LinearSystems.Cholesky.PositiveSemidefinite.StageEmbedding.InteriorMass	produced_destination	10	import Mathlib.Tactic.FieldSimp	c0004_expanded
NumStability.Algorithms.LinearSystems.Cholesky.PositiveSemidefinite.StageEmbedding.InteriorMass	produced_destination	11	import Mathlib.Tactic.Linarith	c0004_expanded
NumStability.Algorithms.LinearSystems.Cholesky.PositiveSemidefinite.StageEmbedding.InteriorMass	produced_destination	12	import Mathlib.Tactic.Ring	c0004_expanded
NumStability.Algorithms.LinearSystems.Cholesky.PositiveSemidefinite.StageEmbedding.InteriorMass	produced_destination	13	import NumStability.Algorithms.Cholesky.CholeskyDemmel	c0004_direct
NumStability.Algorithms.LinearSystems.Cholesky.PositiveSemidefinite.StageEmbedding.InteriorMass	produced_destination	14	import NumStability.Algorithms.Cholesky.CholeskyFl	c0004_direct
NumStability.Algorithms.LinearSystems.Cholesky.PositiveSemidefinite.StageEmbedding.InteriorMass	produced_destination	15	import NumStability.Algorithms.Cholesky.CholeskyNonsym	c0004_direct+route_dag
NumStability.Algorithms.LinearSystems.Cholesky.PositiveSemidefinite.StageEmbedding.InteriorMass	produced_destination	16	import NumStability.Algorithms.Cholesky.CholeskySpec	c0004_direct+c0004_expanded
NumStability.Algorithms.LinearSystems.Cholesky.PositiveSemidefinite.StageEmbedding.InteriorMass	produced_destination	17	import NumStability.Algorithms.LU.GaussianElimination	c0004_expanded
NumStability.Algorithms.LinearSystems.Cholesky.PositiveSemidefinite.StageEmbedding.InteriorMass	produced_destination	18	import NumStability.Algorithms.LinearSystems.Cholesky.ErrorAnalysis.Certificates	c0004_direct
NumStability.Algorithms.LinearSystems.Cholesky.PositiveSemidefinite.StageEmbedding.InteriorMass	produced_destination	19	import NumStability.Algorithms.LinearSystems.Cholesky.Perturbation.Basic	c0004_direct
NumStability.Algorithms.LinearSystems.Cholesky.PositiveSemidefinite.StageEmbedding.InteriorMass	produced_destination	20	import NumStability.Algorithms.LinearSystems.Cholesky.PositiveSemidefinite.Basic	c0004_expanded
NumStability.Algorithms.LinearSystems.Cholesky.PositiveSemidefinite.StageEmbedding.InteriorMass	produced_destination	21	import NumStability.Algorithms.LinearSystems.Cholesky.PositiveSemidefinite.KahanMatrix	c0004_direct
NumStability.Algorithms.LinearSystems.Cholesky.PositiveSemidefinite.StageEmbedding.InteriorMass	produced_destination	22	import NumStability.Algorithms.LinearSystems.Cholesky.PositiveSemidefinite.ScaledStage	c0004_direct
NumStability.Algorithms.LinearSystems.Cholesky.PositiveSemidefinite.StageEmbedding.InteriorMass	produced_destination	23	import NumStability.Analysis.MatrixNorms.EntrywiseAbsolute.Basic	c0004_direct
NumStability.Algorithms.LinearSystems.Cholesky.PositiveSemidefinite.StageEmbedding.InteriorMass	produced_destination	24	import NumStability.Analysis.MatrixNorms.SpectralExtrema.Basic	c0004_direct
NumStability.Algorithms.LinearSystems.Cholesky.PositiveSemidefinite.StageEmbedding.InteriorMass	produced_destination	25	import NumStability.Analysis.MatrixSpectral	c0004_direct
NumStability.Algorithms.LinearSystems.Cholesky.PositiveSemidefinite.StageEmbedding.InteriorMass	produced_destination	26	import NumStability.Analysis.Rounding	c0004_expanded
NumStability.Algorithms.LinearSystems.Cholesky.PositiveSemidefinite.StageEmbedding.InteriorMass	produced_destination	27	import NumStability.FloatingPoint.Model	c0004_expanded
NumStability.Analysis.MatrixNorms.SpectralExtrema.PrincipalSubmatrices.Bounds	produced_destination	1	import Mathlib.Algebra.BigOperators.Field	c0004_expanded
NumStability.Analysis.MatrixNorms.SpectralExtrema.PrincipalSubmatrices.Bounds	produced_destination	2	import Mathlib.Algebra.BigOperators.Group.Finset.Basic	c0004_expanded
NumStability.Analysis.MatrixNorms.SpectralExtrema.PrincipalSubmatrices.Bounds	produced_destination	3	import Mathlib.Algebra.Order.BigOperators.Group.Finset	c0004_expanded
NumStability.Analysis.MatrixNorms.SpectralExtrema.PrincipalSubmatrices.Bounds	produced_destination	4	import Mathlib.Data.Complex.Basic	c0004_direct
NumStability.Analysis.MatrixNorms.SpectralExtrema.PrincipalSubmatrices.Bounds	produced_destination	5	import Mathlib.Data.Real.Basic	c0004_expanded
NumStability.Analysis.MatrixNorms.SpectralExtrema.PrincipalSubmatrices.Bounds	produced_destination	6	import Mathlib.Data.Real.Sqrt	c0004_expanded
NumStability.Analysis.MatrixNorms.SpectralExtrema.PrincipalSubmatrices.Bounds	produced_destination	7	import Mathlib.LinearAlgebra.Matrix.Block	c0004_expanded
NumStability.Analysis.MatrixNorms.SpectralExtrema.PrincipalSubmatrices.Bounds	produced_destination	8	import Mathlib.LinearAlgebra.Matrix.NonsingularInverse	c0004_expanded
NumStability.Analysis.MatrixNorms.SpectralExtrema.PrincipalSubmatrices.Bounds	produced_destination	9	import Mathlib.LinearAlgebra.Matrix.Rank	c0004_expanded
NumStability.Analysis.MatrixNorms.SpectralExtrema.PrincipalSubmatrices.Bounds	produced_destination	10	import Mathlib.Tactic.FieldSimp	c0004_expanded
NumStability.Analysis.MatrixNorms.SpectralExtrema.PrincipalSubmatrices.Bounds	produced_destination	11	import Mathlib.Tactic.Linarith	c0004_expanded
NumStability.Analysis.MatrixNorms.SpectralExtrema.PrincipalSubmatrices.Bounds	produced_destination	12	import Mathlib.Tactic.Ring	c0004_expanded
NumStability.Analysis.MatrixNorms.SpectralExtrema.PrincipalSubmatrices.Bounds	produced_destination	13	import NumStability.Algorithms.Cholesky.CholeskyDemmel	c0004_direct
NumStability.Analysis.MatrixNorms.SpectralExtrema.PrincipalSubmatrices.Bounds	produced_destination	14	import NumStability.Algorithms.Cholesky.CholeskyFl	c0004_direct
NumStability.Analysis.MatrixNorms.SpectralExtrema.PrincipalSubmatrices.Bounds	produced_destination	15	import NumStability.Algorithms.Cholesky.CholeskyNonsym	c0004_direct+route_dag
NumStability.Analysis.MatrixNorms.SpectralExtrema.PrincipalSubmatrices.Bounds	produced_destination	16	import NumStability.Algorithms.Cholesky.CholeskySpec	c0004_direct+c0004_expanded
NumStability.Analysis.MatrixNorms.SpectralExtrema.PrincipalSubmatrices.Bounds	produced_destination	17	import NumStability.Algorithms.LU.GaussianElimination	c0004_expanded
NumStability.Analysis.MatrixNorms.SpectralExtrema.PrincipalSubmatrices.Bounds	produced_destination	18	import NumStability.Algorithms.LinearSystems.Cholesky.ErrorAnalysis.Certificates	c0004_direct
NumStability.Analysis.MatrixNorms.SpectralExtrema.PrincipalSubmatrices.Bounds	produced_destination	19	import NumStability.Algorithms.LinearSystems.Cholesky.Perturbation.Basic	c0004_direct
NumStability.Analysis.MatrixNorms.SpectralExtrema.PrincipalSubmatrices.Bounds	produced_destination	20	import NumStability.Algorithms.LinearSystems.Cholesky.PositiveSemidefinite.Basic	c0004_expanded
NumStability.Analysis.MatrixNorms.SpectralExtrema.PrincipalSubmatrices.Bounds	produced_destination	21	import NumStability.Algorithms.LinearSystems.Cholesky.PositiveSemidefinite.KahanMatrix	c0004_direct
NumStability.Analysis.MatrixNorms.SpectralExtrema.PrincipalSubmatrices.Bounds	produced_destination	22	import NumStability.Algorithms.LinearSystems.Cholesky.PositiveSemidefinite.ScaledStage	c0004_direct
NumStability.Analysis.MatrixNorms.SpectralExtrema.PrincipalSubmatrices.Bounds	produced_destination	23	import NumStability.Analysis.MatrixNorms.EntrywiseAbsolute.Basic	c0004_direct
NumStability.Analysis.MatrixNorms.SpectralExtrema.PrincipalSubmatrices.Bounds	produced_destination	24	import NumStability.Analysis.MatrixNorms.SpectralExtrema.Basic	c0004_direct
NumStability.Analysis.MatrixNorms.SpectralExtrema.PrincipalSubmatrices.Bounds	produced_destination	25	import NumStability.Analysis.MatrixSpectral	c0004_direct
NumStability.Analysis.MatrixNorms.SpectralExtrema.PrincipalSubmatrices.Bounds	produced_destination	26	import NumStability.Analysis.Rounding	c0004_expanded
NumStability.Analysis.MatrixNorms.SpectralExtrema.PrincipalSubmatrices.Bounds	produced_destination	27	import NumStability.FloatingPoint.Model	c0004_expanded
NumStability.Source.Higham.Chapter06.Lemma06	aggregate	1	import NumStability.Analysis.MatrixNorms.Comparisons	c0004_direct
NumStability.Source.Higham.Chapter06.Lemma06	aggregate	2	import NumStability.Source.Higham.Chapter06.Lemma06.Core.Results	produced_destination
NumStability.Source.Higham.Chapter06.Lemma06.Core.Results	produced_destination	1	import NumStability.Analysis.MatrixNorms.Comparisons	c0004_direct
NumStability.Source.Higham.Chapter10.Equation29.Mathias.RoundedSchur.Bounds	produced_destination	1	import Mathlib.Algebra.BigOperators.Field	c0004_expanded
NumStability.Source.Higham.Chapter10.Equation29.Mathias.RoundedSchur.Bounds	produced_destination	2	import Mathlib.Algebra.BigOperators.Group.Finset.Basic	c0004_expanded
NumStability.Source.Higham.Chapter10.Equation29.Mathias.RoundedSchur.Bounds	produced_destination	3	import Mathlib.Algebra.Order.BigOperators.Group.Finset	c0004_expanded
NumStability.Source.Higham.Chapter10.Equation29.Mathias.RoundedSchur.Bounds	produced_destination	4	import Mathlib.Data.Complex.Basic	c0004_expanded
NumStability.Source.Higham.Chapter10.Equation29.Mathias.RoundedSchur.Bounds	produced_destination	5	import Mathlib.Data.Real.Basic	c0004_expanded
NumStability.Source.Higham.Chapter10.Equation29.Mathias.RoundedSchur.Bounds	produced_destination	6	import Mathlib.Data.Real.Sqrt	c0004_expanded
NumStability.Source.Higham.Chapter10.Equation29.Mathias.RoundedSchur.Bounds	produced_destination	7	import Mathlib.LinearAlgebra.Matrix.Block	c0004_expanded
NumStability.Source.Higham.Chapter10.Equation29.Mathias.RoundedSchur.Bounds	produced_destination	8	import Mathlib.LinearAlgebra.Matrix.NonsingularInverse	c0004_expanded
NumStability.Source.Higham.Chapter10.Equation29.Mathias.RoundedSchur.Bounds	produced_destination	9	import Mathlib.LinearAlgebra.Matrix.Rank	c0004_expanded
NumStability.Source.Higham.Chapter10.Equation29.Mathias.RoundedSchur.Bounds	produced_destination	10	import Mathlib.Tactic.FieldSimp	c0004_expanded
NumStability.Source.Higham.Chapter10.Equation29.Mathias.RoundedSchur.Bounds	produced_destination	11	import Mathlib.Tactic.Linarith	c0004_expanded
NumStability.Source.Higham.Chapter10.Equation29.Mathias.RoundedSchur.Bounds	produced_destination	12	import Mathlib.Tactic.Ring	c0004_expanded
NumStability.Source.Higham.Chapter10.Equation29.Mathias.RoundedSchur.Bounds	produced_destination	13	import NumStability.Algorithms.Cholesky.CholeskyDemmel	c0004_expanded
NumStability.Source.Higham.Chapter10.Equation29.Mathias.RoundedSchur.Bounds	produced_destination	14	import NumStability.Algorithms.Cholesky.CholeskyFl	c0004_expanded
NumStability.Source.Higham.Chapter10.Equation29.Mathias.RoundedSchur.Bounds	produced_destination	15	import NumStability.Algorithms.Cholesky.CholeskyNonsym	c0004_expanded
NumStability.Source.Higham.Chapter10.Equation29.Mathias.RoundedSchur.Bounds	produced_destination	16	import NumStability.Algorithms.Cholesky.CholeskySpec	c0004_expanded+route_dag
NumStability.Source.Higham.Chapter10.Equation29.Mathias.RoundedSchur.Bounds	produced_destination	17	import NumStability.Algorithms.LU.GaussianElimination	c0004_expanded
NumStability.Source.Higham.Chapter10.Equation29.Mathias.RoundedSchur.Bounds	produced_destination	18	import NumStability.Algorithms.LinearSystems.Cholesky.ErrorAnalysis.Certificates	c0004_expanded
NumStability.Source.Higham.Chapter10.Equation29.Mathias.RoundedSchur.Bounds	produced_destination	19	import NumStability.Algorithms.LinearSystems.Cholesky.Perturbation.Basic	c0004_expanded
NumStability.Source.Higham.Chapter10.Equation29.Mathias.RoundedSchur.Bounds	produced_destination	20	import NumStability.Algorithms.LinearSystems.Cholesky.PositiveSemidefinite.Basic	c0004_expanded
NumStability.Source.Higham.Chapter10.Equation29.Mathias.RoundedSchur.Bounds	produced_destination	21	import NumStability.Algorithms.LinearSystems.Cholesky.PositiveSemidefinite.KahanMatrix	c0004_expanded
NumStability.Source.Higham.Chapter10.Equation29.Mathias.RoundedSchur.Bounds	produced_destination	22	import NumStability.Algorithms.LinearSystems.Cholesky.PositiveSemidefinite.ScaledStage	c0004_expanded
NumStability.Source.Higham.Chapter10.Equation29.Mathias.RoundedSchur.Bounds	produced_destination	23	import NumStability.Analysis.MatrixNorms.EntrywiseAbsolute.Basic	c0004_expanded
NumStability.Source.Higham.Chapter10.Equation29.Mathias.RoundedSchur.Bounds	produced_destination	24	import NumStability.Analysis.MatrixNorms.SpectralExtrema.Basic	c0004_expanded
NumStability.Source.Higham.Chapter10.Equation29.Mathias.RoundedSchur.Bounds	produced_destination	25	import NumStability.Analysis.MatrixSpectral	c0004_expanded
NumStability.Source.Higham.Chapter10.Equation29.Mathias.RoundedSchur.Bounds	produced_destination	26	import NumStability.Analysis.Rounding	c0004_expanded
NumStability.Source.Higham.Chapter10.Equation29.Mathias.RoundedSchur.Bounds	produced_destination	27	import NumStability.FloatingPoint.Model	c0004_expanded
NumStability.Source.Higham.Chapter10.Equation29.Mathias.RoundedSchur.Bounds	produced_destination	28	import NumStability.Source.Higham.Chapter09.DoolittleClosure	c0004_direct
NumStability.Source.Higham.Chapter10.Equation29.Mathias.RoundedSchur.Bounds	produced_destination	29	import NumStability.Source.Higham.Chapter09.Problems	c0004_expanded
NumStability.Source.Higham.Chapter10.Equation29.Mathias.RoundedSchur.Bounds	produced_destination	30	import NumStability.Source.Higham.Chapter09.Section01	c0004_expanded
NumStability.Source.Higham.Chapter10.Equation29.Mathias.RoundedSchur.Bounds	produced_destination	31	import NumStability.Source.Higham.Chapter09.Section02	c0004_expanded
NumStability.Source.Higham.Chapter10.Equation29.Mathias.RoundedSchur.Bounds	produced_destination	32	import NumStability.Source.Higham.Chapter09.Section03	c0004_expanded
NumStability.Source.Higham.Chapter10.Equation29.Mathias.RoundedSchur.Bounds	produced_destination	33	import NumStability.Source.Higham.Chapter09.Section04	c0004_expanded
NumStability.Source.Higham.Chapter10.Equation29.Mathias.RoundedSchur.Bounds	produced_destination	34	import NumStability.Source.Higham.Chapter09.Section05	c0004_expanded
NumStability.Source.Higham.Chapter10.Equation29.Mathias.RoundedSchur.Bounds	produced_destination	35	import NumStability.Source.Higham.Chapter09.Section06	c0004_expanded
NumStability.Source.Higham.Chapter10.Equation29.Mathias.RoundedSchur.Bounds	produced_destination	36	import NumStability.Source.Higham.Chapter09.Section08	c0004_expanded
NumStability.Source.Higham.Chapter10.Equation29.Mathias.RoundedSchur.Bounds	produced_destination	37	import NumStability.Source.Higham.Chapter09.Section10	c0004_expanded
NumStability.Source.Higham.Chapter10.Equation29.Mathias.RoundedSchur.Bounds	produced_destination	38	import NumStability.Source.Higham.Chapter09.Section11	c0004_expanded
NumStability.Source.Higham.Chapter10.Equation29.Mathias.RoundedSchur.Bounds	produced_destination	39	import NumStability.Source.Higham.Chapter10.Equation07.AbsoluteFactorNorm.Endpoints	c0004_expanded
NumStability.Source.Higham.Chapter10.Equation29.Mathias.RoundedSchur.Bounds	produced_destination	40	import NumStability.Source.Higham.Chapter10.Equation29.Mathias.Endpoints	c0004_expanded
NumStability.Source.Higham.Chapter10.Equation29.Mathias.RoundedSchur.Bounds	produced_destination	41	import NumStability.Source.Higham.Chapter10.Equation29.Mathias.FirstBreakdown	c0004_direct
NumStability.Source.Higham.Chapter10.Equation29.Mathias.RoundedSchur.Bounds	produced_destination	42	import NumStability.Source.Higham.Chapter10.Equation29.Mathias.SourceIngredients	c0004_direct
NumStability.Source.Higham.Chapter10.Equation29.Mathias.RoundedSchur.Bounds	produced_destination	43	import NumStability.Source.Higham.Chapter10.Equation30.ComplexPositiveDefinite.Endpoints	c0004_expanded
NumStability.Source.Higham.Chapter10.Equation29.Mathias.RoundedSchur.Bounds	produced_destination	44	import NumStability.Source.Higham.Chapter10.Lemma11.PivotSequenceStability.Endpoints	c0004_expanded
NumStability.Source.Higham.Chapter10.Equation29.Mathias.RoundedSchur.Bounds	produced_destination	45	import NumStability.Source.Higham.Chapter10.Lemma13.KahanSharpness.CompletePivotingBound	c0004_expanded
NumStability.Source.Higham.Chapter10.Equation29.Mathias.RoundedSchur.Bounds	produced_destination	46	import NumStability.Source.Higham.Chapter10.Lemma13.KahanSharpness.Endpoints	c0004_expanded
NumStability.Source.Higham.Chapter10.Equation29.Mathias.RoundedSchur.Bounds	produced_destination	47	import NumStability.Source.Higham.Chapter10.Problem01.PositiveSemidefiniteEntries.Basic	c0004_expanded
NumStability.Source.Higham.Chapter10.Equation29.Mathias.RoundedSchur.Bounds	produced_destination	48	import NumStability.Source.Higham.Chapter10.Problem04.UnpivotedGrowth.Basic	c0004_expanded
NumStability.Source.Higham.Chapter10.Equation29.Mathias.RoundedSchur.Bounds	produced_destination	49	import NumStability.Source.Higham.Chapter10.Problem08.LeadingMinorsCounterexample.Basic	c0004_expanded
NumStability.Source.Higham.Chapter10.Equation29.Mathias.RoundedSchur.Bounds	produced_destination	50	import NumStability.Source.Higham.Chapter10.Section01.Factorization.Basic	c0004_expanded
NumStability.Source.Higham.Chapter10.Equation29.Mathias.RoundedSchur.Bounds	produced_destination	51	import NumStability.Source.Higham.Chapter10.Section02.ErrorAnalysis.Basic	c0004_expanded
NumStability.Source.Higham.Chapter10.Equation29.Mathias.RoundedSchur.Bounds	produced_destination	52	import NumStability.Source.Higham.Chapter10.Section03.PositiveSemidefinite.Endpoints	c0004_expanded
NumStability.Source.Higham.Chapter10.Equation29.Mathias.RoundedSchur.Bounds	produced_destination	53	import NumStability.Source.Higham.Chapter10.Section03.PositiveSemidefinite.Existence	c0004_expanded
NumStability.Source.Higham.Chapter10.Equation29.Mathias.RoundedSchur.Bounds	produced_destination	54	import NumStability.Source.Higham.Chapter10.Section03.PositiveSemidefinite.SchurComplement	c0004_expanded
NumStability.Source.Higham.Chapter10.Equation29.Mathias.RoundedSchur.Bounds	produced_destination	55	import NumStability.Source.Higham.Chapter10.Section03.PositiveSemidefinite.Termination	c0004_expanded
NumStability.Source.Higham.Chapter10.Equation29.Mathias.RoundedSchur.Bounds	produced_destination	56	import NumStability.Source.Higham.Chapter10.Section03.PositiveSemidefinite.WNormBound	c0004_expanded
NumStability.Source.Higham.Chapter10.Equation29.Mathias.RoundedSchur.Bounds	produced_destination	57	import NumStability.Source.Higham.Chapter10.Section04.PositiveDefiniteSymmetricPart.Endpoints	c0004_expanded
NumStability.Source.Higham.Chapter10.Equation29.Mathias.RoundedSchur.Bounds	produced_destination	58	import NumStability.Source.Higham.Chapter10.Section04.PositiveDefiniteSymmetricPart.Equation29	c0004_expanded
NumStability.Source.Higham.Chapter10.Equation29.Mathias.RoundedSchur.Bounds	produced_destination	59	import NumStability.Source.Higham.Chapter10.Section04.PositiveDefiniteSymmetricPart.LUGrowth.Equation29	route_dag
NumStability.Source.Higham.Chapter10.Equation29.Mathias.RoundedSchur.Bounds	produced_destination	60	import NumStability.Source.Higham.Chapter10.Section04.PositiveDefiniteSymmetricPart.SchurStages.Bounds	route_dag
NumStability.Source.Higham.Chapter10.Equation29.Mathias.RoundedSchur.Bounds	produced_destination	61	import NumStability.Source.Higham.Chapter10.Theorem06.RoundedCholesky.Endpoints	c0004_expanded
NumStability.Source.Higham.Chapter10.Equation29.Mathias.RoundedSchur.Bounds	produced_destination	62	import NumStability.Source.Higham.Chapter10.Theorem07.FailureVacuity.Endpoints	c0004_expanded
NumStability.Source.Higham.Chapter10.Equation29.Mathias.RoundedSchur.Bounds	produced_destination	63	import NumStability.Source.Higham.Chapter10.Theorem08.ComponentwisePerturbation.Endpoints	c0004_expanded
NumStability.Source.Higham.Chapter10.Equation29.Mathias.RoundedSchur.Bounds	produced_destination	64	import NumStability.Source.Higham.Chapter10.Theorem08.NormwiseDiscrepancy.Endpoints	c0004_expanded
NumStability.Source.Higham.Chapter10.Equation29.Mathias.RoundedSchur.Bounds	produced_destination	65	import NumStability.Source.Higham.Chapter10.Theorem14.CompletePivotedPSD.Endpoints	c0004_expanded
NumStability.Source.Higham.Chapter10.Equation29.Mathias.RoundedSchur.Bounds	produced_destination	66	import NumStability.Source.Higham.Chapter10.Theorem14.CompletePivotedPSD.PsdErrorAnalysis	c0004_expanded
NumStability.Source.Higham.Chapter10.Equation30.ComplexPositiveDefinite.NoPivotLU.SourceBounds	produced_destination	1	import Mathlib.Algebra.BigOperators.Field	c0004_expanded
NumStability.Source.Higham.Chapter10.Equation30.ComplexPositiveDefinite.NoPivotLU.SourceBounds	produced_destination	2	import Mathlib.Algebra.BigOperators.Group.Finset.Basic	c0004_expanded
NumStability.Source.Higham.Chapter10.Equation30.ComplexPositiveDefinite.NoPivotLU.SourceBounds	produced_destination	3	import Mathlib.Algebra.Order.BigOperators.Group.Finset	c0004_expanded
NumStability.Source.Higham.Chapter10.Equation30.ComplexPositiveDefinite.NoPivotLU.SourceBounds	produced_destination	4	import Mathlib.Data.Complex.Basic	c0004_expanded
NumStability.Source.Higham.Chapter10.Equation30.ComplexPositiveDefinite.NoPivotLU.SourceBounds	produced_destination	5	import Mathlib.Data.Complex.BigOperators	c0004_direct
NumStability.Source.Higham.Chapter10.Equation30.ComplexPositiveDefinite.NoPivotLU.SourceBounds	produced_destination	6	import Mathlib.Data.Real.Basic	c0004_expanded
NumStability.Source.Higham.Chapter10.Equation30.ComplexPositiveDefinite.NoPivotLU.SourceBounds	produced_destination	7	import Mathlib.Data.Real.Sqrt	c0004_expanded
NumStability.Source.Higham.Chapter10.Equation30.ComplexPositiveDefinite.NoPivotLU.SourceBounds	produced_destination	8	import Mathlib.LinearAlgebra.Matrix.Block	c0004_expanded
NumStability.Source.Higham.Chapter10.Equation30.ComplexPositiveDefinite.NoPivotLU.SourceBounds	produced_destination	9	import Mathlib.LinearAlgebra.Matrix.NonsingularInverse	c0004_expanded
NumStability.Source.Higham.Chapter10.Equation30.ComplexPositiveDefinite.NoPivotLU.SourceBounds	produced_destination	10	import Mathlib.LinearAlgebra.Matrix.Rank	c0004_expanded
NumStability.Source.Higham.Chapter10.Equation30.ComplexPositiveDefinite.NoPivotLU.SourceBounds	produced_destination	11	import Mathlib.Tactic.FieldSimp	c0004_expanded
NumStability.Source.Higham.Chapter10.Equation30.ComplexPositiveDefinite.NoPivotLU.SourceBounds	produced_destination	12	import Mathlib.Tactic.Linarith	c0004_expanded
NumStability.Source.Higham.Chapter10.Equation30.ComplexPositiveDefinite.NoPivotLU.SourceBounds	produced_destination	13	import Mathlib.Tactic.Ring	c0004_expanded
NumStability.Source.Higham.Chapter10.Equation30.ComplexPositiveDefinite.NoPivotLU.SourceBounds	produced_destination	14	import NumStability.Algorithms.Cholesky.CholeskyDemmel	c0004_expanded
NumStability.Source.Higham.Chapter10.Equation30.ComplexPositiveDefinite.NoPivotLU.SourceBounds	produced_destination	15	import NumStability.Algorithms.Cholesky.CholeskyFl	c0004_expanded
NumStability.Source.Higham.Chapter10.Equation30.ComplexPositiveDefinite.NoPivotLU.SourceBounds	produced_destination	16	import NumStability.Algorithms.Cholesky.CholeskyNonsym	c0004_expanded
NumStability.Source.Higham.Chapter10.Equation30.ComplexPositiveDefinite.NoPivotLU.SourceBounds	produced_destination	17	import NumStability.Algorithms.Cholesky.CholeskySpec	c0004_expanded
NumStability.Source.Higham.Chapter10.Equation30.ComplexPositiveDefinite.NoPivotLU.SourceBounds	produced_destination	18	import NumStability.Algorithms.ComplexBackwardError	c0004_direct
NumStability.Source.Higham.Chapter10.Equation30.ComplexPositiveDefinite.NoPivotLU.SourceBounds	produced_destination	19	import NumStability.Algorithms.LU.GaussianElimination	c0004_expanded
NumStability.Source.Higham.Chapter10.Equation30.ComplexPositiveDefinite.NoPivotLU.SourceBounds	produced_destination	20	import NumStability.Algorithms.LinearSystems.Cholesky.ErrorAnalysis.Certificates	c0004_expanded
NumStability.Source.Higham.Chapter10.Equation30.ComplexPositiveDefinite.NoPivotLU.SourceBounds	produced_destination	21	import NumStability.Algorithms.LinearSystems.Cholesky.Perturbation.Basic	c0004_expanded
NumStability.Source.Higham.Chapter10.Equation30.ComplexPositiveDefinite.NoPivotLU.SourceBounds	produced_destination	22	import NumStability.Algorithms.LinearSystems.Cholesky.PositiveSemidefinite.Basic	c0004_expanded
NumStability.Source.Higham.Chapter10.Equation30.ComplexPositiveDefinite.NoPivotLU.SourceBounds	produced_destination	23	import NumStability.Algorithms.LinearSystems.Cholesky.PositiveSemidefinite.KahanMatrix	c0004_expanded
NumStability.Source.Higham.Chapter10.Equation30.ComplexPositiveDefinite.NoPivotLU.SourceBounds	produced_destination	24	import NumStability.Algorithms.LinearSystems.Cholesky.PositiveSemidefinite.ScaledStage	c0004_expanded
NumStability.Source.Higham.Chapter10.Equation30.ComplexPositiveDefinite.NoPivotLU.SourceBounds	produced_destination	25	import NumStability.Analysis.ComplexArithmetic	c0004_direct
NumStability.Source.Higham.Chapter10.Equation30.ComplexPositiveDefinite.NoPivotLU.SourceBounds	produced_destination	26	import NumStability.Analysis.MatrixAlgebra	c0004_direct
NumStability.Source.Higham.Chapter10.Equation30.ComplexPositiveDefinite.NoPivotLU.SourceBounds	produced_destination	27	import NumStability.Analysis.MatrixNorms.EntrywiseAbsolute.Basic	c0004_expanded
NumStability.Source.Higham.Chapter10.Equation30.ComplexPositiveDefinite.NoPivotLU.SourceBounds	produced_destination	28	import NumStability.Analysis.MatrixNorms.SpectralExtrema.Basic	c0004_expanded
NumStability.Source.Higham.Chapter10.Equation30.ComplexPositiveDefinite.NoPivotLU.SourceBounds	produced_destination	29	import NumStability.Analysis.MatrixSpectral	c0004_expanded
NumStability.Source.Higham.Chapter10.Equation30.ComplexPositiveDefinite.NoPivotLU.SourceBounds	produced_destination	30	import NumStability.Analysis.Rounding	c0004_expanded
NumStability.Source.Higham.Chapter10.Equation30.ComplexPositiveDefinite.NoPivotLU.SourceBounds	produced_destination	31	import NumStability.FloatingPoint.Model	c0004_expanded
NumStability.Source.Higham.Chapter10.Equation30.ComplexPositiveDefinite.NoPivotLU.SourceBounds	produced_destination	32	import NumStability.Source.Higham.Chapter09.Problems	c0004_expanded
NumStability.Source.Higham.Chapter10.Equation30.ComplexPositiveDefinite.NoPivotLU.SourceBounds	produced_destination	33	import NumStability.Source.Higham.Chapter09.Section01	c0004_expanded
NumStability.Source.Higham.Chapter10.Equation30.ComplexPositiveDefinite.NoPivotLU.SourceBounds	produced_destination	34	import NumStability.Source.Higham.Chapter09.Section02	c0004_expanded
NumStability.Source.Higham.Chapter10.Equation30.ComplexPositiveDefinite.NoPivotLU.SourceBounds	produced_destination	35	import NumStability.Source.Higham.Chapter09.Section03	c0004_expanded
NumStability.Source.Higham.Chapter10.Equation30.ComplexPositiveDefinite.NoPivotLU.SourceBounds	produced_destination	36	import NumStability.Source.Higham.Chapter09.Section04	c0004_expanded
NumStability.Source.Higham.Chapter10.Equation30.ComplexPositiveDefinite.NoPivotLU.SourceBounds	produced_destination	37	import NumStability.Source.Higham.Chapter09.Section05	c0004_expanded
NumStability.Source.Higham.Chapter10.Equation30.ComplexPositiveDefinite.NoPivotLU.SourceBounds	produced_destination	38	import NumStability.Source.Higham.Chapter09.Section06	c0004_expanded
NumStability.Source.Higham.Chapter10.Equation30.ComplexPositiveDefinite.NoPivotLU.SourceBounds	produced_destination	39	import NumStability.Source.Higham.Chapter09.Section08	c0004_expanded
NumStability.Source.Higham.Chapter10.Equation30.ComplexPositiveDefinite.NoPivotLU.SourceBounds	produced_destination	40	import NumStability.Source.Higham.Chapter09.Section10	c0004_expanded
NumStability.Source.Higham.Chapter10.Equation30.ComplexPositiveDefinite.NoPivotLU.SourceBounds	produced_destination	41	import NumStability.Source.Higham.Chapter09.Section11	c0004_expanded
NumStability.Source.Higham.Chapter10.Equation30.ComplexPositiveDefinite.NoPivotLU.SourceBounds	produced_destination	42	import NumStability.Source.Higham.Chapter10.Equation07.AbsoluteFactorNorm.Endpoints	c0004_expanded
NumStability.Source.Higham.Chapter10.Equation30.ComplexPositiveDefinite.NoPivotLU.SourceBounds	produced_destination	43	import NumStability.Source.Higham.Chapter10.Equation29.Mathias.Endpoints	c0004_expanded
NumStability.Source.Higham.Chapter10.Equation30.ComplexPositiveDefinite.NoPivotLU.SourceBounds	produced_destination	44	import NumStability.Source.Higham.Chapter10.Equation30.ComplexPositiveDefinite.Endpoints	c0004_expanded
NumStability.Source.Higham.Chapter10.Equation30.ComplexPositiveDefinite.NoPivotLU.SourceBounds	produced_destination	45	import NumStability.Source.Higham.Chapter10.Equation30.ComplexPositiveDefinite.SourceClosure	c0004_direct
NumStability.Source.Higham.Chapter10.Equation30.ComplexPositiveDefinite.NoPivotLU.SourceBounds	produced_destination	46	import NumStability.Source.Higham.Chapter10.Lemma11.PivotSequenceStability.Endpoints	c0004_expanded
NumStability.Source.Higham.Chapter10.Equation30.ComplexPositiveDefinite.NoPivotLU.SourceBounds	produced_destination	47	import NumStability.Source.Higham.Chapter10.Lemma13.KahanSharpness.CompletePivotingBound	c0004_expanded
NumStability.Source.Higham.Chapter10.Equation30.ComplexPositiveDefinite.NoPivotLU.SourceBounds	produced_destination	48	import NumStability.Source.Higham.Chapter10.Lemma13.KahanSharpness.Endpoints	c0004_expanded
NumStability.Source.Higham.Chapter10.Equation30.ComplexPositiveDefinite.NoPivotLU.SourceBounds	produced_destination	49	import NumStability.Source.Higham.Chapter10.Problem01.PositiveSemidefiniteEntries.Basic	c0004_expanded
NumStability.Source.Higham.Chapter10.Equation30.ComplexPositiveDefinite.NoPivotLU.SourceBounds	produced_destination	50	import NumStability.Source.Higham.Chapter10.Problem04.UnpivotedGrowth.Basic	c0004_expanded
NumStability.Source.Higham.Chapter10.Equation30.ComplexPositiveDefinite.NoPivotLU.SourceBounds	produced_destination	51	import NumStability.Source.Higham.Chapter10.Problem08.LeadingMinorsCounterexample.Basic	c0004_expanded
NumStability.Source.Higham.Chapter10.Equation30.ComplexPositiveDefinite.NoPivotLU.SourceBounds	produced_destination	52	import NumStability.Source.Higham.Chapter10.Section01.Factorization.Basic	c0004_expanded
NumStability.Source.Higham.Chapter10.Equation30.ComplexPositiveDefinite.NoPivotLU.SourceBounds	produced_destination	53	import NumStability.Source.Higham.Chapter10.Section02.ErrorAnalysis.Basic	c0004_expanded
NumStability.Source.Higham.Chapter10.Equation30.ComplexPositiveDefinite.NoPivotLU.SourceBounds	produced_destination	54	import NumStability.Source.Higham.Chapter10.Section03.PositiveSemidefinite.Endpoints	c0004_expanded
NumStability.Source.Higham.Chapter10.Equation30.ComplexPositiveDefinite.NoPivotLU.SourceBounds	produced_destination	55	import NumStability.Source.Higham.Chapter10.Section03.PositiveSemidefinite.Existence	c0004_expanded
NumStability.Source.Higham.Chapter10.Equation30.ComplexPositiveDefinite.NoPivotLU.SourceBounds	produced_destination	56	import NumStability.Source.Higham.Chapter10.Section03.PositiveSemidefinite.SchurComplement	c0004_expanded
NumStability.Source.Higham.Chapter10.Equation30.ComplexPositiveDefinite.NoPivotLU.SourceBounds	produced_destination	57	import NumStability.Source.Higham.Chapter10.Section03.PositiveSemidefinite.Termination	c0004_expanded
NumStability.Source.Higham.Chapter10.Equation30.ComplexPositiveDefinite.NoPivotLU.SourceBounds	produced_destination	58	import NumStability.Source.Higham.Chapter10.Section03.PositiveSemidefinite.WNormBound	c0004_expanded
NumStability.Source.Higham.Chapter10.Equation30.ComplexPositiveDefinite.NoPivotLU.SourceBounds	produced_destination	59	import NumStability.Source.Higham.Chapter10.Section04.PositiveDefiniteSymmetricPart.Endpoints	c0004_expanded
NumStability.Source.Higham.Chapter10.Equation30.ComplexPositiveDefinite.NoPivotLU.SourceBounds	produced_destination	60	import NumStability.Source.Higham.Chapter10.Theorem06.RoundedCholesky.Endpoints	c0004_expanded
NumStability.Source.Higham.Chapter10.Equation30.ComplexPositiveDefinite.NoPivotLU.SourceBounds	produced_destination	61	import NumStability.Source.Higham.Chapter10.Theorem07.FailureVacuity.Endpoints	c0004_expanded
NumStability.Source.Higham.Chapter10.Equation30.ComplexPositiveDefinite.NoPivotLU.SourceBounds	produced_destination	62	import NumStability.Source.Higham.Chapter10.Theorem08.ComponentwisePerturbation.Endpoints	c0004_expanded
NumStability.Source.Higham.Chapter10.Equation30.ComplexPositiveDefinite.NoPivotLU.SourceBounds	produced_destination	63	import NumStability.Source.Higham.Chapter10.Theorem08.NormwiseDiscrepancy.Endpoints	c0004_expanded
NumStability.Source.Higham.Chapter10.Equation30.ComplexPositiveDefinite.NoPivotLU.SourceBounds	produced_destination	64	import NumStability.Source.Higham.Chapter10.Theorem14.CompletePivotedPSD.Endpoints	c0004_expanded
NumStability.Source.Higham.Chapter10.Equation30.ComplexPositiveDefinite.NoPivotLU.SourceBounds	produced_destination	65	import NumStability.Source.Higham.Chapter10.Theorem14.CompletePivotedPSD.PsdErrorAnalysis	c0004_expanded
NumStability.Source.Higham.Chapter10.Lemma13.KahanSharpness.OperatorNorm.SourceBound	produced_destination	1	import Mathlib.Algebra.BigOperators.Field	c0004_expanded
NumStability.Source.Higham.Chapter10.Lemma13.KahanSharpness.OperatorNorm.SourceBound	produced_destination	2	import Mathlib.Algebra.BigOperators.Group.Finset.Basic	c0004_expanded
NumStability.Source.Higham.Chapter10.Lemma13.KahanSharpness.OperatorNorm.SourceBound	produced_destination	3	import Mathlib.Algebra.Order.BigOperators.Group.Finset	c0004_expanded
NumStability.Source.Higham.Chapter10.Lemma13.KahanSharpness.OperatorNorm.SourceBound	produced_destination	4	import Mathlib.Data.Complex.Basic	c0004_expanded
NumStability.Source.Higham.Chapter10.Lemma13.KahanSharpness.OperatorNorm.SourceBound	produced_destination	5	import Mathlib.Data.Real.Basic	c0004_expanded
NumStability.Source.Higham.Chapter10.Lemma13.KahanSharpness.OperatorNorm.SourceBound	produced_destination	6	import Mathlib.Data.Real.Sqrt	c0004_expanded
NumStability.Source.Higham.Chapter10.Lemma13.KahanSharpness.OperatorNorm.SourceBound	produced_destination	7	import Mathlib.LinearAlgebra.Matrix.Block	c0004_expanded
NumStability.Source.Higham.Chapter10.Lemma13.KahanSharpness.OperatorNorm.SourceBound	produced_destination	8	import Mathlib.LinearAlgebra.Matrix.NonsingularInverse	c0004_expanded
NumStability.Source.Higham.Chapter10.Lemma13.KahanSharpness.OperatorNorm.SourceBound	produced_destination	9	import Mathlib.LinearAlgebra.Matrix.Rank	c0004_expanded
NumStability.Source.Higham.Chapter10.Lemma13.KahanSharpness.OperatorNorm.SourceBound	produced_destination	10	import Mathlib.Tactic.FieldSimp	c0004_expanded
NumStability.Source.Higham.Chapter10.Lemma13.KahanSharpness.OperatorNorm.SourceBound	produced_destination	11	import Mathlib.Tactic.Linarith	c0004_expanded
NumStability.Source.Higham.Chapter10.Lemma13.KahanSharpness.OperatorNorm.SourceBound	produced_destination	12	import Mathlib.Tactic.Ring	c0004_expanded
NumStability.Source.Higham.Chapter10.Lemma13.KahanSharpness.OperatorNorm.SourceBound	produced_destination	13	import NumStability.Algorithms.Cholesky.CholeskyDemmel	c0004_expanded
NumStability.Source.Higham.Chapter10.Lemma13.KahanSharpness.OperatorNorm.SourceBound	produced_destination	14	import NumStability.Algorithms.Cholesky.CholeskyFl	c0004_expanded
NumStability.Source.Higham.Chapter10.Lemma13.KahanSharpness.OperatorNorm.SourceBound	produced_destination	15	import NumStability.Algorithms.Cholesky.CholeskyNonsym	c0004_expanded
NumStability.Source.Higham.Chapter10.Lemma13.KahanSharpness.OperatorNorm.SourceBound	produced_destination	16	import NumStability.Algorithms.Cholesky.CholeskySpec	c0004_expanded
NumStability.Source.Higham.Chapter10.Lemma13.KahanSharpness.OperatorNorm.SourceBound	produced_destination	17	import NumStability.Algorithms.LU.GaussianElimination	c0004_expanded
NumStability.Source.Higham.Chapter10.Lemma13.KahanSharpness.OperatorNorm.SourceBound	produced_destination	18	import NumStability.Algorithms.LinearSystems.Cholesky.ErrorAnalysis.Certificates	c0004_expanded
NumStability.Source.Higham.Chapter10.Lemma13.KahanSharpness.OperatorNorm.SourceBound	produced_destination	19	import NumStability.Algorithms.LinearSystems.Cholesky.Perturbation.Basic	c0004_expanded
NumStability.Source.Higham.Chapter10.Lemma13.KahanSharpness.OperatorNorm.SourceBound	produced_destination	20	import NumStability.Algorithms.LinearSystems.Cholesky.PositiveSemidefinite.Basic	c0004_expanded
NumStability.Source.Higham.Chapter10.Lemma13.KahanSharpness.OperatorNorm.SourceBound	produced_destination	21	import NumStability.Algorithms.LinearSystems.Cholesky.PositiveSemidefinite.KahanMatrix	c0004_expanded
NumStability.Source.Higham.Chapter10.Lemma13.KahanSharpness.OperatorNorm.SourceBound	produced_destination	22	import NumStability.Algorithms.LinearSystems.Cholesky.PositiveSemidefinite.KahanTelescope.Identity	route_dag
NumStability.Source.Higham.Chapter10.Lemma13.KahanSharpness.OperatorNorm.SourceBound	produced_destination	23	import NumStability.Algorithms.LinearSystems.Cholesky.PositiveSemidefinite.ScaledStage	c0004_expanded
NumStability.Source.Higham.Chapter10.Lemma13.KahanSharpness.OperatorNorm.SourceBound	produced_destination	24	import NumStability.Analysis.MatrixNorms.EntrywiseAbsolute.Basic	c0004_expanded
NumStability.Source.Higham.Chapter10.Lemma13.KahanSharpness.OperatorNorm.SourceBound	produced_destination	25	import NumStability.Analysis.MatrixNorms.SpectralExtrema.Basic	c0004_expanded
NumStability.Source.Higham.Chapter10.Lemma13.KahanSharpness.OperatorNorm.SourceBound	produced_destination	26	import NumStability.Analysis.MatrixSpectral	c0004_expanded
NumStability.Source.Higham.Chapter10.Lemma13.KahanSharpness.OperatorNorm.SourceBound	produced_destination	27	import NumStability.Analysis.Rounding	c0004_expanded
NumStability.Source.Higham.Chapter10.Lemma13.KahanSharpness.OperatorNorm.SourceBound	produced_destination	28	import NumStability.FloatingPoint.Model	c0004_expanded
NumStability.Source.Higham.Chapter10.Lemma13.KahanSharpness.OperatorNorm.SourceBound	produced_destination	29	import NumStability.Source.Higham.Chapter09.Problems	c0004_expanded
NumStability.Source.Higham.Chapter10.Lemma13.KahanSharpness.OperatorNorm.SourceBound	produced_destination	30	import NumStability.Source.Higham.Chapter09.Section01	c0004_expanded
NumStability.Source.Higham.Chapter10.Lemma13.KahanSharpness.OperatorNorm.SourceBound	produced_destination	31	import NumStability.Source.Higham.Chapter09.Section02	c0004_expanded
NumStability.Source.Higham.Chapter10.Lemma13.KahanSharpness.OperatorNorm.SourceBound	produced_destination	32	import NumStability.Source.Higham.Chapter09.Section03	c0004_expanded
NumStability.Source.Higham.Chapter10.Lemma13.KahanSharpness.OperatorNorm.SourceBound	produced_destination	33	import NumStability.Source.Higham.Chapter09.Section04	c0004_expanded
NumStability.Source.Higham.Chapter10.Lemma13.KahanSharpness.OperatorNorm.SourceBound	produced_destination	34	import NumStability.Source.Higham.Chapter09.Section05	c0004_expanded
NumStability.Source.Higham.Chapter10.Lemma13.KahanSharpness.OperatorNorm.SourceBound	produced_destination	35	import NumStability.Source.Higham.Chapter09.Section06	c0004_expanded
NumStability.Source.Higham.Chapter10.Lemma13.KahanSharpness.OperatorNorm.SourceBound	produced_destination	36	import NumStability.Source.Higham.Chapter09.Section08	c0004_expanded
NumStability.Source.Higham.Chapter10.Lemma13.KahanSharpness.OperatorNorm.SourceBound	produced_destination	37	import NumStability.Source.Higham.Chapter09.Section10	c0004_expanded
NumStability.Source.Higham.Chapter10.Lemma13.KahanSharpness.OperatorNorm.SourceBound	produced_destination	38	import NumStability.Source.Higham.Chapter09.Section11	c0004_expanded
NumStability.Source.Higham.Chapter10.Lemma13.KahanSharpness.OperatorNorm.SourceBound	produced_destination	39	import NumStability.Source.Higham.Chapter10.Equation07.AbsoluteFactorNorm.Endpoints	c0004_expanded
NumStability.Source.Higham.Chapter10.Lemma13.KahanSharpness.OperatorNorm.SourceBound	produced_destination	40	import NumStability.Source.Higham.Chapter10.Equation29.Mathias.Endpoints	c0004_expanded
NumStability.Source.Higham.Chapter10.Lemma13.KahanSharpness.OperatorNorm.SourceBound	produced_destination	41	import NumStability.Source.Higham.Chapter10.Equation30.ComplexPositiveDefinite.Endpoints	c0004_expanded
NumStability.Source.Higham.Chapter10.Lemma13.KahanSharpness.OperatorNorm.SourceBound	produced_destination	42	import NumStability.Source.Higham.Chapter10.Lemma11.PivotSequenceStability.Endpoints	c0004_expanded
NumStability.Source.Higham.Chapter10.Lemma13.KahanSharpness.OperatorNorm.SourceBound	produced_destination	43	import NumStability.Source.Higham.Chapter10.Lemma13.KahanSharpness.CompletePivotingBound	c0004_expanded
NumStability.Source.Higham.Chapter10.Lemma13.KahanSharpness.OperatorNorm.SourceBound	produced_destination	44	import NumStability.Source.Higham.Chapter10.Lemma13.KahanSharpness.Endpoints	c0004_expanded
NumStability.Source.Higham.Chapter10.Lemma13.KahanSharpness.OperatorNorm.SourceBound	produced_destination	45	import NumStability.Source.Higham.Chapter10.Lemma13.KahanSharpness.GramFamily	c0004_direct
NumStability.Source.Higham.Chapter10.Lemma13.KahanSharpness.OperatorNorm.SourceBound	produced_destination	46	import NumStability.Source.Higham.Chapter10.Lemma13.KahanSharpness.Limit	c0004_direct
NumStability.Source.Higham.Chapter10.Lemma13.KahanSharpness.OperatorNorm.SourceBound	produced_destination	47	import NumStability.Source.Higham.Chapter10.Problem01.PositiveSemidefiniteEntries.Basic	c0004_expanded
NumStability.Source.Higham.Chapter10.Lemma13.KahanSharpness.OperatorNorm.SourceBound	produced_destination	48	import NumStability.Source.Higham.Chapter10.Problem04.UnpivotedGrowth.Basic	c0004_expanded
NumStability.Source.Higham.Chapter10.Lemma13.KahanSharpness.OperatorNorm.SourceBound	produced_destination	49	import NumStability.Source.Higham.Chapter10.Problem08.LeadingMinorsCounterexample.Basic	c0004_expanded
NumStability.Source.Higham.Chapter10.Lemma13.KahanSharpness.OperatorNorm.SourceBound	produced_destination	50	import NumStability.Source.Higham.Chapter10.Section01.Factorization.Basic	c0004_expanded
NumStability.Source.Higham.Chapter10.Lemma13.KahanSharpness.OperatorNorm.SourceBound	produced_destination	51	import NumStability.Source.Higham.Chapter10.Section02.ErrorAnalysis.Basic	c0004_expanded
NumStability.Source.Higham.Chapter10.Lemma13.KahanSharpness.OperatorNorm.SourceBound	produced_destination	52	import NumStability.Source.Higham.Chapter10.Section03.PositiveSemidefinite.Endpoints	c0004_expanded
NumStability.Source.Higham.Chapter10.Lemma13.KahanSharpness.OperatorNorm.SourceBound	produced_destination	53	import NumStability.Source.Higham.Chapter10.Section03.PositiveSemidefinite.Existence	c0004_expanded
NumStability.Source.Higham.Chapter10.Lemma13.KahanSharpness.OperatorNorm.SourceBound	produced_destination	54	import NumStability.Source.Higham.Chapter10.Section03.PositiveSemidefinite.SchurComplement	c0004_expanded
NumStability.Source.Higham.Chapter10.Lemma13.KahanSharpness.OperatorNorm.SourceBound	produced_destination	55	import NumStability.Source.Higham.Chapter10.Section03.PositiveSemidefinite.Termination	c0004_expanded
NumStability.Source.Higham.Chapter10.Lemma13.KahanSharpness.OperatorNorm.SourceBound	produced_destination	56	import NumStability.Source.Higham.Chapter10.Section03.PositiveSemidefinite.WNormBound	c0004_expanded
NumStability.Source.Higham.Chapter10.Lemma13.KahanSharpness.OperatorNorm.SourceBound	produced_destination	57	import NumStability.Source.Higham.Chapter10.Section04.PositiveDefiniteSymmetricPart.Endpoints	c0004_expanded
NumStability.Source.Higham.Chapter10.Lemma13.KahanSharpness.OperatorNorm.SourceBound	produced_destination	58	import NumStability.Source.Higham.Chapter10.Theorem06.RoundedCholesky.Endpoints	c0004_expanded
NumStability.Source.Higham.Chapter10.Lemma13.KahanSharpness.OperatorNorm.SourceBound	produced_destination	59	import NumStability.Source.Higham.Chapter10.Theorem07.FailureVacuity.Endpoints	c0004_expanded
NumStability.Source.Higham.Chapter10.Lemma13.KahanSharpness.OperatorNorm.SourceBound	produced_destination	60	import NumStability.Source.Higham.Chapter10.Theorem08.ComponentwisePerturbation.Endpoints	c0004_expanded
NumStability.Source.Higham.Chapter10.Lemma13.KahanSharpness.OperatorNorm.SourceBound	produced_destination	61	import NumStability.Source.Higham.Chapter10.Theorem08.NormwiseDiscrepancy.Endpoints	c0004_expanded
NumStability.Source.Higham.Chapter10.Lemma13.KahanSharpness.OperatorNorm.SourceBound	produced_destination	62	import NumStability.Source.Higham.Chapter10.Theorem14.CompletePivotedPSD.Endpoints	c0004_expanded
NumStability.Source.Higham.Chapter10.Lemma13.KahanSharpness.OperatorNorm.SourceBound	produced_destination	63	import NumStability.Source.Higham.Chapter10.Theorem14.CompletePivotedPSD.PsdErrorAnalysis	c0004_expanded
NumStability.Source.Higham.Chapter10.Lemma13.KahanSharpness.UnboundedGrowth.Construction	produced_destination	1	import Mathlib.Algebra.BigOperators.Field	c0004_expanded
NumStability.Source.Higham.Chapter10.Lemma13.KahanSharpness.UnboundedGrowth.Construction	produced_destination	2	import Mathlib.Algebra.BigOperators.Group.Finset.Basic	c0004_expanded
NumStability.Source.Higham.Chapter10.Lemma13.KahanSharpness.UnboundedGrowth.Construction	produced_destination	3	import Mathlib.Algebra.Order.BigOperators.Group.Finset	c0004_expanded
NumStability.Source.Higham.Chapter10.Lemma13.KahanSharpness.UnboundedGrowth.Construction	produced_destination	4	import Mathlib.Data.Complex.Basic	c0004_direct
NumStability.Source.Higham.Chapter10.Lemma13.KahanSharpness.UnboundedGrowth.Construction	produced_destination	5	import Mathlib.Data.Real.Basic	c0004_expanded
NumStability.Source.Higham.Chapter10.Lemma13.KahanSharpness.UnboundedGrowth.Construction	produced_destination	6	import Mathlib.Data.Real.Sqrt	c0004_expanded
NumStability.Source.Higham.Chapter10.Lemma13.KahanSharpness.UnboundedGrowth.Construction	produced_destination	7	import Mathlib.LinearAlgebra.Matrix.Block	c0004_expanded
NumStability.Source.Higham.Chapter10.Lemma13.KahanSharpness.UnboundedGrowth.Construction	produced_destination	8	import Mathlib.LinearAlgebra.Matrix.NonsingularInverse	c0004_expanded
NumStability.Source.Higham.Chapter10.Lemma13.KahanSharpness.UnboundedGrowth.Construction	produced_destination	9	import Mathlib.LinearAlgebra.Matrix.Rank	c0004_expanded
NumStability.Source.Higham.Chapter10.Lemma13.KahanSharpness.UnboundedGrowth.Construction	produced_destination	10	import Mathlib.Tactic.FieldSimp	c0004_expanded
NumStability.Source.Higham.Chapter10.Lemma13.KahanSharpness.UnboundedGrowth.Construction	produced_destination	11	import Mathlib.Tactic.Linarith	c0004_expanded
NumStability.Source.Higham.Chapter10.Lemma13.KahanSharpness.UnboundedGrowth.Construction	produced_destination	12	import Mathlib.Tactic.Ring	c0004_expanded
NumStability.Source.Higham.Chapter10.Lemma13.KahanSharpness.UnboundedGrowth.Construction	produced_destination	13	import NumStability.Algorithms.Cholesky.CholeskyDemmel	c0004_direct
NumStability.Source.Higham.Chapter10.Lemma13.KahanSharpness.UnboundedGrowth.Construction	produced_destination	14	import NumStability.Algorithms.Cholesky.CholeskyFl	c0004_direct
NumStability.Source.Higham.Chapter10.Lemma13.KahanSharpness.UnboundedGrowth.Construction	produced_destination	15	import NumStability.Algorithms.Cholesky.CholeskyNonsym	c0004_direct
NumStability.Source.Higham.Chapter10.Lemma13.KahanSharpness.UnboundedGrowth.Construction	produced_destination	16	import NumStability.Algorithms.Cholesky.CholeskySpec	c0004_direct+c0004_expanded
NumStability.Source.Higham.Chapter10.Lemma13.KahanSharpness.UnboundedGrowth.Construction	produced_destination	17	import NumStability.Algorithms.LU.GaussianElimination	c0004_expanded
NumStability.Source.Higham.Chapter10.Lemma13.KahanSharpness.UnboundedGrowth.Construction	produced_destination	18	import NumStability.Algorithms.LinearSystems.Cholesky.ErrorAnalysis.Certificates	c0004_direct
NumStability.Source.Higham.Chapter10.Lemma13.KahanSharpness.UnboundedGrowth.Construction	produced_destination	19	import NumStability.Algorithms.LinearSystems.Cholesky.Perturbation.Basic	c0004_direct
NumStability.Source.Higham.Chapter10.Lemma13.KahanSharpness.UnboundedGrowth.Construction	produced_destination	20	import NumStability.Algorithms.LinearSystems.Cholesky.PositiveSemidefinite.Basic	c0004_expanded
NumStability.Source.Higham.Chapter10.Lemma13.KahanSharpness.UnboundedGrowth.Construction	produced_destination	21	import NumStability.Algorithms.LinearSystems.Cholesky.PositiveSemidefinite.KahanMatrix	c0004_direct
NumStability.Source.Higham.Chapter10.Lemma13.KahanSharpness.UnboundedGrowth.Construction	produced_destination	22	import NumStability.Algorithms.LinearSystems.Cholesky.PositiveSemidefinite.ScaledStage	c0004_direct
NumStability.Source.Higham.Chapter10.Lemma13.KahanSharpness.UnboundedGrowth.Construction	produced_destination	23	import NumStability.Analysis.MatrixNorms.EntrywiseAbsolute.Basic	c0004_direct
NumStability.Source.Higham.Chapter10.Lemma13.KahanSharpness.UnboundedGrowth.Construction	produced_destination	24	import NumStability.Analysis.MatrixNorms.SpectralExtrema.Basic	c0004_direct
NumStability.Source.Higham.Chapter10.Lemma13.KahanSharpness.UnboundedGrowth.Construction	produced_destination	25	import NumStability.Analysis.MatrixSpectral	c0004_direct
NumStability.Source.Higham.Chapter10.Lemma13.KahanSharpness.UnboundedGrowth.Construction	produced_destination	26	import NumStability.Analysis.Rounding	c0004_expanded
NumStability.Source.Higham.Chapter10.Lemma13.KahanSharpness.UnboundedGrowth.Construction	produced_destination	27	import NumStability.FloatingPoint.Model	c0004_expanded
NumStability.Source.Higham.Chapter10.Lemma13.KahanSharpness.UnboundedGrowth.Construction	produced_destination	28	import NumStability.Source.Higham.Chapter09.Problems	c0004_direct
NumStability.Source.Higham.Chapter10.Lemma13.KahanSharpness.UnboundedGrowth.Construction	produced_destination	29	import NumStability.Source.Higham.Chapter09.Section01	c0004_direct
NumStability.Source.Higham.Chapter10.Lemma13.KahanSharpness.UnboundedGrowth.Construction	produced_destination	30	import NumStability.Source.Higham.Chapter09.Section02	c0004_direct
NumStability.Source.Higham.Chapter10.Lemma13.KahanSharpness.UnboundedGrowth.Construction	produced_destination	31	import NumStability.Source.Higham.Chapter09.Section03	c0004_direct
NumStability.Source.Higham.Chapter10.Lemma13.KahanSharpness.UnboundedGrowth.Construction	produced_destination	32	import NumStability.Source.Higham.Chapter09.Section04	c0004_direct
NumStability.Source.Higham.Chapter10.Lemma13.KahanSharpness.UnboundedGrowth.Construction	produced_destination	33	import NumStability.Source.Higham.Chapter09.Section05	c0004_direct
NumStability.Source.Higham.Chapter10.Lemma13.KahanSharpness.UnboundedGrowth.Construction	produced_destination	34	import NumStability.Source.Higham.Chapter09.Section06	c0004_direct
NumStability.Source.Higham.Chapter10.Lemma13.KahanSharpness.UnboundedGrowth.Construction	produced_destination	35	import NumStability.Source.Higham.Chapter09.Section08	c0004_direct
NumStability.Source.Higham.Chapter10.Lemma13.KahanSharpness.UnboundedGrowth.Construction	produced_destination	36	import NumStability.Source.Higham.Chapter09.Section10	c0004_direct
NumStability.Source.Higham.Chapter10.Lemma13.KahanSharpness.UnboundedGrowth.Construction	produced_destination	37	import NumStability.Source.Higham.Chapter09.Section11	c0004_direct
NumStability.Source.Higham.Chapter10.Lemma13.KahanSharpness.UnboundedGrowth.Construction	produced_destination	38	import NumStability.Source.Higham.Chapter10.Equation07.AbsoluteFactorNorm.Endpoints	c0004_direct
NumStability.Source.Higham.Chapter10.Lemma13.KahanSharpness.UnboundedGrowth.Construction	produced_destination	39	import NumStability.Source.Higham.Chapter10.Equation29.Mathias.Endpoints	c0004_direct
NumStability.Source.Higham.Chapter10.Lemma13.KahanSharpness.UnboundedGrowth.Construction	produced_destination	40	import NumStability.Source.Higham.Chapter10.Equation30.ComplexPositiveDefinite.Endpoints	c0004_direct
NumStability.Source.Higham.Chapter10.Lemma13.KahanSharpness.UnboundedGrowth.Construction	produced_destination	41	import NumStability.Source.Higham.Chapter10.Lemma11.PivotSequenceStability.Endpoints	c0004_direct
NumStability.Source.Higham.Chapter10.Lemma13.KahanSharpness.UnboundedGrowth.Construction	produced_destination	42	import NumStability.Source.Higham.Chapter10.Lemma13.KahanSharpness.CompletePivotingBound	c0004_expanded
NumStability.Source.Higham.Chapter10.Lemma13.KahanSharpness.UnboundedGrowth.Construction	produced_destination	43	import NumStability.Source.Higham.Chapter10.Lemma13.KahanSharpness.Endpoints	c0004_direct
NumStability.Source.Higham.Chapter10.Lemma13.KahanSharpness.UnboundedGrowth.Construction	produced_destination	44	import NumStability.Source.Higham.Chapter10.Problem01.PositiveSemidefiniteEntries.Basic	c0004_direct
NumStability.Source.Higham.Chapter10.Lemma13.KahanSharpness.UnboundedGrowth.Construction	produced_destination	45	import NumStability.Source.Higham.Chapter10.Problem04.UnpivotedGrowth.Basic	c0004_direct
NumStability.Source.Higham.Chapter10.Lemma13.KahanSharpness.UnboundedGrowth.Construction	produced_destination	46	import NumStability.Source.Higham.Chapter10.Problem08.LeadingMinorsCounterexample.Basic	c0004_direct
NumStability.Source.Higham.Chapter10.Lemma13.KahanSharpness.UnboundedGrowth.Construction	produced_destination	47	import NumStability.Source.Higham.Chapter10.Section01.Factorization.Basic	c0004_direct
NumStability.Source.Higham.Chapter10.Lemma13.KahanSharpness.UnboundedGrowth.Construction	produced_destination	48	import NumStability.Source.Higham.Chapter10.Section02.ErrorAnalysis.Basic	c0004_direct
NumStability.Source.Higham.Chapter10.Lemma13.KahanSharpness.UnboundedGrowth.Construction	produced_destination	49	import NumStability.Source.Higham.Chapter10.Section03.PositiveSemidefinite.Endpoints	c0004_direct
NumStability.Source.Higham.Chapter10.Lemma13.KahanSharpness.UnboundedGrowth.Construction	produced_destination	50	import NumStability.Source.Higham.Chapter10.Section03.PositiveSemidefinite.Existence	c0004_expanded
NumStability.Source.Higham.Chapter10.Lemma13.KahanSharpness.UnboundedGrowth.Construction	produced_destination	51	import NumStability.Source.Higham.Chapter10.Section03.PositiveSemidefinite.SchurComplement	c0004_expanded
NumStability.Source.Higham.Chapter10.Lemma13.KahanSharpness.UnboundedGrowth.Construction	produced_destination	52	import NumStability.Source.Higham.Chapter10.Section03.PositiveSemidefinite.Termination	c0004_expanded
NumStability.Source.Higham.Chapter10.Lemma13.KahanSharpness.UnboundedGrowth.Construction	produced_destination	53	import NumStability.Source.Higham.Chapter10.Section03.PositiveSemidefinite.WNormBound	c0004_expanded
NumStability.Source.Higham.Chapter10.Lemma13.KahanSharpness.UnboundedGrowth.Construction	produced_destination	54	import NumStability.Source.Higham.Chapter10.Section04.PositiveDefiniteSymmetricPart.Endpoints	c0004_direct
NumStability.Source.Higham.Chapter10.Lemma13.KahanSharpness.UnboundedGrowth.Construction	produced_destination	55	import NumStability.Source.Higham.Chapter10.Theorem06.RoundedCholesky.Endpoints	c0004_direct
NumStability.Source.Higham.Chapter10.Lemma13.KahanSharpness.UnboundedGrowth.Construction	produced_destination	56	import NumStability.Source.Higham.Chapter10.Theorem07.FailureVacuity.Endpoints	c0004_direct
NumStability.Source.Higham.Chapter10.Lemma13.KahanSharpness.UnboundedGrowth.Construction	produced_destination	57	import NumStability.Source.Higham.Chapter10.Theorem08.ComponentwisePerturbation.Endpoints	c0004_direct
NumStability.Source.Higham.Chapter10.Lemma13.KahanSharpness.UnboundedGrowth.Construction	produced_destination	58	import NumStability.Source.Higham.Chapter10.Theorem08.NormwiseDiscrepancy.Endpoints	c0004_direct
NumStability.Source.Higham.Chapter10.Lemma13.KahanSharpness.UnboundedGrowth.Construction	produced_destination	59	import NumStability.Source.Higham.Chapter10.Theorem14.CompletePivotedPSD.Endpoints	c0004_direct
NumStability.Source.Higham.Chapter10.Lemma13.KahanSharpness.UnboundedGrowth.Construction	produced_destination	60	import NumStability.Source.Higham.Chapter10.Theorem14.CompletePivotedPSD.PsdErrorAnalysis	c0004_expanded
NumStability.Source.Higham.Chapter10.Problem01.PositiveSemidefiniteEntries.EntryBounds.Results	produced_destination	1	import Mathlib.Algebra.BigOperators.Field	c0004_direct
NumStability.Source.Higham.Chapter10.Problem01.PositiveSemidefiniteEntries.EntryBounds.Results	produced_destination	2	import Mathlib.Algebra.BigOperators.Group.Finset.Basic	c0004_direct
NumStability.Source.Higham.Chapter10.Problem01.PositiveSemidefiniteEntries.EntryBounds.Results	produced_destination	3	import Mathlib.Algebra.Order.BigOperators.Group.Finset	c0004_direct
NumStability.Source.Higham.Chapter10.Problem01.PositiveSemidefiniteEntries.EntryBounds.Results	produced_destination	4	import Mathlib.Data.Real.Basic	c0004_direct
NumStability.Source.Higham.Chapter10.Problem01.PositiveSemidefiniteEntries.EntryBounds.Results	produced_destination	5	import Mathlib.Data.Real.Sqrt	c0004_direct
NumStability.Source.Higham.Chapter10.Problem01.PositiveSemidefiniteEntries.EntryBounds.Results	produced_destination	6	import Mathlib.LinearAlgebra.Matrix.Block	c0004_direct
NumStability.Source.Higham.Chapter10.Problem01.PositiveSemidefiniteEntries.EntryBounds.Results	produced_destination	7	import Mathlib.LinearAlgebra.Matrix.NonsingularInverse	c0004_direct
NumStability.Source.Higham.Chapter10.Problem01.PositiveSemidefiniteEntries.EntryBounds.Results	produced_destination	8	import Mathlib.LinearAlgebra.Matrix.Rank	c0004_direct
NumStability.Source.Higham.Chapter10.Problem01.PositiveSemidefiniteEntries.EntryBounds.Results	produced_destination	9	import Mathlib.Tactic.FieldSimp	c0004_direct
NumStability.Source.Higham.Chapter10.Problem01.PositiveSemidefiniteEntries.EntryBounds.Results	produced_destination	10	import Mathlib.Tactic.Linarith	c0004_direct
NumStability.Source.Higham.Chapter10.Problem01.PositiveSemidefiniteEntries.EntryBounds.Results	produced_destination	11	import Mathlib.Tactic.Ring	c0004_direct
NumStability.Source.Higham.Chapter10.Problem01.PositiveSemidefiniteEntries.EntryBounds.Results	produced_destination	12	import NumStability.Algorithms.Cholesky.CholeskySpec	c0004_direct
NumStability.Source.Higham.Chapter10.Problem01.PositiveSemidefiniteEntries.EntryBounds.Results	produced_destination	13	import NumStability.Algorithms.LU.GaussianElimination	c0004_direct
NumStability.Source.Higham.Chapter10.Problem01.PositiveSemidefiniteEntries.EntryBounds.Results	produced_destination	14	import NumStability.Algorithms.LinearSystems.Cholesky.PositiveSemidefinite.Basic	c0004_direct
NumStability.Source.Higham.Chapter10.Problem01.PositiveSemidefiniteEntries.EntryBounds.Results	produced_destination	15	import NumStability.Analysis.Rounding	c0004_direct
NumStability.Source.Higham.Chapter10.Problem01.PositiveSemidefiniteEntries.EntryBounds.Results	produced_destination	16	import NumStability.FloatingPoint.Model	c0004_direct
NumStability.Source.Higham.Chapter10.Problem01.PositiveSemidefiniteEntries.EntryBounds.Results	produced_destination	17	import NumStability.Source.Higham.Chapter10.Lemma13.KahanSharpness.CompletePivotingBound	c0004_direct
NumStability.Source.Higham.Chapter10.Problem01.PositiveSemidefiniteEntries.EntryBounds.Results	produced_destination	18	import NumStability.Source.Higham.Chapter10.Section03.PositiveSemidefinite.Existence	c0004_direct
NumStability.Source.Higham.Chapter10.Problem01.PositiveSemidefiniteEntries.EntryBounds.Results	produced_destination	19	import NumStability.Source.Higham.Chapter10.Section03.PositiveSemidefinite.SchurComplement	c0004_direct
NumStability.Source.Higham.Chapter10.Problem01.PositiveSemidefiniteEntries.EntryBounds.Results	produced_destination	20	import NumStability.Source.Higham.Chapter10.Section03.PositiveSemidefinite.Termination	c0004_direct
NumStability.Source.Higham.Chapter10.Problem01.PositiveSemidefiniteEntries.EntryBounds.Results	produced_destination	21	import NumStability.Source.Higham.Chapter10.Section03.PositiveSemidefinite.WNormBound	c0004_direct
NumStability.Source.Higham.Chapter10.Problem01.PositiveSemidefiniteEntries.EntryBounds.Results	produced_destination	22	import NumStability.Source.Higham.Chapter10.Theorem14.CompletePivotedPSD.PsdErrorAnalysis	c0004_direct
NumStability.Source.Higham.Chapter10.Problem04.UnpivotedGrowth.PositivePivots.Bounds	produced_destination	1	import Mathlib.Algebra.BigOperators.Field	c0004_expanded
NumStability.Source.Higham.Chapter10.Problem04.UnpivotedGrowth.PositivePivots.Bounds	produced_destination	2	import Mathlib.Algebra.BigOperators.Group.Finset.Basic	c0004_expanded
NumStability.Source.Higham.Chapter10.Problem04.UnpivotedGrowth.PositivePivots.Bounds	produced_destination	3	import Mathlib.Algebra.Order.BigOperators.Group.Finset	c0004_expanded
NumStability.Source.Higham.Chapter10.Problem04.UnpivotedGrowth.PositivePivots.Bounds	produced_destination	4	import Mathlib.Data.Complex.Basic	c0004_direct
NumStability.Source.Higham.Chapter10.Problem04.UnpivotedGrowth.PositivePivots.Bounds	produced_destination	5	import Mathlib.Data.Real.Basic	c0004_expanded
NumStability.Source.Higham.Chapter10.Problem04.UnpivotedGrowth.PositivePivots.Bounds	produced_destination	6	import Mathlib.Data.Real.Sqrt	c0004_expanded
NumStability.Source.Higham.Chapter10.Problem04.UnpivotedGrowth.PositivePivots.Bounds	produced_destination	7	import Mathlib.LinearAlgebra.Matrix.Block	c0004_expanded
NumStability.Source.Higham.Chapter10.Problem04.UnpivotedGrowth.PositivePivots.Bounds	produced_destination	8	import Mathlib.LinearAlgebra.Matrix.NonsingularInverse	c0004_expanded
NumStability.Source.Higham.Chapter10.Problem04.UnpivotedGrowth.PositivePivots.Bounds	produced_destination	9	import Mathlib.LinearAlgebra.Matrix.Rank	c0004_expanded
NumStability.Source.Higham.Chapter10.Problem04.UnpivotedGrowth.PositivePivots.Bounds	produced_destination	10	import Mathlib.Tactic.FieldSimp	c0004_expanded
NumStability.Source.Higham.Chapter10.Problem04.UnpivotedGrowth.PositivePivots.Bounds	produced_destination	11	import Mathlib.Tactic.Linarith	c0004_expanded
NumStability.Source.Higham.Chapter10.Problem04.UnpivotedGrowth.PositivePivots.Bounds	produced_destination	12	import Mathlib.Tactic.Ring	c0004_expanded
NumStability.Source.Higham.Chapter10.Problem04.UnpivotedGrowth.PositivePivots.Bounds	produced_destination	13	import NumStability.Algorithms.Cholesky.CholeskyDemmel	c0004_direct
NumStability.Source.Higham.Chapter10.Problem04.UnpivotedGrowth.PositivePivots.Bounds	produced_destination	14	import NumStability.Algorithms.Cholesky.CholeskyFl	c0004_direct
NumStability.Source.Higham.Chapter10.Problem04.UnpivotedGrowth.PositivePivots.Bounds	produced_destination	15	import NumStability.Algorithms.Cholesky.CholeskyNonsym	c0004_direct
NumStability.Source.Higham.Chapter10.Problem04.UnpivotedGrowth.PositivePivots.Bounds	produced_destination	16	import NumStability.Algorithms.Cholesky.CholeskySpec	c0004_direct+c0004_expanded+route_dag
NumStability.Source.Higham.Chapter10.Problem04.UnpivotedGrowth.PositivePivots.Bounds	produced_destination	17	import NumStability.Algorithms.LU.GaussianElimination	c0004_expanded
NumStability.Source.Higham.Chapter10.Problem04.UnpivotedGrowth.PositivePivots.Bounds	produced_destination	18	import NumStability.Algorithms.LinearSystems.Cholesky.ErrorAnalysis.Certificates	c0004_direct
NumStability.Source.Higham.Chapter10.Problem04.UnpivotedGrowth.PositivePivots.Bounds	produced_destination	19	import NumStability.Algorithms.LinearSystems.Cholesky.Perturbation.Basic	c0004_direct
NumStability.Source.Higham.Chapter10.Problem04.UnpivotedGrowth.PositivePivots.Bounds	produced_destination	20	import NumStability.Algorithms.LinearSystems.Cholesky.PositiveSemidefinite.Basic	c0004_expanded
NumStability.Source.Higham.Chapter10.Problem04.UnpivotedGrowth.PositivePivots.Bounds	produced_destination	21	import NumStability.Algorithms.LinearSystems.Cholesky.PositiveSemidefinite.KahanMatrix	c0004_direct
NumStability.Source.Higham.Chapter10.Problem04.UnpivotedGrowth.PositivePivots.Bounds	produced_destination	22	import NumStability.Algorithms.LinearSystems.Cholesky.PositiveSemidefinite.ScaledStage	c0004_direct
NumStability.Source.Higham.Chapter10.Problem04.UnpivotedGrowth.PositivePivots.Bounds	produced_destination	23	import NumStability.Analysis.MatrixNorms.EntrywiseAbsolute.Basic	c0004_direct
NumStability.Source.Higham.Chapter10.Problem04.UnpivotedGrowth.PositivePivots.Bounds	produced_destination	24	import NumStability.Analysis.MatrixNorms.SpectralExtrema.Basic	c0004_direct
NumStability.Source.Higham.Chapter10.Problem04.UnpivotedGrowth.PositivePivots.Bounds	produced_destination	25	import NumStability.Analysis.MatrixSpectral	c0004_direct
NumStability.Source.Higham.Chapter10.Problem04.UnpivotedGrowth.PositivePivots.Bounds	produced_destination	26	import NumStability.Analysis.Rounding	c0004_expanded
NumStability.Source.Higham.Chapter10.Problem04.UnpivotedGrowth.PositivePivots.Bounds	produced_destination	27	import NumStability.FloatingPoint.Model	c0004_expanded
NumStability.Source.Higham.Chapter10.Problem04.UnpivotedGrowth.PositivePivots.Bounds	produced_destination	28	import NumStability.Source.Higham.Chapter09.Problems	c0004_direct
NumStability.Source.Higham.Chapter10.Problem04.UnpivotedGrowth.PositivePivots.Bounds	produced_destination	29	import NumStability.Source.Higham.Chapter09.Section01	c0004_direct
NumStability.Source.Higham.Chapter10.Problem04.UnpivotedGrowth.PositivePivots.Bounds	produced_destination	30	import NumStability.Source.Higham.Chapter09.Section02	c0004_direct
NumStability.Source.Higham.Chapter10.Problem04.UnpivotedGrowth.PositivePivots.Bounds	produced_destination	31	import NumStability.Source.Higham.Chapter09.Section03	c0004_direct
NumStability.Source.Higham.Chapter10.Problem04.UnpivotedGrowth.PositivePivots.Bounds	produced_destination	32	import NumStability.Source.Higham.Chapter09.Section04	c0004_direct
NumStability.Source.Higham.Chapter10.Problem04.UnpivotedGrowth.PositivePivots.Bounds	produced_destination	33	import NumStability.Source.Higham.Chapter09.Section05	c0004_direct
NumStability.Source.Higham.Chapter10.Problem04.UnpivotedGrowth.PositivePivots.Bounds	produced_destination	34	import NumStability.Source.Higham.Chapter09.Section06	c0004_direct
NumStability.Source.Higham.Chapter10.Problem04.UnpivotedGrowth.PositivePivots.Bounds	produced_destination	35	import NumStability.Source.Higham.Chapter09.Section08	c0004_direct
NumStability.Source.Higham.Chapter10.Problem04.UnpivotedGrowth.PositivePivots.Bounds	produced_destination	36	import NumStability.Source.Higham.Chapter09.Section10	c0004_direct
NumStability.Source.Higham.Chapter10.Problem04.UnpivotedGrowth.PositivePivots.Bounds	produced_destination	37	import NumStability.Source.Higham.Chapter09.Section11	c0004_direct
NumStability.Source.Higham.Chapter10.Problem04.UnpivotedGrowth.PositivePivots.Bounds	produced_destination	38	import NumStability.Source.Higham.Chapter10.Equation07.AbsoluteFactorNorm.Endpoints	c0004_direct
NumStability.Source.Higham.Chapter10.Problem04.UnpivotedGrowth.PositivePivots.Bounds	produced_destination	39	import NumStability.Source.Higham.Chapter10.Equation29.Mathias.Endpoints	c0004_direct
NumStability.Source.Higham.Chapter10.Problem04.UnpivotedGrowth.PositivePivots.Bounds	produced_destination	40	import NumStability.Source.Higham.Chapter10.Equation30.ComplexPositiveDefinite.Endpoints	c0004_direct
NumStability.Source.Higham.Chapter10.Problem04.UnpivotedGrowth.PositivePivots.Bounds	produced_destination	41	import NumStability.Source.Higham.Chapter10.Lemma11.PivotSequenceStability.Endpoints	c0004_direct
NumStability.Source.Higham.Chapter10.Problem04.UnpivotedGrowth.PositivePivots.Bounds	produced_destination	42	import NumStability.Source.Higham.Chapter10.Lemma13.KahanSharpness.CompletePivotingBound	c0004_expanded
NumStability.Source.Higham.Chapter10.Problem04.UnpivotedGrowth.PositivePivots.Bounds	produced_destination	43	import NumStability.Source.Higham.Chapter10.Lemma13.KahanSharpness.Endpoints	c0004_direct
NumStability.Source.Higham.Chapter10.Problem04.UnpivotedGrowth.PositivePivots.Bounds	produced_destination	44	import NumStability.Source.Higham.Chapter10.Problem01.PositiveSemidefiniteEntries.Basic	c0004_direct
NumStability.Source.Higham.Chapter10.Problem04.UnpivotedGrowth.PositivePivots.Bounds	produced_destination	45	import NumStability.Source.Higham.Chapter10.Problem04.UnpivotedGrowth.Basic	c0004_direct
NumStability.Source.Higham.Chapter10.Problem04.UnpivotedGrowth.PositivePivots.Bounds	produced_destination	46	import NumStability.Source.Higham.Chapter10.Problem08.LeadingMinorsCounterexample.Basic	c0004_direct
NumStability.Source.Higham.Chapter10.Problem04.UnpivotedGrowth.PositivePivots.Bounds	produced_destination	47	import NumStability.Source.Higham.Chapter10.Section01.Factorization.Basic	c0004_direct
NumStability.Source.Higham.Chapter10.Problem04.UnpivotedGrowth.PositivePivots.Bounds	produced_destination	48	import NumStability.Source.Higham.Chapter10.Section02.ErrorAnalysis.Basic	c0004_direct
NumStability.Source.Higham.Chapter10.Problem04.UnpivotedGrowth.PositivePivots.Bounds	produced_destination	49	import NumStability.Source.Higham.Chapter10.Section03.PositiveSemidefinite.Endpoints	c0004_direct
NumStability.Source.Higham.Chapter10.Problem04.UnpivotedGrowth.PositivePivots.Bounds	produced_destination	50	import NumStability.Source.Higham.Chapter10.Section03.PositiveSemidefinite.Existence	c0004_expanded
NumStability.Source.Higham.Chapter10.Problem04.UnpivotedGrowth.PositivePivots.Bounds	produced_destination	51	import NumStability.Source.Higham.Chapter10.Section03.PositiveSemidefinite.SchurComplement	c0004_expanded
NumStability.Source.Higham.Chapter10.Problem04.UnpivotedGrowth.PositivePivots.Bounds	produced_destination	52	import NumStability.Source.Higham.Chapter10.Section03.PositiveSemidefinite.Termination	c0004_expanded
NumStability.Source.Higham.Chapter10.Problem04.UnpivotedGrowth.PositivePivots.Bounds	produced_destination	53	import NumStability.Source.Higham.Chapter10.Section03.PositiveSemidefinite.WNormBound	c0004_expanded
NumStability.Source.Higham.Chapter10.Problem04.UnpivotedGrowth.PositivePivots.Bounds	produced_destination	54	import NumStability.Source.Higham.Chapter10.Section04.PositiveDefiniteSymmetricPart.Endpoints	c0004_direct
NumStability.Source.Higham.Chapter10.Problem04.UnpivotedGrowth.PositivePivots.Bounds	produced_destination	55	import NumStability.Source.Higham.Chapter10.Theorem06.RoundedCholesky.Endpoints	c0004_direct
NumStability.Source.Higham.Chapter10.Problem04.UnpivotedGrowth.PositivePivots.Bounds	produced_destination	56	import NumStability.Source.Higham.Chapter10.Theorem07.FailureVacuity.Endpoints	c0004_direct
NumStability.Source.Higham.Chapter10.Problem04.UnpivotedGrowth.PositivePivots.Bounds	produced_destination	57	import NumStability.Source.Higham.Chapter10.Theorem08.ComponentwisePerturbation.Endpoints	c0004_direct
NumStability.Source.Higham.Chapter10.Problem04.UnpivotedGrowth.PositivePivots.Bounds	produced_destination	58	import NumStability.Source.Higham.Chapter10.Theorem08.NormwiseDiscrepancy.Endpoints	c0004_direct
NumStability.Source.Higham.Chapter10.Problem04.UnpivotedGrowth.PositivePivots.Bounds	produced_destination	59	import NumStability.Source.Higham.Chapter10.Theorem14.CompletePivotedPSD.Endpoints	c0004_direct
NumStability.Source.Higham.Chapter10.Problem04.UnpivotedGrowth.PositivePivots.Bounds	produced_destination	60	import NumStability.Source.Higham.Chapter10.Theorem14.CompletePivotedPSD.PsdErrorAnalysis	c0004_expanded
NumStability.Source.Higham.Chapter10.Section01.Factorization.ExistenceUniqueness.Results	produced_destination	1	import Mathlib.Algebra.BigOperators.Field	c0004_expanded
NumStability.Source.Higham.Chapter10.Section01.Factorization.ExistenceUniqueness.Results	produced_destination	2	import Mathlib.Algebra.BigOperators.Group.Finset.Basic	c0004_expanded
NumStability.Source.Higham.Chapter10.Section01.Factorization.ExistenceUniqueness.Results	produced_destination	3	import Mathlib.Algebra.Order.BigOperators.Group.Finset	c0004_expanded
NumStability.Source.Higham.Chapter10.Section01.Factorization.ExistenceUniqueness.Results	produced_destination	4	import Mathlib.Data.Complex.Basic	c0004_direct
NumStability.Source.Higham.Chapter10.Section01.Factorization.ExistenceUniqueness.Results	produced_destination	5	import Mathlib.Data.Real.Basic	c0004_expanded
NumStability.Source.Higham.Chapter10.Section01.Factorization.ExistenceUniqueness.Results	produced_destination	6	import Mathlib.Data.Real.Sqrt	c0004_expanded
NumStability.Source.Higham.Chapter10.Section01.Factorization.ExistenceUniqueness.Results	produced_destination	7	import Mathlib.LinearAlgebra.Matrix.Block	c0004_expanded
NumStability.Source.Higham.Chapter10.Section01.Factorization.ExistenceUniqueness.Results	produced_destination	8	import Mathlib.LinearAlgebra.Matrix.NonsingularInverse	c0004_expanded
NumStability.Source.Higham.Chapter10.Section01.Factorization.ExistenceUniqueness.Results	produced_destination	9	import Mathlib.LinearAlgebra.Matrix.Rank	c0004_expanded
NumStability.Source.Higham.Chapter10.Section01.Factorization.ExistenceUniqueness.Results	produced_destination	10	import Mathlib.Tactic.FieldSimp	c0004_expanded
NumStability.Source.Higham.Chapter10.Section01.Factorization.ExistenceUniqueness.Results	produced_destination	11	import Mathlib.Tactic.Linarith	c0004_expanded
NumStability.Source.Higham.Chapter10.Section01.Factorization.ExistenceUniqueness.Results	produced_destination	12	import Mathlib.Tactic.Ring	c0004_expanded
NumStability.Source.Higham.Chapter10.Section01.Factorization.ExistenceUniqueness.Results	produced_destination	13	import NumStability.Algorithms.Cholesky.CholeskyDemmel	c0004_direct
NumStability.Source.Higham.Chapter10.Section01.Factorization.ExistenceUniqueness.Results	produced_destination	14	import NumStability.Algorithms.Cholesky.CholeskyFl	c0004_direct
NumStability.Source.Higham.Chapter10.Section01.Factorization.ExistenceUniqueness.Results	produced_destination	15	import NumStability.Algorithms.Cholesky.CholeskyNonsym	c0004_direct
NumStability.Source.Higham.Chapter10.Section01.Factorization.ExistenceUniqueness.Results	produced_destination	16	import NumStability.Algorithms.Cholesky.CholeskySpec	c0004_direct+c0004_expanded+route_dag
NumStability.Source.Higham.Chapter10.Section01.Factorization.ExistenceUniqueness.Results	produced_destination	17	import NumStability.Algorithms.LU.GaussianElimination	c0004_expanded
NumStability.Source.Higham.Chapter10.Section01.Factorization.ExistenceUniqueness.Results	produced_destination	18	import NumStability.Algorithms.LinearSystems.Cholesky.ErrorAnalysis.Certificates	c0004_direct
NumStability.Source.Higham.Chapter10.Section01.Factorization.ExistenceUniqueness.Results	produced_destination	19	import NumStability.Algorithms.LinearSystems.Cholesky.Perturbation.Basic	c0004_direct
NumStability.Source.Higham.Chapter10.Section01.Factorization.ExistenceUniqueness.Results	produced_destination	20	import NumStability.Algorithms.LinearSystems.Cholesky.PositiveSemidefinite.Basic	c0004_expanded
NumStability.Source.Higham.Chapter10.Section01.Factorization.ExistenceUniqueness.Results	produced_destination	21	import NumStability.Algorithms.LinearSystems.Cholesky.PositiveSemidefinite.KahanMatrix	c0004_direct
NumStability.Source.Higham.Chapter10.Section01.Factorization.ExistenceUniqueness.Results	produced_destination	22	import NumStability.Algorithms.LinearSystems.Cholesky.PositiveSemidefinite.ScaledStage	c0004_direct
NumStability.Source.Higham.Chapter10.Section01.Factorization.ExistenceUniqueness.Results	produced_destination	23	import NumStability.Analysis.MatrixNorms.EntrywiseAbsolute.Basic	c0004_direct
NumStability.Source.Higham.Chapter10.Section01.Factorization.ExistenceUniqueness.Results	produced_destination	24	import NumStability.Analysis.MatrixNorms.SpectralExtrema.Basic	c0004_direct
NumStability.Source.Higham.Chapter10.Section01.Factorization.ExistenceUniqueness.Results	produced_destination	25	import NumStability.Analysis.MatrixSpectral	c0004_direct
NumStability.Source.Higham.Chapter10.Section01.Factorization.ExistenceUniqueness.Results	produced_destination	26	import NumStability.Analysis.Rounding	c0004_expanded
NumStability.Source.Higham.Chapter10.Section01.Factorization.ExistenceUniqueness.Results	produced_destination	27	import NumStability.FloatingPoint.Model	c0004_expanded
NumStability.Source.Higham.Chapter10.Section01.Factorization.ExistenceUniqueness.Results	produced_destination	28	import NumStability.Source.Higham.Chapter09.Problems	c0004_direct
NumStability.Source.Higham.Chapter10.Section01.Factorization.ExistenceUniqueness.Results	produced_destination	29	import NumStability.Source.Higham.Chapter09.Section01	c0004_direct
NumStability.Source.Higham.Chapter10.Section01.Factorization.ExistenceUniqueness.Results	produced_destination	30	import NumStability.Source.Higham.Chapter09.Section02	c0004_direct
NumStability.Source.Higham.Chapter10.Section01.Factorization.ExistenceUniqueness.Results	produced_destination	31	import NumStability.Source.Higham.Chapter09.Section03	c0004_direct
NumStability.Source.Higham.Chapter10.Section01.Factorization.ExistenceUniqueness.Results	produced_destination	32	import NumStability.Source.Higham.Chapter09.Section04	c0004_direct
NumStability.Source.Higham.Chapter10.Section01.Factorization.ExistenceUniqueness.Results	produced_destination	33	import NumStability.Source.Higham.Chapter09.Section05	c0004_direct
NumStability.Source.Higham.Chapter10.Section01.Factorization.ExistenceUniqueness.Results	produced_destination	34	import NumStability.Source.Higham.Chapter09.Section06	c0004_direct
NumStability.Source.Higham.Chapter10.Section01.Factorization.ExistenceUniqueness.Results	produced_destination	35	import NumStability.Source.Higham.Chapter09.Section08	c0004_direct
NumStability.Source.Higham.Chapter10.Section01.Factorization.ExistenceUniqueness.Results	produced_destination	36	import NumStability.Source.Higham.Chapter09.Section10	c0004_direct
NumStability.Source.Higham.Chapter10.Section01.Factorization.ExistenceUniqueness.Results	produced_destination	37	import NumStability.Source.Higham.Chapter09.Section11	c0004_direct
NumStability.Source.Higham.Chapter10.Section01.Factorization.ExistenceUniqueness.Results	produced_destination	38	import NumStability.Source.Higham.Chapter10.Equation07.AbsoluteFactorNorm.Endpoints	c0004_direct
NumStability.Source.Higham.Chapter10.Section01.Factorization.ExistenceUniqueness.Results	produced_destination	39	import NumStability.Source.Higham.Chapter10.Equation29.Mathias.Endpoints	c0004_direct
NumStability.Source.Higham.Chapter10.Section01.Factorization.ExistenceUniqueness.Results	produced_destination	40	import NumStability.Source.Higham.Chapter10.Equation30.ComplexPositiveDefinite.Endpoints	c0004_direct
NumStability.Source.Higham.Chapter10.Section01.Factorization.ExistenceUniqueness.Results	produced_destination	41	import NumStability.Source.Higham.Chapter10.Lemma11.PivotSequenceStability.Endpoints	c0004_direct
NumStability.Source.Higham.Chapter10.Section01.Factorization.ExistenceUniqueness.Results	produced_destination	42	import NumStability.Source.Higham.Chapter10.Lemma13.KahanSharpness.CompletePivotingBound	c0004_expanded
NumStability.Source.Higham.Chapter10.Section01.Factorization.ExistenceUniqueness.Results	produced_destination	43	import NumStability.Source.Higham.Chapter10.Lemma13.KahanSharpness.Endpoints	c0004_direct
NumStability.Source.Higham.Chapter10.Section01.Factorization.ExistenceUniqueness.Results	produced_destination	44	import NumStability.Source.Higham.Chapter10.Problem01.PositiveSemidefiniteEntries.Basic	c0004_direct
NumStability.Source.Higham.Chapter10.Section01.Factorization.ExistenceUniqueness.Results	produced_destination	45	import NumStability.Source.Higham.Chapter10.Problem04.UnpivotedGrowth.Basic	c0004_direct
NumStability.Source.Higham.Chapter10.Section01.Factorization.ExistenceUniqueness.Results	produced_destination	46	import NumStability.Source.Higham.Chapter10.Problem08.LeadingMinorsCounterexample.Basic	c0004_direct
NumStability.Source.Higham.Chapter10.Section01.Factorization.ExistenceUniqueness.Results	produced_destination	47	import NumStability.Source.Higham.Chapter10.Section01.Factorization.Basic	c0004_direct
NumStability.Source.Higham.Chapter10.Section01.Factorization.ExistenceUniqueness.Results	produced_destination	48	import NumStability.Source.Higham.Chapter10.Section02.ErrorAnalysis.Basic	c0004_direct
NumStability.Source.Higham.Chapter10.Section01.Factorization.ExistenceUniqueness.Results	produced_destination	49	import NumStability.Source.Higham.Chapter10.Section03.PositiveSemidefinite.Endpoints	c0004_direct
NumStability.Source.Higham.Chapter10.Section01.Factorization.ExistenceUniqueness.Results	produced_destination	50	import NumStability.Source.Higham.Chapter10.Section03.PositiveSemidefinite.Existence	c0004_expanded
NumStability.Source.Higham.Chapter10.Section01.Factorization.ExistenceUniqueness.Results	produced_destination	51	import NumStability.Source.Higham.Chapter10.Section03.PositiveSemidefinite.SchurComplement	c0004_expanded
NumStability.Source.Higham.Chapter10.Section01.Factorization.ExistenceUniqueness.Results	produced_destination	52	import NumStability.Source.Higham.Chapter10.Section03.PositiveSemidefinite.Termination	c0004_expanded
NumStability.Source.Higham.Chapter10.Section01.Factorization.ExistenceUniqueness.Results	produced_destination	53	import NumStability.Source.Higham.Chapter10.Section03.PositiveSemidefinite.WNormBound	c0004_expanded
NumStability.Source.Higham.Chapter10.Section01.Factorization.ExistenceUniqueness.Results	produced_destination	54	import NumStability.Source.Higham.Chapter10.Section04.PositiveDefiniteSymmetricPart.Endpoints	c0004_direct
NumStability.Source.Higham.Chapter10.Section01.Factorization.ExistenceUniqueness.Results	produced_destination	55	import NumStability.Source.Higham.Chapter10.Theorem06.RoundedCholesky.Endpoints	c0004_direct
NumStability.Source.Higham.Chapter10.Section01.Factorization.ExistenceUniqueness.Results	produced_destination	56	import NumStability.Source.Higham.Chapter10.Theorem07.FailureVacuity.Endpoints	c0004_direct
NumStability.Source.Higham.Chapter10.Section01.Factorization.ExistenceUniqueness.Results	produced_destination	57	import NumStability.Source.Higham.Chapter10.Theorem08.ComponentwisePerturbation.Endpoints	c0004_direct
NumStability.Source.Higham.Chapter10.Section01.Factorization.ExistenceUniqueness.Results	produced_destination	58	import NumStability.Source.Higham.Chapter10.Theorem08.NormwiseDiscrepancy.Endpoints	c0004_direct
NumStability.Source.Higham.Chapter10.Section01.Factorization.ExistenceUniqueness.Results	produced_destination	59	import NumStability.Source.Higham.Chapter10.Theorem14.CompletePivotedPSD.Endpoints	c0004_direct
NumStability.Source.Higham.Chapter10.Section01.Factorization.ExistenceUniqueness.Results	produced_destination	60	import NumStability.Source.Higham.Chapter10.Theorem14.CompletePivotedPSD.PsdErrorAnalysis	c0004_expanded
NumStability.Source.Higham.Chapter10.Section02.ErrorAnalysis.FactorizationAndSolve.Bounds	produced_destination	1	import Mathlib.Algebra.BigOperators.Field	c0004_expanded
NumStability.Source.Higham.Chapter10.Section02.ErrorAnalysis.FactorizationAndSolve.Bounds	produced_destination	2	import Mathlib.Algebra.BigOperators.Group.Finset.Basic	c0004_expanded
NumStability.Source.Higham.Chapter10.Section02.ErrorAnalysis.FactorizationAndSolve.Bounds	produced_destination	3	import Mathlib.Algebra.Order.BigOperators.Group.Finset	c0004_expanded
NumStability.Source.Higham.Chapter10.Section02.ErrorAnalysis.FactorizationAndSolve.Bounds	produced_destination	4	import Mathlib.Data.Complex.Basic	c0004_direct
NumStability.Source.Higham.Chapter10.Section02.ErrorAnalysis.FactorizationAndSolve.Bounds	produced_destination	5	import Mathlib.Data.Real.Basic	c0004_expanded
NumStability.Source.Higham.Chapter10.Section02.ErrorAnalysis.FactorizationAndSolve.Bounds	produced_destination	6	import Mathlib.Data.Real.Sqrt	c0004_expanded
NumStability.Source.Higham.Chapter10.Section02.ErrorAnalysis.FactorizationAndSolve.Bounds	produced_destination	7	import Mathlib.LinearAlgebra.Matrix.Block	c0004_expanded
NumStability.Source.Higham.Chapter10.Section02.ErrorAnalysis.FactorizationAndSolve.Bounds	produced_destination	8	import Mathlib.LinearAlgebra.Matrix.NonsingularInverse	c0004_expanded
NumStability.Source.Higham.Chapter10.Section02.ErrorAnalysis.FactorizationAndSolve.Bounds	produced_destination	9	import Mathlib.LinearAlgebra.Matrix.Rank	c0004_expanded
NumStability.Source.Higham.Chapter10.Section02.ErrorAnalysis.FactorizationAndSolve.Bounds	produced_destination	10	import Mathlib.Tactic.FieldSimp	c0004_expanded
NumStability.Source.Higham.Chapter10.Section02.ErrorAnalysis.FactorizationAndSolve.Bounds	produced_destination	11	import Mathlib.Tactic.Linarith	c0004_expanded
NumStability.Source.Higham.Chapter10.Section02.ErrorAnalysis.FactorizationAndSolve.Bounds	produced_destination	12	import Mathlib.Tactic.Ring	c0004_expanded
NumStability.Source.Higham.Chapter10.Section02.ErrorAnalysis.FactorizationAndSolve.Bounds	produced_destination	13	import NumStability.Algorithms.Cholesky.CholeskyDemmel	c0004_direct
NumStability.Source.Higham.Chapter10.Section02.ErrorAnalysis.FactorizationAndSolve.Bounds	produced_destination	14	import NumStability.Algorithms.Cholesky.CholeskyFl	c0004_direct+route_dag
NumStability.Source.Higham.Chapter10.Section02.ErrorAnalysis.FactorizationAndSolve.Bounds	produced_destination	15	import NumStability.Algorithms.Cholesky.CholeskyNonsym	c0004_direct
NumStability.Source.Higham.Chapter10.Section02.ErrorAnalysis.FactorizationAndSolve.Bounds	produced_destination	16	import NumStability.Algorithms.Cholesky.CholeskySpec	c0004_direct+c0004_expanded
NumStability.Source.Higham.Chapter10.Section02.ErrorAnalysis.FactorizationAndSolve.Bounds	produced_destination	17	import NumStability.Algorithms.LU.GaussianElimination	c0004_expanded
NumStability.Source.Higham.Chapter10.Section02.ErrorAnalysis.FactorizationAndSolve.Bounds	produced_destination	18	import NumStability.Algorithms.LinearSystems.Cholesky.ErrorAnalysis.Certificates	c0004_direct
NumStability.Source.Higham.Chapter10.Section02.ErrorAnalysis.FactorizationAndSolve.Bounds	produced_destination	19	import NumStability.Algorithms.LinearSystems.Cholesky.Perturbation.Basic	c0004_direct
NumStability.Source.Higham.Chapter10.Section02.ErrorAnalysis.FactorizationAndSolve.Bounds	produced_destination	20	import NumStability.Algorithms.LinearSystems.Cholesky.PositiveSemidefinite.Basic	c0004_expanded
NumStability.Source.Higham.Chapter10.Section02.ErrorAnalysis.FactorizationAndSolve.Bounds	produced_destination	21	import NumStability.Algorithms.LinearSystems.Cholesky.PositiveSemidefinite.KahanMatrix	c0004_direct
NumStability.Source.Higham.Chapter10.Section02.ErrorAnalysis.FactorizationAndSolve.Bounds	produced_destination	22	import NumStability.Algorithms.LinearSystems.Cholesky.PositiveSemidefinite.ScaledStage	c0004_direct
NumStability.Source.Higham.Chapter10.Section02.ErrorAnalysis.FactorizationAndSolve.Bounds	produced_destination	23	import NumStability.Analysis.MatrixNorms.EntrywiseAbsolute.Basic	c0004_direct
NumStability.Source.Higham.Chapter10.Section02.ErrorAnalysis.FactorizationAndSolve.Bounds	produced_destination	24	import NumStability.Analysis.MatrixNorms.SpectralExtrema.Basic	c0004_direct
NumStability.Source.Higham.Chapter10.Section02.ErrorAnalysis.FactorizationAndSolve.Bounds	produced_destination	25	import NumStability.Analysis.MatrixSpectral	c0004_direct
NumStability.Source.Higham.Chapter10.Section02.ErrorAnalysis.FactorizationAndSolve.Bounds	produced_destination	26	import NumStability.Analysis.Rounding	c0004_expanded
NumStability.Source.Higham.Chapter10.Section02.ErrorAnalysis.FactorizationAndSolve.Bounds	produced_destination	27	import NumStability.FloatingPoint.Model	c0004_expanded
NumStability.Source.Higham.Chapter10.Section02.ErrorAnalysis.FactorizationAndSolve.Bounds	produced_destination	28	import NumStability.Source.Higham.Chapter09.Problems	c0004_direct
NumStability.Source.Higham.Chapter10.Section02.ErrorAnalysis.FactorizationAndSolve.Bounds	produced_destination	29	import NumStability.Source.Higham.Chapter09.Section01	c0004_direct
NumStability.Source.Higham.Chapter10.Section02.ErrorAnalysis.FactorizationAndSolve.Bounds	produced_destination	30	import NumStability.Source.Higham.Chapter09.Section02	c0004_direct
NumStability.Source.Higham.Chapter10.Section02.ErrorAnalysis.FactorizationAndSolve.Bounds	produced_destination	31	import NumStability.Source.Higham.Chapter09.Section03	c0004_direct
NumStability.Source.Higham.Chapter10.Section02.ErrorAnalysis.FactorizationAndSolve.Bounds	produced_destination	32	import NumStability.Source.Higham.Chapter09.Section04	c0004_direct
NumStability.Source.Higham.Chapter10.Section02.ErrorAnalysis.FactorizationAndSolve.Bounds	produced_destination	33	import NumStability.Source.Higham.Chapter09.Section05	c0004_direct
NumStability.Source.Higham.Chapter10.Section02.ErrorAnalysis.FactorizationAndSolve.Bounds	produced_destination	34	import NumStability.Source.Higham.Chapter09.Section06	c0004_direct
NumStability.Source.Higham.Chapter10.Section02.ErrorAnalysis.FactorizationAndSolve.Bounds	produced_destination	35	import NumStability.Source.Higham.Chapter09.Section08	c0004_direct
NumStability.Source.Higham.Chapter10.Section02.ErrorAnalysis.FactorizationAndSolve.Bounds	produced_destination	36	import NumStability.Source.Higham.Chapter09.Section10	c0004_direct
NumStability.Source.Higham.Chapter10.Section02.ErrorAnalysis.FactorizationAndSolve.Bounds	produced_destination	37	import NumStability.Source.Higham.Chapter09.Section11	c0004_direct
NumStability.Source.Higham.Chapter10.Section02.ErrorAnalysis.FactorizationAndSolve.Bounds	produced_destination	38	import NumStability.Source.Higham.Chapter10.Equation07.AbsoluteFactorNorm.Endpoints	c0004_direct
NumStability.Source.Higham.Chapter10.Section02.ErrorAnalysis.FactorizationAndSolve.Bounds	produced_destination	39	import NumStability.Source.Higham.Chapter10.Equation29.Mathias.Endpoints	c0004_direct
NumStability.Source.Higham.Chapter10.Section02.ErrorAnalysis.FactorizationAndSolve.Bounds	produced_destination	40	import NumStability.Source.Higham.Chapter10.Equation30.ComplexPositiveDefinite.Endpoints	c0004_direct
NumStability.Source.Higham.Chapter10.Section02.ErrorAnalysis.FactorizationAndSolve.Bounds	produced_destination	41	import NumStability.Source.Higham.Chapter10.Lemma11.PivotSequenceStability.Endpoints	c0004_direct
NumStability.Source.Higham.Chapter10.Section02.ErrorAnalysis.FactorizationAndSolve.Bounds	produced_destination	42	import NumStability.Source.Higham.Chapter10.Lemma13.KahanSharpness.CompletePivotingBound	c0004_expanded
NumStability.Source.Higham.Chapter10.Section02.ErrorAnalysis.FactorizationAndSolve.Bounds	produced_destination	43	import NumStability.Source.Higham.Chapter10.Lemma13.KahanSharpness.Endpoints	c0004_direct
NumStability.Source.Higham.Chapter10.Section02.ErrorAnalysis.FactorizationAndSolve.Bounds	produced_destination	44	import NumStability.Source.Higham.Chapter10.Problem01.PositiveSemidefiniteEntries.Basic	c0004_direct
NumStability.Source.Higham.Chapter10.Section02.ErrorAnalysis.FactorizationAndSolve.Bounds	produced_destination	45	import NumStability.Source.Higham.Chapter10.Problem04.UnpivotedGrowth.Basic	c0004_direct
NumStability.Source.Higham.Chapter10.Section02.ErrorAnalysis.FactorizationAndSolve.Bounds	produced_destination	46	import NumStability.Source.Higham.Chapter10.Problem08.LeadingMinorsCounterexample.Basic	c0004_direct
NumStability.Source.Higham.Chapter10.Section02.ErrorAnalysis.FactorizationAndSolve.Bounds	produced_destination	47	import NumStability.Source.Higham.Chapter10.Section01.Factorization.Basic	c0004_direct
NumStability.Source.Higham.Chapter10.Section02.ErrorAnalysis.FactorizationAndSolve.Bounds	produced_destination	48	import NumStability.Source.Higham.Chapter10.Section02.ErrorAnalysis.Basic	c0004_direct
NumStability.Source.Higham.Chapter10.Section02.ErrorAnalysis.FactorizationAndSolve.Bounds	produced_destination	49	import NumStability.Source.Higham.Chapter10.Section03.PositiveSemidefinite.Endpoints	c0004_direct
NumStability.Source.Higham.Chapter10.Section02.ErrorAnalysis.FactorizationAndSolve.Bounds	produced_destination	50	import NumStability.Source.Higham.Chapter10.Section03.PositiveSemidefinite.Existence	c0004_expanded
NumStability.Source.Higham.Chapter10.Section02.ErrorAnalysis.FactorizationAndSolve.Bounds	produced_destination	51	import NumStability.Source.Higham.Chapter10.Section03.PositiveSemidefinite.SchurComplement	c0004_expanded
NumStability.Source.Higham.Chapter10.Section02.ErrorAnalysis.FactorizationAndSolve.Bounds	produced_destination	52	import NumStability.Source.Higham.Chapter10.Section03.PositiveSemidefinite.Termination	c0004_expanded
NumStability.Source.Higham.Chapter10.Section02.ErrorAnalysis.FactorizationAndSolve.Bounds	produced_destination	53	import NumStability.Source.Higham.Chapter10.Section03.PositiveSemidefinite.WNormBound	c0004_expanded
NumStability.Source.Higham.Chapter10.Section02.ErrorAnalysis.FactorizationAndSolve.Bounds	produced_destination	54	import NumStability.Source.Higham.Chapter10.Section04.PositiveDefiniteSymmetricPart.Endpoints	c0004_direct
NumStability.Source.Higham.Chapter10.Section02.ErrorAnalysis.FactorizationAndSolve.Bounds	produced_destination	55	import NumStability.Source.Higham.Chapter10.Theorem06.RoundedCholesky.Endpoints	c0004_direct
NumStability.Source.Higham.Chapter10.Section02.ErrorAnalysis.FactorizationAndSolve.Bounds	produced_destination	56	import NumStability.Source.Higham.Chapter10.Theorem07.FailureVacuity.Endpoints	c0004_direct
NumStability.Source.Higham.Chapter10.Section02.ErrorAnalysis.FactorizationAndSolve.Bounds	produced_destination	57	import NumStability.Source.Higham.Chapter10.Theorem08.ComponentwisePerturbation.Endpoints	c0004_direct
NumStability.Source.Higham.Chapter10.Section02.ErrorAnalysis.FactorizationAndSolve.Bounds	produced_destination	58	import NumStability.Source.Higham.Chapter10.Theorem08.NormwiseDiscrepancy.Endpoints	c0004_direct
NumStability.Source.Higham.Chapter10.Section02.ErrorAnalysis.FactorizationAndSolve.Bounds	produced_destination	59	import NumStability.Source.Higham.Chapter10.Theorem14.CompletePivotedPSD.Endpoints	c0004_direct
NumStability.Source.Higham.Chapter10.Section02.ErrorAnalysis.FactorizationAndSolve.Bounds	produced_destination	60	import NumStability.Source.Higham.Chapter10.Theorem14.CompletePivotedPSD.PsdErrorAnalysis	c0004_expanded
NumStability.Source.Higham.Chapter10.Section03.PositiveSemidefinite.ConstructiveFactorization.Existence	produced_destination	1	import Mathlib.Algebra.BigOperators.Field	c0004_direct
NumStability.Source.Higham.Chapter10.Section03.PositiveSemidefinite.ConstructiveFactorization.Existence	produced_destination	2	import Mathlib.Algebra.BigOperators.Group.Finset.Basic	c0004_direct
NumStability.Source.Higham.Chapter10.Section03.PositiveSemidefinite.ConstructiveFactorization.Existence	produced_destination	3	import Mathlib.Algebra.Order.BigOperators.Group.Finset	c0004_direct
NumStability.Source.Higham.Chapter10.Section03.PositiveSemidefinite.ConstructiveFactorization.Existence	produced_destination	4	import Mathlib.Data.Real.Basic	c0004_direct
NumStability.Source.Higham.Chapter10.Section03.PositiveSemidefinite.ConstructiveFactorization.Existence	produced_destination	5	import Mathlib.Data.Real.Sqrt	c0004_direct
NumStability.Source.Higham.Chapter10.Section03.PositiveSemidefinite.ConstructiveFactorization.Existence	produced_destination	6	import Mathlib.LinearAlgebra.Matrix.Block	c0004_direct
NumStability.Source.Higham.Chapter10.Section03.PositiveSemidefinite.ConstructiveFactorization.Existence	produced_destination	7	import Mathlib.LinearAlgebra.Matrix.NonsingularInverse	c0004_direct
NumStability.Source.Higham.Chapter10.Section03.PositiveSemidefinite.ConstructiveFactorization.Existence	produced_destination	8	import Mathlib.LinearAlgebra.Matrix.Rank	c0004_direct
NumStability.Source.Higham.Chapter10.Section03.PositiveSemidefinite.ConstructiveFactorization.Existence	produced_destination	9	import Mathlib.Tactic.FieldSimp	c0004_direct
NumStability.Source.Higham.Chapter10.Section03.PositiveSemidefinite.ConstructiveFactorization.Existence	produced_destination	10	import Mathlib.Tactic.Linarith	c0004_direct
NumStability.Source.Higham.Chapter10.Section03.PositiveSemidefinite.ConstructiveFactorization.Existence	produced_destination	11	import Mathlib.Tactic.Ring	c0004_direct
NumStability.Source.Higham.Chapter10.Section03.PositiveSemidefinite.ConstructiveFactorization.Existence	produced_destination	12	import NumStability.Algorithms.Cholesky.CholeskySpec	c0004_direct
NumStability.Source.Higham.Chapter10.Section03.PositiveSemidefinite.ConstructiveFactorization.Existence	produced_destination	13	import NumStability.Algorithms.LU.GaussianElimination	c0004_direct
NumStability.Source.Higham.Chapter10.Section03.PositiveSemidefinite.ConstructiveFactorization.Existence	produced_destination	14	import NumStability.Algorithms.LinearSystems.Cholesky.PositiveSemidefinite.Basic	c0004_direct
NumStability.Source.Higham.Chapter10.Section03.PositiveSemidefinite.ConstructiveFactorization.Existence	produced_destination	15	import NumStability.Analysis.Rounding	c0004_direct
NumStability.Source.Higham.Chapter10.Section03.PositiveSemidefinite.ConstructiveFactorization.Existence	produced_destination	16	import NumStability.FloatingPoint.Model	c0004_direct
NumStability.Source.Higham.Chapter10.Section03.PositiveSemidefinite.ConstructiveFactorization.Existence	produced_destination	17	import NumStability.Source.Higham.Chapter10.Lemma13.KahanSharpness.CompletePivotingBound	c0004_direct
NumStability.Source.Higham.Chapter10.Section03.PositiveSemidefinite.ConstructiveFactorization.Existence	produced_destination	18	import NumStability.Source.Higham.Chapter10.Problem01.PositiveSemidefiniteEntries.EntryBounds.Results	route_dag
NumStability.Source.Higham.Chapter10.Section03.PositiveSemidefinite.ConstructiveFactorization.Existence	produced_destination	19	import NumStability.Source.Higham.Chapter10.Section03.PositiveSemidefinite.Existence	c0004_direct
NumStability.Source.Higham.Chapter10.Section03.PositiveSemidefinite.ConstructiveFactorization.Existence	produced_destination	20	import NumStability.Source.Higham.Chapter10.Section03.PositiveSemidefinite.SchurComplement	c0004_direct
NumStability.Source.Higham.Chapter10.Section03.PositiveSemidefinite.ConstructiveFactorization.Existence	produced_destination	21	import NumStability.Source.Higham.Chapter10.Section03.PositiveSemidefinite.Termination	c0004_direct
NumStability.Source.Higham.Chapter10.Section03.PositiveSemidefinite.ConstructiveFactorization.Existence	produced_destination	22	import NumStability.Source.Higham.Chapter10.Section03.PositiveSemidefinite.WNormBound	c0004_direct
NumStability.Source.Higham.Chapter10.Section03.PositiveSemidefinite.ConstructiveFactorization.Existence	produced_destination	23	import NumStability.Source.Higham.Chapter10.Theorem14.CompletePivotedPSD.PsdErrorAnalysis	c0004_direct
NumStability.Source.Higham.Chapter10.Section03.PositiveSemidefinite.PivotingAndScaling.Results	produced_destination	1	import Mathlib.Algebra.BigOperators.Field	c0004_expanded
NumStability.Source.Higham.Chapter10.Section03.PositiveSemidefinite.PivotingAndScaling.Results	produced_destination	2	import Mathlib.Algebra.BigOperators.Group.Finset.Basic	c0004_expanded
NumStability.Source.Higham.Chapter10.Section03.PositiveSemidefinite.PivotingAndScaling.Results	produced_destination	3	import Mathlib.Algebra.Order.BigOperators.Group.Finset	c0004_expanded
NumStability.Source.Higham.Chapter10.Section03.PositiveSemidefinite.PivotingAndScaling.Results	produced_destination	4	import Mathlib.Data.Complex.Basic	c0004_direct
NumStability.Source.Higham.Chapter10.Section03.PositiveSemidefinite.PivotingAndScaling.Results	produced_destination	5	import Mathlib.Data.Real.Basic	c0004_expanded
NumStability.Source.Higham.Chapter10.Section03.PositiveSemidefinite.PivotingAndScaling.Results	produced_destination	6	import Mathlib.Data.Real.Sqrt	c0004_expanded
NumStability.Source.Higham.Chapter10.Section03.PositiveSemidefinite.PivotingAndScaling.Results	produced_destination	7	import Mathlib.LinearAlgebra.Matrix.Block	c0004_expanded
NumStability.Source.Higham.Chapter10.Section03.PositiveSemidefinite.PivotingAndScaling.Results	produced_destination	8	import Mathlib.LinearAlgebra.Matrix.NonsingularInverse	c0004_expanded
NumStability.Source.Higham.Chapter10.Section03.PositiveSemidefinite.PivotingAndScaling.Results	produced_destination	9	import Mathlib.LinearAlgebra.Matrix.Rank	c0004_expanded
NumStability.Source.Higham.Chapter10.Section03.PositiveSemidefinite.PivotingAndScaling.Results	produced_destination	10	import Mathlib.Tactic.FieldSimp	c0004_expanded
NumStability.Source.Higham.Chapter10.Section03.PositiveSemidefinite.PivotingAndScaling.Results	produced_destination	11	import Mathlib.Tactic.Linarith	c0004_expanded
NumStability.Source.Higham.Chapter10.Section03.PositiveSemidefinite.PivotingAndScaling.Results	produced_destination	12	import Mathlib.Tactic.Ring	c0004_expanded
NumStability.Source.Higham.Chapter10.Section03.PositiveSemidefinite.PivotingAndScaling.Results	produced_destination	13	import NumStability.Algorithms.Cholesky.CholeskyDemmel	c0004_direct
NumStability.Source.Higham.Chapter10.Section03.PositiveSemidefinite.PivotingAndScaling.Results	produced_destination	14	import NumStability.Algorithms.Cholesky.CholeskyFl	c0004_direct
NumStability.Source.Higham.Chapter10.Section03.PositiveSemidefinite.PivotingAndScaling.Results	produced_destination	15	import NumStability.Algorithms.Cholesky.CholeskyNonsym	c0004_direct
NumStability.Source.Higham.Chapter10.Section03.PositiveSemidefinite.PivotingAndScaling.Results	produced_destination	16	import NumStability.Algorithms.Cholesky.CholeskySpec	c0004_direct+c0004_expanded
NumStability.Source.Higham.Chapter10.Section03.PositiveSemidefinite.PivotingAndScaling.Results	produced_destination	17	import NumStability.Algorithms.LU.GaussianElimination	c0004_expanded
NumStability.Source.Higham.Chapter10.Section03.PositiveSemidefinite.PivotingAndScaling.Results	produced_destination	18	import NumStability.Algorithms.LinearSystems.Cholesky.ErrorAnalysis.Certificates	c0004_direct
NumStability.Source.Higham.Chapter10.Section03.PositiveSemidefinite.PivotingAndScaling.Results	produced_destination	19	import NumStability.Algorithms.LinearSystems.Cholesky.Perturbation.Basic	c0004_direct
NumStability.Source.Higham.Chapter10.Section03.PositiveSemidefinite.PivotingAndScaling.Results	produced_destination	20	import NumStability.Algorithms.LinearSystems.Cholesky.PositiveSemidefinite.Basic	c0004_expanded
NumStability.Source.Higham.Chapter10.Section03.PositiveSemidefinite.PivotingAndScaling.Results	produced_destination	21	import NumStability.Algorithms.LinearSystems.Cholesky.PositiveSemidefinite.KahanMatrix	c0004_direct
NumStability.Source.Higham.Chapter10.Section03.PositiveSemidefinite.PivotingAndScaling.Results	produced_destination	22	import NumStability.Algorithms.LinearSystems.Cholesky.PositiveSemidefinite.PivotedFactorization.Existence	route_dag
NumStability.Source.Higham.Chapter10.Section03.PositiveSemidefinite.PivotingAndScaling.Results	produced_destination	23	import NumStability.Algorithms.LinearSystems.Cholesky.PositiveSemidefinite.ScaledStage	c0004_direct
NumStability.Source.Higham.Chapter10.Section03.PositiveSemidefinite.PivotingAndScaling.Results	produced_destination	24	import NumStability.Analysis.MatrixNorms.EntrywiseAbsolute.Basic	c0004_direct
NumStability.Source.Higham.Chapter10.Section03.PositiveSemidefinite.PivotingAndScaling.Results	produced_destination	25	import NumStability.Analysis.MatrixNorms.SpectralExtrema.Basic	c0004_direct
NumStability.Source.Higham.Chapter10.Section03.PositiveSemidefinite.PivotingAndScaling.Results	produced_destination	26	import NumStability.Analysis.MatrixSpectral	c0004_direct
NumStability.Source.Higham.Chapter10.Section03.PositiveSemidefinite.PivotingAndScaling.Results	produced_destination	27	import NumStability.Analysis.Rounding	c0004_expanded
NumStability.Source.Higham.Chapter10.Section03.PositiveSemidefinite.PivotingAndScaling.Results	produced_destination	28	import NumStability.FloatingPoint.Model	c0004_expanded
NumStability.Source.Higham.Chapter10.Section03.PositiveSemidefinite.PivotingAndScaling.Results	produced_destination	29	import NumStability.Source.Higham.Chapter09.Problems	c0004_direct
NumStability.Source.Higham.Chapter10.Section03.PositiveSemidefinite.PivotingAndScaling.Results	produced_destination	30	import NumStability.Source.Higham.Chapter09.Section01	c0004_direct
NumStability.Source.Higham.Chapter10.Section03.PositiveSemidefinite.PivotingAndScaling.Results	produced_destination	31	import NumStability.Source.Higham.Chapter09.Section02	c0004_direct
NumStability.Source.Higham.Chapter10.Section03.PositiveSemidefinite.PivotingAndScaling.Results	produced_destination	32	import NumStability.Source.Higham.Chapter09.Section03	c0004_direct
NumStability.Source.Higham.Chapter10.Section03.PositiveSemidefinite.PivotingAndScaling.Results	produced_destination	33	import NumStability.Source.Higham.Chapter09.Section04	c0004_direct
NumStability.Source.Higham.Chapter10.Section03.PositiveSemidefinite.PivotingAndScaling.Results	produced_destination	34	import NumStability.Source.Higham.Chapter09.Section05	c0004_direct
NumStability.Source.Higham.Chapter10.Section03.PositiveSemidefinite.PivotingAndScaling.Results	produced_destination	35	import NumStability.Source.Higham.Chapter09.Section06	c0004_direct
NumStability.Source.Higham.Chapter10.Section03.PositiveSemidefinite.PivotingAndScaling.Results	produced_destination	36	import NumStability.Source.Higham.Chapter09.Section08	c0004_direct
NumStability.Source.Higham.Chapter10.Section03.PositiveSemidefinite.PivotingAndScaling.Results	produced_destination	37	import NumStability.Source.Higham.Chapter09.Section10	c0004_direct
NumStability.Source.Higham.Chapter10.Section03.PositiveSemidefinite.PivotingAndScaling.Results	produced_destination	38	import NumStability.Source.Higham.Chapter09.Section11	c0004_direct
NumStability.Source.Higham.Chapter10.Section03.PositiveSemidefinite.PivotingAndScaling.Results	produced_destination	39	import NumStability.Source.Higham.Chapter10.Equation07.AbsoluteFactorNorm.Endpoints	c0004_direct
NumStability.Source.Higham.Chapter10.Section03.PositiveSemidefinite.PivotingAndScaling.Results	produced_destination	40	import NumStability.Source.Higham.Chapter10.Equation29.Mathias.Endpoints	c0004_direct
NumStability.Source.Higham.Chapter10.Section03.PositiveSemidefinite.PivotingAndScaling.Results	produced_destination	41	import NumStability.Source.Higham.Chapter10.Equation30.ComplexPositiveDefinite.Endpoints	c0004_direct
NumStability.Source.Higham.Chapter10.Section03.PositiveSemidefinite.PivotingAndScaling.Results	produced_destination	42	import NumStability.Source.Higham.Chapter10.Lemma11.PivotSequenceStability.Endpoints	c0004_direct
NumStability.Source.Higham.Chapter10.Section03.PositiveSemidefinite.PivotingAndScaling.Results	produced_destination	43	import NumStability.Source.Higham.Chapter10.Lemma13.KahanSharpness.CompletePivotingBound	c0004_expanded
NumStability.Source.Higham.Chapter10.Section03.PositiveSemidefinite.PivotingAndScaling.Results	produced_destination	44	import NumStability.Source.Higham.Chapter10.Lemma13.KahanSharpness.Endpoints	c0004_direct
NumStability.Source.Higham.Chapter10.Section03.PositiveSemidefinite.PivotingAndScaling.Results	produced_destination	45	import NumStability.Source.Higham.Chapter10.Problem01.PositiveSemidefiniteEntries.Basic	c0004_direct
NumStability.Source.Higham.Chapter10.Section03.PositiveSemidefinite.PivotingAndScaling.Results	produced_destination	46	import NumStability.Source.Higham.Chapter10.Problem04.UnpivotedGrowth.Basic	c0004_direct
NumStability.Source.Higham.Chapter10.Section03.PositiveSemidefinite.PivotingAndScaling.Results	produced_destination	47	import NumStability.Source.Higham.Chapter10.Problem08.LeadingMinorsCounterexample.Basic	c0004_direct
NumStability.Source.Higham.Chapter10.Section03.PositiveSemidefinite.PivotingAndScaling.Results	produced_destination	48	import NumStability.Source.Higham.Chapter10.Section01.Factorization.Basic	c0004_direct
NumStability.Source.Higham.Chapter10.Section03.PositiveSemidefinite.PivotingAndScaling.Results	produced_destination	49	import NumStability.Source.Higham.Chapter10.Section02.ErrorAnalysis.Basic	c0004_direct
NumStability.Source.Higham.Chapter10.Section03.PositiveSemidefinite.PivotingAndScaling.Results	produced_destination	50	import NumStability.Source.Higham.Chapter10.Section03.PositiveSemidefinite.ConstructiveFactorization.Existence	route_dag
NumStability.Source.Higham.Chapter10.Section03.PositiveSemidefinite.PivotingAndScaling.Results	produced_destination	51	import NumStability.Source.Higham.Chapter10.Section03.PositiveSemidefinite.Endpoints	c0004_direct
NumStability.Source.Higham.Chapter10.Section03.PositiveSemidefinite.PivotingAndScaling.Results	produced_destination	52	import NumStability.Source.Higham.Chapter10.Section03.PositiveSemidefinite.Existence	c0004_expanded
NumStability.Source.Higham.Chapter10.Section03.PositiveSemidefinite.PivotingAndScaling.Results	produced_destination	53	import NumStability.Source.Higham.Chapter10.Section03.PositiveSemidefinite.QuadraticFormBounds.WeightedNorm	route_dag
NumStability.Source.Higham.Chapter10.Section03.PositiveSemidefinite.PivotingAndScaling.Results	produced_destination	54	import NumStability.Source.Higham.Chapter10.Section03.PositiveSemidefinite.SchurComplement	c0004_expanded
NumStability.Source.Higham.Chapter10.Section03.PositiveSemidefinite.PivotingAndScaling.Results	produced_destination	55	import NumStability.Source.Higham.Chapter10.Section03.PositiveSemidefinite.Termination	c0004_expanded
NumStability.Source.Higham.Chapter10.Section03.PositiveSemidefinite.PivotingAndScaling.Results	produced_destination	56	import NumStability.Source.Higham.Chapter10.Section03.PositiveSemidefinite.WNormBound	c0004_expanded
NumStability.Source.Higham.Chapter10.Section03.PositiveSemidefinite.PivotingAndScaling.Results	produced_destination	57	import NumStability.Source.Higham.Chapter10.Section04.PositiveDefiniteSymmetricPart.Endpoints	c0004_direct
NumStability.Source.Higham.Chapter10.Section03.PositiveSemidefinite.PivotingAndScaling.Results	produced_destination	58	import NumStability.Source.Higham.Chapter10.Theorem06.RoundedCholesky.Endpoints	c0004_direct
NumStability.Source.Higham.Chapter10.Section03.PositiveSemidefinite.PivotingAndScaling.Results	produced_destination	59	import NumStability.Source.Higham.Chapter10.Theorem07.FailureVacuity.Endpoints	c0004_direct
NumStability.Source.Higham.Chapter10.Section03.PositiveSemidefinite.PivotingAndScaling.Results	produced_destination	60	import NumStability.Source.Higham.Chapter10.Theorem08.ComponentwisePerturbation.Endpoints	c0004_direct
NumStability.Source.Higham.Chapter10.Section03.PositiveSemidefinite.PivotingAndScaling.Results	produced_destination	61	import NumStability.Source.Higham.Chapter10.Theorem08.NormwiseDiscrepancy.Endpoints	c0004_direct
NumStability.Source.Higham.Chapter10.Section03.PositiveSemidefinite.PivotingAndScaling.Results	produced_destination	62	import NumStability.Source.Higham.Chapter10.Theorem14.CompletePivotedPSD.Endpoints	c0004_direct
NumStability.Source.Higham.Chapter10.Section03.PositiveSemidefinite.PivotingAndScaling.Results	produced_destination	63	import NumStability.Source.Higham.Chapter10.Theorem14.CompletePivotedPSD.PsdErrorAnalysis	c0004_expanded
NumStability.Source.Higham.Chapter10.Section03.PositiveSemidefinite.QuadraticFormBounds.WeightedNorm	produced_destination	1	import Mathlib.Algebra.BigOperators.Field	c0004_direct
NumStability.Source.Higham.Chapter10.Section03.PositiveSemidefinite.QuadraticFormBounds.WeightedNorm	produced_destination	2	import Mathlib.Algebra.BigOperators.Group.Finset.Basic	c0004_direct
NumStability.Source.Higham.Chapter10.Section03.PositiveSemidefinite.QuadraticFormBounds.WeightedNorm	produced_destination	3	import Mathlib.Algebra.Order.BigOperators.Group.Finset	c0004_direct
NumStability.Source.Higham.Chapter10.Section03.PositiveSemidefinite.QuadraticFormBounds.WeightedNorm	produced_destination	4	import Mathlib.Data.Real.Basic	c0004_direct
NumStability.Source.Higham.Chapter10.Section03.PositiveSemidefinite.QuadraticFormBounds.WeightedNorm	produced_destination	5	import Mathlib.Data.Real.Sqrt	c0004_direct
NumStability.Source.Higham.Chapter10.Section03.PositiveSemidefinite.QuadraticFormBounds.WeightedNorm	produced_destination	6	import Mathlib.LinearAlgebra.Matrix.Block	c0004_direct
NumStability.Source.Higham.Chapter10.Section03.PositiveSemidefinite.QuadraticFormBounds.WeightedNorm	produced_destination	7	import Mathlib.LinearAlgebra.Matrix.NonsingularInverse	c0004_direct
NumStability.Source.Higham.Chapter10.Section03.PositiveSemidefinite.QuadraticFormBounds.WeightedNorm	produced_destination	8	import Mathlib.LinearAlgebra.Matrix.Rank	c0004_direct
NumStability.Source.Higham.Chapter10.Section03.PositiveSemidefinite.QuadraticFormBounds.WeightedNorm	produced_destination	9	import Mathlib.Tactic.FieldSimp	c0004_direct
NumStability.Source.Higham.Chapter10.Section03.PositiveSemidefinite.QuadraticFormBounds.WeightedNorm	produced_destination	10	import Mathlib.Tactic.Linarith	c0004_direct
NumStability.Source.Higham.Chapter10.Section03.PositiveSemidefinite.QuadraticFormBounds.WeightedNorm	produced_destination	11	import Mathlib.Tactic.Ring	c0004_direct
NumStability.Source.Higham.Chapter10.Section03.PositiveSemidefinite.QuadraticFormBounds.WeightedNorm	produced_destination	12	import NumStability.Algorithms.Cholesky.CholeskySpec	c0004_direct
NumStability.Source.Higham.Chapter10.Section03.PositiveSemidefinite.QuadraticFormBounds.WeightedNorm	produced_destination	13	import NumStability.Algorithms.LU.GaussianElimination	c0004_direct
NumStability.Source.Higham.Chapter10.Section03.PositiveSemidefinite.QuadraticFormBounds.WeightedNorm	produced_destination	14	import NumStability.Algorithms.LinearSystems.Cholesky.PositiveSemidefinite.Basic	c0004_direct
NumStability.Source.Higham.Chapter10.Section03.PositiveSemidefinite.QuadraticFormBounds.WeightedNorm	produced_destination	15	import NumStability.Analysis.Rounding	c0004_direct
NumStability.Source.Higham.Chapter10.Section03.PositiveSemidefinite.QuadraticFormBounds.WeightedNorm	produced_destination	16	import NumStability.FloatingPoint.Model	c0004_direct
NumStability.Source.Higham.Chapter10.Section03.PositiveSemidefinite.QuadraticFormBounds.WeightedNorm	produced_destination	17	import NumStability.Source.Higham.Chapter10.Lemma13.KahanSharpness.CompletePivotingBound	c0004_direct
NumStability.Source.Higham.Chapter10.Section03.PositiveSemidefinite.QuadraticFormBounds.WeightedNorm	produced_destination	18	import NumStability.Source.Higham.Chapter10.Problem01.PositiveSemidefiniteEntries.EntryBounds.Results	route_dag
NumStability.Source.Higham.Chapter10.Section03.PositiveSemidefinite.QuadraticFormBounds.WeightedNorm	produced_destination	19	import NumStability.Source.Higham.Chapter10.Section03.PositiveSemidefinite.Existence	c0004_direct
NumStability.Source.Higham.Chapter10.Section03.PositiveSemidefinite.QuadraticFormBounds.WeightedNorm	produced_destination	20	import NumStability.Source.Higham.Chapter10.Section03.PositiveSemidefinite.SchurComplement	c0004_direct
NumStability.Source.Higham.Chapter10.Section03.PositiveSemidefinite.QuadraticFormBounds.WeightedNorm	produced_destination	21	import NumStability.Source.Higham.Chapter10.Section03.PositiveSemidefinite.Termination	c0004_direct
NumStability.Source.Higham.Chapter10.Section03.PositiveSemidefinite.QuadraticFormBounds.WeightedNorm	produced_destination	22	import NumStability.Source.Higham.Chapter10.Section03.PositiveSemidefinite.WNormBound	c0004_direct
NumStability.Source.Higham.Chapter10.Section03.PositiveSemidefinite.QuadraticFormBounds.WeightedNorm	produced_destination	23	import NumStability.Source.Higham.Chapter10.Theorem14.CompletePivotedPSD.PsdErrorAnalysis	c0004_direct
NumStability.Source.Higham.Chapter10.Section03.PositiveSemidefinite.TrailingTermination.Bound	produced_destination	1	import Mathlib.Algebra.BigOperators.Field	c0004_direct
NumStability.Source.Higham.Chapter10.Section03.PositiveSemidefinite.TrailingTermination.Bound	produced_destination	2	import Mathlib.Algebra.BigOperators.Group.Finset.Basic	c0004_direct
NumStability.Source.Higham.Chapter10.Section03.PositiveSemidefinite.TrailingTermination.Bound	produced_destination	3	import Mathlib.Algebra.Order.BigOperators.Group.Finset	c0004_direct
NumStability.Source.Higham.Chapter10.Section03.PositiveSemidefinite.TrailingTermination.Bound	produced_destination	4	import Mathlib.Data.Real.Basic	c0004_direct
NumStability.Source.Higham.Chapter10.Section03.PositiveSemidefinite.TrailingTermination.Bound	produced_destination	5	import Mathlib.Data.Real.Sqrt	c0004_direct
NumStability.Source.Higham.Chapter10.Section03.PositiveSemidefinite.TrailingTermination.Bound	produced_destination	6	import Mathlib.LinearAlgebra.Matrix.Block	c0004_direct
NumStability.Source.Higham.Chapter10.Section03.PositiveSemidefinite.TrailingTermination.Bound	produced_destination	7	import Mathlib.LinearAlgebra.Matrix.NonsingularInverse	c0004_direct
NumStability.Source.Higham.Chapter10.Section03.PositiveSemidefinite.TrailingTermination.Bound	produced_destination	8	import Mathlib.LinearAlgebra.Matrix.Rank	c0004_direct
NumStability.Source.Higham.Chapter10.Section03.PositiveSemidefinite.TrailingTermination.Bound	produced_destination	9	import Mathlib.Tactic.FieldSimp	c0004_direct
NumStability.Source.Higham.Chapter10.Section03.PositiveSemidefinite.TrailingTermination.Bound	produced_destination	10	import Mathlib.Tactic.Linarith	c0004_direct
NumStability.Source.Higham.Chapter10.Section03.PositiveSemidefinite.TrailingTermination.Bound	produced_destination	11	import Mathlib.Tactic.Ring	c0004_direct
NumStability.Source.Higham.Chapter10.Section03.PositiveSemidefinite.TrailingTermination.Bound	produced_destination	12	import NumStability.Algorithms.Cholesky.CholeskySpec	c0004_direct
NumStability.Source.Higham.Chapter10.Section03.PositiveSemidefinite.TrailingTermination.Bound	produced_destination	13	import NumStability.Algorithms.LU.GaussianElimination	c0004_direct
NumStability.Source.Higham.Chapter10.Section03.PositiveSemidefinite.TrailingTermination.Bound	produced_destination	14	import NumStability.Algorithms.LinearSystems.Cholesky.PositiveSemidefinite.Basic	c0004_direct
NumStability.Source.Higham.Chapter10.Section03.PositiveSemidefinite.TrailingTermination.Bound	produced_destination	15	import NumStability.Analysis.Rounding	c0004_direct
NumStability.Source.Higham.Chapter10.Section03.PositiveSemidefinite.TrailingTermination.Bound	produced_destination	16	import NumStability.FloatingPoint.Model	c0004_direct
NumStability.Source.Higham.Chapter10.Section03.PositiveSemidefinite.TrailingTermination.Bound	produced_destination	17	import NumStability.Source.Higham.Chapter10.Lemma13.KahanSharpness.CompletePivotingBound	c0004_direct
NumStability.Source.Higham.Chapter10.Section03.PositiveSemidefinite.TrailingTermination.Bound	produced_destination	18	import NumStability.Source.Higham.Chapter10.Problem01.PositiveSemidefiniteEntries.EntryBounds.Results	route_dag
NumStability.Source.Higham.Chapter10.Section03.PositiveSemidefinite.TrailingTermination.Bound	produced_destination	19	import NumStability.Source.Higham.Chapter10.Section03.PositiveSemidefinite.Existence	c0004_direct
NumStability.Source.Higham.Chapter10.Section03.PositiveSemidefinite.TrailingTermination.Bound	produced_destination	20	import NumStability.Source.Higham.Chapter10.Section03.PositiveSemidefinite.SchurComplement	c0004_direct
NumStability.Source.Higham.Chapter10.Section03.PositiveSemidefinite.TrailingTermination.Bound	produced_destination	21	import NumStability.Source.Higham.Chapter10.Section03.PositiveSemidefinite.Termination	c0004_direct
NumStability.Source.Higham.Chapter10.Section03.PositiveSemidefinite.TrailingTermination.Bound	produced_destination	22	import NumStability.Source.Higham.Chapter10.Section03.PositiveSemidefinite.WNormBound	c0004_direct
NumStability.Source.Higham.Chapter10.Section03.PositiveSemidefinite.TrailingTermination.Bound	produced_destination	23	import NumStability.Source.Higham.Chapter10.Theorem14.CompletePivotedPSD.PsdErrorAnalysis	c0004_direct
NumStability.Source.Higham.Chapter10.Section04.PositiveDefiniteSymmetricPart.LUGrowth.Equation29	produced_destination	1	import Mathlib.Algebra.BigOperators.Field	c0004_expanded
NumStability.Source.Higham.Chapter10.Section04.PositiveDefiniteSymmetricPart.LUGrowth.Equation29	produced_destination	2	import Mathlib.Algebra.BigOperators.Group.Finset.Basic	c0004_expanded
NumStability.Source.Higham.Chapter10.Section04.PositiveDefiniteSymmetricPart.LUGrowth.Equation29	produced_destination	3	import Mathlib.Algebra.Order.BigOperators.Group.Finset	c0004_expanded
NumStability.Source.Higham.Chapter10.Section04.PositiveDefiniteSymmetricPart.LUGrowth.Equation29	produced_destination	4	import Mathlib.Data.Complex.Basic	c0004_expanded
NumStability.Source.Higham.Chapter10.Section04.PositiveDefiniteSymmetricPart.LUGrowth.Equation29	produced_destination	5	import Mathlib.Data.Real.Basic	c0004_expanded
NumStability.Source.Higham.Chapter10.Section04.PositiveDefiniteSymmetricPart.LUGrowth.Equation29	produced_destination	6	import Mathlib.Data.Real.Sqrt	c0004_expanded
NumStability.Source.Higham.Chapter10.Section04.PositiveDefiniteSymmetricPart.LUGrowth.Equation29	produced_destination	7	import Mathlib.LinearAlgebra.Matrix.Block	c0004_expanded
NumStability.Source.Higham.Chapter10.Section04.PositiveDefiniteSymmetricPart.LUGrowth.Equation29	produced_destination	8	import Mathlib.LinearAlgebra.Matrix.NonsingularInverse	c0004_expanded
NumStability.Source.Higham.Chapter10.Section04.PositiveDefiniteSymmetricPart.LUGrowth.Equation29	produced_destination	9	import Mathlib.LinearAlgebra.Matrix.Rank	c0004_expanded
NumStability.Source.Higham.Chapter10.Section04.PositiveDefiniteSymmetricPart.LUGrowth.Equation29	produced_destination	10	import Mathlib.Tactic.FieldSimp	c0004_expanded
NumStability.Source.Higham.Chapter10.Section04.PositiveDefiniteSymmetricPart.LUGrowth.Equation29	produced_destination	11	import Mathlib.Tactic.Linarith	c0004_expanded
NumStability.Source.Higham.Chapter10.Section04.PositiveDefiniteSymmetricPart.LUGrowth.Equation29	produced_destination	12	import Mathlib.Tactic.Ring	c0004_expanded
NumStability.Source.Higham.Chapter10.Section04.PositiveDefiniteSymmetricPart.LUGrowth.Equation29	produced_destination	13	import NumStability.Algorithms.Cholesky.CholeskyDemmel	c0004_expanded
NumStability.Source.Higham.Chapter10.Section04.PositiveDefiniteSymmetricPart.LUGrowth.Equation29	produced_destination	14	import NumStability.Algorithms.Cholesky.CholeskyFl	c0004_expanded
NumStability.Source.Higham.Chapter10.Section04.PositiveDefiniteSymmetricPart.LUGrowth.Equation29	produced_destination	15	import NumStability.Algorithms.Cholesky.CholeskyNonsym	c0004_expanded
NumStability.Source.Higham.Chapter10.Section04.PositiveDefiniteSymmetricPart.LUGrowth.Equation29	produced_destination	16	import NumStability.Algorithms.Cholesky.CholeskySpec	c0004_expanded
NumStability.Source.Higham.Chapter10.Section04.PositiveDefiniteSymmetricPart.LUGrowth.Equation29	produced_destination	17	import NumStability.Algorithms.LU.GaussianElimination	c0004_expanded
NumStability.Source.Higham.Chapter10.Section04.PositiveDefiniteSymmetricPart.LUGrowth.Equation29	produced_destination	18	import NumStability.Algorithms.LinearSystems.Cholesky.ErrorAnalysis.Certificates	c0004_expanded
NumStability.Source.Higham.Chapter10.Section04.PositiveDefiniteSymmetricPart.LUGrowth.Equation29	produced_destination	19	import NumStability.Algorithms.LinearSystems.Cholesky.Perturbation.Basic	c0004_expanded
NumStability.Source.Higham.Chapter10.Section04.PositiveDefiniteSymmetricPart.LUGrowth.Equation29	produced_destination	20	import NumStability.Algorithms.LinearSystems.Cholesky.PositiveSemidefinite.Basic	c0004_expanded
NumStability.Source.Higham.Chapter10.Section04.PositiveDefiniteSymmetricPart.LUGrowth.Equation29	produced_destination	21	import NumStability.Algorithms.LinearSystems.Cholesky.PositiveSemidefinite.KahanMatrix	c0004_expanded
NumStability.Source.Higham.Chapter10.Section04.PositiveDefiniteSymmetricPart.LUGrowth.Equation29	produced_destination	22	import NumStability.Algorithms.LinearSystems.Cholesky.PositiveSemidefinite.ScaledStage	c0004_expanded
NumStability.Source.Higham.Chapter10.Section04.PositiveDefiniteSymmetricPart.LUGrowth.Equation29	produced_destination	23	import NumStability.Analysis.MatrixNorms.EntrywiseAbsolute.Basic	c0004_expanded
NumStability.Source.Higham.Chapter10.Section04.PositiveDefiniteSymmetricPart.LUGrowth.Equation29	produced_destination	24	import NumStability.Analysis.MatrixNorms.SpectralExtrema.Basic	c0004_expanded
NumStability.Source.Higham.Chapter10.Section04.PositiveDefiniteSymmetricPart.LUGrowth.Equation29	produced_destination	25	import NumStability.Analysis.MatrixSpectral	c0004_expanded
NumStability.Source.Higham.Chapter10.Section04.PositiveDefiniteSymmetricPart.LUGrowth.Equation29	produced_destination	26	import NumStability.Analysis.Rounding	c0004_expanded
NumStability.Source.Higham.Chapter10.Section04.PositiveDefiniteSymmetricPart.LUGrowth.Equation29	produced_destination	27	import NumStability.FloatingPoint.Model	c0004_expanded
NumStability.Source.Higham.Chapter10.Section04.PositiveDefiniteSymmetricPart.LUGrowth.Equation29	produced_destination	28	import NumStability.Source.Higham.Chapter09.Problems	c0004_expanded
NumStability.Source.Higham.Chapter10.Section04.PositiveDefiniteSymmetricPart.LUGrowth.Equation29	produced_destination	29	import NumStability.Source.Higham.Chapter09.Section01	c0004_expanded
NumStability.Source.Higham.Chapter10.Section04.PositiveDefiniteSymmetricPart.LUGrowth.Equation29	produced_destination	30	import NumStability.Source.Higham.Chapter09.Section02	c0004_expanded
NumStability.Source.Higham.Chapter10.Section04.PositiveDefiniteSymmetricPart.LUGrowth.Equation29	produced_destination	31	import NumStability.Source.Higham.Chapter09.Section03	c0004_expanded
NumStability.Source.Higham.Chapter10.Section04.PositiveDefiniteSymmetricPart.LUGrowth.Equation29	produced_destination	32	import NumStability.Source.Higham.Chapter09.Section04	c0004_expanded
NumStability.Source.Higham.Chapter10.Section04.PositiveDefiniteSymmetricPart.LUGrowth.Equation29	produced_destination	33	import NumStability.Source.Higham.Chapter09.Section05	c0004_expanded
NumStability.Source.Higham.Chapter10.Section04.PositiveDefiniteSymmetricPart.LUGrowth.Equation29	produced_destination	34	import NumStability.Source.Higham.Chapter09.Section06	c0004_expanded
NumStability.Source.Higham.Chapter10.Section04.PositiveDefiniteSymmetricPart.LUGrowth.Equation29	produced_destination	35	import NumStability.Source.Higham.Chapter09.Section08	c0004_expanded
NumStability.Source.Higham.Chapter10.Section04.PositiveDefiniteSymmetricPart.LUGrowth.Equation29	produced_destination	36	import NumStability.Source.Higham.Chapter09.Section10	c0004_expanded
NumStability.Source.Higham.Chapter10.Section04.PositiveDefiniteSymmetricPart.LUGrowth.Equation29	produced_destination	37	import NumStability.Source.Higham.Chapter09.Section11	c0004_expanded
NumStability.Source.Higham.Chapter10.Section04.PositiveDefiniteSymmetricPart.LUGrowth.Equation29	produced_destination	38	import NumStability.Source.Higham.Chapter10.Equation07.AbsoluteFactorNorm.Endpoints	c0004_expanded
NumStability.Source.Higham.Chapter10.Section04.PositiveDefiniteSymmetricPart.LUGrowth.Equation29	produced_destination	39	import NumStability.Source.Higham.Chapter10.Equation29.Mathias.Endpoints	c0004_expanded
NumStability.Source.Higham.Chapter10.Section04.PositiveDefiniteSymmetricPart.LUGrowth.Equation29	produced_destination	40	import NumStability.Source.Higham.Chapter10.Equation30.ComplexPositiveDefinite.Endpoints	c0004_expanded
NumStability.Source.Higham.Chapter10.Section04.PositiveDefiniteSymmetricPart.LUGrowth.Equation29	produced_destination	41	import NumStability.Source.Higham.Chapter10.Lemma11.PivotSequenceStability.Endpoints	c0004_expanded
NumStability.Source.Higham.Chapter10.Section04.PositiveDefiniteSymmetricPart.LUGrowth.Equation29	produced_destination	42	import NumStability.Source.Higham.Chapter10.Lemma13.KahanSharpness.CompletePivotingBound	c0004_expanded
NumStability.Source.Higham.Chapter10.Section04.PositiveDefiniteSymmetricPart.LUGrowth.Equation29	produced_destination	43	import NumStability.Source.Higham.Chapter10.Lemma13.KahanSharpness.Endpoints	c0004_expanded
NumStability.Source.Higham.Chapter10.Section04.PositiveDefiniteSymmetricPart.LUGrowth.Equation29	produced_destination	44	import NumStability.Source.Higham.Chapter10.Problem01.PositiveSemidefiniteEntries.Basic	c0004_expanded
NumStability.Source.Higham.Chapter10.Section04.PositiveDefiniteSymmetricPart.LUGrowth.Equation29	produced_destination	45	import NumStability.Source.Higham.Chapter10.Problem04.UnpivotedGrowth.Basic	c0004_expanded
NumStability.Source.Higham.Chapter10.Section04.PositiveDefiniteSymmetricPart.LUGrowth.Equation29	produced_destination	46	import NumStability.Source.Higham.Chapter10.Problem08.LeadingMinorsCounterexample.Basic	c0004_expanded
NumStability.Source.Higham.Chapter10.Section04.PositiveDefiniteSymmetricPart.LUGrowth.Equation29	produced_destination	47	import NumStability.Source.Higham.Chapter10.Section01.Factorization.Basic	c0004_expanded
NumStability.Source.Higham.Chapter10.Section04.PositiveDefiniteSymmetricPart.LUGrowth.Equation29	produced_destination	48	import NumStability.Source.Higham.Chapter10.Section02.ErrorAnalysis.Basic	c0004_expanded
NumStability.Source.Higham.Chapter10.Section04.PositiveDefiniteSymmetricPart.LUGrowth.Equation29	produced_destination	49	import NumStability.Source.Higham.Chapter10.Section03.PositiveSemidefinite.Endpoints	c0004_expanded
NumStability.Source.Higham.Chapter10.Section04.PositiveDefiniteSymmetricPart.LUGrowth.Equation29	produced_destination	50	import NumStability.Source.Higham.Chapter10.Section03.PositiveSemidefinite.Existence	c0004_expanded
NumStability.Source.Higham.Chapter10.Section04.PositiveDefiniteSymmetricPart.LUGrowth.Equation29	produced_destination	51	import NumStability.Source.Higham.Chapter10.Section03.PositiveSemidefinite.SchurComplement	c0004_expanded
NumStability.Source.Higham.Chapter10.Section04.PositiveDefiniteSymmetricPart.LUGrowth.Equation29	produced_destination	52	import NumStability.Source.Higham.Chapter10.Section03.PositiveSemidefinite.Termination	c0004_expanded
NumStability.Source.Higham.Chapter10.Section04.PositiveDefiniteSymmetricPart.LUGrowth.Equation29	produced_destination	53	import NumStability.Source.Higham.Chapter10.Section03.PositiveSemidefinite.WNormBound	c0004_expanded
NumStability.Source.Higham.Chapter10.Section04.PositiveDefiniteSymmetricPart.LUGrowth.Equation29	produced_destination	54	import NumStability.Source.Higham.Chapter10.Section04.PositiveDefiniteSymmetricPart.Endpoints	c0004_expanded
NumStability.Source.Higham.Chapter10.Section04.PositiveDefiniteSymmetricPart.LUGrowth.Equation29	produced_destination	55	import NumStability.Source.Higham.Chapter10.Section04.PositiveDefiniteSymmetricPart.Equation29	c0004_direct
NumStability.Source.Higham.Chapter10.Section04.PositiveDefiniteSymmetricPart.LUGrowth.Equation29	produced_destination	56	import NumStability.Source.Higham.Chapter10.Section04.PositiveDefiniteSymmetricPart.SchurStages.Bounds	route_dag
NumStability.Source.Higham.Chapter10.Section04.PositiveDefiniteSymmetricPart.LUGrowth.Equation29	produced_destination	57	import NumStability.Source.Higham.Chapter10.Theorem06.RoundedCholesky.Endpoints	c0004_expanded
NumStability.Source.Higham.Chapter10.Section04.PositiveDefiniteSymmetricPart.LUGrowth.Equation29	produced_destination	58	import NumStability.Source.Higham.Chapter10.Theorem07.FailureVacuity.Endpoints	c0004_expanded
NumStability.Source.Higham.Chapter10.Section04.PositiveDefiniteSymmetricPart.LUGrowth.Equation29	produced_destination	59	import NumStability.Source.Higham.Chapter10.Theorem08.ComponentwisePerturbation.Endpoints	c0004_expanded
NumStability.Source.Higham.Chapter10.Section04.PositiveDefiniteSymmetricPart.LUGrowth.Equation29	produced_destination	60	import NumStability.Source.Higham.Chapter10.Theorem08.NormwiseDiscrepancy.Endpoints	c0004_expanded
NumStability.Source.Higham.Chapter10.Section04.PositiveDefiniteSymmetricPart.LUGrowth.Equation29	produced_destination	61	import NumStability.Source.Higham.Chapter10.Theorem14.CompletePivotedPSD.Endpoints	c0004_expanded
NumStability.Source.Higham.Chapter10.Section04.PositiveDefiniteSymmetricPart.LUGrowth.Equation29	produced_destination	62	import NumStability.Source.Higham.Chapter10.Theorem14.CompletePivotedPSD.PsdErrorAnalysis	c0004_expanded
NumStability.Source.Higham.Chapter10.Section04.PositiveDefiniteSymmetricPart.SchurStages.Bounds	produced_destination	1	import Mathlib.Algebra.BigOperators.Field	c0004_expanded
NumStability.Source.Higham.Chapter10.Section04.PositiveDefiniteSymmetricPart.SchurStages.Bounds	produced_destination	2	import Mathlib.Algebra.BigOperators.Group.Finset.Basic	c0004_expanded
NumStability.Source.Higham.Chapter10.Section04.PositiveDefiniteSymmetricPart.SchurStages.Bounds	produced_destination	3	import Mathlib.Algebra.Order.BigOperators.Group.Finset	c0004_expanded
NumStability.Source.Higham.Chapter10.Section04.PositiveDefiniteSymmetricPart.SchurStages.Bounds	produced_destination	4	import Mathlib.Data.Complex.Basic	c0004_direct
NumStability.Source.Higham.Chapter10.Section04.PositiveDefiniteSymmetricPart.SchurStages.Bounds	produced_destination	5	import Mathlib.Data.Real.Basic	c0004_expanded
NumStability.Source.Higham.Chapter10.Section04.PositiveDefiniteSymmetricPart.SchurStages.Bounds	produced_destination	6	import Mathlib.Data.Real.Sqrt	c0004_expanded
NumStability.Source.Higham.Chapter10.Section04.PositiveDefiniteSymmetricPart.SchurStages.Bounds	produced_destination	7	import Mathlib.LinearAlgebra.Matrix.Block	c0004_expanded
NumStability.Source.Higham.Chapter10.Section04.PositiveDefiniteSymmetricPart.SchurStages.Bounds	produced_destination	8	import Mathlib.LinearAlgebra.Matrix.NonsingularInverse	c0004_expanded
NumStability.Source.Higham.Chapter10.Section04.PositiveDefiniteSymmetricPart.SchurStages.Bounds	produced_destination	9	import Mathlib.LinearAlgebra.Matrix.Rank	c0004_expanded
NumStability.Source.Higham.Chapter10.Section04.PositiveDefiniteSymmetricPart.SchurStages.Bounds	produced_destination	10	import Mathlib.Tactic.FieldSimp	c0004_expanded
NumStability.Source.Higham.Chapter10.Section04.PositiveDefiniteSymmetricPart.SchurStages.Bounds	produced_destination	11	import Mathlib.Tactic.Linarith	c0004_expanded
NumStability.Source.Higham.Chapter10.Section04.PositiveDefiniteSymmetricPart.SchurStages.Bounds	produced_destination	12	import Mathlib.Tactic.Ring	c0004_expanded
NumStability.Source.Higham.Chapter10.Section04.PositiveDefiniteSymmetricPart.SchurStages.Bounds	produced_destination	13	import NumStability.Algorithms.Cholesky.CholeskyDemmel	c0004_direct
NumStability.Source.Higham.Chapter10.Section04.PositiveDefiniteSymmetricPart.SchurStages.Bounds	produced_destination	14	import NumStability.Algorithms.Cholesky.CholeskyFl	c0004_direct
NumStability.Source.Higham.Chapter10.Section04.PositiveDefiniteSymmetricPart.SchurStages.Bounds	produced_destination	15	import NumStability.Algorithms.Cholesky.CholeskyNonsym	c0004_direct+route_dag
NumStability.Source.Higham.Chapter10.Section04.PositiveDefiniteSymmetricPart.SchurStages.Bounds	produced_destination	16	import NumStability.Algorithms.Cholesky.CholeskySpec	c0004_direct+c0004_expanded+route_dag
NumStability.Source.Higham.Chapter10.Section04.PositiveDefiniteSymmetricPart.SchurStages.Bounds	produced_destination	17	import NumStability.Algorithms.LU.GaussianElimination	c0004_expanded
NumStability.Source.Higham.Chapter10.Section04.PositiveDefiniteSymmetricPart.SchurStages.Bounds	produced_destination	18	import NumStability.Algorithms.LinearSystems.Cholesky.ErrorAnalysis.Certificates	c0004_direct
NumStability.Source.Higham.Chapter10.Section04.PositiveDefiniteSymmetricPart.SchurStages.Bounds	produced_destination	19	import NumStability.Algorithms.LinearSystems.Cholesky.Perturbation.Basic	c0004_direct
NumStability.Source.Higham.Chapter10.Section04.PositiveDefiniteSymmetricPart.SchurStages.Bounds	produced_destination	20	import NumStability.Algorithms.LinearSystems.Cholesky.PositiveSemidefinite.Basic	c0004_expanded
NumStability.Source.Higham.Chapter10.Section04.PositiveDefiniteSymmetricPart.SchurStages.Bounds	produced_destination	21	import NumStability.Algorithms.LinearSystems.Cholesky.PositiveSemidefinite.KahanMatrix	c0004_direct
NumStability.Source.Higham.Chapter10.Section04.PositiveDefiniteSymmetricPart.SchurStages.Bounds	produced_destination	22	import NumStability.Algorithms.LinearSystems.Cholesky.PositiveSemidefinite.ScaledStage	c0004_direct
NumStability.Source.Higham.Chapter10.Section04.PositiveDefiniteSymmetricPart.SchurStages.Bounds	produced_destination	23	import NumStability.Analysis.MatrixNorms.EntrywiseAbsolute.Basic	c0004_direct
NumStability.Source.Higham.Chapter10.Section04.PositiveDefiniteSymmetricPart.SchurStages.Bounds	produced_destination	24	import NumStability.Analysis.MatrixNorms.SpectralExtrema.Basic	c0004_direct
NumStability.Source.Higham.Chapter10.Section04.PositiveDefiniteSymmetricPart.SchurStages.Bounds	produced_destination	25	import NumStability.Analysis.MatrixSpectral	c0004_direct
NumStability.Source.Higham.Chapter10.Section04.PositiveDefiniteSymmetricPart.SchurStages.Bounds	produced_destination	26	import NumStability.Analysis.Rounding	c0004_expanded
NumStability.Source.Higham.Chapter10.Section04.PositiveDefiniteSymmetricPart.SchurStages.Bounds	produced_destination	27	import NumStability.FloatingPoint.Model	c0004_expanded
NumStability.Source.Higham.Chapter10.Section04.PositiveDefiniteSymmetricPart.SchurStages.Bounds	produced_destination	28	import NumStability.Source.Higham.Chapter09.Problems	c0004_direct
NumStability.Source.Higham.Chapter10.Section04.PositiveDefiniteSymmetricPart.SchurStages.Bounds	produced_destination	29	import NumStability.Source.Higham.Chapter09.Section01	c0004_direct
NumStability.Source.Higham.Chapter10.Section04.PositiveDefiniteSymmetricPart.SchurStages.Bounds	produced_destination	30	import NumStability.Source.Higham.Chapter09.Section02	c0004_direct
NumStability.Source.Higham.Chapter10.Section04.PositiveDefiniteSymmetricPart.SchurStages.Bounds	produced_destination	31	import NumStability.Source.Higham.Chapter09.Section03	c0004_direct
NumStability.Source.Higham.Chapter10.Section04.PositiveDefiniteSymmetricPart.SchurStages.Bounds	produced_destination	32	import NumStability.Source.Higham.Chapter09.Section04	c0004_direct
NumStability.Source.Higham.Chapter10.Section04.PositiveDefiniteSymmetricPart.SchurStages.Bounds	produced_destination	33	import NumStability.Source.Higham.Chapter09.Section05	c0004_direct
NumStability.Source.Higham.Chapter10.Section04.PositiveDefiniteSymmetricPart.SchurStages.Bounds	produced_destination	34	import NumStability.Source.Higham.Chapter09.Section06	c0004_direct
NumStability.Source.Higham.Chapter10.Section04.PositiveDefiniteSymmetricPart.SchurStages.Bounds	produced_destination	35	import NumStability.Source.Higham.Chapter09.Section08	c0004_direct
NumStability.Source.Higham.Chapter10.Section04.PositiveDefiniteSymmetricPart.SchurStages.Bounds	produced_destination	36	import NumStability.Source.Higham.Chapter09.Section10	c0004_direct
NumStability.Source.Higham.Chapter10.Section04.PositiveDefiniteSymmetricPart.SchurStages.Bounds	produced_destination	37	import NumStability.Source.Higham.Chapter09.Section11	c0004_direct
NumStability.Source.Higham.Chapter10.Section04.PositiveDefiniteSymmetricPart.SchurStages.Bounds	produced_destination	38	import NumStability.Source.Higham.Chapter10.Equation07.AbsoluteFactorNorm.Endpoints	c0004_direct
NumStability.Source.Higham.Chapter10.Section04.PositiveDefiniteSymmetricPart.SchurStages.Bounds	produced_destination	39	import NumStability.Source.Higham.Chapter10.Equation29.Mathias.Endpoints	c0004_direct
NumStability.Source.Higham.Chapter10.Section04.PositiveDefiniteSymmetricPart.SchurStages.Bounds	produced_destination	40	import NumStability.Source.Higham.Chapter10.Equation30.ComplexPositiveDefinite.Endpoints	c0004_direct
NumStability.Source.Higham.Chapter10.Section04.PositiveDefiniteSymmetricPart.SchurStages.Bounds	produced_destination	41	import NumStability.Source.Higham.Chapter10.Lemma11.PivotSequenceStability.Endpoints	c0004_direct
NumStability.Source.Higham.Chapter10.Section04.PositiveDefiniteSymmetricPart.SchurStages.Bounds	produced_destination	42	import NumStability.Source.Higham.Chapter10.Lemma13.KahanSharpness.CompletePivotingBound	c0004_expanded
NumStability.Source.Higham.Chapter10.Section04.PositiveDefiniteSymmetricPart.SchurStages.Bounds	produced_destination	43	import NumStability.Source.Higham.Chapter10.Lemma13.KahanSharpness.Endpoints	c0004_direct
NumStability.Source.Higham.Chapter10.Section04.PositiveDefiniteSymmetricPart.SchurStages.Bounds	produced_destination	44	import NumStability.Source.Higham.Chapter10.Problem01.PositiveSemidefiniteEntries.Basic	c0004_direct
NumStability.Source.Higham.Chapter10.Section04.PositiveDefiniteSymmetricPart.SchurStages.Bounds	produced_destination	45	import NumStability.Source.Higham.Chapter10.Problem04.UnpivotedGrowth.Basic	c0004_direct
NumStability.Source.Higham.Chapter10.Section04.PositiveDefiniteSymmetricPart.SchurStages.Bounds	produced_destination	46	import NumStability.Source.Higham.Chapter10.Problem08.LeadingMinorsCounterexample.Basic	c0004_direct
NumStability.Source.Higham.Chapter10.Section04.PositiveDefiniteSymmetricPart.SchurStages.Bounds	produced_destination	47	import NumStability.Source.Higham.Chapter10.Section01.Factorization.Basic	c0004_direct
NumStability.Source.Higham.Chapter10.Section04.PositiveDefiniteSymmetricPart.SchurStages.Bounds	produced_destination	48	import NumStability.Source.Higham.Chapter10.Section02.ErrorAnalysis.Basic	c0004_direct
NumStability.Source.Higham.Chapter10.Section04.PositiveDefiniteSymmetricPart.SchurStages.Bounds	produced_destination	49	import NumStability.Source.Higham.Chapter10.Section03.PositiveSemidefinite.Endpoints	c0004_direct
NumStability.Source.Higham.Chapter10.Section04.PositiveDefiniteSymmetricPart.SchurStages.Bounds	produced_destination	50	import NumStability.Source.Higham.Chapter10.Section03.PositiveSemidefinite.Existence	c0004_expanded
NumStability.Source.Higham.Chapter10.Section04.PositiveDefiniteSymmetricPart.SchurStages.Bounds	produced_destination	51	import NumStability.Source.Higham.Chapter10.Section03.PositiveSemidefinite.SchurComplement	c0004_expanded
NumStability.Source.Higham.Chapter10.Section04.PositiveDefiniteSymmetricPart.SchurStages.Bounds	produced_destination	52	import NumStability.Source.Higham.Chapter10.Section03.PositiveSemidefinite.Termination	c0004_expanded
NumStability.Source.Higham.Chapter10.Section04.PositiveDefiniteSymmetricPart.SchurStages.Bounds	produced_destination	53	import NumStability.Source.Higham.Chapter10.Section03.PositiveSemidefinite.WNormBound	c0004_expanded
NumStability.Source.Higham.Chapter10.Section04.PositiveDefiniteSymmetricPart.SchurStages.Bounds	produced_destination	54	import NumStability.Source.Higham.Chapter10.Section04.PositiveDefiniteSymmetricPart.Endpoints	c0004_direct
NumStability.Source.Higham.Chapter10.Section04.PositiveDefiniteSymmetricPart.SchurStages.Bounds	produced_destination	55	import NumStability.Source.Higham.Chapter10.Theorem06.RoundedCholesky.Endpoints	c0004_direct
NumStability.Source.Higham.Chapter10.Section04.PositiveDefiniteSymmetricPart.SchurStages.Bounds	produced_destination	56	import NumStability.Source.Higham.Chapter10.Theorem07.FailureVacuity.Endpoints	c0004_direct
NumStability.Source.Higham.Chapter10.Section04.PositiveDefiniteSymmetricPart.SchurStages.Bounds	produced_destination	57	import NumStability.Source.Higham.Chapter10.Theorem08.ComponentwisePerturbation.Endpoints	c0004_direct
NumStability.Source.Higham.Chapter10.Section04.PositiveDefiniteSymmetricPart.SchurStages.Bounds	produced_destination	58	import NumStability.Source.Higham.Chapter10.Theorem08.NormwiseDiscrepancy.Endpoints	c0004_direct
NumStability.Source.Higham.Chapter10.Section04.PositiveDefiniteSymmetricPart.SchurStages.Bounds	produced_destination	59	import NumStability.Source.Higham.Chapter10.Theorem14.CompletePivotedPSD.Endpoints	c0004_direct
NumStability.Source.Higham.Chapter10.Section04.PositiveDefiniteSymmetricPart.SchurStages.Bounds	produced_destination	60	import NumStability.Source.Higham.Chapter10.Theorem14.CompletePivotedPSD.PsdErrorAnalysis	c0004_expanded
NumStability.Source.Higham.Chapter10.Theorem06.RoundedCholesky.ForwardError.ActualAlgorithm	produced_destination	1	import Mathlib.Algebra.BigOperators.Field	c0004_expanded
NumStability.Source.Higham.Chapter10.Theorem06.RoundedCholesky.ForwardError.ActualAlgorithm	produced_destination	2	import Mathlib.Algebra.BigOperators.Group.Finset.Basic	c0004_expanded
NumStability.Source.Higham.Chapter10.Theorem06.RoundedCholesky.ForwardError.ActualAlgorithm	produced_destination	3	import Mathlib.Algebra.Order.BigOperators.Group.Finset	c0004_expanded
NumStability.Source.Higham.Chapter10.Theorem06.RoundedCholesky.ForwardError.ActualAlgorithm	produced_destination	4	import Mathlib.Data.Complex.Basic	c0004_expanded
NumStability.Source.Higham.Chapter10.Theorem06.RoundedCholesky.ForwardError.ActualAlgorithm	produced_destination	5	import Mathlib.Data.Real.Basic	c0004_expanded
NumStability.Source.Higham.Chapter10.Theorem06.RoundedCholesky.ForwardError.ActualAlgorithm	produced_destination	6	import Mathlib.Data.Real.Sqrt	c0004_expanded
NumStability.Source.Higham.Chapter10.Theorem06.RoundedCholesky.ForwardError.ActualAlgorithm	produced_destination	7	import Mathlib.LinearAlgebra.Matrix.Block	c0004_expanded
NumStability.Source.Higham.Chapter10.Theorem06.RoundedCholesky.ForwardError.ActualAlgorithm	produced_destination	8	import Mathlib.LinearAlgebra.Matrix.NonsingularInverse	c0004_expanded
NumStability.Source.Higham.Chapter10.Theorem06.RoundedCholesky.ForwardError.ActualAlgorithm	produced_destination	9	import Mathlib.LinearAlgebra.Matrix.Rank	c0004_expanded
NumStability.Source.Higham.Chapter10.Theorem06.RoundedCholesky.ForwardError.ActualAlgorithm	produced_destination	10	import Mathlib.Tactic.FieldSimp	c0004_expanded
NumStability.Source.Higham.Chapter10.Theorem06.RoundedCholesky.ForwardError.ActualAlgorithm	produced_destination	11	import Mathlib.Tactic.Linarith	c0004_expanded
NumStability.Source.Higham.Chapter10.Theorem06.RoundedCholesky.ForwardError.ActualAlgorithm	produced_destination	12	import Mathlib.Tactic.Ring	c0004_expanded
NumStability.Source.Higham.Chapter10.Theorem06.RoundedCholesky.ForwardError.ActualAlgorithm	produced_destination	13	import NumStability.Algorithms.Cholesky.CholeskyDemmel	c0004_expanded
NumStability.Source.Higham.Chapter10.Theorem06.RoundedCholesky.ForwardError.ActualAlgorithm	produced_destination	14	import NumStability.Algorithms.Cholesky.CholeskyFl	c0004_expanded+route_dag
NumStability.Source.Higham.Chapter10.Theorem06.RoundedCholesky.ForwardError.ActualAlgorithm	produced_destination	15	import NumStability.Algorithms.Cholesky.CholeskyNonsym	c0004_expanded
NumStability.Source.Higham.Chapter10.Theorem06.RoundedCholesky.ForwardError.ActualAlgorithm	produced_destination	16	import NumStability.Algorithms.Cholesky.CholeskySpec	c0004_expanded
NumStability.Source.Higham.Chapter10.Theorem06.RoundedCholesky.ForwardError.ActualAlgorithm	produced_destination	17	import NumStability.Algorithms.LU.GaussianElimination	c0004_expanded
NumStability.Source.Higham.Chapter10.Theorem06.RoundedCholesky.ForwardError.ActualAlgorithm	produced_destination	18	import NumStability.Algorithms.LinearSystems.Cholesky.ErrorAnalysis.Certificates	c0004_expanded
NumStability.Source.Higham.Chapter10.Theorem06.RoundedCholesky.ForwardError.ActualAlgorithm	produced_destination	19	import NumStability.Algorithms.LinearSystems.Cholesky.Perturbation.Basic	c0004_expanded
NumStability.Source.Higham.Chapter10.Theorem06.RoundedCholesky.ForwardError.ActualAlgorithm	produced_destination	20	import NumStability.Algorithms.LinearSystems.Cholesky.PositiveSemidefinite.Basic	c0004_expanded
NumStability.Source.Higham.Chapter10.Theorem06.RoundedCholesky.ForwardError.ActualAlgorithm	produced_destination	21	import NumStability.Algorithms.LinearSystems.Cholesky.PositiveSemidefinite.KahanMatrix	c0004_expanded
NumStability.Source.Higham.Chapter10.Theorem06.RoundedCholesky.ForwardError.ActualAlgorithm	produced_destination	22	import NumStability.Algorithms.LinearSystems.Cholesky.PositiveSemidefinite.ScaledStage	c0004_expanded
NumStability.Source.Higham.Chapter10.Theorem06.RoundedCholesky.ForwardError.ActualAlgorithm	produced_destination	23	import NumStability.Analysis.MatrixNorms.EntrywiseAbsolute.Basic	c0004_expanded
NumStability.Source.Higham.Chapter10.Theorem06.RoundedCholesky.ForwardError.ActualAlgorithm	produced_destination	24	import NumStability.Analysis.MatrixNorms.SpectralExtrema.Basic	c0004_expanded
NumStability.Source.Higham.Chapter10.Theorem06.RoundedCholesky.ForwardError.ActualAlgorithm	produced_destination	25	import NumStability.Analysis.MatrixSpectral	c0004_expanded
NumStability.Source.Higham.Chapter10.Theorem06.RoundedCholesky.ForwardError.ActualAlgorithm	produced_destination	26	import NumStability.Analysis.Rounding	c0004_expanded
NumStability.Source.Higham.Chapter10.Theorem06.RoundedCholesky.ForwardError.ActualAlgorithm	produced_destination	27	import NumStability.FloatingPoint.Model	c0004_expanded
NumStability.Source.Higham.Chapter10.Theorem06.RoundedCholesky.ForwardError.ActualAlgorithm	produced_destination	28	import NumStability.Source.Higham.Chapter09.Problems	c0004_expanded
NumStability.Source.Higham.Chapter10.Theorem06.RoundedCholesky.ForwardError.ActualAlgorithm	produced_destination	29	import NumStability.Source.Higham.Chapter09.Section01	c0004_expanded
NumStability.Source.Higham.Chapter10.Theorem06.RoundedCholesky.ForwardError.ActualAlgorithm	produced_destination	30	import NumStability.Source.Higham.Chapter09.Section02	c0004_expanded
NumStability.Source.Higham.Chapter10.Theorem06.RoundedCholesky.ForwardError.ActualAlgorithm	produced_destination	31	import NumStability.Source.Higham.Chapter09.Section03	c0004_expanded
NumStability.Source.Higham.Chapter10.Theorem06.RoundedCholesky.ForwardError.ActualAlgorithm	produced_destination	32	import NumStability.Source.Higham.Chapter09.Section04	c0004_expanded
NumStability.Source.Higham.Chapter10.Theorem06.RoundedCholesky.ForwardError.ActualAlgorithm	produced_destination	33	import NumStability.Source.Higham.Chapter09.Section05	c0004_expanded
NumStability.Source.Higham.Chapter10.Theorem06.RoundedCholesky.ForwardError.ActualAlgorithm	produced_destination	34	import NumStability.Source.Higham.Chapter09.Section06	c0004_expanded
NumStability.Source.Higham.Chapter10.Theorem06.RoundedCholesky.ForwardError.ActualAlgorithm	produced_destination	35	import NumStability.Source.Higham.Chapter09.Section08	c0004_expanded
NumStability.Source.Higham.Chapter10.Theorem06.RoundedCholesky.ForwardError.ActualAlgorithm	produced_destination	36	import NumStability.Source.Higham.Chapter09.Section10	c0004_expanded
NumStability.Source.Higham.Chapter10.Theorem06.RoundedCholesky.ForwardError.ActualAlgorithm	produced_destination	37	import NumStability.Source.Higham.Chapter09.Section11	c0004_expanded
NumStability.Source.Higham.Chapter10.Theorem06.RoundedCholesky.ForwardError.ActualAlgorithm	produced_destination	38	import NumStability.Source.Higham.Chapter10.Equation07.AbsoluteFactorNorm.Endpoints	c0004_expanded
NumStability.Source.Higham.Chapter10.Theorem06.RoundedCholesky.ForwardError.ActualAlgorithm	produced_destination	39	import NumStability.Source.Higham.Chapter10.Equation29.Mathias.Endpoints	c0004_expanded
NumStability.Source.Higham.Chapter10.Theorem06.RoundedCholesky.ForwardError.ActualAlgorithm	produced_destination	40	import NumStability.Source.Higham.Chapter10.Equation30.ComplexPositiveDefinite.Endpoints	c0004_expanded
NumStability.Source.Higham.Chapter10.Theorem06.RoundedCholesky.ForwardError.ActualAlgorithm	produced_destination	41	import NumStability.Source.Higham.Chapter10.Lemma11.PivotSequenceStability.Endpoints	c0004_expanded
NumStability.Source.Higham.Chapter10.Theorem06.RoundedCholesky.ForwardError.ActualAlgorithm	produced_destination	42	import NumStability.Source.Higham.Chapter10.Lemma13.KahanSharpness.CompletePivotingBound	c0004_expanded
NumStability.Source.Higham.Chapter10.Theorem06.RoundedCholesky.ForwardError.ActualAlgorithm	produced_destination	43	import NumStability.Source.Higham.Chapter10.Lemma13.KahanSharpness.Endpoints	c0004_expanded
NumStability.Source.Higham.Chapter10.Theorem06.RoundedCholesky.ForwardError.ActualAlgorithm	produced_destination	44	import NumStability.Source.Higham.Chapter10.Problem01.PositiveSemidefiniteEntries.Basic	c0004_expanded
NumStability.Source.Higham.Chapter10.Theorem06.RoundedCholesky.ForwardError.ActualAlgorithm	produced_destination	45	import NumStability.Source.Higham.Chapter10.Problem04.UnpivotedGrowth.Basic	c0004_expanded
NumStability.Source.Higham.Chapter10.Theorem06.RoundedCholesky.ForwardError.ActualAlgorithm	produced_destination	46	import NumStability.Source.Higham.Chapter10.Problem08.LeadingMinorsCounterexample.Basic	c0004_expanded
NumStability.Source.Higham.Chapter10.Theorem06.RoundedCholesky.ForwardError.ActualAlgorithm	produced_destination	47	import NumStability.Source.Higham.Chapter10.Section01.Factorization.Basic	c0004_expanded
NumStability.Source.Higham.Chapter10.Theorem06.RoundedCholesky.ForwardError.ActualAlgorithm	produced_destination	48	import NumStability.Source.Higham.Chapter10.Section02.ErrorAnalysis.Basic	c0004_expanded
NumStability.Source.Higham.Chapter10.Theorem06.RoundedCholesky.ForwardError.ActualAlgorithm	produced_destination	49	import NumStability.Source.Higham.Chapter10.Section03.PositiveSemidefinite.Endpoints	c0004_expanded
NumStability.Source.Higham.Chapter10.Theorem06.RoundedCholesky.ForwardError.ActualAlgorithm	produced_destination	50	import NumStability.Source.Higham.Chapter10.Section03.PositiveSemidefinite.Existence	c0004_expanded
NumStability.Source.Higham.Chapter10.Theorem06.RoundedCholesky.ForwardError.ActualAlgorithm	produced_destination	51	import NumStability.Source.Higham.Chapter10.Section03.PositiveSemidefinite.SchurComplement	c0004_expanded
NumStability.Source.Higham.Chapter10.Theorem06.RoundedCholesky.ForwardError.ActualAlgorithm	produced_destination	52	import NumStability.Source.Higham.Chapter10.Section03.PositiveSemidefinite.Termination	c0004_expanded
NumStability.Source.Higham.Chapter10.Theorem06.RoundedCholesky.ForwardError.ActualAlgorithm	produced_destination	53	import NumStability.Source.Higham.Chapter10.Section03.PositiveSemidefinite.WNormBound	c0004_expanded
NumStability.Source.Higham.Chapter10.Theorem06.RoundedCholesky.ForwardError.ActualAlgorithm	produced_destination	54	import NumStability.Source.Higham.Chapter10.Section04.PositiveDefiniteSymmetricPart.Endpoints	c0004_expanded
NumStability.Source.Higham.Chapter10.Theorem06.RoundedCholesky.ForwardError.ActualAlgorithm	produced_destination	55	import NumStability.Source.Higham.Chapter10.Theorem06.RoundedCholesky.ActualClosure	c0004_direct
NumStability.Source.Higham.Chapter10.Theorem06.RoundedCholesky.ForwardError.ActualAlgorithm	produced_destination	56	import NumStability.Source.Higham.Chapter10.Theorem06.RoundedCholesky.Endpoints	c0004_expanded
NumStability.Source.Higham.Chapter10.Theorem06.RoundedCholesky.ForwardError.ActualAlgorithm	produced_destination	57	import NumStability.Source.Higham.Chapter10.Theorem07.FailureVacuity.Endpoints	c0004_expanded
NumStability.Source.Higham.Chapter10.Theorem06.RoundedCholesky.ForwardError.ActualAlgorithm	produced_destination	58	import NumStability.Source.Higham.Chapter10.Theorem08.ComponentwisePerturbation.Endpoints	c0004_expanded
NumStability.Source.Higham.Chapter10.Theorem06.RoundedCholesky.ForwardError.ActualAlgorithm	produced_destination	59	import NumStability.Source.Higham.Chapter10.Theorem08.NormwiseDiscrepancy.Endpoints	c0004_expanded
NumStability.Source.Higham.Chapter10.Theorem06.RoundedCholesky.ForwardError.ActualAlgorithm	produced_destination	60	import NumStability.Source.Higham.Chapter10.Theorem14.CompletePivotedPSD.Endpoints	c0004_expanded
NumStability.Source.Higham.Chapter10.Theorem06.RoundedCholesky.ForwardError.ActualAlgorithm	produced_destination	61	import NumStability.Source.Higham.Chapter10.Theorem14.CompletePivotedPSD.PsdErrorAnalysis	c0004_expanded
NumStability.Source.Higham.Chapter10.Theorem07	aggregate	1	import NumStability.Algorithms.Cholesky.CholeskyFl	c0004_direct
NumStability.Source.Higham.Chapter10.Theorem07	aggregate	2	import NumStability.Algorithms.HighamChapter10	c0004_direct
NumStability.Source.Higham.Chapter10.Theorem07	aggregate	3	import NumStability.Algorithms.LinearSystems.Cholesky.ErrorAnalysis.Certificates	c0004_direct
NumStability.Source.Higham.Chapter10.Theorem07	aggregate	4	import NumStability.Algorithms.LinearSystems.Cholesky.Factorization.Spec	c0004_direct
NumStability.Source.Higham.Chapter10.Theorem07	aggregate	5	import NumStability.Algorithms.LinearSystems.Cholesky.PositiveSemidefinite.ScaledStage	c0004_direct
NumStability.Source.Higham.Chapter10.Theorem07	aggregate	6	import NumStability.Algorithms.LinearSystems.Cholesky.RoundedFactorization.Basic	c0004_direct
NumStability.Source.Higham.Chapter10.Theorem07	aggregate	7	import NumStability.Analysis.MatrixNorms.EntrywiseAbsolute.Basic	c0004_direct
NumStability.Source.Higham.Chapter10.Theorem07	aggregate	8	import NumStability.Analysis.MatrixNorms.SpectralExtrema.Basic	c0004_direct
NumStability.Source.Higham.Chapter10.Theorem07	aggregate	9	import NumStability.Source.Higham.Chapter10.Theorem07.Core.Results	produced_destination
NumStability.Source.Higham.Chapter10.Theorem07.Core.Results	produced_destination	1	import Mathlib.Algebra.BigOperators.Field	c0004_expanded
NumStability.Source.Higham.Chapter10.Theorem07.Core.Results	produced_destination	2	import Mathlib.Algebra.BigOperators.Group.Finset.Basic	c0004_expanded
NumStability.Source.Higham.Chapter10.Theorem07.Core.Results	produced_destination	3	import Mathlib.Algebra.Order.BigOperators.Group.Finset	c0004_expanded
NumStability.Source.Higham.Chapter10.Theorem07.Core.Results	produced_destination	4	import Mathlib.Data.Complex.Basic	c0004_expanded
NumStability.Source.Higham.Chapter10.Theorem07.Core.Results	produced_destination	5	import Mathlib.Data.Real.Basic	c0004_expanded
NumStability.Source.Higham.Chapter10.Theorem07.Core.Results	produced_destination	6	import Mathlib.Data.Real.Sqrt	c0004_expanded
NumStability.Source.Higham.Chapter10.Theorem07.Core.Results	produced_destination	7	import Mathlib.LinearAlgebra.Matrix.Block	c0004_expanded
NumStability.Source.Higham.Chapter10.Theorem07.Core.Results	produced_destination	8	import Mathlib.LinearAlgebra.Matrix.NonsingularInverse	c0004_expanded
NumStability.Source.Higham.Chapter10.Theorem07.Core.Results	produced_destination	9	import Mathlib.LinearAlgebra.Matrix.Rank	c0004_expanded
NumStability.Source.Higham.Chapter10.Theorem07.Core.Results	produced_destination	10	import Mathlib.Tactic.FieldSimp	c0004_expanded
NumStability.Source.Higham.Chapter10.Theorem07.Core.Results	produced_destination	11	import Mathlib.Tactic.Linarith	c0004_expanded
NumStability.Source.Higham.Chapter10.Theorem07.Core.Results	produced_destination	12	import Mathlib.Tactic.Ring	c0004_expanded
NumStability.Source.Higham.Chapter10.Theorem07.Core.Results	produced_destination	13	import NumStability.Algorithms.Cholesky.CholeskyDemmel	c0004_expanded
NumStability.Source.Higham.Chapter10.Theorem07.Core.Results	produced_destination	14	import NumStability.Algorithms.Cholesky.CholeskyFl	c0004_direct+c0004_expanded+route_dag
NumStability.Source.Higham.Chapter10.Theorem07.Core.Results	produced_destination	15	import NumStability.Algorithms.Cholesky.CholeskyNonsym	c0004_expanded
NumStability.Source.Higham.Chapter10.Theorem07.Core.Results	produced_destination	16	import NumStability.Algorithms.Cholesky.CholeskySpec	c0004_expanded
NumStability.Source.Higham.Chapter10.Theorem07.Core.Results	produced_destination	17	import NumStability.Algorithms.LU.GaussianElimination	c0004_expanded
NumStability.Source.Higham.Chapter10.Theorem07.Core.Results	produced_destination	18	import NumStability.Algorithms.LinearSystems.Cholesky.ErrorAnalysis.Certificates	c0004_direct+c0004_expanded
NumStability.Source.Higham.Chapter10.Theorem07.Core.Results	produced_destination	19	import NumStability.Algorithms.LinearSystems.Cholesky.Factorization.Spec	c0004_direct
NumStability.Source.Higham.Chapter10.Theorem07.Core.Results	produced_destination	20	import NumStability.Algorithms.LinearSystems.Cholesky.Perturbation.Basic	c0004_expanded
NumStability.Source.Higham.Chapter10.Theorem07.Core.Results	produced_destination	21	import NumStability.Algorithms.LinearSystems.Cholesky.PositiveSemidefinite.Basic	c0004_expanded
NumStability.Source.Higham.Chapter10.Theorem07.Core.Results	produced_destination	22	import NumStability.Algorithms.LinearSystems.Cholesky.PositiveSemidefinite.KahanMatrix	c0004_expanded
NumStability.Source.Higham.Chapter10.Theorem07.Core.Results	produced_destination	23	import NumStability.Algorithms.LinearSystems.Cholesky.PositiveSemidefinite.ScaledStage	c0004_direct+c0004_expanded
NumStability.Source.Higham.Chapter10.Theorem07.Core.Results	produced_destination	24	import NumStability.Algorithms.LinearSystems.Cholesky.RoundedFactorization.Basic	c0004_direct
NumStability.Source.Higham.Chapter10.Theorem07.Core.Results	produced_destination	25	import NumStability.Analysis.MatrixNorms.EntrywiseAbsolute.Basic	c0004_direct+c0004_expanded
NumStability.Source.Higham.Chapter10.Theorem07.Core.Results	produced_destination	26	import NumStability.Analysis.MatrixNorms.SpectralExtrema.Basic	c0004_direct+c0004_expanded
NumStability.Source.Higham.Chapter10.Theorem07.Core.Results	produced_destination	27	import NumStability.Analysis.MatrixNorms.SpectralExtrema.PrincipalSubmatrices.Bounds	route_dag
NumStability.Source.Higham.Chapter10.Theorem07.Core.Results	produced_destination	28	import NumStability.Analysis.MatrixSpectral	c0004_expanded
NumStability.Source.Higham.Chapter10.Theorem07.Core.Results	produced_destination	29	import NumStability.Analysis.Rounding	c0004_expanded
NumStability.Source.Higham.Chapter10.Theorem07.Core.Results	produced_destination	30	import NumStability.FloatingPoint.Model	c0004_expanded
NumStability.Source.Higham.Chapter10.Theorem07.Core.Results	produced_destination	31	import NumStability.Source.Higham.Chapter09.Problems	c0004_expanded
NumStability.Source.Higham.Chapter10.Theorem07.Core.Results	produced_destination	32	import NumStability.Source.Higham.Chapter09.Section01	c0004_expanded
NumStability.Source.Higham.Chapter10.Theorem07.Core.Results	produced_destination	33	import NumStability.Source.Higham.Chapter09.Section02	c0004_expanded
NumStability.Source.Higham.Chapter10.Theorem07.Core.Results	produced_destination	34	import NumStability.Source.Higham.Chapter09.Section03	c0004_expanded
NumStability.Source.Higham.Chapter10.Theorem07.Core.Results	produced_destination	35	import NumStability.Source.Higham.Chapter09.Section04	c0004_expanded
NumStability.Source.Higham.Chapter10.Theorem07.Core.Results	produced_destination	36	import NumStability.Source.Higham.Chapter09.Section05	c0004_expanded
NumStability.Source.Higham.Chapter10.Theorem07.Core.Results	produced_destination	37	import NumStability.Source.Higham.Chapter09.Section06	c0004_expanded
NumStability.Source.Higham.Chapter10.Theorem07.Core.Results	produced_destination	38	import NumStability.Source.Higham.Chapter09.Section08	c0004_expanded
NumStability.Source.Higham.Chapter10.Theorem07.Core.Results	produced_destination	39	import NumStability.Source.Higham.Chapter09.Section10	c0004_expanded
NumStability.Source.Higham.Chapter10.Theorem07.Core.Results	produced_destination	40	import NumStability.Source.Higham.Chapter09.Section11	c0004_expanded
NumStability.Source.Higham.Chapter10.Theorem07.Core.Results	produced_destination	41	import NumStability.Source.Higham.Chapter10.Equation07.AbsoluteFactorNorm.Endpoints	c0004_expanded
NumStability.Source.Higham.Chapter10.Theorem07.Core.Results	produced_destination	42	import NumStability.Source.Higham.Chapter10.Equation29.Mathias.Endpoints	c0004_expanded
NumStability.Source.Higham.Chapter10.Theorem07.Core.Results	produced_destination	43	import NumStability.Source.Higham.Chapter10.Equation30.ComplexPositiveDefinite.Endpoints	c0004_expanded
NumStability.Source.Higham.Chapter10.Theorem07.Core.Results	produced_destination	44	import NumStability.Source.Higham.Chapter10.Lemma11.PivotSequenceStability.Endpoints	c0004_expanded
NumStability.Source.Higham.Chapter10.Theorem07.Core.Results	produced_destination	45	import NumStability.Source.Higham.Chapter10.Lemma13.KahanSharpness.CompletePivotingBound	c0004_expanded
NumStability.Source.Higham.Chapter10.Theorem07.Core.Results	produced_destination	46	import NumStability.Source.Higham.Chapter10.Lemma13.KahanSharpness.Endpoints	c0004_expanded
NumStability.Source.Higham.Chapter10.Theorem07.Core.Results	produced_destination	47	import NumStability.Source.Higham.Chapter10.Problem01.PositiveSemidefiniteEntries.Basic	c0004_expanded
NumStability.Source.Higham.Chapter10.Theorem07.Core.Results	produced_destination	48	import NumStability.Source.Higham.Chapter10.Problem04.UnpivotedGrowth.Basic	c0004_expanded
NumStability.Source.Higham.Chapter10.Theorem07.Core.Results	produced_destination	49	import NumStability.Source.Higham.Chapter10.Problem08.LeadingMinorsCounterexample.Basic	c0004_expanded
NumStability.Source.Higham.Chapter10.Theorem07.Core.Results	produced_destination	50	import NumStability.Source.Higham.Chapter10.Section01.Factorization.Basic	c0004_expanded
NumStability.Source.Higham.Chapter10.Theorem07.Core.Results	produced_destination	51	import NumStability.Source.Higham.Chapter10.Section02.ErrorAnalysis.Basic	c0004_expanded
NumStability.Source.Higham.Chapter10.Theorem07.Core.Results	produced_destination	52	import NumStability.Source.Higham.Chapter10.Section03.PositiveSemidefinite.Endpoints	c0004_expanded
NumStability.Source.Higham.Chapter10.Theorem07.Core.Results	produced_destination	53	import NumStability.Source.Higham.Chapter10.Section03.PositiveSemidefinite.Existence	c0004_expanded
NumStability.Source.Higham.Chapter10.Theorem07.Core.Results	produced_destination	54	import NumStability.Source.Higham.Chapter10.Section03.PositiveSemidefinite.SchurComplement	c0004_expanded
NumStability.Source.Higham.Chapter10.Theorem07.Core.Results	produced_destination	55	import NumStability.Source.Higham.Chapter10.Section03.PositiveSemidefinite.Termination	c0004_expanded
NumStability.Source.Higham.Chapter10.Theorem07.Core.Results	produced_destination	56	import NumStability.Source.Higham.Chapter10.Section03.PositiveSemidefinite.WNormBound	c0004_expanded
NumStability.Source.Higham.Chapter10.Theorem07.Core.Results	produced_destination	57	import NumStability.Source.Higham.Chapter10.Section04.PositiveDefiniteSymmetricPart.Endpoints	c0004_expanded
NumStability.Source.Higham.Chapter10.Theorem07.Core.Results	produced_destination	58	import NumStability.Source.Higham.Chapter10.Theorem06.RoundedCholesky.Endpoints	c0004_expanded
NumStability.Source.Higham.Chapter10.Theorem07.Core.Results	produced_destination	59	import NumStability.Source.Higham.Chapter10.Theorem07.FailureVacuity.Endpoints	c0004_expanded
NumStability.Source.Higham.Chapter10.Theorem07.Core.Results	produced_destination	60	import NumStability.Source.Higham.Chapter10.Theorem08.ComponentwisePerturbation.Endpoints	c0004_expanded
NumStability.Source.Higham.Chapter10.Theorem07.Core.Results	produced_destination	61	import NumStability.Source.Higham.Chapter10.Theorem08.NormwiseDiscrepancy.Endpoints	c0004_expanded
NumStability.Source.Higham.Chapter10.Theorem07.Core.Results	produced_destination	62	import NumStability.Source.Higham.Chapter10.Theorem14.CompletePivotedPSD.Endpoints	c0004_expanded
NumStability.Source.Higham.Chapter10.Theorem07.Core.Results	produced_destination	63	import NumStability.Source.Higham.Chapter10.Theorem14.CompletePivotedPSD.PsdErrorAnalysis	c0004_expanded
NumStability.Source.Higham.Chapter10.Theorem07.SuccessThreshold.Factorization	produced_destination	1	import Mathlib.Algebra.BigOperators.Field	c0004_expanded
NumStability.Source.Higham.Chapter10.Theorem07.SuccessThreshold.Factorization	produced_destination	2	import Mathlib.Algebra.BigOperators.Group.Finset.Basic	c0004_expanded
NumStability.Source.Higham.Chapter10.Theorem07.SuccessThreshold.Factorization	produced_destination	3	import Mathlib.Algebra.Order.BigOperators.Group.Finset	c0004_expanded
NumStability.Source.Higham.Chapter10.Theorem07.SuccessThreshold.Factorization	produced_destination	4	import Mathlib.Data.Complex.Basic	c0004_direct
NumStability.Source.Higham.Chapter10.Theorem07.SuccessThreshold.Factorization	produced_destination	5	import Mathlib.Data.Real.Basic	c0004_expanded
NumStability.Source.Higham.Chapter10.Theorem07.SuccessThreshold.Factorization	produced_destination	6	import Mathlib.Data.Real.Sqrt	c0004_expanded
NumStability.Source.Higham.Chapter10.Theorem07.SuccessThreshold.Factorization	produced_destination	7	import Mathlib.LinearAlgebra.Matrix.Block	c0004_expanded
NumStability.Source.Higham.Chapter10.Theorem07.SuccessThreshold.Factorization	produced_destination	8	import Mathlib.LinearAlgebra.Matrix.NonsingularInverse	c0004_expanded
NumStability.Source.Higham.Chapter10.Theorem07.SuccessThreshold.Factorization	produced_destination	9	import Mathlib.LinearAlgebra.Matrix.Rank	c0004_expanded
NumStability.Source.Higham.Chapter10.Theorem07.SuccessThreshold.Factorization	produced_destination	10	import Mathlib.Tactic.FieldSimp	c0004_expanded
NumStability.Source.Higham.Chapter10.Theorem07.SuccessThreshold.Factorization	produced_destination	11	import Mathlib.Tactic.Linarith	c0004_expanded
NumStability.Source.Higham.Chapter10.Theorem07.SuccessThreshold.Factorization	produced_destination	12	import Mathlib.Tactic.Ring	c0004_expanded
NumStability.Source.Higham.Chapter10.Theorem07.SuccessThreshold.Factorization	produced_destination	13	import NumStability.Algorithms.Cholesky.CholeskyDemmel	c0004_direct+route_dag
NumStability.Source.Higham.Chapter10.Theorem07.SuccessThreshold.Factorization	produced_destination	14	import NumStability.Algorithms.Cholesky.CholeskyFl	c0004_direct+route_dag
NumStability.Source.Higham.Chapter10.Theorem07.SuccessThreshold.Factorization	produced_destination	15	import NumStability.Algorithms.Cholesky.CholeskyNonsym	c0004_direct
NumStability.Source.Higham.Chapter10.Theorem07.SuccessThreshold.Factorization	produced_destination	16	import NumStability.Algorithms.Cholesky.CholeskySpec	c0004_direct+c0004_expanded
NumStability.Source.Higham.Chapter10.Theorem07.SuccessThreshold.Factorization	produced_destination	17	import NumStability.Algorithms.LU.GaussianElimination	c0004_expanded
NumStability.Source.Higham.Chapter10.Theorem07.SuccessThreshold.Factorization	produced_destination	18	import NumStability.Algorithms.LinearSystems.Cholesky.ErrorAnalysis.Certificates	c0004_direct
NumStability.Source.Higham.Chapter10.Theorem07.SuccessThreshold.Factorization	produced_destination	19	import NumStability.Algorithms.LinearSystems.Cholesky.Perturbation.Basic	c0004_direct
NumStability.Source.Higham.Chapter10.Theorem07.SuccessThreshold.Factorization	produced_destination	20	import NumStability.Algorithms.LinearSystems.Cholesky.PositiveSemidefinite.Basic	c0004_expanded
NumStability.Source.Higham.Chapter10.Theorem07.SuccessThreshold.Factorization	produced_destination	21	import NumStability.Algorithms.LinearSystems.Cholesky.PositiveSemidefinite.KahanMatrix	c0004_direct
NumStability.Source.Higham.Chapter10.Theorem07.SuccessThreshold.Factorization	produced_destination	22	import NumStability.Algorithms.LinearSystems.Cholesky.PositiveSemidefinite.ScaledStage	c0004_direct
NumStability.Source.Higham.Chapter10.Theorem07.SuccessThreshold.Factorization	produced_destination	23	import NumStability.Analysis.MatrixNorms.EntrywiseAbsolute.Basic	c0004_direct
NumStability.Source.Higham.Chapter10.Theorem07.SuccessThreshold.Factorization	produced_destination	24	import NumStability.Analysis.MatrixNorms.SpectralExtrema.Basic	c0004_direct
NumStability.Source.Higham.Chapter10.Theorem07.SuccessThreshold.Factorization	produced_destination	25	import NumStability.Analysis.MatrixNorms.SpectralExtrema.PrincipalSubmatrices.Bounds	route_dag
NumStability.Source.Higham.Chapter10.Theorem07.SuccessThreshold.Factorization	produced_destination	26	import NumStability.Analysis.MatrixSpectral	c0004_direct
NumStability.Source.Higham.Chapter10.Theorem07.SuccessThreshold.Factorization	produced_destination	27	import NumStability.Analysis.Rounding	c0004_expanded
NumStability.Source.Higham.Chapter10.Theorem07.SuccessThreshold.Factorization	produced_destination	28	import NumStability.FloatingPoint.Model	c0004_expanded
NumStability.Source.Higham.Chapter10.Theorem07.SuccessThreshold.Factorization	produced_destination	29	import NumStability.Source.Higham.Chapter09.Problems	c0004_direct
NumStability.Source.Higham.Chapter10.Theorem07.SuccessThreshold.Factorization	produced_destination	30	import NumStability.Source.Higham.Chapter09.Section01	c0004_direct
NumStability.Source.Higham.Chapter10.Theorem07.SuccessThreshold.Factorization	produced_destination	31	import NumStability.Source.Higham.Chapter09.Section02	c0004_direct
NumStability.Source.Higham.Chapter10.Theorem07.SuccessThreshold.Factorization	produced_destination	32	import NumStability.Source.Higham.Chapter09.Section03	c0004_direct
NumStability.Source.Higham.Chapter10.Theorem07.SuccessThreshold.Factorization	produced_destination	33	import NumStability.Source.Higham.Chapter09.Section04	c0004_direct
NumStability.Source.Higham.Chapter10.Theorem07.SuccessThreshold.Factorization	produced_destination	34	import NumStability.Source.Higham.Chapter09.Section05	c0004_direct
NumStability.Source.Higham.Chapter10.Theorem07.SuccessThreshold.Factorization	produced_destination	35	import NumStability.Source.Higham.Chapter09.Section06	c0004_direct
NumStability.Source.Higham.Chapter10.Theorem07.SuccessThreshold.Factorization	produced_destination	36	import NumStability.Source.Higham.Chapter09.Section08	c0004_direct
NumStability.Source.Higham.Chapter10.Theorem07.SuccessThreshold.Factorization	produced_destination	37	import NumStability.Source.Higham.Chapter09.Section10	c0004_direct
NumStability.Source.Higham.Chapter10.Theorem07.SuccessThreshold.Factorization	produced_destination	38	import NumStability.Source.Higham.Chapter09.Section11	c0004_direct
NumStability.Source.Higham.Chapter10.Theorem07.SuccessThreshold.Factorization	produced_destination	39	import NumStability.Source.Higham.Chapter10.Equation07.AbsoluteFactorNorm.Endpoints	c0004_direct
NumStability.Source.Higham.Chapter10.Theorem07.SuccessThreshold.Factorization	produced_destination	40	import NumStability.Source.Higham.Chapter10.Equation29.Mathias.Endpoints	c0004_direct
NumStability.Source.Higham.Chapter10.Theorem07.SuccessThreshold.Factorization	produced_destination	41	import NumStability.Source.Higham.Chapter10.Equation30.ComplexPositiveDefinite.Endpoints	c0004_direct
NumStability.Source.Higham.Chapter10.Theorem07.SuccessThreshold.Factorization	produced_destination	42	import NumStability.Source.Higham.Chapter10.Lemma11.PivotSequenceStability.Endpoints	c0004_direct
NumStability.Source.Higham.Chapter10.Theorem07.SuccessThreshold.Factorization	produced_destination	43	import NumStability.Source.Higham.Chapter10.Lemma13.KahanSharpness.CompletePivotingBound	c0004_expanded
NumStability.Source.Higham.Chapter10.Theorem07.SuccessThreshold.Factorization	produced_destination	44	import NumStability.Source.Higham.Chapter10.Lemma13.KahanSharpness.Endpoints	c0004_direct
NumStability.Source.Higham.Chapter10.Theorem07.SuccessThreshold.Factorization	produced_destination	45	import NumStability.Source.Higham.Chapter10.Problem01.PositiveSemidefiniteEntries.Basic	c0004_direct
NumStability.Source.Higham.Chapter10.Theorem07.SuccessThreshold.Factorization	produced_destination	46	import NumStability.Source.Higham.Chapter10.Problem04.UnpivotedGrowth.Basic	c0004_direct
NumStability.Source.Higham.Chapter10.Theorem07.SuccessThreshold.Factorization	produced_destination	47	import NumStability.Source.Higham.Chapter10.Problem08.LeadingMinorsCounterexample.Basic	c0004_direct
NumStability.Source.Higham.Chapter10.Theorem07.SuccessThreshold.Factorization	produced_destination	48	import NumStability.Source.Higham.Chapter10.Section01.Factorization.Basic	c0004_direct
NumStability.Source.Higham.Chapter10.Theorem07.SuccessThreshold.Factorization	produced_destination	49	import NumStability.Source.Higham.Chapter10.Section02.ErrorAnalysis.Basic	c0004_direct
NumStability.Source.Higham.Chapter10.Theorem07.SuccessThreshold.Factorization	produced_destination	50	import NumStability.Source.Higham.Chapter10.Section03.PositiveSemidefinite.Endpoints	c0004_direct
NumStability.Source.Higham.Chapter10.Theorem07.SuccessThreshold.Factorization	produced_destination	51	import NumStability.Source.Higham.Chapter10.Section03.PositiveSemidefinite.Existence	c0004_expanded
NumStability.Source.Higham.Chapter10.Theorem07.SuccessThreshold.Factorization	produced_destination	52	import NumStability.Source.Higham.Chapter10.Section03.PositiveSemidefinite.SchurComplement	c0004_expanded
NumStability.Source.Higham.Chapter10.Theorem07.SuccessThreshold.Factorization	produced_destination	53	import NumStability.Source.Higham.Chapter10.Section03.PositiveSemidefinite.Termination	c0004_expanded
NumStability.Source.Higham.Chapter10.Theorem07.SuccessThreshold.Factorization	produced_destination	54	import NumStability.Source.Higham.Chapter10.Section03.PositiveSemidefinite.WNormBound	c0004_expanded
NumStability.Source.Higham.Chapter10.Theorem07.SuccessThreshold.Factorization	produced_destination	55	import NumStability.Source.Higham.Chapter10.Section04.PositiveDefiniteSymmetricPart.Endpoints	c0004_direct
NumStability.Source.Higham.Chapter10.Theorem07.SuccessThreshold.Factorization	produced_destination	56	import NumStability.Source.Higham.Chapter10.Theorem06.RoundedCholesky.Endpoints	c0004_direct
NumStability.Source.Higham.Chapter10.Theorem07.SuccessThreshold.Factorization	produced_destination	57	import NumStability.Source.Higham.Chapter10.Theorem07.FailureVacuity.Endpoints	c0004_direct
NumStability.Source.Higham.Chapter10.Theorem07.SuccessThreshold.Factorization	produced_destination	58	import NumStability.Source.Higham.Chapter10.Theorem08.ComponentwisePerturbation.Endpoints	c0004_direct
NumStability.Source.Higham.Chapter10.Theorem07.SuccessThreshold.Factorization	produced_destination	59	import NumStability.Source.Higham.Chapter10.Theorem08.NormwiseDiscrepancy.Endpoints	c0004_direct
NumStability.Source.Higham.Chapter10.Theorem07.SuccessThreshold.Factorization	produced_destination	60	import NumStability.Source.Higham.Chapter10.Theorem14.CompletePivotedPSD.Endpoints	c0004_direct
NumStability.Source.Higham.Chapter10.Theorem07.SuccessThreshold.Factorization	produced_destination	61	import NumStability.Source.Higham.Chapter10.Theorem14.CompletePivotedPSD.PsdErrorAnalysis	c0004_expanded
NumStability.Source.Higham.Chapter10.Theorem07.SuccessThreshold.Factorization	produced_destination	62	import NumStability.Source.Higham.Chapter10.Theorem14.CompletePivotedPSD.SuccessfulRun.StageBounds	route_dag
NumStability.Source.Higham.Chapter10.Theorem08.ComponentwisePerturbation.NormalizedResolvent.SourceBound	produced_destination	1	import NumStability.Algorithms.Cholesky.CholeskySpec	c0004_direct
NumStability.Source.Higham.Chapter10.Theorem08.ComponentwisePerturbation.NormalizedResolvent.SourceBound	produced_destination	2	import NumStability.Algorithms.LinearSystems.Triangular.InverseBounds	c0004_direct
NumStability.Source.Higham.Chapter10.Theorem08.ComponentwisePerturbation.NormalizedResolvent.SourceBound	produced_destination	3	import NumStability.Source.Higham.Chapter09.Problems	c0004_direct
NumStability.Source.Higham.Chapter10.Theorem08.ComponentwisePerturbation.NormalizedResolvent.SourceBound	produced_destination	4	import NumStability.Source.Higham.Chapter09.Section01	c0004_direct
NumStability.Source.Higham.Chapter10.Theorem08.ComponentwisePerturbation.NormalizedResolvent.SourceBound	produced_destination	5	import NumStability.Source.Higham.Chapter09.Section02	c0004_direct
NumStability.Source.Higham.Chapter10.Theorem08.ComponentwisePerturbation.NormalizedResolvent.SourceBound	produced_destination	6	import NumStability.Source.Higham.Chapter09.Section03	c0004_direct
NumStability.Source.Higham.Chapter10.Theorem08.ComponentwisePerturbation.NormalizedResolvent.SourceBound	produced_destination	7	import NumStability.Source.Higham.Chapter09.Section04	c0004_direct
NumStability.Source.Higham.Chapter10.Theorem08.ComponentwisePerturbation.NormalizedResolvent.SourceBound	produced_destination	8	import NumStability.Source.Higham.Chapter09.Section05	c0004_direct
NumStability.Source.Higham.Chapter10.Theorem08.ComponentwisePerturbation.NormalizedResolvent.SourceBound	produced_destination	9	import NumStability.Source.Higham.Chapter09.Section06	c0004_direct
NumStability.Source.Higham.Chapter10.Theorem08.ComponentwisePerturbation.NormalizedResolvent.SourceBound	produced_destination	10	import NumStability.Source.Higham.Chapter09.Section08	c0004_direct
NumStability.Source.Higham.Chapter10.Theorem08.ComponentwisePerturbation.NormalizedResolvent.SourceBound	produced_destination	11	import NumStability.Source.Higham.Chapter09.Section10	c0004_direct
NumStability.Source.Higham.Chapter10.Theorem08.ComponentwisePerturbation.NormalizedResolvent.SourceBound	produced_destination	12	import NumStability.Source.Higham.Chapter09.Section11	c0004_direct
NumStability.Source.Higham.Chapter10.Theorem08.ComponentwisePerturbation.NormalizedResolvent.SourceBound	produced_destination	13	import NumStability.Source.Higham.Chapter10.Theorem08.ComponentwisePerturbation.Resolvent	c0004_direct
NumStability.Source.Higham.Chapter10.Theorem08.NormwiseDiscrepancy.Counterexample.Uniqueness	produced_destination	1	import Mathlib.Algebra.BigOperators.Field	c0004_expanded
NumStability.Source.Higham.Chapter10.Theorem08.NormwiseDiscrepancy.Counterexample.Uniqueness	produced_destination	2	import Mathlib.Algebra.BigOperators.Group.Finset.Basic	c0004_expanded
NumStability.Source.Higham.Chapter10.Theorem08.NormwiseDiscrepancy.Counterexample.Uniqueness	produced_destination	3	import Mathlib.Algebra.Order.BigOperators.Group.Finset	c0004_expanded
NumStability.Source.Higham.Chapter10.Theorem08.NormwiseDiscrepancy.Counterexample.Uniqueness	produced_destination	4	import Mathlib.Data.Complex.Basic	c0004_expanded
NumStability.Source.Higham.Chapter10.Theorem08.NormwiseDiscrepancy.Counterexample.Uniqueness	produced_destination	5	import Mathlib.Data.Real.Basic	c0004_expanded
NumStability.Source.Higham.Chapter10.Theorem08.NormwiseDiscrepancy.Counterexample.Uniqueness	produced_destination	6	import Mathlib.Data.Real.Sqrt	c0004_expanded
NumStability.Source.Higham.Chapter10.Theorem08.NormwiseDiscrepancy.Counterexample.Uniqueness	produced_destination	7	import Mathlib.LinearAlgebra.Matrix.Block	c0004_expanded
NumStability.Source.Higham.Chapter10.Theorem08.NormwiseDiscrepancy.Counterexample.Uniqueness	produced_destination	8	import Mathlib.LinearAlgebra.Matrix.NonsingularInverse	c0004_expanded
NumStability.Source.Higham.Chapter10.Theorem08.NormwiseDiscrepancy.Counterexample.Uniqueness	produced_destination	9	import Mathlib.LinearAlgebra.Matrix.Rank	c0004_expanded
NumStability.Source.Higham.Chapter10.Theorem08.NormwiseDiscrepancy.Counterexample.Uniqueness	produced_destination	10	import Mathlib.Tactic.FieldSimp	c0004_expanded
NumStability.Source.Higham.Chapter10.Theorem08.NormwiseDiscrepancy.Counterexample.Uniqueness	produced_destination	11	import Mathlib.Tactic.Linarith	c0004_expanded
NumStability.Source.Higham.Chapter10.Theorem08.NormwiseDiscrepancy.Counterexample.Uniqueness	produced_destination	12	import Mathlib.Tactic.Ring	c0004_expanded
NumStability.Source.Higham.Chapter10.Theorem08.NormwiseDiscrepancy.Counterexample.Uniqueness	produced_destination	13	import NumStability.Algorithms.Cholesky.CholeskyDemmel	c0004_expanded
NumStability.Source.Higham.Chapter10.Theorem08.NormwiseDiscrepancy.Counterexample.Uniqueness	produced_destination	14	import NumStability.Algorithms.Cholesky.CholeskyFl	c0004_expanded
NumStability.Source.Higham.Chapter10.Theorem08.NormwiseDiscrepancy.Counterexample.Uniqueness	produced_destination	15	import NumStability.Algorithms.Cholesky.CholeskyNonsym	c0004_expanded
NumStability.Source.Higham.Chapter10.Theorem08.NormwiseDiscrepancy.Counterexample.Uniqueness	produced_destination	16	import NumStability.Algorithms.Cholesky.CholeskySpec	c0004_expanded
NumStability.Source.Higham.Chapter10.Theorem08.NormwiseDiscrepancy.Counterexample.Uniqueness	produced_destination	17	import NumStability.Algorithms.LU.GaussianElimination	c0004_expanded
NumStability.Source.Higham.Chapter10.Theorem08.NormwiseDiscrepancy.Counterexample.Uniqueness	produced_destination	18	import NumStability.Algorithms.LinearSystems.Cholesky.ErrorAnalysis.Certificates	c0004_expanded
NumStability.Source.Higham.Chapter10.Theorem08.NormwiseDiscrepancy.Counterexample.Uniqueness	produced_destination	19	import NumStability.Algorithms.LinearSystems.Cholesky.Perturbation.Basic	c0004_expanded
NumStability.Source.Higham.Chapter10.Theorem08.NormwiseDiscrepancy.Counterexample.Uniqueness	produced_destination	20	import NumStability.Algorithms.LinearSystems.Cholesky.PositiveSemidefinite.Basic	c0004_expanded
NumStability.Source.Higham.Chapter10.Theorem08.NormwiseDiscrepancy.Counterexample.Uniqueness	produced_destination	21	import NumStability.Algorithms.LinearSystems.Cholesky.PositiveSemidefinite.KahanMatrix	c0004_expanded
NumStability.Source.Higham.Chapter10.Theorem08.NormwiseDiscrepancy.Counterexample.Uniqueness	produced_destination	22	import NumStability.Algorithms.LinearSystems.Cholesky.PositiveSemidefinite.ScaledStage	c0004_expanded
NumStability.Source.Higham.Chapter10.Theorem08.NormwiseDiscrepancy.Counterexample.Uniqueness	produced_destination	23	import NumStability.Analysis.MatrixNorms.EntrywiseAbsolute.Basic	c0004_expanded
NumStability.Source.Higham.Chapter10.Theorem08.NormwiseDiscrepancy.Counterexample.Uniqueness	produced_destination	24	import NumStability.Analysis.MatrixNorms.SpectralExtrema.Basic	c0004_expanded
NumStability.Source.Higham.Chapter10.Theorem08.NormwiseDiscrepancy.Counterexample.Uniqueness	produced_destination	25	import NumStability.Analysis.MatrixSpectral	c0004_expanded
NumStability.Source.Higham.Chapter10.Theorem08.NormwiseDiscrepancy.Counterexample.Uniqueness	produced_destination	26	import NumStability.Analysis.Rounding	c0004_expanded
NumStability.Source.Higham.Chapter10.Theorem08.NormwiseDiscrepancy.Counterexample.Uniqueness	produced_destination	27	import NumStability.FloatingPoint.Model	c0004_expanded
NumStability.Source.Higham.Chapter10.Theorem08.NormwiseDiscrepancy.Counterexample.Uniqueness	produced_destination	28	import NumStability.Source.Higham.Chapter09.Problems	c0004_expanded
NumStability.Source.Higham.Chapter10.Theorem08.NormwiseDiscrepancy.Counterexample.Uniqueness	produced_destination	29	import NumStability.Source.Higham.Chapter09.Section01	c0004_expanded
NumStability.Source.Higham.Chapter10.Theorem08.NormwiseDiscrepancy.Counterexample.Uniqueness	produced_destination	30	import NumStability.Source.Higham.Chapter09.Section02	c0004_expanded
NumStability.Source.Higham.Chapter10.Theorem08.NormwiseDiscrepancy.Counterexample.Uniqueness	produced_destination	31	import NumStability.Source.Higham.Chapter09.Section03	c0004_expanded
NumStability.Source.Higham.Chapter10.Theorem08.NormwiseDiscrepancy.Counterexample.Uniqueness	produced_destination	32	import NumStability.Source.Higham.Chapter09.Section04	c0004_expanded
NumStability.Source.Higham.Chapter10.Theorem08.NormwiseDiscrepancy.Counterexample.Uniqueness	produced_destination	33	import NumStability.Source.Higham.Chapter09.Section05	c0004_expanded
NumStability.Source.Higham.Chapter10.Theorem08.NormwiseDiscrepancy.Counterexample.Uniqueness	produced_destination	34	import NumStability.Source.Higham.Chapter09.Section06	c0004_expanded
NumStability.Source.Higham.Chapter10.Theorem08.NormwiseDiscrepancy.Counterexample.Uniqueness	produced_destination	35	import NumStability.Source.Higham.Chapter09.Section08	c0004_expanded
NumStability.Source.Higham.Chapter10.Theorem08.NormwiseDiscrepancy.Counterexample.Uniqueness	produced_destination	36	import NumStability.Source.Higham.Chapter09.Section10	c0004_expanded
NumStability.Source.Higham.Chapter10.Theorem08.NormwiseDiscrepancy.Counterexample.Uniqueness	produced_destination	37	import NumStability.Source.Higham.Chapter09.Section11	c0004_expanded
NumStability.Source.Higham.Chapter10.Theorem08.NormwiseDiscrepancy.Counterexample.Uniqueness	produced_destination	38	import NumStability.Source.Higham.Chapter10.Equation07.AbsoluteFactorNorm.Endpoints	c0004_expanded
NumStability.Source.Higham.Chapter10.Theorem08.NormwiseDiscrepancy.Counterexample.Uniqueness	produced_destination	39	import NumStability.Source.Higham.Chapter10.Equation29.Mathias.Endpoints	c0004_expanded
NumStability.Source.Higham.Chapter10.Theorem08.NormwiseDiscrepancy.Counterexample.Uniqueness	produced_destination	40	import NumStability.Source.Higham.Chapter10.Equation30.ComplexPositiveDefinite.Endpoints	c0004_expanded
NumStability.Source.Higham.Chapter10.Theorem08.NormwiseDiscrepancy.Counterexample.Uniqueness	produced_destination	41	import NumStability.Source.Higham.Chapter10.Lemma11.PivotSequenceStability.Endpoints	c0004_expanded
NumStability.Source.Higham.Chapter10.Theorem08.NormwiseDiscrepancy.Counterexample.Uniqueness	produced_destination	42	import NumStability.Source.Higham.Chapter10.Lemma13.KahanSharpness.CompletePivotingBound	c0004_expanded
NumStability.Source.Higham.Chapter10.Theorem08.NormwiseDiscrepancy.Counterexample.Uniqueness	produced_destination	43	import NumStability.Source.Higham.Chapter10.Lemma13.KahanSharpness.Endpoints	c0004_expanded
NumStability.Source.Higham.Chapter10.Theorem08.NormwiseDiscrepancy.Counterexample.Uniqueness	produced_destination	44	import NumStability.Source.Higham.Chapter10.Problem01.PositiveSemidefiniteEntries.Basic	c0004_expanded
NumStability.Source.Higham.Chapter10.Theorem08.NormwiseDiscrepancy.Counterexample.Uniqueness	produced_destination	45	import NumStability.Source.Higham.Chapter10.Problem04.UnpivotedGrowth.Basic	c0004_expanded
NumStability.Source.Higham.Chapter10.Theorem08.NormwiseDiscrepancy.Counterexample.Uniqueness	produced_destination	46	import NumStability.Source.Higham.Chapter10.Problem08.LeadingMinorsCounterexample.Basic	c0004_expanded
NumStability.Source.Higham.Chapter10.Theorem08.NormwiseDiscrepancy.Counterexample.Uniqueness	produced_destination	47	import NumStability.Source.Higham.Chapter10.Section01.Factorization.Basic	c0004_expanded
NumStability.Source.Higham.Chapter10.Theorem08.NormwiseDiscrepancy.Counterexample.Uniqueness	produced_destination	48	import NumStability.Source.Higham.Chapter10.Section01.Factorization.ExistenceUniqueness.Results	route_dag
NumStability.Source.Higham.Chapter10.Theorem08.NormwiseDiscrepancy.Counterexample.Uniqueness	produced_destination	49	import NumStability.Source.Higham.Chapter10.Section02.ErrorAnalysis.Basic	c0004_expanded
NumStability.Source.Higham.Chapter10.Theorem08.NormwiseDiscrepancy.Counterexample.Uniqueness	produced_destination	50	import NumStability.Source.Higham.Chapter10.Section03.PositiveSemidefinite.Endpoints	c0004_expanded
NumStability.Source.Higham.Chapter10.Theorem08.NormwiseDiscrepancy.Counterexample.Uniqueness	produced_destination	51	import NumStability.Source.Higham.Chapter10.Section03.PositiveSemidefinite.Existence	c0004_expanded
NumStability.Source.Higham.Chapter10.Theorem08.NormwiseDiscrepancy.Counterexample.Uniqueness	produced_destination	52	import NumStability.Source.Higham.Chapter10.Section03.PositiveSemidefinite.SchurComplement	c0004_expanded
NumStability.Source.Higham.Chapter10.Theorem08.NormwiseDiscrepancy.Counterexample.Uniqueness	produced_destination	53	import NumStability.Source.Higham.Chapter10.Section03.PositiveSemidefinite.Termination	c0004_expanded
NumStability.Source.Higham.Chapter10.Theorem08.NormwiseDiscrepancy.Counterexample.Uniqueness	produced_destination	54	import NumStability.Source.Higham.Chapter10.Section03.PositiveSemidefinite.WNormBound	c0004_expanded
NumStability.Source.Higham.Chapter10.Theorem08.NormwiseDiscrepancy.Counterexample.Uniqueness	produced_destination	55	import NumStability.Source.Higham.Chapter10.Section04.PositiveDefiniteSymmetricPart.Endpoints	c0004_expanded
NumStability.Source.Higham.Chapter10.Theorem08.NormwiseDiscrepancy.Counterexample.Uniqueness	produced_destination	56	import NumStability.Source.Higham.Chapter10.Theorem06.RoundedCholesky.Endpoints	c0004_expanded
NumStability.Source.Higham.Chapter10.Theorem08.NormwiseDiscrepancy.Counterexample.Uniqueness	produced_destination	57	import NumStability.Source.Higham.Chapter10.Theorem07.FailureVacuity.Endpoints	c0004_expanded
NumStability.Source.Higham.Chapter10.Theorem08.NormwiseDiscrepancy.Counterexample.Uniqueness	produced_destination	58	import NumStability.Source.Higham.Chapter10.Theorem08.ComponentwisePerturbation.Endpoints	c0004_expanded
NumStability.Source.Higham.Chapter10.Theorem08.NormwiseDiscrepancy.Counterexample.Uniqueness	produced_destination	59	import NumStability.Source.Higham.Chapter10.Theorem08.NormwiseDiscrepancy.Endpoints	c0004_expanded
NumStability.Source.Higham.Chapter10.Theorem08.NormwiseDiscrepancy.Counterexample.Uniqueness	produced_destination	60	import NumStability.Source.Higham.Chapter10.Theorem08.NormwiseDiscrepancy.LiteralSource	c0004_direct
NumStability.Source.Higham.Chapter10.Theorem08.NormwiseDiscrepancy.Counterexample.Uniqueness	produced_destination	61	import NumStability.Source.Higham.Chapter10.Theorem14.CompletePivotedPSD.Endpoints	c0004_expanded
NumStability.Source.Higham.Chapter10.Theorem08.NormwiseDiscrepancy.Counterexample.Uniqueness	produced_destination	62	import NumStability.Source.Higham.Chapter10.Theorem14.CompletePivotedPSD.PsdErrorAnalysis	c0004_expanded
NumStability.Source.Higham.Chapter10.Theorem14.CompletePivotedPSD.ActualComputation.ErrorBounds	produced_destination	1	import Mathlib.Algebra.BigOperators.Field	c0004_expanded
NumStability.Source.Higham.Chapter10.Theorem14.CompletePivotedPSD.ActualComputation.ErrorBounds	produced_destination	2	import Mathlib.Algebra.BigOperators.Group.Finset.Basic	c0004_expanded
NumStability.Source.Higham.Chapter10.Theorem14.CompletePivotedPSD.ActualComputation.ErrorBounds	produced_destination	3	import Mathlib.Algebra.Order.BigOperators.Group.Finset	c0004_expanded
NumStability.Source.Higham.Chapter10.Theorem14.CompletePivotedPSD.ActualComputation.ErrorBounds	produced_destination	4	import Mathlib.Data.Complex.Basic	c0004_expanded
NumStability.Source.Higham.Chapter10.Theorem14.CompletePivotedPSD.ActualComputation.ErrorBounds	produced_destination	5	import Mathlib.Data.Real.Basic	c0004_expanded
NumStability.Source.Higham.Chapter10.Theorem14.CompletePivotedPSD.ActualComputation.ErrorBounds	produced_destination	6	import Mathlib.Data.Real.Sqrt	c0004_expanded
NumStability.Source.Higham.Chapter10.Theorem14.CompletePivotedPSD.ActualComputation.ErrorBounds	produced_destination	7	import Mathlib.LinearAlgebra.Matrix.Block	c0004_expanded
NumStability.Source.Higham.Chapter10.Theorem14.CompletePivotedPSD.ActualComputation.ErrorBounds	produced_destination	8	import Mathlib.LinearAlgebra.Matrix.NonsingularInverse	c0004_expanded
NumStability.Source.Higham.Chapter10.Theorem14.CompletePivotedPSD.ActualComputation.ErrorBounds	produced_destination	9	import Mathlib.LinearAlgebra.Matrix.Rank	c0004_expanded
NumStability.Source.Higham.Chapter10.Theorem14.CompletePivotedPSD.ActualComputation.ErrorBounds	produced_destination	10	import Mathlib.Tactic.FieldSimp	c0004_expanded
NumStability.Source.Higham.Chapter10.Theorem14.CompletePivotedPSD.ActualComputation.ErrorBounds	produced_destination	11	import Mathlib.Tactic.Linarith	c0004_expanded
NumStability.Source.Higham.Chapter10.Theorem14.CompletePivotedPSD.ActualComputation.ErrorBounds	produced_destination	12	import Mathlib.Tactic.Ring	c0004_expanded
NumStability.Source.Higham.Chapter10.Theorem14.CompletePivotedPSD.ActualComputation.ErrorBounds	produced_destination	13	import NumStability.Algorithms.Cholesky.CholeskyDemmel	c0004_expanded
NumStability.Source.Higham.Chapter10.Theorem14.CompletePivotedPSD.ActualComputation.ErrorBounds	produced_destination	14	import NumStability.Algorithms.Cholesky.CholeskyFl	c0004_expanded
NumStability.Source.Higham.Chapter10.Theorem14.CompletePivotedPSD.ActualComputation.ErrorBounds	produced_destination	15	import NumStability.Algorithms.Cholesky.CholeskyNonsym	c0004_expanded
NumStability.Source.Higham.Chapter10.Theorem14.CompletePivotedPSD.ActualComputation.ErrorBounds	produced_destination	16	import NumStability.Algorithms.Cholesky.CholeskySpec	c0004_expanded
NumStability.Source.Higham.Chapter10.Theorem14.CompletePivotedPSD.ActualComputation.ErrorBounds	produced_destination	17	import NumStability.Algorithms.LU.GaussianElimination	c0004_expanded
NumStability.Source.Higham.Chapter10.Theorem14.CompletePivotedPSD.ActualComputation.ErrorBounds	produced_destination	18	import NumStability.Algorithms.LinearSystems.Cholesky.ErrorAnalysis.Certificates	c0004_expanded
NumStability.Source.Higham.Chapter10.Theorem14.CompletePivotedPSD.ActualComputation.ErrorBounds	produced_destination	19	import NumStability.Algorithms.LinearSystems.Cholesky.Perturbation.Basic	c0004_expanded
NumStability.Source.Higham.Chapter10.Theorem14.CompletePivotedPSD.ActualComputation.ErrorBounds	produced_destination	20	import NumStability.Algorithms.LinearSystems.Cholesky.PositiveSemidefinite.Basic	c0004_expanded
NumStability.Source.Higham.Chapter10.Theorem14.CompletePivotedPSD.ActualComputation.ErrorBounds	produced_destination	21	import NumStability.Algorithms.LinearSystems.Cholesky.PositiveSemidefinite.KahanMatrix	c0004_expanded
NumStability.Source.Higham.Chapter10.Theorem14.CompletePivotedPSD.ActualComputation.ErrorBounds	produced_destination	22	import NumStability.Algorithms.LinearSystems.Cholesky.PositiveSemidefinite.ScaledStage	c0004_expanded
NumStability.Source.Higham.Chapter10.Theorem14.CompletePivotedPSD.ActualComputation.ErrorBounds	produced_destination	23	import NumStability.Analysis.MatrixNorms.EntrywiseAbsolute.Basic	c0004_expanded
NumStability.Source.Higham.Chapter10.Theorem14.CompletePivotedPSD.ActualComputation.ErrorBounds	produced_destination	24	import NumStability.Analysis.MatrixNorms.SpectralExtrema.Basic	c0004_expanded
NumStability.Source.Higham.Chapter10.Theorem14.CompletePivotedPSD.ActualComputation.ErrorBounds	produced_destination	25	import NumStability.Analysis.MatrixSpectral	c0004_expanded
NumStability.Source.Higham.Chapter10.Theorem14.CompletePivotedPSD.ActualComputation.ErrorBounds	produced_destination	26	import NumStability.Analysis.Rounding	c0004_expanded
NumStability.Source.Higham.Chapter10.Theorem14.CompletePivotedPSD.ActualComputation.ErrorBounds	produced_destination	27	import NumStability.FloatingPoint.Model	c0004_expanded
NumStability.Source.Higham.Chapter10.Theorem14.CompletePivotedPSD.ActualComputation.ErrorBounds	produced_destination	28	import NumStability.Source.Higham.Chapter09.Problems	c0004_expanded
NumStability.Source.Higham.Chapter10.Theorem14.CompletePivotedPSD.ActualComputation.ErrorBounds	produced_destination	29	import NumStability.Source.Higham.Chapter09.Section01	c0004_expanded
NumStability.Source.Higham.Chapter10.Theorem14.CompletePivotedPSD.ActualComputation.ErrorBounds	produced_destination	30	import NumStability.Source.Higham.Chapter09.Section02	c0004_expanded
NumStability.Source.Higham.Chapter10.Theorem14.CompletePivotedPSD.ActualComputation.ErrorBounds	produced_destination	31	import NumStability.Source.Higham.Chapter09.Section03	c0004_expanded
NumStability.Source.Higham.Chapter10.Theorem14.CompletePivotedPSD.ActualComputation.ErrorBounds	produced_destination	32	import NumStability.Source.Higham.Chapter09.Section04	c0004_expanded
NumStability.Source.Higham.Chapter10.Theorem14.CompletePivotedPSD.ActualComputation.ErrorBounds	produced_destination	33	import NumStability.Source.Higham.Chapter09.Section05	c0004_expanded
NumStability.Source.Higham.Chapter10.Theorem14.CompletePivotedPSD.ActualComputation.ErrorBounds	produced_destination	34	import NumStability.Source.Higham.Chapter09.Section06	c0004_expanded
NumStability.Source.Higham.Chapter10.Theorem14.CompletePivotedPSD.ActualComputation.ErrorBounds	produced_destination	35	import NumStability.Source.Higham.Chapter09.Section08	c0004_expanded
NumStability.Source.Higham.Chapter10.Theorem14.CompletePivotedPSD.ActualComputation.ErrorBounds	produced_destination	36	import NumStability.Source.Higham.Chapter09.Section10	c0004_expanded
NumStability.Source.Higham.Chapter10.Theorem14.CompletePivotedPSD.ActualComputation.ErrorBounds	produced_destination	37	import NumStability.Source.Higham.Chapter09.Section11	c0004_expanded
NumStability.Source.Higham.Chapter10.Theorem14.CompletePivotedPSD.ActualComputation.ErrorBounds	produced_destination	38	import NumStability.Source.Higham.Chapter10.Equation07.AbsoluteFactorNorm.Endpoints	c0004_expanded
NumStability.Source.Higham.Chapter10.Theorem14.CompletePivotedPSD.ActualComputation.ErrorBounds	produced_destination	39	import NumStability.Source.Higham.Chapter10.Equation29.Mathias.Endpoints	c0004_expanded
NumStability.Source.Higham.Chapter10.Theorem14.CompletePivotedPSD.ActualComputation.ErrorBounds	produced_destination	40	import NumStability.Source.Higham.Chapter10.Equation30.ComplexPositiveDefinite.Endpoints	c0004_expanded
NumStability.Source.Higham.Chapter10.Theorem14.CompletePivotedPSD.ActualComputation.ErrorBounds	produced_destination	41	import NumStability.Source.Higham.Chapter10.Lemma11.PivotSequenceStability.Endpoints	c0004_expanded
NumStability.Source.Higham.Chapter10.Theorem14.CompletePivotedPSD.ActualComputation.ErrorBounds	produced_destination	42	import NumStability.Source.Higham.Chapter10.Lemma11.PivotSequenceStability.SourceClosure	c0004_direct
NumStability.Source.Higham.Chapter10.Theorem14.CompletePivotedPSD.ActualComputation.ErrorBounds	produced_destination	43	import NumStability.Source.Higham.Chapter10.Lemma13.KahanSharpness.CompletePivotingBound	c0004_expanded
NumStability.Source.Higham.Chapter10.Theorem14.CompletePivotedPSD.ActualComputation.ErrorBounds	produced_destination	44	import NumStability.Source.Higham.Chapter10.Lemma13.KahanSharpness.Endpoints	c0004_expanded
NumStability.Source.Higham.Chapter10.Theorem14.CompletePivotedPSD.ActualComputation.ErrorBounds	produced_destination	45	import NumStability.Source.Higham.Chapter10.Problem01.PositiveSemidefiniteEntries.Basic	c0004_expanded
NumStability.Source.Higham.Chapter10.Theorem14.CompletePivotedPSD.ActualComputation.ErrorBounds	produced_destination	46	import NumStability.Source.Higham.Chapter10.Problem01.PositiveSemidefiniteEntries.EntryBounds.Results	route_dag
NumStability.Source.Higham.Chapter10.Theorem14.CompletePivotedPSD.ActualComputation.ErrorBounds	produced_destination	47	import NumStability.Source.Higham.Chapter10.Problem04.UnpivotedGrowth.Basic	c0004_expanded
NumStability.Source.Higham.Chapter10.Theorem14.CompletePivotedPSD.ActualComputation.ErrorBounds	produced_destination	48	import NumStability.Source.Higham.Chapter10.Problem08.LeadingMinorsCounterexample.Basic	c0004_expanded
NumStability.Source.Higham.Chapter10.Theorem14.CompletePivotedPSD.ActualComputation.ErrorBounds	produced_destination	49	import NumStability.Source.Higham.Chapter10.Section01.Factorization.Basic	c0004_expanded
NumStability.Source.Higham.Chapter10.Theorem14.CompletePivotedPSD.ActualComputation.ErrorBounds	produced_destination	50	import NumStability.Source.Higham.Chapter10.Section02.ErrorAnalysis.Basic	c0004_expanded
NumStability.Source.Higham.Chapter10.Theorem14.CompletePivotedPSD.ActualComputation.ErrorBounds	produced_destination	51	import NumStability.Source.Higham.Chapter10.Section03.PositiveSemidefinite.Endpoints	c0004_expanded
NumStability.Source.Higham.Chapter10.Theorem14.CompletePivotedPSD.ActualComputation.ErrorBounds	produced_destination	52	import NumStability.Source.Higham.Chapter10.Section03.PositiveSemidefinite.Existence	c0004_expanded
NumStability.Source.Higham.Chapter10.Theorem14.CompletePivotedPSD.ActualComputation.ErrorBounds	produced_destination	53	import NumStability.Source.Higham.Chapter10.Section03.PositiveSemidefinite.SchurComplement	c0004_expanded
NumStability.Source.Higham.Chapter10.Theorem14.CompletePivotedPSD.ActualComputation.ErrorBounds	produced_destination	54	import NumStability.Source.Higham.Chapter10.Section03.PositiveSemidefinite.Termination	c0004_expanded
NumStability.Source.Higham.Chapter10.Theorem14.CompletePivotedPSD.ActualComputation.ErrorBounds	produced_destination	55	import NumStability.Source.Higham.Chapter10.Section03.PositiveSemidefinite.WNormBound	c0004_expanded
NumStability.Source.Higham.Chapter10.Theorem14.CompletePivotedPSD.ActualComputation.ErrorBounds	produced_destination	56	import NumStability.Source.Higham.Chapter10.Section04.PositiveDefiniteSymmetricPart.Endpoints	c0004_expanded
NumStability.Source.Higham.Chapter10.Theorem14.CompletePivotedPSD.ActualComputation.ErrorBounds	produced_destination	57	import NumStability.Source.Higham.Chapter10.Theorem06.RoundedCholesky.Endpoints	c0004_expanded
NumStability.Source.Higham.Chapter10.Theorem14.CompletePivotedPSD.ActualComputation.ErrorBounds	produced_destination	58	import NumStability.Source.Higham.Chapter10.Theorem07.FailureVacuity.Endpoints	c0004_expanded
NumStability.Source.Higham.Chapter10.Theorem14.CompletePivotedPSD.ActualComputation.ErrorBounds	produced_destination	59	import NumStability.Source.Higham.Chapter10.Theorem08.ComponentwisePerturbation.Endpoints	c0004_expanded
NumStability.Source.Higham.Chapter10.Theorem14.CompletePivotedPSD.ActualComputation.ErrorBounds	produced_destination	60	import NumStability.Source.Higham.Chapter10.Theorem08.NormwiseDiscrepancy.Endpoints	c0004_expanded
NumStability.Source.Higham.Chapter10.Theorem14.CompletePivotedPSD.ActualComputation.ErrorBounds	produced_destination	61	import NumStability.Source.Higham.Chapter10.Theorem14.CompletePivotedPSD.ActualRun	c0004_direct
NumStability.Source.Higham.Chapter10.Theorem14.CompletePivotedPSD.ActualComputation.ErrorBounds	produced_destination	62	import NumStability.Source.Higham.Chapter10.Theorem14.CompletePivotedPSD.Endpoints	c0004_expanded
NumStability.Source.Higham.Chapter10.Theorem14.CompletePivotedPSD.ActualComputation.ErrorBounds	produced_destination	63	import NumStability.Source.Higham.Chapter10.Theorem14.CompletePivotedPSD.PsdErrorAnalysis	c0004_expanded
NumStability.Source.Higham.Chapter10.Theorem14.CompletePivotedPSD.ActualComputation.ErrorBounds	produced_destination	64	import NumStability.Source.Higham.Chapter10.Theorem14.CompletePivotedPSD.RoundedErrorAnalysis.Bounds	route_dag
NumStability.Source.Higham.Chapter10.Theorem14.CompletePivotedPSD.RankSensitiveError.Bounds	produced_destination	1	import Mathlib.Algebra.BigOperators.Field	c0004_expanded
NumStability.Source.Higham.Chapter10.Theorem14.CompletePivotedPSD.RankSensitiveError.Bounds	produced_destination	2	import Mathlib.Algebra.BigOperators.Group.Finset.Basic	c0004_expanded
NumStability.Source.Higham.Chapter10.Theorem14.CompletePivotedPSD.RankSensitiveError.Bounds	produced_destination	3	import Mathlib.Algebra.Order.BigOperators.Group.Finset	c0004_expanded
NumStability.Source.Higham.Chapter10.Theorem14.CompletePivotedPSD.RankSensitiveError.Bounds	produced_destination	4	import Mathlib.Data.Complex.Basic	c0004_expanded
NumStability.Source.Higham.Chapter10.Theorem14.CompletePivotedPSD.RankSensitiveError.Bounds	produced_destination	5	import Mathlib.Data.Real.Basic	c0004_expanded
NumStability.Source.Higham.Chapter10.Theorem14.CompletePivotedPSD.RankSensitiveError.Bounds	produced_destination	6	import Mathlib.Data.Real.Sqrt	c0004_expanded
NumStability.Source.Higham.Chapter10.Theorem14.CompletePivotedPSD.RankSensitiveError.Bounds	produced_destination	7	import Mathlib.LinearAlgebra.Matrix.Block	c0004_expanded
NumStability.Source.Higham.Chapter10.Theorem14.CompletePivotedPSD.RankSensitiveError.Bounds	produced_destination	8	import Mathlib.LinearAlgebra.Matrix.NonsingularInverse	c0004_expanded
NumStability.Source.Higham.Chapter10.Theorem14.CompletePivotedPSD.RankSensitiveError.Bounds	produced_destination	9	import Mathlib.LinearAlgebra.Matrix.Rank	c0004_expanded
NumStability.Source.Higham.Chapter10.Theorem14.CompletePivotedPSD.RankSensitiveError.Bounds	produced_destination	10	import Mathlib.Tactic.FieldSimp	c0004_expanded
NumStability.Source.Higham.Chapter10.Theorem14.CompletePivotedPSD.RankSensitiveError.Bounds	produced_destination	11	import Mathlib.Tactic.Linarith	c0004_expanded
NumStability.Source.Higham.Chapter10.Theorem14.CompletePivotedPSD.RankSensitiveError.Bounds	produced_destination	12	import Mathlib.Tactic.Ring	c0004_expanded
NumStability.Source.Higham.Chapter10.Theorem14.CompletePivotedPSD.RankSensitiveError.Bounds	produced_destination	13	import NumStability.Algorithms.Cholesky.CholeskyDemmel	c0004_expanded
NumStability.Source.Higham.Chapter10.Theorem14.CompletePivotedPSD.RankSensitiveError.Bounds	produced_destination	14	import NumStability.Algorithms.Cholesky.CholeskyFl	c0004_expanded+route_dag
NumStability.Source.Higham.Chapter10.Theorem14.CompletePivotedPSD.RankSensitiveError.Bounds	produced_destination	15	import NumStability.Algorithms.Cholesky.CholeskyNonsym	c0004_expanded
NumStability.Source.Higham.Chapter10.Theorem14.CompletePivotedPSD.RankSensitiveError.Bounds	produced_destination	16	import NumStability.Algorithms.Cholesky.CholeskySpec	c0004_expanded
NumStability.Source.Higham.Chapter10.Theorem14.CompletePivotedPSD.RankSensitiveError.Bounds	produced_destination	17	import NumStability.Algorithms.LU.GaussianElimination	c0004_expanded
NumStability.Source.Higham.Chapter10.Theorem14.CompletePivotedPSD.RankSensitiveError.Bounds	produced_destination	18	import NumStability.Algorithms.LinearSystems.Cholesky.ErrorAnalysis.Certificates	c0004_expanded
NumStability.Source.Higham.Chapter10.Theorem14.CompletePivotedPSD.RankSensitiveError.Bounds	produced_destination	19	import NumStability.Algorithms.LinearSystems.Cholesky.Factorization.Spec	c0004_expanded
NumStability.Source.Higham.Chapter10.Theorem14.CompletePivotedPSD.RankSensitiveError.Bounds	produced_destination	20	import NumStability.Algorithms.LinearSystems.Cholesky.Perturbation.Basic	c0004_expanded
NumStability.Source.Higham.Chapter10.Theorem14.CompletePivotedPSD.RankSensitiveError.Bounds	produced_destination	21	import NumStability.Algorithms.LinearSystems.Cholesky.PositiveSemidefinite.Basic	c0004_expanded
NumStability.Source.Higham.Chapter10.Theorem14.CompletePivotedPSD.RankSensitiveError.Bounds	produced_destination	22	import NumStability.Algorithms.LinearSystems.Cholesky.PositiveSemidefinite.KahanMatrix	c0004_expanded
NumStability.Source.Higham.Chapter10.Theorem14.CompletePivotedPSD.RankSensitiveError.Bounds	produced_destination	23	import NumStability.Algorithms.LinearSystems.Cholesky.PositiveSemidefinite.ScaledStage	c0004_expanded
NumStability.Source.Higham.Chapter10.Theorem14.CompletePivotedPSD.RankSensitiveError.Bounds	produced_destination	24	import NumStability.Algorithms.LinearSystems.Cholesky.RoundedFactorization.Basic	c0004_expanded
NumStability.Source.Higham.Chapter10.Theorem14.CompletePivotedPSD.RankSensitiveError.Bounds	produced_destination	25	import NumStability.Analysis.MatrixNorms.EntrywiseAbsolute.Basic	c0004_expanded
NumStability.Source.Higham.Chapter10.Theorem14.CompletePivotedPSD.RankSensitiveError.Bounds	produced_destination	26	import NumStability.Analysis.MatrixNorms.SpectralExtrema.Basic	c0004_expanded
NumStability.Source.Higham.Chapter10.Theorem14.CompletePivotedPSD.RankSensitiveError.Bounds	produced_destination	27	import NumStability.Analysis.MatrixSpectral	c0004_expanded
NumStability.Source.Higham.Chapter10.Theorem14.CompletePivotedPSD.RankSensitiveError.Bounds	produced_destination	28	import NumStability.Analysis.Rounding	c0004_expanded
NumStability.Source.Higham.Chapter10.Theorem14.CompletePivotedPSD.RankSensitiveError.Bounds	produced_destination	29	import NumStability.FloatingPoint.Model	c0004_expanded
NumStability.Source.Higham.Chapter10.Theorem14.CompletePivotedPSD.RankSensitiveError.Bounds	produced_destination	30	import NumStability.Source.Higham.Chapter09.DoolittleClosure	c0004_direct
NumStability.Source.Higham.Chapter10.Theorem14.CompletePivotedPSD.RankSensitiveError.Bounds	produced_destination	31	import NumStability.Source.Higham.Chapter09.Problems	c0004_expanded
NumStability.Source.Higham.Chapter10.Theorem14.CompletePivotedPSD.RankSensitiveError.Bounds	produced_destination	32	import NumStability.Source.Higham.Chapter09.Section01	c0004_expanded
NumStability.Source.Higham.Chapter10.Theorem14.CompletePivotedPSD.RankSensitiveError.Bounds	produced_destination	33	import NumStability.Source.Higham.Chapter09.Section02	c0004_expanded
NumStability.Source.Higham.Chapter10.Theorem14.CompletePivotedPSD.RankSensitiveError.Bounds	produced_destination	34	import NumStability.Source.Higham.Chapter09.Section03	c0004_expanded
NumStability.Source.Higham.Chapter10.Theorem14.CompletePivotedPSD.RankSensitiveError.Bounds	produced_destination	35	import NumStability.Source.Higham.Chapter09.Section04	c0004_expanded
NumStability.Source.Higham.Chapter10.Theorem14.CompletePivotedPSD.RankSensitiveError.Bounds	produced_destination	36	import NumStability.Source.Higham.Chapter09.Section05	c0004_expanded
NumStability.Source.Higham.Chapter10.Theorem14.CompletePivotedPSD.RankSensitiveError.Bounds	produced_destination	37	import NumStability.Source.Higham.Chapter09.Section06	c0004_expanded
NumStability.Source.Higham.Chapter10.Theorem14.CompletePivotedPSD.RankSensitiveError.Bounds	produced_destination	38	import NumStability.Source.Higham.Chapter09.Section08	c0004_expanded
NumStability.Source.Higham.Chapter10.Theorem14.CompletePivotedPSD.RankSensitiveError.Bounds	produced_destination	39	import NumStability.Source.Higham.Chapter09.Section10	c0004_expanded
NumStability.Source.Higham.Chapter10.Theorem14.CompletePivotedPSD.RankSensitiveError.Bounds	produced_destination	40	import NumStability.Source.Higham.Chapter09.Section11	c0004_expanded
NumStability.Source.Higham.Chapter10.Theorem14.CompletePivotedPSD.RankSensitiveError.Bounds	produced_destination	41	import NumStability.Source.Higham.Chapter10.Equation07.AbsoluteFactorNorm.Endpoints	c0004_expanded
NumStability.Source.Higham.Chapter10.Theorem14.CompletePivotedPSD.RankSensitiveError.Bounds	produced_destination	42	import NumStability.Source.Higham.Chapter10.Equation29.Mathias.Endpoints	c0004_expanded
NumStability.Source.Higham.Chapter10.Theorem14.CompletePivotedPSD.RankSensitiveError.Bounds	produced_destination	43	import NumStability.Source.Higham.Chapter10.Equation30.ComplexPositiveDefinite.Endpoints	c0004_expanded
NumStability.Source.Higham.Chapter10.Theorem14.CompletePivotedPSD.RankSensitiveError.Bounds	produced_destination	44	import NumStability.Source.Higham.Chapter10.Lemma11.PivotSequenceStability.Endpoints	c0004_expanded
NumStability.Source.Higham.Chapter10.Theorem14.CompletePivotedPSD.RankSensitiveError.Bounds	produced_destination	45	import NumStability.Source.Higham.Chapter10.Lemma13.KahanSharpness.CompletePivotingBound	c0004_expanded
NumStability.Source.Higham.Chapter10.Theorem14.CompletePivotedPSD.RankSensitiveError.Bounds	produced_destination	46	import NumStability.Source.Higham.Chapter10.Lemma13.KahanSharpness.Endpoints	c0004_expanded
NumStability.Source.Higham.Chapter10.Theorem14.CompletePivotedPSD.RankSensitiveError.Bounds	produced_destination	47	import NumStability.Source.Higham.Chapter10.Problem01.PositiveSemidefiniteEntries.Basic	c0004_expanded
NumStability.Source.Higham.Chapter10.Theorem14.CompletePivotedPSD.RankSensitiveError.Bounds	produced_destination	48	import NumStability.Source.Higham.Chapter10.Problem04.UnpivotedGrowth.Basic	c0004_expanded
NumStability.Source.Higham.Chapter10.Theorem14.CompletePivotedPSD.RankSensitiveError.Bounds	produced_destination	49	import NumStability.Source.Higham.Chapter10.Problem08.LeadingMinorsCounterexample.Basic	c0004_expanded
NumStability.Source.Higham.Chapter10.Theorem14.CompletePivotedPSD.RankSensitiveError.Bounds	produced_destination	50	import NumStability.Source.Higham.Chapter10.Section01.Factorization.Basic	c0004_expanded
NumStability.Source.Higham.Chapter10.Theorem14.CompletePivotedPSD.RankSensitiveError.Bounds	produced_destination	51	import NumStability.Source.Higham.Chapter10.Section02.ErrorAnalysis.Basic	c0004_expanded
NumStability.Source.Higham.Chapter10.Theorem14.CompletePivotedPSD.RankSensitiveError.Bounds	produced_destination	52	import NumStability.Source.Higham.Chapter10.Section03.PositiveSemidefinite.Endpoints	c0004_expanded
NumStability.Source.Higham.Chapter10.Theorem14.CompletePivotedPSD.RankSensitiveError.Bounds	produced_destination	53	import NumStability.Source.Higham.Chapter10.Section03.PositiveSemidefinite.Existence	c0004_expanded
NumStability.Source.Higham.Chapter10.Theorem14.CompletePivotedPSD.RankSensitiveError.Bounds	produced_destination	54	import NumStability.Source.Higham.Chapter10.Section03.PositiveSemidefinite.SchurComplement	c0004_expanded
NumStability.Source.Higham.Chapter10.Theorem14.CompletePivotedPSD.RankSensitiveError.Bounds	produced_destination	55	import NumStability.Source.Higham.Chapter10.Section03.PositiveSemidefinite.Termination	c0004_expanded
NumStability.Source.Higham.Chapter10.Theorem14.CompletePivotedPSD.RankSensitiveError.Bounds	produced_destination	56	import NumStability.Source.Higham.Chapter10.Section03.PositiveSemidefinite.WNormBound	c0004_expanded
NumStability.Source.Higham.Chapter10.Theorem14.CompletePivotedPSD.RankSensitiveError.Bounds	produced_destination	57	import NumStability.Source.Higham.Chapter10.Section04.PositiveDefiniteSymmetricPart.Endpoints	c0004_expanded
NumStability.Source.Higham.Chapter10.Theorem14.CompletePivotedPSD.RankSensitiveError.Bounds	produced_destination	58	import NumStability.Source.Higham.Chapter10.Theorem06.RoundedCholesky.Endpoints	c0004_expanded
NumStability.Source.Higham.Chapter10.Theorem14.CompletePivotedPSD.RankSensitiveError.Bounds	produced_destination	59	import NumStability.Source.Higham.Chapter10.Theorem07.FailureVacuity.Endpoints	c0004_expanded
NumStability.Source.Higham.Chapter10.Theorem14.CompletePivotedPSD.RankSensitiveError.Bounds	produced_destination	60	import NumStability.Source.Higham.Chapter10.Theorem08.ComponentwisePerturbation.Endpoints	c0004_expanded
NumStability.Source.Higham.Chapter10.Theorem14.CompletePivotedPSD.RankSensitiveError.Bounds	produced_destination	61	import NumStability.Source.Higham.Chapter10.Theorem08.NormwiseDiscrepancy.Endpoints	c0004_expanded
NumStability.Source.Higham.Chapter10.Theorem14.CompletePivotedPSD.RankSensitiveError.Bounds	produced_destination	62	import NumStability.Source.Higham.Chapter10.Theorem14.CompletePivotedPSD.Endpoints	c0004_expanded
NumStability.Source.Higham.Chapter10.Theorem14.CompletePivotedPSD.RankSensitiveError.Bounds	produced_destination	63	import NumStability.Source.Higham.Chapter10.Theorem14.CompletePivotedPSD.PsdErrorAnalysis	c0004_expanded
NumStability.Source.Higham.Chapter10.Theorem14.CompletePivotedPSD.RankSensitiveError.Bounds	produced_destination	64	import NumStability.Source.Higham.Chapter10.Theorem14.CompletePivotedPSD.SourceError	c0004_direct
NumStability.Source.Higham.Chapter10.Theorem14.CompletePivotedPSD.RankSensitiveError.Bounds	produced_destination	65	import NumStability.Source.Higham.Chapter10.Theorem14.CompletePivotedPSD.SourceSuccess	c0004_direct
NumStability.Source.Higham.Chapter10.Theorem14.CompletePivotedPSD.RoundedErrorAnalysis.Bounds	produced_destination	1	import Mathlib.Algebra.BigOperators.Field	c0004_direct+c0004_expanded
NumStability.Source.Higham.Chapter10.Theorem14.CompletePivotedPSD.RoundedErrorAnalysis.Bounds	produced_destination	2	import Mathlib.Algebra.BigOperators.Group.Finset.Basic	c0004_direct+c0004_expanded
NumStability.Source.Higham.Chapter10.Theorem14.CompletePivotedPSD.RoundedErrorAnalysis.Bounds	produced_destination	3	import Mathlib.Algebra.Order.BigOperators.Group.Finset	c0004_direct+c0004_expanded
NumStability.Source.Higham.Chapter10.Theorem14.CompletePivotedPSD.RoundedErrorAnalysis.Bounds	produced_destination	4	import Mathlib.Data.Complex.Basic	c0004_direct
NumStability.Source.Higham.Chapter10.Theorem14.CompletePivotedPSD.RoundedErrorAnalysis.Bounds	produced_destination	5	import Mathlib.Data.Real.Basic	c0004_direct+c0004_expanded
NumStability.Source.Higham.Chapter10.Theorem14.CompletePivotedPSD.RoundedErrorAnalysis.Bounds	produced_destination	6	import Mathlib.Data.Real.Sqrt	c0004_direct+c0004_expanded
NumStability.Source.Higham.Chapter10.Theorem14.CompletePivotedPSD.RoundedErrorAnalysis.Bounds	produced_destination	7	import Mathlib.LinearAlgebra.Matrix.Block	c0004_direct+c0004_expanded
NumStability.Source.Higham.Chapter10.Theorem14.CompletePivotedPSD.RoundedErrorAnalysis.Bounds	produced_destination	8	import Mathlib.LinearAlgebra.Matrix.NonsingularInverse	c0004_direct+c0004_expanded
NumStability.Source.Higham.Chapter10.Theorem14.CompletePivotedPSD.RoundedErrorAnalysis.Bounds	produced_destination	9	import Mathlib.LinearAlgebra.Matrix.Rank	c0004_direct+c0004_expanded
NumStability.Source.Higham.Chapter10.Theorem14.CompletePivotedPSD.RoundedErrorAnalysis.Bounds	produced_destination	10	import Mathlib.Tactic.FieldSimp	c0004_direct+c0004_expanded
NumStability.Source.Higham.Chapter10.Theorem14.CompletePivotedPSD.RoundedErrorAnalysis.Bounds	produced_destination	11	import Mathlib.Tactic.Linarith	c0004_direct+c0004_expanded
NumStability.Source.Higham.Chapter10.Theorem14.CompletePivotedPSD.RoundedErrorAnalysis.Bounds	produced_destination	12	import Mathlib.Tactic.Ring	c0004_direct+c0004_expanded
NumStability.Source.Higham.Chapter10.Theorem14.CompletePivotedPSD.RoundedErrorAnalysis.Bounds	produced_destination	13	import NumStability.Algorithms.Cholesky.CholeskyDemmel	c0004_direct
NumStability.Source.Higham.Chapter10.Theorem14.CompletePivotedPSD.RoundedErrorAnalysis.Bounds	produced_destination	14	import NumStability.Algorithms.Cholesky.CholeskyFl	c0004_direct+route_dag
NumStability.Source.Higham.Chapter10.Theorem14.CompletePivotedPSD.RoundedErrorAnalysis.Bounds	produced_destination	15	import NumStability.Algorithms.Cholesky.CholeskyNonsym	c0004_direct
NumStability.Source.Higham.Chapter10.Theorem14.CompletePivotedPSD.RoundedErrorAnalysis.Bounds	produced_destination	16	import NumStability.Algorithms.Cholesky.CholeskySpec	c0004_direct+c0004_expanded
NumStability.Source.Higham.Chapter10.Theorem14.CompletePivotedPSD.RoundedErrorAnalysis.Bounds	produced_destination	17	import NumStability.Algorithms.LU.GaussianElimination	c0004_direct+c0004_expanded
NumStability.Source.Higham.Chapter10.Theorem14.CompletePivotedPSD.RoundedErrorAnalysis.Bounds	produced_destination	18	import NumStability.Algorithms.LinearSystems.Cholesky.ErrorAnalysis.Certificates	c0004_direct
NumStability.Source.Higham.Chapter10.Theorem14.CompletePivotedPSD.RoundedErrorAnalysis.Bounds	produced_destination	19	import NumStability.Algorithms.LinearSystems.Cholesky.Perturbation.Basic	c0004_direct
NumStability.Source.Higham.Chapter10.Theorem14.CompletePivotedPSD.RoundedErrorAnalysis.Bounds	produced_destination	20	import NumStability.Algorithms.LinearSystems.Cholesky.PositiveSemidefinite.Basic	c0004_direct+c0004_expanded
NumStability.Source.Higham.Chapter10.Theorem14.CompletePivotedPSD.RoundedErrorAnalysis.Bounds	produced_destination	21	import NumStability.Algorithms.LinearSystems.Cholesky.PositiveSemidefinite.KahanMatrix	c0004_direct
NumStability.Source.Higham.Chapter10.Theorem14.CompletePivotedPSD.RoundedErrorAnalysis.Bounds	produced_destination	22	import NumStability.Algorithms.LinearSystems.Cholesky.PositiveSemidefinite.ScaledStage	c0004_direct
NumStability.Source.Higham.Chapter10.Theorem14.CompletePivotedPSD.RoundedErrorAnalysis.Bounds	produced_destination	23	import NumStability.Analysis.MatrixNorms.EntrywiseAbsolute.Basic	c0004_direct
NumStability.Source.Higham.Chapter10.Theorem14.CompletePivotedPSD.RoundedErrorAnalysis.Bounds	produced_destination	24	import NumStability.Analysis.MatrixNorms.SpectralExtrema.Basic	c0004_direct
NumStability.Source.Higham.Chapter10.Theorem14.CompletePivotedPSD.RoundedErrorAnalysis.Bounds	produced_destination	25	import NumStability.Analysis.MatrixSpectral	c0004_direct
NumStability.Source.Higham.Chapter10.Theorem14.CompletePivotedPSD.RoundedErrorAnalysis.Bounds	produced_destination	26	import NumStability.Analysis.Rounding	c0004_direct+c0004_expanded
NumStability.Source.Higham.Chapter10.Theorem14.CompletePivotedPSD.RoundedErrorAnalysis.Bounds	produced_destination	27	import NumStability.FloatingPoint.Model	c0004_direct+c0004_expanded
NumStability.Source.Higham.Chapter10.Theorem14.CompletePivotedPSD.RoundedErrorAnalysis.Bounds	produced_destination	28	import NumStability.Source.Higham.Chapter09.Problems	c0004_direct
NumStability.Source.Higham.Chapter10.Theorem14.CompletePivotedPSD.RoundedErrorAnalysis.Bounds	produced_destination	29	import NumStability.Source.Higham.Chapter09.Section01	c0004_direct
NumStability.Source.Higham.Chapter10.Theorem14.CompletePivotedPSD.RoundedErrorAnalysis.Bounds	produced_destination	30	import NumStability.Source.Higham.Chapter09.Section02	c0004_direct
NumStability.Source.Higham.Chapter10.Theorem14.CompletePivotedPSD.RoundedErrorAnalysis.Bounds	produced_destination	31	import NumStability.Source.Higham.Chapter09.Section03	c0004_direct
NumStability.Source.Higham.Chapter10.Theorem14.CompletePivotedPSD.RoundedErrorAnalysis.Bounds	produced_destination	32	import NumStability.Source.Higham.Chapter09.Section04	c0004_direct
NumStability.Source.Higham.Chapter10.Theorem14.CompletePivotedPSD.RoundedErrorAnalysis.Bounds	produced_destination	33	import NumStability.Source.Higham.Chapter09.Section05	c0004_direct
NumStability.Source.Higham.Chapter10.Theorem14.CompletePivotedPSD.RoundedErrorAnalysis.Bounds	produced_destination	34	import NumStability.Source.Higham.Chapter09.Section06	c0004_direct
NumStability.Source.Higham.Chapter10.Theorem14.CompletePivotedPSD.RoundedErrorAnalysis.Bounds	produced_destination	35	import NumStability.Source.Higham.Chapter09.Section08	c0004_direct
NumStability.Source.Higham.Chapter10.Theorem14.CompletePivotedPSD.RoundedErrorAnalysis.Bounds	produced_destination	36	import NumStability.Source.Higham.Chapter09.Section10	c0004_direct
NumStability.Source.Higham.Chapter10.Theorem14.CompletePivotedPSD.RoundedErrorAnalysis.Bounds	produced_destination	37	import NumStability.Source.Higham.Chapter09.Section11	c0004_direct
NumStability.Source.Higham.Chapter10.Theorem14.CompletePivotedPSD.RoundedErrorAnalysis.Bounds	produced_destination	38	import NumStability.Source.Higham.Chapter10.Equation07.AbsoluteFactorNorm.Endpoints	c0004_direct
NumStability.Source.Higham.Chapter10.Theorem14.CompletePivotedPSD.RoundedErrorAnalysis.Bounds	produced_destination	39	import NumStability.Source.Higham.Chapter10.Equation29.Mathias.Endpoints	c0004_direct
NumStability.Source.Higham.Chapter10.Theorem14.CompletePivotedPSD.RoundedErrorAnalysis.Bounds	produced_destination	40	import NumStability.Source.Higham.Chapter10.Equation30.ComplexPositiveDefinite.Endpoints	c0004_direct
NumStability.Source.Higham.Chapter10.Theorem14.CompletePivotedPSD.RoundedErrorAnalysis.Bounds	produced_destination	41	import NumStability.Source.Higham.Chapter10.Lemma11.PivotSequenceStability.Endpoints	c0004_direct
NumStability.Source.Higham.Chapter10.Theorem14.CompletePivotedPSD.RoundedErrorAnalysis.Bounds	produced_destination	42	import NumStability.Source.Higham.Chapter10.Lemma13.KahanSharpness.CompletePivotingBound	c0004_direct+c0004_expanded
NumStability.Source.Higham.Chapter10.Theorem14.CompletePivotedPSD.RoundedErrorAnalysis.Bounds	produced_destination	43	import NumStability.Source.Higham.Chapter10.Lemma13.KahanSharpness.Endpoints	c0004_direct
NumStability.Source.Higham.Chapter10.Theorem14.CompletePivotedPSD.RoundedErrorAnalysis.Bounds	produced_destination	44	import NumStability.Source.Higham.Chapter10.Problem01.PositiveSemidefiniteEntries.Basic	c0004_direct
NumStability.Source.Higham.Chapter10.Theorem14.CompletePivotedPSD.RoundedErrorAnalysis.Bounds	produced_destination	45	import NumStability.Source.Higham.Chapter10.Problem01.PositiveSemidefiniteEntries.EntryBounds.Results	route_dag
NumStability.Source.Higham.Chapter10.Theorem14.CompletePivotedPSD.RoundedErrorAnalysis.Bounds	produced_destination	46	import NumStability.Source.Higham.Chapter10.Problem04.UnpivotedGrowth.Basic	c0004_direct
NumStability.Source.Higham.Chapter10.Theorem14.CompletePivotedPSD.RoundedErrorAnalysis.Bounds	produced_destination	47	import NumStability.Source.Higham.Chapter10.Problem08.LeadingMinorsCounterexample.Basic	c0004_direct
NumStability.Source.Higham.Chapter10.Theorem14.CompletePivotedPSD.RoundedErrorAnalysis.Bounds	produced_destination	48	import NumStability.Source.Higham.Chapter10.Section01.Factorization.Basic	c0004_direct
NumStability.Source.Higham.Chapter10.Theorem14.CompletePivotedPSD.RoundedErrorAnalysis.Bounds	produced_destination	49	import NumStability.Source.Higham.Chapter10.Section02.ErrorAnalysis.Basic	c0004_direct
NumStability.Source.Higham.Chapter10.Theorem14.CompletePivotedPSD.RoundedErrorAnalysis.Bounds	produced_destination	50	import NumStability.Source.Higham.Chapter10.Section03.PositiveSemidefinite.Endpoints	c0004_direct
NumStability.Source.Higham.Chapter10.Theorem14.CompletePivotedPSD.RoundedErrorAnalysis.Bounds	produced_destination	51	import NumStability.Source.Higham.Chapter10.Section03.PositiveSemidefinite.Existence	c0004_direct+c0004_expanded
NumStability.Source.Higham.Chapter10.Theorem14.CompletePivotedPSD.RoundedErrorAnalysis.Bounds	produced_destination	52	import NumStability.Source.Higham.Chapter10.Section03.PositiveSemidefinite.SchurComplement	c0004_direct+c0004_expanded
NumStability.Source.Higham.Chapter10.Theorem14.CompletePivotedPSD.RoundedErrorAnalysis.Bounds	produced_destination	53	import NumStability.Source.Higham.Chapter10.Section03.PositiveSemidefinite.Termination	c0004_direct+c0004_expanded
NumStability.Source.Higham.Chapter10.Theorem14.CompletePivotedPSD.RoundedErrorAnalysis.Bounds	produced_destination	54	import NumStability.Source.Higham.Chapter10.Section03.PositiveSemidefinite.WNormBound	c0004_direct+c0004_expanded
NumStability.Source.Higham.Chapter10.Theorem14.CompletePivotedPSD.RoundedErrorAnalysis.Bounds	produced_destination	55	import NumStability.Source.Higham.Chapter10.Section04.PositiveDefiniteSymmetricPart.Endpoints	c0004_direct
NumStability.Source.Higham.Chapter10.Theorem14.CompletePivotedPSD.RoundedErrorAnalysis.Bounds	produced_destination	56	import NumStability.Source.Higham.Chapter10.Theorem06.RoundedCholesky.Endpoints	c0004_direct
NumStability.Source.Higham.Chapter10.Theorem14.CompletePivotedPSD.RoundedErrorAnalysis.Bounds	produced_destination	57	import NumStability.Source.Higham.Chapter10.Theorem07.FailureVacuity.Endpoints	c0004_direct
NumStability.Source.Higham.Chapter10.Theorem14.CompletePivotedPSD.RoundedErrorAnalysis.Bounds	produced_destination	58	import NumStability.Source.Higham.Chapter10.Theorem08.ComponentwisePerturbation.Endpoints	c0004_direct
NumStability.Source.Higham.Chapter10.Theorem14.CompletePivotedPSD.RoundedErrorAnalysis.Bounds	produced_destination	59	import NumStability.Source.Higham.Chapter10.Theorem08.NormwiseDiscrepancy.Endpoints	c0004_direct
NumStability.Source.Higham.Chapter10.Theorem14.CompletePivotedPSD.RoundedErrorAnalysis.Bounds	produced_destination	60	import NumStability.Source.Higham.Chapter10.Theorem14.CompletePivotedPSD.Endpoints	c0004_direct
NumStability.Source.Higham.Chapter10.Theorem14.CompletePivotedPSD.RoundedErrorAnalysis.Bounds	produced_destination	61	import NumStability.Source.Higham.Chapter10.Theorem14.CompletePivotedPSD.PsdErrorAnalysis	c0004_direct+c0004_expanded
NumStability.Source.Higham.Chapter10.Theorem14.CompletePivotedPSD.SchurPerturbation.Family	produced_destination	1	import Mathlib.Algebra.BigOperators.Field	c0004_expanded
NumStability.Source.Higham.Chapter10.Theorem14.CompletePivotedPSD.SchurPerturbation.Family	produced_destination	2	import Mathlib.Algebra.BigOperators.Group.Finset.Basic	c0004_expanded
NumStability.Source.Higham.Chapter10.Theorem14.CompletePivotedPSD.SchurPerturbation.Family	produced_destination	3	import Mathlib.Algebra.Order.BigOperators.Group.Finset	c0004_expanded
NumStability.Source.Higham.Chapter10.Theorem14.CompletePivotedPSD.SchurPerturbation.Family	produced_destination	4	import Mathlib.Data.Complex.Basic	c0004_expanded
NumStability.Source.Higham.Chapter10.Theorem14.CompletePivotedPSD.SchurPerturbation.Family	produced_destination	5	import Mathlib.Data.Real.Basic	c0004_expanded
NumStability.Source.Higham.Chapter10.Theorem14.CompletePivotedPSD.SchurPerturbation.Family	produced_destination	6	import Mathlib.Data.Real.Sqrt	c0004_expanded
NumStability.Source.Higham.Chapter10.Theorem14.CompletePivotedPSD.SchurPerturbation.Family	produced_destination	7	import Mathlib.LinearAlgebra.Matrix.Block	c0004_expanded
NumStability.Source.Higham.Chapter10.Theorem14.CompletePivotedPSD.SchurPerturbation.Family	produced_destination	8	import Mathlib.LinearAlgebra.Matrix.NonsingularInverse	c0004_expanded
NumStability.Source.Higham.Chapter10.Theorem14.CompletePivotedPSD.SchurPerturbation.Family	produced_destination	9	import Mathlib.LinearAlgebra.Matrix.Rank	c0004_expanded
NumStability.Source.Higham.Chapter10.Theorem14.CompletePivotedPSD.SchurPerturbation.Family	produced_destination	10	import Mathlib.Tactic.FieldSimp	c0004_expanded
NumStability.Source.Higham.Chapter10.Theorem14.CompletePivotedPSD.SchurPerturbation.Family	produced_destination	11	import Mathlib.Tactic.Linarith	c0004_expanded
NumStability.Source.Higham.Chapter10.Theorem14.CompletePivotedPSD.SchurPerturbation.Family	produced_destination	12	import Mathlib.Tactic.Ring	c0004_expanded
NumStability.Source.Higham.Chapter10.Theorem14.CompletePivotedPSD.SchurPerturbation.Family	produced_destination	13	import NumStability.Algorithms.Cholesky.CholeskyDemmel	c0004_expanded
NumStability.Source.Higham.Chapter10.Theorem14.CompletePivotedPSD.SchurPerturbation.Family	produced_destination	14	import NumStability.Algorithms.Cholesky.CholeskyFl	c0004_expanded
NumStability.Source.Higham.Chapter10.Theorem14.CompletePivotedPSD.SchurPerturbation.Family	produced_destination	15	import NumStability.Algorithms.Cholesky.CholeskyNonsym	c0004_expanded
NumStability.Source.Higham.Chapter10.Theorem14.CompletePivotedPSD.SchurPerturbation.Family	produced_destination	16	import NumStability.Algorithms.Cholesky.CholeskySpec	c0004_expanded
NumStability.Source.Higham.Chapter10.Theorem14.CompletePivotedPSD.SchurPerturbation.Family	produced_destination	17	import NumStability.Algorithms.LU.GaussianElimination	c0004_expanded
NumStability.Source.Higham.Chapter10.Theorem14.CompletePivotedPSD.SchurPerturbation.Family	produced_destination	18	import NumStability.Algorithms.LinearSystems.Cholesky.ErrorAnalysis.Certificates	c0004_expanded
NumStability.Source.Higham.Chapter10.Theorem14.CompletePivotedPSD.SchurPerturbation.Family	produced_destination	19	import NumStability.Algorithms.LinearSystems.Cholesky.Factorization.Spec	c0004_expanded
NumStability.Source.Higham.Chapter10.Theorem14.CompletePivotedPSD.SchurPerturbation.Family	produced_destination	20	import NumStability.Algorithms.LinearSystems.Cholesky.Perturbation.Basic	c0004_expanded
NumStability.Source.Higham.Chapter10.Theorem14.CompletePivotedPSD.SchurPerturbation.Family	produced_destination	21	import NumStability.Algorithms.LinearSystems.Cholesky.PositiveSemidefinite.Basic	c0004_expanded
NumStability.Source.Higham.Chapter10.Theorem14.CompletePivotedPSD.SchurPerturbation.Family	produced_destination	22	import NumStability.Algorithms.LinearSystems.Cholesky.PositiveSemidefinite.KahanMatrix	c0004_expanded
NumStability.Source.Higham.Chapter10.Theorem14.CompletePivotedPSD.SchurPerturbation.Family	produced_destination	23	import NumStability.Algorithms.LinearSystems.Cholesky.PositiveSemidefinite.ScaledStage	c0004_expanded
NumStability.Source.Higham.Chapter10.Theorem14.CompletePivotedPSD.SchurPerturbation.Family	produced_destination	24	import NumStability.Algorithms.LinearSystems.Cholesky.RoundedFactorization.Basic	c0004_expanded
NumStability.Source.Higham.Chapter10.Theorem14.CompletePivotedPSD.SchurPerturbation.Family	produced_destination	25	import NumStability.Analysis.FirstOrder.AsymptoticFamilies	c0004_direct
NumStability.Source.Higham.Chapter10.Theorem14.CompletePivotedPSD.SchurPerturbation.Family	produced_destination	26	import NumStability.Analysis.MatrixNorms.EntrywiseAbsolute.Basic	c0004_expanded
NumStability.Source.Higham.Chapter10.Theorem14.CompletePivotedPSD.SchurPerturbation.Family	produced_destination	27	import NumStability.Analysis.MatrixNorms.SpectralExtrema.Basic	c0004_expanded
NumStability.Source.Higham.Chapter10.Theorem14.CompletePivotedPSD.SchurPerturbation.Family	produced_destination	28	import NumStability.Analysis.MatrixSpectral	c0004_expanded
NumStability.Source.Higham.Chapter10.Theorem14.CompletePivotedPSD.SchurPerturbation.Family	produced_destination	29	import NumStability.Analysis.Rounding	c0004_expanded
NumStability.Source.Higham.Chapter10.Theorem14.CompletePivotedPSD.SchurPerturbation.Family	produced_destination	30	import NumStability.FloatingPoint.Model	c0004_expanded
NumStability.Source.Higham.Chapter10.Theorem14.CompletePivotedPSD.SchurPerturbation.Family	produced_destination	31	import NumStability.Source.Higham.Chapter09.DoolittleClosure	c0004_expanded
NumStability.Source.Higham.Chapter10.Theorem14.CompletePivotedPSD.SchurPerturbation.Family	produced_destination	32	import NumStability.Source.Higham.Chapter09.Problems	c0004_expanded
NumStability.Source.Higham.Chapter10.Theorem14.CompletePivotedPSD.SchurPerturbation.Family	produced_destination	33	import NumStability.Source.Higham.Chapter09.Section01	c0004_expanded
NumStability.Source.Higham.Chapter10.Theorem14.CompletePivotedPSD.SchurPerturbation.Family	produced_destination	34	import NumStability.Source.Higham.Chapter09.Section02	c0004_expanded
NumStability.Source.Higham.Chapter10.Theorem14.CompletePivotedPSD.SchurPerturbation.Family	produced_destination	35	import NumStability.Source.Higham.Chapter09.Section03	c0004_expanded
NumStability.Source.Higham.Chapter10.Theorem14.CompletePivotedPSD.SchurPerturbation.Family	produced_destination	36	import NumStability.Source.Higham.Chapter09.Section04	c0004_expanded
NumStability.Source.Higham.Chapter10.Theorem14.CompletePivotedPSD.SchurPerturbation.Family	produced_destination	37	import NumStability.Source.Higham.Chapter09.Section05	c0004_expanded
NumStability.Source.Higham.Chapter10.Theorem14.CompletePivotedPSD.SchurPerturbation.Family	produced_destination	38	import NumStability.Source.Higham.Chapter09.Section06	c0004_expanded
NumStability.Source.Higham.Chapter10.Theorem14.CompletePivotedPSD.SchurPerturbation.Family	produced_destination	39	import NumStability.Source.Higham.Chapter09.Section08	c0004_expanded
NumStability.Source.Higham.Chapter10.Theorem14.CompletePivotedPSD.SchurPerturbation.Family	produced_destination	40	import NumStability.Source.Higham.Chapter09.Section10	c0004_expanded
NumStability.Source.Higham.Chapter10.Theorem14.CompletePivotedPSD.SchurPerturbation.Family	produced_destination	41	import NumStability.Source.Higham.Chapter09.Section11	c0004_expanded
NumStability.Source.Higham.Chapter10.Theorem14.CompletePivotedPSD.SchurPerturbation.Family	produced_destination	42	import NumStability.Source.Higham.Chapter10.Equation07.AbsoluteFactorNorm.Endpoints	c0004_expanded
NumStability.Source.Higham.Chapter10.Theorem14.CompletePivotedPSD.SchurPerturbation.Family	produced_destination	43	import NumStability.Source.Higham.Chapter10.Equation29.Mathias.Endpoints	c0004_expanded
NumStability.Source.Higham.Chapter10.Theorem14.CompletePivotedPSD.SchurPerturbation.Family	produced_destination	44	import NumStability.Source.Higham.Chapter10.Equation30.ComplexPositiveDefinite.Endpoints	c0004_expanded
NumStability.Source.Higham.Chapter10.Theorem14.CompletePivotedPSD.SchurPerturbation.Family	produced_destination	45	import NumStability.Source.Higham.Chapter10.Lemma11.PivotSequenceStability.Endpoints	c0004_expanded
NumStability.Source.Higham.Chapter10.Theorem14.CompletePivotedPSD.SchurPerturbation.Family	produced_destination	46	import NumStability.Source.Higham.Chapter10.Lemma13.KahanSharpness.CompletePivotingBound	c0004_expanded
NumStability.Source.Higham.Chapter10.Theorem14.CompletePivotedPSD.SchurPerturbation.Family	produced_destination	47	import NumStability.Source.Higham.Chapter10.Lemma13.KahanSharpness.Endpoints	c0004_expanded
NumStability.Source.Higham.Chapter10.Theorem14.CompletePivotedPSD.SchurPerturbation.Family	produced_destination	48	import NumStability.Source.Higham.Chapter10.Problem01.PositiveSemidefiniteEntries.Basic	c0004_expanded
NumStability.Source.Higham.Chapter10.Theorem14.CompletePivotedPSD.SchurPerturbation.Family	produced_destination	49	import NumStability.Source.Higham.Chapter10.Problem04.UnpivotedGrowth.Basic	c0004_expanded
NumStability.Source.Higham.Chapter10.Theorem14.CompletePivotedPSD.SchurPerturbation.Family	produced_destination	50	import NumStability.Source.Higham.Chapter10.Problem08.LeadingMinorsCounterexample.Basic	c0004_expanded
NumStability.Source.Higham.Chapter10.Theorem14.CompletePivotedPSD.SchurPerturbation.Family	produced_destination	51	import NumStability.Source.Higham.Chapter10.Section01.Factorization.Basic	c0004_expanded
NumStability.Source.Higham.Chapter10.Theorem14.CompletePivotedPSD.SchurPerturbation.Family	produced_destination	52	import NumStability.Source.Higham.Chapter10.Section02.ErrorAnalysis.Basic	c0004_expanded
NumStability.Source.Higham.Chapter10.Theorem14.CompletePivotedPSD.SchurPerturbation.Family	produced_destination	53	import NumStability.Source.Higham.Chapter10.Section03.PositiveSemidefinite.Endpoints	c0004_expanded
NumStability.Source.Higham.Chapter10.Theorem14.CompletePivotedPSD.SchurPerturbation.Family	produced_destination	54	import NumStability.Source.Higham.Chapter10.Section03.PositiveSemidefinite.Existence	c0004_expanded
NumStability.Source.Higham.Chapter10.Theorem14.CompletePivotedPSD.SchurPerturbation.Family	produced_destination	55	import NumStability.Source.Higham.Chapter10.Section03.PositiveSemidefinite.PivotingAndScaling.Results	route_dag
NumStability.Source.Higham.Chapter10.Theorem14.CompletePivotedPSD.SchurPerturbation.Family	produced_destination	56	import NumStability.Source.Higham.Chapter10.Section03.PositiveSemidefinite.SchurComplement	c0004_expanded
NumStability.Source.Higham.Chapter10.Theorem14.CompletePivotedPSD.SchurPerturbation.Family	produced_destination	57	import NumStability.Source.Higham.Chapter10.Section03.PositiveSemidefinite.Termination	c0004_expanded
NumStability.Source.Higham.Chapter10.Theorem14.CompletePivotedPSD.SchurPerturbation.Family	produced_destination	58	import NumStability.Source.Higham.Chapter10.Section03.PositiveSemidefinite.WNormBound	c0004_expanded
NumStability.Source.Higham.Chapter10.Theorem14.CompletePivotedPSD.SchurPerturbation.Family	produced_destination	59	import NumStability.Source.Higham.Chapter10.Section04.PositiveDefiniteSymmetricPart.Endpoints	c0004_expanded
NumStability.Source.Higham.Chapter10.Theorem14.CompletePivotedPSD.SchurPerturbation.Family	produced_destination	60	import NumStability.Source.Higham.Chapter10.Theorem06.RoundedCholesky.Endpoints	c0004_expanded
NumStability.Source.Higham.Chapter10.Theorem14.CompletePivotedPSD.SchurPerturbation.Family	produced_destination	61	import NumStability.Source.Higham.Chapter10.Theorem07.FailureVacuity.Endpoints	c0004_expanded
NumStability.Source.Higham.Chapter10.Theorem14.CompletePivotedPSD.SchurPerturbation.Family	produced_destination	62	import NumStability.Source.Higham.Chapter10.Theorem08.ComponentwisePerturbation.Endpoints	c0004_expanded
NumStability.Source.Higham.Chapter10.Theorem14.CompletePivotedPSD.SchurPerturbation.Family	produced_destination	63	import NumStability.Source.Higham.Chapter10.Theorem08.NormwiseDiscrepancy.Endpoints	c0004_expanded
NumStability.Source.Higham.Chapter10.Theorem14.CompletePivotedPSD.SchurPerturbation.Family	produced_destination	64	import NumStability.Source.Higham.Chapter10.Theorem14.CompletePivotedPSD.Endpoints	c0004_expanded
NumStability.Source.Higham.Chapter10.Theorem14.CompletePivotedPSD.SchurPerturbation.Family	produced_destination	65	import NumStability.Source.Higham.Chapter10.Theorem14.CompletePivotedPSD.Equation22	c0004_direct
NumStability.Source.Higham.Chapter10.Theorem14.CompletePivotedPSD.SchurPerturbation.Family	produced_destination	66	import NumStability.Source.Higham.Chapter10.Theorem14.CompletePivotedPSD.PsdErrorAnalysis	c0004_expanded
NumStability.Source.Higham.Chapter10.Theorem14.CompletePivotedPSD.SchurPerturbation.Family	produced_destination	67	import NumStability.Source.Higham.Chapter10.Theorem14.CompletePivotedPSD.RankSensitiveError.Bounds	route_dag
NumStability.Source.Higham.Chapter10.Theorem14.CompletePivotedPSD.SchurPerturbation.Family	produced_destination	68	import NumStability.Source.Higham.Chapter10.Theorem14.CompletePivotedPSD.SourceError	c0004_expanded
NumStability.Source.Higham.Chapter10.Theorem14.CompletePivotedPSD.SchurPerturbation.Family	produced_destination	69	import NumStability.Source.Higham.Chapter10.Theorem14.CompletePivotedPSD.SourceSuccess	c0004_expanded
NumStability.Source.Higham.Chapter10.Theorem14.CompletePivotedPSD.SuccessfulRun.StageBounds	produced_destination	1	import Mathlib.Algebra.BigOperators.Field	c0004_expanded
NumStability.Source.Higham.Chapter10.Theorem14.CompletePivotedPSD.SuccessfulRun.StageBounds	produced_destination	2	import Mathlib.Algebra.BigOperators.Group.Finset.Basic	c0004_expanded
NumStability.Source.Higham.Chapter10.Theorem14.CompletePivotedPSD.SuccessfulRun.StageBounds	produced_destination	3	import Mathlib.Algebra.Order.BigOperators.Group.Finset	c0004_expanded
NumStability.Source.Higham.Chapter10.Theorem14.CompletePivotedPSD.SuccessfulRun.StageBounds	produced_destination	4	import Mathlib.Data.Complex.Basic	c0004_direct
NumStability.Source.Higham.Chapter10.Theorem14.CompletePivotedPSD.SuccessfulRun.StageBounds	produced_destination	5	import Mathlib.Data.Real.Basic	c0004_expanded
NumStability.Source.Higham.Chapter10.Theorem14.CompletePivotedPSD.SuccessfulRun.StageBounds	produced_destination	6	import Mathlib.Data.Real.Sqrt	c0004_expanded
NumStability.Source.Higham.Chapter10.Theorem14.CompletePivotedPSD.SuccessfulRun.StageBounds	produced_destination	7	import Mathlib.LinearAlgebra.Matrix.Block	c0004_expanded
NumStability.Source.Higham.Chapter10.Theorem14.CompletePivotedPSD.SuccessfulRun.StageBounds	produced_destination	8	import Mathlib.LinearAlgebra.Matrix.NonsingularInverse	c0004_expanded
NumStability.Source.Higham.Chapter10.Theorem14.CompletePivotedPSD.SuccessfulRun.StageBounds	produced_destination	9	import Mathlib.LinearAlgebra.Matrix.Rank	c0004_expanded
NumStability.Source.Higham.Chapter10.Theorem14.CompletePivotedPSD.SuccessfulRun.StageBounds	produced_destination	10	import Mathlib.Tactic.FieldSimp	c0004_expanded
NumStability.Source.Higham.Chapter10.Theorem14.CompletePivotedPSD.SuccessfulRun.StageBounds	produced_destination	11	import Mathlib.Tactic.Linarith	c0004_expanded
NumStability.Source.Higham.Chapter10.Theorem14.CompletePivotedPSD.SuccessfulRun.StageBounds	produced_destination	12	import Mathlib.Tactic.Ring	c0004_expanded
NumStability.Source.Higham.Chapter10.Theorem14.CompletePivotedPSD.SuccessfulRun.StageBounds	produced_destination	13	import NumStability.Algorithms.Cholesky.CholeskyDemmel	c0004_direct
NumStability.Source.Higham.Chapter10.Theorem14.CompletePivotedPSD.SuccessfulRun.StageBounds	produced_destination	14	import NumStability.Algorithms.Cholesky.CholeskyFl	c0004_direct+route_dag
NumStability.Source.Higham.Chapter10.Theorem14.CompletePivotedPSD.SuccessfulRun.StageBounds	produced_destination	15	import NumStability.Algorithms.Cholesky.CholeskyNonsym	c0004_direct
NumStability.Source.Higham.Chapter10.Theorem14.CompletePivotedPSD.SuccessfulRun.StageBounds	produced_destination	16	import NumStability.Algorithms.Cholesky.CholeskySpec	c0004_direct+c0004_expanded
NumStability.Source.Higham.Chapter10.Theorem14.CompletePivotedPSD.SuccessfulRun.StageBounds	produced_destination	17	import NumStability.Algorithms.LU.GaussianElimination	c0004_expanded
NumStability.Source.Higham.Chapter10.Theorem14.CompletePivotedPSD.SuccessfulRun.StageBounds	produced_destination	18	import NumStability.Algorithms.LinearSystems.Cholesky.ErrorAnalysis.Certificates	c0004_direct
NumStability.Source.Higham.Chapter10.Theorem14.CompletePivotedPSD.SuccessfulRun.StageBounds	produced_destination	19	import NumStability.Algorithms.LinearSystems.Cholesky.Perturbation.Basic	c0004_direct
NumStability.Source.Higham.Chapter10.Theorem14.CompletePivotedPSD.SuccessfulRun.StageBounds	produced_destination	20	import NumStability.Algorithms.LinearSystems.Cholesky.PositiveSemidefinite.Basic	c0004_expanded
NumStability.Source.Higham.Chapter10.Theorem14.CompletePivotedPSD.SuccessfulRun.StageBounds	produced_destination	21	import NumStability.Algorithms.LinearSystems.Cholesky.PositiveSemidefinite.KahanMatrix	c0004_direct
NumStability.Source.Higham.Chapter10.Theorem14.CompletePivotedPSD.SuccessfulRun.StageBounds	produced_destination	22	import NumStability.Algorithms.LinearSystems.Cholesky.PositiveSemidefinite.ScaledStage	c0004_direct
NumStability.Source.Higham.Chapter10.Theorem14.CompletePivotedPSD.SuccessfulRun.StageBounds	produced_destination	23	import NumStability.Analysis.MatrixNorms.EntrywiseAbsolute.Basic	c0004_direct
NumStability.Source.Higham.Chapter10.Theorem14.CompletePivotedPSD.SuccessfulRun.StageBounds	produced_destination	24	import NumStability.Analysis.MatrixNorms.SpectralExtrema.Basic	c0004_direct
NumStability.Source.Higham.Chapter10.Theorem14.CompletePivotedPSD.SuccessfulRun.StageBounds	produced_destination	25	import NumStability.Analysis.MatrixNorms.SpectralExtrema.PrincipalSubmatrices.Bounds	route_dag
NumStability.Source.Higham.Chapter10.Theorem14.CompletePivotedPSD.SuccessfulRun.StageBounds	produced_destination	26	import NumStability.Analysis.MatrixSpectral	c0004_direct
NumStability.Source.Higham.Chapter10.Theorem14.CompletePivotedPSD.SuccessfulRun.StageBounds	produced_destination	27	import NumStability.Analysis.Rounding	c0004_expanded
NumStability.Source.Higham.Chapter10.Theorem14.CompletePivotedPSD.SuccessfulRun.StageBounds	produced_destination	28	import NumStability.FloatingPoint.Model	c0004_expanded
NumStability.Source.Higham.Chapter10.Theorem14.CompletePivotedPSD.SuccessfulRun.StageBounds	produced_destination	29	import NumStability.Source.Higham.Chapter09.Problems	c0004_direct
NumStability.Source.Higham.Chapter10.Theorem14.CompletePivotedPSD.SuccessfulRun.StageBounds	produced_destination	30	import NumStability.Source.Higham.Chapter09.Section01	c0004_direct
NumStability.Source.Higham.Chapter10.Theorem14.CompletePivotedPSD.SuccessfulRun.StageBounds	produced_destination	31	import NumStability.Source.Higham.Chapter09.Section02	c0004_direct
NumStability.Source.Higham.Chapter10.Theorem14.CompletePivotedPSD.SuccessfulRun.StageBounds	produced_destination	32	import NumStability.Source.Higham.Chapter09.Section03	c0004_direct
NumStability.Source.Higham.Chapter10.Theorem14.CompletePivotedPSD.SuccessfulRun.StageBounds	produced_destination	33	import NumStability.Source.Higham.Chapter09.Section04	c0004_direct
NumStability.Source.Higham.Chapter10.Theorem14.CompletePivotedPSD.SuccessfulRun.StageBounds	produced_destination	34	import NumStability.Source.Higham.Chapter09.Section05	c0004_direct
NumStability.Source.Higham.Chapter10.Theorem14.CompletePivotedPSD.SuccessfulRun.StageBounds	produced_destination	35	import NumStability.Source.Higham.Chapter09.Section06	c0004_direct
NumStability.Source.Higham.Chapter10.Theorem14.CompletePivotedPSD.SuccessfulRun.StageBounds	produced_destination	36	import NumStability.Source.Higham.Chapter09.Section08	c0004_direct
NumStability.Source.Higham.Chapter10.Theorem14.CompletePivotedPSD.SuccessfulRun.StageBounds	produced_destination	37	import NumStability.Source.Higham.Chapter09.Section10	c0004_direct
NumStability.Source.Higham.Chapter10.Theorem14.CompletePivotedPSD.SuccessfulRun.StageBounds	produced_destination	38	import NumStability.Source.Higham.Chapter09.Section11	c0004_direct
NumStability.Source.Higham.Chapter10.Theorem14.CompletePivotedPSD.SuccessfulRun.StageBounds	produced_destination	39	import NumStability.Source.Higham.Chapter10.Equation07.AbsoluteFactorNorm.Endpoints	c0004_direct
NumStability.Source.Higham.Chapter10.Theorem14.CompletePivotedPSD.SuccessfulRun.StageBounds	produced_destination	40	import NumStability.Source.Higham.Chapter10.Equation29.Mathias.Endpoints	c0004_direct
NumStability.Source.Higham.Chapter10.Theorem14.CompletePivotedPSD.SuccessfulRun.StageBounds	produced_destination	41	import NumStability.Source.Higham.Chapter10.Equation30.ComplexPositiveDefinite.Endpoints	c0004_direct
NumStability.Source.Higham.Chapter10.Theorem14.CompletePivotedPSD.SuccessfulRun.StageBounds	produced_destination	42	import NumStability.Source.Higham.Chapter10.Lemma11.PivotSequenceStability.Endpoints	c0004_direct
NumStability.Source.Higham.Chapter10.Theorem14.CompletePivotedPSD.SuccessfulRun.StageBounds	produced_destination	43	import NumStability.Source.Higham.Chapter10.Lemma13.KahanSharpness.CompletePivotingBound	c0004_expanded
NumStability.Source.Higham.Chapter10.Theorem14.CompletePivotedPSD.SuccessfulRun.StageBounds	produced_destination	44	import NumStability.Source.Higham.Chapter10.Lemma13.KahanSharpness.Endpoints	c0004_direct
NumStability.Source.Higham.Chapter10.Theorem14.CompletePivotedPSD.SuccessfulRun.StageBounds	produced_destination	45	import NumStability.Source.Higham.Chapter10.Problem01.PositiveSemidefiniteEntries.Basic	c0004_direct
NumStability.Source.Higham.Chapter10.Theorem14.CompletePivotedPSD.SuccessfulRun.StageBounds	produced_destination	46	import NumStability.Source.Higham.Chapter10.Problem04.UnpivotedGrowth.Basic	c0004_direct
NumStability.Source.Higham.Chapter10.Theorem14.CompletePivotedPSD.SuccessfulRun.StageBounds	produced_destination	47	import NumStability.Source.Higham.Chapter10.Problem08.LeadingMinorsCounterexample.Basic	c0004_direct
NumStability.Source.Higham.Chapter10.Theorem14.CompletePivotedPSD.SuccessfulRun.StageBounds	produced_destination	48	import NumStability.Source.Higham.Chapter10.Section01.Factorization.Basic	c0004_direct
NumStability.Source.Higham.Chapter10.Theorem14.CompletePivotedPSD.SuccessfulRun.StageBounds	produced_destination	49	import NumStability.Source.Higham.Chapter10.Section02.ErrorAnalysis.Basic	c0004_direct
NumStability.Source.Higham.Chapter10.Theorem14.CompletePivotedPSD.SuccessfulRun.StageBounds	produced_destination	50	import NumStability.Source.Higham.Chapter10.Section03.PositiveSemidefinite.Endpoints	c0004_direct
NumStability.Source.Higham.Chapter10.Theorem14.CompletePivotedPSD.SuccessfulRun.StageBounds	produced_destination	51	import NumStability.Source.Higham.Chapter10.Section03.PositiveSemidefinite.Existence	c0004_expanded
NumStability.Source.Higham.Chapter10.Theorem14.CompletePivotedPSD.SuccessfulRun.StageBounds	produced_destination	52	import NumStability.Source.Higham.Chapter10.Section03.PositiveSemidefinite.SchurComplement	c0004_expanded
NumStability.Source.Higham.Chapter10.Theorem14.CompletePivotedPSD.SuccessfulRun.StageBounds	produced_destination	53	import NumStability.Source.Higham.Chapter10.Section03.PositiveSemidefinite.Termination	c0004_expanded
NumStability.Source.Higham.Chapter10.Theorem14.CompletePivotedPSD.SuccessfulRun.StageBounds	produced_destination	54	import NumStability.Source.Higham.Chapter10.Section03.PositiveSemidefinite.WNormBound	c0004_expanded
NumStability.Source.Higham.Chapter10.Theorem14.CompletePivotedPSD.SuccessfulRun.StageBounds	produced_destination	55	import NumStability.Source.Higham.Chapter10.Section04.PositiveDefiniteSymmetricPart.Endpoints	c0004_direct
NumStability.Source.Higham.Chapter10.Theorem14.CompletePivotedPSD.SuccessfulRun.StageBounds	produced_destination	56	import NumStability.Source.Higham.Chapter10.Theorem06.RoundedCholesky.Endpoints	c0004_direct
NumStability.Source.Higham.Chapter10.Theorem14.CompletePivotedPSD.SuccessfulRun.StageBounds	produced_destination	57	import NumStability.Source.Higham.Chapter10.Theorem07.FailureVacuity.Endpoints	c0004_direct
NumStability.Source.Higham.Chapter10.Theorem14.CompletePivotedPSD.SuccessfulRun.StageBounds	produced_destination	58	import NumStability.Source.Higham.Chapter10.Theorem08.ComponentwisePerturbation.Endpoints	c0004_direct
NumStability.Source.Higham.Chapter10.Theorem14.CompletePivotedPSD.SuccessfulRun.StageBounds	produced_destination	59	import NumStability.Source.Higham.Chapter10.Theorem08.NormwiseDiscrepancy.Endpoints	c0004_direct
NumStability.Source.Higham.Chapter10.Theorem14.CompletePivotedPSD.SuccessfulRun.StageBounds	produced_destination	60	import NumStability.Source.Higham.Chapter10.Theorem14.CompletePivotedPSD.Endpoints	c0004_direct
NumStability.Source.Higham.Chapter10.Theorem14.CompletePivotedPSD.SuccessfulRun.StageBounds	produced_destination	61	import NumStability.Source.Higham.Chapter10.Theorem14.CompletePivotedPSD.PsdErrorAnalysis	c0004_expanded
NumStability.Source.Higham.Chapter11.Theorem07	aggregate	1	import NumStability.Algorithms.LinearSystems.SymmetricIndefinite.BlockLDLT.BunchTridiagonalGrowthInvariant	c0004_direct
NumStability.Source.Higham.Chapter11.Theorem07	aggregate	2	import NumStability.Algorithms.LinearSystems.SymmetricIndefinite.BlockLDLT.BunchTridiagonalSparseFactor	c0004_direct
NumStability.Source.Higham.Chapter11.Theorem07	aggregate	3	import NumStability.Source.Higham.Chapter11.BlockLDLTBunchTridiagonal	c0004_direct
NumStability.Source.Higham.Chapter11.Theorem07	aggregate	4	import NumStability.Source.Higham.Chapter11.Theorem07.Core.Results	produced_destination
NumStability.Source.Higham.Chapter11.Theorem07.Core.Results	produced_destination	1	import NumStability.Algorithms.LinearSystems.SymmetricIndefinite.BlockLDLT.BunchTridiagonalGrowthInvariant	c0004_direct
NumStability.Source.Higham.Chapter11.Theorem07.Core.Results	produced_destination	2	import NumStability.Algorithms.LinearSystems.SymmetricIndefinite.BlockLDLT.BunchTridiagonalSparseFactor	c0004_direct
NumStability.Source.Higham.Chapter11.Theorem07.Core.Results	produced_destination	3	import NumStability.Source.Higham.Chapter11.BlockLDLTBunchTridiagonal	c0004_direct
