baseline_owner_module	baseline_declaration_name	visibility	kind	baseline_order	destination_module	route_class	normalization_decision
NumStability.Algorithms.LinearSystems.QR.HouseholderApplySupport	NumStability.coxHigham_exactSignedPivotPanelStep_active_block_bound_of_stage_bound	public	theorem	1	NumStability.Algorithms.LinearSystems.QR.Householder.PanelApplication	reusable	approved_owner_block_route
NumStability.Algorithms.LinearSystems.QR.HouseholderApplySupport	NumStability.coxHigham_exactSignedPivotPanelStep_active_entry_bound_of_stage_bounds	public	theorem	2	NumStability.Algorithms.LinearSystems.QR.Householder.PanelApplication	reusable	approved_owner_block_route
NumStability.Algorithms.LinearSystems.QR.HouseholderApplySupport	NumStability.coxHigham_exactSignedPivotPanel_sequence_active_block_bound_of_geometric_stage_budgets	public	theorem	3	NumStability.Algorithms.LinearSystems.QR.Householder.PanelApplication	reusable	approved_owner_block_route
NumStability.Algorithms.LinearSystems.QR.HouseholderApplySupport	NumStability.coxHigham_exactSignedPivotPanel_sequence_active_block_bound_of_initial_block_bound	public	theorem	4	NumStability.Algorithms.LinearSystems.QR.Householder.PanelApplication	reusable	approved_owner_block_route
NumStability.Algorithms.LinearSystems.QR.HouseholderApplySupport	NumStability.coxHigham_exactSignedPivotPanel_sequence_active_block_bound_of_initial_block_bound_of_active_block_nonzero	public	theorem	5	NumStability.Algorithms.LinearSystems.QR.Householder.PanelApplication	reusable	approved_owner_block_route
NumStability.Algorithms.LinearSystems.QR.HouseholderApplySupport	NumStability.coxHigham_exactSignedPivotPanel_sequence_active_block_bound_of_initial_block_bound_of_active_block_norm_pos	public	theorem	6	NumStability.Algorithms.LinearSystems.QR.Householder.PanelApplication	reusable	approved_owner_block_route
NumStability.Algorithms.LinearSystems.QR.HouseholderApplySupport	NumStability.coxHigham_exactSignedPivotPanel_sequence_active_block_bound_of_initial_block_bound_of_active_max_pivot	public	theorem	7	NumStability.Algorithms.LinearSystems.QR.Householder.PanelApplication	reusable	approved_owner_block_route
NumStability.Algorithms.LinearSystems.QR.HouseholderApplySupport	NumStability.coxHigham_exactSignedPivotPanel_sequence_active_block_bound_of_initial_block_bound_of_swapped_active_max_pivot	public	theorem	8	NumStability.Algorithms.LinearSystems.QR.Householder.PanelApplication	reusable	approved_owner_block_route
NumStability.Algorithms.LinearSystems.QR.HouseholderApplySupport	NumStability.coxHigham_exactSignedPivotPanel_sequence_active_block_bound_of_initial_block_bound_of_swapped_active_max_pivot_of_raw_active_block_norm_pos	public	theorem	9	NumStability.Algorithms.LinearSystems.QR.Householder.PanelApplication	reusable	approved_owner_block_route
NumStability.Algorithms.LinearSystems.QR.HouseholderApplySupport	NumStability.coxHigham_exactSignedPivotPanel_sequence_active_block_bound_of_stage_budgets	public	theorem	10	NumStability.Algorithms.LinearSystems.QR.Householder.PanelApplication	reusable	approved_owner_block_route
NumStability.Algorithms.LinearSystems.QR.HouseholderApplySupport	NumStability.coxHigham_exactSignedPivotPanel_sequence_active_entry_bound_of_geometric_stage_budgets	public	theorem	11	NumStability.Algorithms.LinearSystems.QR.Householder.PanelApplication	reusable	approved_owner_block_route
NumStability.Algorithms.LinearSystems.QR.HouseholderApplySupport	NumStability.coxHigham_exactSignedPivotPanel_sequence_active_entry_bound_of_stage_budgets	public	theorem	12	NumStability.Algorithms.LinearSystems.QR.Householder.PanelApplication	reusable	approved_owner_block_route
NumStability.Algorithms.LinearSystems.QR.HouseholderApplySupport	NumStability.coxHigham_exact_same_reflector_row_growth_of_signed_pivot_row_bound	public	theorem	13	NumStability.Algorithms.LinearSystems.QR.Householder.PanelApplication	reusable	approved_owner_block_route
NumStability.Algorithms.LinearSystems.QR.HouseholderApplySupport	NumStability.coxHigham_exact_signed_pivot_active_row_entry_bound_of_stage_bounds	public	theorem	14	NumStability.Algorithms.LinearSystems.QR.Householder.PanelApplication	reusable	approved_owner_block_route
NumStability.Algorithms.LinearSystems.QR.HouseholderApplySupport	NumStability.coxHigham_storedPanelStep_active_entry_bound_of_exact_growth	public	theorem	15	NumStability.Algorithms.LinearSystems.QR.Householder.PanelApplication	reusable	approved_owner_block_route
NumStability.Algorithms.LinearSystems.QR.HouseholderApplySupport	NumStability.coxHigham_storedPanelStep_active_entry_bound_of_exact_growth_factor	public	theorem	16	NumStability.Algorithms.LinearSystems.QR.Householder.PanelApplication	reusable	approved_owner_block_route
NumStability.Algorithms.LinearSystems.QR.HouseholderApplySupport	NumStability.coxHigham_storedPanelStep_active_entry_bound_of_exact_stage_budget_factor	public	theorem	17	NumStability.Algorithms.LinearSystems.QR.Householder.PanelApplication	reusable	approved_owner_block_route
NumStability.Algorithms.LinearSystems.QR.HouseholderApplySupport	NumStability.coxHigham_storedPanelStep_active_entry_bound_of_signed_pivot_stage_bounds	public	theorem	18	NumStability.Algorithms.LinearSystems.QR.Householder.PanelApplication	reusable	approved_owner_block_route
NumStability.Algorithms.LinearSystems.QR.HouseholderApplySupport	NumStability.coxHigham_storedPanelStep_row_error_recurrence_of_exact_lipschitz	public	theorem	19	NumStability.Algorithms.LinearSystems.QR.Householder.PanelApplication	reusable	approved_owner_block_route
NumStability.Algorithms.LinearSystems.QR.HouseholderApplySupport	NumStability.coxHigham_storedPanel_sequence_active_block_bound_of_signed_pivot_stage_bounds	public	theorem	20	NumStability.Algorithms.LinearSystems.QR.Householder.PanelApplication	reusable	approved_owner_block_route
NumStability.Algorithms.LinearSystems.QR.HouseholderApplySupport	NumStability.coxHigham_storedPanel_sequence_active_entry_bound_of_exact_active_growth	public	theorem	21	NumStability.Algorithms.LinearSystems.QR.Householder.PanelApplication	reusable	approved_owner_block_route
NumStability.Algorithms.LinearSystems.QR.HouseholderApplySupport	NumStability.coxHigham_storedPanel_sequence_active_entry_bound_of_exact_active_stage_budgets	public	theorem	22	NumStability.Algorithms.LinearSystems.QR.Householder.PanelApplication	reusable	approved_owner_block_route
NumStability.Algorithms.LinearSystems.QR.HouseholderApplySupport	NumStability.coxHigham_storedPanel_sequence_active_entry_bound_of_exact_growth	public	theorem	23	NumStability.Algorithms.LinearSystems.QR.Householder.PanelApplication	reusable	approved_owner_block_route
NumStability.Algorithms.LinearSystems.QR.HouseholderApplySupport	NumStability.coxHigham_storedPanel_sequence_active_entry_bound_of_exact_growth_factor	public	theorem	24	NumStability.Algorithms.LinearSystems.QR.Householder.PanelApplication	reusable	approved_owner_block_route
NumStability.Algorithms.LinearSystems.QR.HouseholderApplySupport	NumStability.coxHigham_storedPanel_sequence_active_entry_bound_of_exact_stage_budgets_factor	public	theorem	25	NumStability.Algorithms.LinearSystems.QR.Householder.PanelApplication	reusable	approved_owner_block_route
NumStability.Algorithms.LinearSystems.QR.HouseholderApplySupport	NumStability.coxHigham_storedPanel_sequence_rowwise_error_accumulation_bound_of_exact_lipschitz	public	theorem	26	NumStability.Algorithms.LinearSystems.QR.Householder.PanelApplication	reusable	approved_owner_block_route
NumStability.Algorithms.LinearSystems.QR.HouseholderApplySupport	NumStability.exactSignedPivotHouseholderPanelStep	public	definition	27	NumStability.Algorithms.LinearSystems.QR.Householder.PanelApplication	reusable	approved_owner_block_route
NumStability.Algorithms.LinearSystems.QR.HouseholderApplySupport	NumStability.fl_householderApplyCompact	public	definition	28	NumStability.Algorithms.LinearSystems.QR.Householder.PanelApplication	reusable	approved_owner_block_route
NumStability.Algorithms.LinearSystems.QR.HouseholderApplySupport	NumStability.fl_householderApplyCompactPanel	public	definition	29	NumStability.Algorithms.LinearSystems.QR.Householder.PanelApplication	reusable	approved_owner_block_route
NumStability.Algorithms.LinearSystems.QR.HouseholderApplySupport	NumStability.fl_householderApplyCompactPanel_HouseholderColumnwisePanelAppError_of_budget	public	theorem	30	NumStability.Algorithms.LinearSystems.QR.Householder.PanelApplication	reusable	approved_owner_block_route
NumStability.Algorithms.LinearSystems.QR.HouseholderApplySupport	NumStability.fl_householderApplyCompact_HouseholderAppError_of_budget	public	theorem	31	NumStability.Algorithms.LinearSystems.QR.Householder.PanelApplication	reusable	approved_owner_block_route
NumStability.Algorithms.LinearSystems.QR.HouseholderApplySupport	NumStability.fl_householderApplyCompact_componentwise_error_bound	public	theorem	32	NumStability.Algorithms.LinearSystems.QR.Householder.PanelApplication	reusable	approved_owner_block_route
NumStability.Algorithms.LinearSystems.QR.HouseholderApplySupport	NumStability.fl_householderApplyCompact_forward_error_bound	public	theorem	33	NumStability.Algorithms.LinearSystems.QR.Householder.PanelApplication	reusable	approved_owner_block_route
NumStability.Algorithms.LinearSystems.QR.HouseholderApplySupport	NumStability.fl_householderApplyExplicit	public	definition	34	NumStability.Algorithms.LinearSystems.QR.Householder.PanelApplication	reusable	approved_owner_block_route
NumStability.Algorithms.LinearSystems.QR.HouseholderApplySupport	NumStability.fl_householderApplyExplicitPanel	public	definition	35	NumStability.Algorithms.LinearSystems.QR.Householder.PanelApplication	reusable	approved_owner_block_route
NumStability.Algorithms.LinearSystems.QR.HouseholderApplySupport	NumStability.fl_householderApplyExplicitPanel_HouseholderColumnwisePanelAppError	public	theorem	36	NumStability.Algorithms.LinearSystems.QR.Householder.PanelApplication	reusable	approved_owner_block_route
NumStability.Algorithms.LinearSystems.QR.HouseholderApplySupport	NumStability.fl_householderApplyExplicit_HouseholderAppError	public	theorem	37	NumStability.Algorithms.LinearSystems.QR.Householder.PanelApplication	reusable	approved_owner_block_route
NumStability.Algorithms.LinearSystems.QR.HouseholderApplySupport	NumStability.fl_householderApplyExplicit_forward_error_bound	public	theorem	38	NumStability.Algorithms.LinearSystems.QR.Householder.PanelApplication	reusable	approved_owner_block_route
NumStability.Algorithms.LinearSystems.QR.HouseholderApplySupport	NumStability.fl_householderStoredPanelStep	public	definition	39	NumStability.Algorithms.LinearSystems.QR.Householder.PanelApplication	reusable	approved_owner_block_route
NumStability.Algorithms.LinearSystems.QR.HouseholderApplySupport	NumStability.fl_householderStoredPanelStep_HouseholderColumnwisePanelAppError_of_budget	public	theorem	40	NumStability.Algorithms.LinearSystems.QR.Householder.PanelApplication	reusable	approved_owner_block_route
NumStability.Algorithms.LinearSystems.QR.HouseholderApplySupport	NumStability.fl_householderStoredPanelStep_active_entry_componentwise_error_bound	public	theorem	41	NumStability.Algorithms.LinearSystems.QR.Householder.PanelApplication	reusable	approved_owner_block_route
NumStability.Algorithms.LinearSystems.QR.HouseholderApplySupport	NumStability.fl_householderStoredPanelStep_column_componentwise_error_bound	public	theorem	42	NumStability.Algorithms.LinearSystems.QR.Householder.PanelApplication	reusable	approved_owner_block_route
NumStability.Algorithms.LinearSystems.QR.HouseholderApplySupport	NumStability.fl_householderStoredPanelStep_column_forward_error_bound	public	theorem	43	NumStability.Algorithms.LinearSystems.QR.Householder.PanelApplication	reusable	approved_owner_block_route
NumStability.Algorithms.LinearSystems.QR.HouseholderApplySupport	NumStability.fl_householderStoredPanelStep_prevColumn_eq	public	theorem	44	NumStability.Algorithms.LinearSystems.QR.Householder.PanelApplication	reusable	approved_owner_block_route
NumStability.Algorithms.LinearSystems.QR.HouseholderApplySupport	NumStability.fl_householderStoredRhsStep	public	definition	45	NumStability.Algorithms.LinearSystems.QR.Householder.PanelApplication	reusable	approved_owner_block_route
NumStability.Algorithms.LinearSystems.QR.HouseholderApplySupport	NumStability.fl_householderStoredRhsStep_componentwise_error_bound	public	theorem	46	NumStability.Algorithms.LinearSystems.QR.Householder.PanelApplication	reusable	approved_owner_block_route
NumStability.Algorithms.LinearSystems.QR.HouseholderApplySupport	NumStability.fl_householderStoredRhsStep_forward_error_bound	public	theorem	47	NumStability.Algorithms.LinearSystems.QR.Householder.PanelApplication	reusable	approved_owner_block_route
NumStability.Algorithms.LinearSystems.QR.HouseholderApplySupport	NumStability.householderAbsDotBudget	public	definition	48	NumStability.Algorithms.LinearSystems.QR.Householder.PanelApplication	reusable	approved_owner_block_route
NumStability.Algorithms.LinearSystems.QR.HouseholderApplySupport	NumStability.householderAbsDotBudget_le_vecNorm2_mul	public	theorem	49	NumStability.Algorithms.LinearSystems.QR.Householder.PanelApplication	reusable	approved_owner_block_route
NumStability.Algorithms.LinearSystems.QR.HouseholderApplySupport	NumStability.householderCompactComponentBudget	public	definition	50	NumStability.Algorithms.LinearSystems.QR.Householder.PanelApplication	reusable	approved_owner_block_route
NumStability.Algorithms.LinearSystems.QR.HouseholderApplySupport	NumStability.householderCompactComponentBudget_eq_zero_of_vecNorm2_eq_zero	public	theorem	51	NumStability.Algorithms.LinearSystems.QR.Householder.PanelApplication	reusable	approved_owner_block_route
NumStability.Algorithms.LinearSystems.QR.HouseholderApplySupport	NumStability.householderCompactComponentBudget_le_updateCoeff_mul_norm	public	theorem	52	NumStability.Algorithms.LinearSystems.QR.Householder.PanelApplication	reusable	approved_owner_block_route
NumStability.Algorithms.LinearSystems.QR.HouseholderApplySupport	NumStability.householderCompactComponentBudget_nonneg	public	theorem	53	NumStability.Algorithms.LinearSystems.QR.Householder.PanelApplication	reusable	approved_owner_block_route
NumStability.Algorithms.LinearSystems.QR.HouseholderApplySupport	NumStability.householderCompactNormBudget	public	definition	54	NumStability.Algorithms.LinearSystems.QR.Householder.PanelApplication	reusable	approved_owner_block_route
NumStability.Algorithms.LinearSystems.QR.HouseholderApplySupport	NumStability.householderCompactNormBudgetCoeff	public	definition	55	NumStability.Algorithms.LinearSystems.QR.Householder.PanelApplication	reusable	approved_owner_block_route
NumStability.Algorithms.LinearSystems.QR.HouseholderApplySupport	NumStability.householderCompactNormBudgetCoeffFactor	public	definition	56	NumStability.Algorithms.LinearSystems.QR.Householder.PanelApplication	reusable	approved_owner_block_route
NumStability.Algorithms.LinearSystems.QR.HouseholderApplySupport	NumStability.householderCompactNormBudgetCoeffFactor_le_fifteen_gamma	public	theorem	57	NumStability.Algorithms.LinearSystems.QR.Householder.PanelApplication	reusable	approved_owner_block_route
NumStability.Algorithms.LinearSystems.QR.HouseholderApplySupport	NumStability.householderCompactNormBudgetCoeffFactor_le_of_u_cap_gamma_cap	public	theorem	58	NumStability.Algorithms.LinearSystems.QR.Householder.PanelApplication	reusable	approved_owner_block_route
NumStability.Algorithms.LinearSystems.QR.HouseholderApplySupport	NumStability.householderCompactNormBudgetCoeffFactor_le_of_u_gamma_le	public	theorem	59	NumStability.Algorithms.LinearSystems.QR.Householder.PanelApplication	reusable	approved_owner_block_route
NumStability.Algorithms.LinearSystems.QR.HouseholderApplySupport	NumStability.householderCompactNormBudgetCoeffFactor_nonneg	public	theorem	60	NumStability.Algorithms.LinearSystems.QR.Householder.PanelApplication	reusable	approved_owner_block_route
NumStability.Algorithms.LinearSystems.QR.HouseholderApplySupport	NumStability.householderCompactNormBudgetCoeff_eq_u_add_abs_beta_norm_sq_mul_factor	public	theorem	61	NumStability.Algorithms.LinearSystems.QR.Householder.PanelApplication	reusable	approved_owner_block_route
NumStability.Algorithms.LinearSystems.QR.HouseholderApplySupport	NumStability.householderCompactNormBudgetCoeff_le_of_abs_beta_norm_sq_le	public	theorem	62	NumStability.Algorithms.LinearSystems.QR.Householder.PanelApplication	reusable	approved_owner_block_route
NumStability.Algorithms.LinearSystems.QR.HouseholderApplySupport	NumStability.householderCompactNormBudgetCoeff_nonneg	public	theorem	63	NumStability.Algorithms.LinearSystems.QR.Householder.PanelApplication	reusable	approved_owner_block_route
NumStability.Algorithms.LinearSystems.QR.HouseholderApplySupport	NumStability.householderCompactNormBudget_eq_zero_of_vecNorm2_eq_zero	public	theorem	64	NumStability.Algorithms.LinearSystems.QR.Householder.PanelApplication	reusable	approved_owner_block_route
NumStability.Algorithms.LinearSystems.QR.HouseholderApplySupport	NumStability.householderCompactNormBudget_le_mul_of_componentBudget_le_mul_abs	public	theorem	65	NumStability.Algorithms.LinearSystems.QR.Householder.PanelApplication	reusable	approved_owner_block_route
NumStability.Algorithms.LinearSystems.QR.HouseholderApplySupport	NumStability.householderCompactNormBudget_le_normBudgetCoeff_mul	public	theorem	66	NumStability.Algorithms.LinearSystems.QR.Householder.PanelApplication	reusable	approved_owner_block_route
NumStability.Algorithms.LinearSystems.QR.HouseholderApplySupport	NumStability.householderCompactPanelRelativeBudget	public	definition	67	NumStability.Algorithms.LinearSystems.QR.Householder.PanelApplication	reusable	approved_owner_block_route
NumStability.Algorithms.LinearSystems.QR.HouseholderApplySupport	NumStability.householderCompactPanelRelativeBudget_column_bound	public	theorem	68	NumStability.Algorithms.LinearSystems.QR.Householder.PanelApplication	reusable	approved_owner_block_route
NumStability.Algorithms.LinearSystems.QR.HouseholderApplySupport	NumStability.householderCompactPanelRelativeBudget_le_mul_add_normBudgetCoeff	public	theorem	69	NumStability.Algorithms.LinearSystems.QR.Householder.PanelApplication	reusable	approved_owner_block_route
NumStability.Algorithms.LinearSystems.QR.HouseholderApplySupport	NumStability.householderCompactPanelRelativeBudget_le_mul_add_of_column_rhs_le	public	theorem	70	NumStability.Algorithms.LinearSystems.QR.Householder.PanelApplication	reusable	approved_owner_block_route
NumStability.Algorithms.LinearSystems.QR.HouseholderApplySupport	NumStability.householderCompactPanelRelativeBudget_le_mul_add_of_componentBudget_le_mul_abs	public	theorem	71	NumStability.Algorithms.LinearSystems.QR.Householder.PanelApplication	reusable	approved_owner_block_route
NumStability.Algorithms.LinearSystems.QR.HouseholderApplySupport	NumStability.householderCompactPanelRelativeBudget_le_mul_add_of_normBudget_le_mul	public	theorem	72	NumStability.Algorithms.LinearSystems.QR.Householder.PanelApplication	reusable	approved_owner_block_route
NumStability.Algorithms.LinearSystems.QR.HouseholderApplySupport	NumStability.householderCompactPanelRelativeBudget_nonneg	public	theorem	73	NumStability.Algorithms.LinearSystems.QR.Householder.PanelApplication	reusable	approved_owner_block_route
NumStability.Algorithms.LinearSystems.QR.HouseholderApplySupport	NumStability.householderCompactPanelRelativeBudget_rhs_bound	public	theorem	74	NumStability.Algorithms.LinearSystems.QR.Householder.PanelApplication	reusable	approved_owner_block_route
NumStability.Algorithms.LinearSystems.QR.HouseholderApplySupport	NumStability.householderCompactPanelRelativeBudget_stored_column_bound	public	theorem	75	NumStability.Algorithms.LinearSystems.QR.Householder.PanelApplication	reusable	approved_owner_block_route
NumStability.Algorithms.LinearSystems.QR.HouseholderApplySupport	NumStability.householderCompactPanelRelativeBudget_stored_rhs_bound	public	theorem	76	NumStability.Algorithms.LinearSystems.QR.Householder.PanelApplication	reusable	approved_owner_block_route
NumStability.Algorithms.LinearSystems.QR.HouseholderApplySupport	NumStability.householderCompactRelativeBudget	public	definition	77	NumStability.Algorithms.LinearSystems.QR.Householder.PanelApplication	reusable	approved_owner_block_route
NumStability.Algorithms.LinearSystems.QR.HouseholderApplySupport	NumStability.householderCompactRelativeBudget_bound	public	theorem	78	NumStability.Algorithms.LinearSystems.QR.Householder.PanelApplication	reusable	approved_owner_block_route
NumStability.Algorithms.LinearSystems.QR.HouseholderApplySupport	NumStability.householderCompactRelativeBudget_le_normBudgetCoeff	public	theorem	79	NumStability.Algorithms.LinearSystems.QR.Householder.PanelApplication	reusable	approved_owner_block_route
NumStability.Algorithms.LinearSystems.QR.HouseholderApplySupport	NumStability.householderCompactRelativeBudget_le_of_componentBudget_le_mul_abs	public	theorem	80	NumStability.Algorithms.LinearSystems.QR.Householder.PanelApplication	reusable	approved_owner_block_route
NumStability.Algorithms.LinearSystems.QR.HouseholderApplySupport	NumStability.householderCompactRelativeBudget_le_of_normBudget_le_mul	public	theorem	81	NumStability.Algorithms.LinearSystems.QR.Householder.PanelApplication	reusable	approved_owner_block_route
NumStability.Algorithms.LinearSystems.QR.HouseholderApplySupport	NumStability.householderCompactRelativeBudget_nonneg	public	theorem	82	NumStability.Algorithms.LinearSystems.QR.Householder.PanelApplication	reusable	approved_owner_block_route
NumStability.Algorithms.LinearSystems.QR.HouseholderApplySupport	NumStability.householderCompactUpdateCoeff	public	definition	83	NumStability.Algorithms.LinearSystems.QR.Householder.PanelApplication	reusable	approved_owner_block_route
NumStability.Algorithms.LinearSystems.QR.HouseholderApplySupport	NumStability.householderCompactUpdateCoeff_nonneg	public	theorem	84	NumStability.Algorithms.LinearSystems.QR.Householder.PanelApplication	reusable	approved_owner_block_route
NumStability.Algorithms.LinearSystems.QR.HouseholderApplySupport	NumStability.householderDot	public	definition	85	NumStability.Algorithms.LinearSystems.QR.Householder.PanelApplication	reusable	approved_owner_block_route
NumStability.Algorithms.LinearSystems.QR.HouseholderApplySupport	NumStability.matMulVec_householder_eq_compact	public	theorem	86	NumStability.Algorithms.LinearSystems.QR.Householder.PanelApplication	reusable	approved_owner_block_route
NumStability.Algorithms.LinearSystems.QR.HouseholderApplySupport	NumStability.matMulVec_householder_signed_pivot_update_entry_eq	public	theorem	87	NumStability.Algorithms.LinearSystems.QR.Householder.PanelApplication	reusable	approved_owner_block_route
NumStability.Algorithms.LinearSystems.QR.HouseholderApplySupport	NumStability.signedPivotHouseholderBeta	public	definition	88	NumStability.Algorithms.LinearSystems.QR.Householder.PanelApplication	reusable	approved_owner_block_route
NumStability.Algorithms.LinearSystems.QR.HouseholderApplySupport	NumStability.signedPivotHouseholderVector	public	definition	89	NumStability.Algorithms.LinearSystems.QR.Householder.PanelApplication	reusable	approved_owner_block_route
NumStability.Algorithms.LinearSystems.QR.HouseholderApplySupport	_private.NumStability.Algorithms.LinearSystems.QR.HouseholderApplySupport.0.NumStability.abs_add_three_le_householderSupport	private	theorem	90	NumStability.Algorithms.LinearSystems.QR.Householder.PanelApplication	reusable	approved_owner_block_route
NumStability.Algorithms.LinearSystems.QR.HouseholderApplySupport	_private.NumStability.Algorithms.LinearSystems.QR.HouseholderApplySupport.0.NumStability.abs_one_add_le_one_add_of_abs_le	private	theorem	91	NumStability.Algorithms.LinearSystems.QR.Householder.PanelApplication	reusable	approved_owner_block_route
NumStability.Algorithms.LinearSystems.QR.HouseholderApplySupport	_private.NumStability.Algorithms.LinearSystems.QR.HouseholderApplySupport.0.NumStability.abs_sub_le_abs_add_abs	private	theorem	92	NumStability.Algorithms.LinearSystems.QR.Householder.PanelApplication	reusable	approved_owner_block_route
NumStability.Algorithms.LinearSystems.QR.HouseholderApplySupport	_private.NumStability.Algorithms.LinearSystems.QR.HouseholderApplySupport.0.NumStability.fl_dotProduct_abs_le_householder_budget	private	theorem	93	NumStability.Algorithms.LinearSystems.QR.Householder.PanelApplication	reusable	approved_owner_block_route
NumStability.Algorithms.LinearSystems.QR.HouseholderApplySupport	_private.NumStability.Algorithms.LinearSystems.QR.HouseholderApplySupport.0.NumStability.fl_householderApplyCompact_tau_abs_le	private	theorem	94	NumStability.Algorithms.LinearSystems.QR.Householder.PanelApplication	reusable	approved_owner_block_route
NumStability.Algorithms.LinearSystems.QR.HouseholderApplySupport	_private.NumStability.Algorithms.LinearSystems.QR.HouseholderApplySupport.0.NumStability.fl_householderApplyCompact_z_abs_le	private	theorem	95	NumStability.Algorithms.LinearSystems.QR.Householder.PanelApplication	reusable	approved_owner_block_route
NumStability.Algorithms.LinearSystems.QR.HouseholderApplySupport	_private.NumStability.Algorithms.LinearSystems.QR.HouseholderApplySupport.0.NumStability.fl_householderApplyCompact_z_error_bound	private	theorem	96	NumStability.Algorithms.LinearSystems.QR.Householder.PanelApplication	reusable	approved_owner_block_route
NumStability.Algorithms.LinearSystems.QR.HouseholderApplySupport	_private.NumStability.Algorithms.LinearSystems.QR.HouseholderApplySupport.0.NumStability.fl_mul_abs_le	private	theorem	97	NumStability.Algorithms.LinearSystems.QR.Householder.PanelApplication	reusable	approved_owner_block_route
NumStability.Algorithms.LinearSystems.QR.HouseholderApplySupport	_private.NumStability.Algorithms.LinearSystems.QR.HouseholderApplySupport.0.NumStability.fl_mul_error_le	private	theorem	98	NumStability.Algorithms.LinearSystems.QR.Householder.PanelApplication	reusable	approved_owner_block_route
NumStability.Algorithms.LinearSystems.QR.HouseholderApplySupport	_private.NumStability.Algorithms.LinearSystems.QR.HouseholderApplySupport.0.NumStability.fl_sub_error_le_abs_add_abs	private	theorem	99	NumStability.Algorithms.LinearSystems.QR.Householder.PanelApplication	reusable	approved_owner_block_route
NumStability.Algorithms.LinearSystems.QR.HouseholderApplySupport	_private.NumStability.Algorithms.LinearSystems.QR.HouseholderApplySupport.0.NumStability.householderAbsDotBudget_nonneg	private	theorem	100	NumStability.Algorithms.LinearSystems.QR.Householder.PanelApplication	reusable	approved_owner_block_route
NumStability.Algorithms.LinearSystems.QR.HouseholderApplySupport	_private.NumStability.Algorithms.LinearSystems.QR.HouseholderApplySupport.0.NumStability.householderDot_abs_le_budget	private	theorem	101	NumStability.Algorithms.LinearSystems.QR.Householder.PanelApplication	reusable	approved_owner_block_route
NumStability.Algorithms.LinearSystems.QR.HouseholderQRSupport	NumStability.coxHigham_exactSignedPivotPanel_sequence_active_block_bound_of_initial_block_bound_of_swapped_active_max_pivot_of_leading_block_det_ne_zero	public	theorem	1	NumStability.Algorithms.LinearSystems.QR.Householder.StoredQR	reusable	approved_owner_block_route
NumStability.Algorithms.LinearSystems.QR.HouseholderQRSupport	NumStability.dim_mul_budget_sq_lt_trailingNorm2Sq_of_leadingBlock_leftInverse_frobNorm_budget	public	theorem	2	NumStability.Algorithms.LinearSystems.QR.Householder.StoredQR	reusable	approved_owner_block_route
NumStability.Algorithms.LinearSystems.QR.HouseholderQRSupport	NumStability.dim_mul_budget_sq_lt_trailingNorm2Sq_of_leadingBlock_leftInverse_infNorm_budget	public	theorem	3	NumStability.Algorithms.LinearSystems.QR.Householder.StoredQR	reusable	approved_owner_block_route
NumStability.Algorithms.LinearSystems.QR.HouseholderQRSupport	NumStability.dim_mul_budget_sq_lt_trailingNorm2Sq_of_leadingBlock_leftInverse_row_norm_budget	public	theorem	4	NumStability.Algorithms.LinearSystems.QR.Householder.StoredQR	reusable	approved_owner_block_route
NumStability.Algorithms.LinearSystems.QR.HouseholderQRSupport	NumStability.dim_mul_budget_sq_lt_trailingNorm2Sq_of_leading_dual_norm_budget	public	theorem	5	NumStability.Algorithms.LinearSystems.QR.Householder.StoredQR	reusable	approved_owner_block_route
NumStability.Algorithms.LinearSystems.QR.HouseholderQRSupport	NumStability.exact_trailing_householder_sequence_lower_zero	public	theorem	6	NumStability.Algorithms.LinearSystems.QR.Householder.StoredQR	reusable	approved_owner_block_route
NumStability.Algorithms.LinearSystems.QR.HouseholderQRSupport	NumStability.exists_active_trailing_entry_ne_of_column_notInPreviousSpan	public	theorem	7	NumStability.Algorithms.LinearSystems.QR.Householder.StoredQR	reusable	approved_owner_block_route
NumStability.Algorithms.LinearSystems.QR.HouseholderQRSupport	NumStability.exists_active_trailing_entry_ne_of_leading_block_det_ne_zero	public	theorem	8	NumStability.Algorithms.LinearSystems.QR.Householder.StoredQR	reusable	approved_owner_block_route
NumStability.Algorithms.LinearSystems.QR.HouseholderQRSupport	NumStability.exists_active_trailing_entry_ne_of_leading_block_leftInverses	public	theorem	9	NumStability.Algorithms.LinearSystems.QR.Householder.StoredQR	reusable	approved_owner_block_route
NumStability.Algorithms.LinearSystems.QR.HouseholderQRSupport	NumStability.exists_active_trailing_entry_ne_of_leading_witnesses	public	theorem	10	NumStability.Algorithms.LinearSystems.QR.Householder.StoredQR	reusable	approved_owner_block_route
NumStability.Algorithms.LinearSystems.QR.HouseholderQRSupport	NumStability.fl_householderApplyCompactPanel_eq_applyMatrixRect	public	theorem	11	NumStability.Algorithms.LinearSystems.QR.Householder.StoredQR	reusable	approved_owner_block_route
NumStability.Algorithms.LinearSystems.QR.HouseholderQRSupport	NumStability.fl_householderApplyCompactPanel_rect_orthogonal_columnwise_vector_sequence_geometric	public	theorem	12	NumStability.Algorithms.LinearSystems.QR.Householder.StoredQR	reusable	approved_owner_block_route
NumStability.Algorithms.LinearSystems.QR.HouseholderQRSupport	NumStability.fl_householderStoredPanelStep_eq_applyMatrixRect_of_active_not_below	public	theorem	13	NumStability.Algorithms.LinearSystems.QR.Householder.StoredQR	reusable	approved_owner_block_route
NumStability.Algorithms.LinearSystems.QR.HouseholderQRSupport	NumStability.fl_householderStoredPanel_sequence_completed_column_eq_pivot_succ	public	theorem	14	NumStability.Algorithms.LinearSystems.QR.Householder.StoredQR	reusable	approved_owner_block_route
NumStability.Algorithms.LinearSystems.QR.HouseholderQRSupport	NumStability.fl_householderStoredPanel_sequence_diag_nonzero_of_step_diag_nonzero	public	theorem	15	NumStability.Algorithms.LinearSystems.QR.Householder.StoredQR	reusable	approved_owner_block_route
NumStability.Algorithms.LinearSystems.QR.HouseholderQRSupport	NumStability.fl_householderStoredPanel_sequence_leadingBlock_offdiag_budget_of_exact_stage_budgets_factor	public	theorem	16	NumStability.Algorithms.LinearSystems.QR.Householder.StoredQR	reusable	approved_owner_block_route
NumStability.Algorithms.LinearSystems.QR.HouseholderQRSupport	NumStability.fl_householderStoredPanel_sequence_leadingBlock_offdiag_budget_of_signed_stage_budgets_factor	public	theorem	17	NumStability.Algorithms.LinearSystems.QR.Householder.StoredQR	reusable	approved_owner_block_route
NumStability.Algorithms.LinearSystems.QR.HouseholderQRSupport	NumStability.fl_householderStoredPanel_sequence_lower_zero	public	theorem	18	NumStability.Algorithms.LinearSystems.QR.Householder.StoredQR	reusable	approved_owner_block_route
NumStability.Algorithms.LinearSystems.QR.HouseholderQRSupport	NumStability.fl_householderStoredPanel_sequence_prefixSpan_of_leftInverse_previousLeadingBlockTranspose	public	theorem	19	NumStability.Algorithms.LinearSystems.QR.Householder.StoredQR	reusable	approved_owner_block_route
NumStability.Algorithms.LinearSystems.QR.HouseholderQRSupport	NumStability.fl_householderStoredPanel_sequence_prefix_diag_nonzero_of_step_diag_nonzero	public	theorem	20	NumStability.Algorithms.LinearSystems.QR.Householder.StoredQR	reusable	approved_owner_block_route
NumStability.Algorithms.LinearSystems.QR.HouseholderQRSupport	NumStability.fl_householderStoredPanel_sequence_prefix_lower_zero	public	theorem	21	NumStability.Algorithms.LinearSystems.QR.Householder.StoredQR	reusable	approved_owner_block_route
NumStability.Algorithms.LinearSystems.QR.HouseholderQRSupport	NumStability.fl_householderStoredPanel_sequence_topBlock_shape_facts	public	theorem	22	NumStability.Algorithms.LinearSystems.QR.Householder.StoredQR	reusable	approved_owner_block_route
NumStability.Algorithms.LinearSystems.QR.HouseholderQRSupport	NumStability.fl_householderStoredTrailingPanelStep_HouseholderColumnwisePanelAppError_of_budget	public	theorem	23	NumStability.Algorithms.LinearSystems.QR.Householder.StoredQR	reusable	approved_owner_block_route
NumStability.Algorithms.LinearSystems.QR.HouseholderQRSupport	NumStability.fl_householderStoredTrailingPanelStep_diag_nonzero_of_budget_lt_abs_alpha	public	theorem	24	NumStability.Algorithms.LinearSystems.QR.Householder.StoredQR	reusable	approved_owner_block_route
NumStability.Algorithms.LinearSystems.QR.HouseholderQRSupport	NumStability.fl_householderStoredTrailingPanel_higham_columnwise_factorization	public	theorem	25	NumStability.Algorithms.LinearSystems.QR.Householder.StoredQR	reusable	approved_owner_block_route
NumStability.Algorithms.LinearSystems.QR.HouseholderQRSupport	NumStability.fl_householderStoredTrailingPanel_rect_orthogonal_columnwise_vector_sequence_geometric	public	theorem	26	NumStability.Algorithms.LinearSystems.QR.Householder.StoredQR	reusable	approved_owner_block_route
NumStability.Algorithms.LinearSystems.QR.HouseholderQRSupport	NumStability.fl_householderStoredTrailingPanel_sequence_current_pivot_ne_zero_of_leadingBlock_det_ne_zero	public	theorem	27	NumStability.Algorithms.LinearSystems.QR.Householder.StoredQR	reusable	approved_owner_block_route
NumStability.Algorithms.LinearSystems.QR.HouseholderQRSupport	NumStability.fl_householderStoredTrailingPanel_sequence_diag_nonzero_of_budget_lt_abs_alpha	public	theorem	28	NumStability.Algorithms.LinearSystems.QR.Householder.StoredQR	reusable	approved_owner_block_route
NumStability.Algorithms.LinearSystems.QR.HouseholderQRSupport	NumStability.fl_householderStoredTrailingPanel_sequence_diag_nonzero_of_leading_block_det_ne_zero_sqrt_budget	public	theorem	29	NumStability.Algorithms.LinearSystems.QR.Householder.StoredQR	reusable	approved_owner_block_route
NumStability.Algorithms.LinearSystems.QR.HouseholderQRSupport	NumStability.fl_householderStoredTrailingPanel_sequence_diag_nonzero_of_leading_block_leftInverses_sqrt_budget	public	theorem	30	NumStability.Algorithms.LinearSystems.QR.Householder.StoredQR	reusable	approved_owner_block_route
NumStability.Algorithms.LinearSystems.QR.HouseholderQRSupport	NumStability.fl_householderStoredTrailingPanel_sequence_diag_nonzero_of_leading_witnesses_sqrt_budget	public	theorem	31	NumStability.Algorithms.LinearSystems.QR.Householder.StoredQR	reusable	approved_owner_block_route
NumStability.Algorithms.LinearSystems.QR.HouseholderQRSupport	NumStability.fl_householderStoredTrailingPanel_sequence_diag_nonzero_of_pivot_ne_alpha	public	theorem	32	NumStability.Algorithms.LinearSystems.QR.Householder.StoredQR	reusable	approved_owner_block_route
NumStability.Algorithms.LinearSystems.QR.HouseholderQRSupport	NumStability.fl_householderStoredTrailingPanel_sequence_diag_nonzero_of_signed_alpha_trailingNorm_pos_sqrt_budget	public	theorem	33	NumStability.Algorithms.LinearSystems.QR.Householder.StoredQR	reusable	approved_owner_block_route
NumStability.Algorithms.LinearSystems.QR.HouseholderQRSupport	NumStability.fl_householderStoredTrailingPanel_sequence_diag_nonzero_of_span_nonbreakdown_active_entry_budget	public	theorem	34	NumStability.Algorithms.LinearSystems.QR.Householder.StoredQR	reusable	approved_owner_block_route
NumStability.Algorithms.LinearSystems.QR.HouseholderQRSupport	NumStability.fl_householderStoredTrailingPanel_sequence_diag_nonzero_of_span_nonbreakdown_leadingBlock_leftInverse_frobNorm_budget	public	theorem	35	NumStability.Algorithms.LinearSystems.QR.Householder.StoredQR	reusable	approved_owner_block_route
NumStability.Algorithms.LinearSystems.QR.HouseholderQRSupport	NumStability.fl_householderStoredTrailingPanel_sequence_diag_nonzero_of_span_nonbreakdown_leadingBlock_leftInverse_infNorm_budget	public	theorem	36	NumStability.Algorithms.LinearSystems.QR.Householder.StoredQR	reusable	approved_owner_block_route
NumStability.Algorithms.LinearSystems.QR.HouseholderQRSupport	NumStability.fl_householderStoredTrailingPanel_sequence_diag_nonzero_of_span_nonbreakdown_leadingBlock_leftInverse_norm_budget	public	theorem	37	NumStability.Algorithms.LinearSystems.QR.Householder.StoredQR	reusable	approved_owner_block_route
NumStability.Algorithms.LinearSystems.QR.HouseholderQRSupport	NumStability.fl_householderStoredTrailingPanel_sequence_diag_nonzero_of_span_nonbreakdown_leading_dual_norm_budget	public	theorem	38	NumStability.Algorithms.LinearSystems.QR.Householder.StoredQR	reusable	approved_owner_block_route
NumStability.Algorithms.LinearSystems.QR.HouseholderQRSupport	NumStability.fl_householderStoredTrailingPanel_sequence_diag_nonzero_of_span_nonbreakdown_sqrt_budget	public	theorem	39	NumStability.Algorithms.LinearSystems.QR.Householder.StoredQR	reusable	approved_owner_block_route
NumStability.Algorithms.LinearSystems.QR.HouseholderQRSupport	NumStability.fl_householderStoredTrailingPanel_sequence_diag_nonzero_of_span_nonbreakdown_trailingNorm2Sq_budget	public	theorem	40	NumStability.Algorithms.LinearSystems.QR.Householder.StoredQR	reusable	approved_owner_block_route
NumStability.Algorithms.LinearSystems.QR.HouseholderQRSupport	NumStability.fl_householderStoredTrailingPanel_sequence_diag_nonzero_of_trailingNorm_pos_mul_nonpos	public	theorem	41	NumStability.Algorithms.LinearSystems.QR.Householder.StoredQR	reusable	approved_owner_block_route
NumStability.Algorithms.LinearSystems.QR.HouseholderQRSupport	NumStability.fl_householderStoredTrailingPanel_sequence_prefix_diag_nonzero_of_signed_alpha_trailingNorm_pos_sqrt_budget	public	theorem	42	NumStability.Algorithms.LinearSystems.QR.Householder.StoredQR	reusable	approved_owner_block_route
NumStability.Algorithms.LinearSystems.QR.HouseholderQRSupport	NumStability.householderActiveBlockNorm2Sq_pos_of_column_notInPreviousSpan	public	theorem	43	NumStability.Algorithms.LinearSystems.QR.Householder.StoredQR	reusable	approved_owner_block_route
NumStability.Algorithms.LinearSystems.QR.HouseholderQRSupport	NumStability.householderActiveBlockNorm2Sq_pos_of_leading_block_det_ne_zero	public	theorem	44	NumStability.Algorithms.LinearSystems.QR.Householder.StoredQR	reusable	approved_owner_block_route
NumStability.Algorithms.LinearSystems.QR.HouseholderQRSupport	NumStability.householderActiveBlockNorm2Sq_pos_of_leading_block_leftInverses	public	theorem	45	NumStability.Algorithms.LinearSystems.QR.Householder.StoredQR	reusable	approved_owner_block_route
NumStability.Algorithms.LinearSystems.QR.HouseholderQRSupport	NumStability.householderActiveBlockNorm2Sq_pos_of_leading_witnesses	public	theorem	46	NumStability.Algorithms.LinearSystems.QR.Householder.StoredQR	reusable	approved_owner_block_route
NumStability.Algorithms.LinearSystems.QR.HouseholderQRSupport	NumStability.householderActiveBlockNorm2Sq_pos_sequence_of_leading_block_det_ne_zero	public	theorem	47	NumStability.Algorithms.LinearSystems.QR.Householder.StoredQR	reusable	approved_owner_block_route
NumStability.Algorithms.LinearSystems.QR.HouseholderQRSupport	NumStability.householderColumnwisePanelAppError_rect_orthogonal_columnwise_vector_sequence_geometric	public	theorem	48	NumStability.Algorithms.LinearSystems.QR.Householder.StoredQR	reusable	approved_owner_block_route
NumStability.Algorithms.LinearSystems.QR.HouseholderQRSupport	NumStability.householderPanelAppError_rect_orthogonal_matrix_vector_sequence_geometric	public	theorem	49	NumStability.Algorithms.LinearSystems.QR.Householder.StoredQR	reusable	approved_owner_block_route
NumStability.Algorithms.LinearSystems.QR.HouseholderQRSupport	NumStability.householderTrailingNorm2Sq_ge_inv_leadingBlock_leftInverse_frobNorm_budget	public	theorem	50	NumStability.Algorithms.LinearSystems.QR.Householder.StoredQR	reusable	approved_owner_block_route
NumStability.Algorithms.LinearSystems.QR.HouseholderQRSupport	NumStability.householderTrailingNorm2Sq_ge_inv_leadingBlock_leftInverse_infNorm_budget	public	theorem	51	NumStability.Algorithms.LinearSystems.QR.Householder.StoredQR	reusable	approved_owner_block_route
NumStability.Algorithms.LinearSystems.QR.HouseholderQRSupport	NumStability.householderTrailingNorm2Sq_ge_inv_leadingBlock_leftInverse_row_norm_budget	public	theorem	52	NumStability.Algorithms.LinearSystems.QR.Householder.StoredQR	reusable	approved_owner_block_route
NumStability.Algorithms.LinearSystems.QR.HouseholderQRSupport	NumStability.householderTrailingNorm2Sq_ge_inv_leading_dual_norm_budget	public	theorem	53	NumStability.Algorithms.LinearSystems.QR.Householder.StoredQR	reusable	approved_owner_block_route
NumStability.Algorithms.LinearSystems.QR.HouseholderQRSupport	NumStability.householderTrailingNorm2Sq_pos_of_column_notInPreviousSpan	public	theorem	54	NumStability.Algorithms.LinearSystems.QR.Householder.StoredQR	reusable	approved_owner_block_route
NumStability.Algorithms.LinearSystems.QR.HouseholderQRSupport	NumStability.householderTrailingNorm2Sq_pos_of_leading_block_det_ne_zero	public	theorem	55	NumStability.Algorithms.LinearSystems.QR.Householder.StoredQR	reusable	approved_owner_block_route
NumStability.Algorithms.LinearSystems.QR.HouseholderQRSupport	NumStability.householderTrailingNorm2Sq_pos_of_leading_block_leftInverses	public	theorem	56	NumStability.Algorithms.LinearSystems.QR.Householder.StoredQR	reusable	approved_owner_block_route
NumStability.Algorithms.LinearSystems.QR.HouseholderQRSupport	NumStability.householderTrailingNorm2Sq_pos_of_leading_witnesses	public	theorem	57	NumStability.Algorithms.LinearSystems.QR.Householder.StoredQR	reusable	approved_owner_block_route
NumStability.Algorithms.LinearSystems.QR.HouseholderQRSupport	NumStability.not_forall_det_ne_zero_implies_all_leading_blocks_det_ne_zero	public	theorem	58	NumStability.Algorithms.LinearSystems.QR.Householder.StoredQR	reusable	approved_owner_block_route
NumStability.Algorithms.LinearSystems.QR.HouseholderQRSupport	NumStability.not_forall_det_ne_zero_implies_first_pivot_ne_zero	public	theorem	59	NumStability.Algorithms.LinearSystems.QR.Householder.StoredQR	reusable	approved_owner_block_route
NumStability.Algorithms.LinearSystems.QR.HouseholderQRSupport	NumStability.orthogonal_vector_sequence_geometric	public	theorem	60	NumStability.Algorithms.LinearSystems.QR.Householder.StoredQR	reusable	approved_owner_block_route
NumStability.Algorithms.LinearSystems.QR.HouseholderQRSupport	NumStability.orthogonal_vector_sequence_one_step	public	theorem	61	NumStability.Algorithms.LinearSystems.QR.Householder.StoredQR	reusable	approved_owner_block_route
NumStability.Algorithms.LinearSystems.QR.HouseholderQRSupport	NumStability.orthogonal_vector_sequence_one_step_fixedQ	public	theorem	62	NumStability.Algorithms.LinearSystems.QR.Householder.StoredQR	reusable	approved_owner_block_route
NumStability.Algorithms.LinearSystems.QR.HouseholderQRSupport	NumStability.qrColumnNotInPreviousSpan	public	definition	63	NumStability.Algorithms.LinearSystems.QR.Householder.StoredQR	reusable	approved_owner_block_route
NumStability.Algorithms.LinearSystems.QR.HouseholderQRSupport	NumStability.qrColumnNotInPreviousSpan_of_leadingColumnLeftInverse	public	theorem	64	NumStability.Algorithms.LinearSystems.QR.Householder.StoredQR	reusable	approved_owner_block_route
NumStability.Algorithms.LinearSystems.QR.HouseholderQRSupport	NumStability.qrLeadingBlock	public	definition	65	NumStability.Algorithms.LinearSystems.QR.Householder.StoredQR	reusable	approved_owner_block_route
NumStability.Algorithms.LinearSystems.QR.HouseholderQRSupport	NumStability.qrLeadingBlock_current_pivot_ne_zero_of_local_upper_triangular_det_ne_zero	public	theorem	66	NumStability.Algorithms.LinearSystems.QR.Householder.StoredQR	reusable	approved_owner_block_route
NumStability.Algorithms.LinearSystems.QR.HouseholderQRSupport	NumStability.qrLeadingBlock_det_ne_zero_of_local_upper_triangular_diag_ne_zero	public	theorem	67	NumStability.Algorithms.LinearSystems.QR.Householder.StoredQR	reusable	approved_owner_block_route
NumStability.Algorithms.LinearSystems.QR.HouseholderQRSupport	NumStability.qrLeadingBlock_det_ne_zero_of_upper_triangular_diag_ne_zero	public	theorem	68	NumStability.Algorithms.LinearSystems.QR.Householder.StoredQR	reusable	approved_owner_block_route
NumStability.Algorithms.LinearSystems.QR.HouseholderQRSupport	NumStability.qrLeadingColumn	public	definition	69	NumStability.Algorithms.LinearSystems.QR.Householder.StoredQR	reusable	approved_owner_block_route
NumStability.Algorithms.LinearSystems.QR.HouseholderQRSupport	NumStability.qrLeadingColumnLeftInverse	public	definition	70	NumStability.Algorithms.LinearSystems.QR.Householder.StoredQR	reusable	approved_owner_block_route
NumStability.Algorithms.LinearSystems.QR.HouseholderQRSupport	NumStability.qrLeadingColumnLeftInverse_of_det_ne_zero_leadingBlock	public	theorem	71	NumStability.Algorithms.LinearSystems.QR.Householder.StoredQR	reusable	approved_owner_block_route
NumStability.Algorithms.LinearSystems.QR.HouseholderQRSupport	NumStability.qrLeadingColumnLeftInverse_of_leftInverse_leadingBlock	public	theorem	72	NumStability.Algorithms.LinearSystems.QR.Householder.StoredQR	reusable	approved_owner_block_route
NumStability.Algorithms.LinearSystems.QR.HouseholderQRSupport	NumStability.qrLeadingColumnLeftInverse_padded_row_norm_sq_eq	public	theorem	73	NumStability.Algorithms.LinearSystems.QR.Householder.StoredQR	reusable	approved_owner_block_route
NumStability.Algorithms.LinearSystems.QR.HouseholderQRSupport	NumStability.qrLeadingOffdiagStop	public	definition	74	NumStability.Algorithms.LinearSystems.QR.Householder.StoredQR	reusable	approved_owner_block_route
NumStability.Algorithms.LinearSystems.QR.HouseholderQRSupport	NumStability.qrLeadingOffdiagStop_le	public	theorem	75	NumStability.Algorithms.LinearSystems.QR.Householder.StoredQR	reusable	approved_owner_block_route
NumStability.Algorithms.LinearSystems.QR.HouseholderQRSupport	NumStability.qrLeadingRow	public	definition	76	NumStability.Algorithms.LinearSystems.QR.Householder.StoredQR	reusable	approved_owner_block_route
NumStability.Algorithms.LinearSystems.QR.HouseholderQRSupport	NumStability.qrPivotCounterexample2	public	definition	77	NumStability.Algorithms.LinearSystems.QR.Householder.StoredQR	reusable	approved_owner_block_route
NumStability.Algorithms.LinearSystems.QR.HouseholderQRSupport	NumStability.qrPivotCounterexample2_det_ne_zero	public	theorem	78	NumStability.Algorithms.LinearSystems.QR.Householder.StoredQR	reusable	approved_owner_block_route
NumStability.Algorithms.LinearSystems.QR.HouseholderQRSupport	NumStability.qrPivotCounterexample2_first_leadingBlock_det_zero	public	theorem	79	NumStability.Algorithms.LinearSystems.QR.Householder.StoredQR	reusable	approved_owner_block_route
NumStability.Algorithms.LinearSystems.QR.HouseholderQRSupport	NumStability.qrPivotCounterexample2_first_pivot_zero	public	theorem	80	NumStability.Algorithms.LinearSystems.QR.Householder.StoredQR	reusable	approved_owner_block_route
NumStability.Algorithms.LinearSystems.QR.HouseholderQRSupport	NumStability.qrPrefixBasisCoefficientMatrix	public	definition	81	NumStability.Algorithms.LinearSystems.QR.Householder.StoredQR	reusable	approved_owner_block_route
NumStability.Algorithms.LinearSystems.QR.HouseholderQRSupport	NumStability.qrPrefixBasisCoefficientMatrix_of_det_ne_zero_previousLeadingBlockTranspose	public	theorem	82	NumStability.Algorithms.LinearSystems.QR.Householder.StoredQR	reusable	approved_owner_block_route
NumStability.Algorithms.LinearSystems.QR.HouseholderQRSupport	NumStability.qrPrefixBasisCoefficientMatrix_of_leftInverse_previousLeadingBlockTranspose	public	theorem	83	NumStability.Algorithms.LinearSystems.QR.Householder.StoredQR	reusable	approved_owner_block_route
NumStability.Algorithms.LinearSystems.QR.HouseholderQRSupport	NumStability.qrPrefixRow	public	definition	84	NumStability.Algorithms.LinearSystems.QR.Householder.StoredQR	reusable	approved_owner_block_route
NumStability.Algorithms.LinearSystems.QR.HouseholderQRSupport	NumStability.qrPrefixSupportSpannedByPreviousColumns	public	definition	85	NumStability.Algorithms.LinearSystems.QR.Householder.StoredQR	reusable	approved_owner_block_route
NumStability.Algorithms.LinearSystems.QR.HouseholderQRSupport	NumStability.qrPrefixSupportSpannedByPreviousColumns_of_det_ne_zero_previousLeadingBlockTranspose	public	theorem	86	NumStability.Algorithms.LinearSystems.QR.Householder.StoredQR	reusable	approved_owner_block_route
NumStability.Algorithms.LinearSystems.QR.HouseholderQRSupport	NumStability.qrPrefixSupportSpannedByPreviousColumns_of_leadingBlock_upper_det_ne_zero	public	theorem	87	NumStability.Algorithms.LinearSystems.QR.Householder.StoredQR	reusable	approved_owner_block_route
NumStability.Algorithms.LinearSystems.QR.HouseholderQRSupport	NumStability.qrPrefixSupportSpannedByPreviousColumns_of_leftInverse_previousLeadingBlockTranspose	public	theorem	88	NumStability.Algorithms.LinearSystems.QR.Householder.StoredQR	reusable	approved_owner_block_route
NumStability.Algorithms.LinearSystems.QR.HouseholderQRSupport	NumStability.qrPrefixSupportSpannedByPreviousColumns_of_prefixBasisCoefficientMatrix	public	theorem	89	NumStability.Algorithms.LinearSystems.QR.Householder.StoredQR	reusable	approved_owner_block_route
NumStability.Algorithms.LinearSystems.QR.HouseholderQRSupport	NumStability.qrPreviousColumn	public	definition	90	NumStability.Algorithms.LinearSystems.QR.Householder.StoredQR	reusable	approved_owner_block_route
NumStability.Algorithms.LinearSystems.QR.HouseholderQRSupport	NumStability.qrPreviousLeadingBlockTranspose	public	definition	91	NumStability.Algorithms.LinearSystems.QR.Householder.StoredQR	reusable	approved_owner_block_route
NumStability.Algorithms.LinearSystems.QR.HouseholderQRSupport	NumStability.qrPreviousLeadingBlockTranspose_det_ne_zero_of_local_lower_triangular_diag_ne_zero	public	theorem	92	NumStability.Algorithms.LinearSystems.QR.Householder.StoredQR	reusable	approved_owner_block_route
NumStability.Algorithms.LinearSystems.QR.HouseholderQRSupport	NumStability.qrPreviousLeadingBlockTranspose_det_ne_zero_of_upper_triangular_diag_ne_zero	public	theorem	93	NumStability.Algorithms.LinearSystems.QR.Householder.StoredQR	reusable	approved_owner_block_route
NumStability.Algorithms.LinearSystems.QR.HouseholderQRSupport	NumStability.rect_orthogonal_columnwise_vector_sequence_geometric	public	theorem	94	NumStability.Algorithms.LinearSystems.QR.Householder.StoredQR	reusable	approved_owner_block_route
NumStability.Algorithms.LinearSystems.QR.HouseholderQRSupport	NumStability.rect_orthogonal_matrix_vector_sequence_geometric	public	theorem	95	NumStability.Algorithms.LinearSystems.QR.Householder.StoredQR	reusable	approved_owner_block_route
NumStability.Algorithms.LinearSystems.QR.HouseholderQRSupport	NumStability.rect_orthogonal_matrix_vector_sequence_one_step	public	theorem	96	NumStability.Algorithms.LinearSystems.QR.Householder.StoredQR	reusable	approved_owner_block_route
NumStability.Algorithms.LinearSystems.QR.HouseholderQRSupport	NumStability.rect_orthogonal_sequence_geometric	public	theorem	97	NumStability.Algorithms.LinearSystems.QR.Householder.StoredQR	reusable	approved_owner_block_route
NumStability.Algorithms.LinearSystems.QR.HouseholderQRSupport	NumStability.rect_orthogonal_sequence_one_step	public	theorem	98	NumStability.Algorithms.LinearSystems.QR.Householder.StoredQR	reusable	approved_owner_block_route
NumStability.Algorithms.LinearSystems.QR.HouseholderQRSupport	NumStability.rectangular_topBlock_shape_facts_of_lower_zero	public	theorem	99	NumStability.Algorithms.LinearSystems.QR.Householder.StoredQR	reusable	approved_owner_block_route
NumStability.Algorithms.LinearSystems.QR.HouseholderQRSupport	NumStability.storedQRCompactPivotBudget_le_sequence_column_norm	public	theorem	100	NumStability.Algorithms.LinearSystems.QR.Householder.StoredQR	reusable	approved_owner_block_route
NumStability.Algorithms.LinearSystems.QR.HouseholderQRSupport	NumStability.storedQRCompactSequenceRelativeBudget	public	definition	101	NumStability.Algorithms.LinearSystems.QR.Householder.StoredQR	reusable	approved_owner_block_route
NumStability.Algorithms.LinearSystems.QR.HouseholderQRSupport	NumStability.storedQRCompactSequenceRelativeBudget_column_bound	public	theorem	102	NumStability.Algorithms.LinearSystems.QR.Householder.StoredQR	reusable	approved_owner_block_route
NumStability.Algorithms.LinearSystems.QR.HouseholderQRSupport	NumStability.storedQRCompactSequenceRelativeBudget_le_mul_of_step_le	public	theorem	103	NumStability.Algorithms.LinearSystems.QR.Householder.StoredQR	reusable	approved_owner_block_route
NumStability.Algorithms.LinearSystems.QR.HouseholderQRSupport	NumStability.storedQRCompactSequenceRelativeBudget_nonneg	public	theorem	104	NumStability.Algorithms.LinearSystems.QR.Householder.StoredQR	reusable	approved_owner_block_route
NumStability.Algorithms.LinearSystems.QR.HouseholderQRSupport	NumStability.storedQRCompactSequenceRelativeBudget_rhs_bound	public	theorem	105	NumStability.Algorithms.LinearSystems.QR.Householder.StoredQR	reusable	approved_owner_block_route
NumStability.Algorithms.LinearSystems.QR.HouseholderQRSupport	NumStability.storedQRCompactStepNormBudgetCoeff	public	definition	106	NumStability.Algorithms.LinearSystems.QR.Householder.StoredQR	reusable	approved_owner_block_route
NumStability.Algorithms.LinearSystems.QR.HouseholderQRSupport	NumStability.storedQRCompactStepNormBudgetCoeff_le_of_abs_beta_norm_sq_le	public	theorem	107	NumStability.Algorithms.LinearSystems.QR.Householder.StoredQR	reusable	approved_owner_block_route
NumStability.Algorithms.LinearSystems.QR.HouseholderQRSupport	NumStability.storedQRCompactStepNormBudgetCoeff_le_of_den_ne_zero	public	theorem	108	NumStability.Algorithms.LinearSystems.QR.Householder.StoredQR	reusable	approved_owner_block_route
NumStability.Algorithms.LinearSystems.QR.HouseholderQRSupport	NumStability.storedQRCompactStepNormBudgetCoeff_le_of_forall_abs_beta_norm_sq_le	public	theorem	109	NumStability.Algorithms.LinearSystems.QR.Householder.StoredQR	reusable	approved_owner_block_route
NumStability.Algorithms.LinearSystems.QR.HouseholderQRSupport	NumStability.storedQRCompactStepNormBudgetCoeff_le_of_forall_den_ne_zero	public	theorem	110	NumStability.Algorithms.LinearSystems.QR.Householder.StoredQR	reusable	approved_owner_block_route
NumStability.Algorithms.LinearSystems.QR.HouseholderQRSupport	NumStability.storedQRCompactStepNormBudgetCoeff_le_of_forall_source_den_ne_zero	public	theorem	111	NumStability.Algorithms.LinearSystems.QR.Householder.StoredQR	reusable	approved_owner_block_route
NumStability.Algorithms.LinearSystems.QR.HouseholderQRSupport	NumStability.storedQRCompactStepNormBudgetCoeff_nonneg	public	theorem	112	NumStability.Algorithms.LinearSystems.QR.Householder.StoredQR	reusable	approved_owner_block_route
NumStability.Algorithms.LinearSystems.QR.HouseholderQRSupport	NumStability.storedQRCompactStepRelativeBudget	public	definition	113	NumStability.Algorithms.LinearSystems.QR.Householder.StoredQR	reusable	approved_owner_block_route
NumStability.Algorithms.LinearSystems.QR.HouseholderQRSupport	NumStability.storedQRCompactStepRelativeBudget_le_gamma_of_source_den_ne_zero_operation_count	public	theorem	114	NumStability.Algorithms.LinearSystems.QR.Householder.StoredQR	reusable	approved_owner_block_route
NumStability.Algorithms.LinearSystems.QR.HouseholderQRSupport	NumStability.storedQRCompactStepRelativeBudget_le_mul_add_normBudgetCoeff	public	theorem	115	NumStability.Algorithms.LinearSystems.QR.Householder.StoredQR	reusable	approved_owner_block_route
NumStability.Algorithms.LinearSystems.QR.HouseholderQRSupport	NumStability.storedQRCompactStepRelativeBudget_le_mul_add_of_column_rhs_le	public	theorem	116	NumStability.Algorithms.LinearSystems.QR.Householder.StoredQR	reusable	approved_owner_block_route
NumStability.Algorithms.LinearSystems.QR.HouseholderQRSupport	NumStability.storedQRCompactStepRelativeBudget_le_mul_add_of_componentBudget_le_mul_abs	public	theorem	117	NumStability.Algorithms.LinearSystems.QR.Householder.StoredQR	reusable	approved_owner_block_route
NumStability.Algorithms.LinearSystems.QR.HouseholderQRSupport	NumStability.storedQRCompactStepRelativeBudget_le_mul_add_of_normBudget_le_mul	public	theorem	118	NumStability.Algorithms.LinearSystems.QR.Householder.StoredQR	reusable	approved_owner_block_route
NumStability.Algorithms.LinearSystems.QR.HouseholderQRSupport	NumStability.storedQRCompactStepRelativeBudget_le_sequence	public	theorem	119	NumStability.Algorithms.LinearSystems.QR.Householder.StoredQR	reusable	approved_owner_block_route
NumStability.Algorithms.LinearSystems.QR.HouseholderQRSupport	NumStability.storedQRCompactStepRelativeBudget_nonneg	public	theorem	120	NumStability.Algorithms.LinearSystems.QR.Householder.StoredQR	reusable	approved_owner_block_route
NumStability.Algorithms.LinearSystems.QR.HouseholderQRSupport	NumStability.storedQRSignedStageBeta	public	definition	121	NumStability.Algorithms.LinearSystems.QR.Householder.StoredQR	reusable	approved_owner_block_route
NumStability.Algorithms.LinearSystems.QR.HouseholderQRSupport	NumStability.storedQRSignedStageVector	public	definition	122	NumStability.Algorithms.LinearSystems.QR.Householder.StoredQR	reusable	approved_owner_block_route
NumStability.Algorithms.LinearSystems.QR.HouseholderQRSupport	NumStability.storedQRSignedStage_abs_beta_norm_sq_eq_two_of_den_ne_zero	public	theorem	123	NumStability.Algorithms.LinearSystems.QR.Householder.StoredQR	reusable	approved_owner_block_route
NumStability.Algorithms.LinearSystems.QR.HouseholderQRSupport	NumStability.storedQRSignedStage_abs_beta_norm_sq_le_two_of_den_ne_zero	public	theorem	124	NumStability.Algorithms.LinearSystems.QR.Householder.StoredQR	reusable	approved_owner_block_route
NumStability.Algorithms.LinearSystems.QR.HouseholderQRSupport	NumStability.storedQRSignedStage_completed_column_preservation	public	theorem	125	NumStability.Algorithms.LinearSystems.QR.Householder.StoredQR	reusable	approved_owner_block_route
NumStability.Algorithms.LinearSystems.QR.HouseholderQRSupport	NumStability.storedQRSignedStage_exact_same_reflector_bound_of_prefix_or_active_stage_bounds	public	theorem	126	NumStability.Algorithms.LinearSystems.QR.Householder.StoredQR	reusable	approved_owner_block_route
NumStability.Algorithms.LinearSystems.QR.HouseholderQRSupport	NumStability.storedQRSignedStage_pivot_column_zero_below_of_trailingNorm_pos	public	theorem	127	NumStability.Algorithms.LinearSystems.QR.Householder.StoredQR	reusable	approved_owner_block_route
NumStability.Algorithms.LinearSystems.QR.HouseholderQRSupport	NumStability.storedQRSignedStage_pivot_zeroing_field_of_normSqBudget	public	theorem	128	NumStability.Algorithms.LinearSystems.QR.Householder.StoredQR	reusable	approved_owner_block_route
NumStability.Algorithms.LinearSystems.QR.HouseholderQRSupport	NumStability.storedQRSignedStage_pivot_zeroing_field_of_trailingNorm_pos	public	theorem	129	NumStability.Algorithms.LinearSystems.QR.Householder.StoredQR	reusable	approved_owner_block_route
NumStability.Algorithms.LinearSystems.QR.HouseholderQRSupport	NumStability.vecNorm2Sq_qrLeadingRow_padded_eq	public	theorem	130	NumStability.Algorithms.LinearSystems.QR.Householder.StoredQR	reusable	approved_owner_block_route
NumStability.Algorithms.LinearSystems.QR.HouseholderQRSupport	_private.NumStability.Algorithms.LinearSystems.QR.HouseholderQRSupport.0.NumStability.ne_zero_of_abs_sub_lt_abs	private	theorem	131	NumStability.Algorithms.LinearSystems.QR.Householder.StoredQR	reusable	approved_owner_block_route
NumStability.Algorithms.LinearSystems.QR.HouseholderQRSupport	_private.NumStability.Algorithms.LinearSystems.QR.HouseholderQRSupport.0.NumStability.sum_qrLeadingRow_eq_sum_filter_lt	private	theorem	132	NumStability.Algorithms.LinearSystems.QR.Householder.StoredQR	reusable	approved_owner_block_route
NumStability.Algorithms.LinearSystems.QR.HouseholderSpecSupport	NumStability.HouseholderAppError.of_forward_error	public	theorem	1	NumStability.Algorithms.LinearSystems.QR.Householder.TrailingPanels	reusable	approved_owner_block_route
NumStability.Algorithms.LinearSystems.QR.HouseholderSpecSupport	NumStability.HouseholderColumnwisePanelAppError	public	inductive	2	NumStability.Algorithms.LinearSystems.QR.Householder.TrailingPanels	reusable	approved_owner_block_route
NumStability.Algorithms.LinearSystems.QR.HouseholderSpecSupport	NumStability.HouseholderColumnwisePanelAppError.casesOn	public	definition	3	NumStability.Algorithms.LinearSystems.QR.Householder.TrailingPanels	reusable	approved_owner_block_route
NumStability.Algorithms.LinearSystems.QR.HouseholderSpecSupport	NumStability.HouseholderColumnwisePanelAppError.col_pert	public	theorem	4	NumStability.Algorithms.LinearSystems.QR.Householder.TrailingPanels	reusable	approved_owner_block_route
NumStability.Algorithms.LinearSystems.QR.HouseholderSpecSupport	NumStability.HouseholderColumnwisePanelAppError.mk	public	constructor	5	NumStability.Algorithms.LinearSystems.QR.Householder.TrailingPanels	reusable	approved_owner_block_route
NumStability.Algorithms.LinearSystems.QR.HouseholderSpecSupport	NumStability.HouseholderColumnwisePanelAppError.of_forward_errors	public	theorem	6	NumStability.Algorithms.LinearSystems.QR.Householder.TrailingPanels	reusable	approved_owner_block_route
NumStability.Algorithms.LinearSystems.QR.HouseholderSpecSupport	NumStability.HouseholderColumnwisePanelAppError.of_vector_applications	public	theorem	7	NumStability.Algorithms.LinearSystems.QR.Householder.TrailingPanels	reusable	approved_owner_block_route
NumStability.Algorithms.LinearSystems.QR.HouseholderSpecSupport	NumStability.HouseholderColumnwisePanelAppError.orth	public	theorem	8	NumStability.Algorithms.LinearSystems.QR.Householder.TrailingPanels	reusable	approved_owner_block_route
NumStability.Algorithms.LinearSystems.QR.HouseholderSpecSupport	NumStability.HouseholderColumnwisePanelAppError.rec	public	recursor	9	NumStability.Algorithms.LinearSystems.QR.Householder.TrailingPanels	reusable	approved_owner_block_route
NumStability.Algorithms.LinearSystems.QR.HouseholderSpecSupport	NumStability.HouseholderColumnwisePanelAppError.recOn	public	definition	10	NumStability.Algorithms.LinearSystems.QR.Householder.TrailingPanels	reusable	approved_owner_block_route
NumStability.Algorithms.LinearSystems.QR.HouseholderSpecSupport	NumStability.HouseholderColumnwisePanelAppError.rhs_pert	public	theorem	11	NumStability.Algorithms.LinearSystems.QR.Householder.TrailingPanels	reusable	approved_owner_block_route
NumStability.Algorithms.LinearSystems.QR.HouseholderSpecSupport	NumStability.HouseholderPanelAppError	public	inductive	12	NumStability.Algorithms.LinearSystems.QR.Householder.TrailingPanels	reusable	approved_owner_block_route
NumStability.Algorithms.LinearSystems.QR.HouseholderSpecSupport	NumStability.HouseholderPanelAppError.casesOn	public	definition	13	NumStability.Algorithms.LinearSystems.QR.Householder.TrailingPanels	reusable	approved_owner_block_route
NumStability.Algorithms.LinearSystems.QR.HouseholderSpecSupport	NumStability.HouseholderPanelAppError.mk	public	constructor	14	NumStability.Algorithms.LinearSystems.QR.Householder.TrailingPanels	reusable	approved_owner_block_route
NumStability.Algorithms.LinearSystems.QR.HouseholderSpecSupport	NumStability.HouseholderPanelAppError.orth	public	theorem	15	NumStability.Algorithms.LinearSystems.QR.Householder.TrailingPanels	reusable	approved_owner_block_route
NumStability.Algorithms.LinearSystems.QR.HouseholderSpecSupport	NumStability.HouseholderPanelAppError.pert	public	theorem	16	NumStability.Algorithms.LinearSystems.QR.Householder.TrailingPanels	reusable	approved_owner_block_route
NumStability.Algorithms.LinearSystems.QR.HouseholderSpecSupport	NumStability.HouseholderPanelAppError.rec	public	recursor	17	NumStability.Algorithms.LinearSystems.QR.Householder.TrailingPanels	reusable	approved_owner_block_route
NumStability.Algorithms.LinearSystems.QR.HouseholderSpecSupport	NumStability.HouseholderPanelAppError.recOn	public	definition	18	NumStability.Algorithms.LinearSystems.QR.Householder.TrailingPanels	reusable	approved_owner_block_route
NumStability.Algorithms.LinearSystems.QR.HouseholderSpecSupport	NumStability.abs_alpha_eq_sqrt_trailingNorm2Sq	public	theorem	19	NumStability.Algorithms.LinearSystems.QR.Householder.TrailingPanels	reusable	approved_owner_block_route
NumStability.Algorithms.LinearSystems.QR.HouseholderSpecSupport	NumStability.abs_entry_le_sqrt_householderTrailingNorm2Sq_of_pivot_le	public	theorem	20	NumStability.Algorithms.LinearSystems.QR.Householder.TrailingPanels	reusable	approved_owner_block_route
NumStability.Algorithms.LinearSystems.QR.HouseholderSpecSupport	NumStability.abs_householderBeta_mul_inner_column_le_sqrt_two_of_signed_pivot_max	public	theorem	21	NumStability.Algorithms.LinearSystems.QR.Householder.TrailingPanels	reusable	approved_owner_block_route
NumStability.Algorithms.LinearSystems.QR.HouseholderSpecSupport	NumStability.abs_householderBeta_mul_inner_trailingPart_le_sqrt_two_of_mul_nonpos	public	theorem	22	NumStability.Algorithms.LinearSystems.QR.Householder.TrailingPanels	reusable	approved_owner_block_route
NumStability.Algorithms.LinearSystems.QR.HouseholderSpecSupport	NumStability.abs_householderBeta_mul_inner_trailingPart_le_sqrt_two_signed	public	theorem	23	NumStability.Algorithms.LinearSystems.QR.Householder.TrailingPanels	reusable	approved_owner_block_route
NumStability.Algorithms.LinearSystems.QR.HouseholderSpecSupport	NumStability.abs_householderBeta_mul_vecNorm2_sq_eq_two	public	theorem	24	NumStability.Algorithms.LinearSystems.QR.Householder.TrailingPanels	reusable	approved_owner_block_route
NumStability.Algorithms.LinearSystems.QR.HouseholderSpecSupport	NumStability.abs_householderBeta_mul_vecNorm2_sq_le_two	public	theorem	25	NumStability.Algorithms.LinearSystems.QR.Householder.TrailingPanels	reusable	approved_owner_block_route
NumStability.Algorithms.LinearSystems.QR.HouseholderSpecSupport	NumStability.abs_householder_signed_pivot_update_entry_le_one_add_sqrt_two_mul_row_bound	public	theorem	26	NumStability.Algorithms.LinearSystems.QR.Householder.TrailingPanels	reusable	approved_owner_block_route
NumStability.Algorithms.LinearSystems.QR.HouseholderSpecSupport	NumStability.abs_inner_householderTrailingActiveVector_column_le_vecNorm2_mul_sqrt_of_pivot_max	public	theorem	27	NumStability.Algorithms.LinearSystems.QR.Householder.TrailingPanels	reusable	approved_owner_block_route
NumStability.Algorithms.LinearSystems.QR.HouseholderSpecSupport	NumStability.abs_inner_householderTrailingActiveVector_trailingPart_le_vecNorm2_mul_sqrt	public	theorem	28	NumStability.Algorithms.LinearSystems.QR.Householder.TrailingPanels	reusable	approved_owner_block_route
NumStability.Algorithms.LinearSystems.QR.HouseholderSpecSupport	NumStability.abs_matMulVec_householder_pivot_le_trailing_vecNorm2_of_zero_prefix_orthogonal	public	theorem	29	NumStability.Algorithms.LinearSystems.QR.Householder.TrailingPanels	reusable	approved_owner_block_route
NumStability.Algorithms.LinearSystems.QR.HouseholderSpecSupport	NumStability.abs_sub_mul_le_one_add_sqrt_two_mul_bound	public	theorem	30	NumStability.Algorithms.LinearSystems.QR.Householder.TrailingPanels	reusable	approved_owner_block_route
NumStability.Algorithms.LinearSystems.QR.HouseholderSpecSupport	NumStability.abs_two_div_mul_le_sqrt_two_of_abs_le_sqrt_mul_sqrt	public	theorem	31	NumStability.Algorithms.LinearSystems.QR.Householder.TrailingPanels	reusable	approved_owner_block_route
NumStability.Algorithms.LinearSystems.QR.HouseholderSpecSupport	NumStability.budget_lt_abs_alpha_of_lt_sqrt_trailingNorm2Sq	public	theorem	32	NumStability.Algorithms.LinearSystems.QR.Householder.TrailingPanels	reusable	approved_owner_block_route
NumStability.Algorithms.LinearSystems.QR.HouseholderSpecSupport	NumStability.budget_lt_sqrt_householderTrailingNorm2Sq_of_dim_mul_budget_sq_lt_trailingNorm2Sq	public	theorem	33	NumStability.Algorithms.LinearSystems.QR.Householder.TrailingPanels	reusable	approved_owner_block_route
NumStability.Algorithms.LinearSystems.QR.HouseholderSpecSupport	NumStability.budget_lt_sqrt_householderTrailingNorm2Sq_of_lt_abs_active_entry	public	theorem	34	NumStability.Algorithms.LinearSystems.QR.Householder.TrailingPanels	reusable	approved_owner_block_route
NumStability.Algorithms.LinearSystems.QR.HouseholderSpecSupport	NumStability.coxHighamActiveRowGrowthFactor	public	definition	35	NumStability.Algorithms.LinearSystems.QR.Householder.TrailingPanels	reusable	approved_owner_block_route
NumStability.Algorithms.LinearSystems.QR.HouseholderSpecSupport	NumStability.coxHighamActiveRowGrowthFactor_nonneg	public	theorem	36	NumStability.Algorithms.LinearSystems.QR.Householder.TrailingPanels	reusable	approved_owner_block_route
NumStability.Algorithms.LinearSystems.QR.HouseholderSpecSupport	NumStability.coxHighamGrowthFactor_nonneg	public	theorem	37	NumStability.Algorithms.LinearSystems.QR.Householder.TrailingPanels	reusable	approved_owner_block_route
NumStability.Algorithms.LinearSystems.QR.HouseholderSpecSupport	NumStability.coxHigham_abs_entry_le_exact_bound_add_error	public	theorem	38	NumStability.Algorithms.LinearSystems.QR.Householder.TrailingPanels	reusable	approved_owner_block_route
NumStability.Algorithms.LinearSystems.QR.HouseholderSpecSupport	NumStability.coxHigham_exact_signed_pivot_row_entry_bound_of_stage_entry_bound	public	theorem	39	NumStability.Algorithms.LinearSystems.QR.Householder.TrailingPanels	reusable	approved_owner_block_route
NumStability.Algorithms.LinearSystems.QR.HouseholderSpecSupport	NumStability.coxHigham_pivot_row_entry_bound_of_active_tail_entry_bound	public	theorem	40	NumStability.Algorithms.LinearSystems.QR.Householder.TrailingPanels	reusable	approved_owner_block_route
NumStability.Algorithms.LinearSystems.QR.HouseholderSpecSupport	NumStability.coxHigham_pivot_row_entry_bound_of_stage_entry_bound	public	theorem	41	NumStability.Algorithms.LinearSystems.QR.Householder.TrailingPanels	reusable	approved_owner_block_route
NumStability.Algorithms.LinearSystems.QR.HouseholderSpecSupport	NumStability.coxHigham_rowSorting_active_entry_bound_of_prior_growth	public	theorem	42	NumStability.Algorithms.LinearSystems.QR.Householder.TrailingPanels	reusable	approved_owner_block_route
NumStability.Algorithms.LinearSystems.QR.HouseholderSpecSupport	NumStability.coxHigham_rowSorting_active_entry_bound_of_stage_growth	public	theorem	43	NumStability.Algorithms.LinearSystems.QR.Householder.TrailingPanels	reusable	approved_owner_block_route
NumStability.Algorithms.LinearSystems.QR.HouseholderSpecSupport	NumStability.coxHigham_rowSorting_active_entry_bound_of_stage_growth_with_additive	public	theorem	44	NumStability.Algorithms.LinearSystems.QR.Householder.TrailingPanels	reusable	approved_owner_block_route
NumStability.Algorithms.LinearSystems.QR.HouseholderSpecSupport	NumStability.coxHigham_rowSorting_active_entry_bound_with_accumulated_error	public	theorem	45	NumStability.Algorithms.LinearSystems.QR.Householder.TrailingPanels	reusable	approved_owner_block_route
NumStability.Algorithms.LinearSystems.QR.HouseholderSpecSupport	NumStability.coxHigham_rowwise_error_accumulation_bound	public	theorem	46	NumStability.Algorithms.LinearSystems.QR.Householder.TrailingPanels	reusable	approved_owner_block_route
NumStability.Algorithms.LinearSystems.QR.HouseholderSpecSupport	NumStability.coxHigham_signed_pivot_row_update_abs_le_trailing_vecNorm2	public	theorem	47	NumStability.Algorithms.LinearSystems.QR.Householder.TrailingPanels	reusable	approved_owner_block_route
NumStability.Algorithms.LinearSystems.QR.HouseholderSpecSupport	NumStability.exists_active_entry_budget_lt_abs_of_dim_mul_budget_sq_lt_trailingNorm2Sq	public	theorem	48	NumStability.Algorithms.LinearSystems.QR.Householder.TrailingPanels	reusable	approved_owner_block_route
NumStability.Algorithms.LinearSystems.QR.HouseholderSpecSupport	NumStability.exists_active_entry_ne_of_householderActiveBlockNorm2Sq_pos	public	theorem	49	NumStability.Algorithms.LinearSystems.QR.Householder.TrailingPanels	reusable	approved_owner_block_route
NumStability.Algorithms.LinearSystems.QR.HouseholderSpecSupport	NumStability.exists_householderTrailingColumnNorm2Sq_active_max	public	theorem	50	NumStability.Algorithms.LinearSystems.QR.Householder.TrailingPanels	reusable	approved_owner_block_route
NumStability.Algorithms.LinearSystems.QR.HouseholderSpecSupport	NumStability.householderActiveBlockNorm2Sq	public	definition	51	NumStability.Algorithms.LinearSystems.QR.Householder.TrailingPanels	reusable	approved_owner_block_route
NumStability.Algorithms.LinearSystems.QR.HouseholderSpecSupport	NumStability.householderActiveBlockNorm2Sq_pos_of_exists_active_entry_ne	public	theorem	52	NumStability.Algorithms.LinearSystems.QR.Householder.TrailingPanels	reusable	approved_owner_block_route
NumStability.Algorithms.LinearSystems.QR.HouseholderSpecSupport	NumStability.householderActiveBlockNorm2Sq_swapColumns_pos_of_pos	public	theorem	53	NumStability.Algorithms.LinearSystems.QR.Householder.TrailingPanels	reusable	approved_owner_block_route
NumStability.Algorithms.LinearSystems.QR.HouseholderSpecSupport	NumStability.householderActiveMaxPivotColumn	public	definition	54	NumStability.Algorithms.LinearSystems.QR.Householder.TrailingPanels	reusable	approved_owner_block_route
NumStability.Algorithms.LinearSystems.QR.HouseholderSpecSupport	NumStability.householderActiveMaxPivotColumn_ge	public	theorem	55	NumStability.Algorithms.LinearSystems.QR.Householder.TrailingPanels	reusable	approved_owner_block_route
NumStability.Algorithms.LinearSystems.QR.HouseholderSpecSupport	NumStability.householderActiveMaxPivotColumn_pivot_max	public	theorem	56	NumStability.Algorithms.LinearSystems.QR.Householder.TrailingPanels	reusable	approved_owner_block_route
NumStability.Algorithms.LinearSystems.QR.HouseholderSpecSupport	NumStability.householderActiveVector	public	definition	57	NumStability.Algorithms.LinearSystems.QR.Householder.TrailingPanels	reusable	approved_owner_block_route
NumStability.Algorithms.LinearSystems.QR.HouseholderSpecSupport	NumStability.householderActiveVector_inner_self	public	theorem	58	NumStability.Algorithms.LinearSystems.QR.Householder.TrailingPanels	reusable	approved_owner_block_route
NumStability.Algorithms.LinearSystems.QR.HouseholderSpecSupport	NumStability.householderActiveVector_inner_self_eq_two_inner_x	public	theorem	59	NumStability.Algorithms.LinearSystems.QR.Householder.TrailingPanels	reusable	approved_owner_block_route
NumStability.Algorithms.LinearSystems.QR.HouseholderSpecSupport	NumStability.householderActiveVector_inner_x	public	theorem	60	NumStability.Algorithms.LinearSystems.QR.Householder.TrailingPanels	reusable	approved_owner_block_route
NumStability.Algorithms.LinearSystems.QR.HouseholderSpecSupport	NumStability.householderBetaSpec	public	definition	61	NumStability.Algorithms.LinearSystems.QR.Householder.TrailingPanels	reusable	approved_owner_block_route
NumStability.Algorithms.LinearSystems.QR.HouseholderSpecSupport	NumStability.householderBetaSpec_eq_one_of_inner_self_eq_two	public	theorem	62	NumStability.Algorithms.LinearSystems.QR.Householder.TrailingPanels	reusable	approved_owner_block_route
NumStability.Algorithms.LinearSystems.QR.HouseholderSpecSupport	NumStability.householderBetaSpec_nonneg	public	theorem	63	NumStability.Algorithms.LinearSystems.QR.Householder.TrailingPanels	reusable	approved_owner_block_route
NumStability.Algorithms.LinearSystems.QR.HouseholderSpecSupport	NumStability.householderBeta_mul_activeVector_inner_x	public	theorem	64	NumStability.Algorithms.LinearSystems.QR.Householder.TrailingPanels	reusable	approved_owner_block_route
NumStability.Algorithms.LinearSystems.QR.HouseholderSpecSupport	NumStability.householderBeta_mul_inner_self_eq_two	public	theorem	65	NumStability.Algorithms.LinearSystems.QR.Householder.TrailingPanels	reusable	approved_owner_block_route
NumStability.Algorithms.LinearSystems.QR.HouseholderSpecSupport	NumStability.householderPrefixPart	public	definition	66	NumStability.Algorithms.LinearSystems.QR.Householder.TrailingPanels	reusable	approved_owner_block_route
NumStability.Algorithms.LinearSystems.QR.HouseholderSpecSupport	NumStability.householderPrefixPart_add_trailingPart	public	theorem	67	NumStability.Algorithms.LinearSystems.QR.Householder.TrailingPanels	reusable	approved_owner_block_route
NumStability.Algorithms.LinearSystems.QR.HouseholderSpecSupport	NumStability.householderPrefixPart_support	public	theorem	68	NumStability.Algorithms.LinearSystems.QR.Householder.TrailingPanels	reusable	approved_owner_block_route
NumStability.Algorithms.LinearSystems.QR.HouseholderSpecSupport	NumStability.householderSwapColumns	public	definition	69	NumStability.Algorithms.LinearSystems.QR.Householder.TrailingPanels	reusable	approved_owner_block_route
NumStability.Algorithms.LinearSystems.QR.HouseholderSpecSupport	NumStability.householderSwapColumns_activeMaxPivotColumn_pivot_max	public	theorem	70	NumStability.Algorithms.LinearSystems.QR.Householder.TrailingPanels	reusable	approved_owner_block_route
NumStability.Algorithms.LinearSystems.QR.HouseholderSpecSupport	NumStability.householderTrailingActiveVector	public	definition	71	NumStability.Algorithms.LinearSystems.QR.Householder.TrailingPanels	reusable	approved_owner_block_route
NumStability.Algorithms.LinearSystems.QR.HouseholderSpecSupport	NumStability.householderTrailingActiveVector_inner_self_ge_two_trailingNorm2Sq_of_mul_nonpos	public	theorem	72	NumStability.Algorithms.LinearSystems.QR.Householder.TrailingPanels	reusable	approved_owner_block_route
NumStability.Algorithms.LinearSystems.QR.HouseholderSpecSupport	NumStability.householderTrailingActiveVector_inner_self_ge_two_trailingNorm2Sq_signed	public	theorem	73	NumStability.Algorithms.LinearSystems.QR.Householder.TrailingPanels	reusable	approved_owner_block_route
NumStability.Algorithms.LinearSystems.QR.HouseholderSpecSupport	NumStability.householderTrailingActiveVector_inner_self_ne_zero_of_pivot_ne_alpha	public	theorem	74	NumStability.Algorithms.LinearSystems.QR.Householder.TrailingPanels	reusable	approved_owner_block_route
NumStability.Algorithms.LinearSystems.QR.HouseholderSpecSupport	NumStability.householderTrailingActiveVector_inner_self_ne_zero_of_trailingNorm2Sq_pos_mul_nonpos	public	theorem	75	NumStability.Algorithms.LinearSystems.QR.Householder.TrailingPanels	reusable	approved_owner_block_route
NumStability.Algorithms.LinearSystems.QR.HouseholderSpecSupport	NumStability.householderTrailingActiveVector_zero_prefix	public	theorem	76	NumStability.Algorithms.LinearSystems.QR.Householder.TrailingPanels	reusable	approved_owner_block_route
NumStability.Algorithms.LinearSystems.QR.HouseholderSpecSupport	NumStability.householderTrailingColumnNorm2Sq	public	definition	77	NumStability.Algorithms.LinearSystems.QR.Householder.TrailingPanels	reusable	approved_owner_block_route
NumStability.Algorithms.LinearSystems.QR.HouseholderSpecSupport	NumStability.householderTrailingColumnNorm2Sq_pos_of_pivot_max_exists_active_entry_ne	public	theorem	78	NumStability.Algorithms.LinearSystems.QR.Householder.TrailingPanels	reusable	approved_owner_block_route
NumStability.Algorithms.LinearSystems.QR.HouseholderSpecSupport	NumStability.householderTrailingColumnNorm2Sq_pos_of_pivot_max_exists_pos	public	theorem	79	NumStability.Algorithms.LinearSystems.QR.Householder.TrailingPanels	reusable	approved_owner_block_route
NumStability.Algorithms.LinearSystems.QR.HouseholderSpecSupport	NumStability.householderTrailingColumnNorm2Sq_swapColumns_left	public	theorem	80	NumStability.Algorithms.LinearSystems.QR.Householder.TrailingPanels	reusable	approved_owner_block_route
NumStability.Algorithms.LinearSystems.QR.HouseholderSpecSupport	NumStability.householderTrailingColumnNorm2Sq_swapColumns_of_ne	public	theorem	81	NumStability.Algorithms.LinearSystems.QR.Householder.TrailingPanels	reusable	approved_owner_block_route
NumStability.Algorithms.LinearSystems.QR.HouseholderSpecSupport	NumStability.householderTrailingNorm2Sq	public	definition	82	NumStability.Algorithms.LinearSystems.QR.Householder.TrailingPanels	reusable	approved_owner_block_route
NumStability.Algorithms.LinearSystems.QR.HouseholderSpecSupport	NumStability.householderTrailingNorm2Sq_nonneg	public	theorem	83	NumStability.Algorithms.LinearSystems.QR.Householder.TrailingPanels	reusable	approved_owner_block_route
NumStability.Algorithms.LinearSystems.QR.HouseholderSpecSupport	NumStability.householderTrailingNorm2Sq_pos_of_exists_ne	public	theorem	84	NumStability.Algorithms.LinearSystems.QR.Householder.TrailingPanels	reusable	approved_owner_block_route
NumStability.Algorithms.LinearSystems.QR.HouseholderSpecSupport	NumStability.householderTrailingNorm2Sq_pos_of_nonneg_budget_lt_sqrt	public	theorem	85	NumStability.Algorithms.LinearSystems.QR.Householder.TrailingPanels	reusable	approved_owner_block_route
NumStability.Algorithms.LinearSystems.QR.HouseholderSpecSupport	NumStability.householderTrailingNorm2Sq_pos_of_pivot_ne_zero	public	theorem	86	NumStability.Algorithms.LinearSystems.QR.Householder.TrailingPanels	reusable	approved_owner_block_route
NumStability.Algorithms.LinearSystems.QR.HouseholderSpecSupport	NumStability.householderTrailingPart	public	definition	87	NumStability.Algorithms.LinearSystems.QR.Householder.TrailingPanels	reusable	approved_owner_block_route
NumStability.Algorithms.LinearSystems.QR.HouseholderSpecSupport	NumStability.householderTrailingPivotCounterexample2	public	definition	88	NumStability.Algorithms.LinearSystems.QR.Householder.TrailingPanels	reusable	approved_owner_block_route
NumStability.Algorithms.LinearSystems.QR.HouseholderSpecSupport	NumStability.householderTrailingPivotCounterexample2_pivot_zero	public	theorem	89	NumStability.Algorithms.LinearSystems.QR.Householder.TrailingPanels	reusable	approved_owner_block_route
NumStability.Algorithms.LinearSystems.QR.HouseholderSpecSupport	NumStability.householderTrailingPivotCounterexample2_trailingNorm2Sq_pos	public	theorem	90	NumStability.Algorithms.LinearSystems.QR.Householder.TrailingPanels	reusable	approved_owner_block_route
NumStability.Algorithms.LinearSystems.QR.HouseholderSpecSupport	NumStability.householder_col_eq_id_of_zero_prefix	public	theorem	91	NumStability.Algorithms.LinearSystems.QR.Householder.TrailingPanels	reusable	approved_owner_block_route
NumStability.Algorithms.LinearSystems.QR.HouseholderSpecSupport	NumStability.householder_normalizedVector_eq_betaSpec	public	theorem	92	NumStability.Algorithms.LinearSystems.QR.Householder.TrailingPanels	reusable	approved_owner_block_route
NumStability.Algorithms.LinearSystems.QR.HouseholderSpecSupport	NumStability.householder_pivot_ne_alpha_of_trailingNorm2Sq_pos_mul_nonpos	public	theorem	93	NumStability.Algorithms.LinearSystems.QR.Householder.TrailingPanels	reusable	approved_owner_block_route
NumStability.Algorithms.LinearSystems.QR.HouseholderSpecSupport	NumStability.householder_row_eq_id_of_zero_prefix	public	theorem	94	NumStability.Algorithms.LinearSystems.QR.Householder.TrailingPanels	reusable	approved_owner_block_route
NumStability.Algorithms.LinearSystems.QR.HouseholderSpecSupport	NumStability.matMulRectLeft_householder_eq_self_row_of_zero_prefix	public	theorem	95	NumStability.Algorithms.LinearSystems.QR.Householder.TrailingPanels	reusable	approved_owner_block_route
NumStability.Algorithms.LinearSystems.QR.HouseholderSpecSupport	NumStability.matMulVec_householder_activeVector_eq_alpha_basis	public	theorem	96	NumStability.Algorithms.LinearSystems.QR.Householder.TrailingPanels	reusable	approved_owner_block_route
NumStability.Algorithms.LinearSystems.QR.HouseholderSpecSupport	NumStability.matMulVec_householder_activeVector_eq_zero_of_ne	public	theorem	97	NumStability.Algorithms.LinearSystems.QR.Householder.TrailingPanels	reusable	approved_owner_block_route
NumStability.Algorithms.LinearSystems.QR.HouseholderSpecSupport	NumStability.matMulVec_householder_eq_self_of_zero_prefix	public	theorem	98	NumStability.Algorithms.LinearSystems.QR.Householder.TrailingPanels	reusable	approved_owner_block_route
NumStability.Algorithms.LinearSystems.QR.HouseholderSpecSupport	NumStability.matMulVec_householder_eq_self_of_zero_prefix_support	public	theorem	99	NumStability.Algorithms.LinearSystems.QR.Householder.TrailingPanels	reusable	approved_owner_block_route
NumStability.Algorithms.LinearSystems.QR.HouseholderSpecSupport	NumStability.matMulVec_householder_trailingActiveVector_eq_prefix_alpha_zero	public	theorem	100	NumStability.Algorithms.LinearSystems.QR.Householder.TrailingPanels	reusable	approved_owner_block_route
NumStability.Algorithms.LinearSystems.QR.HouseholderSpecSupport	NumStability.matMulVec_householder_trailingActiveVector_eq_zero_of_pivot_lt	public	theorem	101	NumStability.Algorithms.LinearSystems.QR.Householder.TrailingPanels	reusable	approved_owner_block_route
NumStability.Algorithms.LinearSystems.QR.HouseholderSpecSupport	NumStability.matMul_householder_eq_self_row_of_zero_prefix	public	theorem	102	NumStability.Algorithms.LinearSystems.QR.Householder.TrailingPanels	reusable	approved_owner_block_route
NumStability.Algorithms.LinearSystems.QR.HouseholderSpecSupport	NumStability.not_forall_trailingNorm2Sq_pos_implies_pivot_ne_zero	public	theorem	103	NumStability.Algorithms.LinearSystems.QR.Householder.TrailingPanels	reusable	approved_owner_block_route
NumStability.Algorithms.LinearSystems.QR.HouseholderSpecSupport	NumStability.one_le_coxHighamActiveRowGrowthFactor	public	theorem	104	NumStability.Algorithms.LinearSystems.QR.Householder.TrailingPanels	reusable	approved_owner_block_route
NumStability.Algorithms.LinearSystems.QR.HouseholderSpecSupport	NumStability.scalarAffineGrowthBudget	public	definition	105	NumStability.Algorithms.LinearSystems.QR.Householder.TrailingPanels	reusable	approved_owner_block_route
NumStability.Algorithms.LinearSystems.QR.HouseholderSpecSupport	NumStability.scalar_affine_growth_iterate_bound	public	theorem	106	NumStability.Algorithms.LinearSystems.QR.Householder.TrailingPanels	reusable	approved_owner_block_route
NumStability.Algorithms.LinearSystems.QR.HouseholderSpecSupport	NumStability.scalar_growth_iterate_bound	public	theorem	107	NumStability.Algorithms.LinearSystems.QR.Householder.TrailingPanels	reusable	approved_owner_block_route
NumStability.Algorithms.LinearSystems.QR.HouseholderSpecSupport	NumStability.signedHouseholderAlpha	public	definition	108	NumStability.Algorithms.LinearSystems.QR.Householder.TrailingPanels	reusable	approved_owner_block_route
NumStability.Algorithms.LinearSystems.QR.HouseholderSpecSupport	NumStability.signedHouseholderAlpha_mul_pivot_nonpos	public	theorem	109	NumStability.Algorithms.LinearSystems.QR.Householder.TrailingPanels	reusable	approved_owner_block_route
NumStability.Algorithms.LinearSystems.QR.HouseholderSpecSupport	NumStability.signedHouseholderAlpha_sq	public	theorem	110	NumStability.Algorithms.LinearSystems.QR.Householder.TrailingPanels	reusable	approved_owner_block_route
NumStability.Algorithms.LinearSystems.QR.HouseholderSpecSupport	NumStability.signedHouseholderAlpha_sqrt_trailingNorm2Sq_mul_pivot_nonpos	public	theorem	111	NumStability.Algorithms.LinearSystems.QR.Householder.TrailingPanels	reusable	approved_owner_block_route
NumStability.Algorithms.LinearSystems.QR.HouseholderSpecSupport	NumStability.signedHouseholderAlpha_sqrt_trailingNorm2Sq_sq	public	theorem	112	NumStability.Algorithms.LinearSystems.QR.Householder.TrailingPanels	reusable	approved_owner_block_route
NumStability.Source.Higham.Chapter19.Sensitivity	NumStability.H19Sensitivity.EconomyQR	public	inductive	1	NumStability.Source.Higham.Chapter19.Sensitivity.Bounds.Results	source	approved_owner_block_route
NumStability.Source.Higham.Chapter19.Sensitivity	NumStability.H19Sensitivity.EconomyQR.casesOn	public	definition	2	NumStability.Source.Higham.Chapter19.Sensitivity.Bounds.Results	source	approved_owner_block_route
NumStability.Source.Higham.Chapter19.Sensitivity	NumStability.H19Sensitivity.EconomyQR.diagonal_nonnegative	public	theorem	3	NumStability.Source.Higham.Chapter19.Sensitivity.Bounds.Results	source	approved_owner_block_route
NumStability.Source.Higham.Chapter19.Sensitivity	NumStability.H19Sensitivity.EconomyQR.factorization	public	theorem	4	NumStability.Source.Higham.Chapter19.Sensitivity.Bounds.Results	source	approved_owner_block_route
NumStability.Source.Higham.Chapter19.Sensitivity	NumStability.H19Sensitivity.EconomyQR.mk	public	constructor	5	NumStability.Source.Higham.Chapter19.Sensitivity.Bounds.Results	source	approved_owner_block_route
NumStability.Source.Higham.Chapter19.Sensitivity	NumStability.H19Sensitivity.EconomyQR.orthonormal	public	theorem	6	NumStability.Source.Higham.Chapter19.Sensitivity.Bounds.Results	source	approved_owner_block_route
NumStability.Source.Higham.Chapter19.Sensitivity	NumStability.H19Sensitivity.EconomyQR.rec	public	recursor	7	NumStability.Source.Higham.Chapter19.Sensitivity.Bounds.Results	source	approved_owner_block_route
NumStability.Source.Higham.Chapter19.Sensitivity	NumStability.H19Sensitivity.EconomyQR.recOn	public	definition	8	NumStability.Source.Higham.Chapter19.Sensitivity.Bounds.Results	source	approved_owner_block_route
NumStability.Source.Higham.Chapter19.Sensitivity	NumStability.H19Sensitivity.EconomyQR.upper	public	theorem	9	NumStability.Source.Higham.Chapter19.Sensitivity.Bounds.Results	source	approved_owner_block_route
NumStability.Source.Higham.Chapter19.Sensitivity	NumStability.H19Sensitivity.StewartLocalSensitivity	public	definition	10	NumStability.Source.Higham.Chapter19.Sensitivity.Bounds.Results	source	approved_owner_block_route
NumStability.Source.Higham.Chapter19.Sensitivity	NumStability.H19Sensitivity.StewartLocalSensitivitySource	public	definition	11	NumStability.Source.Higham.Chapter19.Sensitivity.Bounds.Results	source	approved_owner_block_route
NumStability.Source.Higham.Chapter19.Sensitivity	NumStability.H19Sensitivity.ZhaColumnwiseSensitivity	public	definition	12	NumStability.Source.Higham.Chapter19.Sensitivity.Bounds.Results	source	approved_owner_block_route
NumStability.Source.Higham.Chapter19.Sensitivity	NumStability.H19Sensitivity.ZhaWeightedPerturbation	public	definition	13	NumStability.Source.Higham.Chapter19.Sensitivity.Bounds.Results	source	approved_owner_block_route
NumStability.Source.Higham.Chapter19.Sensitivity	NumStability.H19Sensitivity.add	public	definition	14	NumStability.Source.Higham.Chapter19.Sensitivity.Bounds.Results	source	approved_owner_block_route
NumStability.Source.Higham.Chapter19.Sensitivity	NumStability.H19Sensitivity.deltaR_eq_scaledRVariation_mul	public	theorem	15	NumStability.Source.Higham.Chapter19.Sensitivity.Bounds.Results	source	approved_owner_block_route
NumStability.Source.Higham.Chapter19.Sensitivity	NumStability.H19Sensitivity.deltaR_frobNormRect_le_scaledRVariation_mul_frobNormRect	public	theorem	16	NumStability.Source.Higham.Chapter19.Sensitivity.Bounds.Results	source	approved_owner_block_route
NumStability.Source.Higham.Chapter19.Sensitivity	NumStability.H19Sensitivity.deltaR_rectOpNorm2_le_scaledRVariation_mul_rectOpNorm2	public	theorem	17	NumStability.Source.Higham.Chapter19.Sensitivity.Bounds.Results	source	approved_owner_block_route
NumStability.Source.Higham.Chapter19.Sensitivity	NumStability.H19Sensitivity.diff	public	definition	18	NumStability.Source.Higham.Chapter19.Sensitivity.Bounds.Results	source	approved_owner_block_route
NumStability.Source.Higham.Chapter19.Sensitivity	NumStability.H19Sensitivity.diff_decompose	public	theorem	19	NumStability.Source.Higham.Chapter19.Sensitivity.Bounds.Results	source	approved_owner_block_route
NumStability.Source.Higham.Chapter19.Sensitivity	NumStability.H19Sensitivity.economyQRPseudoinverse	public	definition	20	NumStability.Source.Higham.Chapter19.Sensitivity.Bounds.Results	source	approved_owner_block_route
NumStability.Source.Higham.Chapter19.Sensitivity	NumStability.H19Sensitivity.economyQR_abs_le_abs_factors	public	theorem	21	NumStability.Source.Higham.Chapter19.Sensitivity.Bounds.Results	source	approved_owner_block_route
NumStability.Source.Higham.Chapter19.Sensitivity	NumStability.H19Sensitivity.economyQR_deltaR_upper	public	theorem	22	NumStability.Source.Higham.Chapter19.Sensitivity.Bounds.Results	source	approved_owner_block_route
NumStability.Source.Higham.Chapter19.Sensitivity	NumStability.H19Sensitivity.economyQR_factorVariation_frob_le_forcing_add_scaledR	public	theorem	23	NumStability.Source.Higham.Chapter19.Sensitivity.Bounds.Results	source	approved_owner_block_route
NumStability.Source.Higham.Chapter19.Sensitivity	NumStability.H19Sensitivity.economyQR_normalized_perturbation_factorization	public	theorem	24	NumStability.Source.Higham.Chapter19.Sensitivity.Bounds.Results	source	approved_owner_block_route
NumStability.Source.Higham.Chapter19.Sensitivity	NumStability.H19Sensitivity.economyQR_perturbation_identity	public	theorem	25	NumStability.Source.Higham.Chapter19.Sensitivity.Bounds.Results	source	approved_owner_block_route
NumStability.Source.Higham.Chapter19.Sensitivity	NumStability.H19Sensitivity.economyQR_perturbation_right_inverse_identity	public	theorem	26	NumStability.Source.Higham.Chapter19.Sensitivity.Bounds.Results	source	approved_owner_block_route
NumStability.Source.Higham.Chapter19.Sensitivity	NumStability.H19Sensitivity.economyQR_projectedQVariation_skew_defect	public	theorem	27	NumStability.Source.Higham.Chapter19.Sensitivity.Bounds.Results	source	approved_owner_block_route
NumStability.Source.Higham.Chapter19.Sensitivity	NumStability.H19Sensitivity.economyQR_projected_perturbation_identity	public	theorem	28	NumStability.Source.Higham.Chapter19.Sensitivity.Bounds.Results	source	approved_owner_block_route
NumStability.Source.Higham.Chapter19.Sensitivity	NumStability.H19Sensitivity.economyQR_pseudoinverse_left_inverse	public	theorem	29	NumStability.Source.Higham.Chapter19.Sensitivity.Bounds.Results	source	approved_owner_block_route
NumStability.Source.Higham.Chapter19.Sensitivity	NumStability.H19Sensitivity.economyQR_pseudoinverse_penrose_equations	public	theorem	30	NumStability.Source.Higham.Chapter19.Sensitivity.Bounds.Results	source	approved_owner_block_route
NumStability.Source.Higham.Chapter19.Sensitivity	NumStability.H19Sensitivity.economyQR_pseudoinverse_range_projection_symmetric	public	theorem	31	NumStability.Source.Higham.Chapter19.Sensitivity.Bounds.Results	source	approved_owner_block_route
NumStability.Source.Higham.Chapter19.Sensitivity	NumStability.H19Sensitivity.economyQR_pseudoinverse_rectOpNorm2_eq	public	theorem	32	NumStability.Source.Higham.Chapter19.Sensitivity.Bounds.Results	source	approved_owner_block_route
NumStability.Source.Higham.Chapter19.Sensitivity	NumStability.H19Sensitivity.economyQR_scaledRVariation_frob_quadratic_majorant	public	theorem	33	NumStability.Source.Higham.Chapter19.Sensitivity.Bounds.Results	source	approved_owner_block_route
NumStability.Source.Higham.Chapter19.Sensitivity	NumStability.H19Sensitivity.economyQR_scaledRVariation_gram_identity	public	theorem	34	NumStability.Source.Higham.Chapter19.Sensitivity.Bounds.Results	source	approved_owner_block_route
NumStability.Source.Higham.Chapter19.Sensitivity	NumStability.H19Sensitivity.economyQR_scaledRVariation_upper	public	theorem	35	NumStability.Source.Higham.Chapter19.Sensitivity.Bounds.Results	source	approved_owner_block_route
NumStability.Source.Higham.Chapter19.Sensitivity	NumStability.H19Sensitivity.economyQR_upper_skew_entry_split	public	theorem	36	NumStability.Source.Higham.Chapter19.Sensitivity.Bounds.Results	source	approved_owner_block_route
NumStability.Source.Higham.Chapter19.Sensitivity	NumStability.H19Sensitivity.frobNormRect_eq_sqrt_nat_of_orthonormal	public	theorem	37	NumStability.Source.Higham.Chapter19.Sensitivity.Bounds.Results	source	approved_owner_block_route
NumStability.Source.Higham.Chapter19.Sensitivity	NumStability.H19Sensitivity.frobNormSqRect_eq_nat_of_orthonormal	public	theorem	38	NumStability.Source.Higham.Chapter19.Sensitivity.Bounds.Results	source	approved_owner_block_route
NumStability.Source.Higham.Chapter19.Sensitivity	NumStability.H19Sensitivity.higham19_eq19_37_absorbed	public	theorem	39	NumStability.Source.Higham.Chapter19.Sensitivity.Bounds.Results	source	approved_owner_block_route
NumStability.Source.Higham.Chapter19.Sensitivity	NumStability.H19Sensitivity.higham19_eq19_37_of_zha_and_formedQ	public	theorem	40	NumStability.Source.Higham.Chapter19.Sensitivity.Bounds.Results	source	approved_owner_block_route
NumStability.Source.Higham.Chapter19.Sensitivity	NumStability.H19Sensitivity.normalizedGramForcing	public	definition	41	NumStability.Source.Higham.Chapter19.Sensitivity.Bounds.Results	source	approved_owner_block_route
NumStability.Source.Higham.Chapter19.Sensitivity	NumStability.H19Sensitivity.projectedForcing	public	definition	42	NumStability.Source.Higham.Chapter19.Sensitivity.Bounds.Results	source	approved_owner_block_route
NumStability.Source.Higham.Chapter19.Sensitivity	NumStability.H19Sensitivity.projectedQVariation	public	definition	43	NumStability.Source.Higham.Chapter19.Sensitivity.Bounds.Results	source	approved_owner_block_route
NumStability.Source.Higham.Chapter19.Sensitivity	NumStability.H19Sensitivity.rectOpNorm2_le_of_rectOpNorm2Le	public	theorem	44	NumStability.Source.Higham.Chapter19.Sensitivity.Bounds.Results	source	approved_owner_block_route
NumStability.Source.Higham.Chapter19.Sensitivity	NumStability.H19Sensitivity.scaledRVariation	public	definition	45	NumStability.Source.Higham.Chapter19.Sensitivity.Bounds.Results	source	approved_owner_block_route
NumStability.Source.Higham.Chapter19.Sensitivity	NumStability.H19Sensitivity.stewart_forcing_frobNormRect_le	public	theorem	46	NumStability.Source.Higham.Chapter19.Sensitivity.Bounds.Results	source	approved_owner_block_route
NumStability.Source.Higham.Chapter19.Sensitivity	NumStability.H19Sensitivity.stewart_projectedForcing_frobNormRect_le	public	theorem	47	NumStability.Source.Higham.Chapter19.Sensitivity.Bounds.Results	source	approved_owner_block_route
NumStability.Source.Higham.Chapter19.Sensitivity	NumStability.H19Sensitivity.stewart_projectedForcing_relative_le	public	theorem	48	NumStability.Source.Higham.Chapter19.Sensitivity.Bounds.Results	source	approved_owner_block_route
NumStability.Source.Higham.Chapter19.Sensitivity	NumStability.H19Sensitivity.upper_inverse_of_isInverse	public	theorem	49	NumStability.Source.Higham.Chapter19.Sensitivity.Bounds.Results	source	approved_owner_block_route
NumStability.Source.Higham.Chapter19.Sensitivity	NumStability.H19Sensitivity.upper_rectMatMul_of_upper	public	theorem	50	NumStability.Source.Higham.Chapter19.Sensitivity.Bounds.Results	source	approved_owner_block_route
NumStability.Source.Higham.Chapter19.Sensitivity	NumStability.H19Sensitivity.zhaConditionMatrix	public	definition	51	NumStability.Source.Higham.Chapter19.Sensitivity.Bounds.Results	source	approved_owner_block_route
NumStability.Source.Higham.Chapter19.Sensitivity	NumStability.H19Sensitivity.zhaWeightedPerturbation_mul_right_inverse_abs_le	public	theorem	52	NumStability.Source.Higham.Chapter19.Sensitivity.Bounds.Results	source	approved_owner_block_route
NumStability.Source.Higham.Chapter19.Sensitivity	NumStability.H19Sensitivity.zha_forcing_frobNormRect_le_of_source	public	theorem	53	NumStability.Source.Higham.Chapter19.Sensitivity.Bounds.Results	source	approved_owner_block_route
NumStability.Source.Higham.Chapter19.Sensitivity	NumStability.H19Sensitivity.zha_forcing_rectOpNorm2Le	public	theorem	54	NumStability.Source.Higham.Chapter19.Sensitivity.Bounds.Results	source	approved_owner_block_route
NumStability.Source.Higham.Chapter19.Sensitivity	NumStability.H19Sensitivity.zha_forcing_rectOpNorm2_le_of_source	public	theorem	55	NumStability.Source.Higham.Chapter19.Sensitivity.Bounds.Results	source	approved_owner_block_route
NumStability.Source.Higham.Chapter19.Sensitivity	NumStability.H19Sensitivity.zha_projectedForcing_rectOpNorm2Le	public	theorem	56	NumStability.Source.Higham.Chapter19.Sensitivity.Bounds.Results	source	approved_owner_block_route
NumStability.Source.Higham.Chapter19.Sensitivity	NumStability.H19Sensitivity.zha_projectedForcing_rectOpNorm2_le_of_source	public	theorem	57	NumStability.Source.Higham.Chapter19.Sensitivity.Bounds.Results	source	approved_owner_block_route
NumStability.Source.Higham.Chapter19.Sensitivity	_private.NumStability.Source.Higham.Chapter19.Sensitivity.0.NumStability.H19Sensitivity.rectMatMul_mono_left	private	theorem	58	NumStability.Source.Higham.Chapter19.Sensitivity.Bounds.Results	source	approved_owner_block_route
NumStability.Source.Higham.Chapter19.Sensitivity	_private.NumStability.Source.Higham.Chapter19.Sensitivity.0.NumStability.H19Sensitivity.rectMatMul_mono_right	private	theorem	59	NumStability.Source.Higham.Chapter19.Sensitivity.Bounds.Results	source	approved_owner_block_route
NumStability.Source.Higham.Chapter19.StoredLoop	NumStability.H19_Theorem19_13_firstPivot_storedLoopPerturbation_frobNorm_le	public	theorem	1	NumStability.Source.Higham.Chapter19.StoredLoop.Perturbation.Bridge	source	approved_owner_block_route
NumStability.Source.Higham.Chapter19.StoredLoop	NumStability.H19_Theorem19_13_firstPivot_storedPanelStep_eq_applyMatrixRect_add_perturbation	public	theorem	2	NumStability.Source.Higham.Chapter19.StoredLoop.Perturbation.Bridge	source	approved_owner_block_route
NumStability.Source.Higham.Chapter19.StoredLoop	NumStability.H19_Theorem19_13_storedLoopPerturbation_entry	public	theorem	3	NumStability.Source.Higham.Chapter19.StoredLoop.Perturbation.Bridge	source	approved_owner_block_route
NumStability.Source.Higham.Chapter19.StoredLoop	NumStability.H19_Theorem19_13_storedLoopPerturbation_frobNorm_le	public	theorem	4	NumStability.Source.Higham.Chapter19.StoredLoop.Perturbation.Bridge	source	approved_owner_block_route
NumStability.Source.Higham.Chapter19.StoredLoop	NumStability.H19_Theorem19_13_storedLoopPerturbation_support	public	theorem	5	NumStability.Source.Higham.Chapter19.StoredLoop.Perturbation.Bridge	source	approved_owner_block_route
NumStability.Source.Higham.Chapter19.StoredLoop	NumStability.H19_Theorem19_13_storedPanelStep_eq_applyMatrixRect_add_perturbation	public	theorem	6	NumStability.Source.Higham.Chapter19.StoredLoop.Perturbation.Bridge	source	approved_owner_block_route
NumStability.Source.Higham.Chapter19.StoredLoop	NumStability.storageDiscardComparison	public	definition	7	NumStability.Source.Higham.Chapter19.StoredLoop.Perturbation.Bridge	source	approved_owner_block_route
NumStability.Source.Higham.Chapter19.StoredLoop	NumStability.storedLoopPerturbation	public	definition	8	NumStability.Source.Higham.Chapter19.StoredLoop.Perturbation.Bridge	source	approved_owner_block_route
