baseline_owner_module	baseline_declaration_name	visibility	kind	baseline_order	destination_module	route_class	normalization_decision
NumStability.Source.Higham.Chapter19.Core	H19.Algorithm19_11.State	public	definition	1	NumStability.Source.Higham.Chapter19.Core	source_retained_outlier	approved_retained_outlier
NumStability.Source.Higham.Chapter19.Core	H19.Algorithm19_11.residual	public	definition	2	NumStability.Source.Higham.Chapter19.Core	source_retained_outlier	approved_retained_outlier
NumStability.Source.Higham.Chapter19.Core	H19.Algorithm19_12.State	public	definition	3	NumStability.Source.Higham.Chapter19.Core	source_retained_outlier	approved_retained_outlier
NumStability.Source.Higham.Chapter19.Core	H19.Algorithm19_12.computedQ	public	definition	4	NumStability.Source.Higham.Chapter19.Core	source_retained_outlier	approved_retained_outlier
NumStability.Source.Higham.Chapter19.Core	H19.Algorithm19_12.computedQ_column_norm_sq	public	theorem	5	NumStability.Source.Higham.Chapter19.Core	source_retained_outlier	approved_retained_outlier
NumStability.Source.Higham.Chapter19.Core	H19.Algorithm19_12.computedQ_stage_self_dot	public	theorem	6	NumStability.Source.Higham.Chapter19.Core	source_retained_outlier	approved_retained_outlier
NumStability.Source.Higham.Chapter19.Core	H19.Algorithm19_12.computedR	public	definition	7	NumStability.Source.Higham.Chapter19.Core	source_retained_outlier	approved_retained_outlier
NumStability.Source.Higham.Chapter19.Core	H19.Algorithm19_12.computedR_upper_trapezoidal	public	theorem	8	NumStability.Source.Higham.Chapter19.Core	source_retained_outlier	approved_retained_outlier
NumStability.Source.Higham.Chapter19.Core	H19.Algorithm19_12.exact_factorization	public	theorem	9	NumStability.Source.Higham.Chapter19.Core	source_retained_outlier	approved_retained_outlier
NumStability.Source.Higham.Chapter19.Core	H19.Algorithm19_12.exact_product_factorization	public	theorem	10	NumStability.Source.Higham.Chapter19.Core	source_retained_outlier	approved_retained_outlier
NumStability.Source.Higham.Chapter19.Core	H19.Algorithm19_12.exact_state	public	theorem	11	NumStability.Source.Higham.Chapter19.Core	source_retained_outlier	approved_retained_outlier
NumStability.Source.Higham.Chapter19.Core	H19.Algorithm19_12.sourceStage	public	definition	12	NumStability.Source.Higham.Chapter19.Core	source_retained_outlier	approved_retained_outlier
NumStability.Source.Higham.Chapter19.Core	H19.Algorithm19_12.sourceStage_current_recombine	public	theorem	13	NumStability.Source.Higham.Chapter19.Core	source_retained_outlier	approved_retained_outlier
NumStability.Source.Higham.Chapter19.Core	H19.Algorithm19_12.sourceStage_initial_matrix_recurrence	public	theorem	14	NumStability.Source.Higham.Chapter19.Core	source_retained_outlier	approved_retained_outlier
NumStability.Source.Higham.Chapter19.Core	H19.Algorithm19_12.sourceStage_later_recombine	public	theorem	15	NumStability.Source.Higham.Chapter19.Core	source_retained_outlier	approved_retained_outlier
NumStability.Source.Higham.Chapter19.Core	H19.Algorithm19_12.sourceStage_matrix_recurrence	public	theorem	16	NumStability.Source.Higham.Chapter19.Core	source_retained_outlier	approved_retained_outlier
NumStability.Source.Higham.Chapter19.Core	H19.Algorithm19_12.stageVectors	public	definition	17	NumStability.Source.Higham.Chapter19.Core	source_retained_outlier	approved_retained_outlier
NumStability.Source.Higham.Chapter19.Core	H19.Algorithm19_12.stageVectors_succ_later	public	theorem	18	NumStability.Source.Higham.Chapter19.Core	source_retained_outlier	approved_retained_outlier
NumStability.Source.Higham.Chapter19.Core	H19.Algorithm19_12.stepR	public	definition	19	NumStability.Source.Higham.Chapter19.Core	source_retained_outlier	approved_retained_outlier
NumStability.Source.Higham.Chapter19.Core	H19.Algorithm19_12.stepRProduct	public	definition	20	NumStability.Source.Higham.Chapter19.Core	source_retained_outlier	approved_retained_outlier
NumStability.Source.Higham.Chapter19.Core	H19.Algorithm19_12.stepRProduct_eq_computedR	public	theorem	21	NumStability.Source.Higham.Chapter19.Core	source_retained_outlier	approved_retained_outlier
NumStability.Source.Higham.Chapter19.Core	H19.Algorithm19_12.stepR_upper_trapezoidal	public	theorem	22	NumStability.Source.Higham.Chapter19.Core	source_retained_outlier	approved_retained_outlier
NumStability.Source.Higham.Chapter19.Core	H19.Problem19_1.IsComplexRightEigenpair	public	definition	23	NumStability.Source.Higham.Chapter19.Core	source_retained_outlier	approved_retained_outlier
NumStability.Source.Higham.Chapter19.Core	H19.Problem19_1.complexMatMulVec	public	definition	24	NumStability.Source.Higham.Chapter19.Core	source_retained_outlier	approved_retained_outlier
NumStability.Source.Higham.Chapter19.Core	H19.Problem19_1.complexMatMulVec_givens_other	public	theorem	25	NumStability.Source.Higham.Chapter19.Core	source_retained_outlier	approved_retained_outlier
NumStability.Source.Higham.Chapter19.Core	H19.Problem19_1.complexMatMulVec_givens_p	public	theorem	26	NumStability.Source.Higham.Chapter19.Core	source_retained_outlier	approved_retained_outlier
NumStability.Source.Higham.Chapter19.Core	H19.Problem19_1.complexMatMulVec_givens_q	public	theorem	27	NumStability.Source.Higham.Chapter19.Core	source_retained_outlier	approved_retained_outlier
NumStability.Source.Higham.Chapter19.Core	H19.Problem19_1.givensComplexEigenvalueMinus	public	definition	28	NumStability.Source.Higham.Chapter19.Core	source_retained_outlier	approved_retained_outlier
NumStability.Source.Higham.Chapter19.Core	H19.Problem19_1.givensComplexEigenvaluePlus	public	definition	29	NumStability.Source.Higham.Chapter19.Core	source_retained_outlier	approved_retained_outlier
NumStability.Source.Higham.Chapter19.Core	H19.Problem19_1.givensComplexEigenvectorMinus	public	definition	30	NumStability.Source.Higham.Chapter19.Core	source_retained_outlier	approved_retained_outlier
NumStability.Source.Higham.Chapter19.Core	H19.Problem19_1.givensComplexEigenvectorPlus	public	definition	31	NumStability.Source.Higham.Chapter19.Core	source_retained_outlier	approved_retained_outlier
NumStability.Source.Higham.Chapter19.Core	H19.Problem19_1.givens_active_plane_action	public	theorem	32	NumStability.Source.Higham.Chapter19.Core	source_retained_outlier	approved_retained_outlier
NumStability.Source.Higham.Chapter19.Core	H19.Problem19_1.givens_complex_eigenpair_minus	public	theorem	33	NumStability.Source.Higham.Chapter19.Core	source_retained_outlier	approved_retained_outlier
NumStability.Source.Higham.Chapter19.Core	H19.Problem19_1.givens_complex_eigenpair_plus	public	theorem	34	NumStability.Source.Higham.Chapter19.Core	source_retained_outlier	approved_retained_outlier
NumStability.Source.Higham.Chapter19.Core	H19.Problem19_1.givens_mul_fixed_of_zero_pair	public	theorem	35	NumStability.Source.Higham.Chapter19.Core	source_retained_outlier	approved_retained_outlier
NumStability.Source.Higham.Chapter19.Core	H19.Problem19_1.householder_mul_defining_vector_neg	public	theorem	36	NumStability.Source.Higham.Chapter19.Core	source_retained_outlier	approved_retained_outlier
NumStability.Source.Higham.Chapter19.Core	H19.Problem19_1.householder_mul_orthogonal_vector	public	theorem	37	NumStability.Source.Higham.Chapter19.Core	source_retained_outlier	approved_retained_outlier
NumStability.Source.Higham.Chapter19.Core	H19.Problem19_8.OrthonormalFamily	public	definition	38	NumStability.Source.Higham.Chapter19.Core	source_retained_outlier	approved_retained_outlier
NumStability.Source.Higham.Chapter19.Core	H19.Problem19_8.gsDot_projectionCombination_eq_zero_of_left_orthogonal	public	theorem	39	NumStability.Source.Higham.Chapter19.Core	source_retained_outlier	approved_retained_outlier
NumStability.Source.Higham.Chapter19.Core	H19.Problem19_8.gsDot_sub_projectionCombination_of_left_orthogonal	public	theorem	40	NumStability.Source.Higham.Chapter19.Core	source_retained_outlier	approved_retained_outlier
NumStability.Source.Higham.Chapter19.Core	H19.Problem19_8.projectionCombination	public	definition	41	NumStability.Source.Higham.Chapter19.Core	source_retained_outlier	approved_retained_outlier
NumStability.Source.Higham.Chapter19.Core	H19.Problem19_8.projectionCombination_succ_last	public	theorem	42	NumStability.Source.Higham.Chapter19.Core	source_retained_outlier	approved_retained_outlier
NumStability.Source.Higham.Chapter19.Core	H19.Problem19_8.projectionRemovalProduct	public	definition	43	NumStability.Source.Higham.Chapter19.Core	source_retained_outlier	approved_retained_outlier
NumStability.Source.Higham.Chapter19.Core	H19.Problem19_8.projectionRemovalProduct_eq_id_sub_projection_sum	public	theorem	44	NumStability.Source.Higham.Chapter19.Core	source_retained_outlier	approved_retained_outlier
NumStability.Source.Higham.Chapter19.Core	H19.Theorem19_10.GivensQRBackwardError	public	inductive	45	NumStability.Source.Higham.Chapter19.Core	source_retained_outlier	approved_retained_outlier
NumStability.Source.Higham.Chapter19.Core	H19.Theorem19_10.GivensQRBackwardError.casesOn	public	definition	46	NumStability.Source.Higham.Chapter19.Core	source_retained_outlier	approved_retained_outlier
NumStability.Source.Higham.Chapter19.Core	H19.Theorem19_10.GivensQRBackwardError.mk	public	constructor	47	NumStability.Source.Higham.Chapter19.Core	source_retained_outlier	approved_retained_outlier
NumStability.Source.Higham.Chapter19.Core	H19.Theorem19_10.GivensQRBackwardError.orth	public	theorem	48	NumStability.Source.Higham.Chapter19.Core	source_retained_outlier	approved_retained_outlier
NumStability.Source.Higham.Chapter19.Core	H19.Theorem19_10.GivensQRBackwardError.rec	public	recursor	49	NumStability.Source.Higham.Chapter19.Core	source_retained_outlier	approved_retained_outlier
NumStability.Source.Higham.Chapter19.Core	H19.Theorem19_10.GivensQRBackwardError.recOn	public	definition	50	NumStability.Source.Higham.Chapter19.Core	source_retained_outlier	approved_retained_outlier
NumStability.Source.Higham.Chapter19.Core	H19.Theorem19_10.GivensQRBackwardError.result	public	theorem	51	NumStability.Source.Higham.Chapter19.Core	source_retained_outlier	approved_retained_outlier
NumStability.Source.Higham.Chapter19.Core	H19.Theorem19_10.GivensQRBackwardError.upper	public	theorem	52	NumStability.Source.Higham.Chapter19.Core	source_retained_outlier	approved_retained_outlier
NumStability.Source.Higham.Chapter19.Core	H19.Theorem19_10.eq19_25_columnwise_perturbation_bound	public	theorem	53	NumStability.Source.Higham.Chapter19.Core	source_retained_outlier	approved_retained_outlier
NumStability.Source.Higham.Chapter19.Core	H19.Theorem19_10.eq19_25_gamma_tilde_eq_concrete_staged_coefficient	public	theorem	54	NumStability.Source.Higham.Chapter19.Core	source_retained_outlier	approved_retained_outlier
NumStability.Source.Higham.Chapter19.Core	H19.Theorem19_10.eq19_25_givens_qr_backward_error	public	theorem	55	NumStability.Source.Higham.Chapter19.Core	source_retained_outlier	approved_retained_outlier
NumStability.Source.Higham.Chapter19.Core	H19.Theorem19_10.gamma_tilde	public	definition	56	NumStability.Source.Higham.Chapter19.Core	source_retained_outlier	approved_retained_outlier
NumStability.Source.Higham.Chapter19.Core	H19.Theorem19_10.givens_qr_backward_error	public	theorem	57	NumStability.Source.Higham.Chapter19.Core	source_retained_outlier	approved_retained_outlier
NumStability.Source.Higham.Chapter19.Core	H19.Theorem19_13.MGSQRBounds	public	definition	58	NumStability.Source.Higham.Chapter19.Core	source_retained_outlier	approved_retained_outlier
NumStability.Source.Higham.Chapter19.Core	H19.Theorem19_13.Problem1912CSDiagonalFactorData	public	definition	59	NumStability.Source.Higham.Chapter19.Core	source_retained_outlier	approved_retained_outlier
NumStability.Source.Higham.Chapter19.Core	H19.Theorem19_13.Problem1912CSPolarInput	public	definition	60	NumStability.Source.Higham.Chapter19.Core	source_retained_outlier	approved_retained_outlier
NumStability.Source.Higham.Chapter19.Core	H19.Theorem19_13.Problem1912CorrectionMap	public	definition	61	NumStability.Source.Higham.Chapter19.Core	source_retained_outlier	approved_retained_outlier
NumStability.Source.Higham.Chapter19.Core	H19.Theorem19_13.Problem1912CorrectionMapData	public	definition	62	NumStability.Source.Higham.Chapter19.Core	source_retained_outlier	approved_retained_outlier
NumStability.Source.Higham.Chapter19.Core	H19.Theorem19_13.Problem1912FullPositivePolarBridgeT	public	definition	63	NumStability.Source.Higham.Chapter19.Core	source_retained_outlier	approved_retained_outlier
NumStability.Source.Higham.Chapter19.Core	H19.Theorem19_13.Problem1912PolarFactorData	public	definition	64	NumStability.Source.Higham.Chapter19.Core	source_retained_outlier	approved_retained_outlier
NumStability.Source.Higham.Chapter19.Core	H19.Theorem19_13.Problem1912RightGramPolarBridgeT	public	definition	65	NumStability.Source.Higham.Chapter19.Core	source_retained_outlier	approved_retained_outlier
NumStability.Source.Higham.Chapter19.Core	H19.Theorem19_13.Problem1912RightGramPolarH	public	definition	66	NumStability.Source.Higham.Chapter19.Core	source_retained_outlier	approved_retained_outlier
NumStability.Source.Higham.Chapter19.Core	H19.Theorem19_13.Problem1912RightGramPolarQFull	public	definition	67	NumStability.Source.Higham.Chapter19.Core	source_retained_outlier	approved_retained_outlier
NumStability.Source.Higham.Chapter19.Core	H19.Theorem19_13.Problem1912RightGramPolarQZeroSafe	public	definition	68	NumStability.Source.Higham.Chapter19.Core	source_retained_outlier	approved_retained_outlier
NumStability.Source.Higham.Chapter19.Core	H19.Theorem19_13.Problem1912RightGramPolarResolvent	public	definition	69	NumStability.Source.Higham.Chapter19.Core	source_retained_outlier	approved_retained_outlier
NumStability.Source.Higham.Chapter19.Core	H19.Theorem19_13.QRSensitivityBridge	public	definition	70	NumStability.Source.Higham.Chapter19.Core	source_retained_outlier	approved_retained_outlier
NumStability.Source.Higham.Chapter19.Core	H19.Theorem19_13.QRSensitivitySourceOutput	public	definition	71	NumStability.Source.Higham.Chapter19.Core	source_retained_outlier	approved_retained_outlier
NumStability.Source.Higham.Chapter19.Core	H19.Theorem19_13.bottomPerturbationColumnNorm_le_stacked	public	theorem	72	NumStability.Source.Higham.Chapter19.Core	source_retained_outlier	approved_retained_outlier
NumStability.Source.Higham.Chapter19.Core	H19.Theorem19_13.bottomPerturbation_columnFrob_le_of_stackedColumnwiseBound	public	theorem	73	NumStability.Source.Higham.Chapter19.Core	source_retained_outlier	approved_retained_outlier
NumStability.Source.Higham.Chapter19.Core	H19.Theorem19_13.bottomPerturbation_frobNormRect_le_of_stackedColumnwiseBound	public	theorem	74	NumStability.Source.Higham.Chapter19.Core	source_retained_outlier	approved_retained_outlier
NumStability.Source.Higham.Chapter19.Core	H19.Theorem19_13.bottomPerturbation_rectOpNorm2Le_of_stackedColumnwiseBound	public	theorem	75	NumStability.Source.Higham.Chapter19.Core	source_retained_outlier	approved_retained_outlier
NumStability.Source.Higham.Chapter19.Core	H19.Theorem19_13.columnFrob_paddedFinInput	public	theorem	76	NumStability.Source.Higham.Chapter19.Core	source_retained_outlier	approved_retained_outlier
NumStability.Source.Higham.Chapter19.Core	H19.Theorem19_13.commonR_difference_eq_perturbation_difference_mul_right_inverse	public	theorem	77	NumStability.Source.Higham.Chapter19.Core	source_retained_outlier	approved_retained_outlier
NumStability.Source.Higham.Chapter19.Core	H19.Theorem19_13.commonR_difference_product_eq_perturbation_difference	public	theorem	78	NumStability.Source.Higham.Chapter19.Core	source_retained_outlier	approved_retained_outlier
NumStability.Source.Higham.Chapter19.Core	H19.Theorem19_13.commonR_difference_rectOpNorm2Le_of_perturbation_bounds_mul_right_inverse	public	theorem	79	NumStability.Source.Higham.Chapter19.Core	source_retained_outlier	approved_retained_outlier
NumStability.Source.Higham.Chapter19.Core	H19.Theorem19_13.commonR_difference_rectOpNorm2Le_of_perturbation_difference_mul_right_inverse	public	theorem	80	NumStability.Source.Higham.Chapter19.Core	source_retained_outlier	approved_retained_outlier
NumStability.Source.Higham.Chapter19.Core	H19.Theorem19_13.compact_condition_radius_budget_of_coefficient_budget	public	theorem	81	NumStability.Source.Higham.Chapter19.Core	source_retained_outlier	approved_retained_outlier
NumStability.Source.Higham.Chapter19.Core	H19.Theorem19_13.compact_inverse_budget_of_condition_budget	public	theorem	82	NumStability.Source.Higham.Chapter19.Core	source_retained_outlier	approved_retained_outlier
NumStability.Source.Higham.Chapter19.Core	H19.Theorem19_13.divDoubledFPModel	public	definition	83	NumStability.Source.Higham.Chapter19.Core	source_retained_outlier	approved_retained_outlier
NumStability.Source.Higham.Chapter19.Core	H19.Theorem19_13.finTwoZeroPrefix	public	definition	84	NumStability.Source.Higham.Chapter19.Core	source_retained_outlier	approved_retained_outlier
NumStability.Source.Higham.Chapter19.Core	H19.Theorem19_13.fin_foldl_add_eq_add_sum	public	theorem	85	NumStability.Source.Higham.Chapter19.Core	source_retained_outlier	approved_retained_outlier
NumStability.Source.Higham.Chapter19.Core	H19.Theorem19_13.fin_sum_sq_zero_cons_zero_cons	public	theorem	86	NumStability.Source.Higham.Chapter19.Core	source_retained_outlier	approved_retained_outlier
NumStability.Source.Higham.Chapter19.Core	H19.Theorem19_13.fin_sum_sq_zero_cons_zero_cons_zero_cons	public	theorem	87	NumStability.Source.Higham.Chapter19.Core	source_retained_outlier	approved_retained_outlier
NumStability.Source.Higham.Chapter19.Core	H19.Theorem19_13.firstArgTwoMulFPModel	public	definition	88	NumStability.Source.Higham.Chapter19.Core	source_retained_outlier	approved_retained_outlier
NumStability.Source.Higham.Chapter19.Core	H19.Theorem19_13.firstStoredPanelStep_eq_panelFromTopAndTrailing_applyMatrixRect	public	theorem	89	NumStability.Source.Higham.Chapter19.Core	source_retained_outlier	approved_retained_outlier
NumStability.Source.Higham.Chapter19.Core	H19.Theorem19_13.firstStoredPanelStep_fl_householderNormalizedVector_eq_signedActiveBetaSpec_of_alpha_eq_fl_householderAlpha_of_exact_add_mul_div_sqrt	public	theorem	90	NumStability.Source.Higham.Chapter19.Core	source_retained_outlier	approved_retained_outlier
NumStability.Source.Higham.Chapter19.Core	H19.Theorem19_13.firstStoredPanelStep_fl_householderNormalizedVector_eq_signedActiveBetaSpec_of_alpha_eq_fl_householderAlpha_of_first_leadingBlock_det_ne_zero_exact_add_mul_div_sqrt	public	theorem	91	NumStability.Source.Higham.Chapter19.Core	source_retained_outlier	approved_retained_outlier
NumStability.Source.Higham.Chapter19.Core	H19.Theorem19_13.firstStoredPanelStep_fl_householderNormalizedVector_eq_signedActiveBetaSpec_of_alpha_eq_fl_householderAlpha_of_first_leadingBlock_det_ne_zero_updateCompatible_exact_add_mul_div_sqrt	public	theorem	92	NumStability.Source.Higham.Chapter19.Core	source_retained_outlier	approved_retained_outlier
NumStability.Source.Higham.Chapter19.Core	H19.Theorem19_13.firstStoredPanelStep_fl_householderNormalizedVector_eq_signedActiveBetaSpec_of_alpha_eq_fl_householderAlpha_of_updateCompatible_exact_add_mul_div_sqrt	public	theorem	93	NumStability.Source.Higham.Chapter19.Core	source_retained_outlier	approved_retained_outlier
NumStability.Source.Higham.Chapter19.Core	H19.Theorem19_13.firstStoredPanelStep_fl_householderNormalizedVector_eq_signedActiveBetaSpec_of_alpha_eq_householderAlpha_of_exact_add_mul_div_sqrt	public	theorem	94	NumStability.Source.Higham.Chapter19.Core	source_retained_outlier	approved_retained_outlier
NumStability.Source.Higham.Chapter19.Core	H19.Theorem19_13.firstStoredPanelStep_fl_householderNormalizedVector_eq_signedActiveBetaSpec_of_alpha_eq_householderAlpha_of_first_leadingBlock_det_ne_zero_exact_add_mul_div_sqrt	public	theorem	95	NumStability.Source.Higham.Chapter19.Core	source_retained_outlier	approved_retained_outlier
NumStability.Source.Higham.Chapter19.Core	H19.Theorem19_13.firstStoredPanelStep_fl_householderNormalizedVector_eq_signedActiveBetaSpec_of_alpha_eq_householderAlpha_of_first_leadingBlock_det_ne_zero_updateCompatible_exact_add_mul_div_sqrt	public	theorem	96	NumStability.Source.Higham.Chapter19.Core	source_retained_outlier	approved_retained_outlier
NumStability.Source.Higham.Chapter19.Core	H19.Theorem19_13.firstStoredPanelStep_fl_householderNormalizedVector_eq_signedActiveBetaSpec_of_alpha_eq_householderAlpha_of_updateCompatible_exact_add_mul_div_sqrt	public	theorem	97	NumStability.Source.Higham.Chapter19.Core	source_retained_outlier	approved_retained_outlier
NumStability.Source.Higham.Chapter19.Core	H19.Theorem19_13.firstStoredPanelStep_normalized_betaSpec_eq_panelFromTopAndTrailing_exactWithUnitRoundoff	public	theorem	98	NumStability.Source.Higham.Chapter19.Core	source_retained_outlier	approved_retained_outlier
NumStability.Source.Higham.Chapter19.Core	H19.Theorem19_13.firstStoredPanelStep_normalized_betaSpec_eq_panelFromTopAndTrailing_of_exact_add_mul	public	theorem	99	NumStability.Source.Higham.Chapter19.Core	source_retained_outlier	approved_retained_outlier
NumStability.Source.Higham.Chapter19.Core	H19.Theorem19_13.firstStoredPanelStep_normalized_betaSpec_eq_panelFromTopAndTrailing_of_exact_dotProduct_and_mul	public	theorem	100	NumStability.Source.Higham.Chapter19.Core	source_retained_outlier	approved_retained_outlier
NumStability.Source.Higham.Chapter19.Core	H19.Theorem19_13.firstStoredPanelStep_normalized_betaSpec_eq_panelFromTopAndTrailing_of_updateCompatible	public	theorem	101	NumStability.Source.Higham.Chapter19.Core	source_retained_outlier	approved_retained_outlier
NumStability.Source.Higham.Chapter19.Core	H19.Theorem19_13.firstTwoTailNormalizedFacts_not_forall_from_tail_vector_eq_FPModel	public	theorem	102	NumStability.Source.Higham.Chapter19.Core	source_retained_outlier	approved_retained_outlier
NumStability.Source.Higham.Chapter19.Core	H19.Theorem19_13.fl_dotProduct_eq_sum_of_exact_add_mul	public	theorem	103	NumStability.Source.Higham.Chapter19.Core	source_retained_outlier	approved_retained_outlier
NumStability.Source.Higham.Chapter19.Core	H19.Theorem19_13.fl_dotProduct_exactWithUnitRoundoff_eq_sum	public	theorem	104	NumStability.Source.Higham.Chapter19.Core	source_retained_outlier	approved_retained_outlier
NumStability.Source.Higham.Chapter19.Core	H19.Theorem19_13.fl_dotProduct_zero_cons	public	theorem	105	NumStability.Source.Higham.Chapter19.Core	source_retained_outlier	approved_retained_outlier
NumStability.Source.Higham.Chapter19.Core	H19.Theorem19_13.fl_dotProduct_zero_cons_any	public	theorem	106	NumStability.Source.Higham.Chapter19.Core	source_retained_outlier	approved_retained_outlier
NumStability.Source.Higham.Chapter19.Core	H19.Theorem19_13.fl_householderApplyCompactPanel_normalized_betaSpec_eq_exactWithUnitRoundoff	public	theorem	107	NumStability.Source.Higham.Chapter19.Core	source_retained_outlier	approved_retained_outlier
NumStability.Source.Higham.Chapter19.Core	H19.Theorem19_13.fl_householderApplyCompactPanel_normalized_betaSpec_eq_of_exact_add_mul	public	theorem	108	NumStability.Source.Higham.Chapter19.Core	source_retained_outlier	approved_retained_outlier
NumStability.Source.Higham.Chapter19.Core	H19.Theorem19_13.fl_householderApplyCompactPanel_normalized_betaSpec_eq_of_exact_dotProduct_and_mul	public	theorem	109	NumStability.Source.Higham.Chapter19.Core	source_retained_outlier	approved_retained_outlier
NumStability.Source.Higham.Chapter19.Core	H19.Theorem19_13.fl_householderApplyCompactPanel_normalized_betaSpec_eq_of_updateCompatible	public	theorem	110	NumStability.Source.Higham.Chapter19.Core	source_retained_outlier	approved_retained_outlier
NumStability.Source.Higham.Chapter19.Core	H19.Theorem19_13.fl_householderApplyCompact_normalized_betaSpec_eq_exactWithUnitRoundoff	public	theorem	111	NumStability.Source.Higham.Chapter19.Core	source_retained_outlier	approved_retained_outlier
NumStability.Source.Higham.Chapter19.Core	H19.Theorem19_13.fl_householderApplyCompact_normalized_betaSpec_eq_of_exact_add_mul	public	theorem	112	NumStability.Source.Higham.Chapter19.Core	source_retained_outlier	approved_retained_outlier
NumStability.Source.Higham.Chapter19.Core	H19.Theorem19_13.fl_householderApplyCompact_normalized_betaSpec_eq_of_exact_dotProduct_and_mul	public	theorem	113	NumStability.Source.Higham.Chapter19.Core	source_retained_outlier	approved_retained_outlier
NumStability.Source.Higham.Chapter19.Core	H19.Theorem19_13.fl_householderApplyCompact_normalized_betaSpec_eq_of_updateCompatible	public	theorem	114	NumStability.Source.Higham.Chapter19.Core	source_retained_outlier	approved_retained_outlier
NumStability.Source.Higham.Chapter19.Core	H19.Theorem19_13.fl_householderApplyCompact_zero_cons_tail	public	theorem	115	NumStability.Source.Higham.Chapter19.Core	source_retained_outlier	approved_retained_outlier
NumStability.Source.Higham.Chapter19.Core	H19.Theorem19_13.fl_householderApplyCompact_zero_cons_tail_any	public	theorem	116	NumStability.Source.Higham.Chapter19.Core	source_retained_outlier	approved_retained_outlier
NumStability.Source.Higham.Chapter19.Core	H19.Theorem19_13.fl_householderApplyMatrixRect_normalized_betaSpec_eq_exactWithUnitRoundoff	public	theorem	117	NumStability.Source.Higham.Chapter19.Core	source_retained_outlier	approved_retained_outlier
NumStability.Source.Higham.Chapter19.Core	H19.Theorem19_13.fl_householderApplyMatrixRect_normalized_betaSpec_eq_of_exact_add_mul	public	theorem	118	NumStability.Source.Higham.Chapter19.Core	source_retained_outlier	approved_retained_outlier
NumStability.Source.Higham.Chapter19.Core	H19.Theorem19_13.fl_householderApplyMatrixRect_normalized_betaSpec_eq_of_exact_dotProduct_and_mul	public	theorem	119	NumStability.Source.Higham.Chapter19.Core	source_retained_outlier	approved_retained_outlier
NumStability.Source.Higham.Chapter19.Core	H19.Theorem19_13.fl_householderApplyMatrixRect_normalized_betaSpec_eq_of_updateCompatible	public	theorem	120	NumStability.Source.Higham.Chapter19.Core	source_retained_outlier	approved_retained_outlier
NumStability.Source.Higham.Chapter19.Core	H19.Theorem19_13.fl_householderApply_normalized_betaSpec_eq_of_exact_add_mul	public	theorem	121	NumStability.Source.Higham.Chapter19.Core	source_retained_outlier	approved_retained_outlier
NumStability.Source.Higham.Chapter19.Core	H19.Theorem19_13.fl_householderApply_normalized_betaSpec_eq_of_exact_dotProduct_and_mul	public	theorem	122	NumStability.Source.Higham.Chapter19.Core	source_retained_outlier	approved_retained_outlier
NumStability.Source.Higham.Chapter19.Core	H19.Theorem19_13.fl_householderApply_normalized_betaSpec_eq_of_updateCompatible	public	theorem	123	NumStability.Source.Higham.Chapter19.Core	source_retained_outlier	approved_retained_outlier
NumStability.Source.Higham.Chapter19.Core	H19.Theorem19_13.fl_householderBeta_eq_of_exact_add_mul_div_sqrt	public	theorem	124	NumStability.Source.Higham.Chapter19.Core	source_retained_outlier	approved_retained_outlier
NumStability.Source.Higham.Chapter19.Core	H19.Theorem19_13.fl_householderBeta_exactWithUnitRoundoff_eq	public	theorem	125	NumStability.Source.Higham.Chapter19.Core	source_retained_outlier	approved_retained_outlier
NumStability.Source.Higham.Chapter19.Core	H19.Theorem19_13.fl_householderNormalizedVector_eq_householderNormalizedVector_fl_householderVector_betaSpec_of_exact_add_mul_div_sqrt	public	theorem	126	NumStability.Source.Higham.Chapter19.Core	source_retained_outlier	approved_retained_outlier
NumStability.Source.Higham.Chapter19.Core	H19.Theorem19_13.fl_householderNormalizedVector_eq_of_exact_add_mul_div_sqrt	public	theorem	127	NumStability.Source.Higham.Chapter19.Core	source_retained_outlier	approved_retained_outlier
NumStability.Source.Higham.Chapter19.Core	H19.Theorem19_13.fl_householderNormalizedVector_eq_of_householderVector_beta_eq	public	theorem	128	NumStability.Source.Higham.Chapter19.Core	source_retained_outlier	approved_retained_outlier
NumStability.Source.Higham.Chapter19.Core	H19.Theorem19_13.fl_householderNormalizedVector_exactWithUnitRoundoff_eq	public	theorem	129	NumStability.Source.Higham.Chapter19.Core	source_retained_outlier	approved_retained_outlier
NumStability.Source.Higham.Chapter19.Core	H19.Theorem19_13.fl_householderNormalizedVector_self_dot_exactWithUnitRoundoff	public	theorem	130	NumStability.Source.Higham.Chapter19.Core	source_retained_outlier	approved_retained_outlier
NumStability.Source.Higham.Chapter19.Core	H19.Theorem19_13.fl_householderNormalizedVector_self_dot_exactWithUnitRoundoff_zero_cons_zero_cons	public	theorem	131	NumStability.Source.Higham.Chapter19.Core	source_retained_outlier	approved_retained_outlier
NumStability.Source.Higham.Chapter19.Core	H19.Theorem19_13.fl_householderNormalizedVector_self_dot_exactWithUnitRoundoff_zero_cons_zero_cons_zero_cons	public	theorem	132	NumStability.Source.Higham.Chapter19.Core	source_retained_outlier	approved_retained_outlier
NumStability.Source.Higham.Chapter19.Core	H19.Theorem19_13.fl_householderNormalizedVector_self_dot_not_forall_FPModel	public	theorem	133	NumStability.Source.Higham.Chapter19.Core	source_retained_outlier	approved_retained_outlier
NumStability.Source.Higham.Chapter19.Core	H19.Theorem19_13.fl_householderScale_eq_of_exact_add_mul_sqrt	public	theorem	134	NumStability.Source.Higham.Chapter19.Core	source_retained_outlier	approved_retained_outlier
NumStability.Source.Higham.Chapter19.Core	H19.Theorem19_13.fl_householderScale_exactWithUnitRoundoff_eq	public	theorem	135	NumStability.Source.Higham.Chapter19.Core	source_retained_outlier	approved_retained_outlier
NumStability.Source.Higham.Chapter19.Core	H19.Theorem19_13.fl_householderStoredPanelStep_normalized_betaSpec_eq_exactWithUnitRoundoff	public	theorem	136	NumStability.Source.Higham.Chapter19.Core	source_retained_outlier	approved_retained_outlier
NumStability.Source.Higham.Chapter19.Core	H19.Theorem19_13.fl_householderStoredPanelStep_normalized_betaSpec_eq_of_exact_add_mul	public	theorem	137	NumStability.Source.Higham.Chapter19.Core	source_retained_outlier	approved_retained_outlier
NumStability.Source.Higham.Chapter19.Core	H19.Theorem19_13.fl_householderStoredPanelStep_normalized_betaSpec_eq_of_exact_dotProduct_and_mul	public	theorem	138	NumStability.Source.Higham.Chapter19.Core	source_retained_outlier	approved_retained_outlier
NumStability.Source.Higham.Chapter19.Core	H19.Theorem19_13.fl_householderStoredPanelStep_normalized_betaSpec_eq_of_updateCompatible	public	theorem	139	NumStability.Source.Higham.Chapter19.Core	source_retained_outlier	approved_retained_outlier
NumStability.Source.Higham.Chapter19.Core	H19.Theorem19_13.fl_householderVector_eq_of_exact_add_mul_sqrt	public	theorem	140	NumStability.Source.Higham.Chapter19.Core	source_retained_outlier	approved_retained_outlier
NumStability.Source.Higham.Chapter19.Core	H19.Theorem19_13.fl_householderVector_exactWithUnitRoundoff_eq	public	theorem	141	NumStability.Source.Higham.Chapter19.Core	source_retained_outlier	approved_retained_outlier
NumStability.Source.Higham.Chapter19.Core	H19.Theorem19_13.fl_mul_zero_left	public	theorem	142	NumStability.Source.Higham.Chapter19.Core	source_retained_outlier	approved_retained_outlier
NumStability.Source.Higham.Chapter19.Core	H19.Theorem19_13.fl_mul_zero_right	public	theorem	143	NumStability.Source.Higham.Chapter19.Core	source_retained_outlier	approved_retained_outlier
NumStability.Source.Higham.Chapter19.Core	H19.Theorem19_13.fl_norm2_eq_sqrt_sum_of_exact_add_mul_sqrt	public	theorem	144	NumStability.Source.Higham.Chapter19.Core	source_retained_outlier	approved_retained_outlier
NumStability.Source.Higham.Chapter19.Core	H19.Theorem19_13.gamma_tilde_two_column_budget	public	theorem	145	NumStability.Source.Higham.Chapter19.Core	source_retained_outlier	approved_retained_outlier
NumStability.Source.Higham.Chapter19.Core	H19.Theorem19_13.gamma_tilde_two_le_four_index_mul_unit_roundoff_of_small	public	theorem	146	NumStability.Source.Higham.Chapter19.Core	source_retained_outlier	approved_retained_outlier
NumStability.Source.Higham.Chapter19.Core	H19.Theorem19_13.gramSchmidtOrthogonalityResidual_eq_close_expansion	public	theorem	147	NumStability.Source.Higham.Chapter19.Core	source_retained_outlier	approved_retained_outlier
NumStability.Source.Higham.Chapter19.Core	H19.Theorem19_13.gramSchmidtOrthogonalityResidual_opNorm2Le_of_close_orthonormal	public	theorem	148	NumStability.Source.Higham.Chapter19.Core	source_retained_outlier	approved_retained_outlier
NumStability.Source.Higham.Chapter19.Core	H19.Theorem19_13.householderApply	public	definition	149	NumStability.Source.Higham.Chapter19.Core	source_retained_outlier	approved_retained_outlier
NumStability.Source.Higham.Chapter19.Core	H19.Theorem19_13.householderApplyPrefix	public	definition	150	NumStability.Source.Higham.Chapter19.Core	source_retained_outlier	approved_retained_outlier
NumStability.Source.Higham.Chapter19.Core	H19.Theorem19_13.householderApplyPrefix_paddedInput	public	theorem	151	NumStability.Source.Higham.Chapter19.Core	source_retained_outlier	approved_retained_outlier
NumStability.Source.Higham.Chapter19.Core	H19.Theorem19_13.householderApplyPrefix_paddedInput_final	public	theorem	152	NumStability.Source.Higham.Chapter19.Core	source_retained_outlier	approved_retained_outlier
NumStability.Source.Higham.Chapter19.Core	H19.Theorem19_13.householderApplyReversePrefix	public	definition	153	NumStability.Source.Higham.Chapter19.Core	source_retained_outlier	approved_retained_outlier
NumStability.Source.Higham.Chapter19.Core	H19.Theorem19_13.householderApplyReversePrefix_paddedRBlock	public	theorem	154	NumStability.Source.Higham.Chapter19.Core	source_retained_outlier	approved_retained_outlier
NumStability.Source.Higham.Chapter19.Core	H19.Theorem19_13.householderApplyReversePrefix_paddedRBlock_blocks	public	theorem	155	NumStability.Source.Higham.Chapter19.Core	source_retained_outlier	approved_retained_outlier
NumStability.Source.Higham.Chapter19.Core	H19.Theorem19_13.householderApplyReversePrefix_paddedRBlock_bottomBlock	public	theorem	156	NumStability.Source.Higham.Chapter19.Core	source_retained_outlier	approved_retained_outlier
NumStability.Source.Higham.Chapter19.Core	H19.Theorem19_13.householderApplyReversePrefix_paddedRBlock_perturbedInput_zero	public	theorem	157	NumStability.Source.Higham.Chapter19.Core	source_retained_outlier	approved_retained_outlier
NumStability.Source.Higham.Chapter19.Core	H19.Theorem19_13.householderApplyReversePrefix_paddedRBlock_topBlock	public	theorem	158	NumStability.Source.Higham.Chapter19.Core	source_retained_outlier	approved_retained_outlier
NumStability.Source.Higham.Chapter19.Core	H19.Theorem19_13.householderApplyReversePrefix_paddedStage	public	theorem	159	NumStability.Source.Higham.Chapter19.Core	source_retained_outlier	approved_retained_outlier
NumStability.Source.Higham.Chapter19.Core	H19.Theorem19_13.householderApply_apply_self_of_self_dot	public	theorem	160	NumStability.Source.Higham.Chapter19.Core	source_retained_outlier	approved_retained_outlier
NumStability.Source.Higham.Chapter19.Core	H19.Theorem19_13.householderApply_paddedStage_eq_succ	public	theorem	161	NumStability.Source.Higham.Chapter19.Core	source_retained_outlier	approved_retained_outlier
NumStability.Source.Higham.Chapter19.Core	H19.Theorem19_13.householderApply_paddedStage_succ_eq_current	public	theorem	162	NumStability.Source.Higham.Chapter19.Core	source_retained_outlier	approved_retained_outlier
NumStability.Source.Higham.Chapter19.Core	H19.Theorem19_13.householderApply_padded_bottom	public	theorem	163	NumStability.Source.Higham.Chapter19.Core	source_retained_outlier	approved_retained_outlier
NumStability.Source.Higham.Chapter19.Core	H19.Theorem19_13.householderApply_padded_top_current	public	theorem	164	NumStability.Source.Higham.Chapter19.Core	source_retained_outlier	approved_retained_outlier
NumStability.Source.Higham.Chapter19.Core	H19.Theorem19_13.householderApply_padded_top_ne	public	theorem	165	NumStability.Source.Higham.Chapter19.Core	source_retained_outlier	approved_retained_outlier
NumStability.Source.Higham.Chapter19.Core	H19.Theorem19_13.householderBetaSpec_fl_householderNormalizedVector_exactWithUnitRoundoff_eq_one	public	theorem	166	NumStability.Source.Higham.Chapter19.Core	source_retained_outlier	approved_retained_outlier
NumStability.Source.Higham.Chapter19.Core	H19.Theorem19_13.householderBetaSpec_fl_householderNormalizedVector_exactWithUnitRoundoff_zero_cons_zero_cons_eq_one	public	theorem	167	NumStability.Source.Higham.Chapter19.Core	source_retained_outlier	approved_retained_outlier
NumStability.Source.Higham.Chapter19.Core	H19.Theorem19_13.householderBetaSpec_fl_householderNormalizedVector_exactWithUnitRoundoff_zero_cons_zero_cons_zero_cons_eq_one	public	theorem	168	NumStability.Source.Higham.Chapter19.Core	source_retained_outlier	approved_retained_outlier
NumStability.Source.Higham.Chapter19.Core	H19.Theorem19_13.householderBetaSpec_fl_householderVector_eq_fl_householderBeta_of_exact_add_mul_div_sqrt	public	theorem	169	NumStability.Source.Higham.Chapter19.Core	source_retained_outlier	approved_retained_outlier
NumStability.Source.Higham.Chapter19.Core	H19.Theorem19_13.householderBetaSpec_householderVector_eq_householderBetaFromScale_of_ne_zero	public	theorem	170	NumStability.Source.Higham.Chapter19.Core	source_retained_outlier	approved_retained_outlier
NumStability.Source.Higham.Chapter19.Core	H19.Theorem19_13.householderBetaSpec_trailingActiveVector_succ_zeroPrefix_eq_one_of_tail_self_dot	public	theorem	171	NumStability.Source.Higham.Chapter19.Core	source_retained_outlier	approved_retained_outlier
NumStability.Source.Higham.Chapter19.Core	H19.Theorem19_13.householderBetaSpec_trailingActiveVector_succ_zeroPrefix_of_succ	public	theorem	172	NumStability.Source.Higham.Chapter19.Core	source_retained_outlier	approved_retained_outlier
NumStability.Source.Higham.Chapter19.Core	H19.Theorem19_13.householderBetaSpec_zero_cons	public	theorem	173	NumStability.Source.Higham.Chapter19.Core	source_retained_outlier	approved_retained_outlier
NumStability.Source.Higham.Chapter19.Core	H19.Theorem19_13.householderBetaSpec_zero_cons_any	public	theorem	174	NumStability.Source.Higham.Chapter19.Core	source_retained_outlier	approved_retained_outlier
NumStability.Source.Higham.Chapter19.Core	H19.Theorem19_13.householderBetaSpec_zero_cons_eq_one_of_inner_self_eq_two	public	theorem	175	NumStability.Source.Higham.Chapter19.Core	source_retained_outlier	approved_retained_outlier
NumStability.Source.Higham.Chapter19.Core	H19.Theorem19_13.householderColumnInner	public	definition	176	NumStability.Source.Higham.Chapter19.Core	source_retained_outlier	approved_retained_outlier
NumStability.Source.Higham.Chapter19.Core	H19.Theorem19_13.householderColumnInner_padded	public	theorem	177	NumStability.Source.Higham.Chapter19.Core	source_retained_outlier	approved_retained_outlier
NumStability.Source.Higham.Chapter19.Core	H19.Theorem19_13.householderColumnInner_paddedStage	public	theorem	178	NumStability.Source.Higham.Chapter19.Core	source_retained_outlier	approved_retained_outlier
NumStability.Source.Higham.Chapter19.Core	H19.Theorem19_13.householderReflector	public	definition	179	NumStability.Source.Higham.Chapter19.Core	source_retained_outlier	approved_retained_outlier
NumStability.Source.Higham.Chapter19.Core	H19.Theorem19_13.householderReflector_mul_self_of_self_dot	public	theorem	180	NumStability.Source.Higham.Chapter19.Core	source_retained_outlier	approved_retained_outlier
NumStability.Source.Higham.Chapter19.Core	H19.Theorem19_13.householderReflector_symmetric	public	theorem	181	NumStability.Source.Higham.Chapter19.Core	source_retained_outlier	approved_retained_outlier
NumStability.Source.Higham.Chapter19.Core	H19.Theorem19_13.householderTop	public	definition	182	NumStability.Source.Higham.Chapter19.Core	source_retained_outlier	approved_retained_outlier
NumStability.Source.Higham.Chapter19.Core	H19.Theorem19_13.householderTrailingActiveVector_betaSpec_eq_one_of_self_dot	public	theorem	183	NumStability.Source.Higham.Chapter19.Core	source_retained_outlier	approved_retained_outlier
NumStability.Source.Higham.Chapter19.Core	H19.Theorem19_13.householderTrailingActiveVector_normalized_reflector_eq_betaSpec	public	theorem	184	NumStability.Source.Higham.Chapter19.Core	source_retained_outlier	approved_retained_outlier
NumStability.Source.Higham.Chapter19.Core	H19.Theorem19_13.householderTrailingActiveVector_succ_succ_succ_zeroPrefix_of_succ_succ_succ	public	theorem	185	NumStability.Source.Higham.Chapter19.Core	source_retained_outlier	approved_retained_outlier
NumStability.Source.Higham.Chapter19.Core	H19.Theorem19_13.householderTrailingActiveVector_succ_succ_zeroPrefix_of_succ_succ	public	theorem	186	NumStability.Source.Higham.Chapter19.Core	source_retained_outlier	approved_retained_outlier
NumStability.Source.Higham.Chapter19.Core	H19.Theorem19_13.householderTrailingActiveVector_succ_zeroPrefix	public	theorem	187	NumStability.Source.Higham.Chapter19.Core	source_retained_outlier	approved_retained_outlier
NumStability.Source.Higham.Chapter19.Core	H19.Theorem19_13.householderTrailingActiveVector_succ_zeroPrefix_of_succ	public	theorem	188	NumStability.Source.Higham.Chapter19.Core	source_retained_outlier	approved_retained_outlier
NumStability.Source.Higham.Chapter19.Core	H19.Theorem19_13.householderTrailingActiveVector_succ_zeroPrefix_of_succ_any	public	theorem	189	NumStability.Source.Higham.Chapter19.Core	source_retained_outlier	approved_retained_outlier
NumStability.Source.Higham.Chapter19.Core	H19.Theorem19_13.householderTrailingActiveVector_tail_eq_of_succ_succ_succ_zeroPrefix	public	theorem	190	NumStability.Source.Higham.Chapter19.Core	source_retained_outlier	approved_retained_outlier
NumStability.Source.Higham.Chapter19.Core	H19.Theorem19_13.householderTrailingActiveVector_tail_eq_of_succ_succ_zeroPrefix	public	theorem	191	NumStability.Source.Higham.Chapter19.Core	source_retained_outlier	approved_retained_outlier
NumStability.Source.Higham.Chapter19.Core	H19.Theorem19_13.householderTrailingActiveVector_tail_self_dot_of_succ_succ	public	theorem	192	NumStability.Source.Higham.Chapter19.Core	source_retained_outlier	approved_retained_outlier
NumStability.Source.Higham.Chapter19.Core	H19.Theorem19_13.householderTrailingActiveVector_tail_self_dot_of_succ_succ_succ	public	theorem	193	NumStability.Source.Higham.Chapter19.Core	source_retained_outlier	approved_retained_outlier
NumStability.Source.Higham.Chapter19.Core	H19.Theorem19_13.householderTrailingActiveVector_zero_eq_fl_householderVector_of_alpha_eq_fl_householderAlpha	public	theorem	194	NumStability.Source.Higham.Chapter19.Core	source_retained_outlier	approved_retained_outlier
NumStability.Source.Higham.Chapter19.Core	H19.Theorem19_13.householderTrailingActiveVector_zero_eq_fl_householderVector_of_alpha_eq_householderAlpha_of_exact_add_mul_sqrt	public	theorem	195	NumStability.Source.Higham.Chapter19.Core	source_retained_outlier	approved_retained_outlier
NumStability.Source.Higham.Chapter19.Core	H19.Theorem19_13.householderTrailingActiveVector_zero_eq_householderVector_of_alpha_eq_householderAlpha	public	theorem	196	NumStability.Source.Higham.Chapter19.Core	source_retained_outlier	approved_retained_outlier
NumStability.Source.Higham.Chapter19.Core	H19.Theorem19_13.householderTrailingActiveVector_zero_normalized_eq_fl_householderNormalizedVector_of_alpha_eq_fl_householderAlpha_of_exact_add_mul_div_sqrt	public	theorem	197	NumStability.Source.Higham.Chapter19.Core	source_retained_outlier	approved_retained_outlier
NumStability.Source.Higham.Chapter19.Core	H19.Theorem19_13.householderTrailingActiveVector_zero_normalized_eq_fl_householderNormalizedVector_of_alpha_eq_householderAlpha_of_exact_add_mul_div_sqrt	public	theorem	198	NumStability.Source.Higham.Chapter19.Core	source_retained_outlier	approved_retained_outlier
NumStability.Source.Higham.Chapter19.Core	H19.Theorem19_13.householderVector	public	definition	199	NumStability.Source.Higham.Chapter19.Core	source_retained_outlier	approved_retained_outlier
NumStability.Source.Higham.Chapter19.Core	H19.Theorem19_13.householderVector_norm_sq	public	theorem	200	NumStability.Source.Higham.Chapter19.Core	source_retained_outlier	approved_retained_outlier
NumStability.Source.Higham.Chapter19.Core	H19.Theorem19_13.householderVector_self_dot	public	theorem	201	NumStability.Source.Higham.Chapter19.Core	source_retained_outlier	approved_retained_outlier
NumStability.Source.Higham.Chapter19.Core	H19.Theorem19_13.householderVector_self_dot_computedQ	public	theorem	202	NumStability.Source.Higham.Chapter19.Core	source_retained_outlier	approved_retained_outlier
NumStability.Source.Higham.Chapter19.Core	H19.Theorem19_13.householder_paddedFinInput_R11	public	definition	203	NumStability.Source.Higham.Chapter19.Core	source_retained_outlier	approved_retained_outlier
NumStability.Source.Higham.Chapter19.Core	H19.Theorem19_13.householder_paddedFinInput_R11_det_ne_zero_iff_diag_ne_zero	public	theorem	204	NumStability.Source.Higham.Chapter19.Core	source_retained_outlier	approved_retained_outlier
NumStability.Source.Higham.Chapter19.Core	H19.Theorem19_13.householder_paddedFinInput_R11_det_ne_zero_of_diag_ne_zero	public	theorem	205	NumStability.Source.Higham.Chapter19.Core	source_retained_outlier	approved_retained_outlier
NumStability.Source.Higham.Chapter19.Core	H19.Theorem19_13.householder_paddedFinInput_R11_det_ne_zero_of_storedTrailingPanel_final_panel_eq_final_prevBlocks_uniform_step_budget	public	theorem	206	NumStability.Source.Higham.Chapter19.Core	source_retained_outlier	approved_retained_outlier
NumStability.Source.Higham.Chapter19.Core	H19.Theorem19_13.householder_paddedFinInput_R11_det_ne_zero_of_storedTrailingPanel_final_prevBlocks_uniform_step_budget	public	theorem	207	NumStability.Source.Higham.Chapter19.Core	source_retained_outlier	approved_retained_outlier
NumStability.Source.Higham.Chapter19.Core	H19.Theorem19_13.householder_paddedFinInput_R11_diag_ne_zero_of_det_ne_zero	public	theorem	208	NumStability.Source.Higham.Chapter19.Core	source_retained_outlier	approved_retained_outlier
NumStability.Source.Higham.Chapter19.Core	H19.Theorem19_13.householder_paddedFinInput_R11_diag_ne_zero_of_storedTrailingPanel_final_panel_eq_final_prevBlocks_uniform_step_budget	public	theorem	209	NumStability.Source.Higham.Chapter19.Core	source_retained_outlier	approved_retained_outlier
NumStability.Source.Higham.Chapter19.Core	H19.Theorem19_13.householder_paddedFinInput_R11_diag_ne_zero_of_storedTrailingPanel_final_panel_eq_uniform_step_budget	public	theorem	210	NumStability.Source.Higham.Chapter19.Core	source_retained_outlier	approved_retained_outlier
NumStability.Source.Higham.Chapter19.Core	H19.Theorem19_13.householder_paddedFinInput_R11_diag_ne_zero_of_storedTrailingPanel_final_prevBlocks_uniform_step_budget	public	theorem	211	NumStability.Source.Higham.Chapter19.Core	source_retained_outlier	approved_retained_outlier
NumStability.Source.Higham.Chapter19.Core	H19.Theorem19_13.householder_paddedFinInput_R11_diag_ne_zero_of_storedTrailingPanel_uniform_step_budget	public	theorem	212	NumStability.Source.Higham.Chapter19.Core	source_retained_outlier	approved_retained_outlier
NumStability.Source.Higham.Chapter19.Core	H19.Theorem19_13.householder_paddedFinInput_R11_eq_top_block_of_final_panel_eq	public	theorem	213	NumStability.Source.Higham.Chapter19.Core	source_retained_outlier	approved_retained_outlier
NumStability.Source.Higham.Chapter19.Core	H19.Theorem19_13.householder_paddedFinInput_R11_nonsingInv_right_inverse_of_det_ne_zero	public	theorem	214	NumStability.Source.Higham.Chapter19.Core	source_retained_outlier	approved_retained_outlier
NumStability.Source.Higham.Chapter19.Core	H19.Theorem19_13.householder_paddedFinInput_R11_nonsingInv_right_inverse_of_diag_ne_zero	public	theorem	215	NumStability.Source.Higham.Chapter19.Core	source_retained_outlier	approved_retained_outlier
NumStability.Source.Higham.Chapter19.Core	H19.Theorem19_13.householder_paddedFinInput_R11_zero_input_diag_zero	public	theorem	216	NumStability.Source.Higham.Chapter19.Core	source_retained_outlier	approved_retained_outlier
NumStability.Source.Higham.Chapter19.Core	H19.Theorem19_13.householder_paddedFinInput_add_factor_exists	public	theorem	217	NumStability.Source.Higham.Chapter19.Core	source_retained_outlier	approved_retained_outlier
NumStability.Source.Higham.Chapter19.Core	H19.Theorem19_13.householder_paddedFinInput_correctionMapData_exists	public	theorem	218	NumStability.Source.Higham.Chapter19.Core	source_retained_outlier	approved_retained_outlier
NumStability.Source.Higham.Chapter19.Core	H19.Theorem19_13.householder_paddedFinInput_csPolarInput	public	theorem	219	NumStability.Source.Higham.Chapter19.Core	source_retained_outlier	approved_retained_outlier
NumStability.Source.Higham.Chapter19.Core	H19.Theorem19_13.householder_paddedFinInput_economyProduct	public	theorem	220	NumStability.Source.Higham.Chapter19.Core	source_retained_outlier	approved_retained_outlier
NumStability.Source.Higham.Chapter19.Core	H19.Theorem19_13.householder_paddedFinInput_economyProduct_with_upper	public	theorem	221	NumStability.Source.Higham.Chapter19.Core	source_retained_outlier	approved_retained_outlier
NumStability.Source.Higham.Chapter19.Core	H19.Theorem19_13.householder_paddedFinInput_full_block_data	public	theorem	222	NumStability.Source.Higham.Chapter19.Core	source_retained_outlier	approved_retained_outlier
NumStability.Source.Higham.Chapter19.Core	H19.Theorem19_13.householder_paddedFinInput_grams_commute	public	theorem	223	NumStability.Source.Higham.Chapter19.Core	source_retained_outlier	approved_retained_outlier
NumStability.Source.Higham.Chapter19.Core	H19.Theorem19_13.householder_paddedFinInput_p11_gram_eq_id_sub_p21_gram	public	theorem	224	NumStability.Source.Higham.Chapter19.Core	source_retained_outlier	approved_retained_outlier
NumStability.Source.Higham.Chapter19.Core	H19.Theorem19_13.householder_paddedFinInput_p11_gram_symmetric	public	theorem	225	NumStability.Source.Higham.Chapter19.Core	source_retained_outlier	approved_retained_outlier
NumStability.Source.Higham.Chapter19.Core	H19.Theorem19_13.householder_paddedFinInput_p11_opNorm2Le_one	public	theorem	226	NumStability.Source.Higham.Chapter19.Core	source_retained_outlier	approved_retained_outlier
NumStability.Source.Higham.Chapter19.Core	H19.Theorem19_13.householder_paddedFinInput_p21_gram_eq_id_sub_p11_gram	public	theorem	227	NumStability.Source.Higham.Chapter19.Core	source_retained_outlier	approved_retained_outlier
NumStability.Source.Higham.Chapter19.Core	H19.Theorem19_13.householder_paddedFinInput_p21_gram_symmetric	public	theorem	228	NumStability.Source.Higham.Chapter19.Core	source_retained_outlier	approved_retained_outlier
NumStability.Source.Higham.Chapter19.Core	H19.Theorem19_13.householder_paddedFinInput_p21_rectOpNorm2Le_one	public	theorem	229	NumStability.Source.Higham.Chapter19.Core	source_retained_outlier	approved_retained_outlier
NumStability.Source.Higham.Chapter19.Core	H19.Theorem19_13.householder_paddedFinInput_perturbedInput_blocks	public	theorem	230	NumStability.Source.Higham.Chapter19.Core	source_retained_outlier	approved_retained_outlier
NumStability.Source.Higham.Chapter19.Core	H19.Theorem19_13.householder_paddedFinInput_pre_repair_gram_bound_of_det_ne_zero_inverse_budget	public	theorem	231	NumStability.Source.Higham.Chapter19.Core	source_retained_outlier	approved_retained_outlier
NumStability.Source.Higham.Chapter19.Core	H19.Theorem19_13.householder_paddedFinInput_pre_repair_gram_bound_of_right_inverse_budget	public	theorem	232	NumStability.Source.Higham.Chapter19.Core	source_retained_outlier	approved_retained_outlier
NumStability.Source.Higham.Chapter19.Core	H19.Theorem19_13.householder_paddedFinInput_pre_repair_gram_bound_of_upper_diag_inverse_budget	public	theorem	233	NumStability.Source.Higham.Chapter19.Core	source_retained_outlier	approved_retained_outlier
NumStability.Source.Higham.Chapter19.Core	H19.Theorem19_13.householder_paddedFinInput_stackedPerturbation	public	theorem	234	NumStability.Source.Higham.Chapter19.Core	source_retained_outlier	approved_retained_outlier
NumStability.Source.Higham.Chapter19.Core	H19.Theorem19_13.mgs_qr_bounds	public	theorem	235	NumStability.Source.Higham.Chapter19.Core	source_retained_outlier	approved_retained_outlier
NumStability.Source.Higham.Chapter19.Core	H19.Theorem19_13.mgs_qr_bounds_of_R11_det_ne_zero_compact_condition_budget	public	theorem	236	NumStability.Source.Higham.Chapter19.Core	source_retained_outlier	approved_retained_outlier
NumStability.Source.Higham.Chapter19.Core	H19.Theorem19_13.mgs_qr_bounds_of_R11_det_ne_zero_compact_condition_explicit_radius_of_small_unit_roundoff	public	theorem	237	NumStability.Source.Higham.Chapter19.Core	source_retained_outlier	approved_retained_outlier
NumStability.Source.Higham.Chapter19.Core	H19.Theorem19_13.mgs_qr_bounds_of_R11_det_ne_zero_compact_condition_radius_budget	public	theorem	238	NumStability.Source.Higham.Chapter19.Core	source_retained_outlier	approved_retained_outlier
NumStability.Source.Higham.Chapter19.Core	H19.Theorem19_13.mgs_qr_bounds_of_R11_det_ne_zero_compact_condition_radius_budget_of_small_unit_roundoff	public	theorem	239	NumStability.Source.Higham.Chapter19.Core	source_retained_outlier	approved_retained_outlier
NumStability.Source.Higham.Chapter19.Core	H19.Theorem19_13.mgs_qr_bounds_of_R11_det_ne_zero_frob_condition_explicit_radius_of_small_unit_roundoff	public	theorem	240	NumStability.Source.Higham.Chapter19.Core	source_retained_outlier	approved_retained_outlier
NumStability.Source.Higham.Chapter19.Core	H19.Theorem19_13.mgs_qr_bounds_of_R11_det_ne_zero_frob_self_condition_explicit_radius_of_small_unit_roundoff	public	theorem	241	NumStability.Source.Higham.Chapter19.Core	source_retained_outlier	approved_retained_outlier
NumStability.Source.Higham.Chapter19.Core	H19.Theorem19_13.mgs_qr_bounds_of_R11_diag_ne_zero	public	theorem	242	NumStability.Source.Higham.Chapter19.Core	source_retained_outlier	approved_retained_outlier
NumStability.Source.Higham.Chapter19.Core	H19.Theorem19_13.mgs_qr_bounds_of_R11_diag_ne_zero_compact_budget	public	theorem	243	NumStability.Source.Higham.Chapter19.Core	source_retained_outlier	approved_retained_outlier
NumStability.Source.Higham.Chapter19.Core	H19.Theorem19_13.mgs_qr_bounds_of_R11_diag_ne_zero_compact_condition_budget	public	theorem	244	NumStability.Source.Higham.Chapter19.Core	source_retained_outlier	approved_retained_outlier
NumStability.Source.Higham.Chapter19.Core	H19.Theorem19_13.mgs_qr_bounds_of_R11_diag_ne_zero_compact_inverse_budget	public	theorem	245	NumStability.Source.Higham.Chapter19.Core	source_retained_outlier	approved_retained_outlier
NumStability.Source.Higham.Chapter19.Core	H19.Theorem19_13.mgs_qr_bounds_of_R11_diag_ne_zero_frob_condition_explicit_radius_of_small_unit_roundoff	public	theorem	246	NumStability.Source.Higham.Chapter19.Core	source_retained_outlier	approved_retained_outlier
NumStability.Source.Higham.Chapter19.Core	H19.Theorem19_13.mgs_qr_bounds_of_R11_diag_ne_zero_frob_self_condition_explicit_radius_of_small_unit_roundoff	public	theorem	247	NumStability.Source.Higham.Chapter19.Core	source_retained_outlier	approved_retained_outlier
NumStability.Source.Higham.Chapter19.Core	H19.Theorem19_13.mgs_qr_bounds_of_R11_diag_ne_zero_inverse_budget	public	theorem	248	NumStability.Source.Higham.Chapter19.Core	source_retained_outlier	approved_retained_outlier
NumStability.Source.Higham.Chapter19.Core	H19.Theorem19_13.mgs_qr_bounds_of_economy_product_sensitivity	public	theorem	249	NumStability.Source.Higham.Chapter19.Core	source_retained_outlier	approved_retained_outlier
NumStability.Source.Higham.Chapter19.Core	H19.Theorem19_13.mgs_qr_bounds_of_householder_det_ne_zero_correctionMapDataExistsRepair_of_householder_stacked_double_residual_coefficient_budget_frobInv_of_small_unit_roundoff	public	theorem	250	NumStability.Source.Higham.Chapter19.Core	source_retained_outlier	approved_retained_outlier
NumStability.Source.Higham.Chapter19.Core	H19.Theorem19_13.mgs_qr_bounds_of_householder_det_ne_zero_correctionMapDataExistsRepair_of_householder_stacked_double_residual_coefficient_budget_of_small_unit_roundoff	public	theorem	251	NumStability.Source.Higham.Chapter19.Core	source_retained_outlier	approved_retained_outlier
NumStability.Source.Higham.Chapter19.Core	H19.Theorem19_13.mgs_qr_bounds_of_householder_det_ne_zero_correctionMapDataRepair_of_householder_stacked_double_residual_coefficient_budget_frobInv_of_small_unit_roundoff	public	theorem	252	NumStability.Source.Higham.Chapter19.Core	source_retained_outlier	approved_retained_outlier
NumStability.Source.Higham.Chapter19.Core	H19.Theorem19_13.mgs_qr_bounds_of_householder_det_ne_zero_correctionMapDataRepair_of_householder_stacked_double_residual_coefficient_budget_of_small_unit_roundoff	public	theorem	253	NumStability.Source.Higham.Chapter19.Core	source_retained_outlier	approved_retained_outlier
NumStability.Source.Higham.Chapter19.Core	H19.Theorem19_13.mgs_qr_bounds_of_householder_det_ne_zero_csDiagonalFactorDataExistsRepair_of_householder_stacked_double_residual_coefficient_budget_frobInv_of_small_unit_roundoff	public	theorem	254	NumStability.Source.Higham.Chapter19.Core	source_retained_outlier	approved_retained_outlier
NumStability.Source.Higham.Chapter19.Core	H19.Theorem19_13.mgs_qr_bounds_of_householder_det_ne_zero_csDiagonalFactorDataExistsRepair_of_householder_stacked_double_residual_coefficient_budget_of_small_unit_roundoff	public	theorem	255	NumStability.Source.Higham.Chapter19.Core	source_retained_outlier	approved_retained_outlier
NumStability.Source.Higham.Chapter19.Core	H19.Theorem19_13.mgs_qr_bounds_of_householder_det_ne_zero_csDiagonalFactorDataRepair_of_householder_stacked_double_residual_coefficient_budget_frobInv_of_small_unit_roundoff	public	theorem	256	NumStability.Source.Higham.Chapter19.Core	source_retained_outlier	approved_retained_outlier
NumStability.Source.Higham.Chapter19.Core	H19.Theorem19_13.mgs_qr_bounds_of_householder_det_ne_zero_csDiagonalFactorDataRepair_of_householder_stacked_double_residual_coefficient_budget_of_small_unit_roundoff	public	theorem	257	NumStability.Source.Higham.Chapter19.Core	source_retained_outlier	approved_retained_outlier
NumStability.Source.Higham.Chapter19.Core	H19.Theorem19_13.mgs_qr_bounds_of_householder_det_ne_zero_csPolarRepair_of_householder_stacked_double_residual_coefficient_budget_frobInv_of_small_unit_roundoff	public	theorem	258	NumStability.Source.Higham.Chapter19.Core	source_retained_outlier	approved_retained_outlier
NumStability.Source.Higham.Chapter19.Core	H19.Theorem19_13.mgs_qr_bounds_of_householder_det_ne_zero_csPolarRepair_of_householder_stacked_double_residual_coefficient_budget_of_small_unit_roundoff	public	theorem	259	NumStability.Source.Higham.Chapter19.Core	source_retained_outlier	approved_retained_outlier
NumStability.Source.Higham.Chapter19.Core	H19.Theorem19_13.mgs_qr_bounds_of_householder_economy_product_sensitivity	public	theorem	260	NumStability.Source.Higham.Chapter19.Core	source_retained_outlier	approved_retained_outlier
NumStability.Source.Higham.Chapter19.Core	H19.Theorem19_13.mgs_qr_bounds_of_householder_economy_product_sensitivity_of_coefficient_budget	public	theorem	261	NumStability.Source.Higham.Chapter19.Core	source_retained_outlier	approved_retained_outlier
NumStability.Source.Higham.Chapter19.Core	H19.Theorem19_13.mgs_qr_bounds_of_householder_economy_product_sensitivity_of_coefficient_norm_budget	public	theorem	262	NumStability.Source.Higham.Chapter19.Core	source_retained_outlier	approved_retained_outlier
NumStability.Source.Higham.Chapter19.Core	H19.Theorem19_13.mgs_qr_bounds_of_householder_economy_product_sensitivity_of_residual_budget	public	theorem	263	NumStability.Source.Higham.Chapter19.Core	source_retained_outlier	approved_retained_outlier
NumStability.Source.Higham.Chapter19.Core	H19.Theorem19_13.mgs_qr_bounds_of_householder_economy_product_sensitivity_of_valid_residual_budget	public	theorem	264	NumStability.Source.Higham.Chapter19.Core	source_retained_outlier	approved_retained_outlier
NumStability.Source.Higham.Chapter19.Core	H19.Theorem19_13.mgs_qr_bounds_of_householder_economy_product_source_sensitivity_of_coefficient_budget	public	theorem	265	NumStability.Source.Higham.Chapter19.Core	source_retained_outlier	approved_retained_outlier
NumStability.Source.Higham.Chapter19.Core	H19.Theorem19_13.mgs_qr_bounds_of_householder_economy_product_source_sensitivity_of_small_unit_roundoff	public	theorem	266	NumStability.Source.Higham.Chapter19.Core	source_retained_outlier	approved_retained_outlier
NumStability.Source.Higham.Chapter19.Core	H19.Theorem19_13.mgs_qr_bounds_of_householder_upper_diag_correctionMapDataExistsRepair_of_householder_stacked_double_residual_coefficient_budget_frobInv_of_small_unit_roundoff	public	theorem	267	NumStability.Source.Higham.Chapter19.Core	source_retained_outlier	approved_retained_outlier
NumStability.Source.Higham.Chapter19.Core	H19.Theorem19_13.mgs_qr_bounds_of_householder_upper_diag_correctionMapDataExistsRepair_of_householder_stacked_double_residual_coefficient_budget_of_small_unit_roundoff	public	theorem	268	NumStability.Source.Higham.Chapter19.Core	source_retained_outlier	approved_retained_outlier
NumStability.Source.Higham.Chapter19.Core	H19.Theorem19_13.mgs_qr_bounds_of_householder_upper_diag_correctionMapDataRepair_of_householder_stacked_budget_frobInv_of_small_unit_roundoff	public	theorem	269	NumStability.Source.Higham.Chapter19.Core	source_retained_outlier	approved_retained_outlier
NumStability.Source.Higham.Chapter19.Core	H19.Theorem19_13.mgs_qr_bounds_of_householder_upper_diag_correctionMapDataRepair_of_householder_stacked_budget_of_small_unit_roundoff	public	theorem	270	NumStability.Source.Higham.Chapter19.Core	source_retained_outlier	approved_retained_outlier
NumStability.Source.Higham.Chapter19.Core	H19.Theorem19_13.mgs_qr_bounds_of_householder_upper_diag_correctionMapDataRepair_of_householder_stacked_double_residual_coefficient_budget_frobInv_of_small_unit_roundoff	public	theorem	271	NumStability.Source.Higham.Chapter19.Core	source_retained_outlier	approved_retained_outlier
NumStability.Source.Higham.Chapter19.Core	H19.Theorem19_13.mgs_qr_bounds_of_householder_upper_diag_correctionMapDataRepair_of_householder_stacked_double_residual_coefficient_budget_of_small_unit_roundoff	public	theorem	272	NumStability.Source.Higham.Chapter19.Core	source_retained_outlier	approved_retained_outlier
NumStability.Source.Higham.Chapter19.Core	H19.Theorem19_13.mgs_qr_bounds_of_householder_upper_diag_csDiagonalFactorDataExistsRepair_of_householder_stacked_double_residual_coefficient_budget_frobInv_of_small_unit_roundoff	public	theorem	273	NumStability.Source.Higham.Chapter19.Core	source_retained_outlier	approved_retained_outlier
NumStability.Source.Higham.Chapter19.Core	H19.Theorem19_13.mgs_qr_bounds_of_householder_upper_diag_csDiagonalFactorDataExistsRepair_of_householder_stacked_double_residual_coefficient_budget_of_small_unit_roundoff	public	theorem	274	NumStability.Source.Higham.Chapter19.Core	source_retained_outlier	approved_retained_outlier
NumStability.Source.Higham.Chapter19.Core	H19.Theorem19_13.mgs_qr_bounds_of_householder_upper_diag_csDiagonalFactorDataRepair_of_householder_stacked_double_residual_coefficient_budget_frobInv_of_small_unit_roundoff	public	theorem	275	NumStability.Source.Higham.Chapter19.Core	source_retained_outlier	approved_retained_outlier
NumStability.Source.Higham.Chapter19.Core	H19.Theorem19_13.mgs_qr_bounds_of_householder_upper_diag_csDiagonalFactorDataRepair_of_householder_stacked_double_residual_coefficient_budget_of_small_unit_roundoff	public	theorem	276	NumStability.Source.Higham.Chapter19.Core	source_retained_outlier	approved_retained_outlier
NumStability.Source.Higham.Chapter19.Core	H19.Theorem19_13.mgs_qr_bounds_of_householder_upper_diag_csDiagonalRepair_frobInv_of_small_unit_roundoff	public	theorem	277	NumStability.Source.Higham.Chapter19.Core	source_retained_outlier	approved_retained_outlier
NumStability.Source.Higham.Chapter19.Core	H19.Theorem19_13.mgs_qr_bounds_of_householder_upper_diag_csDiagonalRepair_of_householder_stacked_budget_of_small_unit_roundoff	public	theorem	278	NumStability.Source.Higham.Chapter19.Core	source_retained_outlier	approved_retained_outlier
NumStability.Source.Higham.Chapter19.Core	H19.Theorem19_13.mgs_qr_bounds_of_householder_upper_diag_csDiagonalRepair_of_householder_stacked_double_residual_budget_of_small_unit_roundoff	public	theorem	279	NumStability.Source.Higham.Chapter19.Core	source_retained_outlier	approved_retained_outlier
NumStability.Source.Higham.Chapter19.Core	H19.Theorem19_13.mgs_qr_bounds_of_householder_upper_diag_csDiagonalRepair_of_householder_stacked_double_residual_coefficient_budget_frobInv_of_small_unit_roundoff	public	theorem	280	NumStability.Source.Higham.Chapter19.Core	source_retained_outlier	approved_retained_outlier
NumStability.Source.Higham.Chapter19.Core	H19.Theorem19_13.mgs_qr_bounds_of_householder_upper_diag_csDiagonalRepair_of_householder_stacked_double_residual_coefficient_budget_of_small_unit_roundoff	public	theorem	281	NumStability.Source.Higham.Chapter19.Core	source_retained_outlier	approved_retained_outlier
NumStability.Source.Higham.Chapter19.Core	H19.Theorem19_13.mgs_qr_bounds_of_householder_upper_diag_csDiagonalRepair_of_householder_stacked_same_residual_budget_of_small_unit_roundoff	public	theorem	282	NumStability.Source.Higham.Chapter19.Core	source_retained_outlier	approved_retained_outlier
NumStability.Source.Higham.Chapter19.Core	H19.Theorem19_13.mgs_qr_bounds_of_householder_upper_diag_csDiagonalRepair_of_small_unit_roundoff	public	theorem	283	NumStability.Source.Higham.Chapter19.Core	source_retained_outlier	approved_retained_outlier
NumStability.Source.Higham.Chapter19.Core	H19.Theorem19_13.mgs_qr_bounds_of_householder_upper_diag_csDiagonalRepair_of_stacked_budget_of_small_unit_roundoff	public	theorem	284	NumStability.Source.Higham.Chapter19.Core	source_retained_outlier	approved_retained_outlier
NumStability.Source.Higham.Chapter19.Core	H19.Theorem19_13.mgs_qr_bounds_of_householder_upper_diag_csPolarRepair_of_householder_stacked_double_residual_coefficient_budget_frobInv_of_small_unit_roundoff	public	theorem	285	NumStability.Source.Higham.Chapter19.Core	source_retained_outlier	approved_retained_outlier
NumStability.Source.Higham.Chapter19.Core	H19.Theorem19_13.mgs_qr_bounds_of_householder_upper_diag_csPolarRepair_of_householder_stacked_double_residual_coefficient_budget_of_small_unit_roundoff	public	theorem	286	NumStability.Source.Higham.Chapter19.Core	source_retained_outlier	approved_retained_outlier
NumStability.Source.Higham.Chapter19.Core	H19.Theorem19_13.mgs_qr_bounds_of_householder_upper_diag_repair_of_small_unit_roundoff	public	theorem	287	NumStability.Source.Higham.Chapter19.Core	source_retained_outlier	approved_retained_outlier
NumStability.Source.Higham.Chapter19.Core	H19.Theorem19_13.mgs_qr_bounds_of_storedTrailingPanel_R11_final_prevBlocks_det_uniform_step_budget_compact_condition_explicit_radius_of_small_unit_roundoff	public	theorem	288	NumStability.Source.Higham.Chapter19.Core	source_retained_outlier	approved_retained_outlier
NumStability.Source.Higham.Chapter19.Core	H19.Theorem19_13.mgs_qr_bounds_of_storedTrailingPanel_R11_final_prevBlocks_det_uniform_step_budget_frob_condition_explicit_radius_of_small_unit_roundoff	public	theorem	289	NumStability.Source.Higham.Chapter19.Core	source_retained_outlier	approved_retained_outlier
NumStability.Source.Higham.Chapter19.Core	H19.Theorem19_13.mgs_qr_bounds_of_storedTrailingPanel_R11_final_prevBlocks_det_uniform_step_budget_frob_self_condition_explicit_radius_of_small_unit_roundoff	public	theorem	290	NumStability.Source.Higham.Chapter19.Core	source_retained_outlier	approved_retained_outlier
NumStability.Source.Higham.Chapter19.Core	H19.Theorem19_13.mgs_qr_bounds_of_storedTrailingPanel_R11_final_prevBlocks_uniform_step_budget_frob_condition_explicit_radius_of_small_unit_roundoff	public	theorem	291	NumStability.Source.Higham.Chapter19.Core	source_retained_outlier	approved_retained_outlier
NumStability.Source.Higham.Chapter19.Core	H19.Theorem19_13.mgs_qr_bounds_of_storedTrailingPanel_R11_final_prevBlocks_uniform_step_budget_frob_self_condition_explicit_radius_of_small_unit_roundoff	public	theorem	292	NumStability.Source.Higham.Chapter19.Core	source_retained_outlier	approved_retained_outlier
NumStability.Source.Higham.Chapter19.Core	H19.Theorem19_13.mgs_qr_bounds_of_storedTrailingPanel_R11_uniform_step_budget_frob_condition_explicit_radius_of_small_unit_roundoff	public	theorem	293	NumStability.Source.Higham.Chapter19.Core	source_retained_outlier	approved_retained_outlier
NumStability.Source.Higham.Chapter19.Core	H19.Theorem19_13.mgs_qr_bounds_of_storedTrailingPanel_R11_uniform_step_budget_frob_self_condition_explicit_radius_of_small_unit_roundoff	public	theorem	294	NumStability.Source.Higham.Chapter19.Core	source_retained_outlier	approved_retained_outlier
NumStability.Source.Higham.Chapter19.Core	H19.Theorem19_13.mgs_qr_bounds_of_storedTrailingPanel_final_panel_eq_final_prevBlocks_det_uniform_step_budget_compact_condition_explicit_radius_of_small_unit_roundoff	public	theorem	295	NumStability.Source.Higham.Chapter19.Core	source_retained_outlier	approved_retained_outlier
NumStability.Source.Higham.Chapter19.Core	H19.Theorem19_13.mgs_qr_bounds_of_storedTrailingPanel_final_panel_eq_final_prevBlocks_det_uniform_step_budget_frob_condition_explicit_radius_of_small_unit_roundoff	public	theorem	296	NumStability.Source.Higham.Chapter19.Core	source_retained_outlier	approved_retained_outlier
NumStability.Source.Higham.Chapter19.Core	H19.Theorem19_13.mgs_qr_bounds_of_storedTrailingPanel_final_panel_eq_final_prevBlocks_det_uniform_step_budget_frob_self_condition_explicit_radius_of_small_unit_roundoff	public	theorem	297	NumStability.Source.Higham.Chapter19.Core	source_retained_outlier	approved_retained_outlier
NumStability.Source.Higham.Chapter19.Core	H19.Theorem19_13.mgs_qr_bounds_of_storedTrailingPanel_final_panel_eq_final_prevBlocks_uniform_step_budget_frob_condition_explicit_radius_of_small_unit_roundoff	public	theorem	298	NumStability.Source.Higham.Chapter19.Core	source_retained_outlier	approved_retained_outlier
NumStability.Source.Higham.Chapter19.Core	H19.Theorem19_13.mgs_qr_bounds_of_storedTrailingPanel_final_panel_eq_final_prevBlocks_uniform_step_budget_frob_self_condition_explicit_radius_of_small_unit_roundoff	public	theorem	299	NumStability.Source.Higham.Chapter19.Core	source_retained_outlier	approved_retained_outlier
NumStability.Source.Higham.Chapter19.Core	H19.Theorem19_13.mgs_qr_bounds_of_storedTrailingPanel_final_panel_eq_uniform_step_budget_frob_condition_explicit_radius_of_small_unit_roundoff	public	theorem	300	NumStability.Source.Higham.Chapter19.Core	source_retained_outlier	approved_retained_outlier
NumStability.Source.Higham.Chapter19.Core	H19.Theorem19_13.mgs_qr_bounds_of_storedTrailingPanel_final_panel_eq_uniform_step_budget_frob_self_condition_explicit_radius_of_small_unit_roundoff	public	theorem	301	NumStability.Source.Higham.Chapter19.Core	source_retained_outlier	approved_retained_outlier
NumStability.Source.Higham.Chapter19.Core	H19.Theorem19_13.normalizedBetaSpecCompactUpdateCompatible	public	definition	302	NumStability.Source.Higham.Chapter19.Core	source_retained_outlier	approved_retained_outlier
NumStability.Source.Higham.Chapter19.Core	H19.Theorem19_13.normalizedBetaSpecCompactUpdateCompatible_exactWithUnitRoundoff	public	theorem	303	NumStability.Source.Higham.Chapter19.Core	source_retained_outlier	approved_retained_outlier
NumStability.Source.Higham.Chapter19.Core	H19.Theorem19_13.normalizedBetaSpecCompactUpdateCompatible_of_exact_add_mul	public	theorem	304	NumStability.Source.Higham.Chapter19.Core	source_retained_outlier	approved_retained_outlier
NumStability.Source.Higham.Chapter19.Core	H19.Theorem19_13.normalizedBetaSpecCompactUpdateCompatible_of_exact_dotProduct_and_mul	public	theorem	305	NumStability.Source.Higham.Chapter19.Core	source_retained_outlier	approved_retained_outlier
NumStability.Source.Higham.Chapter19.Core	H19.Theorem19_13.oneTailNormalizedFacts_not_forall_from_tail_vector_eq_FPModel	public	theorem	306	NumStability.Source.Higham.Chapter19.Core	source_retained_outlier	approved_retained_outlier
NumStability.Source.Higham.Chapter19.Core	H19.Theorem19_13.orthogonalityResidual	public	definition	307	NumStability.Source.Higham.Chapter19.Core	source_retained_outlier	approved_retained_outlier
NumStability.Source.Higham.Chapter19.Core	H19.Theorem19_13.orthonormalColumns_rectOpNorm2Le_one	public	theorem	308	NumStability.Source.Higham.Chapter19.Core	source_retained_outlier	approved_retained_outlier
NumStability.Source.Higham.Chapter19.Core	H19.Theorem19_13.paddedBottomBlock	public	definition	309	NumStability.Source.Higham.Chapter19.Core	source_retained_outlier	approved_retained_outlier
NumStability.Source.Higham.Chapter19.Core	H19.Theorem19_13.paddedBottomBlock_paddedInput	public	theorem	310	NumStability.Source.Higham.Chapter19.Core	source_retained_outlier	approved_retained_outlier
NumStability.Source.Higham.Chapter19.Core	H19.Theorem19_13.paddedBottomBlock_paddedRBlock	public	theorem	311	NumStability.Source.Higham.Chapter19.Core	source_retained_outlier	approved_retained_outlier
NumStability.Source.Higham.Chapter19.Core	H19.Theorem19_13.paddedBottomBlock_perturbedInput	public	theorem	312	NumStability.Source.Higham.Chapter19.Core	source_retained_outlier	approved_retained_outlier
NumStability.Source.Higham.Chapter19.Core	H19.Theorem19_13.paddedBottomBlock_rowsFromFin	public	theorem	313	NumStability.Source.Higham.Chapter19.Core	source_retained_outlier	approved_retained_outlier
NumStability.Source.Higham.Chapter19.Core	H19.Theorem19_13.paddedBottomBlock_rowsFromFin_matMul_of_bottom_zero	public	theorem	314	NumStability.Source.Higham.Chapter19.Core	source_retained_outlier	approved_retained_outlier
NumStability.Source.Higham.Chapter19.Core	H19.Theorem19_13.paddedBottomBlock_rowsFromFin_of_upper	public	theorem	315	NumStability.Source.Higham.Chapter19.Core	source_retained_outlier	approved_retained_outlier
NumStability.Source.Higham.Chapter19.Core	H19.Theorem19_13.paddedBottomBlock_stackedBlocks	public	theorem	316	NumStability.Source.Higham.Chapter19.Core	source_retained_outlier	approved_retained_outlier
NumStability.Source.Higham.Chapter19.Core	H19.Theorem19_13.paddedBottomPerturbation	public	definition	317	NumStability.Source.Higham.Chapter19.Core	source_retained_outlier	approved_retained_outlier
NumStability.Source.Higham.Chapter19.Core	H19.Theorem19_13.paddedBottomPerturbation_perturbedInput	public	theorem	318	NumStability.Source.Higham.Chapter19.Core	source_retained_outlier	approved_retained_outlier
NumStability.Source.Higham.Chapter19.Core	H19.Theorem19_13.paddedColumnNorm	public	definition	319	NumStability.Source.Higham.Chapter19.Core	source_retained_outlier	approved_retained_outlier
NumStability.Source.Higham.Chapter19.Core	H19.Theorem19_13.paddedColumnNorm_paddedInput	public	theorem	320	NumStability.Source.Higham.Chapter19.Core	source_retained_outlier	approved_retained_outlier
NumStability.Source.Higham.Chapter19.Core	H19.Theorem19_13.paddedColumnNorm_rowsFromFin	public	theorem	321	NumStability.Source.Higham.Chapter19.Core	source_retained_outlier	approved_retained_outlier
NumStability.Source.Higham.Chapter19.Core	H19.Theorem19_13.paddedEconomyP11	public	definition	322	NumStability.Source.Higham.Chapter19.Core	source_retained_outlier	approved_retained_outlier
NumStability.Source.Higham.Chapter19.Core	H19.Theorem19_13.paddedEconomyP11_rectOpNorm2Le_of_top_product_right_inverse	public	theorem	323	NumStability.Source.Higham.Chapter19.Core	source_retained_outlier	approved_retained_outlier
NumStability.Source.Higham.Chapter19.Core	H19.Theorem19_13.paddedEconomyQ	public	definition	324	NumStability.Source.Higham.Chapter19.Core	source_retained_outlier	approved_retained_outlier
NumStability.Source.Higham.Chapter19.Core	H19.Theorem19_13.paddedEconomyQ_gram_eq_id_sub_P11_gram	public	theorem	325	NumStability.Source.Higham.Chapter19.Core	source_retained_outlier	approved_retained_outlier
NumStability.Source.Higham.Chapter19.Core	H19.Theorem19_13.paddedEconomyQ_orthogonalityResidual_eq_neg_P11_gram	public	theorem	326	NumStability.Source.Higham.Chapter19.Core	source_retained_outlier	approved_retained_outlier
NumStability.Source.Higham.Chapter19.Core	H19.Theorem19_13.paddedEconomyQ_orthogonalityResidual_opNorm2Le_of_P11_rectOpNorm2Le	public	theorem	327	NumStability.Source.Higham.Chapter19.Core	source_retained_outlier	approved_retained_outlier
NumStability.Source.Higham.Chapter19.Core	H19.Theorem19_13.paddedEconomyQ_orthogonalityResidual_opNorm2Le_of_stacked_bound_top_product_right_inverse	public	theorem	328	NumStability.Source.Higham.Chapter19.Core	source_retained_outlier	approved_retained_outlier
NumStability.Source.Higham.Chapter19.Core	H19.Theorem19_13.paddedEconomyQ_orthogonalityResidual_opNorm2Le_of_top_product_right_inverse	public	theorem	329	NumStability.Source.Higham.Chapter19.Core	source_retained_outlier	approved_retained_outlier
NumStability.Source.Higham.Chapter19.Core	H19.Theorem19_13.paddedEconomyR	public	definition	330	NumStability.Source.Higham.Chapter19.Core	source_retained_outlier	approved_retained_outlier
NumStability.Source.Higham.Chapter19.Core	H19.Theorem19_13.paddedEconomyR_upper_trapezoidal	public	theorem	331	NumStability.Source.Higham.Chapter19.Core	source_retained_outlier	approved_retained_outlier
NumStability.Source.Higham.Chapter19.Core	H19.Theorem19_13.paddedEconomy_blocks_gram_sum_eq_id	public	theorem	332	NumStability.Source.Higham.Chapter19.Core	source_retained_outlier	approved_retained_outlier
NumStability.Source.Higham.Chapter19.Core	H19.Theorem19_13.paddedFinInput	public	definition	333	NumStability.Source.Higham.Chapter19.Core	source_retained_outlier	approved_retained_outlier
NumStability.Source.Higham.Chapter19.Core	H19.Theorem19_13.paddedInput	public	definition	334	NumStability.Source.Higham.Chapter19.Core	source_retained_outlier	approved_retained_outlier
NumStability.Source.Higham.Chapter19.Core	H19.Theorem19_13.paddedPerturbedInput	public	definition	335	NumStability.Source.Higham.Chapter19.Core	source_retained_outlier	approved_retained_outlier
NumStability.Source.Higham.Chapter19.Core	H19.Theorem19_13.paddedPerturbedInput_bottom_eq_economyProduct	public	theorem	336	NumStability.Source.Higham.Chapter19.Core	source_retained_outlier	approved_retained_outlier
NumStability.Source.Higham.Chapter19.Core	H19.Theorem19_13.paddedPerturbedInput_eta	public	theorem	337	NumStability.Source.Higham.Chapter19.Core	source_retained_outlier	approved_retained_outlier
NumStability.Source.Higham.Chapter19.Core	H19.Theorem19_13.paddedPerturbedInput_top_eq_economyProduct	public	theorem	338	NumStability.Source.Higham.Chapter19.Core	source_retained_outlier	approved_retained_outlier
NumStability.Source.Higham.Chapter19.Core	H19.Theorem19_13.paddedPerturbedInput_zero	public	theorem	339	NumStability.Source.Higham.Chapter19.Core	source_retained_outlier	approved_retained_outlier
NumStability.Source.Higham.Chapter19.Core	H19.Theorem19_13.paddedRBlock	public	definition	340	NumStability.Source.Higham.Chapter19.Core	source_retained_outlier	approved_retained_outlier
NumStability.Source.Higham.Chapter19.Core	H19.Theorem19_13.paddedRowEquivFin	public	definition	341	NumStability.Source.Higham.Chapter19.Core	source_retained_outlier	approved_retained_outlier
NumStability.Source.Higham.Chapter19.Core	H19.Theorem19_13.paddedRowFromFin	public	definition	342	NumStability.Source.Higham.Chapter19.Core	source_retained_outlier	approved_retained_outlier
NumStability.Source.Higham.Chapter19.Core	H19.Theorem19_13.paddedRowFromFin_toFin_inl	public	theorem	343	NumStability.Source.Higham.Chapter19.Core	source_retained_outlier	approved_retained_outlier
NumStability.Source.Higham.Chapter19.Core	H19.Theorem19_13.paddedRowFromFin_toFin_inr	public	theorem	344	NumStability.Source.Higham.Chapter19.Core	source_retained_outlier	approved_retained_outlier
NumStability.Source.Higham.Chapter19.Core	H19.Theorem19_13.paddedRowToFin	public	definition	345	NumStability.Source.Higham.Chapter19.Core	source_retained_outlier	approved_retained_outlier
NumStability.Source.Higham.Chapter19.Core	H19.Theorem19_13.paddedRowsFromFin	public	definition	346	NumStability.Source.Higham.Chapter19.Core	source_retained_outlier	approved_retained_outlier
NumStability.Source.Higham.Chapter19.Core	H19.Theorem19_13.paddedRowsFromFin_finInput	public	theorem	347	NumStability.Source.Higham.Chapter19.Core	source_retained_outlier	approved_retained_outlier
NumStability.Source.Higham.Chapter19.Core	H19.Theorem19_13.paddedRowsFromFin_toFin	public	theorem	348	NumStability.Source.Higham.Chapter19.Core	source_retained_outlier	approved_retained_outlier
NumStability.Source.Higham.Chapter19.Core	H19.Theorem19_13.paddedRowsToFin	public	definition	349	NumStability.Source.Higham.Chapter19.Core	source_retained_outlier	approved_retained_outlier
NumStability.Source.Higham.Chapter19.Core	H19.Theorem19_13.paddedRowsToFin_fromFin	public	theorem	350	NumStability.Source.Higham.Chapter19.Core	source_retained_outlier	approved_retained_outlier
NumStability.Source.Higham.Chapter19.Core	H19.Theorem19_13.paddedStage	public	definition	351	NumStability.Source.Higham.Chapter19.Core	source_retained_outlier	approved_retained_outlier
NumStability.Source.Higham.Chapter19.Core	H19.Theorem19_13.paddedStage_bottom_of_lt	public	theorem	352	NumStability.Source.Higham.Chapter19.Core	source_retained_outlier	approved_retained_outlier
NumStability.Source.Higham.Chapter19.Core	H19.Theorem19_13.paddedStage_bottom_of_not_lt	public	theorem	353	NumStability.Source.Higham.Chapter19.Core	source_retained_outlier	approved_retained_outlier
NumStability.Source.Higham.Chapter19.Core	H19.Theorem19_13.paddedStage_final	public	theorem	354	NumStability.Source.Higham.Chapter19.Core	source_retained_outlier	approved_retained_outlier
NumStability.Source.Higham.Chapter19.Core	H19.Theorem19_13.paddedStage_top_of_lt	public	theorem	355	NumStability.Source.Higham.Chapter19.Core	source_retained_outlier	approved_retained_outlier
NumStability.Source.Higham.Chapter19.Core	H19.Theorem19_13.paddedStage_top_of_not_lt	public	theorem	356	NumStability.Source.Higham.Chapter19.Core	source_retained_outlier	approved_retained_outlier
NumStability.Source.Higham.Chapter19.Core	H19.Theorem19_13.paddedStage_zero	public	theorem	357	NumStability.Source.Higham.Chapter19.Core	source_retained_outlier	approved_retained_outlier
NumStability.Source.Higham.Chapter19.Core	H19.Theorem19_13.paddedTopBlock	public	definition	358	NumStability.Source.Higham.Chapter19.Core	source_retained_outlier	approved_retained_outlier
NumStability.Source.Higham.Chapter19.Core	H19.Theorem19_13.paddedTopBlock_paddedInput	public	theorem	359	NumStability.Source.Higham.Chapter19.Core	source_retained_outlier	approved_retained_outlier
NumStability.Source.Higham.Chapter19.Core	H19.Theorem19_13.paddedTopBlock_paddedRBlock	public	theorem	360	NumStability.Source.Higham.Chapter19.Core	source_retained_outlier	approved_retained_outlier
NumStability.Source.Higham.Chapter19.Core	H19.Theorem19_13.paddedTopBlock_perturbedInput	public	theorem	361	NumStability.Source.Higham.Chapter19.Core	source_retained_outlier	approved_retained_outlier
NumStability.Source.Higham.Chapter19.Core	H19.Theorem19_13.paddedTopBlock_rowsFromFin	public	theorem	362	NumStability.Source.Higham.Chapter19.Core	source_retained_outlier	approved_retained_outlier
NumStability.Source.Higham.Chapter19.Core	H19.Theorem19_13.paddedTopBlock_rowsFromFin_matMul_of_bottom_zero	public	theorem	363	NumStability.Source.Higham.Chapter19.Core	source_retained_outlier	approved_retained_outlier
NumStability.Source.Higham.Chapter19.Core	H19.Theorem19_13.paddedTopBlock_stackedBlocks	public	theorem	364	NumStability.Source.Higham.Chapter19.Core	source_retained_outlier	approved_retained_outlier
NumStability.Source.Higham.Chapter19.Core	H19.Theorem19_13.paddedTopPerturbation	public	definition	365	NumStability.Source.Higham.Chapter19.Core	source_retained_outlier	approved_retained_outlier
NumStability.Source.Higham.Chapter19.Core	H19.Theorem19_13.paddedTopPerturbation_perturbedInput	public	theorem	366	NumStability.Source.Higham.Chapter19.Core	source_retained_outlier	approved_retained_outlier
NumStability.Source.Higham.Chapter19.Core	H19.Theorem19_13.panelFirstColumnTailZero_firstStoredPanelStep	public	theorem	367	NumStability.Source.Higham.Chapter19.Core	source_retained_outlier	approved_retained_outlier
NumStability.Source.Higham.Chapter19.Core	H19.Theorem19_13.panelFirstColumnTailZero_storedPanelStep_of_pos	public	theorem	368	NumStability.Source.Higham.Chapter19.Core	source_retained_outlier	approved_retained_outlier
NumStability.Source.Higham.Chapter19.Core	H19.Theorem19_13.panelFirstColumnTailZero_storedPanelStep_succ	public	theorem	369	NumStability.Source.Higham.Chapter19.Core	source_retained_outlier	approved_retained_outlier
NumStability.Source.Higham.Chapter19.Core	H19.Theorem19_13.panelFirstColumnTailZero_storedSequence_after_firstStep	public	theorem	370	NumStability.Source.Higham.Chapter19.Core	source_retained_outlier	approved_retained_outlier
NumStability.Source.Higham.Chapter19.Core	H19.Theorem19_13.panelFirstColumn_ne_zero_of_first_leadingBlock_det_ne_zero	public	theorem	371	NumStability.Source.Higham.Chapter19.Core	source_retained_outlier	approved_retained_outlier
NumStability.Source.Higham.Chapter19.Core	H19.Theorem19_13.panelTopLeft_qrPanel_R_eq_firstStoredPanelStep_of_first_leadingBlock_det_ne_zero	public	theorem	372	NumStability.Source.Higham.Chapter19.Core	source_retained_outlier	approved_retained_outlier
NumStability.Source.Higham.Chapter19.Core	H19.Theorem19_13.panelTopLeft_qrPanel_R_nonzero_eq_firstStoredPanelStep	public	theorem	373	NumStability.Source.Higham.Chapter19.Core	source_retained_outlier	approved_retained_outlier
NumStability.Source.Higham.Chapter19.Core	H19.Theorem19_13.panelTopRowTail_qrPanel_R_eq_firstStoredPanelStep_of_first_leadingBlock_det_ne_zero	public	theorem	374	NumStability.Source.Higham.Chapter19.Core	source_retained_outlier	approved_retained_outlier
NumStability.Source.Higham.Chapter19.Core	H19.Theorem19_13.panelTopRowTail_qrPanel_R_nonzero_eq_firstStoredPanelStep	public	theorem	375	NumStability.Source.Higham.Chapter19.Core	source_retained_outlier	approved_retained_outlier
NumStability.Source.Higham.Chapter19.Core	H19.Theorem19_13.panelTopRowTail_storedPanelStep_eq_of_top_zero	public	theorem	376	NumStability.Source.Higham.Chapter19.Core	source_retained_outlier	approved_retained_outlier
NumStability.Source.Higham.Chapter19.Core	H19.Theorem19_13.panelTopRowTail_storedPanelStep_succ_zeroPrefix_eq_of_fl_sub_zero	public	theorem	377	NumStability.Source.Higham.Chapter19.Core	source_retained_outlier	approved_retained_outlier
NumStability.Source.Higham.Chapter19.Core	H19.Theorem19_13.panelTopRowTail_storedPanelStep_succ_zeroPrefix_eq_of_fl_sub_zero_anyCols	public	theorem	378	NumStability.Source.Higham.Chapter19.Core	source_retained_outlier	approved_retained_outlier
NumStability.Source.Higham.Chapter19.Core	H19.Theorem19_13.panelTopRowTail_storedPanelStep_succ_zeroPrefix_eq_of_fl_sub_zero_of_succ	public	theorem	379	NumStability.Source.Higham.Chapter19.Core	source_retained_outlier	approved_retained_outlier
NumStability.Source.Higham.Chapter19.Core	H19.Theorem19_13.panelTopRowTail_storedPanelStep_succ_zeroPrefix_eq_of_subtractZeroExact	public	theorem	380	NumStability.Source.Higham.Chapter19.Core	source_retained_outlier	approved_retained_outlier
NumStability.Source.Higham.Chapter19.Core	H19.Theorem19_13.panelTopRowTail_storedPanelStep_succ_zeroPrefix_eq_of_subtractZeroExact_anyCols	public	theorem	381	NumStability.Source.Higham.Chapter19.Core	source_retained_outlier	approved_retained_outlier
NumStability.Source.Higham.Chapter19.Core	H19.Theorem19_13.panelTopRowTail_storedPanelStep_succ_zeroPrefix_eq_of_subtractZeroExact_of_succ	public	theorem	382	NumStability.Source.Higham.Chapter19.Core	source_retained_outlier	approved_retained_outlier
NumStability.Source.Higham.Chapter19.Core	H19.Theorem19_13.panelTopRowTail_storedSequence_eq_add_of_top_zero	public	theorem	383	NumStability.Source.Higham.Chapter19.Core	source_retained_outlier	approved_retained_outlier
NumStability.Source.Higham.Chapter19.Core	H19.Theorem19_13.panelTopRowTail_storedSequence_eq_final_of_top_zero	public	theorem	384	NumStability.Source.Higham.Chapter19.Core	source_retained_outlier	approved_retained_outlier
NumStability.Source.Higham.Chapter19.Core	H19.Theorem19_13.panelTopRowTail_trailingPanel_storedPanelStep_eq_of_second_row_zero	public	theorem	385	NumStability.Source.Higham.Chapter19.Core	source_retained_outlier	approved_retained_outlier
NumStability.Source.Higham.Chapter19.Core	H19.Theorem19_13.panelTopRowTail_trailingPanel_storedSequence_eq_add_of_second_row_zero	public	theorem	386	NumStability.Source.Higham.Chapter19.Core	source_retained_outlier	approved_retained_outlier
NumStability.Source.Higham.Chapter19.Core	H19.Theorem19_13.panelTopRowTail_trailingPanel_storedSequence_eq_final_of_second_row_zero	public	theorem	387	NumStability.Source.Higham.Chapter19.Core	source_retained_outlier	approved_retained_outlier
NumStability.Source.Higham.Chapter19.Core	H19.Theorem19_13.problem1912_add_factor_exists_of_bottom_orthonormal	public	theorem	388	NumStability.Source.Higham.Chapter19.Core	source_retained_outlier	approved_retained_outlier
NumStability.Source.Higham.Chapter19.Core	H19.Theorem19_13.problem1912_add_factor_exists_of_completedRightGramPolar	public	theorem	389	NumStability.Source.Higham.Chapter19.Core	source_retained_outlier	approved_retained_outlier
NumStability.Source.Higham.Chapter19.Core	H19.Theorem19_13.problem1912_add_factor_exists_of_csDiagonalFactorData	public	theorem	390	NumStability.Source.Higham.Chapter19.Core	source_retained_outlier	approved_retained_outlier
NumStability.Source.Higham.Chapter19.Core	H19.Theorem19_13.problem1912_add_factor_exists_of_csDiagonalFactorData_nonempty	public	theorem	391	NumStability.Source.Higham.Chapter19.Core	source_retained_outlier	approved_retained_outlier
NumStability.Source.Higham.Chapter19.Core	H19.Theorem19_13.problem1912_add_factor_exists_of_csPolarInput	public	theorem	392	NumStability.Source.Higham.Chapter19.Core	source_retained_outlier	approved_retained_outlier
NumStability.Source.Higham.Chapter19.Core	H19.Theorem19_13.problem1912_add_factor_exists_of_csPolarInput_fullPositiveRightGram	public	theorem	393	NumStability.Source.Higham.Chapter19.Core	source_retained_outlier	approved_retained_outlier
NumStability.Source.Higham.Chapter19.Core	H19.Theorem19_13.problem1912_add_factor_exists_of_csPolarInput_top_gram_zero	public	theorem	394	NumStability.Source.Higham.Chapter19.Core	source_retained_outlier	approved_retained_outlier
NumStability.Source.Higham.Chapter19.Core	H19.Theorem19_13.problem1912_add_factor_exists_of_csPolarInput_top_zero	public	theorem	395	NumStability.Source.Higham.Chapter19.Core	source_retained_outlier	approved_retained_outlier
NumStability.Source.Higham.Chapter19.Core	H19.Theorem19_13.problem1912_add_factor_exists_of_csPolarInput_zeroOrFullPositiveRightGram	public	theorem	396	NumStability.Source.Higham.Chapter19.Core	source_retained_outlier	approved_retained_outlier
NumStability.Source.Higham.Chapter19.Core	H19.Theorem19_13.problem1912_add_factor_exists_of_fullPositiveRightGram	public	theorem	397	NumStability.Source.Higham.Chapter19.Core	source_retained_outlier	approved_retained_outlier
NumStability.Source.Higham.Chapter19.Core	H19.Theorem19_13.problem1912_add_factor_exists_of_polarFactorData	public	theorem	398	NumStability.Source.Higham.Chapter19.Core	source_retained_outlier	approved_retained_outlier
NumStability.Source.Higham.Chapter19.Core	H19.Theorem19_13.problem1912_add_factor_exists_of_polarFactorData_nonempty	public	theorem	399	NumStability.Source.Higham.Chapter19.Core	source_retained_outlier	approved_retained_outlier
NumStability.Source.Higham.Chapter19.Core	H19.Theorem19_13.problem1912_add_factor_exists_of_rightGramPolarCompletion	public	theorem	400	NumStability.Source.Higham.Chapter19.Core	source_retained_outlier	approved_retained_outlier
NumStability.Source.Higham.Chapter19.Core	H19.Theorem19_13.problem1912_add_factor_gram_sum_not_dimension_free	public	theorem	401	NumStability.Source.Higham.Chapter19.Core	source_retained_outlier	approved_retained_outlier
NumStability.Source.Higham.Chapter19.Core	H19.Theorem19_13.problem1912_columnFrob_matMulRect_le_rectOpNorm2_mul_columnFrob	public	theorem	402	NumStability.Source.Higham.Chapter19.Core	source_retained_outlier	approved_retained_outlier
NumStability.Source.Higham.Chapter19.Core	H19.Theorem19_13.problem1912_correctionMapData_add_factor_eq	public	theorem	403	NumStability.Source.Higham.Chapter19.Core	source_retained_outlier	approved_retained_outlier
NumStability.Source.Higham.Chapter19.Core	H19.Theorem19_13.problem1912_correctionMapData_exists_of_bottom_orthonormal	public	theorem	404	NumStability.Source.Higham.Chapter19.Core	source_retained_outlier	approved_retained_outlier
NumStability.Source.Higham.Chapter19.Core	H19.Theorem19_13.problem1912_correctionMapData_exists_of_completedRightGramPolar	public	theorem	405	NumStability.Source.Higham.Chapter19.Core	source_retained_outlier	approved_retained_outlier
NumStability.Source.Higham.Chapter19.Core	H19.Theorem19_13.problem1912_correctionMapData_exists_of_csDiagonalFactorData	public	theorem	406	NumStability.Source.Higham.Chapter19.Core	source_retained_outlier	approved_retained_outlier
NumStability.Source.Higham.Chapter19.Core	H19.Theorem19_13.problem1912_correctionMapData_exists_of_csDiagonalFactorData_nonempty	public	theorem	407	NumStability.Source.Higham.Chapter19.Core	source_retained_outlier	approved_retained_outlier
NumStability.Source.Higham.Chapter19.Core	H19.Theorem19_13.problem1912_correctionMapData_exists_of_csPolarInput	public	theorem	408	NumStability.Source.Higham.Chapter19.Core	source_retained_outlier	approved_retained_outlier
NumStability.Source.Higham.Chapter19.Core	H19.Theorem19_13.problem1912_correctionMapData_exists_of_csPolarInput_fullPositiveRightGram	public	theorem	409	NumStability.Source.Higham.Chapter19.Core	source_retained_outlier	approved_retained_outlier
NumStability.Source.Higham.Chapter19.Core	H19.Theorem19_13.problem1912_correctionMapData_exists_of_csPolarInput_top_gram_zero	public	theorem	410	NumStability.Source.Higham.Chapter19.Core	source_retained_outlier	approved_retained_outlier
NumStability.Source.Higham.Chapter19.Core	H19.Theorem19_13.problem1912_correctionMapData_exists_of_csPolarInput_top_zero	public	theorem	411	NumStability.Source.Higham.Chapter19.Core	source_retained_outlier	approved_retained_outlier
NumStability.Source.Higham.Chapter19.Core	H19.Theorem19_13.problem1912_correctionMapData_exists_of_csPolarInput_zeroOrFullPositiveRightGram	public	theorem	412	NumStability.Source.Higham.Chapter19.Core	source_retained_outlier	approved_retained_outlier
NumStability.Source.Higham.Chapter19.Core	H19.Theorem19_13.problem1912_correctionMapData_exists_of_fullPositiveRightGram	public	theorem	413	NumStability.Source.Higham.Chapter19.Core	source_retained_outlier	approved_retained_outlier
NumStability.Source.Higham.Chapter19.Core	H19.Theorem19_13.problem1912_correctionMapData_exists_of_polarFactorData	public	theorem	414	NumStability.Source.Higham.Chapter19.Core	source_retained_outlier	approved_retained_outlier
NumStability.Source.Higham.Chapter19.Core	H19.Theorem19_13.problem1912_correctionMapData_exists_of_polarFactorData_nonempty	public	theorem	415	NumStability.Source.Higham.Chapter19.Core	source_retained_outlier	approved_retained_outlier
NumStability.Source.Higham.Chapter19.Core	H19.Theorem19_13.problem1912_correctionMapData_exists_of_rightGramPolarCompletion	public	theorem	416	NumStability.Source.Higham.Chapter19.Core	source_retained_outlier	approved_retained_outlier
NumStability.Source.Higham.Chapter19.Core	H19.Theorem19_13.problem1912_correctionMapData_of_add_factor	public	theorem	417	NumStability.Source.Higham.Chapter19.Core	source_retained_outlier	approved_retained_outlier
NumStability.Source.Higham.Chapter19.Core	H19.Theorem19_13.problem1912_correctionMapData_of_csAlgebra	public	theorem	418	NumStability.Source.Higham.Chapter19.Core	source_retained_outlier	approved_retained_outlier
NumStability.Source.Higham.Chapter19.Core	H19.Theorem19_13.problem1912_correctionMapData_of_csDiagonalAlgebra	public	theorem	419	NumStability.Source.Higham.Chapter19.Core	source_retained_outlier	approved_retained_outlier
NumStability.Source.Higham.Chapter19.Core	H19.Theorem19_13.problem1912_correctionMapData_of_csDiagonalFactorData	public	theorem	420	NumStability.Source.Higham.Chapter19.Core	source_retained_outlier	approved_retained_outlier
NumStability.Source.Higham.Chapter19.Core	H19.Theorem19_13.problem1912_correctionMapData_of_csOrthogonalAlgebra	public	theorem	421	NumStability.Source.Higham.Chapter19.Core	source_retained_outlier	approved_retained_outlier
NumStability.Source.Higham.Chapter19.Core	H19.Theorem19_13.problem1912_correctionMapData_of_polarAlgebra	public	theorem	422	NumStability.Source.Higham.Chapter19.Core	source_retained_outlier	approved_retained_outlier
NumStability.Source.Higham.Chapter19.Core	H19.Theorem19_13.problem1912_correctionMapData_to_correctionMap	public	theorem	423	NumStability.Source.Higham.Chapter19.Core	source_retained_outlier	approved_retained_outlier
NumStability.Source.Higham.Chapter19.Core	H19.Theorem19_13.problem1912_correctionMap_of_csAlgebra	public	theorem	424	NumStability.Source.Higham.Chapter19.Core	source_retained_outlier	approved_retained_outlier
NumStability.Source.Higham.Chapter19.Core	H19.Theorem19_13.problem1912_correctionMap_of_csDiagonalAlgebra	public	theorem	425	NumStability.Source.Higham.Chapter19.Core	source_retained_outlier	approved_retained_outlier
NumStability.Source.Higham.Chapter19.Core	H19.Theorem19_13.problem1912_correctionMap_of_csOrthogonalAlgebra	public	theorem	426	NumStability.Source.Higham.Chapter19.Core	source_retained_outlier	approved_retained_outlier
NumStability.Source.Higham.Chapter19.Core	H19.Theorem19_13.problem1912_csAlgebra_correction_factor	public	theorem	427	NumStability.Source.Higham.Chapter19.Core	source_retained_outlier	approved_retained_outlier
NumStability.Source.Higham.Chapter19.Core	H19.Theorem19_13.problem1912_csDiagonalFactorData_add_factor_eq	public	theorem	428	NumStability.Source.Higham.Chapter19.Core	source_retained_outlier	approved_retained_outlier
NumStability.Source.Higham.Chapter19.Core	H19.Theorem19_13.problem1912_csDiagonalFactorData_exists_of_csDiagonalAlgebra	public	theorem	429	NumStability.Source.Higham.Chapter19.Core	source_retained_outlier	approved_retained_outlier
NumStability.Source.Higham.Chapter19.Core	H19.Theorem19_13.problem1912_csDiagonalFactorData_gram_sum_eq_id	public	theorem	430	NumStability.Source.Higham.Chapter19.Core	source_retained_outlier	approved_retained_outlier
NumStability.Source.Higham.Chapter19.Core	H19.Theorem19_13.problem1912_csDiagonalFactorData_nonempty_of_csDiagonalAlgebra	public	theorem	431	NumStability.Source.Higham.Chapter19.Core	source_retained_outlier	approved_retained_outlier
NumStability.Source.Higham.Chapter19.Core	H19.Theorem19_13.problem1912_csDiagonalFactorData_of_csDiagonalAlgebra	public	definition	432	NumStability.Source.Higham.Chapter19.Core	source_retained_outlier	approved_retained_outlier
NumStability.Source.Higham.Chapter19.Core	H19.Theorem19_13.problem1912_csDiagonalFactorData_p11_opNorm2Le_one	public	theorem	433	NumStability.Source.Higham.Chapter19.Core	source_retained_outlier	approved_retained_outlier
NumStability.Source.Higham.Chapter19.Core	H19.Theorem19_13.problem1912_csDiagonalFactorData_p21_rectOpNorm2Le_one	public	theorem	434	NumStability.Source.Higham.Chapter19.Core	source_retained_outlier	approved_retained_outlier
NumStability.Source.Higham.Chapter19.Core	H19.Theorem19_13.problem1912_csDiagonal_gram_sum_eq_id	public	theorem	435	NumStability.Source.Higham.Chapter19.Core	source_retained_outlier	approved_retained_outlier
NumStability.Source.Higham.Chapter19.Core	H19.Theorem19_13.problem1912_csDiagonal_square_sum	public	theorem	436	NumStability.Source.Higham.Chapter19.Core	source_retained_outlier	approved_retained_outlier
NumStability.Source.Higham.Chapter19.Core	H19.Theorem19_13.problem1912_csPolarInput_bottom_orthonormal_of_top_gram_zero	public	theorem	437	NumStability.Source.Higham.Chapter19.Core	source_retained_outlier	approved_retained_outlier
NumStability.Source.Higham.Chapter19.Core	H19.Theorem19_13.problem1912_csPolarInput_bottom_orthonormal_of_top_zero	public	theorem	438	NumStability.Source.Higham.Chapter19.Core	source_retained_outlier	approved_retained_outlier
NumStability.Source.Higham.Chapter19.Core	H19.Theorem19_13.problem1912_csPolarInput_grams_commute	public	theorem	439	NumStability.Source.Higham.Chapter19.Core	source_retained_outlier	approved_retained_outlier
NumStability.Source.Higham.Chapter19.Core	H19.Theorem19_13.problem1912_csPolarInput_of_csDiagonalFactorData	public	theorem	440	NumStability.Source.Higham.Chapter19.Core	source_retained_outlier	approved_retained_outlier
NumStability.Source.Higham.Chapter19.Core	H19.Theorem19_13.problem1912_csPolarInput_of_paddedEconomy_blocks	public	theorem	441	NumStability.Source.Higham.Chapter19.Core	source_retained_outlier	approved_retained_outlier
NumStability.Source.Higham.Chapter19.Core	H19.Theorem19_13.problem1912_csPolarInput_p11_gram_eq_id_sub_p21_gram	public	theorem	442	NumStability.Source.Higham.Chapter19.Core	source_retained_outlier	approved_retained_outlier
NumStability.Source.Higham.Chapter19.Core	H19.Theorem19_13.problem1912_csPolarInput_p11_gram_eq_id_sub_polarH_sq	public	theorem	443	NumStability.Source.Higham.Chapter19.Core	source_retained_outlier	approved_retained_outlier
NumStability.Source.Higham.Chapter19.Core	H19.Theorem19_13.problem1912_csPolarInput_p11_gram_eq_id_sub_polarH_sq_of_polarH_sq	public	theorem	444	NumStability.Source.Higham.Chapter19.Core	source_retained_outlier	approved_retained_outlier
NumStability.Source.Higham.Chapter19.Core	H19.Theorem19_13.problem1912_csPolarInput_p11_gram_symmetric	public	theorem	445	NumStability.Source.Higham.Chapter19.Core	source_retained_outlier	approved_retained_outlier
NumStability.Source.Higham.Chapter19.Core	H19.Theorem19_13.problem1912_csPolarInput_p11_opNorm2Le_one	public	theorem	446	NumStability.Source.Higham.Chapter19.Core	source_retained_outlier	approved_retained_outlier
NumStability.Source.Higham.Chapter19.Core	H19.Theorem19_13.problem1912_csPolarInput_p21_gram_eq_id_sub_p11_gram	public	theorem	447	NumStability.Source.Higham.Chapter19.Core	source_retained_outlier	approved_retained_outlier
NumStability.Source.Higham.Chapter19.Core	H19.Theorem19_13.problem1912_csPolarInput_p21_gram_symmetric	public	theorem	448	NumStability.Source.Higham.Chapter19.Core	source_retained_outlier	approved_retained_outlier
NumStability.Source.Higham.Chapter19.Core	H19.Theorem19_13.problem1912_csPolarInput_p21_rectOpNorm2Le_one	public	theorem	449	NumStability.Source.Higham.Chapter19.Core	source_retained_outlier	approved_retained_outlier
NumStability.Source.Higham.Chapter19.Core	H19.Theorem19_13.problem1912_csPolarInput_top_zero_of_top_gram_zero	public	theorem	450	NumStability.Source.Higham.Chapter19.Core	source_retained_outlier	approved_retained_outlier
NumStability.Source.Higham.Chapter19.Core	H19.Theorem19_13.problem1912_fullPositivePolarBridgeT_mul_p11	public	theorem	451	NumStability.Source.Higham.Chapter19.Core	source_retained_outlier	approved_retained_outlier
NumStability.Source.Higham.Chapter19.Core	H19.Theorem19_13.problem1912_fullPositivePolarBridgeT_opNorm2Le_one	public	theorem	452	NumStability.Source.Higham.Chapter19.Core	source_retained_outlier	approved_retained_outlier
NumStability.Source.Higham.Chapter19.Core	H19.Theorem19_13.problem1912_matMul_finiteDiagonal_csHalfTangent	public	theorem	453	NumStability.Source.Higham.Chapter19.Core	source_retained_outlier	approved_retained_outlier
NumStability.Source.Higham.Chapter19.Core	H19.Theorem19_13.problem1912_matMul_finiteDiagonal_csSquareSum	public	theorem	454	NumStability.Source.Higham.Chapter19.Core	source_retained_outlier	approved_retained_outlier
NumStability.Source.Higham.Chapter19.Core	H19.Theorem19_13.problem1912_opNorm2Le_finiteDiagonal_csCosine	public	theorem	455	NumStability.Source.Higham.Chapter19.Core	source_retained_outlier	approved_retained_outlier
NumStability.Source.Higham.Chapter19.Core	H19.Theorem19_13.problem1912_opNorm2Le_finiteDiagonal_csHalfTangent	public	theorem	456	NumStability.Source.Higham.Chapter19.Core	source_retained_outlier	approved_retained_outlier
NumStability.Source.Higham.Chapter19.Core	H19.Theorem19_13.problem1912_opNorm2Le_finiteDiagonal_csSine	public	theorem	457	NumStability.Source.Higham.Chapter19.Core	source_retained_outlier	approved_retained_outlier
NumStability.Source.Higham.Chapter19.Core	H19.Theorem19_13.problem1912_p11_opNorm2Le_one_of_csDiagonalAlgebra	public	theorem	458	NumStability.Source.Higham.Chapter19.Core	source_retained_outlier	approved_retained_outlier
NumStability.Source.Higham.Chapter19.Core	H19.Theorem19_13.problem1912_p21_rectOpNorm2Le_one_of_csDiagonalAlgebra	public	theorem	459	NumStability.Source.Higham.Chapter19.Core	source_retained_outlier	approved_retained_outlier
NumStability.Source.Higham.Chapter19.Core	H19.Theorem19_13.problem1912_polarAlgebra_correction_factor	public	theorem	460	NumStability.Source.Higham.Chapter19.Core	source_retained_outlier	approved_retained_outlier
NumStability.Source.Higham.Chapter19.Core	H19.Theorem19_13.problem1912_polarFactorData_add_factor_eq	public	theorem	461	NumStability.Source.Higham.Chapter19.Core	source_retained_outlier	approved_retained_outlier
NumStability.Source.Higham.Chapter19.Core	H19.Theorem19_13.problem1912_polarFactorData_of_completedRightGramPolar	public	definition	462	NumStability.Source.Higham.Chapter19.Core	source_retained_outlier	approved_retained_outlier
NumStability.Source.Higham.Chapter19.Core	H19.Theorem19_13.problem1912_polarFactorData_of_csPolarInput_fullPositiveRightGram	public	definition	463	NumStability.Source.Higham.Chapter19.Core	source_retained_outlier	approved_retained_outlier
NumStability.Source.Higham.Chapter19.Core	H19.Theorem19_13.problem1912_polarFactorData_of_fullPositiveRightGram	public	definition	464	NumStability.Source.Higham.Chapter19.Core	source_retained_outlier	approved_retained_outlier
NumStability.Source.Higham.Chapter19.Core	H19.Theorem19_13.problem1912_polarFactorData_of_rightGramPolarCompletion	public	definition	465	NumStability.Source.Higham.Chapter19.Core	source_retained_outlier	approved_retained_outlier
NumStability.Source.Higham.Chapter19.Core	H19.Theorem19_13.problem1912_polarFactorData_to_correctionMapData	public	theorem	466	NumStability.Source.Higham.Chapter19.Core	source_retained_outlier	approved_retained_outlier
NumStability.Source.Higham.Chapter19.Core	H19.Theorem19_13.problem1912_rectangularGram_eq_zero_iff	public	theorem	467	NumStability.Source.Higham.Chapter19.Core	source_retained_outlier	approved_retained_outlier
NumStability.Source.Higham.Chapter19.Core	H19.Theorem19_13.problem1912_remainingMixedBranch_of_not_zeroOrFullPositiveRightGram	public	theorem	468	NumStability.Source.Higham.Chapter19.Core	source_retained_outlier	approved_retained_outlier
NumStability.Source.Higham.Chapter19.Core	H19.Theorem19_13.problem1912_repair_of_correctionMap	public	theorem	469	NumStability.Source.Higham.Chapter19.Core	source_retained_outlier	approved_retained_outlier
NumStability.Source.Higham.Chapter19.Core	H19.Theorem19_13.problem1912_repair_of_correctionMapData	public	theorem	470	NumStability.Source.Higham.Chapter19.Core	source_retained_outlier	approved_retained_outlier
NumStability.Source.Higham.Chapter19.Core	H19.Theorem19_13.problem1912_repair_of_correctionMapData_of_perturbation_bounds	public	theorem	471	NumStability.Source.Higham.Chapter19.Core	source_retained_outlier	approved_retained_outlier
NumStability.Source.Higham.Chapter19.Core	H19.Theorem19_13.problem1912_repair_of_correctionMap_of_perturbation_bounds	public	theorem	472	NumStability.Source.Higham.Chapter19.Core	source_retained_outlier	approved_retained_outlier
NumStability.Source.Higham.Chapter19.Core	H19.Theorem19_13.problem1912_repair_of_csDiagonalAlgebra	public	theorem	473	NumStability.Source.Higham.Chapter19.Core	source_retained_outlier	approved_retained_outlier
NumStability.Source.Higham.Chapter19.Core	H19.Theorem19_13.problem1912_repair_of_csDiagonalAlgebra_of_perturbation_bounds	public	theorem	474	NumStability.Source.Higham.Chapter19.Core	source_retained_outlier	approved_retained_outlier
NumStability.Source.Higham.Chapter19.Core	H19.Theorem19_13.problem1912_repairedPerturbation_columnFrob_le_of_column_budget	public	theorem	475	NumStability.Source.Higham.Chapter19.Core	source_retained_outlier	approved_retained_outlier
NumStability.Source.Higham.Chapter19.Core	H19.Theorem19_13.problem1912_repairedPerturbation_rectOpNorm2Le_of_bounds	public	theorem	476	NumStability.Source.Higham.Chapter19.Core	source_retained_outlier	approved_retained_outlier
NumStability.Source.Higham.Chapter19.Core	H19.Theorem19_13.problem1912_rightGramPolarBridgeT_mul_p11_of_polarH_sq	public	theorem	477	NumStability.Source.Higham.Chapter19.Core	source_retained_outlier	approved_retained_outlier
NumStability.Source.Higham.Chapter19.Core	H19.Theorem19_13.problem1912_rightGramPolarBridgeT_opNorm2Le_one	public	theorem	478	NumStability.Source.Higham.Chapter19.Core	source_retained_outlier	approved_retained_outlier
NumStability.Source.Higham.Chapter19.Core	H19.Theorem19_13.problem1912_rightGramPolarCompletion_exists	public	theorem	479	NumStability.Source.Higham.Chapter19.Core	source_retained_outlier	approved_retained_outlier
NumStability.Source.Higham.Chapter19.Core	H19.Theorem19_13.problem1912_rightGramPolarH_sq_eq_rectangularGram	public	theorem	480	NumStability.Source.Higham.Chapter19.Core	source_retained_outlier	approved_retained_outlier
NumStability.Source.Higham.Chapter19.Core	H19.Theorem19_13.problem1912_rightGramPolarH_sq_eq_rectangularGram_of_pos	public	theorem	481	NumStability.Source.Higham.Chapter19.Core	source_retained_outlier	approved_retained_outlier
NumStability.Source.Higham.Chapter19.Core	H19.Theorem19_13.problem1912_rightGramPolarH_sq_eq_spectral_square	public	theorem	482	NumStability.Source.Higham.Chapter19.Core	source_retained_outlier	approved_retained_outlier
NumStability.Source.Higham.Chapter19.Core	H19.Theorem19_13.problem1912_rightGramPolarH_symmetric	public	theorem	483	NumStability.Source.Higham.Chapter19.Core	source_retained_outlier	approved_retained_outlier
NumStability.Source.Higham.Chapter19.Core	H19.Theorem19_13.problem1912_rightGramPolarQFull_mul_polarH_of_pos	public	theorem	484	NumStability.Source.Higham.Chapter19.Core	source_retained_outlier	approved_retained_outlier
NumStability.Source.Higham.Chapter19.Core	H19.Theorem19_13.problem1912_rightGramPolarQFull_orthonormal_of_pos	public	theorem	485	NumStability.Source.Higham.Chapter19.Core	source_retained_outlier	approved_retained_outlier
NumStability.Source.Higham.Chapter19.Core	H19.Theorem19_13.problem1912_rightGramPolarQZeroSafe_mul_polarH	public	theorem	486	NumStability.Source.Higham.Chapter19.Core	source_retained_outlier	approved_retained_outlier
NumStability.Source.Higham.Chapter19.Core	H19.Theorem19_13.problem1912_rightGramPolarResolvent_mul_id_sub_polarH_sq	public	theorem	487	NumStability.Source.Higham.Chapter19.Core	source_retained_outlier	approved_retained_outlier
NumStability.Source.Higham.Chapter19.Core	H19.Theorem19_13.problem1912_rightGramPolarResolvent_opNorm2Le_one	public	theorem	488	NumStability.Source.Higham.Chapter19.Core	source_retained_outlier	approved_retained_outlier
NumStability.Source.Higham.Chapter19.Core	H19.Theorem19_13.problem1912_rightGram_spectral_square_eq_rectangularGram	public	theorem	489	NumStability.Source.Higham.Chapter19.Core	source_retained_outlier	approved_retained_outlier
NumStability.Source.Higham.Chapter19.Core	H19.Theorem19_13.qrPanel_R_eq_firstStoredPanelStep_of_first_leadingBlock_det_ne_zero	public	theorem	490	NumStability.Source.Higham.Chapter19.Core	source_retained_outlier	approved_retained_outlier
NumStability.Source.Higham.Chapter19.Core	H19.Theorem19_13.qrPanel_R_nonzero_eq_firstStoredPanelStep	public	theorem	491	NumStability.Source.Higham.Chapter19.Core	source_retained_outlier	approved_retained_outlier
NumStability.Source.Higham.Chapter19.Core	H19.Theorem19_13.qrPanel_R_one_col_eq_firstStoredPanelStep_of_first_leadingBlock_det_ne_zero	public	theorem	492	NumStability.Source.Higham.Chapter19.Core	source_retained_outlier	approved_retained_outlier
NumStability.Source.Higham.Chapter19.Core	H19.Theorem19_13.qrPanel_R_succ_succ_eq_secondStoredActiveBetaSpecStep_trailingQR_of_alpha_eq_fl_householderAlpha_of_exact_add_mul_div_sqrt	public	theorem	493	NumStability.Source.Higham.Chapter19.Core	source_retained_outlier	approved_retained_outlier
NumStability.Source.Higham.Chapter19.Core	H19.Theorem19_13.qrPanel_R_succ_succ_eq_secondStoredActiveBetaSpecStep_trailingQR_of_alpha_eq_fl_householderAlpha_of_exact_sub_add_mul_div_sqrt	public	theorem	494	NumStability.Source.Higham.Chapter19.Core	source_retained_outlier	approved_retained_outlier
NumStability.Source.Higham.Chapter19.Core	H19.Theorem19_13.qrPanel_R_succ_succ_eq_secondStoredActiveBetaSpecStep_trailingQR_of_alpha_eq_fl_householderAlpha_of_tail_leadingBlock_det_ne_zero_exact_add_mul_div_sqrt	public	theorem	495	NumStability.Source.Higham.Chapter19.Core	source_retained_outlier	approved_retained_outlier
NumStability.Source.Higham.Chapter19.Core	H19.Theorem19_13.qrPanel_R_succ_succ_eq_secondStoredActiveBetaSpecStep_trailingQR_of_alpha_eq_fl_householderAlpha_of_tail_leadingBlock_det_ne_zero_exact_sub_add_mul_div_sqrt	public	theorem	496	NumStability.Source.Higham.Chapter19.Core	source_retained_outlier	approved_retained_outlier
NumStability.Source.Higham.Chapter19.Core	H19.Theorem19_13.qrPanel_R_succ_succ_eq_secondStoredActiveBetaSpecStep_trailingQR_of_alpha_eq_fl_householderAlpha_of_tail_leadingBlock_det_ne_zero_updateCompatible_exact_add_mul_div_sqrt	public	theorem	497	NumStability.Source.Higham.Chapter19.Core	source_retained_outlier	approved_retained_outlier
NumStability.Source.Higham.Chapter19.Core	H19.Theorem19_13.qrPanel_R_succ_succ_eq_secondStoredActiveBetaSpecStep_trailingQR_of_alpha_eq_fl_householderAlpha_of_tail_leadingBlock_det_ne_zero_updateCompatible_exact_sub_add_mul_div_sqrt	public	theorem	498	NumStability.Source.Higham.Chapter19.Core	source_retained_outlier	approved_retained_outlier
NumStability.Source.Higham.Chapter19.Core	H19.Theorem19_13.qrPanel_R_succ_succ_eq_secondStoredActiveBetaSpecStep_trailingQR_of_alpha_eq_fl_householderAlpha_of_updateCompatible_exact_add_mul_div_sqrt	public	theorem	499	NumStability.Source.Higham.Chapter19.Core	source_retained_outlier	approved_retained_outlier
NumStability.Source.Higham.Chapter19.Core	H19.Theorem19_13.qrPanel_R_succ_succ_eq_secondStoredActiveBetaSpecStep_trailingQR_of_alpha_eq_fl_householderAlpha_of_updateCompatible_exact_sub_add_mul_div_sqrt	public	theorem	500	NumStability.Source.Higham.Chapter19.Core	source_retained_outlier	approved_retained_outlier
NumStability.Source.Higham.Chapter19.Core	H19.Theorem19_13.qrPanel_R_succ_succ_eq_secondStoredActiveBetaSpecStep_trailingQR_of_alpha_eq_householderAlpha_of_exact_add_mul_div_sqrt	public	theorem	501	NumStability.Source.Higham.Chapter19.Core	source_retained_outlier	approved_retained_outlier
NumStability.Source.Higham.Chapter19.Core	H19.Theorem19_13.qrPanel_R_succ_succ_eq_secondStoredActiveBetaSpecStep_trailingQR_of_alpha_eq_householderAlpha_of_exact_sub_add_mul_div_sqrt	public	theorem	502	NumStability.Source.Higham.Chapter19.Core	source_retained_outlier	approved_retained_outlier
NumStability.Source.Higham.Chapter19.Core	H19.Theorem19_13.qrPanel_R_succ_succ_eq_secondStoredActiveBetaSpecStep_trailingQR_of_alpha_eq_householderAlpha_of_tail_leadingBlock_det_ne_zero_exact_add_mul_div_sqrt	public	theorem	503	NumStability.Source.Higham.Chapter19.Core	source_retained_outlier	approved_retained_outlier
NumStability.Source.Higham.Chapter19.Core	H19.Theorem19_13.qrPanel_R_succ_succ_eq_secondStoredActiveBetaSpecStep_trailingQR_of_alpha_eq_householderAlpha_of_tail_leadingBlock_det_ne_zero_exact_sub_add_mul_div_sqrt	public	theorem	504	NumStability.Source.Higham.Chapter19.Core	source_retained_outlier	approved_retained_outlier
NumStability.Source.Higham.Chapter19.Core	H19.Theorem19_13.qrPanel_R_succ_succ_eq_secondStoredActiveBetaSpecStep_trailingQR_of_alpha_eq_householderAlpha_of_tail_leadingBlock_det_ne_zero_updateCompatible_exact_add_mul_div_sqrt	public	theorem	505	NumStability.Source.Higham.Chapter19.Core	source_retained_outlier	approved_retained_outlier
NumStability.Source.Higham.Chapter19.Core	H19.Theorem19_13.qrPanel_R_succ_succ_eq_secondStoredActiveBetaSpecStep_trailingQR_of_alpha_eq_householderAlpha_of_tail_leadingBlock_det_ne_zero_updateCompatible_exact_sub_add_mul_div_sqrt	public	theorem	506	NumStability.Source.Higham.Chapter19.Core	source_retained_outlier	approved_retained_outlier
NumStability.Source.Higham.Chapter19.Core	H19.Theorem19_13.qrPanel_R_succ_succ_eq_secondStoredActiveBetaSpecStep_trailingQR_of_alpha_eq_householderAlpha_of_updateCompatible_exact_add_mul_div_sqrt	public	theorem	507	NumStability.Source.Higham.Chapter19.Core	source_retained_outlier	approved_retained_outlier
NumStability.Source.Higham.Chapter19.Core	H19.Theorem19_13.qrPanel_R_succ_succ_eq_secondStoredActiveBetaSpecStep_trailingQR_of_alpha_eq_householderAlpha_of_updateCompatible_exact_sub_add_mul_div_sqrt	public	theorem	508	NumStability.Source.Higham.Chapter19.Core	source_retained_outlier	approved_retained_outlier
NumStability.Source.Higham.Chapter19.Core	H19.Theorem19_13.qrPanel_R_succ_succ_eq_secondStoredActiveStep_trailingQR_of_tail_reflector_self_dot_of_subtractZeroExact	public	theorem	509	NumStability.Source.Higham.Chapter19.Core	source_retained_outlier	approved_retained_outlier
NumStability.Source.Higham.Chapter19.Core	H19.Theorem19_13.qrPanel_R_succ_succ_eq_secondStoredStep_trailingQR_of_leadingBlock_det_ne_zero_exactWithUnitRoundoff	public	theorem	510	NumStability.Source.Higham.Chapter19.Core	source_retained_outlier	approved_retained_outlier
NumStability.Source.Higham.Chapter19.Core	H19.Theorem19_13.qrPanel_R_succ_succ_eq_secondStoredStep_trailingQR_of_leadingBlock_det_ne_zero_of_fl_sub_zero	public	theorem	511	NumStability.Source.Higham.Chapter19.Core	source_retained_outlier	approved_retained_outlier
NumStability.Source.Higham.Chapter19.Core	H19.Theorem19_13.qrPanel_R_succ_succ_eq_secondStoredStep_trailingQR_of_leadingBlock_det_ne_zero_of_subtractZeroExact	public	theorem	512	NumStability.Source.Higham.Chapter19.Core	source_retained_outlier	approved_retained_outlier
NumStability.Source.Higham.Chapter19.Core	H19.Theorem19_13.qrPanel_R_succ_succ_eq_storedSignedSequence_two_step_trailingQR_of_reflector_self_dot_of_subtractZeroExact	public	theorem	513	NumStability.Source.Higham.Chapter19.Core	source_retained_outlier	approved_retained_outlier
NumStability.Source.Higham.Chapter19.Core	H19.Theorem19_13.qrPanel_R_two_col_eq_firstStoredPanelStep_trailingStoredStep_of_leadingBlock_det_ne_zero	public	theorem	514	NumStability.Source.Higham.Chapter19.Core	source_retained_outlier	approved_retained_outlier
NumStability.Source.Higham.Chapter19.Core	H19.Theorem19_13.qrPanel_R_two_col_eq_secondStoredActiveStep_one_of_tail_reflector_self_dot_of_subtractZeroExact	public	theorem	515	NumStability.Source.Higham.Chapter19.Core	source_retained_outlier	approved_retained_outlier
NumStability.Source.Higham.Chapter19.Core	H19.Theorem19_13.qrPanel_R_two_col_eq_secondStoredStep_of_leadingBlock_det_ne_zero	public	theorem	516	NumStability.Source.Higham.Chapter19.Core	source_retained_outlier	approved_retained_outlier
NumStability.Source.Higham.Chapter19.Core	H19.Theorem19_13.qrPanel_R_two_col_eq_secondStoredStep_of_leadingBlock_det_ne_zero_exactWithUnitRoundoff	public	theorem	517	NumStability.Source.Higham.Chapter19.Core	source_retained_outlier	approved_retained_outlier
NumStability.Source.Higham.Chapter19.Core	H19.Theorem19_13.qrPanel_R_two_col_eq_secondStoredStep_of_leadingBlock_det_ne_zero_of_fl_sub_zero	public	theorem	518	NumStability.Source.Higham.Chapter19.Core	source_retained_outlier	approved_retained_outlier
NumStability.Source.Higham.Chapter19.Core	H19.Theorem19_13.qrPanel_R_two_col_eq_secondStoredStep_of_leadingBlock_det_ne_zero_of_subtractZeroExact	public	theorem	519	NumStability.Source.Higham.Chapter19.Core	source_retained_outlier	approved_retained_outlier
NumStability.Source.Higham.Chapter19.Core	H19.Theorem19_13.qrPanel_R_zero_cols_any	public	theorem	520	NumStability.Source.Higham.Chapter19.Core	source_retained_outlier	approved_retained_outlier
NumStability.Source.Higham.Chapter19.Core	H19.Theorem19_13.qrsensitivityBridge_of_source_output	public	theorem	521	NumStability.Source.Higham.Chapter19.Core	source_retained_outlier	approved_retained_outlier
NumStability.Source.Higham.Chapter19.Core	H19.Theorem19_13.qrsensitivitySourceOutput_of_commonR_bounds	public	theorem	522	NumStability.Source.Higham.Chapter19.Core	source_retained_outlier	approved_retained_outlier
NumStability.Source.Higham.Chapter19.Core	H19.Theorem19_13.qrsensitivitySourceOutput_of_householder_det_ne_zero_correctionMapDataExistsRepair_of_householder_stacked_double_residual_coefficient_budget_frobInv_of_small_unit_roundoff	public	theorem	523	NumStability.Source.Higham.Chapter19.Core	source_retained_outlier	approved_retained_outlier
NumStability.Source.Higham.Chapter19.Core	H19.Theorem19_13.qrsensitivitySourceOutput_of_householder_det_ne_zero_correctionMapDataExistsRepair_of_householder_stacked_double_residual_coefficient_budget_of_small_unit_roundoff	public	theorem	524	NumStability.Source.Higham.Chapter19.Core	source_retained_outlier	approved_retained_outlier
NumStability.Source.Higham.Chapter19.Core	H19.Theorem19_13.qrsensitivitySourceOutput_of_householder_det_ne_zero_correctionMapDataRepair_of_householder_stacked_double_residual_coefficient_budget_frobInv_of_small_unit_roundoff	public	theorem	525	NumStability.Source.Higham.Chapter19.Core	source_retained_outlier	approved_retained_outlier
NumStability.Source.Higham.Chapter19.Core	H19.Theorem19_13.qrsensitivitySourceOutput_of_householder_det_ne_zero_correctionMapDataRepair_of_householder_stacked_double_residual_coefficient_budget_of_small_unit_roundoff	public	theorem	526	NumStability.Source.Higham.Chapter19.Core	source_retained_outlier	approved_retained_outlier
NumStability.Source.Higham.Chapter19.Core	H19.Theorem19_13.qrsensitivitySourceOutput_of_householder_det_ne_zero_csDiagonalFactorDataExistsRepair_of_householder_stacked_double_residual_coefficient_budget_frobInv_of_small_unit_roundoff	public	theorem	527	NumStability.Source.Higham.Chapter19.Core	source_retained_outlier	approved_retained_outlier
NumStability.Source.Higham.Chapter19.Core	H19.Theorem19_13.qrsensitivitySourceOutput_of_householder_det_ne_zero_csDiagonalFactorDataExistsRepair_of_householder_stacked_double_residual_coefficient_budget_of_small_unit_roundoff	public	theorem	528	NumStability.Source.Higham.Chapter19.Core	source_retained_outlier	approved_retained_outlier
NumStability.Source.Higham.Chapter19.Core	H19.Theorem19_13.qrsensitivitySourceOutput_of_householder_det_ne_zero_csDiagonalFactorDataRepair_of_householder_stacked_double_residual_coefficient_budget_frobInv_of_small_unit_roundoff	public	theorem	529	NumStability.Source.Higham.Chapter19.Core	source_retained_outlier	approved_retained_outlier
NumStability.Source.Higham.Chapter19.Core	H19.Theorem19_13.qrsensitivitySourceOutput_of_householder_det_ne_zero_csDiagonalFactorDataRepair_of_householder_stacked_double_residual_coefficient_budget_of_small_unit_roundoff	public	theorem	530	NumStability.Source.Higham.Chapter19.Core	source_retained_outlier	approved_retained_outlier
NumStability.Source.Higham.Chapter19.Core	H19.Theorem19_13.qrsensitivitySourceOutput_of_householder_det_ne_zero_csPolarRepair_of_householder_stacked_double_residual_coefficient_budget_frobInv_of_small_unit_roundoff	public	theorem	531	NumStability.Source.Higham.Chapter19.Core	source_retained_outlier	approved_retained_outlier
NumStability.Source.Higham.Chapter19.Core	H19.Theorem19_13.qrsensitivitySourceOutput_of_householder_det_ne_zero_csPolarRepair_of_householder_stacked_double_residual_coefficient_budget_of_small_unit_roundoff	public	theorem	532	NumStability.Source.Higham.Chapter19.Core	source_retained_outlier	approved_retained_outlier
NumStability.Source.Higham.Chapter19.Core	H19.Theorem19_13.qrsensitivitySourceOutput_of_householder_upper_diag_correctionMapDataExistsRepair_of_householder_stacked_double_residual_coefficient_budget_frobInv_of_small_unit_roundoff	public	theorem	533	NumStability.Source.Higham.Chapter19.Core	source_retained_outlier	approved_retained_outlier
NumStability.Source.Higham.Chapter19.Core	H19.Theorem19_13.qrsensitivitySourceOutput_of_householder_upper_diag_correctionMapDataExistsRepair_of_householder_stacked_double_residual_coefficient_budget_of_small_unit_roundoff	public	theorem	534	NumStability.Source.Higham.Chapter19.Core	source_retained_outlier	approved_retained_outlier
NumStability.Source.Higham.Chapter19.Core	H19.Theorem19_13.qrsensitivitySourceOutput_of_householder_upper_diag_correctionMapDataRepair	public	theorem	535	NumStability.Source.Higham.Chapter19.Core	source_retained_outlier	approved_retained_outlier
NumStability.Source.Higham.Chapter19.Core	H19.Theorem19_13.qrsensitivitySourceOutput_of_householder_upper_diag_correctionMapDataRepair_of_householder_stacked_budget	public	theorem	536	NumStability.Source.Higham.Chapter19.Core	source_retained_outlier	approved_retained_outlier
NumStability.Source.Higham.Chapter19.Core	H19.Theorem19_13.qrsensitivitySourceOutput_of_householder_upper_diag_correctionMapDataRepair_of_householder_stacked_budget_frobInv	public	theorem	537	NumStability.Source.Higham.Chapter19.Core	source_retained_outlier	approved_retained_outlier
NumStability.Source.Higham.Chapter19.Core	H19.Theorem19_13.qrsensitivitySourceOutput_of_householder_upper_diag_correctionMapDataRepair_of_householder_stacked_double_residual_coefficient_budget_frobInv_of_small_unit_roundoff	public	theorem	538	NumStability.Source.Higham.Chapter19.Core	source_retained_outlier	approved_retained_outlier
NumStability.Source.Higham.Chapter19.Core	H19.Theorem19_13.qrsensitivitySourceOutput_of_householder_upper_diag_correctionMapDataRepair_of_householder_stacked_double_residual_coefficient_budget_of_small_unit_roundoff	public	theorem	539	NumStability.Source.Higham.Chapter19.Core	source_retained_outlier	approved_retained_outlier
NumStability.Source.Higham.Chapter19.Core	H19.Theorem19_13.qrsensitivitySourceOutput_of_householder_upper_diag_correctionMapDataRepair_of_perturbation_bounds	public	theorem	540	NumStability.Source.Higham.Chapter19.Core	source_retained_outlier	approved_retained_outlier
NumStability.Source.Higham.Chapter19.Core	H19.Theorem19_13.qrsensitivitySourceOutput_of_householder_upper_diag_correctionMapDataRepair_of_stacked_budget	public	theorem	541	NumStability.Source.Higham.Chapter19.Core	source_retained_outlier	approved_retained_outlier
NumStability.Source.Higham.Chapter19.Core	H19.Theorem19_13.qrsensitivitySourceOutput_of_householder_upper_diag_csDiagonalFactorDataExistsRepair_of_householder_stacked_double_residual_coefficient_budget_frobInv_of_small_unit_roundoff	public	theorem	542	NumStability.Source.Higham.Chapter19.Core	source_retained_outlier	approved_retained_outlier
NumStability.Source.Higham.Chapter19.Core	H19.Theorem19_13.qrsensitivitySourceOutput_of_householder_upper_diag_csDiagonalFactorDataExistsRepair_of_householder_stacked_double_residual_coefficient_budget_of_small_unit_roundoff	public	theorem	543	NumStability.Source.Higham.Chapter19.Core	source_retained_outlier	approved_retained_outlier
NumStability.Source.Higham.Chapter19.Core	H19.Theorem19_13.qrsensitivitySourceOutput_of_householder_upper_diag_csDiagonalFactorDataRepair_of_householder_stacked_double_residual_coefficient_budget_frobInv_of_small_unit_roundoff	public	theorem	544	NumStability.Source.Higham.Chapter19.Core	source_retained_outlier	approved_retained_outlier
NumStability.Source.Higham.Chapter19.Core	H19.Theorem19_13.qrsensitivitySourceOutput_of_householder_upper_diag_csDiagonalFactorDataRepair_of_householder_stacked_double_residual_coefficient_budget_of_small_unit_roundoff	public	theorem	545	NumStability.Source.Higham.Chapter19.Core	source_retained_outlier	approved_retained_outlier
NumStability.Source.Higham.Chapter19.Core	H19.Theorem19_13.qrsensitivitySourceOutput_of_householder_upper_diag_csDiagonalRepair	public	theorem	546	NumStability.Source.Higham.Chapter19.Core	source_retained_outlier	approved_retained_outlier
NumStability.Source.Higham.Chapter19.Core	H19.Theorem19_13.qrsensitivitySourceOutput_of_householder_upper_diag_csDiagonalRepair_frobInv	public	theorem	547	NumStability.Source.Higham.Chapter19.Core	source_retained_outlier	approved_retained_outlier
NumStability.Source.Higham.Chapter19.Core	H19.Theorem19_13.qrsensitivitySourceOutput_of_householder_upper_diag_csDiagonalRepair_of_householder_stacked_budget	public	theorem	548	NumStability.Source.Higham.Chapter19.Core	source_retained_outlier	approved_retained_outlier
NumStability.Source.Higham.Chapter19.Core	H19.Theorem19_13.qrsensitivitySourceOutput_of_householder_upper_diag_csDiagonalRepair_of_householder_stacked_double_residual_budget	public	theorem	549	NumStability.Source.Higham.Chapter19.Core	source_retained_outlier	approved_retained_outlier
NumStability.Source.Higham.Chapter19.Core	H19.Theorem19_13.qrsensitivitySourceOutput_of_householder_upper_diag_csDiagonalRepair_of_householder_stacked_double_residual_coefficient_budget_frobInv_of_small_unit_roundoff	public	theorem	550	NumStability.Source.Higham.Chapter19.Core	source_retained_outlier	approved_retained_outlier
NumStability.Source.Higham.Chapter19.Core	H19.Theorem19_13.qrsensitivitySourceOutput_of_householder_upper_diag_csDiagonalRepair_of_householder_stacked_double_residual_coefficient_budget_of_small_unit_roundoff	public	theorem	551	NumStability.Source.Higham.Chapter19.Core	source_retained_outlier	approved_retained_outlier
NumStability.Source.Higham.Chapter19.Core	H19.Theorem19_13.qrsensitivitySourceOutput_of_householder_upper_diag_csDiagonalRepair_of_householder_stacked_same_residual_budget	public	theorem	552	NumStability.Source.Higham.Chapter19.Core	source_retained_outlier	approved_retained_outlier
NumStability.Source.Higham.Chapter19.Core	H19.Theorem19_13.qrsensitivitySourceOutput_of_householder_upper_diag_csDiagonalRepair_of_perturbation_bounds	public	theorem	553	NumStability.Source.Higham.Chapter19.Core	source_retained_outlier	approved_retained_outlier
NumStability.Source.Higham.Chapter19.Core	H19.Theorem19_13.qrsensitivitySourceOutput_of_householder_upper_diag_csDiagonalRepair_of_stacked_budget	public	theorem	554	NumStability.Source.Higham.Chapter19.Core	source_retained_outlier	approved_retained_outlier
NumStability.Source.Higham.Chapter19.Core	H19.Theorem19_13.qrsensitivitySourceOutput_of_householder_upper_diag_csPolarRepair_of_householder_stacked_double_residual_coefficient_budget_frobInv_of_small_unit_roundoff	public	theorem	555	NumStability.Source.Higham.Chapter19.Core	source_retained_outlier	approved_retained_outlier
NumStability.Source.Higham.Chapter19.Core	H19.Theorem19_13.qrsensitivitySourceOutput_of_householder_upper_diag_csPolarRepair_of_householder_stacked_double_residual_coefficient_budget_of_small_unit_roundoff	public	theorem	556	NumStability.Source.Higham.Chapter19.Core	source_retained_outlier	approved_retained_outlier
NumStability.Source.Higham.Chapter19.Core	H19.Theorem19_13.qrsensitivitySourceOutput_of_householder_upper_diag_repair	public	theorem	557	NumStability.Source.Higham.Chapter19.Core	source_retained_outlier	approved_retained_outlier
NumStability.Source.Higham.Chapter19.Core	H19.Theorem19_13.rectOpNorm2Le_nonsingInv_frobNorm	public	theorem	558	NumStability.Source.Higham.Chapter19.Core	source_retained_outlier	approved_retained_outlier
NumStability.Source.Higham.Chapter19.Core	H19.Theorem19_13.residualBudget_of_gamma_tilde_le_mul_norm_bound	public	theorem	559	NumStability.Source.Higham.Chapter19.Core	source_retained_outlier	approved_retained_outlier
NumStability.Source.Higham.Chapter19.Core	H19.Theorem19_13.residualBudget_of_gamma_tilde_le_mul_self	public	theorem	560	NumStability.Source.Higham.Chapter19.Core	source_retained_outlier	approved_retained_outlier
NumStability.Source.Higham.Chapter19.Core	H19.Theorem19_13.rounded_normalized_betaSpec_compact_handoff_not_forall_FPModel	public	theorem	561	NumStability.Source.Higham.Chapter19.Core	source_retained_outlier	approved_retained_outlier
NumStability.Source.Higham.Chapter19.Core	H19.Theorem19_13.rounded_normalized_betaSpec_firstStoredPanelStep_handoff_not_forall_FPModel	public	theorem	562	NumStability.Source.Higham.Chapter19.Core	source_retained_outlier	approved_retained_outlier
NumStability.Source.Higham.Chapter19.Core	H19.Theorem19_13.rounded_normalized_betaSpec_matrixRect_handoff_not_forall_FPModel	public	theorem	563	NumStability.Source.Higham.Chapter19.Core	source_retained_outlier	approved_retained_outlier
NumStability.Source.Higham.Chapter19.Core	H19.Theorem19_13.rounded_normalized_betaSpec_storedPanelStep_handoff_not_forall_FPModel	public	theorem	564	NumStability.Source.Higham.Chapter19.Core	source_retained_outlier	approved_retained_outlier
NumStability.Source.Higham.Chapter19.Core	H19.Theorem19_13.sourceFaithfulHouseholderNormalization	public	inductive	565	NumStability.Source.Higham.Chapter19.Core	source_retained_outlier	approved_retained_outlier
NumStability.Source.Higham.Chapter19.Core	H19.Theorem19_13.sourceFaithfulHouseholderNormalization.casesOn	public	definition	566	NumStability.Source.Higham.Chapter19.Core	source_retained_outlier	approved_retained_outlier
NumStability.Source.Higham.Chapter19.Core	H19.Theorem19_13.sourceFaithfulHouseholderNormalization.mk	public	constructor	567	NumStability.Source.Higham.Chapter19.Core	source_retained_outlier	approved_retained_outlier
NumStability.Source.Higham.Chapter19.Core	H19.Theorem19_13.sourceFaithfulHouseholderNormalization.rec	public	recursor	568	NumStability.Source.Higham.Chapter19.Core	source_retained_outlier	approved_retained_outlier
NumStability.Source.Higham.Chapter19.Core	H19.Theorem19_13.sourceFaithfulHouseholderNormalization.recOn	public	definition	569	NumStability.Source.Higham.Chapter19.Core	source_retained_outlier	approved_retained_outlier
NumStability.Source.Higham.Chapter19.Core	H19.Theorem19_13.sourceFaithfulHouseholderNormalization.self_dot	public	theorem	570	NumStability.Source.Higham.Chapter19.Core	source_retained_outlier	approved_retained_outlier
NumStability.Source.Higham.Chapter19.Core	H19.Theorem19_13.sourceFaithfulHouseholderNormalization.vector_eq	public	theorem	571	NumStability.Source.Higham.Chapter19.Core	source_retained_outlier	approved_retained_outlier
NumStability.Source.Higham.Chapter19.Core	H19.Theorem19_13.sourceFaithfulHouseholderNormalizationModel	public	definition	572	NumStability.Source.Higham.Chapter19.Core	source_retained_outlier	approved_retained_outlier
NumStability.Source.Higham.Chapter19.Core	H19.Theorem19_13.sourceFaithfulHouseholderNormalizationModel_exactWithUnitRoundoff	public	theorem	573	NumStability.Source.Higham.Chapter19.Core	source_retained_outlier	approved_retained_outlier
NumStability.Source.Higham.Chapter19.Core	H19.Theorem19_13.sourceFaithfulHouseholderNormalizationModel_not_forall_FPModel	public	theorem	574	NumStability.Source.Higham.Chapter19.Core	source_retained_outlier	approved_retained_outlier
NumStability.Source.Higham.Chapter19.Core	H19.Theorem19_13.sourceFaithfulHouseholderNormalizationModel_of_exact_add_mul_div_sqrt	public	theorem	575	NumStability.Source.Higham.Chapter19.Core	source_retained_outlier	approved_retained_outlier
NumStability.Source.Higham.Chapter19.Core	H19.Theorem19_13.sourceFaithfulHouseholderNormalizationModel_of_fl_householderNormalizedVector_eq	public	theorem	576	NumStability.Source.Higham.Chapter19.Core	source_retained_outlier	approved_retained_outlier
NumStability.Source.Higham.Chapter19.Core	H19.Theorem19_13.sourceFaithfulHouseholderNormalizationModel_of_householderVector_beta_eq	public	theorem	577	NumStability.Source.Higham.Chapter19.Core	source_retained_outlier	approved_retained_outlier
NumStability.Source.Higham.Chapter19.Core	H19.Theorem19_13.sourceFaithfulHouseholderNormalization_betaSpec_eq_one	public	theorem	578	NumStability.Source.Higham.Chapter19.Core	source_retained_outlier	approved_retained_outlier
NumStability.Source.Higham.Chapter19.Core	H19.Theorem19_13.sourceFaithfulHouseholderNormalization_not_forall_from_vector_eq_FPModel	public	theorem	579	NumStability.Source.Higham.Chapter19.Core	source_retained_outlier	approved_retained_outlier
NumStability.Source.Higham.Chapter19.Core	H19.Theorem19_13.sourceFaithfulHouseholderNormalization_of_normalized_trailingActiveVector_alpha_eq_fl_householderAlpha_of_exact_add_mul_div_sqrt	public	theorem	580	NumStability.Source.Higham.Chapter19.Core	source_retained_outlier	approved_retained_outlier
NumStability.Source.Higham.Chapter19.Core	H19.Theorem19_13.sourceFaithfulHouseholderNormalization_of_normalized_trailingActiveVector_alpha_eq_fl_householderAlpha_of_first_leadingBlock_det_ne_zero_exact_add_mul_div_sqrt	public	theorem	581	NumStability.Source.Higham.Chapter19.Core	source_retained_outlier	approved_retained_outlier
NumStability.Source.Higham.Chapter19.Core	H19.Theorem19_13.sourceFaithfulHouseholderNormalization_of_normalized_trailingActiveVector_alpha_eq_fl_householderAlpha_of_tail_leadingBlock_det_ne_zero_exact_add_mul_div_sqrt	public	theorem	582	NumStability.Source.Higham.Chapter19.Core	source_retained_outlier	approved_retained_outlier
NumStability.Source.Higham.Chapter19.Core	H19.Theorem19_13.sourceFaithfulHouseholderNormalization_of_normalized_trailingActiveVector_alpha_eq_householderAlpha_of_exact_add_mul_div_sqrt	public	theorem	583	NumStability.Source.Higham.Chapter19.Core	source_retained_outlier	approved_retained_outlier
NumStability.Source.Higham.Chapter19.Core	H19.Theorem19_13.sourceFaithfulHouseholderNormalization_of_normalized_trailingActiveVector_alpha_eq_householderAlpha_of_first_leadingBlock_det_ne_zero_exact_add_mul_div_sqrt	public	theorem	584	NumStability.Source.Higham.Chapter19.Core	source_retained_outlier	approved_retained_outlier
NumStability.Source.Higham.Chapter19.Core	H19.Theorem19_13.sourceFaithfulHouseholderNormalization_of_normalized_trailingActiveVector_alpha_eq_householderAlpha_of_tail_leadingBlock_det_ne_zero_exact_add_mul_div_sqrt	public	theorem	585	NumStability.Source.Higham.Chapter19.Core	source_retained_outlier	approved_retained_outlier
NumStability.Source.Higham.Chapter19.Core	H19.Theorem19_13.sourceFaithfulHouseholderNormalization_of_tail_vector_eq_and_det_ne_zero_exactWithUnitRoundoff	public	theorem	586	NumStability.Source.Higham.Chapter19.Core	source_retained_outlier	approved_retained_outlier
NumStability.Source.Higham.Chapter19.Core	H19.Theorem19_13.sourceFaithfulHouseholderNormalization_of_tail_vector_eq_and_det_ne_zero_of_normalizationModel	public	theorem	587	NumStability.Source.Higham.Chapter19.Core	source_retained_outlier	approved_retained_outlier
NumStability.Source.Higham.Chapter19.Core	H19.Theorem19_13.sourceFaithfulHouseholderNormalization_of_tail_vector_eq_and_leadingBlock_det_ne_zero_exactWithUnitRoundoff	public	theorem	588	NumStability.Source.Higham.Chapter19.Core	source_retained_outlier	approved_retained_outlier
NumStability.Source.Higham.Chapter19.Core	H19.Theorem19_13.sourceFaithfulHouseholderNormalization_of_tail_vector_eq_and_leadingBlock_det_ne_zero_of_normalizationModel	public	theorem	589	NumStability.Source.Higham.Chapter19.Core	source_retained_outlier	approved_retained_outlier
NumStability.Source.Higham.Chapter19.Core	H19.Theorem19_13.sourceFaithfulHouseholderNormalization_of_vector_eq_exactWithUnitRoundoff	public	theorem	590	NumStability.Source.Higham.Chapter19.Core	source_retained_outlier	approved_retained_outlier
NumStability.Source.Higham.Chapter19.Core	H19.Theorem19_13.sourceFaithfulHouseholderNormalization_of_vector_eq_of_normalizationModel	public	theorem	591	NumStability.Source.Higham.Chapter19.Core	source_retained_outlier	approved_retained_outlier
NumStability.Source.Higham.Chapter19.Core	H19.Theorem19_13.sourceFaithfulHouseholderNormalizations_of_tail_vectors_eq_and_dets_ne_zero_exactWithUnitRoundoff	public	theorem	592	NumStability.Source.Higham.Chapter19.Core	source_retained_outlier	approved_retained_outlier
NumStability.Source.Higham.Chapter19.Core	H19.Theorem19_13.sourceFaithfulHouseholderNormalizations_of_tail_vectors_eq_and_dets_ne_zero_of_normalizationModel	public	theorem	593	NumStability.Source.Higham.Chapter19.Core	source_retained_outlier	approved_retained_outlier
NumStability.Source.Higham.Chapter19.Core	H19.Theorem19_13.sourceFaithfulHouseholderNormalizations_of_tail_vectors_eq_and_leadingBlock_det_ne_zero_exactWithUnitRoundoff	public	theorem	594	NumStability.Source.Higham.Chapter19.Core	source_retained_outlier	approved_retained_outlier
NumStability.Source.Higham.Chapter19.Core	H19.Theorem19_13.sourceFaithfulHouseholderNormalizations_of_tail_vectors_eq_and_leadingBlock_det_ne_zero_of_normalizationModel	public	theorem	595	NumStability.Source.Higham.Chapter19.Core	source_retained_outlier	approved_retained_outlier
NumStability.Source.Higham.Chapter19.Core	H19.Theorem19_13.stackedBlocks	public	definition	596	NumStability.Source.Higham.Chapter19.Core	source_retained_outlier	approved_retained_outlier
NumStability.Source.Higham.Chapter19.Core	H19.Theorem19_13.stackedPerturbationColumnNorm	public	definition	597	NumStability.Source.Higham.Chapter19.Core	source_retained_outlier	approved_retained_outlier
NumStability.Source.Higham.Chapter19.Core	H19.Theorem19_13.stackedPerturbationColumnNorm_rowsFromFin_add	public	theorem	598	NumStability.Source.Higham.Chapter19.Core	source_retained_outlier	approved_retained_outlier
NumStability.Source.Higham.Chapter19.Core	H19.Theorem19_13.stackedPerturbationColumnNorm_zero	public	theorem	599	NumStability.Source.Higham.Chapter19.Core	source_retained_outlier	approved_retained_outlier
NumStability.Source.Higham.Chapter19.Core	H19.Theorem19_13.stackedPerturbationColumnwiseBound	public	definition	600	NumStability.Source.Higham.Chapter19.Core	source_retained_outlier	approved_retained_outlier
NumStability.Source.Higham.Chapter19.Core	H19.Theorem19_13.stackedPerturbationColumnwiseBound_of_rowsFromFin_add_bound	public	theorem	601	NumStability.Source.Higham.Chapter19.Core	source_retained_outlier	approved_retained_outlier
NumStability.Source.Higham.Chapter19.Core	H19.Theorem19_13.stackedPerturbationColumnwiseBound_of_rowsFromFin_add_padded_bound	public	theorem	602	NumStability.Source.Higham.Chapter19.Core	source_retained_outlier	approved_retained_outlier
NumStability.Source.Higham.Chapter19.Core	H19.Theorem19_13.stackedPerturbationColumnwiseBound_zero	public	theorem	603	NumStability.Source.Higham.Chapter19.Core	source_retained_outlier	approved_retained_outlier
NumStability.Source.Higham.Chapter19.Core	H19.Theorem19_13.storedPanelStep_eq_applyMatrixRect_of_active_not_below	public	theorem	604	NumStability.Source.Higham.Chapter19.Core	source_retained_outlier	approved_retained_outlier
NumStability.Source.Higham.Chapter19.Core	H19.Theorem19_13.storedPanelStep_succ_signedActiveBetaSpec_eq_panelFromTopAndTrailing_fl_householderNormalizedVector_of_alpha_eq_fl_householderAlpha_of_exact_add_mul_div_sqrt	public	theorem	605	NumStability.Source.Higham.Chapter19.Core	source_retained_outlier	approved_retained_outlier
NumStability.Source.Higham.Chapter19.Core	H19.Theorem19_13.storedPanelStep_succ_signedActiveBetaSpec_eq_panelFromTopAndTrailing_fl_householderNormalizedVector_of_alpha_eq_fl_householderAlpha_of_exact_sub_add_mul_div_sqrt	public	theorem	606	NumStability.Source.Higham.Chapter19.Core	source_retained_outlier	approved_retained_outlier
NumStability.Source.Higham.Chapter19.Core	H19.Theorem19_13.storedPanelStep_succ_signedActiveBetaSpec_eq_panelFromTopAndTrailing_fl_householderNormalizedVector_of_alpha_eq_fl_householderAlpha_of_tail_leadingBlock_det_ne_zero_exact_add_mul_div_sqrt	public	theorem	607	NumStability.Source.Higham.Chapter19.Core	source_retained_outlier	approved_retained_outlier
NumStability.Source.Higham.Chapter19.Core	H19.Theorem19_13.storedPanelStep_succ_signedActiveBetaSpec_eq_panelFromTopAndTrailing_fl_householderNormalizedVector_of_alpha_eq_fl_householderAlpha_of_tail_leadingBlock_det_ne_zero_exact_sub_add_mul_div_sqrt	public	theorem	608	NumStability.Source.Higham.Chapter19.Core	source_retained_outlier	approved_retained_outlier
NumStability.Source.Higham.Chapter19.Core	H19.Theorem19_13.storedPanelStep_succ_signedActiveBetaSpec_eq_panelFromTopAndTrailing_fl_householderNormalizedVector_of_alpha_eq_fl_householderAlpha_of_tail_leadingBlock_det_ne_zero_updateCompatible_exact_add_mul_div_sqrt	public	theorem	609	NumStability.Source.Higham.Chapter19.Core	source_retained_outlier	approved_retained_outlier
NumStability.Source.Higham.Chapter19.Core	H19.Theorem19_13.storedPanelStep_succ_signedActiveBetaSpec_eq_panelFromTopAndTrailing_fl_householderNormalizedVector_of_alpha_eq_fl_householderAlpha_of_tail_leadingBlock_det_ne_zero_updateCompatible_exact_sub_add_mul_div_sqrt	public	theorem	610	NumStability.Source.Higham.Chapter19.Core	source_retained_outlier	approved_retained_outlier
NumStability.Source.Higham.Chapter19.Core	H19.Theorem19_13.storedPanelStep_succ_signedActiveBetaSpec_eq_panelFromTopAndTrailing_fl_householderNormalizedVector_of_alpha_eq_fl_householderAlpha_of_updateCompatible_exact_add_mul_div_sqrt	public	theorem	611	NumStability.Source.Higham.Chapter19.Core	source_retained_outlier	approved_retained_outlier
NumStability.Source.Higham.Chapter19.Core	H19.Theorem19_13.storedPanelStep_succ_signedActiveBetaSpec_eq_panelFromTopAndTrailing_fl_householderNormalizedVector_of_alpha_eq_fl_householderAlpha_of_updateCompatible_exact_sub_add_mul_div_sqrt	public	theorem	612	NumStability.Source.Higham.Chapter19.Core	source_retained_outlier	approved_retained_outlier
NumStability.Source.Higham.Chapter19.Core	H19.Theorem19_13.storedPanelStep_succ_signedActiveBetaSpec_eq_panelFromTopAndTrailing_fl_householderNormalizedVector_of_alpha_eq_householderAlpha_of_exact_add_mul_div_sqrt	public	theorem	613	NumStability.Source.Higham.Chapter19.Core	source_retained_outlier	approved_retained_outlier
NumStability.Source.Higham.Chapter19.Core	H19.Theorem19_13.storedPanelStep_succ_signedActiveBetaSpec_eq_panelFromTopAndTrailing_fl_householderNormalizedVector_of_alpha_eq_householderAlpha_of_exact_sub_add_mul_div_sqrt	public	theorem	614	NumStability.Source.Higham.Chapter19.Core	source_retained_outlier	approved_retained_outlier
NumStability.Source.Higham.Chapter19.Core	H19.Theorem19_13.storedPanelStep_succ_signedActiveBetaSpec_eq_panelFromTopAndTrailing_fl_householderNormalizedVector_of_alpha_eq_householderAlpha_of_tail_leadingBlock_det_ne_zero_exact_add_mul_div_sqrt	public	theorem	615	NumStability.Source.Higham.Chapter19.Core	source_retained_outlier	approved_retained_outlier
NumStability.Source.Higham.Chapter19.Core	H19.Theorem19_13.storedPanelStep_succ_signedActiveBetaSpec_eq_panelFromTopAndTrailing_fl_householderNormalizedVector_of_alpha_eq_householderAlpha_of_tail_leadingBlock_det_ne_zero_exact_sub_add_mul_div_sqrt	public	theorem	616	NumStability.Source.Higham.Chapter19.Core	source_retained_outlier	approved_retained_outlier
NumStability.Source.Higham.Chapter19.Core	H19.Theorem19_13.storedPanelStep_succ_signedActiveBetaSpec_eq_panelFromTopAndTrailing_fl_householderNormalizedVector_of_alpha_eq_householderAlpha_of_tail_leadingBlock_det_ne_zero_updateCompatible_exact_add_mul_div_sqrt	public	theorem	617	NumStability.Source.Higham.Chapter19.Core	source_retained_outlier	approved_retained_outlier
NumStability.Source.Higham.Chapter19.Core	H19.Theorem19_13.storedPanelStep_succ_signedActiveBetaSpec_eq_panelFromTopAndTrailing_fl_householderNormalizedVector_of_alpha_eq_householderAlpha_of_tail_leadingBlock_det_ne_zero_updateCompatible_exact_sub_add_mul_div_sqrt	public	theorem	618	NumStability.Source.Higham.Chapter19.Core	source_retained_outlier	approved_retained_outlier
NumStability.Source.Higham.Chapter19.Core	H19.Theorem19_13.storedPanelStep_succ_signedActiveBetaSpec_eq_panelFromTopAndTrailing_fl_householderNormalizedVector_of_alpha_eq_householderAlpha_of_updateCompatible_exact_add_mul_div_sqrt	public	theorem	619	NumStability.Source.Higham.Chapter19.Core	source_retained_outlier	approved_retained_outlier
NumStability.Source.Higham.Chapter19.Core	H19.Theorem19_13.storedPanelStep_succ_signedActiveBetaSpec_eq_panelFromTopAndTrailing_fl_householderNormalizedVector_of_alpha_eq_householderAlpha_of_updateCompatible_exact_sub_add_mul_div_sqrt	public	theorem	620	NumStability.Source.Higham.Chapter19.Core	source_retained_outlier	approved_retained_outlier
NumStability.Source.Higham.Chapter19.Core	H19.Theorem19_13.storedPanelStep_succ_trailingActiveVector_eq_panelFromTopAndTrailing_of_subtractZeroExact_anyCols	public	theorem	621	NumStability.Source.Higham.Chapter19.Core	source_retained_outlier	approved_retained_outlier
NumStability.Source.Higham.Chapter19.Core	H19.Theorem19_13.storedPanelStep_succ_trailingActiveVector_eq_panelFromTopAndTrailing_of_subtractZeroExact_of_succ	public	theorem	622	NumStability.Source.Higham.Chapter19.Core	source_retained_outlier	approved_retained_outlier
NumStability.Source.Higham.Chapter19.Core	H19.Theorem19_13.storedPanelStep_succ_trailingActiveVector_one_eq_panelFromTopAndTrailing_one_of_tail_self_dot_of_subtractZeroExact_anyCols	public	theorem	623	NumStability.Source.Higham.Chapter19.Core	source_retained_outlier	approved_retained_outlier
NumStability.Source.Higham.Chapter19.Core	H19.Theorem19_13.storedPanelStep_succ_trailingActiveVector_one_eq_panelFromTopAndTrailing_one_of_tail_self_dot_of_subtractZeroExact_of_succ	public	theorem	624	NumStability.Source.Higham.Chapter19.Core	source_retained_outlier	approved_retained_outlier
NumStability.Source.Higham.Chapter19.Core	H19.Theorem19_13.storedPanelStep_succ_zeroPrefix_eq_panelFromTopAndTrailing_of_fl_sub_zero	public	theorem	625	NumStability.Source.Higham.Chapter19.Core	source_retained_outlier	approved_retained_outlier
NumStability.Source.Higham.Chapter19.Core	H19.Theorem19_13.storedPanelStep_succ_zeroPrefix_eq_panelFromTopAndTrailing_of_fl_sub_zero_anyCols	public	theorem	626	NumStability.Source.Higham.Chapter19.Core	source_retained_outlier	approved_retained_outlier
NumStability.Source.Higham.Chapter19.Core	H19.Theorem19_13.storedPanelStep_succ_zeroPrefix_eq_panelFromTopAndTrailing_of_fl_sub_zero_of_succ	public	theorem	627	NumStability.Source.Higham.Chapter19.Core	source_retained_outlier	approved_retained_outlier
NumStability.Source.Higham.Chapter19.Core	H19.Theorem19_13.storedPanelStep_succ_zeroPrefix_eq_panelFromTopAndTrailing_of_subtractZeroExact	public	theorem	628	NumStability.Source.Higham.Chapter19.Core	source_retained_outlier	approved_retained_outlier
NumStability.Source.Higham.Chapter19.Core	H19.Theorem19_13.storedPanelStep_succ_zeroPrefix_eq_panelFromTopAndTrailing_of_subtractZeroExact_anyCols	public	theorem	629	NumStability.Source.Higham.Chapter19.Core	source_retained_outlier	approved_retained_outlier
NumStability.Source.Higham.Chapter19.Core	H19.Theorem19_13.storedPanelStep_succ_zeroPrefix_eq_panelFromTopAndTrailing_of_subtractZeroExact_of_succ	public	theorem	630	NumStability.Source.Higham.Chapter19.Core	source_retained_outlier	approved_retained_outlier
NumStability.Source.Higham.Chapter19.Core	H19.Theorem19_13.storedPanelStep_succ_zeroPrefix_eq_panelFromTopAndTrailing_of_topRowTail	public	theorem	631	NumStability.Source.Higham.Chapter19.Core	source_retained_outlier	approved_retained_outlier
NumStability.Source.Higham.Chapter19.Core	H19.Theorem19_13.storedPanelStep_succ_zeroPrefix_eq_panelFromTopAndTrailing_of_topRowTail_anyCols	public	theorem	632	NumStability.Source.Higham.Chapter19.Core	source_retained_outlier	approved_retained_outlier
NumStability.Source.Higham.Chapter19.Core	H19.Theorem19_13.storedPanelStep_succ_zeroPrefix_eq_panelFromTopAndTrailing_of_topRowTail_of_succ	public	theorem	633	NumStability.Source.Higham.Chapter19.Core	source_retained_outlier	approved_retained_outlier
NumStability.Source.Higham.Chapter19.Core	H19.Theorem19_13.storedSequence_completedColumn_eq_after_pivot	public	theorem	634	NumStability.Source.Higham.Chapter19.Core	source_retained_outlier	approved_retained_outlier
NumStability.Source.Higham.Chapter19.Core	H19.Theorem19_13.storedSequence_prevColumn_eq_add	public	theorem	635	NumStability.Source.Higham.Chapter19.Core	source_retained_outlier	approved_retained_outlier
NumStability.Source.Higham.Chapter19.Core	H19.Theorem19_13.storedSequence_prevColumn_eq_final	public	theorem	636	NumStability.Source.Higham.Chapter19.Core	source_retained_outlier	approved_retained_outlier
NumStability.Source.Higham.Chapter19.Core	H19.Theorem19_13.storedSequence_qrLeadingBlock_det_ne_zero_final_iff_after_pivot	public	theorem	637	NumStability.Source.Higham.Chapter19.Core	source_retained_outlier	approved_retained_outlier
NumStability.Source.Higham.Chapter19.Core	H19.Theorem19_13.storedSequence_qrLeadingBlock_eq_final	public	theorem	638	NumStability.Source.Higham.Chapter19.Core	source_retained_outlier	approved_retained_outlier
NumStability.Source.Higham.Chapter19.Core	H19.Theorem19_13.storedSequence_qrPreviousLeadingBlockTranspose_det_ne_zero_final_iff_stage	public	theorem	639	NumStability.Source.Higham.Chapter19.Core	source_retained_outlier	approved_retained_outlier
NumStability.Source.Higham.Chapter19.Core	H19.Theorem19_13.storedSequence_qrPreviousLeadingBlockTranspose_eq_final	public	theorem	640	NumStability.Source.Higham.Chapter19.Core	source_retained_outlier	approved_retained_outlier
NumStability.Source.Higham.Chapter19.Core	H19.Theorem19_13.storedSignedSequenceFirstTwoFullStageFacts	public	inductive	641	NumStability.Source.Higham.Chapter19.Core	source_retained_outlier	approved_retained_outlier
NumStability.Source.Higham.Chapter19.Core	H19.Theorem19_13.storedSignedSequenceFirstTwoFullStageFacts.casesOn	public	definition	642	NumStability.Source.Higham.Chapter19.Core	source_retained_outlier	approved_retained_outlier
NumStability.Source.Higham.Chapter19.Core	H19.Theorem19_13.storedSignedSequenceFirstTwoFullStageFacts.hStep	public	theorem	643	NumStability.Source.Higham.Chapter19.Core	source_retained_outlier	approved_retained_outlier
NumStability.Source.Higham.Chapter19.Core	H19.Theorem19_13.storedSignedSequenceFirstTwoFullStageFacts.hdetTailTailFirst	public	theorem	644	NumStability.Source.Higham.Chapter19.Core	source_retained_outlier	approved_retained_outlier
NumStability.Source.Higham.Chapter19.Core	H19.Theorem19_13.storedSignedSequenceFirstTwoFullStageFacts.hdetTailTailTail	public	theorem	645	NumStability.Source.Higham.Chapter19.Core	source_retained_outlier	approved_retained_outlier
NumStability.Source.Higham.Chapter19.Core	H19.Theorem19_13.storedSignedSequenceFirstTwoFullStageFacts.hselfFull2	public	theorem	646	NumStability.Source.Higham.Chapter19.Core	source_retained_outlier	approved_retained_outlier
NumStability.Source.Higham.Chapter19.Core	H19.Theorem19_13.storedSignedSequenceFirstTwoFullStageFacts.hselfFull3	public	theorem	647	NumStability.Source.Higham.Chapter19.Core	source_retained_outlier	approved_retained_outlier
NumStability.Source.Higham.Chapter19.Core	H19.Theorem19_13.storedSignedSequenceFirstTwoFullStageFacts.hvecFull2	public	theorem	648	NumStability.Source.Higham.Chapter19.Core	source_retained_outlier	approved_retained_outlier
NumStability.Source.Higham.Chapter19.Core	H19.Theorem19_13.storedSignedSequenceFirstTwoFullStageFacts.hvecFull3	public	theorem	649	NumStability.Source.Higham.Chapter19.Core	source_retained_outlier	approved_retained_outlier
NumStability.Source.Higham.Chapter19.Core	H19.Theorem19_13.storedSignedSequenceFirstTwoFullStageFacts.mk	public	constructor	650	NumStability.Source.Higham.Chapter19.Core	source_retained_outlier	approved_retained_outlier
NumStability.Source.Higham.Chapter19.Core	H19.Theorem19_13.storedSignedSequenceFirstTwoFullStageFacts.rec	public	recursor	651	NumStability.Source.Higham.Chapter19.Core	source_retained_outlier	approved_retained_outlier
NumStability.Source.Higham.Chapter19.Core	H19.Theorem19_13.storedSignedSequenceFirstTwoFullStageFacts.recOn	public	definition	652	NumStability.Source.Higham.Chapter19.Core	source_retained_outlier	approved_retained_outlier
NumStability.Source.Higham.Chapter19.Core	H19.Theorem19_13.storedSignedSequenceFirstTwoFullStageFacts_betaSpec_three_eq_one	public	theorem	653	NumStability.Source.Higham.Chapter19.Core	source_retained_outlier	approved_retained_outlier
NumStability.Source.Higham.Chapter19.Core	H19.Theorem19_13.storedSignedSequenceFirstTwoFullStageFacts_betaSpec_two_eq_one	public	theorem	654	NumStability.Source.Higham.Chapter19.Core	source_retained_outlier	approved_retained_outlier
NumStability.Source.Higham.Chapter19.Core	H19.Theorem19_13.storedSignedSequenceFirstTwoFullStageFacts_of_full_stage_two_three_zero_prefixed_facts	public	theorem	655	NumStability.Source.Higham.Chapter19.Core	source_retained_outlier	approved_retained_outlier
NumStability.Source.Higham.Chapter19.Core	H19.Theorem19_13.storedSignedSequenceFirstTwoFullStageFacts_of_full_stage_two_three_zero_prefixed_facts_and_leadingBlock_det_ne_zero	public	theorem	656	NumStability.Source.Higham.Chapter19.Core	source_retained_outlier	approved_retained_outlier
NumStability.Source.Higham.Chapter19.Core	H19.Theorem19_13.storedSignedSequenceFirstTwoFullStageFacts_of_full_stage_two_three_zero_prefixed_facts_and_leadingBlock_det_ne_zero_exactWithUnitRoundoff	public	theorem	657	NumStability.Source.Higham.Chapter19.Core	source_retained_outlier	approved_retained_outlier
NumStability.Source.Higham.Chapter19.Core	H19.Theorem19_13.storedSignedSequenceFirstTwoFullStageFacts_of_tailNormalizedFacts_and_leadingBlock_det_ne_zero	public	theorem	658	NumStability.Source.Higham.Chapter19.Core	source_retained_outlier	approved_retained_outlier
NumStability.Source.Higham.Chapter19.Core	H19.Theorem19_13.storedSignedSequenceFirstTwoFullStageFacts_of_tail_normalized_facts	public	theorem	659	NumStability.Source.Higham.Chapter19.Core	source_retained_outlier	approved_retained_outlier
NumStability.Source.Higham.Chapter19.Core	H19.Theorem19_13.storedSignedSequenceFirstTwoFullStageFacts_of_tail_normalized_facts_and_leadingBlock_det_ne_zero	public	theorem	660	NumStability.Source.Higham.Chapter19.Core	source_retained_outlier	approved_retained_outlier
NumStability.Source.Higham.Chapter19.Core	H19.Theorem19_13.storedSignedSequenceFirstTwoFullStageFacts_of_twice_trailing_full_stage_four_five_zero_prefixed_facts	public	theorem	661	NumStability.Source.Higham.Chapter19.Core	source_retained_outlier	approved_retained_outlier
NumStability.Source.Higham.Chapter19.Core	H19.Theorem19_13.storedSignedSequenceFirstTwoFullStageFacts_of_twice_trailing_full_stage_four_five_zero_prefixed_facts_and_leadingBlock_det_ne_zero	public	theorem	662	NumStability.Source.Higham.Chapter19.Core	source_retained_outlier	approved_retained_outlier
NumStability.Source.Higham.Chapter19.Core	H19.Theorem19_13.storedSignedSequenceFirstTwoFullStageFacts_of_twice_trailing_full_stage_four_five_zero_prefixed_facts_and_leadingBlock_det_ne_zero_exactWithUnitRoundoff	public	theorem	663	NumStability.Source.Higham.Chapter19.Core	source_retained_outlier	approved_retained_outlier
NumStability.Source.Higham.Chapter19.Core	H19.Theorem19_13.storedSignedSequenceFirstTwoFullStageFacts_of_twice_trailing_tail_normalized_facts_and_leadingBlock_det_ne_zero	public	theorem	664	NumStability.Source.Higham.Chapter19.Core	source_retained_outlier	approved_retained_outlier
NumStability.Source.Higham.Chapter19.Core	H19.Theorem19_13.storedSignedSequenceFirstTwoFullStageFacts_tail_dets_ne_zero_of_leadingBlock_det_ne_zero	public	theorem	665	NumStability.Source.Higham.Chapter19.Core	source_retained_outlier	approved_retained_outlier
NumStability.Source.Higham.Chapter19.Core	H19.Theorem19_13.storedSignedSequenceFirstTwoReflectorData	public	inductive	666	NumStability.Source.Higham.Chapter19.Core	source_retained_outlier	approved_retained_outlier
NumStability.Source.Higham.Chapter19.Core	H19.Theorem19_13.storedSignedSequenceFirstTwoReflectorData.casesOn	public	definition	667	NumStability.Source.Higham.Chapter19.Core	source_retained_outlier	approved_retained_outlier
NumStability.Source.Higham.Chapter19.Core	H19.Theorem19_13.storedSignedSequenceFirstTwoReflectorData.hdetFirst	public	theorem	668	NumStability.Source.Higham.Chapter19.Core	source_retained_outlier	approved_retained_outlier
NumStability.Source.Higham.Chapter19.Core	H19.Theorem19_13.storedSignedSequenceFirstTwoReflectorData.hdetTail	public	theorem	669	NumStability.Source.Higham.Chapter19.Core	source_retained_outlier	approved_retained_outlier
NumStability.Source.Higham.Chapter19.Core	H19.Theorem19_13.storedSignedSequenceFirstTwoReflectorData.hself0	public	theorem	670	NumStability.Source.Higham.Chapter19.Core	source_retained_outlier	approved_retained_outlier
NumStability.Source.Higham.Chapter19.Core	H19.Theorem19_13.storedSignedSequenceFirstTwoReflectorData.hselfTail	public	theorem	671	NumStability.Source.Higham.Chapter19.Core	source_retained_outlier	approved_retained_outlier
NumStability.Source.Higham.Chapter19.Core	H19.Theorem19_13.storedSignedSequenceFirstTwoReflectorData.hvec0	public	theorem	672	NumStability.Source.Higham.Chapter19.Core	source_retained_outlier	approved_retained_outlier
NumStability.Source.Higham.Chapter19.Core	H19.Theorem19_13.storedSignedSequenceFirstTwoReflectorData.hvecTail	public	theorem	673	NumStability.Source.Higham.Chapter19.Core	source_retained_outlier	approved_retained_outlier
NumStability.Source.Higham.Chapter19.Core	H19.Theorem19_13.storedSignedSequenceFirstTwoReflectorData.mk	public	constructor	674	NumStability.Source.Higham.Chapter19.Core	source_retained_outlier	approved_retained_outlier
NumStability.Source.Higham.Chapter19.Core	H19.Theorem19_13.storedSignedSequenceFirstTwoReflectorData.rec	public	recursor	675	NumStability.Source.Higham.Chapter19.Core	source_retained_outlier	approved_retained_outlier
NumStability.Source.Higham.Chapter19.Core	H19.Theorem19_13.storedSignedSequenceFirstTwoReflectorData.recOn	public	definition	676	NumStability.Source.Higham.Chapter19.Core	source_retained_outlier	approved_retained_outlier
NumStability.Source.Higham.Chapter19.Core	H19.Theorem19_13.storedSignedSequenceFirstTwoReflectorData_of_tail_reflector_self_dot	public	theorem	677	NumStability.Source.Higham.Chapter19.Core	source_retained_outlier	approved_retained_outlier
NumStability.Source.Higham.Chapter19.Core	H19.Theorem19_13.storedSignedSequenceFirstTwoTailNormalizedFacts	public	inductive	678	NumStability.Source.Higham.Chapter19.Core	source_retained_outlier	approved_retained_outlier
NumStability.Source.Higham.Chapter19.Core	H19.Theorem19_13.storedSignedSequenceFirstTwoTailNormalizedFacts.casesOn	public	definition	679	NumStability.Source.Higham.Chapter19.Core	source_retained_outlier	approved_retained_outlier
NumStability.Source.Higham.Chapter19.Core	H19.Theorem19_13.storedSignedSequenceFirstTwoTailNormalizedFacts.hselfTail2	public	theorem	680	NumStability.Source.Higham.Chapter19.Core	source_retained_outlier	approved_retained_outlier
NumStability.Source.Higham.Chapter19.Core	H19.Theorem19_13.storedSignedSequenceFirstTwoTailNormalizedFacts.hselfTail3	public	theorem	681	NumStability.Source.Higham.Chapter19.Core	source_retained_outlier	approved_retained_outlier
NumStability.Source.Higham.Chapter19.Core	H19.Theorem19_13.storedSignedSequenceFirstTwoTailNormalizedFacts.hvecTail2	public	theorem	682	NumStability.Source.Higham.Chapter19.Core	source_retained_outlier	approved_retained_outlier
NumStability.Source.Higham.Chapter19.Core	H19.Theorem19_13.storedSignedSequenceFirstTwoTailNormalizedFacts.hvecTail3	public	theorem	683	NumStability.Source.Higham.Chapter19.Core	source_retained_outlier	approved_retained_outlier
NumStability.Source.Higham.Chapter19.Core	H19.Theorem19_13.storedSignedSequenceFirstTwoTailNormalizedFacts.mk	public	constructor	684	NumStability.Source.Higham.Chapter19.Core	source_retained_outlier	approved_retained_outlier
NumStability.Source.Higham.Chapter19.Core	H19.Theorem19_13.storedSignedSequenceFirstTwoTailNormalizedFacts.rec	public	recursor	685	NumStability.Source.Higham.Chapter19.Core	source_retained_outlier	approved_retained_outlier
NumStability.Source.Higham.Chapter19.Core	H19.Theorem19_13.storedSignedSequenceFirstTwoTailNormalizedFacts.recOn	public	definition	686	NumStability.Source.Higham.Chapter19.Core	source_retained_outlier	approved_retained_outlier
NumStability.Source.Higham.Chapter19.Core	H19.Theorem19_13.storedSignedSequenceFirstTwoTailNormalizedFacts_betaSpec_three_eq_one	public	theorem	687	NumStability.Source.Higham.Chapter19.Core	source_retained_outlier	approved_retained_outlier
NumStability.Source.Higham.Chapter19.Core	H19.Theorem19_13.storedSignedSequenceFirstTwoTailNormalizedFacts_betaSpec_two_eq_one	public	theorem	688	NumStability.Source.Higham.Chapter19.Core	source_retained_outlier	approved_retained_outlier
NumStability.Source.Higham.Chapter19.Core	H19.Theorem19_13.storedSignedSequenceFirstTwoTailNormalizedFacts_of_sourceFaithfulNormalizations	public	theorem	689	NumStability.Source.Higham.Chapter19.Core	source_retained_outlier	approved_retained_outlier
NumStability.Source.Higham.Chapter19.Core	H19.Theorem19_13.storedSignedSequenceFirstTwoTailNormalizedFacts_of_tail_vectors_eq_and_dets_ne_zero_exactWithUnitRoundoff	public	theorem	690	NumStability.Source.Higham.Chapter19.Core	source_retained_outlier	approved_retained_outlier
NumStability.Source.Higham.Chapter19.Core	H19.Theorem19_13.storedSignedSequenceFirstTwoTailNormalizedFacts_of_tail_vectors_eq_and_leadingBlock_det_ne_zero_exactWithUnitRoundoff	public	theorem	691	NumStability.Source.Higham.Chapter19.Core	source_retained_outlier	approved_retained_outlier
NumStability.Source.Higham.Chapter19.Core	H19.Theorem19_13.storedSignedSequenceFirstTwoTailReflectorFacts	public	inductive	692	NumStability.Source.Higham.Chapter19.Core	source_retained_outlier	approved_retained_outlier
NumStability.Source.Higham.Chapter19.Core	H19.Theorem19_13.storedSignedSequenceFirstTwoTailReflectorFacts.casesOn	public	definition	693	NumStability.Source.Higham.Chapter19.Core	source_retained_outlier	approved_retained_outlier
NumStability.Source.Higham.Chapter19.Core	H19.Theorem19_13.storedSignedSequenceFirstTwoTailReflectorFacts.hdetTailTailFirst	public	theorem	694	NumStability.Source.Higham.Chapter19.Core	source_retained_outlier	approved_retained_outlier
NumStability.Source.Higham.Chapter19.Core	H19.Theorem19_13.storedSignedSequenceFirstTwoTailReflectorFacts.hdetTailTailTail	public	theorem	695	NumStability.Source.Higham.Chapter19.Core	source_retained_outlier	approved_retained_outlier
NumStability.Source.Higham.Chapter19.Core	H19.Theorem19_13.storedSignedSequenceFirstTwoTailReflectorFacts.hselfTailTail0	public	theorem	696	NumStability.Source.Higham.Chapter19.Core	source_retained_outlier	approved_retained_outlier
NumStability.Source.Higham.Chapter19.Core	H19.Theorem19_13.storedSignedSequenceFirstTwoTailReflectorFacts.hselfTailTail1	public	theorem	697	NumStability.Source.Higham.Chapter19.Core	source_retained_outlier	approved_retained_outlier
NumStability.Source.Higham.Chapter19.Core	H19.Theorem19_13.storedSignedSequenceFirstTwoTailReflectorFacts.hvecTailTail0	public	theorem	698	NumStability.Source.Higham.Chapter19.Core	source_retained_outlier	approved_retained_outlier
NumStability.Source.Higham.Chapter19.Core	H19.Theorem19_13.storedSignedSequenceFirstTwoTailReflectorFacts.hvecTailTail1	public	theorem	699	NumStability.Source.Higham.Chapter19.Core	source_retained_outlier	approved_retained_outlier
NumStability.Source.Higham.Chapter19.Core	H19.Theorem19_13.storedSignedSequenceFirstTwoTailReflectorFacts.mk	public	constructor	700	NumStability.Source.Higham.Chapter19.Core	source_retained_outlier	approved_retained_outlier
NumStability.Source.Higham.Chapter19.Core	H19.Theorem19_13.storedSignedSequenceFirstTwoTailReflectorFacts.rec	public	recursor	701	NumStability.Source.Higham.Chapter19.Core	source_retained_outlier	approved_retained_outlier
NumStability.Source.Higham.Chapter19.Core	H19.Theorem19_13.storedSignedSequenceFirstTwoTailReflectorFacts.recOn	public	definition	702	NumStability.Source.Higham.Chapter19.Core	source_retained_outlier	approved_retained_outlier
NumStability.Source.Higham.Chapter19.Core	H19.Theorem19_13.storedSignedSequenceFirstTwoTailReflectorFacts_of_full_stage_two_three_zero_prefixed_facts	public	theorem	703	NumStability.Source.Higham.Chapter19.Core	source_retained_outlier	approved_retained_outlier
NumStability.Source.Higham.Chapter19.Core	H19.Theorem19_13.storedSignedSequenceFirstTwoTailReflectorFacts_of_twice_trailing_stage_facts	public	theorem	704	NumStability.Source.Higham.Chapter19.Core	source_retained_outlier	approved_retained_outlier
NumStability.Source.Higham.Chapter19.Core	H19.Theorem19_13.storedSignedSequenceFullStageNormalizedLoopFacts	public	definition	705	NumStability.Source.Higham.Chapter19.Core	source_retained_outlier	approved_retained_outlier
NumStability.Source.Higham.Chapter19.Core	H19.Theorem19_13.storedSignedSequenceFullStageNormalizedLoopFacts_iff_fullStageSourceClosureData	public	theorem	706	NumStability.Source.Higham.Chapter19.Core	source_retained_outlier	approved_retained_outlier
NumStability.Source.Higham.Chapter19.Core	H19.Theorem19_13.storedSignedSequenceFullStageNormalizedLoopFacts_of_fullStageSourceClosureData	public	theorem	707	NumStability.Source.Higham.Chapter19.Core	source_retained_outlier	approved_retained_outlier
NumStability.Source.Higham.Chapter19.Core	H19.Theorem19_13.storedSignedSequenceFullStageNormalizedLoopFacts_of_tailNormalizedLoopRawFacts	public	theorem	708	NumStability.Source.Higham.Chapter19.Core	source_retained_outlier	approved_retained_outlier
NumStability.Source.Higham.Chapter19.Core	H19.Theorem19_13.storedSignedSequenceFullStageNormalizedLoopFacts_of_tailNormalizedLoopRecords	public	theorem	709	NumStability.Source.Higham.Chapter19.Core	source_retained_outlier	approved_retained_outlier
NumStability.Source.Higham.Chapter19.Core	H19.Theorem19_13.storedSignedSequenceFullStageNormalizedLoopFacts_of_tailVectorEqLoopFacts_exactWithUnitRoundoff	public	theorem	710	NumStability.Source.Higham.Chapter19.Core	source_retained_outlier	approved_retained_outlier
NumStability.Source.Higham.Chapter19.Core	H19.Theorem19_13.storedSignedSequenceFullStageNormalizedLoopFacts_of_tailVectorEqLoopFacts_of_normalizationModel	public	theorem	711	NumStability.Source.Higham.Chapter19.Core	source_retained_outlier	approved_retained_outlier
NumStability.Source.Higham.Chapter19.Core	H19.Theorem19_13.storedSignedSequenceFullStageNormalizedLoopFacts_one_of_full_stage_facts	public	theorem	712	NumStability.Source.Higham.Chapter19.Core	source_retained_outlier	approved_retained_outlier
NumStability.Source.Higham.Chapter19.Core	H19.Theorem19_13.storedSignedSequenceFullStageNormalizedLoopFacts_one_of_full_stage_two_zero_prefixed_facts	public	theorem	713	NumStability.Source.Higham.Chapter19.Core	source_retained_outlier	approved_retained_outlier
NumStability.Source.Higham.Chapter19.Core	H19.Theorem19_13.storedSignedSequenceFullStageNormalizedLoopFacts_one_of_full_stage_two_zero_prefixed_facts_and_leadingBlock_det_ne_zero	public	theorem	714	NumStability.Source.Higham.Chapter19.Core	source_retained_outlier	approved_retained_outlier
NumStability.Source.Higham.Chapter19.Core	H19.Theorem19_13.storedSignedSequenceFullStageNormalizedLoopFacts_one_of_full_stage_two_zero_prefixed_facts_and_leadingBlock_det_ne_zero_exactWithUnitRoundoff	public	theorem	715	NumStability.Source.Higham.Chapter19.Core	source_retained_outlier	approved_retained_outlier
NumStability.Source.Higham.Chapter19.Core	H19.Theorem19_13.storedSignedSequenceFullStageNormalizedLoopFacts_one_of_tailNormalizedFacts_and_leadingBlock_det_ne_zero	public	theorem	716	NumStability.Source.Higham.Chapter19.Core	source_retained_outlier	approved_retained_outlier
NumStability.Source.Higham.Chapter19.Core	H19.Theorem19_13.storedSignedSequenceFullStageNormalizedLoopFacts_one_of_tail_normalized_facts_and_leadingBlock_det_ne_zero	public	theorem	717	NumStability.Source.Higham.Chapter19.Core	source_retained_outlier	approved_retained_outlier
NumStability.Source.Higham.Chapter19.Core	H19.Theorem19_13.storedSignedSequenceFullStageNormalizedLoopFacts_one_of_twice_trailing_full_stage_four_zero_prefixed_facts	public	theorem	718	NumStability.Source.Higham.Chapter19.Core	source_retained_outlier	approved_retained_outlier
NumStability.Source.Higham.Chapter19.Core	H19.Theorem19_13.storedSignedSequenceFullStageNormalizedLoopFacts_one_of_twice_trailing_full_stage_four_zero_prefixed_facts_and_leadingBlock_det_ne_zero	public	theorem	719	NumStability.Source.Higham.Chapter19.Core	source_retained_outlier	approved_retained_outlier
NumStability.Source.Higham.Chapter19.Core	H19.Theorem19_13.storedSignedSequenceFullStageNormalizedLoopFacts_one_of_twice_trailing_full_stage_four_zero_prefixed_facts_and_leadingBlock_det_ne_zero_exactWithUnitRoundoff	public	theorem	720	NumStability.Source.Higham.Chapter19.Core	source_retained_outlier	approved_retained_outlier
NumStability.Source.Higham.Chapter19.Core	H19.Theorem19_13.storedSignedSequenceFullStageNormalizedLoopFacts_one_of_twice_trailing_tailNormalizedFacts_and_leadingBlock_det_ne_zero	public	theorem	721	NumStability.Source.Higham.Chapter19.Core	source_retained_outlier	approved_retained_outlier
NumStability.Source.Higham.Chapter19.Core	H19.Theorem19_13.storedSignedSequenceFullStageNormalizedLoopFacts_one_of_twice_trailing_tail_normalized_facts_and_leadingBlock_det_ne_zero	public	theorem	722	NumStability.Source.Higham.Chapter19.Core	source_retained_outlier	approved_retained_outlier
NumStability.Source.Higham.Chapter19.Core	H19.Theorem19_13.storedSignedSequenceFullStageNormalizedLoopFacts_succ_succ_of_firstTwoFullStageFacts	public	theorem	723	NumStability.Source.Higham.Chapter19.Core	source_retained_outlier	approved_retained_outlier
NumStability.Source.Higham.Chapter19.Core	H19.Theorem19_13.storedSignedSequenceFullStageNormalizedLoopFacts_succ_succ_of_firstTwoFullStageFacts_and_twice_trailing_full_stage_four_five_zero_prefixed_facts	public	theorem	724	NumStability.Source.Higham.Chapter19.Core	source_retained_outlier	approved_retained_outlier
NumStability.Source.Higham.Chapter19.Core	H19.Theorem19_13.storedSignedSequenceFullStageNormalizedLoopFacts_succ_succ_of_firstTwoFullStageFacts_and_twice_trailing_full_stage_four_five_zero_prefixed_facts_and_leadingBlock_det_ne_zero	public	theorem	725	NumStability.Source.Higham.Chapter19.Core	source_retained_outlier	approved_retained_outlier
NumStability.Source.Higham.Chapter19.Core	H19.Theorem19_13.storedSignedSequenceFullStageNormalizedLoopFacts_succ_succ_of_firstTwoFullStageFacts_and_twice_trailing_full_stage_four_five_zero_prefixed_facts_and_leadingBlock_det_ne_zero_exactWithUnitRoundoff	public	theorem	726	NumStability.Source.Higham.Chapter19.Core	source_retained_outlier	approved_retained_outlier
NumStability.Source.Higham.Chapter19.Core	H19.Theorem19_13.storedSignedSequenceFullStageNormalizedLoopFacts_succ_succ_of_firstTwoFullStageFacts_and_twice_trailing_full_stage_four_zero_prefixed_facts	public	theorem	727	NumStability.Source.Higham.Chapter19.Core	source_retained_outlier	approved_retained_outlier
NumStability.Source.Higham.Chapter19.Core	H19.Theorem19_13.storedSignedSequenceFullStageNormalizedLoopFacts_succ_succ_of_firstTwoFullStageFacts_and_twice_trailing_full_stage_four_zero_prefixed_facts_and_leadingBlock_det_ne_zero	public	theorem	728	NumStability.Source.Higham.Chapter19.Core	source_retained_outlier	approved_retained_outlier
NumStability.Source.Higham.Chapter19.Core	H19.Theorem19_13.storedSignedSequenceFullStageNormalizedLoopFacts_succ_succ_of_firstTwoFullStageFacts_and_twice_trailing_full_stage_four_zero_prefixed_facts_and_leadingBlock_det_ne_zero_exactWithUnitRoundoff	public	theorem	729	NumStability.Source.Higham.Chapter19.Core	source_retained_outlier	approved_retained_outlier
NumStability.Source.Higham.Chapter19.Core	H19.Theorem19_13.storedSignedSequenceFullStageNormalizedLoopFacts_succ_succ_of_full_stage_two_three_zero_prefixed_facts	public	theorem	730	NumStability.Source.Higham.Chapter19.Core	source_retained_outlier	approved_retained_outlier
NumStability.Source.Higham.Chapter19.Core	H19.Theorem19_13.storedSignedSequenceFullStageNormalizedLoopFacts_succ_succ_of_full_stage_two_three_zero_prefixed_facts_and_leadingBlock_det_ne_zero	public	theorem	731	NumStability.Source.Higham.Chapter19.Core	source_retained_outlier	approved_retained_outlier
NumStability.Source.Higham.Chapter19.Core	H19.Theorem19_13.storedSignedSequenceFullStageNormalizedLoopFacts_succ_succ_of_full_stage_two_three_zero_prefixed_facts_and_leadingBlock_det_ne_zero_exactWithUnitRoundoff	public	theorem	732	NumStability.Source.Higham.Chapter19.Core	source_retained_outlier	approved_retained_outlier
NumStability.Source.Higham.Chapter19.Core	H19.Theorem19_13.storedSignedSequenceFullStageNormalizedLoopFacts_succ_succ_of_tailNormalizedFacts_and_leadingBlock_det_ne_zero	public	theorem	733	NumStability.Source.Higham.Chapter19.Core	source_retained_outlier	approved_retained_outlier
NumStability.Source.Higham.Chapter19.Core	H19.Theorem19_13.storedSignedSequenceFullStageNormalizedLoopFacts_succ_succ_of_tail_normalized_facts_and_leadingBlock_det_ne_zero	public	theorem	734	NumStability.Source.Higham.Chapter19.Core	source_retained_outlier	approved_retained_outlier
NumStability.Source.Higham.Chapter19.Core	H19.Theorem19_13.storedSignedSequenceFullStageNormalizedLoopFacts_succ_succ_of_twice_trailing_full_stage_four_five_zero_prefixed_facts	public	theorem	735	NumStability.Source.Higham.Chapter19.Core	source_retained_outlier	approved_retained_outlier
NumStability.Source.Higham.Chapter19.Core	H19.Theorem19_13.storedSignedSequenceFullStageNormalizedLoopFacts_succ_succ_of_twice_trailing_full_stage_four_five_zero_prefixed_facts_and_leadingBlock_det_ne_zero	public	theorem	736	NumStability.Source.Higham.Chapter19.Core	source_retained_outlier	approved_retained_outlier
NumStability.Source.Higham.Chapter19.Core	H19.Theorem19_13.storedSignedSequenceFullStageNormalizedLoopFacts_succ_succ_of_twice_trailing_full_stage_four_five_zero_prefixed_facts_and_leadingBlock_det_ne_zero_exactWithUnitRoundoff	public	theorem	737	NumStability.Source.Higham.Chapter19.Core	source_retained_outlier	approved_retained_outlier
NumStability.Source.Higham.Chapter19.Core	H19.Theorem19_13.storedSignedSequenceFullStageNormalizedLoopFacts_succ_succ_of_twice_trailing_tailNormalizedFacts_and_leadingBlock_det_ne_zero	public	theorem	738	NumStability.Source.Higham.Chapter19.Core	source_retained_outlier	approved_retained_outlier
NumStability.Source.Higham.Chapter19.Core	H19.Theorem19_13.storedSignedSequenceFullStageNormalizedLoopFacts_succ_succ_of_twice_trailing_tail_normalized_facts_and_leadingBlock_det_ne_zero	public	theorem	739	NumStability.Source.Higham.Chapter19.Core	source_retained_outlier	approved_retained_outlier
NumStability.Source.Higham.Chapter19.Core	H19.Theorem19_13.storedSignedSequenceFullStageNormalizedLoopFacts_zero	public	theorem	740	NumStability.Source.Higham.Chapter19.Core	source_retained_outlier	approved_retained_outlier
NumStability.Source.Higham.Chapter19.Core	H19.Theorem19_13.storedSignedSequenceOneReflectorData	public	inductive	741	NumStability.Source.Higham.Chapter19.Core	source_retained_outlier	approved_retained_outlier
NumStability.Source.Higham.Chapter19.Core	H19.Theorem19_13.storedSignedSequenceOneReflectorData.casesOn	public	definition	742	NumStability.Source.Higham.Chapter19.Core	source_retained_outlier	approved_retained_outlier
NumStability.Source.Higham.Chapter19.Core	H19.Theorem19_13.storedSignedSequenceOneReflectorData.hdetFirst	public	theorem	743	NumStability.Source.Higham.Chapter19.Core	source_retained_outlier	approved_retained_outlier
NumStability.Source.Higham.Chapter19.Core	H19.Theorem19_13.storedSignedSequenceOneReflectorData.hself0	public	theorem	744	NumStability.Source.Higham.Chapter19.Core	source_retained_outlier	approved_retained_outlier
NumStability.Source.Higham.Chapter19.Core	H19.Theorem19_13.storedSignedSequenceOneReflectorData.hvec0	public	theorem	745	NumStability.Source.Higham.Chapter19.Core	source_retained_outlier	approved_retained_outlier
NumStability.Source.Higham.Chapter19.Core	H19.Theorem19_13.storedSignedSequenceOneReflectorData.mk	public	constructor	746	NumStability.Source.Higham.Chapter19.Core	source_retained_outlier	approved_retained_outlier
NumStability.Source.Higham.Chapter19.Core	H19.Theorem19_13.storedSignedSequenceOneReflectorData.rec	public	recursor	747	NumStability.Source.Higham.Chapter19.Core	source_retained_outlier	approved_retained_outlier
NumStability.Source.Higham.Chapter19.Core	H19.Theorem19_13.storedSignedSequenceOneReflectorData.recOn	public	definition	748	NumStability.Source.Higham.Chapter19.Core	source_retained_outlier	approved_retained_outlier
NumStability.Source.Higham.Chapter19.Core	H19.Theorem19_13.storedSignedSequenceOneReflectorData_of_tail_reflector_self_dot	public	theorem	749	NumStability.Source.Higham.Chapter19.Core	source_retained_outlier	approved_retained_outlier
NumStability.Source.Higham.Chapter19.Core	H19.Theorem19_13.storedSignedSequenceOneTailFullStageFacts	public	inductive	750	NumStability.Source.Higham.Chapter19.Core	source_retained_outlier	approved_retained_outlier
NumStability.Source.Higham.Chapter19.Core	H19.Theorem19_13.storedSignedSequenceOneTailFullStageFacts.casesOn	public	definition	751	NumStability.Source.Higham.Chapter19.Core	source_retained_outlier	approved_retained_outlier
NumStability.Source.Higham.Chapter19.Core	H19.Theorem19_13.storedSignedSequenceOneTailFullStageFacts.hdetTailTail	public	theorem	752	NumStability.Source.Higham.Chapter19.Core	source_retained_outlier	approved_retained_outlier
NumStability.Source.Higham.Chapter19.Core	H19.Theorem19_13.storedSignedSequenceOneTailFullStageFacts.hselfFull	public	theorem	753	NumStability.Source.Higham.Chapter19.Core	source_retained_outlier	approved_retained_outlier
NumStability.Source.Higham.Chapter19.Core	H19.Theorem19_13.storedSignedSequenceOneTailFullStageFacts.hvecFull	public	theorem	754	NumStability.Source.Higham.Chapter19.Core	source_retained_outlier	approved_retained_outlier
NumStability.Source.Higham.Chapter19.Core	H19.Theorem19_13.storedSignedSequenceOneTailFullStageFacts.mk	public	constructor	755	NumStability.Source.Higham.Chapter19.Core	source_retained_outlier	approved_retained_outlier
NumStability.Source.Higham.Chapter19.Core	H19.Theorem19_13.storedSignedSequenceOneTailFullStageFacts.rec	public	recursor	756	NumStability.Source.Higham.Chapter19.Core	source_retained_outlier	approved_retained_outlier
NumStability.Source.Higham.Chapter19.Core	H19.Theorem19_13.storedSignedSequenceOneTailFullStageFacts.recOn	public	definition	757	NumStability.Source.Higham.Chapter19.Core	source_retained_outlier	approved_retained_outlier
NumStability.Source.Higham.Chapter19.Core	H19.Theorem19_13.storedSignedSequenceOneTailFullStageFacts_betaSpec_eq_one	public	theorem	758	NumStability.Source.Higham.Chapter19.Core	source_retained_outlier	approved_retained_outlier
NumStability.Source.Higham.Chapter19.Core	H19.Theorem19_13.storedSignedSequenceOneTailFullStageFacts_of_full_stage_two_zero_prefixed_facts	public	theorem	759	NumStability.Source.Higham.Chapter19.Core	source_retained_outlier	approved_retained_outlier
NumStability.Source.Higham.Chapter19.Core	H19.Theorem19_13.storedSignedSequenceOneTailFullStageFacts_of_full_stage_two_zero_prefixed_facts_and_leadingBlock_det_ne_zero	public	theorem	760	NumStability.Source.Higham.Chapter19.Core	source_retained_outlier	approved_retained_outlier
NumStability.Source.Higham.Chapter19.Core	H19.Theorem19_13.storedSignedSequenceOneTailFullStageFacts_of_full_stage_two_zero_prefixed_facts_and_leadingBlock_det_ne_zero_exactWithUnitRoundoff	public	theorem	761	NumStability.Source.Higham.Chapter19.Core	source_retained_outlier	approved_retained_outlier
NumStability.Source.Higham.Chapter19.Core	H19.Theorem19_13.storedSignedSequenceOneTailFullStageFacts_of_tailNormalizedFacts_and_leadingBlock_det_ne_zero	public	theorem	762	NumStability.Source.Higham.Chapter19.Core	source_retained_outlier	approved_retained_outlier
NumStability.Source.Higham.Chapter19.Core	H19.Theorem19_13.storedSignedSequenceOneTailFullStageFacts_of_tail_normalized_facts	public	theorem	763	NumStability.Source.Higham.Chapter19.Core	source_retained_outlier	approved_retained_outlier
NumStability.Source.Higham.Chapter19.Core	H19.Theorem19_13.storedSignedSequenceOneTailFullStageFacts_of_tail_normalized_facts_and_leadingBlock_det_ne_zero	public	theorem	764	NumStability.Source.Higham.Chapter19.Core	source_retained_outlier	approved_retained_outlier
NumStability.Source.Higham.Chapter19.Core	H19.Theorem19_13.storedSignedSequenceOneTailFullStageFacts_of_twice_trailing_full_stage_four_zero_prefixed_facts	public	theorem	765	NumStability.Source.Higham.Chapter19.Core	source_retained_outlier	approved_retained_outlier
NumStability.Source.Higham.Chapter19.Core	H19.Theorem19_13.storedSignedSequenceOneTailFullStageFacts_of_twice_trailing_full_stage_four_zero_prefixed_facts_and_leadingBlock_det_ne_zero	public	theorem	766	NumStability.Source.Higham.Chapter19.Core	source_retained_outlier	approved_retained_outlier
NumStability.Source.Higham.Chapter19.Core	H19.Theorem19_13.storedSignedSequenceOneTailFullStageFacts_of_twice_trailing_full_stage_four_zero_prefixed_facts_and_leadingBlock_det_ne_zero_exactWithUnitRoundoff	public	theorem	767	NumStability.Source.Higham.Chapter19.Core	source_retained_outlier	approved_retained_outlier
NumStability.Source.Higham.Chapter19.Core	H19.Theorem19_13.storedSignedSequenceOneTailFullStageFacts_of_twice_trailing_tail_normalized_facts_and_leadingBlock_det_ne_zero	public	theorem	768	NumStability.Source.Higham.Chapter19.Core	source_retained_outlier	approved_retained_outlier
NumStability.Source.Higham.Chapter19.Core	H19.Theorem19_13.storedSignedSequenceOneTailFullStageFacts_tail_det_ne_zero_of_leadingBlock_det_ne_zero	public	theorem	769	NumStability.Source.Higham.Chapter19.Core	source_retained_outlier	approved_retained_outlier
NumStability.Source.Higham.Chapter19.Core	H19.Theorem19_13.storedSignedSequenceOneTailNormalizedFacts	public	inductive	770	NumStability.Source.Higham.Chapter19.Core	source_retained_outlier	approved_retained_outlier
NumStability.Source.Higham.Chapter19.Core	H19.Theorem19_13.storedSignedSequenceOneTailNormalizedFacts.casesOn	public	definition	771	NumStability.Source.Higham.Chapter19.Core	source_retained_outlier	approved_retained_outlier
NumStability.Source.Higham.Chapter19.Core	H19.Theorem19_13.storedSignedSequenceOneTailNormalizedFacts.hselfTail	public	theorem	772	NumStability.Source.Higham.Chapter19.Core	source_retained_outlier	approved_retained_outlier
NumStability.Source.Higham.Chapter19.Core	H19.Theorem19_13.storedSignedSequenceOneTailNormalizedFacts.hvecTail	public	theorem	773	NumStability.Source.Higham.Chapter19.Core	source_retained_outlier	approved_retained_outlier
NumStability.Source.Higham.Chapter19.Core	H19.Theorem19_13.storedSignedSequenceOneTailNormalizedFacts.mk	public	constructor	774	NumStability.Source.Higham.Chapter19.Core	source_retained_outlier	approved_retained_outlier
NumStability.Source.Higham.Chapter19.Core	H19.Theorem19_13.storedSignedSequenceOneTailNormalizedFacts.rec	public	recursor	775	NumStability.Source.Higham.Chapter19.Core	source_retained_outlier	approved_retained_outlier
NumStability.Source.Higham.Chapter19.Core	H19.Theorem19_13.storedSignedSequenceOneTailNormalizedFacts.recOn	public	definition	776	NumStability.Source.Higham.Chapter19.Core	source_retained_outlier	approved_retained_outlier
NumStability.Source.Higham.Chapter19.Core	H19.Theorem19_13.storedSignedSequenceOneTailNormalizedFacts_betaSpec_eq_one	public	theorem	777	NumStability.Source.Higham.Chapter19.Core	source_retained_outlier	approved_retained_outlier
NumStability.Source.Higham.Chapter19.Core	H19.Theorem19_13.storedSignedSequenceOneTailNormalizedFacts_of_sourceFaithfulNormalization	public	theorem	778	NumStability.Source.Higham.Chapter19.Core	source_retained_outlier	approved_retained_outlier
NumStability.Source.Higham.Chapter19.Core	H19.Theorem19_13.storedSignedSequenceOneTailNormalizedFacts_of_tail_vector_eq_and_det_ne_zero_exactWithUnitRoundoff	public	theorem	779	NumStability.Source.Higham.Chapter19.Core	source_retained_outlier	approved_retained_outlier
NumStability.Source.Higham.Chapter19.Core	H19.Theorem19_13.storedSignedSequenceOneTailNormalizedFacts_of_tail_vector_eq_and_leadingBlock_det_ne_zero_exactWithUnitRoundoff	public	theorem	780	NumStability.Source.Higham.Chapter19.Core	source_retained_outlier	approved_retained_outlier
NumStability.Source.Higham.Chapter19.Core	H19.Theorem19_13.storedSignedSequenceOneTailReflectorFacts	public	inductive	781	NumStability.Source.Higham.Chapter19.Core	source_retained_outlier	approved_retained_outlier
NumStability.Source.Higham.Chapter19.Core	H19.Theorem19_13.storedSignedSequenceOneTailReflectorFacts.casesOn	public	definition	782	NumStability.Source.Higham.Chapter19.Core	source_retained_outlier	approved_retained_outlier
NumStability.Source.Higham.Chapter19.Core	H19.Theorem19_13.storedSignedSequenceOneTailReflectorFacts.hdetTailTail	public	theorem	783	NumStability.Source.Higham.Chapter19.Core	source_retained_outlier	approved_retained_outlier
NumStability.Source.Higham.Chapter19.Core	H19.Theorem19_13.storedSignedSequenceOneTailReflectorFacts.hselfTailTail	public	theorem	784	NumStability.Source.Higham.Chapter19.Core	source_retained_outlier	approved_retained_outlier
NumStability.Source.Higham.Chapter19.Core	H19.Theorem19_13.storedSignedSequenceOneTailReflectorFacts.hvecTailTail	public	theorem	785	NumStability.Source.Higham.Chapter19.Core	source_retained_outlier	approved_retained_outlier
NumStability.Source.Higham.Chapter19.Core	H19.Theorem19_13.storedSignedSequenceOneTailReflectorFacts.mk	public	constructor	786	NumStability.Source.Higham.Chapter19.Core	source_retained_outlier	approved_retained_outlier
NumStability.Source.Higham.Chapter19.Core	H19.Theorem19_13.storedSignedSequenceOneTailReflectorFacts.rec	public	recursor	787	NumStability.Source.Higham.Chapter19.Core	source_retained_outlier	approved_retained_outlier
NumStability.Source.Higham.Chapter19.Core	H19.Theorem19_13.storedSignedSequenceOneTailReflectorFacts.recOn	public	definition	788	NumStability.Source.Higham.Chapter19.Core	source_retained_outlier	approved_retained_outlier
NumStability.Source.Higham.Chapter19.Core	H19.Theorem19_13.storedSignedSequenceOneTailReflectorFacts_of_full_stage_two_zero_prefixed_facts	public	theorem	789	NumStability.Source.Higham.Chapter19.Core	source_retained_outlier	approved_retained_outlier
NumStability.Source.Higham.Chapter19.Core	H19.Theorem19_13.storedSignedSequenceOneTailReflectorFacts_of_twice_trailing_stage_facts	public	theorem	790	NumStability.Source.Higham.Chapter19.Core	source_retained_outlier	approved_retained_outlier
NumStability.Source.Higham.Chapter19.Core	H19.Theorem19_13.storedSignedSequenceTailAlpha2	public	definition	791	NumStability.Source.Higham.Chapter19.Core	source_retained_outlier	approved_retained_outlier
NumStability.Source.Higham.Chapter19.Core	H19.Theorem19_13.storedSignedSequenceTailNormalizedLoopRawFacts	public	definition	792	NumStability.Source.Higham.Chapter19.Core	source_retained_outlier	approved_retained_outlier
NumStability.Source.Higham.Chapter19.Core	H19.Theorem19_13.storedSignedSequenceTailNormalizedLoopRawFacts_iff_tailNormalizedLoopRecords	public	theorem	793	NumStability.Source.Higham.Chapter19.Core	source_retained_outlier	approved_retained_outlier
NumStability.Source.Higham.Chapter19.Core	H19.Theorem19_13.storedSignedSequenceTailNormalizedLoopRawFacts_of_sourceFaithfulNormalizations	public	theorem	794	NumStability.Source.Higham.Chapter19.Core	source_retained_outlier	approved_retained_outlier
NumStability.Source.Higham.Chapter19.Core	H19.Theorem19_13.storedSignedSequenceTailNormalizedLoopRawFacts_of_tailNormalizedLoopRecords	public	theorem	795	NumStability.Source.Higham.Chapter19.Core	source_retained_outlier	approved_retained_outlier
NumStability.Source.Higham.Chapter19.Core	H19.Theorem19_13.storedSignedSequenceTailNormalizedLoopRawFacts_of_tailVectorEqLoopFacts_exactWithUnitRoundoff	public	theorem	796	NumStability.Source.Higham.Chapter19.Core	source_retained_outlier	approved_retained_outlier
NumStability.Source.Higham.Chapter19.Core	H19.Theorem19_13.storedSignedSequenceTailNormalizedLoopRawFacts_of_tailVectorEqLoopFacts_of_exact_add_mul_div_sqrt	public	theorem	797	NumStability.Source.Higham.Chapter19.Core	source_retained_outlier	approved_retained_outlier
NumStability.Source.Higham.Chapter19.Core	H19.Theorem19_13.storedSignedSequenceTailNormalizedLoopRawFacts_of_tailVectorEqLoopFacts_of_normalizationModel	public	theorem	798	NumStability.Source.Higham.Chapter19.Core	source_retained_outlier	approved_retained_outlier
NumStability.Source.Higham.Chapter19.Core	H19.Theorem19_13.storedSignedSequenceTailNormalizedLoopRawFacts_one_of_full_stage_two_zero_prefixed_facts_and_leadingBlock_det_ne_zero	public	theorem	799	NumStability.Source.Higham.Chapter19.Core	source_retained_outlier	approved_retained_outlier
NumStability.Source.Higham.Chapter19.Core	H19.Theorem19_13.storedSignedSequenceTailNormalizedLoopRawFacts_one_of_sourceFaithfulNormalization	public	theorem	800	NumStability.Source.Higham.Chapter19.Core	source_retained_outlier	approved_retained_outlier
NumStability.Source.Higham.Chapter19.Core	H19.Theorem19_13.storedSignedSequenceTailNormalizedLoopRawFacts_one_of_twice_trailing_stage_facts	public	theorem	801	NumStability.Source.Higham.Chapter19.Core	source_retained_outlier	approved_retained_outlier
NumStability.Source.Higham.Chapter19.Core	H19.Theorem19_13.storedSignedSequenceTailNormalizedLoopRawFacts_succ_succ_of_full_stage_two_three_zero_prefixed_facts_and_leadingBlock_det_ne_zero	public	theorem	802	NumStability.Source.Higham.Chapter19.Core	source_retained_outlier	approved_retained_outlier
NumStability.Source.Higham.Chapter19.Core	H19.Theorem19_13.storedSignedSequenceTailNormalizedLoopRawFacts_succ_succ_of_sourceFaithfulNormalizations	public	theorem	803	NumStability.Source.Higham.Chapter19.Core	source_retained_outlier	approved_retained_outlier
NumStability.Source.Higham.Chapter19.Core	H19.Theorem19_13.storedSignedSequenceTailNormalizedLoopRawFacts_succ_succ_of_twice_trailing_stage_facts	public	theorem	804	NumStability.Source.Higham.Chapter19.Core	source_retained_outlier	approved_retained_outlier
NumStability.Source.Higham.Chapter19.Core	H19.Theorem19_13.storedSignedSequenceTailNormalizedLoopRecords	public	definition	805	NumStability.Source.Higham.Chapter19.Core	source_retained_outlier	approved_retained_outlier
NumStability.Source.Higham.Chapter19.Core	H19.Theorem19_13.storedSignedSequenceTailNormalizedLoopRecords_of_sourceFaithfulNormalizations	public	theorem	806	NumStability.Source.Higham.Chapter19.Core	source_retained_outlier	approved_retained_outlier
NumStability.Source.Higham.Chapter19.Core	H19.Theorem19_13.storedSignedSequenceTailNormalizedLoopRecords_of_tailNormalizedLoopRawFacts	public	theorem	807	NumStability.Source.Higham.Chapter19.Core	source_retained_outlier	approved_retained_outlier
NumStability.Source.Higham.Chapter19.Core	H19.Theorem19_13.storedSignedSequenceTailNormalizedLoopRecords_of_tailVectorEqLoopFacts_exactWithUnitRoundoff	public	theorem	808	NumStability.Source.Higham.Chapter19.Core	source_retained_outlier	approved_retained_outlier
NumStability.Source.Higham.Chapter19.Core	H19.Theorem19_13.storedSignedSequenceTailNormalizedLoopRecords_of_tailVectorEqLoopFacts_of_exact_add_mul_div_sqrt	public	theorem	809	NumStability.Source.Higham.Chapter19.Core	source_retained_outlier	approved_retained_outlier
NumStability.Source.Higham.Chapter19.Core	H19.Theorem19_13.storedSignedSequenceTailNormalizedLoopRecords_of_tailVectorEqLoopFacts_of_normalizationModel	public	theorem	810	NumStability.Source.Higham.Chapter19.Core	source_retained_outlier	approved_retained_outlier
NumStability.Source.Higham.Chapter19.Core	H19.Theorem19_13.storedSignedSequenceTailNormalizedLoopVectorEqFacts	public	definition	811	NumStability.Source.Higham.Chapter19.Core	source_retained_outlier	approved_retained_outlier
NumStability.Source.Higham.Chapter19.Core	H19.Theorem19_13.storedSignedSequenceTailNormalizedLoopVectorEqFacts_exactWithUnitRoundoff	public	definition	812	NumStability.Source.Higham.Chapter19.Core	source_retained_outlier	approved_retained_outlier
NumStability.Source.Higham.Chapter19.Core	H19.Theorem19_13.storedSignedSequenceTailNormalizedLoopVectorEqFacts_exactWithUnitRoundoff_one	public	theorem	813	NumStability.Source.Higham.Chapter19.Core	source_retained_outlier	approved_retained_outlier
NumStability.Source.Higham.Chapter19.Core	H19.Theorem19_13.storedSignedSequenceTailNormalizedLoopVectorEqFacts_exactWithUnitRoundoff_succ_succ	public	theorem	814	NumStability.Source.Higham.Chapter19.Core	source_retained_outlier	approved_retained_outlier
NumStability.Source.Higham.Chapter19.Core	H19.Theorem19_13.storedSignedSequenceTailNormalizedLoopVectorEqFacts_exactWithUnitRoundoff_zero	public	theorem	815	NumStability.Source.Higham.Chapter19.Core	source_retained_outlier	approved_retained_outlier
NumStability.Source.Higham.Chapter19.Core	H19.Theorem19_13.storedSignedSequenceTailNormalizedLoopVectorEqFacts_one	public	theorem	816	NumStability.Source.Higham.Chapter19.Core	source_retained_outlier	approved_retained_outlier
NumStability.Source.Higham.Chapter19.Core	H19.Theorem19_13.storedSignedSequenceTailNormalizedLoopVectorEqFacts_succ_succ	public	theorem	817	NumStability.Source.Higham.Chapter19.Core	source_retained_outlier	approved_retained_outlier
NumStability.Source.Higham.Chapter19.Core	H19.Theorem19_13.storedSignedSequenceTailNormalizedLoopVectorEqFacts_zero	public	theorem	818	NumStability.Source.Higham.Chapter19.Core	source_retained_outlier	approved_retained_outlier
NumStability.Source.Higham.Chapter19.Core	H19.Theorem19_13.storedSignedSequenceTailSourceFaithfulNormalizations	public	definition	819	NumStability.Source.Higham.Chapter19.Core	source_retained_outlier	approved_retained_outlier
NumStability.Source.Higham.Chapter19.Core	H19.Theorem19_13.storedSignedSequenceTailSourceFaithfulNormalizations_iff_tailNormalizedLoopRawFacts	public	theorem	820	NumStability.Source.Higham.Chapter19.Core	source_retained_outlier	approved_retained_outlier
NumStability.Source.Higham.Chapter19.Core	H19.Theorem19_13.storedSignedSequenceTailSourceFaithfulNormalizations_iff_tailNormalizedLoopRecords	public	theorem	821	NumStability.Source.Higham.Chapter19.Core	source_retained_outlier	approved_retained_outlier
NumStability.Source.Higham.Chapter19.Core	H19.Theorem19_13.storedSignedSequenceTailSourceFaithfulNormalizations_of_tailNormalizedLoopRawFacts	public	theorem	822	NumStability.Source.Higham.Chapter19.Core	source_retained_outlier	approved_retained_outlier
NumStability.Source.Higham.Chapter19.Core	H19.Theorem19_13.storedSignedSequenceTailSourceFaithfulNormalizations_of_tailNormalizedLoopRecords	public	theorem	823	NumStability.Source.Higham.Chapter19.Core	source_retained_outlier	approved_retained_outlier
NumStability.Source.Higham.Chapter19.Core	H19.Theorem19_13.storedSignedSequenceTailSourceFaithfulNormalizations_of_tailVectorEqLoopFacts_exactWithUnitRoundoff	public	theorem	824	NumStability.Source.Higham.Chapter19.Core	source_retained_outlier	approved_retained_outlier
NumStability.Source.Higham.Chapter19.Core	H19.Theorem19_13.storedSignedSequenceTailSourceFaithfulNormalizations_of_tailVectorEqLoopFacts_of_exact_add_mul_div_sqrt	public	theorem	825	NumStability.Source.Higham.Chapter19.Core	source_retained_outlier	approved_retained_outlier
NumStability.Source.Higham.Chapter19.Core	H19.Theorem19_13.storedSignedSequenceTailSourceFaithfulNormalizations_of_tailVectorEqLoopFacts_of_normalizationModel	public	theorem	826	NumStability.Source.Higham.Chapter19.Core	source_retained_outlier	approved_retained_outlier
NumStability.Source.Higham.Chapter19.Core	H19.Theorem19_13.storedSignedSequenceTwiceTrailingClosureData	public	definition	827	NumStability.Source.Higham.Chapter19.Core	source_retained_outlier	approved_retained_outlier
NumStability.Source.Higham.Chapter19.Core	H19.Theorem19_13.storedSignedSequenceTwiceTrailingClosureData_of_fullStageSourceClosureData	public	theorem	828	NumStability.Source.Higham.Chapter19.Core	source_retained_outlier	approved_retained_outlier
NumStability.Source.Higham.Chapter19.Core	H19.Theorem19_13.storedSignedSequenceTwiceTrailingClosureData_of_sourceClosureData	public	theorem	829	NumStability.Source.Higham.Chapter19.Core	source_retained_outlier	approved_retained_outlier
NumStability.Source.Higham.Chapter19.Core	H19.Theorem19_13.storedSignedSequenceTwiceTrailingClosureData_one_of_reflectorData	public	theorem	830	NumStability.Source.Higham.Chapter19.Core	source_retained_outlier	approved_retained_outlier
NumStability.Source.Higham.Chapter19.Core	H19.Theorem19_13.storedSignedSequenceTwiceTrailingClosureData_one_of_tail_reflector_self_dot	public	theorem	831	NumStability.Source.Higham.Chapter19.Core	source_retained_outlier	approved_retained_outlier
NumStability.Source.Higham.Chapter19.Core	H19.Theorem19_13.storedSignedSequenceTwiceTrailingClosureData_succ_succ_of_firstTwoReflectorData	public	theorem	832	NumStability.Source.Higham.Chapter19.Core	source_retained_outlier	approved_retained_outlier
NumStability.Source.Higham.Chapter19.Core	H19.Theorem19_13.storedSignedSequenceTwiceTrailingClosureData_succ_succ_of_reflector_self_dot	public	theorem	833	NumStability.Source.Higham.Chapter19.Core	source_retained_outlier	approved_retained_outlier
NumStability.Source.Higham.Chapter19.Core	H19.Theorem19_13.storedSignedSequenceTwiceTrailingClosureData_succ_succ_of_tail_reflector_self_dot	public	theorem	834	NumStability.Source.Higham.Chapter19.Core	source_retained_outlier	approved_retained_outlier
NumStability.Source.Higham.Chapter19.Core	H19.Theorem19_13.storedSignedSequenceTwiceTrailingClosureData_zero	public	theorem	835	NumStability.Source.Higham.Chapter19.Core	source_retained_outlier	approved_retained_outlier
NumStability.Source.Higham.Chapter19.Core	H19.Theorem19_13.storedSignedSequenceTwiceTrailingFinalClosed	public	definition	836	NumStability.Source.Higham.Chapter19.Core	source_retained_outlier	approved_retained_outlier
NumStability.Source.Higham.Chapter19.Core	H19.Theorem19_13.storedSignedSequenceTwiceTrailingFinalClosed_four_col_of_firstTwoReflectorData	public	theorem	837	NumStability.Source.Higham.Chapter19.Core	source_retained_outlier	approved_retained_outlier
NumStability.Source.Higham.Chapter19.Core	H19.Theorem19_13.storedSignedSequenceTwiceTrailingFinalClosed_of_closureData	public	theorem	838	NumStability.Source.Higham.Chapter19.Core	source_retained_outlier	approved_retained_outlier
NumStability.Source.Higham.Chapter19.Core	H19.Theorem19_13.storedSignedSequenceTwiceTrailingFinalClosed_of_fullStageSourceClosureData	public	theorem	839	NumStability.Source.Higham.Chapter19.Core	source_retained_outlier	approved_retained_outlier
NumStability.Source.Higham.Chapter19.Core	H19.Theorem19_13.storedSignedSequenceTwiceTrailingFinalClosed_of_fullStageSourceClosureData_of_exact_sub	public	theorem	840	NumStability.Source.Higham.Chapter19.Core	source_retained_outlier	approved_retained_outlier
NumStability.Source.Higham.Chapter19.Core	H19.Theorem19_13.storedSignedSequenceTwiceTrailingFinalClosed_of_sourceClosureData	public	theorem	841	NumStability.Source.Higham.Chapter19.Core	source_retained_outlier	approved_retained_outlier
NumStability.Source.Higham.Chapter19.Core	H19.Theorem19_13.storedSignedSequenceTwiceTrailingFinalClosed_of_sourceClosureData_of_exact_sub	public	theorem	842	NumStability.Source.Higham.Chapter19.Core	source_retained_outlier	approved_retained_outlier
NumStability.Source.Higham.Chapter19.Core	H19.Theorem19_13.storedSignedSequenceTwiceTrailingFinalClosed_of_sourceFaithfulNormalizations	public	theorem	843	NumStability.Source.Higham.Chapter19.Core	source_retained_outlier	approved_retained_outlier
NumStability.Source.Higham.Chapter19.Core	H19.Theorem19_13.storedSignedSequenceTwiceTrailingFinalClosed_of_sourceFaithfulNormalizations_of_exact_sub	public	theorem	844	NumStability.Source.Higham.Chapter19.Core	source_retained_outlier	approved_retained_outlier
NumStability.Source.Higham.Chapter19.Core	H19.Theorem19_13.storedSignedSequenceTwiceTrailingFinalClosed_of_sourceFaithful_tailVectorEqLoopFacts_exactWithUnitRoundoff	public	theorem	845	NumStability.Source.Higham.Chapter19.Core	source_retained_outlier	approved_retained_outlier
NumStability.Source.Higham.Chapter19.Core	H19.Theorem19_13.storedSignedSequenceTwiceTrailingFinalClosed_of_tailNormalizedLoopRawFacts	public	theorem	846	NumStability.Source.Higham.Chapter19.Core	source_retained_outlier	approved_retained_outlier
NumStability.Source.Higham.Chapter19.Core	H19.Theorem19_13.storedSignedSequenceTwiceTrailingFinalClosed_of_tailNormalizedLoopRawFacts_of_exact_sub	public	theorem	847	NumStability.Source.Higham.Chapter19.Core	source_retained_outlier	approved_retained_outlier
NumStability.Source.Higham.Chapter19.Core	H19.Theorem19_13.storedSignedSequenceTwiceTrailingFinalClosed_of_tailNormalizedLoopRecords	public	theorem	848	NumStability.Source.Higham.Chapter19.Core	source_retained_outlier	approved_retained_outlier
NumStability.Source.Higham.Chapter19.Core	H19.Theorem19_13.storedSignedSequenceTwiceTrailingFinalClosed_of_tailNormalizedLoopRecords_of_exact_sub	public	theorem	849	NumStability.Source.Higham.Chapter19.Core	source_retained_outlier	approved_retained_outlier
NumStability.Source.Higham.Chapter19.Core	H19.Theorem19_13.storedSignedSequenceTwiceTrailingFinalClosed_of_tailVectorEqLoopFacts_exactWithUnitRoundoff	public	theorem	850	NumStability.Source.Higham.Chapter19.Core	source_retained_outlier	approved_retained_outlier
NumStability.Source.Higham.Chapter19.Core	H19.Theorem19_13.storedSignedSequenceTwiceTrailingFinalClosed_of_tailVectorEqLoopFacts_of_exact_add_mul_div_sqrt	public	theorem	851	NumStability.Source.Higham.Chapter19.Core	source_retained_outlier	approved_retained_outlier
NumStability.Source.Higham.Chapter19.Core	H19.Theorem19_13.storedSignedSequenceTwiceTrailingFinalClosed_of_tailVectorEqLoopFacts_of_exact_sub_add_mul_div_sqrt	public	theorem	852	NumStability.Source.Higham.Chapter19.Core	source_retained_outlier	approved_retained_outlier
NumStability.Source.Higham.Chapter19.Core	H19.Theorem19_13.storedSignedSequenceTwiceTrailingFinalClosed_of_tailVectorEqLoopFacts_of_normalizationModel	public	theorem	853	NumStability.Source.Higham.Chapter19.Core	source_retained_outlier	approved_retained_outlier
NumStability.Source.Higham.Chapter19.Core	H19.Theorem19_13.storedSignedSequenceTwiceTrailingFinalClosed_of_tailVectorEqLoopFacts_of_normalizationModel_of_exact_sub	public	theorem	854	NumStability.Source.Higham.Chapter19.Core	source_retained_outlier	approved_retained_outlier
NumStability.Source.Higham.Chapter19.Core	H19.Theorem19_13.storedSignedSequenceTwiceTrailingFinalClosed_one_col_of_reflectorData	public	theorem	855	NumStability.Source.Higham.Chapter19.Core	source_retained_outlier	approved_retained_outlier
NumStability.Source.Higham.Chapter19.Core	H19.Theorem19_13.storedSignedSequenceTwiceTrailingFinalClosed_one_col_of_reflector_self_dot	public	theorem	856	NumStability.Source.Higham.Chapter19.Core	source_retained_outlier	approved_retained_outlier
NumStability.Source.Higham.Chapter19.Core	H19.Theorem19_13.storedSignedSequenceTwiceTrailingFinalClosed_succ_succ_of_firstTwoReflectorData	public	theorem	857	NumStability.Source.Higham.Chapter19.Core	source_retained_outlier	approved_retained_outlier
NumStability.Source.Higham.Chapter19.Core	H19.Theorem19_13.storedSignedSequenceTwiceTrailingFinalClosed_succ_succ_of_reflector_self_dot	public	theorem	858	NumStability.Source.Higham.Chapter19.Core	source_retained_outlier	approved_retained_outlier
NumStability.Source.Higham.Chapter19.Core	H19.Theorem19_13.storedSignedSequenceTwiceTrailingFinalClosed_three_col_of_firstTwoReflectorData	public	theorem	859	NumStability.Source.Higham.Chapter19.Core	source_retained_outlier	approved_retained_outlier
NumStability.Source.Higham.Chapter19.Core	H19.Theorem19_13.storedSignedSequenceTwiceTrailingFinalClosed_two_col_of_reflector_self_dot	public	theorem	860	NumStability.Source.Higham.Chapter19.Core	source_retained_outlier	approved_retained_outlier
NumStability.Source.Higham.Chapter19.Core	H19.Theorem19_13.storedSignedSequenceTwiceTrailingFinalClosed_zero_col	public	theorem	861	NumStability.Source.Higham.Chapter19.Core	source_retained_outlier	approved_retained_outlier
NumStability.Source.Higham.Chapter19.Core	H19.Theorem19_13.storedSignedSequenceTwiceTrailingFullStageSourceClosureData	public	definition	862	NumStability.Source.Higham.Chapter19.Core	source_retained_outlier	approved_retained_outlier
NumStability.Source.Higham.Chapter19.Core	H19.Theorem19_13.storedSignedSequenceTwiceTrailingFullStageSourceClosureData_of_fullStageNormalizedLoopFacts	public	theorem	863	NumStability.Source.Higham.Chapter19.Core	source_retained_outlier	approved_retained_outlier
NumStability.Source.Higham.Chapter19.Core	H19.Theorem19_13.storedSignedSequenceTwiceTrailingFullStageSourceClosureData_one_of_full_stage_facts	public	theorem	864	NumStability.Source.Higham.Chapter19.Core	source_retained_outlier	approved_retained_outlier
NumStability.Source.Higham.Chapter19.Core	H19.Theorem19_13.storedSignedSequenceTwiceTrailingFullStageSourceClosureData_one_of_full_stage_two_zero_prefixed_facts	public	theorem	865	NumStability.Source.Higham.Chapter19.Core	source_retained_outlier	approved_retained_outlier
NumStability.Source.Higham.Chapter19.Core	H19.Theorem19_13.storedSignedSequenceTwiceTrailingFullStageSourceClosureData_one_of_twice_trailing_full_stage_four_zero_prefixed_facts	public	theorem	866	NumStability.Source.Higham.Chapter19.Core	source_retained_outlier	approved_retained_outlier
NumStability.Source.Higham.Chapter19.Core	H19.Theorem19_13.storedSignedSequenceTwiceTrailingFullStageSourceClosureData_succ_succ_of_firstTwoFullStageFacts	public	theorem	867	NumStability.Source.Higham.Chapter19.Core	source_retained_outlier	approved_retained_outlier
NumStability.Source.Higham.Chapter19.Core	H19.Theorem19_13.storedSignedSequenceTwiceTrailingFullStageSourceClosureData_succ_succ_of_firstTwoFullStageFacts_and_twice_trailing_full_stage_four_five_zero_prefixed_facts	public	theorem	868	NumStability.Source.Higham.Chapter19.Core	source_retained_outlier	approved_retained_outlier
NumStability.Source.Higham.Chapter19.Core	H19.Theorem19_13.storedSignedSequenceTwiceTrailingFullStageSourceClosureData_succ_succ_of_full_stage_two_three_zero_prefixed_facts	public	theorem	869	NumStability.Source.Higham.Chapter19.Core	source_retained_outlier	approved_retained_outlier
NumStability.Source.Higham.Chapter19.Core	H19.Theorem19_13.storedSignedSequenceTwiceTrailingFullStageSourceClosureData_succ_succ_of_twice_trailing_full_stage_four_five_zero_prefixed_facts	public	theorem	870	NumStability.Source.Higham.Chapter19.Core	source_retained_outlier	approved_retained_outlier
NumStability.Source.Higham.Chapter19.Core	H19.Theorem19_13.storedSignedSequenceTwiceTrailingFullStageSourceClosureData_zero	public	theorem	871	NumStability.Source.Higham.Chapter19.Core	source_retained_outlier	approved_retained_outlier
NumStability.Source.Higham.Chapter19.Core	H19.Theorem19_13.storedSignedSequenceTwiceTrailingSeq	public	definition	872	NumStability.Source.Higham.Chapter19.Core	source_retained_outlier	approved_retained_outlier
NumStability.Source.Higham.Chapter19.Core	H19.Theorem19_13.storedSignedSequenceTwiceTrailingSourceClosureData	public	definition	873	NumStability.Source.Higham.Chapter19.Core	source_retained_outlier	approved_retained_outlier
NumStability.Source.Higham.Chapter19.Core	H19.Theorem19_13.storedSignedSequenceTwiceTrailingSourceClosureData_of_fullStageNormalizedLoopFacts	public	theorem	874	NumStability.Source.Higham.Chapter19.Core	source_retained_outlier	approved_retained_outlier
NumStability.Source.Higham.Chapter19.Core	H19.Theorem19_13.storedSignedSequenceTwiceTrailingSourceClosureData_of_fullStageSourceClosureData	public	theorem	875	NumStability.Source.Higham.Chapter19.Core	source_retained_outlier	approved_retained_outlier
NumStability.Source.Higham.Chapter19.Core	H19.Theorem19_13.storedSignedSequenceTwiceTrailingSourceClosureData_of_sourceFaithfulNormalizations	public	theorem	876	NumStability.Source.Higham.Chapter19.Core	source_retained_outlier	approved_retained_outlier
NumStability.Source.Higham.Chapter19.Core	H19.Theorem19_13.storedSignedSequenceTwiceTrailingSourceClosureData_of_tailNormalizedLoopRawFacts	public	theorem	877	NumStability.Source.Higham.Chapter19.Core	source_retained_outlier	approved_retained_outlier
NumStability.Source.Higham.Chapter19.Core	H19.Theorem19_13.storedSignedSequenceTwiceTrailingSourceClosureData_of_tailNormalizedLoopRecords	public	theorem	878	NumStability.Source.Higham.Chapter19.Core	source_retained_outlier	approved_retained_outlier
NumStability.Source.Higham.Chapter19.Core	H19.Theorem19_13.storedSignedSequenceTwiceTrailingSourceClosureData_of_tailVectorEqLoopFacts_exactWithUnitRoundoff	public	theorem	879	NumStability.Source.Higham.Chapter19.Core	source_retained_outlier	approved_retained_outlier
NumStability.Source.Higham.Chapter19.Core	H19.Theorem19_13.storedSignedSequenceTwiceTrailingSourceClosureData_of_tailVectorEqLoopFacts_of_exact_add_mul_div_sqrt	public	theorem	880	NumStability.Source.Higham.Chapter19.Core	source_retained_outlier	approved_retained_outlier
NumStability.Source.Higham.Chapter19.Core	H19.Theorem19_13.storedSignedSequenceTwiceTrailingSourceClosureData_of_tailVectorEqLoopFacts_of_normalizationModel	public	theorem	881	NumStability.Source.Higham.Chapter19.Core	source_retained_outlier	approved_retained_outlier
NumStability.Source.Higham.Chapter19.Core	H19.Theorem19_13.storedSignedSequenceTwiceTrailingSourceClosureData_one_of_full_stage_two_zero_prefixed_facts	public	theorem	882	NumStability.Source.Higham.Chapter19.Core	source_retained_outlier	approved_retained_outlier
NumStability.Source.Higham.Chapter19.Core	H19.Theorem19_13.storedSignedSequenceTwiceTrailingSourceClosureData_one_of_tail_reflector_facts	public	theorem	883	NumStability.Source.Higham.Chapter19.Core	source_retained_outlier	approved_retained_outlier
NumStability.Source.Higham.Chapter19.Core	H19.Theorem19_13.storedSignedSequenceTwiceTrailingSourceClosureData_one_of_tail_reflector_self_dot	public	theorem	884	NumStability.Source.Higham.Chapter19.Core	source_retained_outlier	approved_retained_outlier
NumStability.Source.Higham.Chapter19.Core	H19.Theorem19_13.storedSignedSequenceTwiceTrailingSourceClosureData_one_of_twice_trailing_stage_facts	public	theorem	885	NumStability.Source.Higham.Chapter19.Core	source_retained_outlier	approved_retained_outlier
NumStability.Source.Higham.Chapter19.Core	H19.Theorem19_13.storedSignedSequenceTwiceTrailingSourceClosureData_succ_succ_of_firstTwoTailReflectorFacts	public	theorem	886	NumStability.Source.Higham.Chapter19.Core	source_retained_outlier	approved_retained_outlier
NumStability.Source.Higham.Chapter19.Core	H19.Theorem19_13.storedSignedSequenceTwiceTrailingSourceClosureData_succ_succ_of_full_stage_two_three_zero_prefixed_facts	public	theorem	887	NumStability.Source.Higham.Chapter19.Core	source_retained_outlier	approved_retained_outlier
NumStability.Source.Higham.Chapter19.Core	H19.Theorem19_13.storedSignedSequenceTwiceTrailingSourceClosureData_succ_succ_of_tail_reflector_self_dot	public	theorem	888	NumStability.Source.Higham.Chapter19.Core	source_retained_outlier	approved_retained_outlier
NumStability.Source.Higham.Chapter19.Core	H19.Theorem19_13.storedSignedSequenceTwiceTrailingSourceClosureData_succ_succ_of_twice_trailing_stage_facts	public	theorem	889	NumStability.Source.Higham.Chapter19.Core	source_retained_outlier	approved_retained_outlier
NumStability.Source.Higham.Chapter19.Core	H19.Theorem19_13.storedSignedSequenceTwiceTrailingSourceClosureData_zero	public	theorem	890	NumStability.Source.Higham.Chapter19.Core	source_retained_outlier	approved_retained_outlier
NumStability.Source.Higham.Chapter19.Core	H19.Theorem19_13.storedSignedSequence_final_panel_eq_qrPanel_R_of_firstTwoFullStageFacts_and_tailFullStageSourceClosureData	public	theorem	891	NumStability.Source.Higham.Chapter19.Core	source_retained_outlier	approved_retained_outlier
NumStability.Source.Higham.Chapter19.Core	H19.Theorem19_13.storedSignedSequence_final_panel_eq_qrPanel_R_of_firstTwoFullStageFacts_and_tailFullStageSourceClosureData_exactWithUnitRoundoff	public	theorem	892	NumStability.Source.Higham.Chapter19.Core	source_retained_outlier	approved_retained_outlier
NumStability.Source.Higham.Chapter19.Core	H19.Theorem19_13.storedSignedSequence_final_panel_eq_qrPanel_R_of_firstTwoFullStageFacts_and_twice_trailing_full_stage_four_five_zero_prefixed_facts	public	theorem	893	NumStability.Source.Higham.Chapter19.Core	source_retained_outlier	approved_retained_outlier
NumStability.Source.Higham.Chapter19.Core	H19.Theorem19_13.storedSignedSequence_final_panel_eq_qrPanel_R_of_firstTwoFullStageFacts_and_twice_trailing_full_stage_four_five_zero_prefixed_facts_and_leadingBlock_det_ne_zero	public	theorem	894	NumStability.Source.Higham.Chapter19.Core	source_retained_outlier	approved_retained_outlier
NumStability.Source.Higham.Chapter19.Core	H19.Theorem19_13.storedSignedSequence_final_panel_eq_qrPanel_R_of_firstTwoFullStageFacts_and_twice_trailing_full_stage_four_five_zero_prefixed_facts_and_leadingBlock_det_ne_zero_exactWithUnitRoundoff	public	theorem	895	NumStability.Source.Higham.Chapter19.Core	source_retained_outlier	approved_retained_outlier
NumStability.Source.Higham.Chapter19.Core	H19.Theorem19_13.storedSignedSequence_final_panel_eq_qrPanel_R_of_firstTwoFullStageFacts_and_twice_trailing_full_stage_four_zero_prefixed_facts	public	theorem	896	NumStability.Source.Higham.Chapter19.Core	source_retained_outlier	approved_retained_outlier
NumStability.Source.Higham.Chapter19.Core	H19.Theorem19_13.storedSignedSequence_final_panel_eq_qrPanel_R_of_firstTwoFullStageFacts_and_twice_trailing_full_stage_four_zero_prefixed_facts_and_leadingBlock_det_ne_zero	public	theorem	897	NumStability.Source.Higham.Chapter19.Core	source_retained_outlier	approved_retained_outlier
NumStability.Source.Higham.Chapter19.Core	H19.Theorem19_13.storedSignedSequence_final_panel_eq_qrPanel_R_of_firstTwoFullStageFacts_and_twice_trailing_full_stage_four_zero_prefixed_facts_and_leadingBlock_det_ne_zero_exactWithUnitRoundoff	public	theorem	898	NumStability.Source.Higham.Chapter19.Core	source_retained_outlier	approved_retained_outlier
NumStability.Source.Higham.Chapter19.Core	H19.Theorem19_13.storedSignedSequence_final_panel_eq_qrPanel_R_of_firstTwoFullStageFacts_and_twice_trailing_tail_normalized_facts_and_leadingBlock_det_ne_zero	public	theorem	899	NumStability.Source.Higham.Chapter19.Core	source_retained_outlier	approved_retained_outlier
NumStability.Source.Higham.Chapter19.Core	H19.Theorem19_13.storedSignedSequence_final_panel_eq_qrPanel_R_of_firstTwoFullStageFacts_and_twice_trailing_tail_normalized_facts_succ_succ_and_leadingBlock_det_ne_zero	public	theorem	900	NumStability.Source.Higham.Chapter19.Core	source_retained_outlier	approved_retained_outlier
NumStability.Source.Higham.Chapter19.Core	H19.Theorem19_13.storedSignedSequence_final_panel_eq_qrPanel_R_of_firstTwoReflectorData_and_tailClosureData	public	theorem	901	NumStability.Source.Higham.Chapter19.Core	source_retained_outlier	approved_retained_outlier
NumStability.Source.Higham.Chapter19.Core	H19.Theorem19_13.storedSignedSequence_final_panel_eq_qrPanel_R_of_firstTwoTailReflectorFacts_and_tailSourceClosureData	public	theorem	902	NumStability.Source.Higham.Chapter19.Core	source_retained_outlier	approved_retained_outlier
NumStability.Source.Higham.Chapter19.Core	H19.Theorem19_13.storedSignedSequence_final_panel_eq_qrPanel_R_of_reflector_self_dot_of_closureData	public	theorem	903	NumStability.Source.Higham.Chapter19.Core	source_retained_outlier	approved_retained_outlier
NumStability.Source.Higham.Chapter19.Core	H19.Theorem19_13.storedSignedSequence_final_panel_eq_qrPanel_R_of_reflector_self_dot_of_fullStageSourceClosureData	public	theorem	904	NumStability.Source.Higham.Chapter19.Core	source_retained_outlier	approved_retained_outlier
NumStability.Source.Higham.Chapter19.Core	H19.Theorem19_13.storedSignedSequence_final_panel_eq_qrPanel_R_of_reflector_self_dot_of_fullStageSourceClosureData_of_exact_sub	public	theorem	905	NumStability.Source.Higham.Chapter19.Core	source_retained_outlier	approved_retained_outlier
NumStability.Source.Higham.Chapter19.Core	H19.Theorem19_13.storedSignedSequence_final_panel_eq_qrPanel_R_of_reflector_self_dot_of_sourceClosureData	public	theorem	906	NumStability.Source.Higham.Chapter19.Core	source_retained_outlier	approved_retained_outlier
NumStability.Source.Higham.Chapter19.Core	H19.Theorem19_13.storedSignedSequence_final_panel_eq_qrPanel_R_of_reflector_self_dot_of_sourceClosureData_of_exact_sub	public	theorem	907	NumStability.Source.Higham.Chapter19.Core	source_retained_outlier	approved_retained_outlier
NumStability.Source.Higham.Chapter19.Core	H19.Theorem19_13.storedSignedSequence_final_panel_eq_qrPanel_R_of_reflector_self_dot_of_tailNormalizedLoopRawFacts	public	theorem	908	NumStability.Source.Higham.Chapter19.Core	source_retained_outlier	approved_retained_outlier
NumStability.Source.Higham.Chapter19.Core	H19.Theorem19_13.storedSignedSequence_final_panel_eq_qrPanel_R_of_reflector_self_dot_of_tailNormalizedLoopRawFacts_of_exact_sub	public	theorem	909	NumStability.Source.Higham.Chapter19.Core	source_retained_outlier	approved_retained_outlier
NumStability.Source.Higham.Chapter19.Core	H19.Theorem19_13.storedSignedSequence_final_panel_eq_qrPanel_R_of_reflector_self_dot_of_tailNormalizedLoopRecords	public	theorem	910	NumStability.Source.Higham.Chapter19.Core	source_retained_outlier	approved_retained_outlier
NumStability.Source.Higham.Chapter19.Core	H19.Theorem19_13.storedSignedSequence_final_panel_eq_qrPanel_R_of_reflector_self_dot_of_tailNormalizedLoopRecords_of_exact_sub	public	theorem	911	NumStability.Source.Higham.Chapter19.Core	source_retained_outlier	approved_retained_outlier
NumStability.Source.Higham.Chapter19.Core	H19.Theorem19_13.storedSignedSequence_final_panel_eq_qrPanel_R_of_reflector_self_dot_of_twice_trailing_closed	public	theorem	912	NumStability.Source.Higham.Chapter19.Core	source_retained_outlier	approved_retained_outlier
NumStability.Source.Higham.Chapter19.Core	H19.Theorem19_13.storedSignedSequence_final_panel_eq_qrPanel_R_of_reflector_self_dot_of_twice_trailing_final	public	theorem	913	NumStability.Source.Higham.Chapter19.Core	source_retained_outlier	approved_retained_outlier
NumStability.Source.Higham.Chapter19.Core	H19.Theorem19_13.storedSignedSequence_final_panel_eq_qrPanel_R_of_reflector_self_dot_of_twice_trailing_recurrence_bridge	public	theorem	914	NumStability.Source.Higham.Chapter19.Core	source_retained_outlier	approved_retained_outlier
NumStability.Source.Higham.Chapter19.Core	H19.Theorem19_13.storedSignedSequence_final_panel_eq_qrPanel_R_of_reflector_vectors_and_tailVectorEqLoopFacts_exactWithUnitRoundoff	public	theorem	915	NumStability.Source.Higham.Chapter19.Core	source_retained_outlier	approved_retained_outlier
NumStability.Source.Higham.Chapter19.Core	H19.Theorem19_13.storedSignedSequence_final_panel_eq_qrPanel_R_of_reflector_vectors_of_fullStageSourceClosureData_exactWithUnitRoundoff	public	theorem	916	NumStability.Source.Higham.Chapter19.Core	source_retained_outlier	approved_retained_outlier
NumStability.Source.Higham.Chapter19.Core	H19.Theorem19_13.storedSignedSequence_final_panel_eq_qrPanel_R_of_sourceFaithfulNormalizations	public	theorem	917	NumStability.Source.Higham.Chapter19.Core	source_retained_outlier	approved_retained_outlier
NumStability.Source.Higham.Chapter19.Core	H19.Theorem19_13.storedSignedSequence_final_panel_eq_qrPanel_R_of_sourceFaithfulNormalizations_of_exact_sub	public	theorem	918	NumStability.Source.Higham.Chapter19.Core	source_retained_outlier	approved_retained_outlier
NumStability.Source.Higham.Chapter19.Core	H19.Theorem19_13.storedSignedSequence_final_panel_eq_qrPanel_R_of_sourceFaithful_tailVectorEqLoopFacts_exactWithUnitRoundoff	public	theorem	919	NumStability.Source.Higham.Chapter19.Core	source_retained_outlier	approved_retained_outlier
NumStability.Source.Higham.Chapter19.Core	H19.Theorem19_13.storedSignedSequence_final_panel_eq_qrPanel_R_of_sourceFaithful_tailVectorEqLoopFacts_of_exact_add_mul_div_sqrt	public	theorem	920	NumStability.Source.Higham.Chapter19.Core	source_retained_outlier	approved_retained_outlier
NumStability.Source.Higham.Chapter19.Core	H19.Theorem19_13.storedSignedSequence_final_panel_eq_qrPanel_R_of_sourceFaithful_tailVectorEqLoopFacts_of_exact_sub_add_mul_div_sqrt	public	theorem	921	NumStability.Source.Higham.Chapter19.Core	source_retained_outlier	approved_retained_outlier
NumStability.Source.Higham.Chapter19.Core	H19.Theorem19_13.storedSignedSequence_final_panel_eq_qrPanel_R_of_sourceFaithful_tailVectorEqLoopFacts_of_normalizationModel	public	theorem	922	NumStability.Source.Higham.Chapter19.Core	source_retained_outlier	approved_retained_outlier
NumStability.Source.Higham.Chapter19.Core	H19.Theorem19_13.storedSignedSequence_final_panel_eq_qrPanel_R_of_sourceFaithful_tailVectorEqLoopFacts_of_normalizationModel_of_exact_sub	public	theorem	923	NumStability.Source.Higham.Chapter19.Core	source_retained_outlier	approved_retained_outlier
NumStability.Source.Higham.Chapter19.Core	H19.Theorem19_13.storedSignedSequence_final_panel_eq_qrPanel_R_of_two_step_qrPanel_R_of_twice_trailing_final	public	theorem	924	NumStability.Source.Higham.Chapter19.Core	source_retained_outlier	approved_retained_outlier
NumStability.Source.Higham.Chapter19.Core	H19.Theorem19_13.storedSignedSequence_five_col_final_panel_eq_qrPanel_R_of_reflector_self_dot_of_subtractZeroExact	public	theorem	925	NumStability.Source.Higham.Chapter19.Core	source_retained_outlier	approved_retained_outlier
NumStability.Source.Higham.Chapter19.Core	H19.Theorem19_13.storedSignedSequence_four_col_final_panel_eq_qrPanel_R_of_reflector_self_dot_of_subtractZeroExact	public	theorem	926	NumStability.Source.Higham.Chapter19.Core	source_retained_outlier	approved_retained_outlier
NumStability.Source.Higham.Chapter19.Core	H19.Theorem19_13.storedSignedSequence_lower_previous_columns	public	theorem	927	NumStability.Source.Higham.Chapter19.Core	source_retained_outlier	approved_retained_outlier
NumStability.Source.Higham.Chapter19.Core	H19.Theorem19_13.storedSignedSequence_one_col_final_panel_eq_qrPanel_R_of_reflector_data	public	theorem	928	NumStability.Source.Higham.Chapter19.Core	source_retained_outlier	approved_retained_outlier
NumStability.Source.Higham.Chapter19.Core	H19.Theorem19_13.storedSignedSequence_one_col_final_panel_eq_qrPanel_R_of_reflector_self_dot	public	theorem	929	NumStability.Source.Higham.Chapter19.Core	source_retained_outlier	approved_retained_outlier
NumStability.Source.Higham.Chapter19.Core	H19.Theorem19_13.storedSignedSequence_panelFirstColumnTailZero_final	public	theorem	930	NumStability.Source.Higham.Chapter19.Core	source_retained_outlier	approved_retained_outlier
NumStability.Source.Higham.Chapter19.Core	H19.Theorem19_13.storedSignedSequence_panelTopLeft_final_eq_two	public	theorem	931	NumStability.Source.Higham.Chapter19.Core	source_retained_outlier	approved_retained_outlier
NumStability.Source.Higham.Chapter19.Core	H19.Theorem19_13.storedSignedSequence_panelTopRowTail_final_eq_two_of_subtractZeroExact	public	theorem	932	NumStability.Source.Higham.Chapter19.Core	source_retained_outlier	approved_retained_outlier
NumStability.Source.Higham.Chapter19.Core	H19.Theorem19_13.storedSignedSequence_prevColumn_eq_final	public	theorem	933	NumStability.Source.Higham.Chapter19.Core	source_retained_outlier	approved_retained_outlier
NumStability.Source.Higham.Chapter19.Core	H19.Theorem19_13.storedSignedSequence_qrLeadingBlock_det_ne_zero_final_iff_after_pivot	public	theorem	934	NumStability.Source.Higham.Chapter19.Core	source_retained_outlier	approved_retained_outlier
NumStability.Source.Higham.Chapter19.Core	H19.Theorem19_13.storedSignedSequence_qrLeadingBlock_eq_final	public	theorem	935	NumStability.Source.Higham.Chapter19.Core	source_retained_outlier	approved_retained_outlier
NumStability.Source.Higham.Chapter19.Core	H19.Theorem19_13.storedSignedSequence_qrPreviousLeadingBlockTranspose_det_ne_zero_final_iff_stage	public	theorem	936	NumStability.Source.Higham.Chapter19.Core	source_retained_outlier	approved_retained_outlier
NumStability.Source.Higham.Chapter19.Core	H19.Theorem19_13.storedSignedSequence_qrPreviousLeadingBlockTranspose_det_ne_zero_stage_of_final	public	theorem	937	NumStability.Source.Higham.Chapter19.Core	source_retained_outlier	approved_retained_outlier
NumStability.Source.Higham.Chapter19.Core	H19.Theorem19_13.storedSignedSequence_qrPreviousLeadingBlockTranspose_det_ne_zero_stages_of_final	public	theorem	938	NumStability.Source.Higham.Chapter19.Core	source_retained_outlier	approved_retained_outlier
NumStability.Source.Higham.Chapter19.Core	H19.Theorem19_13.storedSignedSequence_qrPreviousLeadingBlockTranspose_eq_final	public	theorem	939	NumStability.Source.Higham.Chapter19.Core	source_retained_outlier	approved_retained_outlier
NumStability.Source.Higham.Chapter19.Core	H19.Theorem19_13.storedSignedSequence_six_col_final_panel_eq_qrPanel_R_of_reflector_self_dot_of_subtractZeroExact	public	theorem	940	NumStability.Source.Higham.Chapter19.Core	source_retained_outlier	approved_retained_outlier
NumStability.Source.Higham.Chapter19.Core	H19.Theorem19_13.storedSignedSequence_step_of_source_step	public	theorem	941	NumStability.Source.Higham.Chapter19.Core	source_retained_outlier	approved_retained_outlier
NumStability.Source.Higham.Chapter19.Core	H19.Theorem19_13.storedSignedSequence_three_col_final_panel_eq_qrPanel_R_of_reflector_self_dot_of_subtractZeroExact	public	theorem	942	NumStability.Source.Higham.Chapter19.Core	source_retained_outlier	approved_retained_outlier
NumStability.Source.Higham.Chapter19.Core	H19.Theorem19_13.storedSignedSequence_trailingPanel_panelFirstColumnTailZero_final	public	theorem	943	NumStability.Source.Higham.Chapter19.Core	source_retained_outlier	approved_retained_outlier
NumStability.Source.Higham.Chapter19.Core	H19.Theorem19_13.storedSignedSequence_trailingPanel_panelTopLeft_final_eq_two	public	theorem	944	NumStability.Source.Higham.Chapter19.Core	source_retained_outlier	approved_retained_outlier
NumStability.Source.Higham.Chapter19.Core	H19.Theorem19_13.storedSignedSequence_trailingPanel_panelTopRowTail_final_eq_two_of_subtractZeroExact	public	theorem	945	NumStability.Source.Higham.Chapter19.Core	source_retained_outlier	approved_retained_outlier
NumStability.Source.Higham.Chapter19.Core	H19.Theorem19_13.storedSignedSequence_twice_trailing_four_col_tail_final_of_tail_reflector_self_dot	public	theorem	946	NumStability.Source.Higham.Chapter19.Core	source_retained_outlier	approved_retained_outlier
NumStability.Source.Higham.Chapter19.Core	H19.Theorem19_13.storedSignedSequence_twice_trailing_one_col_tail_final_of_tail_reflector_self_dot	public	theorem	947	NumStability.Source.Higham.Chapter19.Core	source_retained_outlier	approved_retained_outlier
NumStability.Source.Higham.Chapter19.Core	H19.Theorem19_13.storedSignedSequence_twice_trailing_source_recurrence_of_source_step	public	theorem	948	NumStability.Source.Higham.Chapter19.Core	source_retained_outlier	approved_retained_outlier
NumStability.Source.Higham.Chapter19.Core	H19.Theorem19_13.storedSignedSequence_twice_trailing_step_of_source_step	public	theorem	949	NumStability.Source.Higham.Chapter19.Core	source_retained_outlier	approved_retained_outlier
NumStability.Source.Higham.Chapter19.Core	H19.Theorem19_13.storedSignedSequence_twice_trailing_three_col_tail_final_of_tail_reflector_self_dot	public	theorem	950	NumStability.Source.Higham.Chapter19.Core	source_retained_outlier	approved_retained_outlier
NumStability.Source.Higham.Chapter19.Core	H19.Theorem19_13.storedSignedSequence_twice_trailing_two_col_tail_final_of_tail_reflector_self_dot	public	theorem	951	NumStability.Source.Higham.Chapter19.Core	source_retained_outlier	approved_retained_outlier
NumStability.Source.Higham.Chapter19.Core	H19.Theorem19_13.storedSignedSequence_two_col_final_panel_eq_qrPanel_R_of_reflector_self_dot_of_subtractZeroExact	public	theorem	952	NumStability.Source.Higham.Chapter19.Core	source_retained_outlier	approved_retained_outlier
NumStability.Source.Higham.Chapter19.Core	H19.Theorem19_13.storedSignedSequence_two_step_eq_secondStoredActiveStep_of_reflector_self_dot	public	theorem	953	NumStability.Source.Higham.Chapter19.Core	source_retained_outlier	approved_retained_outlier
NumStability.Source.Higham.Chapter19.Core	H19.Theorem19_13.storedSigned_one_col_final_panel_eq_qrPanel_R_of_reflector_data	public	theorem	954	NumStability.Source.Higham.Chapter19.Core	source_retained_outlier	approved_retained_outlier
NumStability.Source.Higham.Chapter19.Core	H19.Theorem19_13.storedSigned_one_col_final_panel_eq_qrPanel_R_of_reflector_self_dot	public	theorem	955	NumStability.Source.Higham.Chapter19.Core	source_retained_outlier	approved_retained_outlier
NumStability.Source.Higham.Chapter19.Core	H19.Theorem19_13.storedTrailingPanel_R_diag_ne_zero_of_leading_block_det_ne_zero_sequence_budget	public	theorem	956	NumStability.Source.Higham.Chapter19.Core	source_retained_outlier	approved_retained_outlier
NumStability.Source.Higham.Chapter19.Core	H19.Theorem19_13.storedTrailingPanel_R_diag_ne_zero_of_leading_block_det_ne_zero_sqrt_budget	public	theorem	957	NumStability.Source.Higham.Chapter19.Core	source_retained_outlier	approved_retained_outlier
NumStability.Source.Higham.Chapter19.Core	H19.Theorem19_13.storedTrailingPanel_R_diag_ne_zero_of_leading_block_det_ne_zero_uniform_step_budget	public	theorem	958	NumStability.Source.Higham.Chapter19.Core	source_retained_outlier	approved_retained_outlier
NumStability.Source.Higham.Chapter19.Core	H19.Theorem19_13.storedTrailingPanel_R_diag_ne_zero_of_uniform_step_budget_of_top_block_eq	public	theorem	959	NumStability.Source.Higham.Chapter19.Core	source_retained_outlier	approved_retained_outlier
NumStability.Source.Higham.Chapter19.Core	H19.Theorem19_13.storedTrailingPanel_higham_columnwise_factorization_and_R_diag_ne_zero_of_uniform_step_budget	public	theorem	960	NumStability.Source.Higham.Chapter19.Core	source_retained_outlier	approved_retained_outlier
NumStability.Source.Higham.Chapter19.Core	H19.Theorem19_13.stored_loop_signed_norm_hypotheses_do_not_force_trailingActiveVector_self_dot_two	public	theorem	961	NumStability.Source.Higham.Chapter19.Core	source_retained_outlier	approved_retained_outlier
NumStability.Source.Higham.Chapter19.Core	H19.Theorem19_13.subtractZeroExact	public	definition	962	NumStability.Source.Higham.Chapter19.Core	source_retained_outlier	approved_retained_outlier
NumStability.Source.Higham.Chapter19.Core	H19.Theorem19_13.subtractZeroExact_exactWithUnitRoundoff	public	theorem	963	NumStability.Source.Higham.Chapter19.Core	source_retained_outlier	approved_retained_outlier
NumStability.Source.Higham.Chapter19.Core	H19.Theorem19_13.subtractZeroExact_of_exact_sub	public	theorem	964	NumStability.Source.Higham.Chapter19.Core	source_retained_outlier	approved_retained_outlier
NumStability.Source.Higham.Chapter19.Core	H19.Theorem19_13.successorPanelFirstColumn_ne_zero_of_tail_leadingBlock_det_ne_zero	public	theorem	965	NumStability.Source.Higham.Chapter19.Core	source_retained_outlier	approved_retained_outlier
NumStability.Source.Higham.Chapter19.Core	H19.Theorem19_13.topPerturbationColumnNorm_le_stacked	public	theorem	966	NumStability.Source.Higham.Chapter19.Core	source_retained_outlier	approved_retained_outlier
NumStability.Source.Higham.Chapter19.Core	H19.Theorem19_13.topPerturbation_columnFrob_le_of_stackedColumnwiseBound	public	theorem	967	NumStability.Source.Higham.Chapter19.Core	source_retained_outlier	approved_retained_outlier
NumStability.Source.Higham.Chapter19.Core	H19.Theorem19_13.topPerturbation_frobNormRect_le_of_stackedColumnwiseBound	public	theorem	968	NumStability.Source.Higham.Chapter19.Core	source_retained_outlier	approved_retained_outlier
NumStability.Source.Higham.Chapter19.Core	H19.Theorem19_13.topPerturbation_rectOpNorm2Le_of_stackedColumnwiseBound	public	theorem	969	NumStability.Source.Higham.Chapter19.Core	source_retained_outlier	approved_retained_outlier
NumStability.Source.Higham.Chapter19.Core	H19.Theorem19_13.trailingPanel_qrPanel_R_eq_qrPanel_R_firstStoredPanelStep_of_first_leadingBlock_det_ne_zero	public	theorem	970	NumStability.Source.Higham.Chapter19.Core	source_retained_outlier	approved_retained_outlier
NumStability.Source.Higham.Chapter19.Core	H19.Theorem19_13.trailingPanel_qrPanel_R_nonzero_eq_qrPanel_R_firstStoredPanelStep	public	theorem	971	NumStability.Source.Higham.Chapter19.Core	source_retained_outlier	approved_retained_outlier
NumStability.Source.Higham.Chapter19.Core	H19.Theorem19_13.trailingPanel_qrPanel_R_two_col_eq_firstStoredPanelStep_of_leadingBlock_det_ne_zero	public	theorem	972	NumStability.Source.Higham.Chapter19.Core	source_retained_outlier	approved_retained_outlier
NumStability.Source.Higham.Chapter19.Core	H19.Theorem19_13.trailingPanel_storedPanelStep_succ_zeroPrefix_eq_storedPanelStep_trailingPanel	public	theorem	973	NumStability.Source.Higham.Chapter19.Core	source_retained_outlier	approved_retained_outlier
NumStability.Source.Higham.Chapter19.Core	H19.Theorem19_13.trailingPanel_storedPanelStep_succ_zeroPrefix_eq_storedPanelStep_trailingPanel_anyCols	public	theorem	974	NumStability.Source.Higham.Chapter19.Core	source_retained_outlier	approved_retained_outlier
NumStability.Source.Higham.Chapter19.Core	H19.Theorem19_13.trailingPanel_storedPanelStep_succ_zeroPrefix_eq_storedPanelStep_trailingPanel_of_succ	public	theorem	975	NumStability.Source.Higham.Chapter19.Core	source_retained_outlier	approved_retained_outlier
NumStability.Source.Higham.Chapter19.Core	H19.Theorem19_13.trailingPanel_trailingPanel_storedPanelStep_succ_succ_trailingActiveVector_eq_storedPanelStep_trailingPanel_trailingPanel_of_succ_succ	public	theorem	976	NumStability.Source.Higham.Chapter19.Core	source_retained_outlier	approved_retained_outlier
NumStability.Source.Higham.Chapter19.Core	H19.Theorem19_13.trailingPanel_trailingPanel_storedPanelStep_succ_succ_zeroPrefix_eq_storedPanelStep_trailingPanel_trailingPanel	public	theorem	977	NumStability.Source.Higham.Chapter19.Core	source_retained_outlier	approved_retained_outlier
NumStability.Source.Higham.Chapter19.Core	H19.Theorem19_4.HouseholderQRBackwardError	public	inductive	978	NumStability.Source.Higham.Chapter19.Core	source_retained_outlier	approved_retained_outlier
NumStability.Source.Higham.Chapter19.Core	H19.Theorem19_4.HouseholderQRBackwardError.casesOn	public	definition	979	NumStability.Source.Higham.Chapter19.Core	source_retained_outlier	approved_retained_outlier
NumStability.Source.Higham.Chapter19.Core	H19.Theorem19_4.HouseholderQRBackwardError.exists_frobNormRect_perturbation_bound	public	theorem	980	NumStability.Source.Higham.Chapter19.Core	source_retained_outlier	approved_retained_outlier
NumStability.Source.Higham.Chapter19.Core	H19.Theorem19_4.HouseholderQRBackwardError.mk	public	constructor	981	NumStability.Source.Higham.Chapter19.Core	source_retained_outlier	approved_retained_outlier
NumStability.Source.Higham.Chapter19.Core	H19.Theorem19_4.HouseholderQRBackwardError.orth	public	theorem	982	NumStability.Source.Higham.Chapter19.Core	source_retained_outlier	approved_retained_outlier
NumStability.Source.Higham.Chapter19.Core	H19.Theorem19_4.HouseholderQRBackwardError.rec	public	recursor	983	NumStability.Source.Higham.Chapter19.Core	source_retained_outlier	approved_retained_outlier
NumStability.Source.Higham.Chapter19.Core	H19.Theorem19_4.HouseholderQRBackwardError.recOn	public	definition	984	NumStability.Source.Higham.Chapter19.Core	source_retained_outlier	approved_retained_outlier
NumStability.Source.Higham.Chapter19.Core	H19.Theorem19_4.HouseholderQRBackwardError.result	public	theorem	985	NumStability.Source.Higham.Chapter19.Core	source_retained_outlier	approved_retained_outlier
NumStability.Source.Higham.Chapter19.Core	H19.Theorem19_4.HouseholderQRBackwardError.upper	public	theorem	986	NumStability.Source.Higham.Chapter19.Core	source_retained_outlier	approved_retained_outlier
NumStability.Source.Higham.Chapter19.Core	H19.Theorem19_4.HouseholderQRComponentwiseBackwardError	public	inductive	987	NumStability.Source.Higham.Chapter19.Core	source_retained_outlier	approved_retained_outlier
NumStability.Source.Higham.Chapter19.Core	H19.Theorem19_4.HouseholderQRComponentwiseBackwardError.casesOn	public	definition	988	NumStability.Source.Higham.Chapter19.Core	source_retained_outlier	approved_retained_outlier
NumStability.Source.Higham.Chapter19.Core	H19.Theorem19_4.HouseholderQRComponentwiseBackwardError.mk	public	constructor	989	NumStability.Source.Higham.Chapter19.Core	source_retained_outlier	approved_retained_outlier
NumStability.Source.Higham.Chapter19.Core	H19.Theorem19_4.HouseholderQRComponentwiseBackwardError.orth	public	theorem	990	NumStability.Source.Higham.Chapter19.Core	source_retained_outlier	approved_retained_outlier
NumStability.Source.Higham.Chapter19.Core	H19.Theorem19_4.HouseholderQRComponentwiseBackwardError.rec	public	recursor	991	NumStability.Source.Higham.Chapter19.Core	source_retained_outlier	approved_retained_outlier
NumStability.Source.Higham.Chapter19.Core	H19.Theorem19_4.HouseholderQRComponentwiseBackwardError.recOn	public	definition	992	NumStability.Source.Higham.Chapter19.Core	source_retained_outlier	approved_retained_outlier
NumStability.Source.Higham.Chapter19.Core	H19.Theorem19_4.HouseholderQRComponentwiseBackwardError.result	public	theorem	993	NumStability.Source.Higham.Chapter19.Core	source_retained_outlier	approved_retained_outlier
NumStability.Source.Higham.Chapter19.Core	H19.Theorem19_4.HouseholderQRComponentwiseBackwardError.upper	public	theorem	994	NumStability.Source.Higham.Chapter19.Core	source_retained_outlier	approved_retained_outlier
NumStability.Source.Higham.Chapter19.Core	H19.Theorem19_4.eq19_11_columnwise_backward_error	public	theorem	995	NumStability.Source.Higham.Chapter19.Core	source_retained_outlier	approved_retained_outlier
NumStability.Source.Higham.Chapter19.Core	H19.Theorem19_4.eq19_12_componentwise_backward_error	public	theorem	996	NumStability.Source.Higham.Chapter19.Core	source_retained_outlier	approved_retained_outlier
NumStability.Source.Higham.Chapter19.Core	H19.Theorem19_4.gamma_tilde	public	definition	997	NumStability.Source.Higham.Chapter19.Core	source_retained_outlier	approved_retained_outlier
NumStability.Source.Higham.Chapter19.Core	H19.Theorem19_4.gamma_tilde_le_two_index_mul_unit_roundoff_of_small	public	theorem	998	NumStability.Source.Higham.Chapter19.Core	source_retained_outlier	approved_retained_outlier
NumStability.Source.Higham.Chapter19.Core	H19.Theorem19_4.gamma_tilde_nonneg	public	theorem	999	NumStability.Source.Higham.Chapter19.Core	source_retained_outlier	approved_retained_outlier
NumStability.Source.Higham.Chapter19.Core	H19.Theorem19_4.householder_qr_backward_error	public	theorem	1000	NumStability.Source.Higham.Chapter19.Core	source_retained_outlier	approved_retained_outlier
NumStability.Source.Higham.Chapter19.Core	H19.Theorem19_4.householder_qr_componentwise_backward_error	public	theorem	1001	NumStability.Source.Higham.Chapter19.Core	source_retained_outlier	approved_retained_outlier
NumStability.Source.Higham.Chapter19.Core	H19.Theorem19_4.of_panel_columnwise	public	theorem	1002	NumStability.Source.Higham.Chapter19.Core	source_retained_outlier	approved_retained_outlier
NumStability.Source.Higham.Chapter19.Core	H19.Theorem19_4.of_panel_componentwise	public	theorem	1003	NumStability.Source.Higham.Chapter19.Core	source_retained_outlier	approved_retained_outlier
NumStability.Source.Higham.Chapter19.Core	H19.Theorem19_6.active_row_growth_factor	public	definition	1004	NumStability.Source.Higham.Chapter19.Core	source_retained_outlier	approved_retained_outlier
NumStability.Source.Higham.Chapter19.Core	H19.Theorem19_6.active_row_growth_factor_nonneg	public	theorem	1005	NumStability.Source.Higham.Chapter19.Core	source_retained_outlier	approved_retained_outlier
NumStability.Source.Higham.Chapter19.Core	H19.Theorem19_6.exact_signed_pivot_panel_sequence_active_block_bound_of_geometric_stage_budgets	public	theorem	1006	NumStability.Source.Higham.Chapter19.Core	source_retained_outlier	approved_retained_outlier
NumStability.Source.Higham.Chapter19.Core	H19.Theorem19_6.exact_signed_pivot_panel_sequence_active_block_bound_of_initial_block_bound	public	theorem	1007	NumStability.Source.Higham.Chapter19.Core	source_retained_outlier	approved_retained_outlier
NumStability.Source.Higham.Chapter19.Core	H19.Theorem19_6.exact_signed_pivot_panel_sequence_active_block_bound_of_initial_block_bound_of_active_block_nonzero	public	theorem	1008	NumStability.Source.Higham.Chapter19.Core	source_retained_outlier	approved_retained_outlier
NumStability.Source.Higham.Chapter19.Core	H19.Theorem19_6.exact_signed_pivot_panel_sequence_active_block_bound_of_initial_block_bound_of_active_block_norm_pos	public	theorem	1009	NumStability.Source.Higham.Chapter19.Core	source_retained_outlier	approved_retained_outlier
NumStability.Source.Higham.Chapter19.Core	H19.Theorem19_6.exact_signed_pivot_panel_sequence_active_block_bound_of_initial_block_bound_of_active_max_pivot	public	theorem	1010	NumStability.Source.Higham.Chapter19.Core	source_retained_outlier	approved_retained_outlier
NumStability.Source.Higham.Chapter19.Core	H19.Theorem19_6.exact_signed_pivot_panel_sequence_active_block_bound_of_leading_block_det_ne_zero	public	theorem	1011	NumStability.Source.Higham.Chapter19.Core	source_retained_outlier	approved_retained_outlier
NumStability.Source.Higham.Chapter19.Core	H19.Theorem19_6.exact_signed_pivot_panel_sequence_active_block_bound_of_stage_budgets	public	theorem	1012	NumStability.Source.Higham.Chapter19.Core	source_retained_outlier	approved_retained_outlier
NumStability.Source.Higham.Chapter19.Core	H19.Theorem19_6.exact_signed_pivot_panel_sequence_active_block_bound_of_swapped_active_max_pivot	public	theorem	1013	NumStability.Source.Higham.Chapter19.Core	source_retained_outlier	approved_retained_outlier
NumStability.Source.Higham.Chapter19.Core	H19.Theorem19_6.exact_signed_pivot_panel_sequence_active_block_bound_of_swapped_active_max_pivot_of_active_block_norm_pos	public	theorem	1014	NumStability.Source.Higham.Chapter19.Core	source_retained_outlier	approved_retained_outlier
NumStability.Source.Higham.Chapter19.Core	H19.Theorem19_6.exact_signed_pivot_panel_sequence_active_entry_bound_of_geometric_stage_budgets	public	theorem	1015	NumStability.Source.Higham.Chapter19.Core	source_retained_outlier	approved_retained_outlier
NumStability.Source.Higham.Chapter19.Core	H19.Theorem19_6.exact_signed_pivot_panel_sequence_active_entry_bound_of_stage_budgets	public	theorem	1016	NumStability.Source.Higham.Chapter19.Core	source_retained_outlier	approved_retained_outlier
NumStability.Source.Higham.Chapter19.Core	H19.Theorem19_6.exact_signed_pivot_panel_step_active_block_bound_of_stage_bound	public	theorem	1017	NumStability.Source.Higham.Chapter19.Core	source_retained_outlier	approved_retained_outlier
NumStability.Source.Higham.Chapter19.Core	H19.Theorem19_6.exact_signed_pivot_panel_step_active_entry_bound_of_stage_bounds	public	theorem	1018	NumStability.Source.Higham.Chapter19.Core	source_retained_outlier	approved_retained_outlier
NumStability.Source.Higham.Chapter19.Core	H19.Theorem19_6.exact_signed_pivot_row_entry_bound_of_stage_entry_bound	public	theorem	1019	NumStability.Source.Higham.Chapter19.Core	source_retained_outlier	approved_retained_outlier
NumStability.Source.Higham.Chapter19.Core	H19.Theorem19_6.exact_signed_pivot_row_entry_bound_of_stage_entry_bound_active_factor	public	theorem	1020	NumStability.Source.Higham.Chapter19.Core	source_retained_outlier	approved_retained_outlier
NumStability.Source.Higham.Chapter19.Core	H19.Theorem19_6.exists_active_trailing_entry_ne_of_leading_block_leftInverses	public	theorem	1021	NumStability.Source.Higham.Chapter19.Core	source_retained_outlier	approved_retained_outlier
NumStability.Source.Higham.Chapter19.Core	H19.Theorem19_6.exists_active_trailing_entry_ne_of_leading_witnesses	public	theorem	1022	NumStability.Source.Higham.Chapter19.Core	source_retained_outlier	approved_retained_outlier
NumStability.Source.Higham.Chapter19.Core	H19.Theorem19_6.householderActiveBlockNorm2Sq_pos_of_leading_block_leftInverses	public	theorem	1023	NumStability.Source.Higham.Chapter19.Core	source_retained_outlier	approved_retained_outlier
NumStability.Source.Higham.Chapter19.Core	H19.Theorem19_6.householderActiveBlockNorm2Sq_pos_of_leading_witnesses	public	theorem	1024	NumStability.Source.Higham.Chapter19.Core	source_retained_outlier	approved_retained_outlier
NumStability.Source.Higham.Chapter19.Core	H19.Theorem19_6.householderTrailingNorm2Sq_pos_of_leading_block_leftInverses	public	theorem	1025	NumStability.Source.Higham.Chapter19.Core	source_retained_outlier	approved_retained_outlier
NumStability.Source.Higham.Chapter19.Core	H19.Theorem19_6.householderTrailingNorm2Sq_pos_of_leading_witnesses	public	theorem	1026	NumStability.Source.Higham.Chapter19.Core	source_retained_outlier	approved_retained_outlier
NumStability.Source.Higham.Chapter19.Core	H19.Theorem19_6.off_pivot_row_growth_step	public	theorem	1027	NumStability.Source.Higham.Chapter19.Core	source_retained_outlier	approved_retained_outlier
NumStability.Source.Higham.Chapter19.Core	H19.Theorem19_6.off_pivot_row_growth_step_active_factor	public	theorem	1028	NumStability.Source.Higham.Chapter19.Core	source_retained_outlier	approved_retained_outlier
NumStability.Source.Higham.Chapter19.Core	H19.Theorem19_6.one_le_active_row_growth_factor	public	theorem	1029	NumStability.Source.Higham.Chapter19.Core	source_retained_outlier	approved_retained_outlier
NumStability.Source.Higham.Chapter19.Core	H19.Theorem19_6.pivot_row_entry_bound_of_stage_entry_bound	public	theorem	1030	NumStability.Source.Higham.Chapter19.Core	source_retained_outlier	approved_retained_outlier
NumStability.Source.Higham.Chapter19.Core	H19.Theorem19_6.pivot_row_entry_bound_of_stage_entry_bound_active_factor	public	theorem	1031	NumStability.Source.Higham.Chapter19.Core	source_retained_outlier	approved_retained_outlier
NumStability.Source.Higham.Chapter19.Core	H19.Theorem19_6.row_sorting_active_entry_bound_with_accumulated_error	public	theorem	1032	NumStability.Source.Higham.Chapter19.Core	source_retained_outlier	approved_retained_outlier
NumStability.Source.Higham.Chapter19.Core	H19.Theorem19_6.rowwise_step_growth_factor	public	definition	1033	NumStability.Source.Higham.Chapter19.Core	source_retained_outlier	approved_retained_outlier
NumStability.Source.Higham.Chapter19.Core	H19.Theorem19_6.rowwise_step_growth_factor_nonneg	public	theorem	1034	NumStability.Source.Higham.Chapter19.Core	source_retained_outlier	approved_retained_outlier
NumStability.Source.Higham.Chapter19.Core	H19.Theorem19_6.stored_panel_sequence_active_block_bound_of_signed_pivot_stage_bounds	public	theorem	1035	NumStability.Source.Higham.Chapter19.Core	source_retained_outlier	approved_retained_outlier
NumStability.Source.Higham.Chapter19.Core	H19.Theorem19_6.stored_panel_sequence_active_entry_bound_of_exact_active_growth	public	theorem	1036	NumStability.Source.Higham.Chapter19.Core	source_retained_outlier	approved_retained_outlier
NumStability.Source.Higham.Chapter19.Core	H19.Theorem19_6.stored_panel_sequence_active_entry_bound_of_exact_active_stage_budgets	public	theorem	1037	NumStability.Source.Higham.Chapter19.Core	source_retained_outlier	approved_retained_outlier
NumStability.Source.Higham.Chapter19.Core	H19.Theorem19_6.stored_panel_sequence_active_entry_bound_of_exact_growth	public	theorem	1038	NumStability.Source.Higham.Chapter19.Core	source_retained_outlier	approved_retained_outlier
NumStability.Source.Higham.Chapter19.Core	H19.Theorem19_6.stored_panel_sequence_active_entry_bound_of_exact_growth_factor	public	theorem	1039	NumStability.Source.Higham.Chapter19.Core	source_retained_outlier	approved_retained_outlier
NumStability.Source.Higham.Chapter19.Core	H19.Theorem19_6.stored_panel_sequence_active_entry_bound_of_exact_stage_budgets_factor	public	theorem	1040	NumStability.Source.Higham.Chapter19.Core	source_retained_outlier	approved_retained_outlier
NumStability.Source.Higham.Chapter19.Core	H19.Theorem19_6.stored_panel_sequence_diag_nonzero_of_leading_block_det_ne_zero_sequence_budget	public	theorem	1041	NumStability.Source.Higham.Chapter19.Core	source_retained_outlier	approved_retained_outlier
NumStability.Source.Higham.Chapter19.Core	H19.Theorem19_6.stored_panel_sequence_diag_nonzero_of_leading_block_det_ne_zero_sqrt_budget	public	theorem	1042	NumStability.Source.Higham.Chapter19.Core	source_retained_outlier	approved_retained_outlier
NumStability.Source.Higham.Chapter19.Core	H19.Theorem19_6.stored_panel_sequence_diag_nonzero_of_leading_block_det_ne_zero_uniform_step_budget	public	theorem	1043	NumStability.Source.Higham.Chapter19.Core	source_retained_outlier	approved_retained_outlier
NumStability.Source.Higham.Chapter19.Core	H19.Theorem19_6.stored_panel_sequence_diag_nonzero_of_leading_block_leftInverses_sqrt_budget	public	theorem	1044	NumStability.Source.Higham.Chapter19.Core	source_retained_outlier	approved_retained_outlier
NumStability.Source.Higham.Chapter19.Core	H19.Theorem19_6.stored_panel_sequence_diag_nonzero_of_leading_witnesses_sqrt_budget	public	theorem	1045	NumStability.Source.Higham.Chapter19.Core	source_retained_outlier	approved_retained_outlier
NumStability.Source.Higham.Chapter19.Core	H19.Theorem19_6.stored_panel_sequence_diag_nonzero_of_signed_alpha_trailingNorm_pos_sqrt_budget	public	theorem	1046	NumStability.Source.Higham.Chapter19.Core	source_retained_outlier	approved_retained_outlier
NumStability.Source.Higham.Chapter19.Core	H19.Theorem19_6.stored_panel_sequence_diag_nonzero_of_span_nonbreakdown_active_entry_budget	public	theorem	1047	NumStability.Source.Higham.Chapter19.Core	source_retained_outlier	approved_retained_outlier
NumStability.Source.Higham.Chapter19.Core	H19.Theorem19_6.stored_panel_sequence_diag_nonzero_of_span_nonbreakdown_leadingBlock_leftInverse_frobNorm_budget	public	theorem	1048	NumStability.Source.Higham.Chapter19.Core	source_retained_outlier	approved_retained_outlier
NumStability.Source.Higham.Chapter19.Core	H19.Theorem19_6.stored_panel_sequence_diag_nonzero_of_span_nonbreakdown_leadingBlock_leftInverse_infNorm_budget	public	theorem	1049	NumStability.Source.Higham.Chapter19.Core	source_retained_outlier	approved_retained_outlier
NumStability.Source.Higham.Chapter19.Core	H19.Theorem19_6.stored_panel_sequence_diag_nonzero_of_span_nonbreakdown_leadingBlock_leftInverse_norm_budget	public	theorem	1050	NumStability.Source.Higham.Chapter19.Core	source_retained_outlier	approved_retained_outlier
NumStability.Source.Higham.Chapter19.Core	H19.Theorem19_6.stored_panel_sequence_diag_nonzero_of_span_nonbreakdown_leading_dual_norm_budget	public	theorem	1051	NumStability.Source.Higham.Chapter19.Core	source_retained_outlier	approved_retained_outlier
NumStability.Source.Higham.Chapter19.Core	H19.Theorem19_6.stored_panel_sequence_diag_nonzero_of_span_nonbreakdown_trailingNorm2Sq_budget	public	theorem	1052	NumStability.Source.Higham.Chapter19.Core	source_retained_outlier	approved_retained_outlier
NumStability.Source.Higham.Chapter19.Core	H19.Theorem19_6.stored_panel_sequence_leadingBlock_offdiag_budget_of_exact_stage_budgets_factor	public	theorem	1053	NumStability.Source.Higham.Chapter19.Core	source_retained_outlier	approved_retained_outlier
NumStability.Source.Higham.Chapter19.Core	H19.Theorem19_6.stored_panel_sequence_leadingBlock_offdiag_budget_of_signed_stage_budgets_factor	public	theorem	1054	NumStability.Source.Higham.Chapter19.Core	source_retained_outlier	approved_retained_outlier
NumStability.Source.Higham.Chapter19.Core	H19.Theorem19_6.stored_panel_sequence_prefix_diag_nonzero_of_signed_alpha_trailingNorm_pos_sqrt_budget	public	theorem	1055	NumStability.Source.Higham.Chapter19.Core	source_retained_outlier	approved_retained_outlier
NumStability.Source.Higham.Chapter19.Core	H19.Theorem19_6.stored_panel_sequence_rowwise_error_accumulation_bound_of_exact_lipschitz	public	theorem	1056	NumStability.Source.Higham.Chapter19.Core	source_retained_outlier	approved_retained_outlier
NumStability.Source.Higham.Chapter19.Core	H19.Theorem19_6.stored_panel_step_active_entry_bound_of_exact_growth	public	theorem	1057	NumStability.Source.Higham.Chapter19.Core	source_retained_outlier	approved_retained_outlier
NumStability.Source.Higham.Chapter19.Core	H19.Theorem19_6.stored_panel_step_active_entry_bound_of_exact_growth_factor	public	theorem	1058	NumStability.Source.Higham.Chapter19.Core	source_retained_outlier	approved_retained_outlier
NumStability.Source.Higham.Chapter19.Core	H19.Theorem19_6.stored_panel_step_active_entry_bound_of_exact_stage_budget_factor	public	theorem	1059	NumStability.Source.Higham.Chapter19.Core	source_retained_outlier	approved_retained_outlier
NumStability.Source.Higham.Chapter19.Core	H19.Theorem19_6.stored_panel_step_active_entry_bound_of_signed_pivot_stage_bounds	public	theorem	1060	NumStability.Source.Higham.Chapter19.Core	source_retained_outlier	approved_retained_outlier
NumStability.Source.Higham.Chapter19.Core	H19.Theorem19_6.stored_signed_stage_completed_column_preservation	public	theorem	1061	NumStability.Source.Higham.Chapter19.Core	source_retained_outlier	approved_retained_outlier
NumStability.Source.Higham.Chapter19.Core	H19.Theorem19_6.stored_signed_stage_pivot_column_zero_below_of_trailingNorm_pos	public	theorem	1062	NumStability.Source.Higham.Chapter19.Core	source_retained_outlier	approved_retained_outlier
NumStability.Source.Higham.Chapter19.Core	H19.Theorem19_6.stored_signed_stage_pivot_zeroing_field_of_normSqBudget	public	theorem	1063	NumStability.Source.Higham.Chapter19.Core	source_retained_outlier	approved_retained_outlier
NumStability.Source.Higham.Chapter19.Core	H19.Theorem19_6.stored_signed_stage_pivot_zeroing_field_of_trailingNorm_pos	public	theorem	1064	NumStability.Source.Higham.Chapter19.Core	source_retained_outlier	approved_retained_outlier
NumStability.Source.Higham.Chapter19.Core	_private.NumStability.Source.Higham.Chapter19.Core.0.H19.Problem19_1.complex_sum_two_point	private	theorem	1065	NumStability.Source.Higham.Chapter19.Core	source_retained_outlier	approved_retained_outlier
