baseline_owner_module	baseline_declaration_name	visibility	kind	baseline_order	destination_module	route_class	normalization_decision
NumStability.Algorithms.LinearSystems.Underdetermined.QR.Givens.StoredReplay.Closure	NumStability.Higham21ConcreteGivensReplayStep	public	inductive	0	NumStability.Algorithms.LinearSystems.Underdetermined.QR.Givens.StoredReplay.EndToEnd.Core	relocate_whole	-
NumStability.Algorithms.LinearSystems.Underdetermined.QR.Givens.StoredReplay.Closure	NumStability.Higham21ConcreteGivensReplayStep.casesOn	public	definition	1	NumStability.Algorithms.LinearSystems.Underdetermined.QR.Givens.StoredReplay.EndToEnd.Core	relocate_whole	-
NumStability.Algorithms.LinearSystems.Underdetermined.QR.Givens.StoredReplay.Closure	NumStability.Higham21ConcreteGivensReplayStep.ctorIdx	public	definition	2	NumStability.Algorithms.LinearSystems.Underdetermined.QR.Givens.StoredReplay.EndToEnd.Core	relocate_whole	-
NumStability.Algorithms.LinearSystems.Underdetermined.QR.Givens.StoredReplay.Closure	NumStability.Higham21ConcreteGivensReplayStep.distinct	public	theorem	3	NumStability.Algorithms.LinearSystems.Underdetermined.QR.Givens.StoredReplay.EndToEnd.Core	relocate_whole	-
NumStability.Algorithms.LinearSystems.Underdetermined.QR.Givens.StoredReplay.Closure	NumStability.Higham21ConcreteGivensReplayStep.exactTranspose	public	definition	4	NumStability.Algorithms.LinearSystems.Underdetermined.QR.Givens.StoredReplay.EndToEnd.Core	relocate_whole	-
NumStability.Algorithms.LinearSystems.Underdetermined.QR.Givens.StoredReplay.Closure	NumStability.Higham21ConcreteGivensReplayStep.exactTranspose_orthogonal	public	theorem	5	NumStability.Algorithms.LinearSystems.Underdetermined.QR.Givens.StoredReplay.EndToEnd.Core	relocate_whole	-
NumStability.Algorithms.LinearSystems.Underdetermined.QR.Givens.StoredReplay.Closure	NumStability.Higham21ConcreteGivensReplayStep.mk	public	constructor	6	NumStability.Algorithms.LinearSystems.Underdetermined.QR.Givens.StoredReplay.EndToEnd.Core	relocate_whole	-
NumStability.Algorithms.LinearSystems.Underdetermined.QR.Givens.StoredReplay.Closure	NumStability.Higham21ConcreteGivensReplayStep.mk.inj	public	theorem	7	NumStability.Algorithms.LinearSystems.Underdetermined.QR.Givens.StoredReplay.EndToEnd.Core	relocate_whole	-
NumStability.Algorithms.LinearSystems.Underdetermined.QR.Givens.StoredReplay.Closure	NumStability.Higham21ConcreteGivensReplayStep.mk.injEq	public	theorem	8	NumStability.Algorithms.LinearSystems.Underdetermined.QR.Givens.StoredReplay.EndToEnd.Core	relocate_whole	-
NumStability.Algorithms.LinearSystems.Underdetermined.QR.Givens.StoredReplay.Closure	NumStability.Higham21ConcreteGivensReplayStep.mk.noConfusion	public	definition	9	NumStability.Algorithms.LinearSystems.Underdetermined.QR.Givens.StoredReplay.EndToEnd.Core	relocate_whole	-
NumStability.Algorithms.LinearSystems.Underdetermined.QR.Givens.StoredReplay.Closure	NumStability.Higham21ConcreteGivensReplayStep.mk.sizeOf_spec	public	theorem	10	NumStability.Algorithms.LinearSystems.Underdetermined.QR.Givens.StoredReplay.EndToEnd.Core	relocate_whole	-
NumStability.Algorithms.LinearSystems.Underdetermined.QR.Givens.StoredReplay.Closure	NumStability.Higham21ConcreteGivensReplayStep.noConfusion	public	definition	11	NumStability.Algorithms.LinearSystems.Underdetermined.QR.Givens.StoredReplay.EndToEnd.Core	relocate_whole	-
NumStability.Algorithms.LinearSystems.Underdetermined.QR.Givens.StoredReplay.Closure	NumStability.Higham21ConcreteGivensReplayStep.noConfusionType	public	definition	12	NumStability.Algorithms.LinearSystems.Underdetermined.QR.Givens.StoredReplay.EndToEnd.Core	relocate_whole	-
NumStability.Algorithms.LinearSystems.Underdetermined.QR.Givens.StoredReplay.Closure	NumStability.Higham21ConcreteGivensReplayStep.p	public	definition	13	NumStability.Algorithms.LinearSystems.Underdetermined.QR.Givens.StoredReplay.EndToEnd.Core	relocate_whole	-
NumStability.Algorithms.LinearSystems.Underdetermined.QR.Givens.StoredReplay.Closure	NumStability.Higham21ConcreteGivensReplayStep.q	public	definition	14	NumStability.Algorithms.LinearSystems.Underdetermined.QR.Givens.StoredReplay.EndToEnd.Core	relocate_whole	-
NumStability.Algorithms.LinearSystems.Underdetermined.QR.Givens.StoredReplay.Closure	NumStability.Higham21ConcreteGivensReplayStep.rec	public	recursor	15	NumStability.Algorithms.LinearSystems.Underdetermined.QR.Givens.StoredReplay.EndToEnd.Core	relocate_whole	-
NumStability.Algorithms.LinearSystems.Underdetermined.QR.Givens.StoredReplay.Closure	NumStability.Higham21ConcreteGivensReplayStep.recOn	public	definition	16	NumStability.Algorithms.LinearSystems.Underdetermined.QR.Givens.StoredReplay.EndToEnd.Core	relocate_whole	-
NumStability.Algorithms.LinearSystems.Underdetermined.QR.Givens.StoredReplay.Closure	NumStability.Higham21ConcreteGivensReplayStep.source_ne	public	theorem	17	NumStability.Algorithms.LinearSystems.Underdetermined.QR.Givens.StoredReplay.EndToEnd.Core	relocate_whole	-
NumStability.Algorithms.LinearSystems.Underdetermined.QR.Givens.StoredReplay.Closure	NumStability.Higham21ConcreteGivensReplayStep.stored	public	definition	18	NumStability.Algorithms.LinearSystems.Underdetermined.QR.Givens.StoredReplay.EndToEnd.Core	relocate_whole	-
NumStability.Algorithms.LinearSystems.Underdetermined.QR.Givens.StoredReplay.Closure	NumStability.Higham21ConcreteGivensReplayStep.xi	public	definition	19	NumStability.Algorithms.LinearSystems.Underdetermined.QR.Givens.StoredReplay.EndToEnd.Core	relocate_whole	-
NumStability.Algorithms.LinearSystems.Underdetermined.QR.Givens.StoredReplay.Closure	NumStability.Higham21ConcreteGivensReplayStep.xj	public	definition	20	NumStability.Algorithms.LinearSystems.Underdetermined.QR.Givens.StoredReplay.EndToEnd.Core	relocate_whole	-
NumStability.Algorithms.LinearSystems.Underdetermined.QR.Givens.StoredReplay.Closure	NumStability.Higham21GivensActualReplayEtaQ	public	definition	21	NumStability.Algorithms.LinearSystems.Underdetermined.QR.Givens.StoredReplay.EndToEnd.Core	relocate_whole	-
NumStability.Algorithms.LinearSystems.Underdetermined.QR.Givens.StoredReplay.Closure	NumStability.Higham21GivensStoredReplayBridge.mono	public	theorem	22	NumStability.Algorithms.LinearSystems.Underdetermined.QR.Givens.StoredReplay.EndToEnd.Core	relocate_whole	-
NumStability.Algorithms.LinearSystems.Underdetermined.QR.Givens.StoredReplay.Closure	NumStability.higham21ConcreteGivensExactQ	public	definition	23	NumStability.Algorithms.LinearSystems.Underdetermined.QR.Givens.StoredReplay.EndToEnd.Core	relocate_whole	-
NumStability.Algorithms.LinearSystems.Underdetermined.QR.Givens.StoredReplay.Closure	NumStability.higham21ConcreteGivensExactQ_append	public	theorem	24	NumStability.Algorithms.LinearSystems.Underdetermined.QR.Givens.StoredReplay.EndToEnd.Core	relocate_whole	-
NumStability.Algorithms.LinearSystems.Underdetermined.QR.Givens.StoredReplay.Closure	NumStability.higham21ConcreteGivensExactQ_cons	public	theorem	25	NumStability.Algorithms.LinearSystems.Underdetermined.QR.Givens.StoredReplay.EndToEnd.Core	relocate_whole	-
NumStability.Algorithms.LinearSystems.Underdetermined.QR.Givens.StoredReplay.Closure	NumStability.higham21ConcreteGivensExactQ_nil	public	theorem	26	NumStability.Algorithms.LinearSystems.Underdetermined.QR.Givens.StoredReplay.EndToEnd.Core	relocate_whole	-
NumStability.Algorithms.LinearSystems.Underdetermined.QR.Givens.StoredReplay.Closure	NumStability.higham21ConcreteGivensExactQ_orthogonal	public	theorem	27	NumStability.Algorithms.LinearSystems.Underdetermined.QR.Givens.StoredReplay.EndToEnd.Core	relocate_whole	-
NumStability.Algorithms.LinearSystems.Underdetermined.QR.Givens.StoredReplay.Closure	NumStability.higham21ConcreteGivensStoredTrace	public	definition	28	NumStability.Algorithms.LinearSystems.Underdetermined.QR.Givens.StoredReplay.EndToEnd.Core	relocate_whole	-
NumStability.Algorithms.LinearSystems.Underdetermined.QR.Givens.StoredReplay.Closure	NumStability.higham21ConcreteGivensStoredTrace_append	public	theorem	29	NumStability.Algorithms.LinearSystems.Underdetermined.QR.Givens.StoredReplay.EndToEnd.Core	relocate_whole	-
NumStability.Algorithms.LinearSystems.Underdetermined.QR.Givens.StoredReplay.Closure	NumStability.higham21ConcreteGivensStoredTrace_cons	public	theorem	30	NumStability.Algorithms.LinearSystems.Underdetermined.QR.Givens.StoredReplay.EndToEnd.Core	relocate_whole	-
NumStability.Algorithms.LinearSystems.Underdetermined.QR.Givens.StoredReplay.Closure	NumStability.higham21ConcreteGivensStoredTrace_nil	public	theorem	31	NumStability.Algorithms.LinearSystems.Underdetermined.QR.Givens.StoredReplay.EndToEnd.Core	relocate_whole	-
NumStability.Algorithms.LinearSystems.Underdetermined.QR.Givens.StoredReplay.Closure	NumStability.higham21GivensActualConcreteSteps	public	definition	32	NumStability.Algorithms.LinearSystems.Underdetermined.QR.Givens.StoredReplay.EndToEnd.Core	relocate_whole	-
NumStability.Algorithms.LinearSystems.Underdetermined.QR.Givens.StoredReplay.Closure	NumStability.higham21GivensActualDeltaAT	public	definition	33	NumStability.Algorithms.LinearSystems.Underdetermined.QR.Givens.StoredReplay.EndToEnd.Core	relocate_whole	-
NumStability.Algorithms.LinearSystems.Underdetermined.QR.Givens.StoredReplay.Closure	NumStability.higham21GivensActualRoundedOutput	public	definition	34	NumStability.Algorithms.LinearSystems.Underdetermined.QR.Givens.StoredReplay.EndToEnd.Core	relocate_whole	-
NumStability.Algorithms.LinearSystems.Underdetermined.QR.Givens.StoredReplay.Closure	NumStability.higham21GivensActualStoredTrace	public	definition	35	NumStability.Algorithms.LinearSystems.Underdetermined.QR.Givens.StoredReplay.EndToEnd.Core	relocate_whole	-
NumStability.Algorithms.LinearSystems.Underdetermined.QR.Givens.StoredReplay.Closure	NumStability.higham21GivensReplayAccumBound	public	definition	36	NumStability.Algorithms.LinearSystems.Underdetermined.QR.Givens.StoredReplay.EndToEnd.Core	relocate_whole	-
NumStability.Algorithms.LinearSystems.Underdetermined.QR.Givens.StoredReplay.Closure	NumStability.higham21GivensReplayAccumBound_le_succ	public	theorem	37	NumStability.Algorithms.LinearSystems.Underdetermined.QR.Givens.StoredReplay.EndToEnd.Core	relocate_whole	-
NumStability.Algorithms.LinearSystems.Underdetermined.QR.Givens.StoredReplay.Closure	NumStability.higham21GivensReplayAccumBound_mono_nat	public	theorem	38	NumStability.Algorithms.LinearSystems.Underdetermined.QR.Givens.StoredReplay.EndToEnd.Core	relocate_whole	-
NumStability.Algorithms.LinearSystems.Underdetermined.QR.Givens.StoredReplay.Closure	NumStability.higham21GivensReplayAccumBound_nonneg	public	theorem	39	NumStability.Algorithms.LinearSystems.Underdetermined.QR.Givens.StoredReplay.EndToEnd.Core	relocate_whole	-
NumStability.Algorithms.LinearSystems.Underdetermined.QR.Givens.StoredReplay.Closure	NumStability.higham21_append_columnwise_qr_certificate	public	theorem	40	NumStability.Algorithms.LinearSystems.Underdetermined.QR.Givens.StoredReplay.EndToEnd.Core	relocate_whole	-
NumStability.Algorithms.LinearSystems.Underdetermined.QR.Givens.StoredReplay.Closure	NumStability.higham21_concrete_givens_stored_replay_bridge	public	theorem	41	NumStability.Algorithms.LinearSystems.Underdetermined.QR.Givens.StoredReplay.EndToEnd.Core	relocate_whole	-
NumStability.Algorithms.LinearSystems.Underdetermined.QR.Givens.StoredReplay.Closure	NumStability.higham21_concrete_givens_transpose_app_error	public	theorem	42	NumStability.Algorithms.LinearSystems.Underdetermined.QR.Givens.StoredReplay.EndToEnd.Core	relocate_whole	-
NumStability.Algorithms.LinearSystems.Underdetermined.QR.Givens.StoredReplay.Closure	NumStability.higham21_fixed_accumulation_prepend_closed	public	theorem	43	NumStability.Algorithms.LinearSystems.Underdetermined.QR.Givens.StoredReplay.EndToEnd.Core	relocate_whole	-
NumStability.Algorithms.LinearSystems.Underdetermined.QR.Givens.StoredReplay.Closure	NumStability.higham21_givens_stage_fold_explicit_certificate	public	theorem	44	NumStability.Algorithms.LinearSystems.Underdetermined.QR.Givens.StoredReplay.EndToEnd.Core	relocate_whole	-
NumStability.Algorithms.LinearSystems.Underdetermined.QR.Givens.StoredReplay.Closure	NumStability.higham21_givens_task_list_explicit_certificate	public	theorem	45	NumStability.Algorithms.LinearSystems.Underdetermined.QR.Givens.StoredReplay.EndToEnd.Core	relocate_whole	-
NumStability.Algorithms.LinearSystems.Underdetermined.QR.Givens.StoredReplay.Closure	NumStability.higham21_prepend_columnwise_qr_certificate	public	theorem	46	NumStability.Algorithms.LinearSystems.Underdetermined.QR.Givens.StoredReplay.EndToEnd.Core	relocate_whole	-
NumStability.Algorithms.LinearSystems.Underdetermined.QR.Givens.StoredReplay.Closure	NumStability.matTranspose_givensRotation	public	theorem	47	NumStability.Algorithms.LinearSystems.Underdetermined.QR.Givens.StoredReplay.EndToEnd.Core	relocate_whole	-
NumStability.Algorithms.LinearSystems.Underdetermined.SeminormalEquations.ForwardError.ActualOutput	NumStability.Higham21SNEBackwardCoefficient_nonneg_of_gammaValid	public	theorem	0	NumStability.Algorithms.LinearSystems.Underdetermined.SeminormalEquations.ForwardError.ComputedOutput.Core	relocate_whole	-
NumStability.Algorithms.LinearSystems.Underdetermined.SeminormalEquations.ForwardError.ActualOutput	NumStability.gamma_le_Higham21SNEBackwardCoefficient	public	theorem	1	NumStability.Algorithms.LinearSystems.Underdetermined.SeminormalEquations.ForwardError.ComputedOutput.Core	relocate_whole	-
NumStability.Algorithms.LinearSystems.Underdetermined.SeminormalEquations.ForwardError.ActualOutput	NumStability.higham21SNEActualOutput	public	definition	2	NumStability.Algorithms.LinearSystems.Underdetermined.SeminormalEquations.ForwardError.ComputedOutput.Core	relocate_whole	-
NumStability.Algorithms.LinearSystems.Underdetermined.SeminormalEquations.ForwardError.ActualOutput	NumStability.higham21SNEExactFormedOutput	public	definition	3	NumStability.Algorithms.LinearSystems.Underdetermined.SeminormalEquations.ForwardError.ComputedOutput.Core	relocate_whole	-
NumStability.Algorithms.LinearSystems.Underdetermined.SeminormalEquations.ForwardError.ActualOutput	NumStability.higham21SNETransferredForwardEnvelope	public	definition	4	NumStability.Algorithms.LinearSystems.Underdetermined.SeminormalEquations.ForwardError.ComputedOutput.Core	relocate_whole	-
NumStability.Algorithms.LinearSystems.Underdetermined.SeminormalEquations.ForwardError.ActualOutput	NumStability.higham21_sne_actual_output_formation_backward_error	public	theorem	5	NumStability.Algorithms.LinearSystems.Underdetermined.SeminormalEquations.ForwardError.ComputedOutput.Core	relocate_whole	-
NumStability.Algorithms.LinearSystems.Underdetermined.SeminormalEquations.HouseholderClosure.Closure	NumStability.higham21SNEHouseholderEconomyQ	public	definition	0	NumStability.Algorithms.LinearSystems.Underdetermined.SeminormalEquations.Householder.EndToEnd	relocate_whole	-
NumStability.Algorithms.LinearSystems.Underdetermined.SeminormalEquations.HouseholderClosure.Closure	NumStability.higham21SNEHouseholderFormationError	public	definition	1	NumStability.Algorithms.LinearSystems.Underdetermined.SeminormalEquations.Householder.EndToEnd	relocate_whole	-
NumStability.Algorithms.LinearSystems.Underdetermined.SeminormalEquations.HouseholderClosure.Closure	NumStability.higham21SNEHouseholderG	public	definition	2	NumStability.Algorithms.LinearSystems.Underdetermined.SeminormalEquations.Householder.EndToEnd	relocate_whole	-
NumStability.Algorithms.LinearSystems.Underdetermined.SeminormalEquations.HouseholderClosure.Closure	NumStability.higham21SNEHouseholderQFull	public	definition	3	NumStability.Algorithms.LinearSystems.Underdetermined.SeminormalEquations.Householder.EndToEnd	relocate_whole	-
NumStability.Algorithms.LinearSystems.Underdetermined.SeminormalEquations.HouseholderClosure.Closure	NumStability.higham21SNEHouseholderRHat	public	definition	4	NumStability.Algorithms.LinearSystems.Underdetermined.SeminormalEquations.Householder.EndToEnd	relocate_whole	-
NumStability.Algorithms.LinearSystems.Underdetermined.SeminormalEquations.HouseholderClosure.Closure	NumStability.higham21SNEHouseholderRInv	public	definition	5	NumStability.Algorithms.LinearSystems.Underdetermined.SeminormalEquations.Householder.EndToEnd	relocate_whole	-
NumStability.Algorithms.LinearSystems.Underdetermined.SeminormalEquations.HouseholderClosure.Closure	NumStability.higham21SNEHouseholderRTall	public	definition	6	NumStability.Algorithms.LinearSystems.Underdetermined.SeminormalEquations.Householder.EndToEnd	relocate_whole	-
NumStability.Algorithms.LinearSystems.Underdetermined.SeminormalEquations.HouseholderClosure.Closure	NumStability.higham21SNEHouseholderReferenceY	public	definition	7	NumStability.Algorithms.LinearSystems.Underdetermined.SeminormalEquations.Householder.EndToEnd	relocate_whole	-
NumStability.Algorithms.LinearSystems.Underdetermined.SeminormalEquations.HouseholderClosure.Closure	NumStability.higham21_sne_formation_error_le_gamma_plus_uniform_quadratic	public	theorem	8	NumStability.Algorithms.LinearSystems.Underdetermined.SeminormalEquations.Householder.EndToEnd	relocate_whole	-
NumStability.Algorithms.LinearSystems.Underdetermined.SeminormalEquations.HouseholderClosure.Closure	NumStability.higham21_sne_householder_G_nonneg	public	theorem	9	NumStability.Algorithms.LinearSystems.Underdetermined.SeminormalEquations.Householder.EndToEnd	relocate_whole	-
NumStability.Algorithms.LinearSystems.Underdetermined.SeminormalEquations.HouseholderClosure.Closure	NumStability.higham21_sne_householder_G_rectOpNorm2Le_one	public	theorem	10	NumStability.Algorithms.LinearSystems.Underdetermined.SeminormalEquations.Householder.EndToEnd	relocate_whole	-
NumStability.Algorithms.LinearSystems.Underdetermined.SeminormalEquations.HouseholderClosure.Closure	NumStability.higham21_sne_householder_formation_error_norm	public	theorem	11	NumStability.Algorithms.LinearSystems.Underdetermined.SeminormalEquations.Householder.EndToEnd	relocate_whole	-
NumStability.Algorithms.LinearSystems.Underdetermined.SeminormalEquations.HouseholderClosure.Closure	NumStability.higham21_sne_householder_formation_error_pointwise	public	theorem	12	NumStability.Algorithms.LinearSystems.Underdetermined.SeminormalEquations.Householder.EndToEnd	relocate_whole	-
NumStability.Algorithms.LinearSystems.Underdetermined.SeminormalEquations.HouseholderClosure.Closure	NumStability.higham21_sne_inverse_difference_frobNorm_le	public	theorem	13	NumStability.Algorithms.LinearSystems.Underdetermined.SeminormalEquations.Householder.EndToEnd	relocate_whole	-
NumStability.Algorithms.LinearSystems.Underdetermined.SeminormalEquations.HouseholderClosure.Closure	NumStability.higham21_sne_rectGram_difference_frobNorm_le	public	theorem	14	NumStability.Algorithms.LinearSystems.Underdetermined.SeminormalEquations.Householder.EndToEnd	relocate_whole	-
NumStability.Algorithms.LinearSystems.Underdetermined.SeminormalEquations.HouseholderClosure.Uniform	NumStability.higham21SNEHouseholderSourceEnvelope	public	definition	0	NumStability.Algorithms.LinearSystems.Underdetermined.SeminormalEquations.Householder.Uniform	relocate_whole	-
NumStability.Algorithms.LinearSystems.Underdetermined.SeminormalEquations.HouseholderClosure.Uniform	NumStability.higham21SNEQUniformSourceQuantity	public	definition	1	NumStability.Algorithms.LinearSystems.Underdetermined.SeminormalEquations.Householder.Uniform	relocate_whole	-
NumStability.Algorithms.LinearSystems.Underdetermined.SeminormalEquations.HouseholderClosure.Uniform	NumStability.higham21_sne_frobNorm_le_envelope	public	theorem	2	NumStability.Algorithms.LinearSystems.Underdetermined.SeminormalEquations.Householder.Uniform	relocate_whole	-
NumStability.Algorithms.LinearSystems.Underdetermined.SeminormalEquations.HouseholderClosure.Uniform	NumStability.higham21_sne_householder_sourceEnvelope_nonneg	public	theorem	3	NumStability.Algorithms.LinearSystems.Underdetermined.SeminormalEquations.Householder.Uniform	relocate_whole	-
NumStability.Algorithms.Underdetermined.Higham21Attainability	NumStability.higham21_theorem21_1_dataSource_vecNorm2_le_firstOrder	public	theorem	0	NumStability.Source.Higham.Chapter21.Attainability.Results	relocate_whole	-
NumStability.Algorithms.Underdetermined.Higham21Attainability	NumStability.higham21_theorem21_1_firstOrder_eq_sources	public	theorem	1	NumStability.Source.Higham.Chapter21.Attainability.Results	relocate_whole	-
NumStability.Algorithms.Underdetermined.Higham21Attainability	NumStability.higham21_theorem21_1_holder_firstOrder_attainability	public	theorem	2	NumStability.Source.Higham.Chapter21.Attainability.Results	relocate_whole	-
NumStability.Algorithms.Underdetermined.Higham21Attainability	NumStability.higham21_theorem21_1_holder_firstOrder_upper_and_attainment	public	theorem	3	NumStability.Source.Higham.Chapter21.Attainability.Results	relocate_whole	-
NumStability.Algorithms.Underdetermined.Higham21Attainability	NumStability.higham21_theorem21_1_holder_firstOrder_upper_bound	public	theorem	4	NumStability.Source.Higham.Chapter21.Attainability.Results	relocate_whole	-
NumStability.Algorithms.Underdetermined.Higham21Attainability	NumStability.higham21_theorem21_1_nullspaceSource_vecNorm2_le_firstOrder	public	theorem	5	NumStability.Source.Higham.Chapter21.Attainability.Results	relocate_whole	-
NumStability.Algorithms.Underdetermined.Higham21Attainability	_private.NumStability.Algorithms.Underdetermined.Higham21Attainability.0.NumStability.higham21_complexVecLpNorm_two_realVecToComplex_eq_vecNorm2	private	theorem	6	NumStability.Source.Higham.Chapter21.Attainability.Results	relocate_whole	module-scoped mangle rename
NumStability.Algorithms.Underdetermined.Higham21Attainability	_private.NumStability.Algorithms.Underdetermined.Higham21Attainability.0.NumStability.higham21_theorem21_1_gramDual_eq_pseudoinverseTranspose	private	theorem	7	NumStability.Source.Higham.Chapter21.Attainability.Results	relocate_whole	module-scoped mangle rename
NumStability.Algorithms.Underdetermined.Higham21Attainability	_private.NumStability.Algorithms.Underdetermined.Higham21Attainability.0.NumStability.higham21_vecNorm2_le_holderFactor_mul_lpNorm	private	theorem	8	NumStability.Source.Higham.Chapter21.Attainability.Results	relocate_whole	module-scoped mangle rename
NumStability.Algorithms.Underdetermined.Higham21Attainability	_private.NumStability.Algorithms.Underdetermined.Higham21Attainability.0.NumStability.higham21_vecNorm2_left_le_add_of_inner_eq_zero	private	theorem	9	NumStability.Source.Higham.Chapter21.Attainability.Results	relocate_whole	module-scoped mangle rename
NumStability.Algorithms.Underdetermined.Higham21Attainability	_private.NumStability.Algorithms.Underdetermined.Higham21Attainability.0.NumStability.higham21_vecNorm2_right_le_add_of_inner_eq_zero	private	theorem	10	NumStability.Source.Higham.Chapter21.Attainability.Results	relocate_whole	module-scoped mangle rename
NumStability.Algorithms.Underdetermined.Higham21Eq21_11Uniform	NumStability.higham21Eq21_11_scaled_gramInverse_frobNorm_le_uniform	public	theorem	0	NumStability.Source.Higham.Chapter21.Equation11.UniformEnvelope.Core	relocate_whole	-
NumStability.Algorithms.Underdetermined.Higham21Eq21_11Uniform	NumStability.higham21_eq21_11_computed_qhat_relative_forward_error_uniform	public	theorem	1	NumStability.Source.Higham.Chapter21.Equation11.UniformEnvelope.Core	relocate_whole	-
NumStability.Algorithms.Underdetermined.Higham21Eq21_11Uniform	_private.NumStability.Algorithms.Underdetermined.Higham21Eq21_11Uniform.0.NumStability.higham21Eq21_11UniformDirectionEnvelope_nonneg	private	theorem	2	NumStability.Source.Higham.Chapter21.Equation11.UniformEnvelope.Core	relocate_whole	module-scoped mangle rename
NumStability.Algorithms.Underdetermined.Higham21Eq21_11Uniform	_private.NumStability.Algorithms.Underdetermined.Higham21Eq21_11Uniform.0.NumStability.higham21Eq21_11UniformDirectionFrobBound_nonneg	private	theorem	3	NumStability.Source.Higham.Chapter21.Equation11.UniformEnvelope.Core	relocate_whole	module-scoped mangle rename
NumStability.Algorithms.Underdetermined.Higham21Eq21_11Uniform	_private.NumStability.Algorithms.Underdetermined.Higham21Eq21_11Uniform.0.NumStability.higham21Eq21_11UniformGramContraction_nonneg	private	theorem	4	NumStability.Source.Higham.Chapter21.Equation11.UniformEnvelope.Core	relocate_whole	module-scoped mangle rename
NumStability.Algorithms.Underdetermined.Higham21Eq21_11Uniform	_private.NumStability.Algorithms.Underdetermined.Higham21Eq21_11Uniform.0.NumStability.higham21Eq21_11UniformGramInverseBound_nonneg	private	theorem	5	NumStability.Source.Higham.Chapter21.Equation11.UniformEnvelope.Core	relocate_whole	module-scoped mangle rename
NumStability.Algorithms.Underdetermined.Higham21Eq21_11Uniform	_private.NumStability.Algorithms.Underdetermined.Higham21Eq21_11Uniform.0.NumStability.higham21Eq21_11_direction_entry_le_uniform_envelope	private	theorem	6	NumStability.Source.Higham.Chapter21.Equation11.UniformEnvelope.Core	relocate_whole	module-scoped mangle rename
NumStability.Algorithms.Underdetermined.Higham21Eq21_11Uniform	_private.NumStability.Algorithms.Underdetermined.Higham21Eq21_11Uniform.0.NumStability.higham21Eq21_11_direction_frobNorm_le_uniform	private	theorem	7	NumStability.Source.Higham.Chapter21.Equation11.UniformEnvelope.Core	relocate_whole	module-scoped mangle rename
NumStability.Algorithms.Underdetermined.Higham21Eq21_11Uniform	_private.NumStability.Algorithms.Underdetermined.Higham21Eq21_11Uniform.0.NumStability.higham21Eq21_11_firstProduct_frobNorm_le_uniform	private	theorem	8	NumStability.Source.Higham.Chapter21.Equation11.UniformEnvelope.Core	relocate_whole	module-scoped mangle rename
NumStability.Algorithms.Underdetermined.Higham21Eq21_11Uniform	_private.NumStability.Algorithms.Underdetermined.Higham21Eq21_11Uniform.0.NumStability.higham21Eq21_11_fixedRadiusCoefficient_le_uniform	private	theorem	9	NumStability.Source.Higham.Chapter21.Equation11.UniformEnvelope.Core	relocate_whole	module-scoped mangle rename
NumStability.Algorithms.Underdetermined.Higham21Eq21_11Uniform	_private.NumStability.Algorithms.Underdetermined.Higham21Eq21_11Uniform.0.NumStability.higham21Eq21_11_frobNorm_absMatrix	private	theorem	10	NumStability.Source.Higham.Chapter21.Equation11.UniformEnvelope.Core	relocate_whole	module-scoped mangle rename
NumStability.Algorithms.Underdetermined.Higham21Eq21_11Uniform	_private.NumStability.Algorithms.Underdetermined.Higham21Eq21_11Uniform.0.NumStability.higham21Eq21_11_frobNorm_smul_nonneg	private	theorem	11	NumStability.Source.Higham.Chapter21.Equation11.UniformEnvelope.Core	relocate_whole	module-scoped mangle rename
NumStability.Algorithms.Underdetermined.Higham21Eq21_11Uniform	_private.NumStability.Algorithms.Underdetermined.Higham21Eq21_11Uniform.0.NumStability.higham21Eq21_11_gramAbs_frobNorm_le_uniform	private	theorem	12	NumStability.Source.Higham.Chapter21.Equation11.UniformEnvelope.Core	relocate_whole	module-scoped mangle rename
NumStability.Algorithms.Underdetermined.Higham21Eq21_11Uniform	_private.NumStability.Algorithms.Underdetermined.Higham21Eq21_11Uniform.0.NumStability.higham21Eq21_11_gramLinear_eq_products	private	theorem	13	NumStability.Source.Higham.Chapter21.Equation11.UniformEnvelope.Core	relocate_whole	module-scoped mangle rename
NumStability.Algorithms.Underdetermined.Higham21Eq21_11Uniform	_private.NumStability.Algorithms.Underdetermined.Higham21Eq21_11Uniform.0.NumStability.higham21Eq21_11_gramLinear_frobNorm_le_uniform	private	theorem	14	NumStability.Source.Higham.Chapter21.Equation11.UniformEnvelope.Core	relocate_whole	module-scoped mangle rename
NumStability.Algorithms.Underdetermined.Higham21Eq21_11Uniform	_private.NumStability.Algorithms.Underdetermined.Higham21Eq21_11Uniform.0.NumStability.higham21Eq21_11_gramQuadratic_eq_product	private	theorem	15	NumStability.Source.Higham.Chapter21.Equation11.UniformEnvelope.Core	relocate_whole	module-scoped mangle rename
NumStability.Algorithms.Underdetermined.Higham21Eq21_11Uniform	_private.NumStability.Algorithms.Underdetermined.Higham21Eq21_11Uniform.0.NumStability.higham21Eq21_11_gramQuadratic_frobNorm_le_uniform	private	theorem	16	NumStability.Source.Higham.Chapter21.Equation11.UniformEnvelope.Core	relocate_whole	module-scoped mangle rename
NumStability.Algorithms.Underdetermined.Higham21Eq21_11Uniform	_private.NumStability.Algorithms.Underdetermined.Higham21Eq21_11Uniform.0.NumStability.higham21Eq21_11_linearized_eq_product	private	theorem	17	NumStability.Source.Higham.Chapter21.Equation11.UniformEnvelope.Core	relocate_whole	module-scoped mangle rename
NumStability.Algorithms.Underdetermined.Higham21Eq21_11Uniform	_private.NumStability.Algorithms.Underdetermined.Higham21Eq21_11Uniform.0.NumStability.higham21Eq21_11_linearized_frobNorm_le	private	theorem	18	NumStability.Source.Higham.Chapter21.Equation11.UniformEnvelope.Core	relocate_whole	module-scoped mangle rename
NumStability.Algorithms.Underdetermined.Higham21Eq21_11Uniform	_private.NumStability.Algorithms.Underdetermined.Higham21Eq21_11Uniform.0.NumStability.higham21Eq21_11_rectRowNorm2_le_frobNormRect	private	theorem	19	NumStability.Source.Higham.Chapter21.Equation11.UniformEnvelope.Core	relocate_whole	module-scoped mangle rename
NumStability.Algorithms.Underdetermined.Higham21Eq21_8	NumStability.higham21_eq21_8_relative_asymptotic_bound	public	theorem	0	NumStability.Source.Higham.Chapter21.Equation08.Results.Core	relocate_whole	-
NumStability.Algorithms.Underdetermined.Higham21Eq21_9	NumStability.higham21_eq21_9_firstOrder_numerator_le	public	theorem	0	NumStability.Source.Higham.Chapter21.Equation09.Results.Core	relocate_whole	-
NumStability.Algorithms.Underdetermined.Higham21Eq21_9	NumStability.higham21_eq21_9_firstOrder_numerator_le_canonical	public	theorem	1	NumStability.Source.Higham.Chapter21.Equation09.Results.Core	relocate_whole	-
NumStability.Algorithms.Underdetermined.Higham21Eq21_9	NumStability.higham21_eq21_9_firstOrder_twoTermCoefficient_le	public	theorem	2	NumStability.Source.Higham.Chapter21.Equation09.Results.Core	relocate_whole	-
NumStability.Algorithms.Underdetermined.Higham21Eq21_9	NumStability.higham21_eq21_9_firstOrder_twoTermCoefficient_le_operatorCertificate	public	theorem	3	NumStability.Source.Higham.Chapter21.Equation09.Results.Core	relocate_whole	-
NumStability.Algorithms.Underdetermined.Higham21Eq21_9	NumStability.higham21_eq21_9_operatorCertificateCoefficient_le_dimensionCoefficient	public	theorem	4	NumStability.Source.Higham.Chapter21.Equation09.Results.Core	relocate_whole	-
NumStability.Algorithms.Underdetermined.Higham21Eq21_9	NumStability.higham21_eq21_9_relative_asymptotic_bound	public	theorem	5	NumStability.Source.Higham.Chapter21.Equation09.Results.Core	relocate_whole	-
NumStability.Algorithms.Underdetermined.Higham21Eq21_9	NumStability.higham21_eq21_9_relative_bound_with_fixed_radius_remainder	public	theorem	6	NumStability.Source.Higham.Chapter21.Equation09.Results.Core	relocate_whole	-
NumStability.Algorithms.Underdetermined.Higham21Eq21_9	NumStability.higham21_eq21_9_relative_firstOrder	public	theorem	7	NumStability.Source.Higham.Chapter21.Equation09.Results.Core	relocate_whole	-
NumStability.Algorithms.Underdetermined.Higham21Eq21_9	_private.NumStability.Algorithms.Underdetermined.Higham21Eq21_9.0.NumStability.higham21_eq21_9_dimensions_pos_of_rhs_ne_zero	private	theorem	8	NumStability.Source.Higham.Chapter21.Equation09.Results.Core	relocate_whole	module-scoped mangle rename
NumStability.Algorithms.Underdetermined.Higham21Eq21_9	_private.NumStability.Algorithms.Underdetermined.Higham21Eq21_9.0.NumStability.higham21_eq21_9_rectOpNorm2Le_const_mul_abs	private	theorem	9	NumStability.Source.Higham.Chapter21.Equation09.Results.Core	relocate_whole	module-scoped mangle rename
NumStability.Algorithms.Underdetermined.Higham21Equation21_11	NumStability.higham21_eq21_11_computed_qhat_relative_forward_error_quadratic	public	theorem	0	NumStability.Source.Higham.Chapter21.Equation11.Results.Core	relocate_whole	-
NumStability.Algorithms.Underdetermined.Higham21Equation21_11	NumStability.higham21_theorem21_4_computed_qhat_rank_stable_gamma	public	theorem	1	NumStability.Source.Higham.Chapter21.Equation11.Results.Core	relocate_whole	-
NumStability.Algorithms.Underdetermined.Higham21Equation21_11Scalar	NumStability.higham21_eq21_11_computed_qhat_relative_forward_error_quadratic_scalar	public	theorem	0	NumStability.Source.Higham.Chapter21.Equation11.ScalarCase.Core	relocate_whole	-
NumStability.Algorithms.Underdetermined.Higham21GivensClosure	NumStability.higham21_theorem21_4_givens_actual_rounded_omegaR_le	public	theorem	0	NumStability.Algorithms.LinearSystems.Underdetermined.QR.Givens.EndToEnd.Core	relocate_whole	-
NumStability.Algorithms.Underdetermined.Higham21GivensClosure	NumStability.higham21_theorem21_4_givens_actual_rounded_rowwise_backward_stable	public	theorem	1	NumStability.Algorithms.LinearSystems.Underdetermined.QR.Givens.EndToEnd.Core	relocate_whole	-
NumStability.Algorithms.Underdetermined.Higham21GivensRounded	NumStability.higham21_q_method_fixed_accumulation_rowwise_backward_stable	public	theorem	0	NumStability.Algorithms.LinearSystems.Underdetermined.QR.Givens.Rounded.Core	relocate_whole	-
NumStability.Algorithms.Underdetermined.Higham21GivensRounded	NumStability.higham21_theorem21_4_givens_stored_replay_omegaR_le	public	theorem	1	NumStability.Algorithms.LinearSystems.Underdetermined.QR.Givens.Rounded.Core	relocate_whole	-
NumStability.Algorithms.Underdetermined.Higham21GivensRounded	NumStability.higham21_theorem21_4_givens_stored_replay_omegaR_le_of_bridge	public	theorem	2	NumStability.Algorithms.LinearSystems.Underdetermined.QR.Givens.Rounded.Core	relocate_whole	-
NumStability.Algorithms.Underdetermined.Higham21GivensRounded	NumStability.higham21_theorem21_4_givens_stored_replay_rowwise_backward_stable	public	theorem	3	NumStability.Algorithms.LinearSystems.Underdetermined.QR.Givens.Rounded.Core	relocate_whole	-
NumStability.Algorithms.Underdetermined.Higham21GivensRounded	NumStability.higham21_theorem21_4_givens_stored_replay_rowwise_of_bridge	public	theorem	4	NumStability.Algorithms.LinearSystems.Underdetermined.QR.Givens.Rounded.Core	relocate_whole	-
NumStability.Algorithms.Underdetermined.Higham21MGSRounded	NumStability.Higham21MGSRoundedSystemTransfer.of_rankOneCorrections	public	definition	0	NumStability.Algorithms.LinearSystems.Underdetermined.QR.ModifiedGramSchmidt.Rounded.Core	relocate_whole	-
NumStability.Algorithms.Underdetermined.Higham21MGSRounded	NumStability.higham21_fl_mgs_corrected_output_repaired_action_rowwise	public	theorem	1	NumStability.Algorithms.LinearSystems.Underdetermined.QR.ModifiedGramSchmidt.Rounded.Core	relocate_whole	-
NumStability.Algorithms.Underdetermined.Higham21MGSRounded	NumStability.higham21_mgs_feasibilityCorrection_rowNorm	public	theorem	2	NumStability.Algorithms.LinearSystems.Underdetermined.QR.ModifiedGramSchmidt.Rounded.Core	relocate_whole	-
NumStability.Algorithms.Underdetermined.Higham21MGSRounded	NumStability.higham21_mgs_feasibilityCorrection_solves	public	theorem	3	NumStability.Algorithms.LinearSystems.Underdetermined.QR.ModifiedGramSchmidt.Rounded.Core	relocate_whole	-
NumStability.Algorithms.Underdetermined.Higham21MGSRounded	NumStability.higham21_mgs_fixedVectorActionCorrection_action	public	theorem	4	NumStability.Algorithms.LinearSystems.Underdetermined.QR.ModifiedGramSchmidt.Rounded.Core	relocate_whole	-
NumStability.Algorithms.Underdetermined.Higham21MGSRounded	NumStability.higham21_mgs_fixedVectorActionCorrection_rowNorm	public	theorem	5	NumStability.Algorithms.LinearSystems.Underdetermined.QR.ModifiedGramSchmidt.Rounded.Core	relocate_whole	-
NumStability.Algorithms.Underdetermined.Higham21MGSRounded	NumStability.higham21_mgs_rangeCorrection_action	public	theorem	6	NumStability.Algorithms.LinearSystems.Underdetermined.QR.ModifiedGramSchmidt.Rounded.Core	relocate_whole	-
NumStability.Algorithms.Underdetermined.Higham21MGSRounded	NumStability.higham21_mgs_rangeCorrection_represents	public	theorem	7	NumStability.Algorithms.LinearSystems.Underdetermined.QR.ModifiedGramSchmidt.Rounded.Core	relocate_whole	-
NumStability.Algorithms.Underdetermined.Higham21MGSRounded	NumStability.higham21_mgs_rounded_actual_output_omegaR_le	public	theorem	8	NumStability.Algorithms.LinearSystems.Underdetermined.QR.ModifiedGramSchmidt.Rounded.Core	relocate_whole	-
NumStability.Algorithms.Underdetermined.Higham21MGSRounded	NumStability.higham21_mgs_rounded_actual_output_rowwise_backward_stable	public	theorem	9	NumStability.Algorithms.LinearSystems.Underdetermined.QR.ModifiedGramSchmidt.Rounded.Core	relocate_whole	-
NumStability.Algorithms.Underdetermined.Higham21MGSRounded	NumStability.higham21_mgs_rounded_forwardSub_actual_output_omegaR_le	public	theorem	10	NumStability.Algorithms.LinearSystems.Underdetermined.QR.ModifiedGramSchmidt.Rounded.Core	relocate_whole	-
NumStability.Algorithms.Underdetermined.Higham21MGSRounded	NumStability.higham21_mgs_rounded_forwardSub_actual_output_theorem21_4	public	theorem	11	NumStability.Algorithms.LinearSystems.Underdetermined.QR.ModifiedGramSchmidt.Rounded.Core	relocate_whole	-
NumStability.Algorithms.Underdetermined.Higham21MGSRounded	_private.NumStability.Algorithms.Underdetermined.Higham21MGSRounded.0.NumStability.higham21_vecNorm2Sq_ne_zero_of_fun_ne_zero	private	theorem	12	NumStability.Algorithms.LinearSystems.Underdetermined.QR.ModifiedGramSchmidt.Rounded.Core	relocate_whole	module-scoped mangle rename
NumStability.Algorithms.Underdetermined.Higham21MGSRounded	_private.NumStability.Algorithms.Underdetermined.Higham21MGSRounded.0.NumStability.higham21_vecNorm2_ne_zero_of_fun_ne_zero	private	theorem	13	NumStability.Algorithms.LinearSystems.Underdetermined.QR.ModifiedGramSchmidt.Rounded.Core	relocate_whole	module-scoped mangle rename
NumStability.Algorithms.Underdetermined.Higham21Perturbation	NumStability.higham21Eq21_7_exactRemainder_absoluteNorm_isBigO	public	theorem	0	NumStability.Algorithms.LinearSystems.Underdetermined.Perturbation.Bounds.Core	relocate_whole	-
NumStability.Algorithms.Underdetermined.Higham21Perturbation	NumStability.higham21Eq21_7_exactRemainder_absoluteNorm_le_fixed_radius	public	theorem	1	NumStability.Algorithms.LinearSystems.Underdetermined.Perturbation.Bounds.Core	relocate_whole	-
NumStability.Algorithms.Underdetermined.Higham21Perturbation	NumStability.higham21_theorem21_1_finite_error_numerator_bound_of_gram_det_ne_zero	public	theorem	2	NumStability.Algorithms.LinearSystems.Underdetermined.Perturbation.Bounds.Core	relocate_whole	-
NumStability.Algorithms.Underdetermined.Higham21Perturbation	NumStability.higham21_theorem21_1_finite_error_relative_bound	public	theorem	3	NumStability.Algorithms.LinearSystems.Underdetermined.Perturbation.Bounds.Core	relocate_whole	-
NumStability.Algorithms.Underdetermined.Higham21Perturbation	NumStability.higham21_theorem21_1_finite_error_relative_bound_of_gram_det_ne_zero	public	theorem	4	NumStability.Algorithms.LinearSystems.Underdetermined.Perturbation.Bounds.Core	relocate_whole	-
NumStability.Algorithms.Underdetermined.Higham21Perturbation	NumStability.higham21_theorem21_1_firstOrder_componentwise_bound	public	theorem	5	NumStability.Algorithms.LinearSystems.Underdetermined.Perturbation.Bounds.Core	relocate_whole	-
NumStability.Algorithms.Underdetermined.Higham21Perturbation	NumStability.higham21_theorem21_1_firstOrder_numerator_bound	public	theorem	6	NumStability.Algorithms.LinearSystems.Underdetermined.Perturbation.Bounds.Core	relocate_whole	-
NumStability.Algorithms.Underdetermined.Higham21Perturbation	NumStability.higham21_theorem21_1_firstOrder_relative_bound	public	theorem	7	NumStability.Algorithms.LinearSystems.Underdetermined.Perturbation.Bounds.Core	relocate_whole	-
NumStability.Algorithms.Underdetermined.Higham21Perturbation	NumStability.higham21_theorem21_1_relative_asymptotic_bound_of_gram_det_ne_zero	public	theorem	8	NumStability.Algorithms.LinearSystems.Underdetermined.Perturbation.Bounds.Core	relocate_whole	-
NumStability.Algorithms.Underdetermined.Higham21Perturbation	_private.NumStability.Algorithms.Underdetermined.Higham21Perturbation.0.NumStability.higham21_baseSolution_norm_pos_of_rhs_ne_zero	private	theorem	9	NumStability.Algorithms.LinearSystems.Underdetermined.Perturbation.Bounds.Core	relocate_whole	module-scoped mangle rename
NumStability.Algorithms.Underdetermined.Higham21Perturbation	_private.NumStability.Algorithms.Underdetermined.Higham21Perturbation.0.NumStability.higham21_domainProjection_residual_abs_le_scaled_majorant	private	theorem	10	NumStability.Algorithms.LinearSystems.Underdetermined.Perturbation.Bounds.Core	relocate_whole	module-scoped mangle rename
NumStability.Algorithms.Underdetermined.Higham21Perturbation	_private.NumStability.Algorithms.Underdetermined.Higham21Perturbation.0.NumStability.higham21_realVecToComplex_norm_le_vecNorm2_mul_norm_one	private	theorem	11	NumStability.Algorithms.LinearSystems.Underdetermined.Perturbation.Bounds.Core	relocate_whole	module-scoped mangle rename
NumStability.Algorithms.Underdetermined.Higham21Perturbation	_private.NumStability.Algorithms.Underdetermined.Higham21Perturbation.0.NumStability.higham21_realVecToComplex_norm_smul	private	theorem	12	NumStability.Algorithms.LinearSystems.Underdetermined.Perturbation.Bounds.Core	relocate_whole	module-scoped mangle rename
NumStability.Algorithms.Underdetermined.Higham21Perturbation	_private.NumStability.Algorithms.Underdetermined.Higham21Perturbation.0.NumStability.higham21_rectTransposeMulVec_abs_le_scaled_majorant	private	theorem	13	NumStability.Algorithms.LinearSystems.Underdetermined.Perturbation.Bounds.Core	relocate_whole	module-scoped mangle rename
NumStability.Algorithms.Underdetermined.Higham21Perturbation	_private.NumStability.Algorithms.Underdetermined.Higham21Perturbation.0.NumStability.higham21_scaled_data_majorant	private	theorem	14	NumStability.Algorithms.LinearSystems.Underdetermined.Perturbation.Bounds.Core	relocate_whole	module-scoped mangle rename
NumStability.Algorithms.Underdetermined.Higham21Perturbation	_private.NumStability.Algorithms.Underdetermined.Higham21Perturbation.0.NumStability.higham21_theorem21_1_exact_remainder_numerator_bound	private	theorem	15	NumStability.Algorithms.LinearSystems.Underdetermined.Perturbation.Bounds.Core	relocate_whole	module-scoped mangle rename
NumStability.Algorithms.Underdetermined.Higham21PerturbationRadius	NumStability.higham21PerturbationRadius_mul_gramSensitivity_le_half	public	theorem	0	NumStability.Algorithms.LinearSystems.Underdetermined.Perturbation.Radius.Core	relocate_whole	-
NumStability.Algorithms.Underdetermined.Higham21PerturbationRadius	NumStability.higham21PerturbationRadius_mul_product_le_half	public	theorem	1	NumStability.Algorithms.LinearSystems.Underdetermined.Perturbation.Radius.Core	relocate_whole	-
NumStability.Algorithms.Underdetermined.Higham21PerturbationRadius	NumStability.higham21_eq21_7_euclidean_relative_asymptotic_bound_of_firstOrder_bound	public	theorem	2	NumStability.Algorithms.LinearSystems.Underdetermined.Perturbation.Radius.Core	relocate_whole	-
NumStability.Algorithms.Underdetermined.Higham21PerturbationRadius	NumStability.higham21_theorem21_1_finite_error_relative_bound_of_direction_envelope	public	theorem	3	NumStability.Algorithms.LinearSystems.Underdetermined.Perturbation.Radius.Core	relocate_whole	-
NumStability.Algorithms.Underdetermined.Higham21PerturbationRadius	NumStability.higham21_theorem21_1_fixed_radius_certificates_of_direction_envelope	public	theorem	4	NumStability.Algorithms.LinearSystems.Underdetermined.Perturbation.Radius.Core	relocate_whole	-
NumStability.Algorithms.Underdetermined.Higham21PerturbationRadius	NumStability.higham21_theorem21_1_fixed_radius_certificates_of_family_entrywise_envelope	public	theorem	5	NumStability.Algorithms.LinearSystems.Underdetermined.Perturbation.Radius.Core	relocate_whole	-
NumStability.Algorithms.Underdetermined.Higham21PerturbationRadius	NumStability.higham21_theorem21_1_fixed_radius_certificates_of_family_row_envelope	public	theorem	6	NumStability.Algorithms.LinearSystems.Underdetermined.Perturbation.Radius.Core	relocate_whole	-
NumStability.Algorithms.Underdetermined.Higham21PerturbationRadius	NumStability.higham21_theorem21_1_fixed_radius_certificates_of_product_and_entrywise_envelopes	public	theorem	7	NumStability.Algorithms.LinearSystems.Underdetermined.Perturbation.Radius.Core	relocate_whole	-
NumStability.Algorithms.Underdetermined.Higham21PerturbationRadius	NumStability.higham21_theorem21_1_relative_asymptotic_bound_of_direction_envelope	public	theorem	8	NumStability.Algorithms.LinearSystems.Underdetermined.Perturbation.Radius.Core	relocate_whole	-
NumStability.Algorithms.Underdetermined.Higham21PerturbationRadius	NumStability.higham21_theorem21_1_relative_remainder_isBigO_of_direction_envelope	public	theorem	9	NumStability.Algorithms.LinearSystems.Underdetermined.Perturbation.Radius.Core	relocate_whole	-
NumStability.Algorithms.Underdetermined.Higham21PerturbationRadius	NumStability.higham21_theorem21_1_scaled_gramInverse_frobNorm_le_of_radius	public	theorem	10	NumStability.Algorithms.LinearSystems.Underdetermined.Perturbation.Radius.Core	relocate_whole	-
NumStability.Algorithms.Underdetermined.Higham21PerturbationRadius	NumStability.higham21_theorem21_1_scaled_gram_det_ne_zero_of_radius	public	theorem	11	NumStability.Algorithms.LinearSystems.Underdetermined.Perturbation.Radius.Core	relocate_whole	-
NumStability.Algorithms.Underdetermined.Higham21PerturbationRadius	NumStability.higham21_theorem21_1_scaled_product_contraction_of_radius	public	theorem	12	NumStability.Algorithms.LinearSystems.Underdetermined.Perturbation.Radius.Core	relocate_whole	-
NumStability.Algorithms.Underdetermined.Higham21PerturbationRadius	_private.NumStability.Algorithms.Underdetermined.Higham21PerturbationRadius.0.NumStability.higham21PerturbationRadius_mul_max_le_half	private	theorem	13	NumStability.Algorithms.LinearSystems.Underdetermined.Perturbation.Radius.Core	relocate_whole	module-scoped mangle rename
NumStability.Algorithms.Underdetermined.Higham21SNEClosure	NumStability.higham21_sne_householder_actual_output_source_finite_quadratic_bound	public	theorem	0	NumStability.Algorithms.LinearSystems.Underdetermined.SeminormalEquations.EndToEnd.Core	relocate_whole	-
NumStability.Algorithms.Underdetermined.Higham21SNEClosure	NumStability.higham21_sne_householder_actual_output_source_forward_finite_bound	public	theorem	1	NumStability.Algorithms.LinearSystems.Underdetermined.SeminormalEquations.EndToEnd.Core	relocate_whole	-
NumStability.Algorithms.Underdetermined.Higham21SNEClosure	NumStability.higham21_sne_householder_actual_output_source_forward_relative_finite	public	theorem	2	NumStability.Algorithms.LinearSystems.Underdetermined.SeminormalEquations.EndToEnd.Core	relocate_whole	-
NumStability.Algorithms.Underdetermined.Higham21SNEClosure	NumStability.higham21_sne_householder_direction_radius_transfers	public	theorem	3	NumStability.Algorithms.LinearSystems.Underdetermined.SeminormalEquations.EndToEnd.Core	relocate_whole	-
NumStability.Algorithms.Underdetermined.Higham21SNEClosure	NumStability.higham21_sne_householder_reference_forward_error_closed_direction_radius	public	theorem	4	NumStability.Algorithms.LinearSystems.Underdetermined.SeminormalEquations.EndToEnd.Core	relocate_whole	-
NumStability.Algorithms.Underdetermined.Higham21SNEConditionTransfer	NumStability.higham21_sne_cond2_mul_solution_norm_le_direction_radius	public	theorem	0	NumStability.Algorithms.LinearSystems.Underdetermined.SeminormalEquations.ConditionTransfer.Core	relocate_whole	-
NumStability.Algorithms.Underdetermined.Higham21SNEConditionTransfer	NumStability.higham21_sne_dual_solution_difference_vecNorm2_le_direction_radius	public	theorem	1	NumStability.Algorithms.LinearSystems.Underdetermined.SeminormalEquations.ConditionTransfer.Core	relocate_whole	-
NumStability.Algorithms.Underdetermined.Higham21SNEConditionTransfer	NumStability.higham21_sne_primal_solution_difference_vecNorm2_le_direction_radius	public	theorem	2	NumStability.Algorithms.LinearSystems.Underdetermined.SeminormalEquations.ConditionTransfer.Core	relocate_whole	-
NumStability.Algorithms.Underdetermined.Higham21SNEUniform	NumStability.higham21_sne_householder_RInv_frobNorm_le_q_uniform	public	theorem	0	NumStability.Algorithms.LinearSystems.Underdetermined.SeminormalEquations.Uniform.Core	relocate_whole	-
NumStability.Algorithms.Underdetermined.Higham21SNEUniform	NumStability.higham21_sne_householder_actual_coefficients_le_q_uniform	public	theorem	1	NumStability.Algorithms.LinearSystems.Underdetermined.SeminormalEquations.Uniform.Core	relocate_whole	-
NumStability.Algorithms.Underdetermined.Higham21SNEUniform	NumStability.higham21_sne_householder_actual_output_q_uniform	public	theorem	2	NumStability.Algorithms.LinearSystems.Underdetermined.SeminormalEquations.Uniform.Core	relocate_whole	-
NumStability.Algorithms.Underdetermined.Higham21SNEUniform	NumStability.higham21_sne_householder_actual_output_source_q_uniform	public	theorem	3	NumStability.Algorithms.LinearSystems.Underdetermined.SeminormalEquations.Uniform.Core	relocate_whole	-
NumStability.Algorithms.Underdetermined.Higham21SNEUniform	NumStability.higham21_sne_householder_actual_output_source_relative_q_uniform	public	theorem	4	NumStability.Algorithms.LinearSystems.Underdetermined.SeminormalEquations.Uniform.Core	relocate_whole	-
NumStability.Algorithms.Underdetermined.Higham21SNEUniform	NumStability.higham21_sne_householder_actual_output_source_relative_unit_roundoff_sq	public	theorem	5	NumStability.Algorithms.LinearSystems.Underdetermined.SeminormalEquations.Uniform.Core	relocate_whole	-
NumStability.Algorithms.Underdetermined.Higham21SNEUniform	NumStability.higham21_sne_householder_computedNormalSolution_vecNorm2_le_q_uniform	public	theorem	6	NumStability.Algorithms.LinearSystems.Underdetermined.SeminormalEquations.Uniform.Core	relocate_whole	-
NumStability.Algorithms.Underdetermined.Higham21SNEUniform	NumStability.higham21_sne_householder_nearby_gramInverse_frobNorm_le_q_uniform	public	theorem	7	NumStability.Algorithms.LinearSystems.Underdetermined.SeminormalEquations.Uniform.Core	relocate_whole	-
NumStability.Algorithms.Underdetermined.Higham21SNEUniform	NumStability.higham21_sne_householder_reference_output_q_uniform	public	theorem	8	NumStability.Algorithms.LinearSystems.Underdetermined.SeminormalEquations.Uniform.Core	relocate_whole	-
NumStability.Algorithms.Underdetermined.Higham21SNEUniform	NumStability.higham21_sne_householder_reference_transfers_q_uniform	public	theorem	9	NumStability.Algorithms.LinearSystems.Underdetermined.SeminormalEquations.Uniform.Core	relocate_whole	-
NumStability.Algorithms.Underdetermined.Higham21Theorem214SourceClosure	NumStability.higham21_theorem21_4_computed_qhat_rowwise_backward_stable_source	public	theorem	0	NumStability.Source.Higham.Chapter21.Theorem04.SourceClosure.Supplement.Core	relocate_whole	-
NumStability.Algorithms.Underdetermined.Higham21Theorem214SourceClosure	NumStability.higham21_theorem21_4_givens_actual_rounded_rowwise_backward_stable_source	public	theorem	1	NumStability.Source.Higham.Chapter21.Theorem04.SourceClosure.Supplement.Core	relocate_whole	-
NumStability.Algorithms.Underdetermined.UnderdeterminedSolve	NumStability.higham21_eq21_11_computed_qhat_relative_forward_error_with_remainder	public	theorem	0	NumStability.Algorithms.LinearSystems.Underdetermined.MinimumNorm.Solvers.Executor.Core	relocate_whole	-
NumStability.Algorithms.Underdetermined.UnderdeterminedSolve	NumStability.higham21_lemma21_2_rowwise_backward_error_bound_of_abs_data_source_operator_envelopes_exact_size_eps_combined_factor_self_radius_global_bounds	public	theorem	1	NumStability.Algorithms.LinearSystems.Underdetermined.MinimumNorm.Solvers.Executor.Core	relocate_whole	-
NumStability.Algorithms.Underdetermined.UnderdeterminedSolve	NumStability.higham21_lemma21_2_rowwise_backward_error_bound_of_abs_data_source_operator_envelopes_exact_size_eps_common_radius_global_bounds	public	theorem	2	NumStability.Algorithms.LinearSystems.Underdetermined.MinimumNorm.Solvers.Executor.Core	relocate_whole	-
NumStability.Algorithms.Underdetermined.UnderdeterminedSolve	NumStability.higham21_lemma21_2_rowwise_backward_error_bound_of_common_row_bound	public	theorem	3	NumStability.Algorithms.LinearSystems.Underdetermined.MinimumNorm.Solvers.Executor.Core	relocate_whole	-
NumStability.Algorithms.Underdetermined.UnderdeterminedSolve	NumStability.higham21_lemma21_2_rowwise_backward_error_bound_of_pseudoinverse_products	public	theorem	4	NumStability.Algorithms.LinearSystems.Underdetermined.MinimumNorm.Solvers.Executor.Core	relocate_whole	-
NumStability.Algorithms.Underdetermined.UnderdeterminedSolve	NumStability.higham21_lemma21_2_rowwise_backward_error_bound_of_source_operator_envelopes_exact_size_eps_combined_factor_self_radius_global_bounds	public	theorem	5	NumStability.Algorithms.LinearSystems.Underdetermined.MinimumNorm.Solvers.Executor.Core	relocate_whole	-
NumStability.Algorithms.Underdetermined.UnderdeterminedSolve	NumStability.higham21_lemma21_2_rowwise_backward_error_bound_of_source_operator_envelopes_exact_size_eps_combined_factor_self_radius_global_entrywise_bounds	public	theorem	6	NumStability.Algorithms.LinearSystems.Underdetermined.MinimumNorm.Solvers.Executor.Core	relocate_whole	-
NumStability.Algorithms.Underdetermined.UnderdeterminedSolve	NumStability.higham21_lemma21_2_rowwise_backward_error_bound_of_source_operator_envelopes_exact_size_eps_common_radius_global_bounds	public	theorem	7	NumStability.Algorithms.LinearSystems.Underdetermined.MinimumNorm.Solvers.Executor.Core	relocate_whole	-
NumStability.Algorithms.Underdetermined.UnderdeterminedSolve	NumStability.higham21_lemma21_2_rowwise_backward_error_bound_of_source_operator_envelopes_exact_size_eps_common_radius_global_entrywise_bounds	public	theorem	8	NumStability.Algorithms.LinearSystems.Underdetermined.MinimumNorm.Solvers.Executor.Core	relocate_whole	-
NumStability.Algorithms.Underdetermined.UnderdeterminedSolve	NumStability.higham21_lemma21_2_single_min_norm_of_exact_product_norms	public	theorem	9	NumStability.Algorithms.LinearSystems.Underdetermined.MinimumNorm.Solvers.Executor.Core	relocate_whole	-
NumStability.Algorithms.Underdetermined.UnderdeterminedSolve	NumStability.higham21_lemma21_2_single_min_norm_of_gram_pseudoinverse_product_budget	public	theorem	10	NumStability.Algorithms.LinearSystems.Underdetermined.MinimumNorm.Solvers.Executor.Core	relocate_whole	-
NumStability.Algorithms.Underdetermined.UnderdeterminedSolve	NumStability.higham21_lemma21_2_single_min_norm_of_gram_pseudoinverse_source_factors	public	theorem	11	NumStability.Algorithms.LinearSystems.Underdetermined.MinimumNorm.Solvers.Executor.Core	relocate_whole	-
NumStability.Algorithms.Underdetermined.UnderdeterminedSolve	NumStability.higham21_lemma21_2_single_min_norm_of_nonzero_branch_certificates	public	theorem	12	NumStability.Algorithms.LinearSystems.Underdetermined.MinimumNorm.Solvers.Executor.Core	relocate_whole	-
NumStability.Algorithms.Underdetermined.UnderdeterminedSolve	NumStability.higham21_lemma21_2_single_min_norm_of_nonzero_branch_ch7_candidate_frob_source_bounds_of_abs_left_product_bound	public	theorem	13	NumStability.Algorithms.LinearSystems.Underdetermined.MinimumNorm.Solvers.Executor.Core	relocate_whole	-
NumStability.Algorithms.Underdetermined.UnderdeterminedSolve	NumStability.higham21_lemma21_2_single_min_norm_of_nonzero_branch_ch7_candidate_frob_source_bounds_of_componentwise_data_bound	public	theorem	14	NumStability.Algorithms.LinearSystems.Underdetermined.MinimumNorm.Solvers.Executor.Core	relocate_whole	-
NumStability.Algorithms.Underdetermined.UnderdeterminedSolve	NumStability.higham21_lemma21_2_single_min_norm_of_nonzero_branch_ch7_candidate_frob_source_bounds_of_componentwise_gram_bound	public	theorem	15	NumStability.Algorithms.LinearSystems.Underdetermined.MinimumNorm.Solvers.Executor.Core	relocate_whole	-
NumStability.Algorithms.Underdetermined.UnderdeterminedSolve	NumStability.higham21_lemma21_2_single_min_norm_of_nonzero_branch_conservative_ch7_factor_deltaA2_component_op_bounds_of_componentwise_data_bound	public	theorem	16	NumStability.Algorithms.LinearSystems.Underdetermined.MinimumNorm.Solvers.Executor.Core	relocate_whole	-
NumStability.Algorithms.Underdetermined.UnderdeterminedSolve	NumStability.higham21_lemma21_2_single_min_norm_of_nonzero_branch_conservative_ch7_factor_deltaA2_component_op_bounds_quadratic_source_factor	public	theorem	17	NumStability.Algorithms.LinearSystems.Underdetermined.MinimumNorm.Solvers.Executor.Core	relocate_whole	-
NumStability.Algorithms.Underdetermined.UnderdeterminedSolve	NumStability.higham21_lemma21_2_single_min_norm_of_nonzero_branch_conservative_ch7_factor_deltaA_components_common_radius_bound	public	theorem	18	NumStability.Algorithms.LinearSystems.Underdetermined.MinimumNorm.Solvers.Executor.Core	relocate_whole	-
NumStability.Algorithms.Underdetermined.UnderdeterminedSolve	NumStability.higham21_lemma21_2_single_min_norm_of_nonzero_branch_conservative_ch7_factor_deltaA_components_common_rhoG_product_radius_and_size_bound	public	theorem	19	NumStability.Algorithms.LinearSystems.Underdetermined.MinimumNorm.Solvers.Executor.Core	relocate_whole	-
NumStability.Algorithms.Underdetermined.UnderdeterminedSolve	NumStability.higham21_lemma21_2_single_min_norm_of_nonzero_branch_conservative_ch7_factor_deltaA_components_common_rhoG_product_radius_bound	public	theorem	20	NumStability.Algorithms.LinearSystems.Underdetermined.MinimumNorm.Solvers.Executor.Core	relocate_whole	-
NumStability.Algorithms.Underdetermined.UnderdeterminedSolve	NumStability.higham21_lemma21_2_single_min_norm_of_nonzero_branch_conservative_ch7_factor_deltaA_components_op_bounds_quadratic_source_factor	public	theorem	21	NumStability.Algorithms.LinearSystems.Underdetermined.MinimumNorm.Solvers.Executor.Core	relocate_whole	-
NumStability.Algorithms.Underdetermined.UnderdeterminedSolve	NumStability.higham21_lemma21_2_single_min_norm_of_nonzero_branch_conservative_ch7_factor_deltaA_components_rhoG_product_radius_bounds	public	theorem	22	NumStability.Algorithms.LinearSystems.Underdetermined.MinimumNorm.Solvers.Executor.Core	relocate_whole	-
NumStability.Algorithms.Underdetermined.UnderdeterminedSolve	NumStability.higham21_lemma21_2_single_min_norm_of_nonzero_branch_conservative_ch7_factor_deltaA_components_separated_source_bounds	public	theorem	23	NumStability.Algorithms.LinearSystems.Underdetermined.MinimumNorm.Solvers.Executor.Core	relocate_whole	-
NumStability.Algorithms.Underdetermined.UnderdeterminedSolve	NumStability.higham21_lemma21_2_single_min_norm_of_nonzero_branch_conservative_ch7_factor_deltaA_components_source_operator_envelopes	public	theorem	24	NumStability.Algorithms.LinearSystems.Underdetermined.MinimumNorm.Solvers.Executor.Core	relocate_whole	-
NumStability.Algorithms.Underdetermined.UnderdeterminedSolve	NumStability.higham21_lemma21_2_single_min_norm_of_nonzero_branch_conservative_ch7_factor_deltaA_components_source_operator_envelopes_exact_size_common_radius_min_factor_bound	public	theorem	25	NumStability.Algorithms.LinearSystems.Underdetermined.MinimumNorm.Solvers.Executor.Core	relocate_whole	-
NumStability.Algorithms.Underdetermined.UnderdeterminedSolve	NumStability.higham21_lemma21_2_single_min_norm_of_nonzero_branch_conservative_ch7_factor_deltaA_components_source_operator_envelopes_exact_size_common_radius_product_bound	public	theorem	26	NumStability.Algorithms.LinearSystems.Underdetermined.MinimumNorm.Solvers.Executor.Core	relocate_whole	-
NumStability.Algorithms.Underdetermined.UnderdeterminedSolve	NumStability.higham21_lemma21_2_single_min_norm_of_nonzero_branch_conservative_ch7_factor_deltaA_components_source_operator_envelopes_exact_size_common_radius_unit_factor_bound	public	theorem	27	NumStability.Algorithms.LinearSystems.Underdetermined.MinimumNorm.Solvers.Executor.Core	relocate_whole	-
NumStability.Algorithms.Underdetermined.UnderdeterminedSolve	NumStability.higham21_lemma21_2_single_min_norm_of_nonzero_branch_conservative_ch7_factor_deltaA_components_source_operator_envelopes_exact_size_eps_branch_radius_min_factor_bound	public	theorem	28	NumStability.Algorithms.LinearSystems.Underdetermined.MinimumNorm.Solvers.Executor.Core	relocate_whole	-
NumStability.Algorithms.Underdetermined.UnderdeterminedSolve	NumStability.higham21_lemma21_2_single_min_norm_of_nonzero_branch_conservative_ch7_factor_deltaA_components_source_operator_envelopes_exact_size_eps_combined_factor_self_radius_global_bounds	public	theorem	29	NumStability.Algorithms.LinearSystems.Underdetermined.MinimumNorm.Solvers.Executor.Core	relocate_whole	-
NumStability.Algorithms.Underdetermined.UnderdeterminedSolve	NumStability.higham21_lemma21_2_single_min_norm_of_nonzero_branch_conservative_ch7_factor_deltaA_components_source_operator_envelopes_exact_size_eps_common_radius_common_smallness_factor_cap_bound	public	theorem	30	NumStability.Algorithms.LinearSystems.Underdetermined.MinimumNorm.Solvers.Executor.Core	relocate_whole	-
NumStability.Algorithms.Underdetermined.UnderdeterminedSolve	NumStability.higham21_lemma21_2_single_min_norm_of_nonzero_branch_conservative_ch7_factor_deltaA_components_source_operator_envelopes_exact_size_eps_common_radius_common_smallness_factor_cap_global_bounds	public	theorem	31	NumStability.Algorithms.LinearSystems.Underdetermined.MinimumNorm.Solvers.Executor.Core	relocate_whole	-
NumStability.Algorithms.Underdetermined.UnderdeterminedSolve	NumStability.higham21_lemma21_2_single_min_norm_of_nonzero_branch_conservative_ch7_factor_deltaA_components_source_operator_envelopes_exact_size_eps_common_radius_common_smallness_factor_cap_min_bound	public	theorem	32	NumStability.Algorithms.LinearSystems.Underdetermined.MinimumNorm.Solvers.Executor.Core	relocate_whole	-
NumStability.Algorithms.Underdetermined.UnderdeterminedSolve	NumStability.higham21_lemma21_2_single_min_norm_of_nonzero_branch_conservative_ch7_factor_deltaA_components_source_operator_envelopes_exact_size_eps_common_radius_common_smallness_min_factor_bound	public	theorem	33	NumStability.Algorithms.LinearSystems.Underdetermined.MinimumNorm.Solvers.Executor.Core	relocate_whole	-
NumStability.Algorithms.Underdetermined.UnderdeterminedSolve	NumStability.higham21_lemma21_2_single_min_norm_of_nonzero_branch_conservative_ch7_factor_deltaA_components_source_operator_envelopes_exact_size_eps_common_radius_common_smallness_min_factor_global_bounds	public	theorem	34	NumStability.Algorithms.LinearSystems.Underdetermined.MinimumNorm.Solvers.Executor.Core	relocate_whole	-
NumStability.Algorithms.Underdetermined.UnderdeterminedSolve	NumStability.higham21_lemma21_2_single_min_norm_of_nonzero_branch_conservative_ch7_factor_deltaA_components_source_operator_envelopes_exact_size_eps_common_radius_min_factor_bound	public	theorem	35	NumStability.Algorithms.LinearSystems.Underdetermined.MinimumNorm.Solvers.Executor.Core	relocate_whole	-
NumStability.Algorithms.Underdetermined.UnderdeterminedSolve	NumStability.higham21_lemma21_2_single_min_norm_of_nonzero_branch_conservative_ch7_factor_deltaA_components_source_operator_envelopes_exact_size_eps_common_radius_printed_smallness_common_radius_combined_factor_global_bounds	public	theorem	36	NumStability.Algorithms.LinearSystems.Underdetermined.MinimumNorm.Solvers.Executor.Core	relocate_whole	-
NumStability.Algorithms.Underdetermined.UnderdeterminedSolve	NumStability.higham21_lemma21_2_single_min_norm_of_nonzero_branch_conservative_ch7_factor_deltaA_components_source_operator_envelopes_exact_size_eps_common_radius_printed_smallness_max_radius_combined_factor_global_bounds	public	theorem	37	NumStability.Algorithms.LinearSystems.Underdetermined.MinimumNorm.Solvers.Executor.Core	relocate_whole	-
NumStability.Algorithms.Underdetermined.UnderdeterminedSolve	NumStability.higham21_lemma21_2_single_min_norm_of_nonzero_branch_conservative_ch7_factor_deltaA_components_source_operator_envelopes_exact_size_eps_common_radius_printed_smallness_max_radius_min_factor_global_bounds	public	theorem	38	NumStability.Algorithms.LinearSystems.Underdetermined.MinimumNorm.Solvers.Executor.Core	relocate_whole	-
NumStability.Algorithms.Underdetermined.UnderdeterminedSolve	NumStability.higham21_lemma21_2_single_min_norm_of_nonzero_branch_conservative_ch7_factor_deltaA_components_source_operator_envelopes_exact_size_eps_common_radius_printed_smallness_min_factor_global_bounds	public	theorem	39	NumStability.Algorithms.LinearSystems.Underdetermined.MinimumNorm.Solvers.Executor.Core	relocate_whole	-
NumStability.Algorithms.Underdetermined.UnderdeterminedSolve	NumStability.higham21_lemma21_2_single_min_norm_of_nonzero_branch_conservative_ch7_factor_deltaA_components_source_operator_envelopes_exact_size_eps_self_radius_factor_bound	public	theorem	40	NumStability.Algorithms.LinearSystems.Underdetermined.MinimumNorm.Solvers.Executor.Core	relocate_whole	-
NumStability.Algorithms.Underdetermined.UnderdeterminedSolve	NumStability.higham21_lemma21_2_single_min_norm_of_nonzero_branch_conservative_ch7_factor_deltaA_components_source_operator_envelopes_exact_size_eps_self_radius_global_bounds	public	theorem	41	NumStability.Algorithms.LinearSystems.Underdetermined.MinimumNorm.Solvers.Executor.Core	relocate_whole	-
NumStability.Algorithms.Underdetermined.UnderdeterminedSolve	NumStability.higham21_lemma21_2_single_min_norm_of_nonzero_branch_conservative_ch7_factor_deltaA_components_source_operator_envelopes_product_size	public	theorem	42	NumStability.Algorithms.LinearSystems.Underdetermined.MinimumNorm.Solvers.Executor.Core	relocate_whole	-
NumStability.Algorithms.Underdetermined.UnderdeterminedSolve	NumStability.higham21_lemma21_2_single_min_norm_of_nonzero_branch_conservative_ch7_factor_deltaA_components_source_operator_envelopes_product_size_common_radius_product_bound_of_source_nonneg	public	theorem	43	NumStability.Algorithms.LinearSystems.Underdetermined.MinimumNorm.Solvers.Executor.Core	relocate_whole	-
NumStability.Algorithms.Underdetermined.UnderdeterminedSolve	NumStability.higham21_lemma21_2_single_min_norm_of_nonzero_branch_conservative_ch7_factor_deltaA_components_source_operator_envelopes_product_size_source_radius_product_bound	public	theorem	44	NumStability.Algorithms.LinearSystems.Underdetermined.MinimumNorm.Solvers.Executor.Core	relocate_whole	-
NumStability.Algorithms.Underdetermined.UnderdeterminedSolve	NumStability.higham21_lemma21_2_single_min_norm_of_nonzero_branch_conservative_ch7_factor_deltaA_components_source_operator_envelopes_product_size_source_radius_product_bound_of_source_nonneg	public	theorem	45	NumStability.Algorithms.LinearSystems.Underdetermined.MinimumNorm.Solvers.Executor.Core	relocate_whole	-
NumStability.Algorithms.Underdetermined.UnderdeterminedSolve	NumStability.higham21_lemma21_2_single_min_norm_of_nonzero_branch_conservative_ch7_factor_deltaA_components_source_operator_envelopes_product_size_source_radius_split_cap	public	theorem	46	NumStability.Algorithms.LinearSystems.Underdetermined.MinimumNorm.Solvers.Executor.Core	relocate_whole	-
NumStability.Algorithms.Underdetermined.UnderdeterminedSolve	NumStability.higham21_lemma21_2_single_min_norm_of_nonzero_branch_conservative_ch7_factor_deltaA_components_source_radius_bound	public	theorem	47	NumStability.Algorithms.LinearSystems.Underdetermined.MinimumNorm.Solvers.Executor.Core	relocate_whole	-
NumStability.Algorithms.Underdetermined.UnderdeterminedSolve	NumStability.higham21_lemma21_2_single_min_norm_of_nonzero_branch_conservative_ch7_factor_deltaA_components_source_radius_cap	public	theorem	48	NumStability.Algorithms.LinearSystems.Underdetermined.MinimumNorm.Solvers.Executor.Core	relocate_whole	-
NumStability.Algorithms.Underdetermined.UnderdeterminedSolve	NumStability.higham21_lemma21_2_single_min_norm_of_nonzero_branch_conservative_ch7_factor_deltaA_components_source_radius_product_cap	public	theorem	49	NumStability.Algorithms.LinearSystems.Underdetermined.MinimumNorm.Solvers.Executor.Core	relocate_whole	-
NumStability.Algorithms.Underdetermined.UnderdeterminedSolve	NumStability.higham21_lemma21_2_single_min_norm_of_nonzero_branch_conservative_ch7_factor_deltaA_components_source_radius_split_cap	public	theorem	50	NumStability.Algorithms.LinearSystems.Underdetermined.MinimumNorm.Solvers.Executor.Core	relocate_whole	-
NumStability.Algorithms.Underdetermined.UnderdeterminedSolve	NumStability.higham21_lemma21_2_single_min_norm_of_nonzero_branch_conservative_ch7_factor_deltaA_components_tauA_op_rhoG_product_bounds	public	theorem	51	NumStability.Algorithms.LinearSystems.Underdetermined.MinimumNorm.Solvers.Executor.Core	relocate_whole	-
NumStability.Algorithms.Underdetermined.UnderdeterminedSolve	NumStability.higham21_lemma21_2_single_min_norm_of_nonzero_branch_conservative_ch7_factor_deltaA_components_tauA_op_rhoG_product_bounds_of_eps_nonneg	public	theorem	52	NumStability.Algorithms.LinearSystems.Underdetermined.MinimumNorm.Solvers.Executor.Core	relocate_whole	-
NumStability.Algorithms.Underdetermined.UnderdeterminedSolve	NumStability.higham21_lemma21_2_single_min_norm_of_nonzero_branch_conservative_ch7_factor_deltaA_components_tauA_op_rhoG_product_bounds_of_operator_envelopes	public	theorem	53	NumStability.Algorithms.LinearSystems.Underdetermined.MinimumNorm.Solvers.Executor.Core	relocate_whole	-
NumStability.Algorithms.Underdetermined.UnderdeterminedSolve	NumStability.higham21_lemma21_2_single_min_norm_of_nonzero_branch_conservative_ch7_factor_half_radius_of_componentwise_data_bound	public	theorem	54	NumStability.Algorithms.LinearSystems.Underdetermined.MinimumNorm.Solvers.Executor.Core	relocate_whole	-
NumStability.Algorithms.Underdetermined.UnderdeterminedSolve	NumStability.higham21_lemma21_2_single_min_norm_of_nonzero_branch_conservative_ch7_factor_of_componentwise_data_bound	public	theorem	55	NumStability.Algorithms.LinearSystems.Underdetermined.MinimumNorm.Solvers.Executor.Core	relocate_whole	-
NumStability.Algorithms.Underdetermined.UnderdeterminedSolve	NumStability.higham21_lemma21_2_single_min_norm_of_nonzero_branch_conservative_ch7_factor_op_norm_bounds_of_componentwise_data_bound	public	theorem	56	NumStability.Algorithms.LinearSystems.Underdetermined.MinimumNorm.Solvers.Executor.Core	relocate_whole	-
NumStability.Algorithms.Underdetermined.UnderdeterminedSolve	NumStability.higham21_lemma21_2_single_min_norm_of_nonzero_branch_conservative_ch7_factor_radius_of_componentwise_data_bound	public	theorem	57	NumStability.Algorithms.LinearSystems.Underdetermined.MinimumNorm.Solvers.Executor.Core	relocate_whole	-
NumStability.Algorithms.Underdetermined.UnderdeterminedSolve	NumStability.higham21_lemma21_2_single_min_norm_of_nonzero_branch_conservative_ch7_factor_radius_row_norm_budget_bounds_of_componentwise_data_bound	public	theorem	58	NumStability.Algorithms.LinearSystems.Underdetermined.MinimumNorm.Solvers.Executor.Core	relocate_whole	-
NumStability.Algorithms.Underdetermined.UnderdeterminedSolve	NumStability.higham21_lemma21_2_single_min_norm_of_nonzero_branch_conservative_ch7_factor_radius_source_bounds_of_componentwise_data_bound	public	theorem	59	NumStability.Algorithms.LinearSystems.Underdetermined.MinimumNorm.Solvers.Executor.Core	relocate_whole	-
NumStability.Algorithms.Underdetermined.UnderdeterminedSolve	NumStability.higham21_lemma21_2_single_min_norm_of_nonzero_branch_conservative_ch7_factor_radius_source_budget_bounds_of_componentwise_data_bound	public	theorem	60	NumStability.Algorithms.LinearSystems.Underdetermined.MinimumNorm.Solvers.Executor.Core	relocate_whole	-
NumStability.Algorithms.Underdetermined.UnderdeterminedSolve	NumStability.higham21_lemma21_2_single_min_norm_of_nonzero_branch_conservative_ch7_factor_row_norm_bounds_of_componentwise_data_bound	public	theorem	61	NumStability.Algorithms.LinearSystems.Underdetermined.MinimumNorm.Solvers.Executor.Core	relocate_whole	-
NumStability.Algorithms.Underdetermined.UnderdeterminedSolve	NumStability.higham21_lemma21_2_single_min_norm_of_nonzero_branch_conservative_ch7_factor_row_norm_infNorm_bounds_of_componentwise_data_bound	public	theorem	62	NumStability.Algorithms.LinearSystems.Underdetermined.MinimumNorm.Solvers.Executor.Core	relocate_whole	-
NumStability.Algorithms.Underdetermined.UnderdeterminedSolve	NumStability.higham21_lemma21_2_single_min_norm_of_nonzero_branch_gram_inverse_source_bounds	public	theorem	63	NumStability.Algorithms.LinearSystems.Underdetermined.MinimumNorm.Solvers.Executor.Core	relocate_whole	-
NumStability.Algorithms.Underdetermined.UnderdeterminedSolve	NumStability.higham21_lemma21_2_single_min_norm_of_nonzero_branch_gram_inverse_source_bounds_of_abs_left_product_bound	public	theorem	64	NumStability.Algorithms.LinearSystems.Underdetermined.MinimumNorm.Solvers.Executor.Core	relocate_whole	-
NumStability.Algorithms.Underdetermined.UnderdeterminedSolve	NumStability.higham21_lemma21_2_single_min_norm_of_nonzero_branch_gram_inverse_source_bounds_of_componentwise_data_bound	public	theorem	65	NumStability.Algorithms.LinearSystems.Underdetermined.MinimumNorm.Solvers.Executor.Core	relocate_whole	-
NumStability.Algorithms.Underdetermined.UnderdeterminedSolve	NumStability.higham21_lemma21_2_single_min_norm_of_nonzero_branch_gram_inverse_source_bounds_of_componentwise_gram_bound	public	theorem	66	NumStability.Algorithms.LinearSystems.Underdetermined.MinimumNorm.Solvers.Executor.Core	relocate_whole	-
NumStability.Algorithms.Underdetermined.UnderdeterminedSolve	NumStability.higham21_lemma21_2_single_min_norm_of_nonzero_branch_source_factors	public	theorem	67	NumStability.Algorithms.LinearSystems.Underdetermined.MinimumNorm.Solvers.Executor.Core	relocate_whole	-
NumStability.Algorithms.Underdetermined.UnderdeterminedSolve	NumStability.higham21_lemma21_2_single_min_norm_of_pseudoinverse_products	public	theorem	68	NumStability.Algorithms.LinearSystems.Underdetermined.MinimumNorm.Solvers.Executor.Core	relocate_whole	-
NumStability.Algorithms.Underdetermined.UnderdeterminedSolve	NumStability.higham21_lemma21_2_single_perturbation_frob_bound	public	theorem	69	NumStability.Algorithms.LinearSystems.Underdetermined.MinimumNorm.Solvers.Executor.Core	relocate_whole	-
NumStability.Algorithms.Underdetermined.UnderdeterminedSolve	NumStability.higham21_lemma21_2_single_perturbation_op_bound	public	theorem	70	NumStability.Algorithms.LinearSystems.Underdetermined.MinimumNorm.Solvers.Executor.Core	relocate_whole	-
NumStability.Algorithms.Underdetermined.UnderdeterminedSolve	NumStability.higham21_lemma21_2_single_perturbation_row_bound	public	theorem	71	NumStability.Algorithms.LinearSystems.Underdetermined.MinimumNorm.Solvers.Executor.Core	relocate_whole	-
NumStability.Algorithms.Underdetermined.UnderdeterminedSolve	NumStability.higham21_lemma21_2_single_perturbation_row_bound_of_common_row_bound	public	theorem	72	NumStability.Algorithms.LinearSystems.Underdetermined.MinimumNorm.Solvers.Executor.Core	relocate_whole	-
NumStability.Algorithms.Underdetermined.UnderdeterminedSolve	NumStability.higham21_lemma21_2_source_bundle	public	theorem	73	NumStability.Algorithms.LinearSystems.Underdetermined.MinimumNorm.Solvers.Executor.Core	relocate_whole	-
NumStability.Algorithms.Underdetermined.UnderdeterminedSolve	NumStability.higham21_lemma21_2_symmetrized_min_norm_of_abs_inner_fraction_bound	public	theorem	74	NumStability.Algorithms.LinearSystems.Underdetermined.MinimumNorm.Solvers.Executor.Core	relocate_whole	-
NumStability.Algorithms.Underdetermined.UnderdeterminedSolve	NumStability.higham21_lemma21_2_symmetrized_min_norm_of_beta_lower_bound	public	theorem	75	NumStability.Algorithms.LinearSystems.Underdetermined.MinimumNorm.Solvers.Executor.Core	relocate_whole	-
NumStability.Algorithms.Underdetermined.UnderdeterminedSolve	NumStability.higham21_lemma21_2_symmetrized_min_norm_of_beta_ne_zero	public	theorem	76	NumStability.Algorithms.LinearSystems.Underdetermined.MinimumNorm.Solvers.Executor.Core	relocate_whole	-
NumStability.Algorithms.Underdetermined.UnderdeterminedSolve	NumStability.higham21_lemma21_2_symmetrized_min_norm_of_gram_pseudoinverse_bound	public	theorem	77	NumStability.Algorithms.LinearSystems.Underdetermined.MinimumNorm.Solvers.Executor.Core	relocate_whole	-
NumStability.Algorithms.Underdetermined.UnderdeterminedSolve	NumStability.higham21_lemma21_2_symmetrized_min_norm_of_gram_pseudoinverse_product_bound	public	theorem	78	NumStability.Algorithms.LinearSystems.Underdetermined.MinimumNorm.Solvers.Executor.Core	relocate_whole	-
NumStability.Algorithms.Underdetermined.UnderdeterminedSolve	NumStability.higham21_lemma21_2_symmetrized_min_norm_of_gram_pseudoinverse_product_budget	public	theorem	79	NumStability.Algorithms.LinearSystems.Underdetermined.MinimumNorm.Solvers.Executor.Core	relocate_whole	-
NumStability.Algorithms.Underdetermined.UnderdeterminedSolve	NumStability.higham21_lemma21_2_symmetrized_min_norm_of_gram_pseudoinverse_range	public	theorem	80	NumStability.Algorithms.LinearSystems.Underdetermined.MinimumNorm.Solvers.Executor.Core	relocate_whole	-
NumStability.Algorithms.Underdetermined.UnderdeterminedSolve	NumStability.higham21_lemma21_2_symmetrized_min_norm_of_gram_pseudoinverse_source_factors	public	theorem	81	NumStability.Algorithms.LinearSystems.Underdetermined.MinimumNorm.Solvers.Executor.Core	relocate_whole	-
NumStability.Algorithms.Underdetermined.UnderdeterminedSolve	NumStability.higham21_lemma21_2_symmetrized_min_norm_of_moore_penrose_pseudoinverse_bound	public	theorem	82	NumStability.Algorithms.LinearSystems.Underdetermined.MinimumNorm.Solvers.Executor.Core	relocate_whole	-
NumStability.Algorithms.Underdetermined.UnderdeterminedSolve	NumStability.higham21_lemma21_2_symmetrized_min_norm_of_op_bound_and_dual_norm	public	theorem	83	NumStability.Algorithms.LinearSystems.Underdetermined.MinimumNorm.Solvers.Executor.Core	relocate_whole	-
NumStability.Algorithms.Underdetermined.UnderdeterminedSolve	NumStability.higham21_lemma21_2_symmetrized_min_norm_of_pseudoinverse_product_bound	public	theorem	84	NumStability.Algorithms.LinearSystems.Underdetermined.MinimumNorm.Solvers.Executor.Core	relocate_whole	-
NumStability.Algorithms.Underdetermined.UnderdeterminedSolve	NumStability.higham21_lemma21_2_symmetrized_min_norm_of_separate_op_bounds_and_dual_factor	public	theorem	85	NumStability.Algorithms.LinearSystems.Underdetermined.MinimumNorm.Solvers.Executor.Core	relocate_whole	-
NumStability.Algorithms.Underdetermined.UnderdeterminedSolve	NumStability.higham21_lemma21_2_symmetrized_min_norm_of_separate_op_bounds_and_dual_norm	public	theorem	86	NumStability.Algorithms.LinearSystems.Underdetermined.MinimumNorm.Solvers.Executor.Core	relocate_whole	-
NumStability.Algorithms.Underdetermined.UnderdeterminedSolve	NumStability.higham21_lemma21_2_symmetrized_min_norm_of_separate_op_bounds_and_perturbed_pseudoinverse	public	theorem	87	NumStability.Algorithms.LinearSystems.Underdetermined.MinimumNorm.Solvers.Executor.Core	relocate_whole	-
NumStability.Algorithms.Underdetermined.UnderdeterminedSolve	NumStability.higham21_lemma21_2_symmetrized_min_norm_of_transpose_action_bound	public	theorem	88	NumStability.Algorithms.LinearSystems.Underdetermined.MinimumNorm.Solvers.Executor.Core	relocate_whole	-
NumStability.Algorithms.Underdetermined.UnderdeterminedSolve	NumStability.higham21_lemma21_2_symmetrized_min_norm_of_transpose_range	public	theorem	89	NumStability.Algorithms.LinearSystems.Underdetermined.MinimumNorm.Solvers.Executor.Core	relocate_whole	-
NumStability.Algorithms.Underdetermined.UnderdeterminedSolve	NumStability.higham21_lemma21_2_symmetrized_perturbation_mulVec_self_eq	public	theorem	90	NumStability.Algorithms.LinearSystems.Underdetermined.MinimumNorm.Solvers.Executor.Core	relocate_whole	-
NumStability.Algorithms.Underdetermined.UnderdeterminedSolve	NumStability.higham21_lemma21_2_symmetrized_system_mulVec_self_eq	public	theorem	91	NumStability.Algorithms.LinearSystems.Underdetermined.MinimumNorm.Solvers.Executor.Core	relocate_whole	-
NumStability.Algorithms.Underdetermined.UnderdeterminedSolve	NumStability.higham21_lemma21_2_symmetrized_system_mulVec_self_of_deltaA1	public	theorem	92	NumStability.Algorithms.LinearSystems.Underdetermined.MinimumNorm.Solvers.Executor.Core	relocate_whole	-
NumStability.Algorithms.Underdetermined.UnderdeterminedSolve	NumStability.higham21_lemma21_2_symmetrized_transpose_mulVec_eq_beta_smul	public	theorem	93	NumStability.Algorithms.LinearSystems.Underdetermined.MinimumNorm.Solvers.Executor.Core	relocate_whole	-
NumStability.Algorithms.Underdetermined.UnderdeterminedSolve	NumStability.higham21_theorem21_4_computed_qhat_rowwise_backward_stable_gamma	public	theorem	94	NumStability.Algorithms.LinearSystems.Underdetermined.MinimumNorm.Solvers.Executor.Core	relocate_whole	-
NumStability.Algorithms.Underdetermined.UnderdeterminedSolve	NumStability.higham21_theorem21_4_computed_qhat_rowwise_backward_stable_of_cond2_smallness	public	theorem	95	NumStability.Algorithms.LinearSystems.Underdetermined.MinimumNorm.Solvers.Executor.Core	relocate_whole	-
NumStability.Algorithms.Underdetermined.UnderdeterminedSolve	NumStability.higham21_theorem21_4_forwardSub_rowwise_backward_error_handoff	public	theorem	96	NumStability.Algorithms.LinearSystems.Underdetermined.MinimumNorm.Solvers.Executor.Core	relocate_whole	-
NumStability.Algorithms.Underdetermined.UnderdeterminedSolve	NumStability.higham21_theorem21_4_forwardSub_rowwise_backward_error_handoff_of_gammaValid2	public	theorem	97	NumStability.Algorithms.LinearSystems.Underdetermined.MinimumNorm.Solvers.Executor.Core	relocate_whole	-
NumStability.Algorithms.Underdetermined.UnderdeterminedSolve	NumStability.higham21_theorem21_4_forwardSub_single_perturbation_rowwise_backward_error_handoff_of_gammaValid2	public	theorem	98	NumStability.Algorithms.LinearSystems.Underdetermined.MinimumNorm.Solvers.Executor.Core	relocate_whole	-
NumStability.Algorithms.Underdetermined.UnderdeterminedSolve	_private.NumStability.Algorithms.Underdetermined.UnderdeterminedSolve.0.NumStability.higham21_lemma21_2_symmetrized_perturbation_eq_deltaA2_add_H_projector	private	theorem	99	NumStability.Algorithms.LinearSystems.Underdetermined.MinimumNorm.Solvers.Executor.Core	relocate_whole	module-scoped mangle rename
NumStability.Algorithms.Underdetermined.UnderdeterminedSolve	_private.NumStability.Algorithms.Underdetermined.UnderdeterminedSolve.0.NumStability.higham21_matMulRectRight_projector_transpose_mulVec	private	theorem	100	NumStability.Algorithms.LinearSystems.Underdetermined.MinimumNorm.Solvers.Executor.Core	relocate_whole	module-scoped mangle rename
NumStability.Algorithms.Underdetermined.UnderdeterminedSolve	_private.NumStability.Algorithms.Underdetermined.UnderdeterminedSolve.0.NumStability.higham21_rectMatMulVec_matMulRectRight	private	theorem	101	NumStability.Algorithms.LinearSystems.Underdetermined.MinimumNorm.Solvers.Executor.Core	relocate_whole	module-scoped mangle rename
NumStability.Algorithms.Underdetermined.UnderdeterminedSolve	_private.NumStability.Algorithms.Underdetermined.UnderdeterminedSolve.0.NumStability.higham21_right_nonneg_le_sqrt_sq_add_sq	private	theorem	102	NumStability.Algorithms.LinearSystems.Underdetermined.MinimumNorm.Solvers.Executor.Core	relocate_whole	module-scoped mangle rename
NumStability.Algorithms.Underdetermined.UnderdeterminedSolve	_private.NumStability.Algorithms.Underdetermined.UnderdeterminedSolve.0.NumStability.higham21_sqrt_sq_add_sq_le_sqrt_two_mul	private	theorem	103	NumStability.Algorithms.LinearSystems.Underdetermined.MinimumNorm.Solvers.Executor.Core	relocate_whole	module-scoped mangle rename
NumStability.Source.Higham.Chapter20.Equations	NumStability.higham20Eq20_13aLeading	public	definition	0	NumStability.Source.Higham.Chapter20.Equations.Core.Results	umbrella_extract	-
NumStability.Source.Higham.Chapter20.Equations	NumStability.higham20Eq20_13aRemainder	public	definition	1	NumStability.Source.Higham.Chapter20.Equations.Core.Results	umbrella_extract	-
NumStability.Source.Higham.Chapter20.Equations	NumStability.higham20Eq20_13bLeading	public	definition	2	NumStability.Source.Higham.Chapter20.Equations.Core.Results	umbrella_extract	-
NumStability.Source.Higham.Chapter20.Equations	NumStability.higham20Eq20_13bRemainder	public	definition	3	NumStability.Source.Higham.Chapter20.Equations.Core.Results	umbrella_extract	-
NumStability.Source.Higham.Chapter20.Equations	NumStability.higham20Eq20_16ComputedResidual	public	definition	4	NumStability.Source.Higham.Chapter20.Equations.Core.Results	umbrella_extract	-
NumStability.Source.Higham.Chapter20.Equations	NumStability.higham20Eq20_16Matrix	public	definition	5	NumStability.Source.Higham.Chapter20.Equations.Core.Results	umbrella_extract	-
NumStability.Source.Higham.Chapter20.Equations	NumStability.higham20Eq20_16Matrix_eq_lsScaledAugmentedMatrix_one	public	theorem	6	NumStability.Source.Higham.Chapter20.Equations.Core.Results	umbrella_extract	-
NumStability.Source.Higham.Chapter20.Equations	NumStability.higham20Eq20_16Remainder	public	definition	7	NumStability.Source.Higham.Chapter20.Equations.Core.Results	umbrella_extract	-
NumStability.Source.Higham.Chapter20.Equations	NumStability.higham20Eq20_16RoundedUpdate	public	definition	8	NumStability.Source.Higham.Chapter20.Equations.Core.Results	umbrella_extract	-
NumStability.Source.Higham.Chapter20.Equations	NumStability.higham20Eq20_16RoundedUpdate_eq	public	theorem	9	NumStability.Source.Higham.Chapter20.Equations.Core.Results	umbrella_extract	-
NumStability.Source.Higham.Chapter20.Equations	NumStability.higham20Eq20_16UpdateError	public	definition	10	NumStability.Source.Higham.Chapter20.Equations.Core.Results	umbrella_extract	-
NumStability.Source.Higham.Chapter20.Equations	NumStability.higham20Eq20_16UpdateError_abs_le	public	theorem	11	NumStability.Source.Higham.Chapter20.Equations.Core.Results	umbrella_extract	-
NumStability.Source.Higham.Chapter20.Equations	NumStability.higham20_eq20_13a_b_normal_equations_finite	public	theorem	12	NumStability.Source.Higham.Chapter20.Equations.Core.Results	umbrella_extract	-
NumStability.Source.Higham.Chapter20.Equations	NumStability.higham20_eq20_13a_b_normal_equations_source_norms_finite	public	theorem	13	NumStability.Source.Higham.Chapter20.Equations.Core.Results	umbrella_extract	-
NumStability.Source.Higham.Chapter20.Equations	NumStability.higham20_eq20_13a_gamma_coefficient_exact	public	theorem	14	NumStability.Source.Higham.Chapter20.Equations.Core.Results	umbrella_extract	-
NumStability.Source.Higham.Chapter20.Equations	NumStability.higham20_eq20_13b_gamma_coefficient_exact	public	theorem	15	NumStability.Source.Higham.Chapter20.Equations.Core.Results	umbrella_extract	-
NumStability.Source.Higham.Chapter20.Equations	NumStability.higham20_eq20_16_augmented_one_refinement_actual_residual_update	public	theorem	16	NumStability.Source.Higham.Chapter20.Equations.Core.Results	umbrella_extract	-
NumStability.Source.Higham.Chapter20.Equations	NumStability.higham20_eq20_16_augmented_one_refinement_finite	public	theorem	17	NumStability.Source.Higham.Chapter20.Equations.Core.Results	umbrella_extract	-
NumStability.Source.Higham.Chapter20.Equations	NumStability.higham20_problem20_7_scaled_augmented_condition_extremum	public	theorem	18	NumStability.Source.Higham.Chapter20.Equations.Core.Results	umbrella_extract	-
NumStability.Source.Higham.Chapter20.Equations	NumStability.higham20_problem20_7_square_scalar_branch_discrepancy	public	theorem	19	NumStability.Source.Higham.Chapter20.Equations.Core.Results	umbrella_extract	-
NumStability.Source.Higham.Chapter20.Equations	_private.NumStability.Source.Higham.Chapter20.Equations.0.NumStability.higham20Eq20_19_abs_minus_le_balanced_of_balanced_le_alpha	private	theorem	20	NumStability.Source.Higham.Chapter20.Equations.Core.Results	umbrella_extract	module-scoped mangle rename
NumStability.Source.Higham.Chapter20.Equations	_private.NumStability.Source.Higham.Chapter20.Equations.0.NumStability.higham20Eq20_19_plus_div_antitone_until_balanced	private	theorem	21	NumStability.Source.Higham.Chapter20.Equations.Core.Results	umbrella_extract	module-scoped mangle rename
NumStability.Source.Higham.Chapter20.Equations	_private.NumStability.Source.Higham.Chapter20.Equations.0.NumStability.higham20Eq20_19_plus_mono_alpha	private	theorem	22	NumStability.Source.Higham.Chapter20.Equations.Core.Results	umbrella_extract	module-scoped mangle rename
NumStability.Source.Higham.Chapter20.Equations	_private.NumStability.Source.Higham.Chapter20.Equations.0.NumStability.higham20_cholesky_coefficient_le_gamma_3n1	private	theorem	23	NumStability.Source.Higham.Chapter20.Equations.Core.Results	umbrella_extract	module-scoped mangle rename
NumStability.Source.Higham.Chapter20.Lemma11	NumStability.higham20_lemma20_11_equalPositiveRank_pseudoinverse_op2_le	public	theorem	0	NumStability.Source.Higham.Chapter20.Lemma11.Core.Results	umbrella_extract	-
NumStability.Source.Higham.Chapter20.Lemma11	NumStability.higham20_lemma20_11_equalRank_pseudoinverse_op2_le	public	theorem	1	NumStability.Source.Higham.Chapter20.Lemma11.Core.Results	umbrella_extract	-
NumStability.Source.Higham.Chapter20.Lemma11	NumStability.higham20_lemma20_11_pseudoinverse_op2_eq_recip_rankSingular	public	theorem	2	NumStability.Source.Higham.Chapter20.Lemma11.Core.Results	umbrella_extract	-
NumStability.Source.Higham.Chapter20.Lemma11	NumStability.higham20_lemma20_11_pseudoinverse_op2_le_recip_rankSingular	public	theorem	3	NumStability.Source.Higham.Chapter20.Lemma11.Core.Results	umbrella_extract	-
NumStability.Source.Higham.Chapter20.Lemma11	_private.NumStability.Source.Higham.Chapter20.Lemma11.0.NumStability.complexMatrixRank_adjoint	private	theorem	4	NumStability.Source.Higham.Chapter20.Lemma11.Core.Results	umbrella_extract	module-scoped mangle rename
NumStability.Source.Higham.Chapter20.Lemma11	_private.NumStability.Source.Higham.Chapter20.Lemma11.0.NumStability.complex_penrose1	private	theorem	5	NumStability.Source.Higham.Chapter20.Lemma11.Core.Results	umbrella_extract	module-scoped mangle rename
NumStability.Source.Higham.Chapter20.Lemma11	_private.NumStability.Source.Higham.Chapter20.Lemma11.0.NumStability.complex_penrose2	private	theorem	6	NumStability.Source.Higham.Chapter20.Lemma11.Core.Results	umbrella_extract	module-scoped mangle rename
NumStability.Source.Higham.Chapter20.Lemma11	_private.NumStability.Source.Higham.Chapter20.Lemma11.0.NumStability.complexification_eq_adjoint_of_symmetric	private	theorem	7	NumStability.Source.Higham.Chapter20.Lemma11.Core.Results	umbrella_extract	module-scoped mangle rename
NumStability.Source.Higham.Chapter20.Lemma11	_private.NumStability.Source.Higham.Chapter20.Lemma11.0.NumStability.domainProjection_fixes_adjointRange	private	theorem	8	NumStability.Source.Higham.Chapter20.Lemma11.Core.Results	umbrella_extract	module-scoped mangle rename
NumStability.Source.Higham.Chapter20.Lemma11	_private.NumStability.Source.Higham.Chapter20.Lemma11.0.NumStability.finrank_leadSpan	private	theorem	9	NumStability.Source.Higham.Chapter20.Lemma11.Core.Results	umbrella_extract	module-scoped mangle rename
NumStability.Source.Higham.Chapter20.Lemma11	_private.NumStability.Source.Higham.Chapter20.Lemma11.0.NumStability.gramRange_eq_adjointRange	private	theorem	10	NumStability.Source.Higham.Chapter20.Lemma11.Core.Results	umbrella_extract	module-scoped mangle rename
NumStability.Source.Higham.Chapter20.Lemma11	_private.NumStability.Source.Higham.Chapter20.Lemma11.0.NumStability.leadSpan_eq_gramRange_of_rankIndex	private	theorem	11	NumStability.Source.Higham.Chapter20.Lemma11.Core.Results	umbrella_extract	module-scoped mangle rename
NumStability.Source.Higham.Chapter20.Lemma11	_private.NumStability.Source.Higham.Chapter20.Lemma11.0.NumStability.pseudoinverse_eq_zero_of_complexMatrixRank_eq_zero	private	theorem	12	NumStability.Source.Higham.Chapter20.Lemma11.Core.Results	umbrella_extract	module-scoped mangle rename
NumStability.Source.Higham.Chapter20.Lemma11	_private.NumStability.Source.Higham.Chapter20.Lemma11.0.NumStability.pseudoinverse_output_mem_gramRange	private	theorem	13	NumStability.Source.Higham.Chapter20.Lemma11.Core.Results	umbrella_extract	module-scoped mangle rename
NumStability.Source.Higham.Chapter20.Lemma11	_private.NumStability.Source.Higham.Chapter20.Lemma11.0.NumStability.rangeProjection_complex_action_le	private	theorem	14	NumStability.Source.Higham.Chapter20.Lemma11.Core.Results	umbrella_extract	module-scoped mangle rename
NumStability.Source.Higham.Chapter20.Lemma11	_private.NumStability.Source.Higham.Chapter20.Lemma11.0.NumStability.rangeProjection_idempotent	private	theorem	15	NumStability.Source.Higham.Chapter20.Lemma11.Core.Results	umbrella_extract	module-scoped mangle rename
NumStability.Source.Higham.Chapter20.Lemma11	_private.NumStability.Source.Higham.Chapter20.Lemma11.0.NumStability.rangeProjection_rectOpNorm2Le_one	private	theorem	16	NumStability.Source.Higham.Chapter20.Lemma11.Core.Results	umbrella_extract	module-scoped mangle rename
NumStability.Source.Higham.Chapter20.Lemma11	_private.NumStability.Source.Higham.Chapter20.Lemma11.0.NumStability.realRect_diff_euclideanLin_bound	private	theorem	17	NumStability.Source.Higham.Chapter20.Lemma11.Core.Results	umbrella_extract	module-scoped mangle rename
NumStability.Source.Higham.Chapter20.Lemma11	_private.NumStability.Source.Higham.Chapter20.Lemma11.0.NumStability.realRect_eq_zero_of_complexMatrixRank_eq_zero	private	theorem	18	NumStability.Source.Higham.Chapter20.Lemma11.Core.Results	umbrella_extract	module-scoped mangle rename
NumStability.Source.Higham.Chapter20.Lemma11	_private.NumStability.Source.Higham.Chapter20.Lemma11.0.NumStability.singularValue_ne_zero_iff_le_rankIndex	private	theorem	19	NumStability.Source.Higham.Chapter20.Lemma11.Core.Results	umbrella_extract	module-scoped mangle rename
NumStability.Source.Higham.Chapter20.Prose	NumStability.higham20ColumnScaledAplus	public	definition	0	NumStability.Source.Higham.Chapter20.Prose.Core.Results	umbrella_extract	-
NumStability.Source.Higham.Chapter20.Prose	NumStability.higham20ColumnScaledGramInv	public	definition	1	NumStability.Source.Higham.Chapter20.Prose.Core.Results	umbrella_extract	-
NumStability.Source.Higham.Chapter20.Prose	NumStability.higham20ColumnScaledMajorant	public	definition	2	NumStability.Source.Higham.Chapter20.Prose.Core.Results	umbrella_extract	-
NumStability.Source.Higham.Chapter20.Prose	NumStability.higham20ColumnUnscale	public	definition	3	NumStability.Source.Higham.Chapter20.Prose.Core.Results	umbrella_extract	-
NumStability.Source.Higham.Chapter20.Prose	NumStability.higham20Cond2	public	definition	4	NumStability.Source.Higham.Chapter20.Prose.Core.Results	umbrella_extract	-
NumStability.Source.Higham.Chapter20.Prose	NumStability.higham20Cond2Matrix	public	definition	5	NumStability.Source.Higham.Chapter20.Prose.Core.Results	umbrella_extract	-
NumStability.Source.Higham.Chapter20.Prose	NumStability.higham20Cond2Transpose	public	definition	6	NumStability.Source.Higham.Chapter20.Prose.Core.Results	umbrella_extract	-
NumStability.Source.Higham.Chapter20.Prose	NumStability.higham20DeltaExampleA	public	definition	7	NumStability.Source.Higham.Chapter20.Prose.Core.Results	umbrella_extract	-
NumStability.Source.Higham.Chapter20.Prose	NumStability.higham20DeltaExampleB	public	definition	8	NumStability.Source.Higham.Chapter20.Prose.Core.Results	umbrella_extract	-
NumStability.Source.Higham.Chapter20.Prose	NumStability.higham20DeltaExampleDeltaA	public	definition	9	NumStability.Source.Higham.Chapter20.Prose.Core.Results	umbrella_extract	-
NumStability.Source.Higham.Chapter20.Prose	NumStability.higham20DeltaExampleR	public	definition	10	NumStability.Source.Higham.Chapter20.Prose.Core.Results	umbrella_extract	-
NumStability.Source.Higham.Chapter20.Prose	NumStability.higham20DeltaExampleS	public	definition	11	NumStability.Source.Higham.Chapter20.Prose.Core.Results	umbrella_extract	-
NumStability.Source.Higham.Chapter20.Prose	NumStability.higham20DeltaExampleX	public	definition	12	NumStability.Source.Higham.Chapter20.Prose.Core.Results	umbrella_extract	-
NumStability.Source.Higham.Chapter20.Prose	NumStability.higham20DeltaExampleY	public	definition	13	NumStability.Source.Higham.Chapter20.Prose.Core.Results	umbrella_extract	-
NumStability.Source.Higham.Chapter20.Prose	NumStability.higham20_column_scaling_data_majorant_invariant	public	theorem	14	NumStability.Source.Higham.Chapter20.Prose.Core.Results	umbrella_extract	-
NumStability.Source.Higham.Chapter20.Prose	NumStability.higham20_column_scaling_projection_invariant	public	theorem	15	NumStability.Source.Higham.Chapter20.Prose.Core.Results	umbrella_extract	-
NumStability.Source.Higham.Chapter20.Prose	NumStability.higham20_column_scaling_transpose_majorant	public	theorem	16	NumStability.Source.Higham.Chapter20.Prose.Core.Results	umbrella_extract	-
NumStability.Source.Higham.Chapter20.Prose	NumStability.higham20_cond2Transpose_column_scaling_invariant	public	theorem	17	NumStability.Source.Higham.Chapter20.Prose.Core.Results	umbrella_extract	-
NumStability.Source.Higham.Chapter20.Prose	NumStability.higham20_delta_example_normal_equations	public	theorem	18	NumStability.Source.Higham.Chapter20.Prose.Core.Results	umbrella_extract	-
NumStability.Source.Higham.Chapter20.Prose	NumStability.higham20_delta_example_perturbed_identities	public	theorem	19	NumStability.Source.Higham.Chapter20.Prose.Core.Results	umbrella_extract	-
NumStability.Source.Higham.Chapter20.Prose	NumStability.higham20_delta_example_relative_changes	public	theorem	20	NumStability.Source.Higham.Chapter20.Prose.Core.Results	umbrella_extract	-
NumStability.Source.Higham.Chapter20.Prose	NumStability.higham20_delta_example_unperturbed_identities	public	theorem	21	NumStability.Source.Higham.Chapter20.Prose.Core.Results	umbrella_extract	-
NumStability.Source.Higham.Chapter20.Prose	NumStability.higham20_eq20_7_column_scaling_invariant	public	theorem	22	NumStability.Source.Higham.Chapter20.Prose.Core.Results	umbrella_extract	-
NumStability.Source.Higham.Chapter20.Prose	NumStability.higham20_eq20_8_column_scaling_covariant	public	theorem	23	NumStability.Source.Higham.Chapter20.Prose.Core.Results	umbrella_extract	-
NumStability.Source.Higham.Chapter20.Prose	NumStability.higham20_van_der_sluis_column_normalization	public	theorem	24	NumStability.Source.Higham.Chapter20.Prose.Core.Results	umbrella_extract	-
NumStability.Source.Higham.Chapter20.Theorem03	NumStability.Theorem20_3.computedC	public	definition	0	NumStability.Source.Higham.Chapter20.Theorem03.Core.Results	umbrella_extract	-
NumStability.Source.Higham.Chapter20.Theorem03	NumStability.Theorem20_3.computedR	public	definition	1	NumStability.Source.Higham.Chapter20.Theorem03.Core.Results	umbrella_extract	-
NumStability.Source.Higham.Chapter20.Theorem03	NumStability.Theorem20_3.computedX	public	definition	2	NumStability.Source.Higham.Chapter20.Theorem03.Core.Results	umbrella_extract	-
NumStability.Source.Higham.Chapter20.Theorem03	NumStability.Theorem20_3.gammaIndex	public	definition	3	NumStability.Source.Higham.Chapter20.Theorem03.Core.Results	umbrella_extract	-
NumStability.Source.Higham.Chapter20.Theorem03	NumStability.Theorem20_3.gamma_tilde_mn	public	definition	4	NumStability.Source.Higham.Chapter20.Theorem03.Core.Results	umbrella_extract	-
NumStability.Source.Higham.Chapter20.Theorem03	NumStability.Theorem20_3.householder_qr_fl_backSub_backward_error	public	theorem	5	NumStability.Source.Higham.Chapter20.Theorem03.Core.Results	umbrella_extract	-
NumStability.Source.Higham.Chapter20.Theorem03	NumStability.Theorem20_3.matrixCoeff	public	definition	6	NumStability.Source.Higham.Chapter20.Theorem03.Core.Results	umbrella_extract	-
NumStability.Source.Higham.Chapter20.Theorem03	NumStability.Theorem20_3.rhsCoeff	public	definition	7	NumStability.Source.Higham.Chapter20.Theorem03.Core.Results	umbrella_extract	-
NumStability.Source.Higham.Chapter20.Theorem04	NumStability.LSAsymmetricAugmentedSystem.exists_exact_qr_solution_of_fl_householderQRPanel_theorem20_4_printed_total_perturbations	public	theorem	0	NumStability.Source.Higham.Chapter20.Theorem04.Core.Results	umbrella_extract	-
NumStability.Source.Higham.Chapter20.Theorem04	NumStability.LSAsymmetricAugmentedSystem.exists_exact_qr_solution_with_source_bounds_and_qr_relation	public	theorem	1	NumStability.Source.Higham.Chapter20.Theorem04.Core.Results	umbrella_extract	-
NumStability.Source.Higham.Chapter20.Theorem04	NumStability.higham20Theorem20_4NormalizedWitness	public	definition	2	NumStability.Source.Higham.Chapter20.Theorem04.Core.Results	umbrella_extract	-
NumStability.Source.Higham.Chapter20.Theorem04	NumStability.higham20Theorem20_4NormalizedWitness_frobNorm	public	theorem	3	NumStability.Source.Higham.Chapter20.Theorem04.Core.Results	umbrella_extract	-
NumStability.Source.Higham.Chapter20.Theorem04	NumStability.higham20Theorem20_4NormalizedWitness_nonneg	public	theorem	4	NumStability.Source.Higham.Chapter20.Theorem04.Core.Results	umbrella_extract	-
NumStability.Source.Higham.Chapter20.Theorem04	NumStability.higham20Theorem20_4_exists_unit_witness_of_left_domination	public	theorem	5	NumStability.Source.Higham.Chapter20.Theorem04.Core.Results	umbrella_extract	-
NumStability.Source.Higham.Chapter20.Theorem04	NumStability.higham20Theorem20_4_le_normalized_of_left_domination	public	theorem	6	NumStability.Source.Higham.Chapter20.Theorem04.Core.Results	umbrella_extract	-
NumStability.Source.Higham.Chapter20.Theorem04	NumStability.higham20Theorem20_4_witness_eq_frobNorm_mul_normalized	public	theorem	7	NumStability.Source.Higham.Chapter20.Theorem04.Core.Results	umbrella_extract	-
NumStability.Source.Higham.Chapter20.Theorem04	NumStability.lsTheorem20_4ConcreteGammaTildeTotal	public	definition	8	NumStability.Source.Higham.Chapter20.Theorem04.Core.Results	umbrella_extract	-
NumStability.Source.Higham.Chapter20.Theorem04	_private.NumStability.Source.Higham.Chapter20.Theorem04.0.NumStability.higham20Theorem20_4_matMulRect_mono_left	private	theorem	9	NumStability.Source.Higham.Chapter20.Theorem04.Core.Results	umbrella_extract	module-scoped mangle rename
NumStability.Source.Higham.Chapter20.Theorem07	NumStability.Theorem20_7.PivotedStoredQRLocalBudgetReady	public	inductive	0	NumStability.Source.Higham.Chapter20.Theorem07.Core.Results	umbrella_extract	-
NumStability.Source.Higham.Chapter20.Theorem07	NumStability.Theorem20_7.PivotedStoredQRLocalBudgetReady.alpha_nonneg	public	theorem	1	NumStability.Source.Higham.Chapter20.Theorem07.Core.Results	umbrella_extract	-
NumStability.Source.Higham.Chapter20.Theorem07	NumStability.Theorem20_7.PivotedStoredQRLocalBudgetReady.casesOn	public	definition	2	NumStability.Source.Higham.Chapter20.Theorem07.Core.Results	umbrella_extract	-
NumStability.Source.Higham.Chapter20.Theorem07	NumStability.Theorem20_7.PivotedStoredQRLocalBudgetReady.coeff_nonneg	public	theorem	3	NumStability.Source.Higham.Chapter20.Theorem07.Core.Results	umbrella_extract	-
NumStability.Source.Higham.Chapter20.Theorem07	NumStability.Theorem20_7.PivotedStoredQRLocalBudgetReady.component_norm	public	theorem	4	NumStability.Source.Higham.Chapter20.Theorem07.Core.Results	umbrella_extract	-
NumStability.Source.Higham.Chapter20.Theorem07	NumStability.Theorem20_7.PivotedStoredQRLocalBudgetReady.component_row	public	theorem	5	NumStability.Source.Higham.Chapter20.Theorem07.Core.Results	umbrella_extract	-
NumStability.Source.Higham.Chapter20.Theorem07	NumStability.Theorem20_7.PivotedStoredQRLocalBudgetReady.fold	public	theorem	6	NumStability.Source.Higham.Chapter20.Theorem07.Core.Results	umbrella_extract	-
NumStability.Source.Higham.Chapter20.Theorem07	NumStability.Theorem20_7.PivotedStoredQRLocalBudgetReady.gamma_nonneg	public	theorem	7	NumStability.Source.Higham.Chapter20.Theorem07.Core.Results	umbrella_extract	-
NumStability.Source.Higham.Chapter20.Theorem07	NumStability.Theorem20_7.PivotedStoredQRLocalBudgetReady.mk	public	constructor	8	NumStability.Source.Higham.Chapter20.Theorem07.Core.Results	umbrella_extract	-
NumStability.Source.Higham.Chapter20.Theorem07	NumStability.Theorem20_7.PivotedStoredQRLocalBudgetReady.rec	public	recursor	9	NumStability.Source.Higham.Chapter20.Theorem07.Core.Results	umbrella_extract	-
NumStability.Source.Higham.Chapter20.Theorem07	NumStability.Theorem20_7.PivotedStoredQRLocalBudgetReady.recOn	public	definition	10	NumStability.Source.Higham.Chapter20.Theorem07.Core.Results	umbrella_extract	-
NumStability.Source.Higham.Chapter20.Theorem07	NumStability.Theorem20_7.PivotedStoredQRLocalBudgetReady.sigma_pos	public	theorem	11	NumStability.Source.Higham.Chapter20.Theorem07.Core.Results	umbrella_extract	-
NumStability.Source.Higham.Chapter20.Theorem07	NumStability.Theorem20_7.PivotedStoredQRLocalBudgetReady.toRawReady	public	theorem	12	NumStability.Source.Higham.Chapter20.Theorem07.Core.Results	umbrella_extract	-
NumStability.Source.Higham.Chapter20.Theorem07	NumStability.Theorem20_7.PivotedStoredQRLocalBudgetReady.vector_row	public	theorem	13	NumStability.Source.Higham.Chapter20.Theorem07.Core.Results	umbrella_extract	-
NumStability.Source.Higham.Chapter20.Theorem07	NumStability.Theorem20_7.PivotedStoredQRRawReady	public	inductive	14	NumStability.Source.Higham.Chapter20.Theorem07.Core.Results	umbrella_extract	-
NumStability.Source.Higham.Chapter20.Theorem07	NumStability.Theorem20_7.PivotedStoredQRRawReady.alpha_nonneg	public	theorem	15	NumStability.Source.Higham.Chapter20.Theorem07.Core.Results	umbrella_extract	-
NumStability.Source.Higham.Chapter20.Theorem07	NumStability.Theorem20_7.PivotedStoredQRRawReady.casesOn	public	definition	16	NumStability.Source.Higham.Chapter20.Theorem07.Core.Results	umbrella_extract	-
NumStability.Source.Higham.Chapter20.Theorem07	NumStability.Theorem20_7.PivotedStoredQRRawReady.coeff_nonneg	public	theorem	17	NumStability.Source.Higham.Chapter20.Theorem07.Core.Results	umbrella_extract	-
NumStability.Source.Higham.Chapter20.Theorem07	NumStability.Theorem20_7.PivotedStoredQRRawReady.error_norm	public	theorem	18	NumStability.Source.Higham.Chapter20.Theorem07.Core.Results	umbrella_extract	-
NumStability.Source.Higham.Chapter20.Theorem07	NumStability.Theorem20_7.PivotedStoredQRRawReady.error_row	public	theorem	19	NumStability.Source.Higham.Chapter20.Theorem07.Core.Results	umbrella_extract	-
NumStability.Source.Higham.Chapter20.Theorem07	NumStability.Theorem20_7.PivotedStoredQRRawReady.fold	public	theorem	20	NumStability.Source.Higham.Chapter20.Theorem07.Core.Results	umbrella_extract	-
NumStability.Source.Higham.Chapter20.Theorem07	NumStability.Theorem20_7.PivotedStoredQRRawReady.gamma_nonneg	public	theorem	21	NumStability.Source.Higham.Chapter20.Theorem07.Core.Results	umbrella_extract	-
NumStability.Source.Higham.Chapter20.Theorem07	NumStability.Theorem20_7.PivotedStoredQRRawReady.mk	public	constructor	22	NumStability.Source.Higham.Chapter20.Theorem07.Core.Results	umbrella_extract	-
NumStability.Source.Higham.Chapter20.Theorem07	NumStability.Theorem20_7.PivotedStoredQRRawReady.rec	public	recursor	23	NumStability.Source.Higham.Chapter20.Theorem07.Core.Results	umbrella_extract	-
NumStability.Source.Higham.Chapter20.Theorem07	NumStability.Theorem20_7.PivotedStoredQRRawReady.recOn	public	definition	24	NumStability.Source.Higham.Chapter20.Theorem07.Core.Results	umbrella_extract	-
NumStability.Source.Higham.Chapter20.Theorem07	NumStability.Theorem20_7.PivotedStoredQRRawReady.sigmaOrder	public	theorem	25	NumStability.Source.Higham.Chapter20.Theorem07.Core.Results	umbrella_extract	-
NumStability.Source.Higham.Chapter20.Theorem07	NumStability.Theorem20_7.PivotedStoredQRRawReady.sigma_pos	public	theorem	26	NumStability.Source.Higham.Chapter20.Theorem07.Core.Results	umbrella_extract	-
NumStability.Source.Higham.Chapter20.Theorem07	NumStability.Theorem20_7.PivotedStoredQRRawReady.vector_row	public	theorem	27	NumStability.Source.Higham.Chapter20.Theorem07.Core.Results	umbrella_extract	-
NumStability.Source.Higham.Chapter20.Theorem07	NumStability.Theorem20_7.PivotedStoredQRRhsRawReady	public	inductive	28	NumStability.Source.Higham.Chapter20.Theorem07.Core.Results	umbrella_extract	-
NumStability.Source.Higham.Chapter20.Theorem07	NumStability.Theorem20_7.PivotedStoredQRRhsRawReady.casesOn	public	definition	29	NumStability.Source.Higham.Chapter20.Theorem07.Core.Results	umbrella_extract	-
NumStability.Source.Higham.Chapter20.Theorem07	NumStability.Theorem20_7.PivotedStoredQRRhsRawReady.coeff_nonneg	public	theorem	30	NumStability.Source.Higham.Chapter20.Theorem07.Core.Results	umbrella_extract	-
NumStability.Source.Higham.Chapter20.Theorem07	NumStability.Theorem20_7.PivotedStoredQRRhsRawReady.error_norm	public	theorem	31	NumStability.Source.Higham.Chapter20.Theorem07.Core.Results	umbrella_extract	-
NumStability.Source.Higham.Chapter20.Theorem07	NumStability.Theorem20_7.PivotedStoredQRRhsRawReady.error_row	public	theorem	32	NumStability.Source.Higham.Chapter20.Theorem07.Core.Results	umbrella_extract	-
NumStability.Source.Higham.Chapter20.Theorem07	NumStability.Theorem20_7.PivotedStoredQRRhsRawReady.fold	public	theorem	33	NumStability.Source.Higham.Chapter20.Theorem07.Core.Results	umbrella_extract	-
NumStability.Source.Higham.Chapter20.Theorem07	NumStability.Theorem20_7.PivotedStoredQRRhsRawReady.mk	public	constructor	34	NumStability.Source.Higham.Chapter20.Theorem07.Core.Results	umbrella_extract	-
NumStability.Source.Higham.Chapter20.Theorem07	NumStability.Theorem20_7.PivotedStoredQRRhsRawReady.rec	public	recursor	35	NumStability.Source.Higham.Chapter20.Theorem07.Core.Results	umbrella_extract	-
NumStability.Source.Higham.Chapter20.Theorem07	NumStability.Theorem20_7.PivotedStoredQRRhsRawReady.recOn	public	definition	36	NumStability.Source.Higham.Chapter20.Theorem07.Core.Results	umbrella_extract	-
NumStability.Source.Higham.Chapter20.Theorem07	NumStability.Theorem20_7.PivotedStoredQRRhsRawReady.rho_nonneg	public	theorem	37	NumStability.Source.Higham.Chapter20.Theorem07.Core.Results	umbrella_extract	-
NumStability.Source.Higham.Chapter20.Theorem07	NumStability.Theorem20_7.PivotedStoredQRRhsRawReady.vector_row	public	theorem	38	NumStability.Source.Higham.Chapter20.Theorem07.Core.Results	umbrella_extract	-
NumStability.Source.Higham.Chapter20.Theorem07	NumStability.Theorem20_7.PivotedStoredQRSigmaHistoryOrdered	public	definition	39	NumStability.Source.Higham.Chapter20.Theorem07.Core.Results	umbrella_extract	-
NumStability.Source.Higham.Chapter20.Theorem07	NumStability.Theorem20_7.abs_householderScale_eq_vecNorm2	public	theorem	40	NumStability.Source.Higham.Chapter20.Theorem07.Core.Results	umbrella_extract	-
NumStability.Source.Higham.Chapter20.Theorem07	NumStability.Theorem20_7.applyProd_rawHouseholder_coordinate_expansion	public	theorem	41	NumStability.Source.Higham.Chapter20.Theorem07.Core.Results	umbrella_extract	-
NumStability.Source.Higham.Chapter20.Theorem07	NumStability.Theorem20_7.applyProd_rawHouseholder_entrywise_le	public	theorem	42	NumStability.Source.Higham.Chapter20.Theorem07.Core.Results	umbrella_extract	-
NumStability.Source.Higham.Chapter20.Theorem07	NumStability.Theorem20_7.applyProd_rawHouseholder_entrywise_le_of_sigma_ordering	public	theorem	43	NumStability.Source.Higham.Chapter20.Theorem07.Core.Results	umbrella_extract	-
NumStability.Source.Higham.Chapter20.Theorem07	NumStability.Theorem20_7.columnPermuteMatrix_add	public	theorem	44	NumStability.Source.Higham.Chapter20.Theorem07.Core.Results	umbrella_extract	-
NumStability.Source.Higham.Chapter20.Theorem07	NumStability.Theorem20_7.columnPermuteMatrix_matMulRect	public	theorem	45	NumStability.Source.Higham.Chapter20.Theorem07.Core.Results	umbrella_extract	-
NumStability.Source.Higham.Chapter20.Theorem07	NumStability.Theorem20_7.columnPermuteMatrix_pivotPermAcc_succ	public	theorem	46	NumStability.Source.Higham.Chapter20.Theorem07.Core.Results	umbrella_extract	-
NumStability.Source.Higham.Chapter20.Theorem07	NumStability.Theorem20_7.columnPermuteMatrix_swap_eq_householderSwapColumns	public	theorem	47	NumStability.Source.Higham.Chapter20.Theorem07.Core.Results	umbrella_extract	-
NumStability.Source.Higham.Chapter20.Theorem07	NumStability.Theorem20_7.concreteStageBound_of_rawHouseholder_sigmaTrace	public	theorem	48	NumStability.Source.Higham.Chapter20.Theorem07.Core.Results	umbrella_extract	-
NumStability.Source.Higham.Chapter20.Theorem07	NumStability.Theorem20_7.fl_householderApply_normalized_entrywise_error	public	theorem	49	NumStability.Source.Higham.Chapter20.Theorem07.Core.Results	umbrella_extract	-
NumStability.Source.Higham.Chapter20.Theorem07	NumStability.Theorem20_7.fl_householderApply_raw_entrywise_error	public	theorem	50	NumStability.Source.Higham.Chapter20.Theorem07.Core.Results	umbrella_extract	-
NumStability.Source.Higham.Chapter20.Theorem07	NumStability.Theorem20_7.fl_householderConstructApplyMatrixRect_raw_entrywise_error	public	theorem	51	NumStability.Source.Higham.Chapter20.Theorem07.Core.Results	umbrella_extract	-
NumStability.Source.Higham.Chapter20.Theorem07	NumStability.Theorem20_7.fl_householderConstructApplyMatrixRect_rowGrowth_entrywise_error	public	theorem	52	NumStability.Source.Higham.Chapter20.Theorem07.Core.Results	umbrella_extract	-
NumStability.Source.Higham.Chapter20.Theorem07	NumStability.Theorem20_7.fl_householderConstructApply_raw_entrywise_error	public	theorem	53	NumStability.Source.Higham.Chapter20.Theorem07.Core.Results	umbrella_extract	-
NumStability.Source.Higham.Chapter20.Theorem07	NumStability.Theorem20_7.fl_householderConstructApply_rowGrowth_entrywise_error	public	theorem	54	NumStability.Source.Higham.Chapter20.Theorem07.Core.Results	umbrella_extract	-
NumStability.Source.Higham.Chapter20.Theorem07	NumStability.Theorem20_7.fl_pivotedStoredQRMatrixSeq	public	definition	55	NumStability.Source.Higham.Chapter20.Theorem07.Core.Results	umbrella_extract	-
NumStability.Source.Higham.Chapter20.Theorem07	NumStability.Theorem20_7.fl_pivotedStoredQRMatrixSeq_prefix_lower_zero	public	theorem	56	NumStability.Source.Higham.Chapter20.Theorem07.Core.Results	umbrella_extract	-
NumStability.Source.Higham.Chapter20.Theorem07	NumStability.Theorem20_7.fl_pivotedStoredQRMatrixSeq_succ_of_ge	public	theorem	57	NumStability.Source.Higham.Chapter20.Theorem07.Core.Results	umbrella_extract	-
NumStability.Source.Higham.Chapter20.Theorem07	NumStability.Theorem20_7.fl_pivotedStoredQRMatrixSeq_succ_of_lt	public	theorem	58	NumStability.Source.Higham.Chapter20.Theorem07.Core.Results	umbrella_extract	-
NumStability.Source.Higham.Chapter20.Theorem07	NumStability.Theorem20_7.fl_pivotedStoredQRMatrixSeq_upperTrapezoidal	public	theorem	59	NumStability.Source.Higham.Chapter20.Theorem07.Core.Results	umbrella_extract	-
NumStability.Source.Higham.Chapter20.Theorem07	NumStability.Theorem20_7.fl_pivotedStoredQRRhsSeq	public	definition	60	NumStability.Source.Higham.Chapter20.Theorem07.Core.Results	umbrella_extract	-
NumStability.Source.Higham.Chapter20.Theorem07	NumStability.Theorem20_7.fl_pivotedStoredQRRhsSeq_succ_of_ge	public	theorem	61	NumStability.Source.Higham.Chapter20.Theorem07.Core.Results	umbrella_extract	-
NumStability.Source.Higham.Chapter20.Theorem07	NumStability.Theorem20_7.fl_pivotedStoredQRRhsSeq_succ_of_lt	public	theorem	62	NumStability.Source.Higham.Chapter20.Theorem07.Core.Results	umbrella_extract	-
NumStability.Source.Higham.Chapter20.Theorem07	NumStability.Theorem20_7.fl_pivotedStoredQRRhsSeq_zero	public	theorem	63	NumStability.Source.Higham.Chapter20.Theorem07.Core.Results	umbrella_extract	-
NumStability.Source.Higham.Chapter20.Theorem07	NumStability.Theorem20_7.fl_pivotedStoredQR_actual_rowwise_backward_error	public	theorem	64	NumStability.Source.Higham.Chapter20.Theorem07.Core.Results	umbrella_extract	-
NumStability.Source.Higham.Chapter20.Theorem07	NumStability.Theorem20_7.fl_pivotedStoredQR_exactTopSolve_isLeastSquaresMinimizer	public	theorem	65	NumStability.Source.Higham.Chapter20.Theorem07.Core.Results	umbrella_extract	-
NumStability.Source.Higham.Chapter20.Theorem07	NumStability.Theorem20_7.fl_pivotedStoredQR_exactTopSolve_isLeastSquaresMinimizer_source_n_sq	public	theorem	66	NumStability.Source.Higham.Chapter20.Theorem07.Core.Results	umbrella_extract	-
NumStability.Source.Higham.Chapter20.Theorem07	NumStability.Theorem20_7.fl_pivotedStoredQR_returnedX_exactMinimizer_with_triangular_correction	public	theorem	67	NumStability.Source.Higham.Chapter20.Theorem07.Core.Results	umbrella_extract	-
NumStability.Source.Higham.Chapter20.Theorem07	NumStability.Theorem20_7.fl_pivotedStoredQR_returnedX_exactMinimizer_with_triangular_correction_source_n_sq	public	theorem	68	NumStability.Source.Higham.Chapter20.Theorem07.Core.Results	umbrella_extract	-
NumStability.Source.Higham.Chapter20.Theorem07	NumStability.Theorem20_7.householderBetaSpec_mul_vecNorm2_sq_eq_two_of_pos	public	theorem	69	NumStability.Source.Higham.Chapter20.Theorem07.Core.Results	umbrella_extract	-
NumStability.Source.Higham.Chapter20.Theorem07	NumStability.Theorem20_7.householderConstruct_transport_entrywise_le	public	theorem	70	NumStability.Source.Higham.Chapter20.Theorem07.Core.Results	umbrella_extract	-
NumStability.Source.Higham.Chapter20.Theorem07	NumStability.Theorem20_7.householderScale_mul_first_nonneg	public	theorem	71	NumStability.Source.Higham.Chapter20.Theorem07.Core.Results	umbrella_extract	-
NumStability.Source.Higham.Chapter20.Theorem07	NumStability.Theorem20_7.householderVector_sign_norm_bound	public	theorem	72	NumStability.Source.Higham.Chapter20.Theorem07.Core.Results	umbrella_extract	-
NumStability.Source.Higham.Chapter20.Theorem07	NumStability.Theorem20_7.householder_betaSpec_orthogonal	public	theorem	73	NumStability.Source.Higham.Chapter20.Theorem07.Core.Results	umbrella_extract	-
NumStability.Source.Higham.Chapter20.Theorem07	NumStability.Theorem20_7.localBudgetReady_not_forall_printed_source_row_scale	public	theorem	74	NumStability.Source.Higham.Chapter20.Theorem07.Core.Results	umbrella_extract	-
NumStability.Source.Higham.Chapter20.Theorem07	NumStability.Theorem20_7.normalized_delta_entry_abs_le	public	theorem	75	NumStability.Source.Higham.Chapter20.Theorem07.Core.Results	umbrella_extract	-
NumStability.Source.Higham.Chapter20.Theorem07	NumStability.Theorem20_7.normalized_delta_matMulVec_entry_abs_le	public	theorem	76	NumStability.Source.Higham.Chapter20.Theorem07.Core.Results	umbrella_extract	-
NumStability.Source.Higham.Chapter20.Theorem07	NumStability.Theorem20_7.normalized_outer_row_eq_raw	public	theorem	77	NumStability.Source.Higham.Chapter20.Theorem07.Core.Results	umbrella_extract	-
NumStability.Source.Higham.Chapter20.Theorem07	NumStability.Theorem20_7.pivotDAacc	public	definition	78	NumStability.Source.Higham.Chapter20.Theorem07.Core.Results	umbrella_extract	-
NumStability.Source.Higham.Chapter20.Theorem07	NumStability.Theorem20_7.pivotDAacc_coxHigham_rowwise_bound	public	theorem	79	NumStability.Source.Higham.Chapter20.Theorem07.Core.Results	umbrella_extract	-
NumStability.Source.Higham.Chapter20.Theorem07	NumStability.Theorem20_7.pivotDAacc_entrywise_bound	public	theorem	80	NumStability.Source.Higham.Chapter20.Theorem07.Core.Results	umbrella_extract	-
NumStability.Source.Higham.Chapter20.Theorem07	NumStability.Theorem20_7.pivotDAacc_final_entrywise_bound	public	theorem	81	NumStability.Source.Higham.Chapter20.Theorem07.Core.Results	umbrella_extract	-
NumStability.Source.Higham.Chapter20.Theorem07	NumStability.Theorem20_7.pivotPermAcc	public	definition	82	NumStability.Source.Higham.Chapter20.Theorem07.Core.Results	umbrella_extract	-
NumStability.Source.Higham.Chapter20.Theorem07	NumStability.Theorem20_7.pivotPositionFactor_le_sourceDimensionFactor	public	theorem	83	NumStability.Source.Higham.Chapter20.Theorem07.Core.Results	umbrella_extract	-
NumStability.Source.Higham.Chapter20.Theorem07	NumStability.Theorem20_7.pivotPositionFactor_not_le_sourceColumnFactor_forall	public	theorem	84	NumStability.Source.Higham.Chapter20.Theorem07.Core.Results	umbrella_extract	-
NumStability.Source.Higham.Chapter20.Theorem07	NumStability.Theorem20_7.pivotedQRActiveCol	public	definition	85	NumStability.Source.Higham.Chapter20.Theorem07.Core.Results	umbrella_extract	-
NumStability.Source.Higham.Chapter20.Theorem07	NumStability.Theorem20_7.pivotedQRActiveRow	public	definition	86	NumStability.Source.Higham.Chapter20.Theorem07.Core.Results	umbrella_extract	-
NumStability.Source.Higham.Chapter20.Theorem07	NumStability.Theorem20_7.pivotedStoredQRBackSubPivotDelta	public	definition	87	NumStability.Source.Higham.Chapter20.Theorem07.Core.Results	umbrella_extract	-
NumStability.Source.Higham.Chapter20.Theorem07	NumStability.Theorem20_7.pivotedStoredQRBackSubSourceDelta	public	definition	88	NumStability.Source.Higham.Chapter20.Theorem07.Core.Results	umbrella_extract	-
NumStability.Source.Higham.Chapter20.Theorem07	NumStability.Theorem20_7.pivotedStoredQRBeta	public	definition	89	NumStability.Source.Higham.Chapter20.Theorem07.Core.Results	umbrella_extract	-
NumStability.Source.Higham.Chapter20.Theorem07	NumStability.Theorem20_7.pivotedStoredQRComponentBudget	public	definition	90	NumStability.Source.Higham.Chapter20.Theorem07.Core.Results	umbrella_extract	-
NumStability.Source.Higham.Chapter20.Theorem07	NumStability.Theorem20_7.pivotedStoredQREseq	public	definition	91	NumStability.Source.Higham.Chapter20.Theorem07.Core.Results	umbrella_extract	-
NumStability.Source.Higham.Chapter20.Theorem07	NumStability.Theorem20_7.pivotedStoredQREseq_abs_le_componentBudget	public	theorem	92	NumStability.Source.Higham.Chapter20.Theorem07.Core.Results	umbrella_extract	-
NumStability.Source.Higham.Chapter20.Theorem07	NumStability.Theorem20_7.pivotedStoredQREseq_completed_column_zero	public	theorem	93	NumStability.Source.Higham.Chapter20.Theorem07.Core.Results	umbrella_extract	-
NumStability.Source.Higham.Chapter20.Theorem07	NumStability.Theorem20_7.pivotedStoredQREseq_norm_le_componentBudget	public	theorem	94	NumStability.Source.Higham.Chapter20.Theorem07.Core.Results	umbrella_extract	-
NumStability.Source.Higham.Chapter20.Theorem07	NumStability.Theorem20_7.pivotedStoredQRPseq	public	definition	95	NumStability.Source.Higham.Chapter20.Theorem07.Core.Results	umbrella_extract	-
NumStability.Source.Higham.Chapter20.Theorem07	NumStability.Theorem20_7.pivotedStoredQRPseq_completed_column_preservation	public	theorem	96	NumStability.Source.Higham.Chapter20.Theorem07.Core.Results	umbrella_extract	-
NumStability.Source.Higham.Chapter20.Theorem07	NumStability.Theorem20_7.pivotedStoredQRPseq_orthogonal	public	theorem	97	NumStability.Source.Higham.Chapter20.Theorem07.Core.Results	umbrella_extract	-
NumStability.Source.Higham.Chapter20.Theorem07	NumStability.Theorem20_7.pivotedStoredQRPseq_pivot_column_zero_below	public	theorem	98	NumStability.Source.Higham.Chapter20.Theorem07.Core.Results	umbrella_extract	-
NumStability.Source.Higham.Chapter20.Theorem07	NumStability.Theorem20_7.pivotedStoredQRRawVector	public	definition	99	NumStability.Source.Higham.Chapter20.Theorem07.Core.Results	umbrella_extract	-
NumStability.Source.Higham.Chapter20.Theorem07	NumStability.Theorem20_7.pivotedStoredQRRawVector_sigma_sign_bound	public	theorem	100	NumStability.Source.Higham.Chapter20.Theorem07.Core.Results	umbrella_extract	-
NumStability.Source.Higham.Chapter20.Theorem07	NumStability.Theorem20_7.pivotedStoredQRRawVector_zero_prefix	public	theorem	101	NumStability.Source.Higham.Chapter20.Theorem07.Core.Results	umbrella_extract	-
NumStability.Source.Higham.Chapter20.Theorem07	NumStability.Theorem20_7.pivotedStoredQRReturnedPivotX	public	definition	102	NumStability.Source.Higham.Chapter20.Theorem07.Core.Results	umbrella_extract	-
NumStability.Source.Higham.Chapter20.Theorem07	NumStability.Theorem20_7.pivotedStoredQRReturnedX	public	definition	103	NumStability.Source.Higham.Chapter20.Theorem07.Core.Results	umbrella_extract	-
NumStability.Source.Higham.Chapter20.Theorem07	NumStability.Theorem20_7.pivotedStoredQRRhsDelta	public	definition	104	NumStability.Source.Higham.Chapter20.Theorem07.Core.Results	umbrella_extract	-
NumStability.Source.Higham.Chapter20.Theorem07	NumStability.Theorem20_7.pivotedStoredQRRhsDelta_rowwise_bound	public	theorem	105	NumStability.Source.Higham.Chapter20.Theorem07.Core.Results	umbrella_extract	-
NumStability.Source.Higham.Chapter20.Theorem07	NumStability.Theorem20_7.pivotedStoredQRRhsEMatrixSeq	public	definition	106	NumStability.Source.Higham.Chapter20.Theorem07.Core.Results	umbrella_extract	-
NumStability.Source.Higham.Chapter20.Theorem07	NumStability.Theorem20_7.pivotedStoredQRRhsEseq	public	definition	107	NumStability.Source.Higham.Chapter20.Theorem07.Core.Results	umbrella_extract	-
NumStability.Source.Higham.Chapter20.Theorem07	NumStability.Theorem20_7.pivotedStoredQRRhsMatrixSeq	public	definition	108	NumStability.Source.Higham.Chapter20.Theorem07.Core.Results	umbrella_extract	-
NumStability.Source.Higham.Chapter20.Theorem07	NumStability.Theorem20_7.pivotedStoredQRRhs_reconstruct	public	theorem	109	NumStability.Source.Higham.Chapter20.Theorem07.Core.Results	umbrella_extract	-
NumStability.Source.Higham.Chapter20.Theorem07	NumStability.Theorem20_7.pivotedStoredQRRhs_stageImage_entrywise_le	public	theorem	110	NumStability.Source.Higham.Chapter20.Theorem07.Core.Results	umbrella_extract	-
NumStability.Source.Higham.Chapter20.Theorem07	NumStability.Theorem20_7.pivotedStoredQRRhs_step_with_residual	public	theorem	111	NumStability.Source.Higham.Chapter20.Theorem07.Core.Results	umbrella_extract	-
NumStability.Source.Higham.Chapter20.Theorem07	NumStability.Theorem20_7.pivotedStoredQRRhs_telescope	public	theorem	112	NumStability.Source.Higham.Chapter20.Theorem07.Core.Results	umbrella_extract	-
NumStability.Source.Higham.Chapter20.Theorem07	NumStability.Theorem20_7.pivotedStoredQRSigma	public	definition	113	NumStability.Source.Higham.Chapter20.Theorem07.Core.Results	umbrella_extract	-
NumStability.Source.Higham.Chapter20.Theorem07	NumStability.Theorem20_7.pivotedStoredQRSwapSeq	public	definition	114	NumStability.Source.Higham.Chapter20.Theorem07.Core.Results	umbrella_extract	-
NumStability.Source.Higham.Chapter20.Theorem07	NumStability.Theorem20_7.pivotedStoredQRSwapSeq_fix_prefix	public	theorem	115	NumStability.Source.Higham.Chapter20.Theorem07.Core.Results	umbrella_extract	-
NumStability.Source.Higham.Chapter20.Theorem07	NumStability.Theorem20_7.pivotedStoredQRSwapSeq_maps_active	public	theorem	116	NumStability.Source.Higham.Chapter20.Theorem07.Core.Results	umbrella_extract	-
NumStability.Source.Higham.Chapter20.Theorem07	NumStability.Theorem20_7.pivotedStoredQRSwappedPanel	public	definition	117	NumStability.Source.Higham.Chapter20.Theorem07.Core.Results	umbrella_extract	-
NumStability.Source.Higham.Chapter20.Theorem07	NumStability.Theorem20_7.pivotedStoredQRSwappedPanel_pivot_max	public	theorem	118	NumStability.Source.Higham.Chapter20.Theorem07.Core.Results	umbrella_extract	-
NumStability.Source.Higham.Chapter20.Theorem07	NumStability.Theorem20_7.pivotedStoredQRTopR	public	definition	119	NumStability.Source.Higham.Chapter20.Theorem07.Core.Results	umbrella_extract	-
NumStability.Source.Higham.Chapter20.Theorem07	NumStability.Theorem20_7.pivotedStoredQRTopRhs	public	definition	120	NumStability.Source.Higham.Chapter20.Theorem07.Core.Results	umbrella_extract	-
NumStability.Source.Higham.Chapter20.Theorem07	NumStability.Theorem20_7.pivotedStoredQR_QaccE_completed_column_zero	public	theorem	121	NumStability.Source.Higham.Chapter20.Theorem07.Core.Results	umbrella_extract	-
NumStability.Source.Higham.Chapter20.Theorem07	NumStability.Theorem20_7.pivotedStoredQR_stageImage_entrywise_le	public	theorem	122	NumStability.Source.Higham.Chapter20.Theorem07.Core.Results	umbrella_extract	-
NumStability.Source.Higham.Chapter20.Theorem07	NumStability.Theorem20_7.pivotedStoredQR_step_with_residual	public	theorem	123	NumStability.Source.Higham.Chapter20.Theorem07.Core.Results	umbrella_extract	-
NumStability.Source.Higham.Chapter20.Theorem07	NumStability.Theorem20_7.pivoted_entrywise_residual_telescope	public	theorem	124	NumStability.Source.Higham.Chapter20.Theorem07.Core.Results	umbrella_extract	-
NumStability.Source.Higham.Chapter20.Theorem07	NumStability.Theorem20_7.qacc_matMulRect_eq_applyProd	public	theorem	125	NumStability.Source.Higham.Chapter20.Theorem07.Core.Results	umbrella_extract	-
NumStability.Source.Higham.Chapter20.Theorem07	NumStability.Theorem20_7.qacc_matMulVec_eq_applyProd	public	theorem	126	NumStability.Source.Higham.Chapter20.Theorem07.Core.Results	umbrella_extract	-
NumStability.Source.Higham.Chapter20.Theorem07	NumStability.Theorem20_7.qacc_rawHouseholder_stageImage_entrywise_le_of_sigma_ordering	public	theorem	127	NumStability.Source.Higham.Chapter20.Theorem07.Core.Results	umbrella_extract	-
NumStability.Source.Higham.Chapter20.Theorem07	NumStability.Theorem20_7.rawHouseholderZTerm	public	definition	128	NumStability.Source.Higham.Chapter20.Theorem07.Core.Results	umbrella_extract	-
NumStability.Source.Higham.Chapter20.Theorem07	NumStability.Theorem20_7.raw_abs_multiplier_le_sqrt_two	public	theorem	129	NumStability.Source.Higham.Chapter20.Theorem07.Core.Results	umbrella_extract	-
NumStability.Source.Higham.Chapter20.Theorem07	NumStability.Theorem20_7.raw_householder_transport_entrywise_le	public	theorem	130	NumStability.Source.Higham.Chapter20.Theorem07.Core.Results	umbrella_extract	-
NumStability.Source.Higham.Chapter20.Theorem07	NumStability.Theorem20_7.rowScaleCounter_rawVector0	public	theorem	131	NumStability.Source.Higham.Chapter20.Theorem07.Core.Results	umbrella_extract	-
NumStability.Source.Higham.Chapter20.Theorem07	NumStability.Theorem20_7.rowScaleCounter_swap0	public	theorem	132	NumStability.Source.Higham.Chapter20.Theorem07.Core.Results	umbrella_extract	-
NumStability.Source.Higham.Chapter20.Theorem07	NumStability.Theorem20_7.sigmaCounterA	public	definition	133	NumStability.Source.Higham.Chapter20.Theorem07.Core.Results	umbrella_extract	-
NumStability.Source.Higham.Chapter20.Theorem07	NumStability.Theorem20_7.sigmaCounter_A1_11	public	theorem	134	NumStability.Source.Higham.Chapter20.Theorem07.Core.Results	umbrella_extract	-
NumStability.Source.Higham.Chapter20.Theorem07	NumStability.Theorem20_7.sigmaCounter_pivot0	public	theorem	135	NumStability.Source.Higham.Chapter20.Theorem07.Core.Results	umbrella_extract	-
NumStability.Source.Higham.Chapter20.Theorem07	NumStability.Theorem20_7.sigmaCounter_pivot1	public	theorem	136	NumStability.Source.Higham.Chapter20.Theorem07.Core.Results	umbrella_extract	-
NumStability.Source.Higham.Chapter20.Theorem07	NumStability.Theorem20_7.sigmaCounter_rawVector0	public	theorem	137	NumStability.Source.Higham.Chapter20.Theorem07.Core.Results	umbrella_extract	-
NumStability.Source.Higham.Chapter20.Theorem07	NumStability.Theorem20_7.sigmaCounter_rawVector0_norm	public	theorem	138	NumStability.Source.Higham.Chapter20.Theorem07.Core.Results	umbrella_extract	-
NumStability.Source.Higham.Chapter20.Theorem07	NumStability.Theorem20_7.sigmaCounter_sigma0	public	theorem	139	NumStability.Source.Higham.Chapter20.Theorem07.Core.Results	umbrella_extract	-
NumStability.Source.Higham.Chapter20.Theorem07	NumStability.Theorem20_7.sigmaCounter_sigma1	public	theorem	140	NumStability.Source.Higham.Chapter20.Theorem07.Core.Results	umbrella_extract	-
NumStability.Source.Higham.Chapter20.Theorem07	NumStability.Theorem20_7.sigmaCounter_swap0	public	theorem	141	NumStability.Source.Higham.Chapter20.Theorem07.Core.Results	umbrella_extract	-
NumStability.Source.Higham.Chapter20.Theorem07	NumStability.Theorem20_7.sigmaCounter_swap1_11	public	theorem	142	NumStability.Source.Higham.Chapter20.Theorem07.Core.Results	umbrella_extract	-
NumStability.Source.Higham.Chapter20.Theorem07	NumStability.Theorem20_7.sigmaHistory_not_forall_literal_rounded_trace	public	theorem	143	NumStability.Source.Higham.Chapter20.Theorem07.Core.Results	umbrella_extract	-
NumStability.Source.Higham.Chapter20.Theorem07	NumStability.Theorem20_7.subInflatedQuarterFPModel	public	definition	144	NumStability.Source.Higham.Chapter20.Theorem07.Core.Results	umbrella_extract	-
NumStability.Source.Higham.Chapter20.Theorem08	NumStability.Theorem20_8.dataCoeff	public	definition	0	NumStability.Source.Higham.Chapter20.Theorem08.Core.Results	umbrella_extract	-
NumStability.Source.Higham.Chapter20.Theorem08	NumStability.Theorem20_8.dataCoeff_nonneg	public	theorem	1	NumStability.Source.Higham.Chapter20.Theorem08.Core.Results	umbrella_extract	-
NumStability.Source.Higham.Chapter20.Theorem08	NumStability.Theorem20_8.directDataCorrectionRadius	public	definition	2	NumStability.Source.Higham.Chapter20.Theorem08.Core.Results	umbrella_extract	-
NumStability.Source.Higham.Chapter20.Theorem08	NumStability.Theorem20_8.exists_lagrange_solution_difference_eq_source_bottom_row	public	theorem	3	NumStability.Source.Higham.Chapter20.Theorem08.Core.Results	umbrella_extract	-
NumStability.Source.Higham.Chapter20.Theorem08	NumStability.Theorem20_8.exists_lagrange_solution_difference_relative_le_highamRadius_add_kktRemainder	public	theorem	4	NumStability.Source.Higham.Chapter20.Theorem08.Core.Results	umbrella_extract	-
NumStability.Source.Higham.Chapter20.Theorem08	NumStability.Theorem20_8.explicitRemainder	public	definition	5	NumStability.Source.Higham.Chapter20.Theorem08.Core.Results	umbrella_extract	-
NumStability.Source.Higham.Chapter20.Theorem08	NumStability.Theorem20_8.explicitRemainder_le_eps_sq_mul	public	theorem	6	NumStability.Source.Higham.Chapter20.Theorem08.Core.Results	umbrella_extract	-
NumStability.Source.Higham.Chapter20.Theorem08	NumStability.Theorem20_8.finalSmallnessThreshold	public	definition	7	NumStability.Source.Higham.Chapter20.Theorem08.Core.Results	umbrella_extract	-
NumStability.Source.Higham.Chapter20.Theorem08	NumStability.Theorem20_8.finalSmallnessThreshold_pos	public	theorem	8	NumStability.Source.Higham.Chapter20.Theorem08.Core.Results	umbrella_extract	-
NumStability.Source.Higham.Chapter20.Theorem08	NumStability.Theorem20_8.highamDirectDataCorrectionRadius	public	definition	9	NumStability.Source.Higham.Chapter20.Theorem08.Core.Results	umbrella_extract	-
NumStability.Source.Higham.Chapter20.Theorem08	NumStability.Theorem20_8.highamDirectDataCorrectionRadius_le_firstOrderRHS_plus_eps_radius	public	theorem	10	NumStability.Source.Higham.Chapter20.Theorem08.Core.Results	umbrella_extract	-
NumStability.Source.Higham.Chapter20.Theorem08	NumStability.Theorem20_8.higham_direct_data_correction_difference_le	public	theorem	11	NumStability.Source.Higham.Chapter20.Theorem08.Core.Results	umbrella_extract	-
NumStability.Source.Higham.Chapter20.Theorem08	NumStability.Theorem20_8.kktConstraintDifferenceLinearCoeff	public	definition	12	NumStability.Source.Higham.Chapter20.Theorem08.Core.Results	umbrella_extract	-
NumStability.Source.Higham.Chapter20.Theorem08	NumStability.Theorem20_8.kktDataDifferenceLinearCoeff	public	definition	13	NumStability.Source.Higham.Chapter20.Theorem08.Core.Results	umbrella_extract	-
NumStability.Source.Higham.Chapter20.Theorem08	NumStability.Theorem20_8.kktMultiplierDifferenceLinearCoeff	public	definition	14	NumStability.Source.Higham.Chapter20.Theorem08.Core.Results	umbrella_extract	-
NumStability.Source.Higham.Chapter20.Theorem08	NumStability.Theorem20_8.kktResidualDifferenceLinearCoeff	public	definition	15	NumStability.Source.Higham.Chapter20.Theorem08.Core.Results	umbrella_extract	-
NumStability.Source.Higham.Chapter20.Theorem08	NumStability.Theorem20_8.kktSourceStationarityLinearCoeff	public	definition	16	NumStability.Source.Higham.Chapter20.Theorem08.Core.Results	umbrella_extract	-
NumStability.Source.Higham.Chapter20.Theorem08	NumStability.Theorem20_8.kktStationarityQuadraticCoeff	public	definition	17	NumStability.Source.Higham.Chapter20.Theorem08.Core.Results	umbrella_extract	-
NumStability.Source.Higham.Chapter20.Theorem08	NumStability.Theorem20_8.kkt_residual_multiplier_differences_le_local_coeffs	public	theorem	18	NumStability.Source.Higham.Chapter20.Theorem08.Core.Results	umbrella_extract	-
NumStability.Source.Higham.Chapter20.Theorem08	NumStability.Theorem20_8.kkt_solution_eq_source_bottom_row	public	theorem	19	NumStability.Source.Higham.Chapter20.Theorem08.Core.Results	umbrella_extract	-
NumStability.Source.Higham.Chapter20.Theorem08	NumStability.Theorem20_8.partial_source_facing_of_rank_conditions	public	theorem	20	NumStability.Source.Higham.Chapter20.Theorem08.Core.Results	umbrella_extract	-
NumStability.Source.Higham.Chapter20.Theorem08	NumStability.Theorem20_8.partial_source_facing_of_rank_kkt_smallnessThreshold	public	theorem	21	NumStability.Source.Higham.Chapter20.Theorem08.Core.Results	umbrella_extract	-
NumStability.Source.Higham.Chapter20.Theorem08	NumStability.Theorem20_8.sourceBAplus	public	definition	22	NumStability.Source.Higham.Chapter20.Theorem08.Core.Results	umbrella_extract	-
NumStability.Source.Higham.Chapter20.Theorem08	NumStability.Theorem20_8.sourceBAplus_rightInverse_of_constraint_annihilates	public	theorem	23	NumStability.Source.Higham.Chapter20.Theorem08.Core.Results	umbrella_extract	-
NumStability.Source.Higham.Chapter20.Theorem08	NumStability.Theorem20_8.sourceNormalGramPlus	public	definition	24	NumStability.Source.Higham.Chapter20.Theorem08.Core.Results	umbrella_extract	-
NumStability.Source.Higham.Chapter20.Theorem08	NumStability.Theorem20_8.sourceNormalGramPlus_stationarity_forcing_le_residualAmplifier	public	theorem	25	NumStability.Source.Higham.Chapter20.Theorem08.Core.Results	umbrella_extract	-
NumStability.Source.Higham.Chapter20.Theorem08	NumStability.Theorem20_8.sourceNullIntersection	public	definition	26	NumStability.Source.Higham.Chapter20.Theorem08.Core.Results	umbrella_extract	-
NumStability.Source.Higham.Chapter20.Theorem08	NumStability.Theorem20_8.source_facing_firstOrder_plus_eps_sq_of_finalSmallnessThreshold	public	theorem	27	NumStability.Source.Higham.Chapter20.Theorem08.Core.Results	umbrella_extract	-
NumStability.Source.Higham.Chapter20.Theorem08	NumStability.Theorem20_8.source_facing_firstOrder_plus_eps_sq_of_rank_conditions	public	theorem	28	NumStability.Source.Higham.Chapter20.Theorem08.Core.Results	umbrella_extract	-
NumStability.Source.Higham.Chapter20.Theorem08	NumStability.Theorem20_8.source_facing_of_rank_conditions_with_kkt_remainder	public	theorem	29	NumStability.Source.Higham.Chapter20.Theorem08.Core.Results	umbrella_extract	-
NumStability.Source.Higham.Chapter20.Theorem08	NumStability.Theorem20_8.source_lagrange_eq_transpose_A_BAplus_residual	public	theorem	30	NumStability.Source.Higham.Chapter20.Theorem08.Core.Results	umbrella_extract	-
NumStability.Source.Higham.Chapter20.Theorem08	NumStability.Theorem20_8.source_lagrange_vecNorm2_le_A_BAplus_residual	public	theorem	31	NumStability.Source.Higham.Chapter20.Theorem08.Core.Results	umbrella_extract	-
NumStability.Source.Higham.Chapter21.Corrections.Problem19_12.RoundedReplay	NumStability.Higham21MGSSelectedRepair	public	inductive	0	NumStability.Source.Higham.Chapter21.Corrections.CorrectedMGS.RoundedReplay	relocate_whole	-
NumStability.Source.Higham.Chapter21.Corrections.Problem19_12.RoundedReplay	NumStability.Higham21MGSSelectedRepair.casesOn	public	definition	1	NumStability.Source.Higham.Chapter21.Corrections.CorrectedMGS.RoundedReplay	relocate_whole	-
NumStability.Source.Higham.Chapter21.Corrections.Problem19_12.RoundedReplay	NumStability.Higham21MGSSelectedRepair.column_bound	public	theorem	2	NumStability.Source.Higham.Chapter21.Corrections.CorrectedMGS.RoundedReplay	relocate_whole	-
NumStability.Source.Higham.Chapter21.Corrections.Problem19_12.RoundedReplay	NumStability.Higham21MGSSelectedRepair.eta_nonneg	public	theorem	3	NumStability.Source.Higham.Chapter21.Corrections.CorrectedMGS.RoundedReplay	relocate_whole	-
NumStability.Source.Higham.Chapter21.Corrections.Problem19_12.RoundedReplay	NumStability.Higham21MGSSelectedRepair.factor	public	theorem	4	NumStability.Source.Higham.Chapter21.Corrections.CorrectedMGS.RoundedReplay	relocate_whole	-
NumStability.Source.Higham.Chapter21.Corrections.Problem19_12.RoundedReplay	NumStability.Higham21MGSSelectedRepair.mk	public	constructor	5	NumStability.Source.Higham.Chapter21.Corrections.CorrectedMGS.RoundedReplay	relocate_whole	-
NumStability.Source.Higham.Chapter21.Corrections.Problem19_12.RoundedReplay	NumStability.Higham21MGSSelectedRepair.orthonormal	public	theorem	6	NumStability.Source.Higham.Chapter21.Corrections.CorrectedMGS.RoundedReplay	relocate_whole	-
NumStability.Source.Higham.Chapter21.Corrections.Problem19_12.RoundedReplay	NumStability.Higham21MGSSelectedRepair.rec	public	recursor	7	NumStability.Source.Higham.Chapter21.Corrections.CorrectedMGS.RoundedReplay	relocate_whole	-
NumStability.Source.Higham.Chapter21.Corrections.Problem19_12.RoundedReplay	NumStability.Higham21MGSSelectedRepair.recOn	public	definition	8	NumStability.Source.Higham.Chapter21.Corrections.CorrectedMGS.RoundedReplay	relocate_whole	-
NumStability.Source.Higham.Chapter21.Corrections.Problem19_12.RoundedReplay	NumStability.Higham21MGSSelectedRepair.upper	public	theorem	9	NumStability.Source.Higham.Chapter21.Corrections.CorrectedMGS.RoundedReplay	relocate_whole	-
NumStability.Source.Higham.Chapter21.Corrections.Problem19_12.RoundedReplay	NumStability.higham21MGSFoldedDeltaAT	public	definition	10	NumStability.Source.Higham.Chapter21.Corrections.CorrectedMGS.RoundedReplay	relocate_whole	-
NumStability.Source.Higham.Chapter21.Corrections.Problem19_12.RoundedReplay	NumStability.higham21_mgs_folded_deltaAT_column_bound	public	theorem	11	NumStability.Source.Higham.Chapter21.Corrections.CorrectedMGS.RoundedReplay	relocate_whole	-
NumStability.Source.Higham.Chapter21.Corrections.Problem19_12.RoundedReplay	NumStability.higham21_mgs_folded_deltaAT_factor	public	theorem	12	NumStability.Source.Higham.Chapter21.Corrections.CorrectedMGS.RoundedReplay	relocate_whole	-
NumStability.Source.Higham.Chapter21.Corrections.Problem19_12.RoundedReplay	NumStability.higham21_mgs_orthonormal_columns_action_norm_eq	public	theorem	13	NumStability.Source.Higham.Chapter21.Corrections.CorrectedMGS.RoundedReplay	relocate_whole	-
NumStability.Source.Higham.Chapter21.Corrections.Problem19_12.RoundedReplay	NumStability.higham21_mgs_orthonormal_columns_matMulRect_columnFrob	public	theorem	14	NumStability.Source.Higham.Chapter21.Corrections.CorrectedMGS.RoundedReplay	relocate_whole	-
NumStability.Source.Higham.Chapter21.Corrections.Problem19_12.RoundedReplay	NumStability.higham21_mgs_problem1912_repaired_action_eq	public	theorem	15	NumStability.Source.Higham.Chapter21.Corrections.CorrectedMGS.RoundedReplay	relocate_whole	-
NumStability.Source.Higham.Chapter21.Corrections.Problem19_12.RoundedReplay	NumStability.higham21_mgs_selected_repair_exists_of_mgs	public	theorem	16	NumStability.Source.Higham.Chapter21.Corrections.CorrectedMGS.RoundedReplay	relocate_whole	-
