baseline_owner_module	baseline_declaration_name	visibility	kind	baseline_order	destination_module	route_class	normalization_decision
NumStability.Algorithms.LinearSystems.LeastSquares.Equality.Basic	NumStability.GramSchmidtOrthonormalColumns.reindexRowsEquiv	public	theorem	0	-	retain_document	-
NumStability.Algorithms.LinearSystems.LeastSquares.Equality.Basic	NumStability.IsLSEEliminationReducedMinimizer	public	definition	1	-	retain_document	-
NumStability.Algorithms.LinearSystems.LeastSquares.Equality.Basic	NumStability.IsLSEMinimizer	public	definition	2	-	retain_document	-
NumStability.Algorithms.LinearSystems.LeastSquares.Equality.Basic	NumStability.IsLSEMinimizer.eq_of_lseStackedFullColumnRank	public	theorem	3	-	retain_document	-
NumStability.Algorithms.LinearSystems.LeastSquares.Equality.Basic	NumStability.IsLSEMinimizer.eq_of_nullIntersectionTrivial	public	theorem	4	-	retain_document	-
NumStability.Algorithms.LinearSystems.LeastSquares.Equality.Basic	NumStability.IsLSEMinimizer.exists_lagrange_normal_equations_of_fullRowRank	public	theorem	5	-	retain_document	-
NumStability.Algorithms.LinearSystems.LeastSquares.Equality.Basic	NumStability.IsLSEMinimizer.feasible_direction_stationarity	public	theorem	6	-	retain_document	-
NumStability.Algorithms.LinearSystems.LeastSquares.Equality.Basic	NumStability.IsLSEMinimizer.of_lagrange_normal_equations	public	theorem	7	-	retain_document	-
NumStability.Algorithms.LinearSystems.LeastSquares.Equality.Basic	NumStability.IsLSEMinimizer.of_permuteCols	public	theorem	8	-	retain_document	-
NumStability.Algorithms.LinearSystems.LeastSquares.Equality.Basic	NumStability.IsLSEMinimizer.reduced_nullspace_minimizer	public	theorem	9	-	retain_document	-
NumStability.Algorithms.LinearSystems.LeastSquares.Equality.Basic	NumStability.IsLSEMinimizer.vecNorm2_constraint_rhs_le_frobNormRect_mul	public	theorem	10	-	retain_document	-
NumStability.Algorithms.LinearSystems.LeastSquares.Equality.Basic	NumStability.IsLowerTriangular	public	definition	11	-	retain_document	-
NumStability.Algorithms.LinearSystems.LeastSquares.Equality.Basic	NumStability.IsLowerTriangular.add_of_entrywise_abs_le_mul_abs	public	theorem	12	-	retain_document	-
NumStability.Algorithms.LinearSystems.LeastSquares.Equality.Basic	NumStability.IsOrthogonal.reindexRowsColsEquiv	public	theorem	13	-	retain_document	-
NumStability.Algorithms.LinearSystems.LeastSquares.Equality.Basic	NumStability.LSEFeasible	public	definition	14	-	retain_document	-
NumStability.Algorithms.LinearSystems.LeastSquares.Equality.Basic	NumStability.LSEFeasible.add_null_direction	public	theorem	15	-	retain_document	-
NumStability.Algorithms.LinearSystems.LeastSquares.Equality.Basic	NumStability.LSEFeasible.direction_zero	public	theorem	16	-	retain_document	-
NumStability.Algorithms.LinearSystems.LeastSquares.Equality.Basic	NumStability.LSEFeasible.vecNorm2_rhs_le_frobNormRect_mul	public	theorem	17	-	retain_document	-
NumStability.Algorithms.LinearSystems.LeastSquares.Equality.Basic	NumStability.LSEFullRowRank	public	definition	18	-	retain_document	-
NumStability.Algorithms.LinearSystems.LeastSquares.Equality.Basic	NumStability.LSEFullRowRank.exists_feasible	public	theorem	19	-	retain_document	-
NumStability.Algorithms.LinearSystems.LeastSquares.Equality.Basic	NumStability.LSEFullRowRank.exists_rightInverse	public	theorem	20	-	retain_document	-
NumStability.Algorithms.LinearSystems.LeastSquares.Equality.Basic	NumStability.LSEFullRowRank.isLSEMinimizer_of_square_feasible	public	theorem	21	-	retain_document	-
NumStability.Algorithms.LinearSystems.LeastSquares.Equality.Basic	NumStability.LSEFullRowRank.of_transpose_rectMatMulVec_injective	public	theorem	22	-	retain_document	-
NumStability.Algorithms.LinearSystems.LeastSquares.Equality.Basic	NumStability.LSEFullRowRank.rectGram_det_ne_zero	public	theorem	23	-	retain_document	-
NumStability.Algorithms.LinearSystems.LeastSquares.Equality.Basic	NumStability.LSEFullRowRank.rightInverse	public	definition	24	-	retain_document	-
NumStability.Algorithms.LinearSystems.LeastSquares.Equality.Basic	NumStability.LSEFullRowRank.rightInverse_spec	public	theorem	25	-	retain_document	-
NumStability.Algorithms.LinearSystems.LeastSquares.Equality.Basic	NumStability.LSEFullRowRank.square_lseStackedFullColumnRank	public	theorem	26	-	retain_document	-
NumStability.Algorithms.LinearSystems.LeastSquares.Equality.Basic	NumStability.LSEFullRowRank.square_rectMatMulVec_injective	public	theorem	27	-	retain_document	-
NumStability.Algorithms.LinearSystems.LeastSquares.Equality.Basic	NumStability.LSEFullRowRank.theorem20_8ABplus_eq_A_APplus_A_Bplus_add_A_BAplus	public	theorem	28	-	retain_document	-
NumStability.Algorithms.LinearSystems.LeastSquares.Equality.Basic	NumStability.LSEFullRowRank.theorem20_8AP_perturbed_unconstrained_minimizer_of_lse_minimizer	public	theorem	29	-	retain_document	-
NumStability.Algorithms.LinearSystems.LeastSquares.Equality.Basic	NumStability.LSEFullRowRank.theorem20_8AP_unconstrained_minimizer_lifts	public	theorem	30	-	retain_document	-
NumStability.Algorithms.LinearSystems.LeastSquares.Equality.Basic	NumStability.LSEFullRowRank.theorem20_8AP_unconstrained_minimizer_of_lse_minimizer	public	theorem	31	-	retain_document	-
NumStability.Algorithms.LinearSystems.LeastSquares.Equality.Basic	NumStability.LSEFullRowRank.theorem20_8A_BAplus_apply	public	theorem	32	-	retain_document	-
NumStability.Algorithms.LinearSystems.LeastSquares.Equality.Basic	NumStability.LSEFullRowRank.theorem20_8BAplus_apply	public	theorem	33	-	retain_document	-
NumStability.Algorithms.LinearSystems.LeastSquares.Equality.Basic	NumStability.LSEFullRowRank.theorem20_8Projection_apply_of_constraint	public	theorem	34	-	retain_document	-
NumStability.Algorithms.LinearSystems.LeastSquares.Equality.Basic	NumStability.LSEFullRowRank.theorem20_8Projection_apply_perturbed_feasible_difference	public	theorem	35	-	retain_document	-
NumStability.Algorithms.LinearSystems.LeastSquares.Equality.Basic	NumStability.LSEFullRowRank.theorem20_8Projection_constraint_vec_zero	public	theorem	36	-	retain_document	-
NumStability.Algorithms.LinearSystems.LeastSquares.Equality.Basic	NumStability.LSEFullRowRank.theorem20_8Projection_constraint_zero	public	theorem	37	-	retain_document	-
NumStability.Algorithms.LinearSystems.LeastSquares.Equality.Basic	NumStability.LSEFullRowRank.theorem20_8Projection_feasible_step	public	theorem	38	-	retain_document	-
NumStability.Algorithms.LinearSystems.LeastSquares.Equality.Basic	NumStability.LSEFullRowRank.theorem20_8Projection_vec_idempotent	public	theorem	39	-	retain_document	-
NumStability.Algorithms.LinearSystems.LeastSquares.Equality.Basic	NumStability.LSEFullRowRank.theorem20_8_AP_difference_eq_action_minus_constraint_correction	public	theorem	40	-	retain_document	-
NumStability.Algorithms.LinearSystems.LeastSquares.Equality.Basic	NumStability.LSEFullRowRank.theorem20_8_AP_difference_eq_of_perturbed_higham_residual_eq	public	theorem	41	-	retain_document	-
NumStability.Algorithms.LinearSystems.LeastSquares.Equality.Basic	NumStability.LSEFullRowRank.theorem20_8_AP_difference_eq_of_perturbed_residual_eq	public	theorem	42	-	retain_document	-
NumStability.Algorithms.LinearSystems.LeastSquares.Equality.Basic	NumStability.LSEFullRowRank.theorem20_8_AP_difference_eq_of_same_higham_residual_eq	public	theorem	43	-	retain_document	-
NumStability.Algorithms.LinearSystems.LeastSquares.Equality.Basic	NumStability.LSEFullRowRank.theorem20_8_AP_left_inverse_on_nullspace_of_MP_gram_projection_lseStackedFullColumnRank	public	theorem	44	-	retain_document	-
NumStability.Algorithms.LinearSystems.LeastSquares.Equality.Basic	NumStability.LSEFullRowRank.theorem20_8_AP_left_inverse_on_nullspace_of_MP_gram_projection_nullIntersection	public	theorem	45	-	retain_document	-
NumStability.Algorithms.LinearSystems.LeastSquares.Equality.Basic	NumStability.LSEFullRowRank.theorem20_8_AP_left_inverse_on_nullspace_of_MP_matrix_range_null_nullIntersection	public	theorem	46	-	retain_document	-
NumStability.Algorithms.LinearSystems.LeastSquares.Equality.Basic	NumStability.LSEFullRowRank.theorem20_8_AP_left_inverse_on_nullspace_of_MP_projection_range_nullIntersection	public	theorem	47	-	retain_document	-
NumStability.Algorithms.LinearSystems.LeastSquares.Equality.Basic	NumStability.LSEFullRowRank.theorem20_8_AP_left_inverse_on_nullspace_of_MP_transpose_range_lseStackedFullColumnRank	public	theorem	48	-	retain_document	-
NumStability.Algorithms.LinearSystems.LeastSquares.Equality.Basic	NumStability.LSEFullRowRank.theorem20_8_AP_left_inverse_on_nullspace_of_MP_transpose_range_null_nullIntersection	public	theorem	49	-	retain_document	-
NumStability.Algorithms.LinearSystems.LeastSquares.Equality.Basic	NumStability.LSEFullRowRank.theorem20_8_AP_left_inverse_on_nullspace_of_gram_MP_gram_projection_nullIntersection	public	theorem	50	-	retain_document	-
NumStability.Algorithms.LinearSystems.LeastSquares.Equality.Basic	NumStability.LSEFullRowRank.theorem20_8_AP_left_inverse_on_nullspace_of_gram_MP_matrix_range_null_nullIntersection	public	theorem	51	-	retain_document	-
NumStability.Algorithms.LinearSystems.LeastSquares.Equality.Basic	NumStability.LSEFullRowRank.theorem20_8_AP_left_inverse_on_nullspace_of_gram_MP_projection_range_nullIntersection	public	theorem	52	-	retain_document	-
NumStability.Algorithms.LinearSystems.LeastSquares.Equality.Basic	NumStability.LSEFullRowRank.theorem20_8_AP_left_inverse_on_nullspace_of_gram_MP_transpose_range_null_nullIntersection	public	theorem	53	-	retain_document	-
NumStability.Algorithms.LinearSystems.LeastSquares.Equality.Basic	NumStability.LSEFullRowRank.theorem20_8_AP_transpose_constraint_annihilates_of_projection_symmetric	public	theorem	54	-	retain_document	-
NumStability.Algorithms.LinearSystems.LeastSquares.Equality.Basic	NumStability.LSEFullRowRank.theorem20_8_APplus_AP_eq_projection_of_MP_gram_projection_lseStackedFullColumnRank	public	theorem	55	-	retain_document	-
NumStability.Algorithms.LinearSystems.LeastSquares.Equality.Basic	NumStability.LSEFullRowRank.theorem20_8_APplus_AP_eq_projection_of_MP_transpose_range_lseStackedFullColumnRank	public	theorem	56	-	retain_document	-
NumStability.Algorithms.LinearSystems.LeastSquares.Equality.Basic	NumStability.LSEFullRowRank.theorem20_8_APplus_AP_eq_projection_of_MP_transpose_range_nullIntersection	public	theorem	57	-	retain_document	-
NumStability.Algorithms.LinearSystems.LeastSquares.Equality.Basic	NumStability.LSEFullRowRank.theorem20_8_APplus_AP_eq_projection_of_gram_MP_gram_projection_lseStackedFullColumnRank	public	theorem	58	-	retain_document	-
NumStability.Algorithms.LinearSystems.LeastSquares.Equality.Basic	NumStability.LSEFullRowRank.theorem20_8_APplus_constraint_annihilates_of_projection_range	public	theorem	59	-	retain_document	-
NumStability.Algorithms.LinearSystems.LeastSquares.Equality.Basic	NumStability.LSEFullRowRank.theorem20_8_APplus_projection_range_of_MP_transpose_range	public	theorem	60	-	retain_document	-
NumStability.Algorithms.LinearSystems.LeastSquares.Equality.Basic	NumStability.LSEFullRowRank.theorem20_8_APplus_projection_range_of_constraint_annihilates	public	theorem	61	-	retain_document	-
NumStability.Algorithms.LinearSystems.LeastSquares.Equality.Basic	NumStability.LSEFullRowRank.theorem20_8_gram_APplus_constraint_annihilates_of_AP_transpose_constraint	public	theorem	62	-	retain_document	-
NumStability.Algorithms.LinearSystems.LeastSquares.Equality.Basic	NumStability.LSEFullRowRank.theorem20_8_gram_APplus_constraint_annihilates_of_projection_range	public	theorem	63	-	retain_document	-
NumStability.Algorithms.LinearSystems.LeastSquares.Equality.Basic	NumStability.LSEFullRowRank.theorem20_8_perturbed_feasible_difference_decomp	public	theorem	64	-	retain_document	-
NumStability.Algorithms.LinearSystems.LeastSquares.Equality.Basic	NumStability.LSEFullRowRank.theorem20_8_perturbed_feasible_point_action_decomp	public	theorem	65	-	retain_document	-
NumStability.Algorithms.LinearSystems.LeastSquares.Equality.Basic	NumStability.LSEFullRowRank.theorem20_8_perturbed_feasible_point_decomp	public	theorem	66	-	retain_document	-
NumStability.Algorithms.LinearSystems.LeastSquares.Equality.Basic	NumStability.LSEFullRowRank.theorem20_8_perturbed_feasible_residual_decomp	public	theorem	67	-	retain_document	-
NumStability.Algorithms.LinearSystems.LeastSquares.Equality.Basic	NumStability.LSEFullRowRank.theorem20_8_perturbed_feasible_residual_decomp_BAplus	public	theorem	68	-	retain_document	-
NumStability.Algorithms.LinearSystems.LeastSquares.Equality.Basic	NumStability.LSEFullRowRank.theorem20_8_projected_action_of_MP_gram_projection_lseStackedFullColumnRank	public	theorem	69	-	retain_document	-
NumStability.Algorithms.LinearSystems.LeastSquares.Equality.Basic	NumStability.LSEFullRowRank.theorem20_8_projected_action_of_MP_transpose_range_lseStackedFullColumnRank	public	theorem	70	-	retain_document	-
NumStability.Algorithms.LinearSystems.LeastSquares.Equality.Basic	NumStability.LSEFullRowRank.theorem20_8_projected_difference_eq_APplus_of_MP_gram_projection_lseStackedFullColumnRank_reduced_difference_eq	public	theorem	71	-	retain_document	-
NumStability.Algorithms.LinearSystems.LeastSquares.Equality.Basic	NumStability.LSEFullRowRank.theorem20_8_projected_difference_eq_APplus_of_MP_gram_projection_nullIntersection_reduced_difference_eq	public	theorem	72	-	retain_document	-
NumStability.Algorithms.LinearSystems.LeastSquares.Equality.Basic	NumStability.LSEFullRowRank.theorem20_8_projected_difference_eq_APplus_of_MP_matrix_range_null_nullIntersection_reduced_difference_eq	public	theorem	73	-	retain_document	-
NumStability.Algorithms.LinearSystems.LeastSquares.Equality.Basic	NumStability.LSEFullRowRank.theorem20_8_projected_difference_eq_APplus_of_MP_projection_range_nullIntersection_reduced_difference_eq	public	theorem	74	-	retain_document	-
NumStability.Algorithms.LinearSystems.LeastSquares.Equality.Basic	NumStability.LSEFullRowRank.theorem20_8_projected_difference_eq_APplus_of_MP_transpose_range_lseStackedFullColumnRank_reduced_difference_eq	public	theorem	75	-	retain_document	-
NumStability.Algorithms.LinearSystems.LeastSquares.Equality.Basic	NumStability.LSEFullRowRank.theorem20_8_projected_difference_eq_APplus_of_MP_transpose_range_null_nullIntersection_reduced_difference_eq	public	theorem	76	-	retain_document	-
NumStability.Algorithms.LinearSystems.LeastSquares.Equality.Basic	NumStability.LSEFullRowRank.theorem20_8_projected_difference_eq_APplus_of_perturbed_higham_residual_eq	public	theorem	77	-	retain_document	-
NumStability.Algorithms.LinearSystems.LeastSquares.Equality.Basic	NumStability.LSEFullRowRank.theorem20_8_projected_difference_eq_APplus_of_reduced_difference_eq	public	theorem	78	-	retain_document	-
NumStability.Algorithms.LinearSystems.LeastSquares.Equality.Basic	NumStability.LSEFullRowRank.theorem20_8_projected_difference_eq_APplus_of_same_higham_residual_eq	public	theorem	79	-	retain_document	-
NumStability.Algorithms.LinearSystems.LeastSquares.Equality.Basic	NumStability.LSEFullRowRank.theorem20_8_projected_difference_eq_gram_APplus_of_matrix_range_null_nullIntersection_reduced_difference_eq	public	theorem	80	-	retain_document	-
NumStability.Algorithms.LinearSystems.LeastSquares.Equality.Basic	NumStability.LSEFullRowRank.theorem20_8_projected_difference_eq_gram_APplus_of_projection_range_nullIntersection_reduced_difference_eq	public	theorem	81	-	retain_document	-
NumStability.Algorithms.LinearSystems.LeastSquares.Equality.Basic	NumStability.LSEFullRowRank.theorem20_8_projected_difference_eq_gram_APplus_of_transpose_range_null_nullIntersection_reduced_difference_eq	public	theorem	82	-	retain_document	-
NumStability.Algorithms.LinearSystems.LeastSquares.Equality.Basic	NumStability.LSEFullRowRank.theorem20_8_rectMoorePenrosePseudoinverse_AP_of_gram_det_ne_zero	public	theorem	83	-	retain_document	-
NumStability.Algorithms.LinearSystems.LeastSquares.Equality.Basic	NumStability.LSEFullRowRank.theorem20_8_solution_difference_eq_BAplus_add_APplus_of_MP_gram_projection_lseStackedFullColumnRank_perturbed_higham_residual_eq	public	theorem	84	-	retain_document	-
NumStability.Algorithms.LinearSystems.LeastSquares.Equality.Basic	NumStability.LSEFullRowRank.theorem20_8_solution_difference_eq_BAplus_add_APplus_of_MP_gram_projection_lseStackedFullColumnRank_reduced_difference_eq	public	theorem	85	-	retain_document	-
NumStability.Algorithms.LinearSystems.LeastSquares.Equality.Basic	NumStability.LSEFullRowRank.theorem20_8_solution_difference_eq_BAplus_add_APplus_of_MP_gram_projection_lseStackedFullColumnRank_same_higham_residual_eq	public	theorem	86	-	retain_document	-
NumStability.Algorithms.LinearSystems.LeastSquares.Equality.Basic	NumStability.LSEFullRowRank.theorem20_8_solution_difference_eq_BAplus_add_APplus_of_MP_gram_projection_nullIntersection_reduced_difference_eq	public	theorem	87	-	retain_document	-
NumStability.Algorithms.LinearSystems.LeastSquares.Equality.Basic	NumStability.LSEFullRowRank.theorem20_8_solution_difference_eq_BAplus_add_APplus_of_MP_matrix_range_null_nullIntersection_reduced_difference_eq	public	theorem	88	-	retain_document	-
NumStability.Algorithms.LinearSystems.LeastSquares.Equality.Basic	NumStability.LSEFullRowRank.theorem20_8_solution_difference_eq_BAplus_add_APplus_of_MP_projection_range_nullIntersection_reduced_difference_eq	public	theorem	89	-	retain_document	-
NumStability.Algorithms.LinearSystems.LeastSquares.Equality.Basic	NumStability.LSEFullRowRank.theorem20_8_solution_difference_eq_BAplus_add_APplus_of_MP_transpose_range_lseStackedFullColumnRank_reduced_difference_eq	public	theorem	90	-	retain_document	-
NumStability.Algorithms.LinearSystems.LeastSquares.Equality.Basic	NumStability.LSEFullRowRank.theorem20_8_solution_difference_eq_BAplus_add_APplus_of_MP_transpose_range_lseStackedFullColumnRank_same_higham_residual_eq	public	theorem	91	-	retain_document	-
NumStability.Algorithms.LinearSystems.LeastSquares.Equality.Basic	NumStability.LSEFullRowRank.theorem20_8_solution_difference_eq_BAplus_add_APplus_of_MP_transpose_range_null_nullIntersection_reduced_difference_eq	public	theorem	92	-	retain_document	-
NumStability.Algorithms.LinearSystems.LeastSquares.Equality.Basic	NumStability.LSEFullRowRank.theorem20_8_solution_difference_eq_BAplus_add_APplus_of_perturbed_higham_residual_eq	public	theorem	93	-	retain_document	-
NumStability.Algorithms.LinearSystems.LeastSquares.Equality.Basic	NumStability.LSEFullRowRank.theorem20_8_solution_difference_eq_BAplus_add_APplus_of_reduced_difference_eq	public	theorem	94	-	retain_document	-
NumStability.Algorithms.LinearSystems.LeastSquares.Equality.Basic	NumStability.LSEFullRowRank.theorem20_8_solution_difference_eq_BAplus_add_APplus_of_same_higham_residual_eq	public	theorem	95	-	retain_document	-
NumStability.Algorithms.LinearSystems.LeastSquares.Equality.Basic	NumStability.LSEFullRowRank.theorem20_8_solution_difference_eq_BAplus_add_gram_APplus_of_matrix_range_null_nullIntersection_reduced_difference_eq	public	theorem	96	-	retain_document	-
NumStability.Algorithms.LinearSystems.LeastSquares.Equality.Basic	NumStability.LSEFullRowRank.theorem20_8_solution_difference_eq_BAplus_add_gram_APplus_of_projection_range_nullIntersection_reduced_difference_eq	public	theorem	97	-	retain_document	-
NumStability.Algorithms.LinearSystems.LeastSquares.Equality.Basic	NumStability.LSEFullRowRank.theorem20_8_solution_difference_eq_BAplus_add_gram_APplus_of_transpose_range_null_nullIntersection_reduced_difference_eq	public	theorem	98	-	retain_document	-
NumStability.Algorithms.LinearSystems.LeastSquares.Equality.Basic	NumStability.LSEFullRowRank.theorem20_8_vecNorm2_solution_difference_residual_forcing_le	public	theorem	99	-	retain_document	-
NumStability.Algorithms.LinearSystems.LeastSquares.Equality.Basic	NumStability.LSEFullRowRank.transpose_mgs_norm_ne_zero	public	theorem	100	-	retain_document	-
NumStability.Algorithms.LinearSystems.LeastSquares.Equality.Basic	NumStability.LSEFullRowRank.transpose_mgs_stage0_norm_ne_zero	public	theorem	101	-	retain_document	-
NumStability.Algorithms.LinearSystems.LeastSquares.Equality.Basic	NumStability.LSEFullRowRank.transpose_rectMatMulVec_injective	public	theorem	102	-	retain_document	-
NumStability.Algorithms.LinearSystems.LeastSquares.Equality.Basic	NumStability.LSENullIntersectionTrivial	public	definition	103	-	retain_document	-
NumStability.Algorithms.LinearSystems.LeastSquares.Equality.Basic	NumStability.LSENullIntersectionTrivial.iff_lseStackedFullColumnRank	public	theorem	104	-	retain_document	-
NumStability.Algorithms.LinearSystems.LeastSquares.Equality.Basic	NumStability.LSEStackedFullColumnRank	public	definition	105	-	retain_document	-
NumStability.Algorithms.LinearSystems.LeastSquares.Equality.Basic	NumStability.complexMatrixOp2_realRectToCMatrix_pos_of_rect_has_left_inverse	public	theorem	106	-	retain_document	-
NumStability.Algorithms.LinearSystems.LeastSquares.Equality.Basic	NumStability.complexMatrixOp2_realRectToCMatrix_pos_of_rect_left_inverse	public	theorem	107	-	retain_document	-
NumStability.Algorithms.LinearSystems.LeastSquares.Equality.Basic	NumStability.diag_ne_zero_add_of_entrywise_abs_le_mul_abs_of_factor_lt_one	public	theorem	108	-	retain_document	-
NumStability.Algorithms.LinearSystems.LeastSquares.Equality.Basic	NumStability.diag_ne_zero_of_lower_triangular_det_ne_zero	public	theorem	109	-	retain_document	-
NumStability.Algorithms.LinearSystems.LeastSquares.Equality.Basic	NumStability.exists_orthogonal_completion_bottom_reversed_columns	public	theorem	110	-	retain_document	-
NumStability.Algorithms.LinearSystems.LeastSquares.Equality.Basic	NumStability.exists_orthogonal_completion_tall_qr_block	public	theorem	111	-	retain_document	-
NumStability.Algorithms.LinearSystems.LeastSquares.Equality.Basic	NumStability.exists_transpose_tall_qr_of_mgs	public	theorem	112	-	retain_document	-
NumStability.Algorithms.LinearSystems.LeastSquares.Equality.Basic	NumStability.exists_transpose_tall_qr_of_mgs_orthonormal	public	theorem	113	-	retain_document	-
NumStability.Algorithms.LinearSystems.LeastSquares.Equality.Basic	NumStability.exists_unique_isLSEMinimizer_iff_lseStackedFullColumnRank_of_exists	public	theorem	114	-	retain_document	-
NumStability.Algorithms.LinearSystems.LeastSquares.Equality.Basic	NumStability.exists_unique_isLSEMinimizer_iff_nullIntersectionTrivial_of_exists	public	theorem	115	-	retain_document	-
NumStability.Algorithms.LinearSystems.LeastSquares.Equality.Basic	NumStability.finAddAssocEquiv	public	definition	116	-	retain_document	-
NumStability.Algorithms.LinearSystems.LeastSquares.Equality.Basic	NumStability.finAddCommEquiv	public	definition	117	-	retain_document	-
NumStability.Algorithms.LinearSystems.LeastSquares.Equality.Basic	NumStability.finPermMatrix	public	definition	118	-	retain_document	-
NumStability.Algorithms.LinearSystems.LeastSquares.Equality.Basic	NumStability.finPermMatrix_orthogonal	public	theorem	119	-	retain_document	-
NumStability.Algorithms.LinearSystems.LeastSquares.Equality.Basic	NumStability.frobNormRect_bottomRows_le	public	theorem	120	-	retain_document	-
NumStability.Algorithms.LinearSystems.LeastSquares.Equality.Basic	NumStability.frobNormRect_lseStackedMatrix_le_add	public	theorem	121	-	retain_document	-
NumStability.Algorithms.LinearSystems.LeastSquares.Equality.Basic	NumStability.frobNormRect_trailingCols_le	public	theorem	122	-	retain_document	-
NumStability.Algorithms.LinearSystems.LeastSquares.Equality.Basic	NumStability.frobNormRect_zeroLeftCols_append	public	theorem	123	-	retain_document	-
NumStability.Algorithms.LinearSystems.LeastSquares.Equality.Basic	NumStability.frobNormRect_zeroRightCols_append	public	theorem	124	-	retain_document	-
NumStability.Algorithms.LinearSystems.LeastSquares.Equality.Basic	NumStability.frobNormRect_zeroTopRows_append	public	theorem	125	-	retain_document	-
NumStability.Algorithms.LinearSystems.LeastSquares.Equality.Basic	NumStability.frobNormSqRect_bottomRows_le	public	theorem	126	-	retain_document	-
NumStability.Algorithms.LinearSystems.LeastSquares.Equality.Basic	NumStability.frobNormSqRect_lseStackedMatrix	public	theorem	127	-	retain_document	-
NumStability.Algorithms.LinearSystems.LeastSquares.Equality.Basic	NumStability.frobNormSqRect_trailingCols_le	public	theorem	128	-	retain_document	-
NumStability.Algorithms.LinearSystems.LeastSquares.Equality.Basic	NumStability.isLSEMinimizer_empty_constraints_iff	public	theorem	129	-	retain_document	-
NumStability.Algorithms.LinearSystems.LeastSquares.Equality.Basic	NumStability.isLSEMinimizer_iff_exists_lagrange_normal_equations_of_fullRowRank	public	theorem	130	-	retain_document	-
NumStability.Algorithms.LinearSystems.LeastSquares.Equality.Basic	NumStability.isLowerTriangular_matTranspose_of_isUpperTriangular	public	theorem	131	-	retain_document	-
NumStability.Algorithms.LinearSystems.LeastSquares.Equality.Basic	NumStability.linearMapBasisMatrix	public	definition	132	-	retain_document	-
NumStability.Algorithms.LinearSystems.LeastSquares.Equality.Basic	NumStability.linearMap_apply_eq_rectMatMulVec_basisMatrix	public	theorem	133	-	retain_document	-
NumStability.Algorithms.LinearSystems.LeastSquares.Equality.Basic	NumStability.linearMap_vecNorm2_le_complexMatrixOp2_basisMatrix	public	theorem	134	-	retain_document	-
NumStability.Algorithms.LinearSystems.LeastSquares.Equality.Basic	NumStability.lsQRTallBlock_zero	public	theorem	135	-	retain_document	-
NumStability.Algorithms.LinearSystems.LeastSquares.Equality.Basic	NumStability.lseConstraintLinearMap	public	definition	136	-	retain_document	-
NumStability.Algorithms.LinearSystems.LeastSquares.Equality.Basic	NumStability.lseConstraintResidual	public	definition	137	-	retain_document	-
NumStability.Algorithms.LinearSystems.LeastSquares.Equality.Basic	NumStability.lseEliminationBackSubstitution	public	definition	138	-	retain_document	-
NumStability.Algorithms.LinearSystems.LeastSquares.Equality.Basic	NumStability.lseEliminationBackSubstitution_eq_of_block_constraint	public	theorem	139	-	retain_document	-
NumStability.Algorithms.LinearSystems.LeastSquares.Equality.Basic	NumStability.lseEliminationBlockConstraint_eq_qtd_of_left_inverse	public	theorem	140	-	retain_document	-
NumStability.Algorithms.LinearSystems.LeastSquares.Equality.Basic	NumStability.lseEliminationBlockMatrix	public	definition	141	-	retain_document	-
NumStability.Algorithms.LinearSystems.LeastSquares.Equality.Basic	NumStability.lseEliminationBlockMatrix_mulVec	public	theorem	142	-	retain_document	-
NumStability.Algorithms.LinearSystems.LeastSquares.Equality.Basic	NumStability.lseEliminationObjective_eq_reduced	public	theorem	143	-	retain_document	-
NumStability.Algorithms.LinearSystems.LeastSquares.Equality.Basic	NumStability.lseEliminationReducedAction	public	definition	144	-	retain_document	-
NumStability.Algorithms.LinearSystems.LeastSquares.Equality.Basic	NumStability.lseEliminationReducedObjective	public	definition	145	-	retain_document	-
NumStability.Algorithms.LinearSystems.LeastSquares.Equality.Basic	NumStability.lseEliminationReducedRhs	public	definition	146	-	retain_document	-
NumStability.Algorithms.LinearSystems.LeastSquares.Equality.Basic	NumStability.lseEliminationResidual_eq_reduced	public	theorem	147	-	retain_document	-
NumStability.Algorithms.LinearSystems.LeastSquares.Equality.Basic	NumStability.lseStackedFullColumnRank_empty_constraints_iff	public	theorem	148	-	retain_document	-
NumStability.Algorithms.LinearSystems.LeastSquares.Equality.Basic	NumStability.lseStackedMatrix	public	definition	149	-	retain_document	-
NumStability.Algorithms.LinearSystems.LeastSquares.Equality.Basic	NumStability.lseStackedMatrix_add	public	theorem	150	-	retain_document	-
NumStability.Algorithms.LinearSystems.LeastSquares.Equality.Basic	NumStability.lseStackedMatrix_mulVec	public	theorem	151	-	retain_document	-
NumStability.Algorithms.LinearSystems.LeastSquares.Equality.Basic	NumStability.lseStackedMatrix_mulVec_eq_zero_iff	public	theorem	152	-	retain_document	-
NumStability.Algorithms.LinearSystems.LeastSquares.Equality.Basic	NumStability.matMulRectLeft_finPermMatrix	public	theorem	153	-	retain_document	-
NumStability.Algorithms.LinearSystems.LeastSquares.Equality.Basic	NumStability.problem20_11_unconstrained_firstOrderRHS_eq	public	theorem	154	-	retain_document	-
NumStability.Algorithms.LinearSystems.LeastSquares.Equality.Basic	NumStability.real_le_div_one_sub_of_le_mul_add	public	theorem	155	-	retain_document	-
NumStability.Algorithms.LinearSystems.LeastSquares.Equality.Basic	NumStability.rectGram_det_ne_zero_of_transpose_rectMatMulVec_injective	public	theorem	156	-	retain_document	-
NumStability.Algorithms.LinearSystems.LeastSquares.Equality.Basic	NumStability.rectMatMulVec_bijective_of_lowerTriangular_diag_ne_zero	public	theorem	157	-	retain_document	-
NumStability.Algorithms.LinearSystems.LeastSquares.Equality.Basic	NumStability.rectMatMulVec_det_ne_zero_of_injective	public	theorem	158	-	retain_document	-
NumStability.Algorithms.LinearSystems.LeastSquares.Equality.Basic	NumStability.rectMatMulVec_diag_ne_zero_of_lowerTriangular_bijective	public	theorem	159	-	retain_document	-
NumStability.Algorithms.LinearSystems.LeastSquares.Equality.Basic	NumStability.rectMatMulVec_diag_ne_zero_of_lowerTriangular_injective	public	theorem	160	-	retain_document	-
NumStability.Algorithms.LinearSystems.LeastSquares.Equality.Basic	NumStability.rectMatMulVec_injective_rectPermuteCols	public	theorem	161	-	retain_document	-
NumStability.Algorithms.LinearSystems.LeastSquares.Equality.Basic	NumStability.rectMatMul_eq_of_forall_rectMatMulVec_eq	public	theorem	162	-	retain_document	-
NumStability.Algorithms.LinearSystems.LeastSquares.Equality.Basic	NumStability.theorem20_10_householder_componentUnitRoundoffCoefficient	public	definition	163	-	retain_document	-
NumStability.Algorithms.LinearSystems.LeastSquares.Equality.Basic	NumStability.theorem20_10_householder_componentUnitRoundoffCoefficient_nonneg	public	theorem	164	-	retain_document	-
NumStability.Algorithms.LinearSystems.LeastSquares.Equality.Basic	NumStability.theorem20_10_householder_componentUnitRoundoffCoefficient_pos	public	theorem	165	-	retain_document	-
NumStability.Algorithms.LinearSystems.LeastSquares.Equality.Basic	NumStability.theorem20_10_householder_component_max_gamma_le_componentUnitRoundoffCoefficient_mul_u_of_small	public	theorem	166	-	retain_document	-
NumStability.Algorithms.LinearSystems.LeastSquares.Equality.Basic	NumStability.theorem20_10_householder_composed_partA_gammaA	public	definition	167	-	retain_document	-
NumStability.Algorithms.LinearSystems.LeastSquares.Equality.Basic	NumStability.theorem20_10_householder_composed_partA_gammaB	public	definition	168	-	retain_document	-
NumStability.Algorithms.LinearSystems.LeastSquares.Equality.Basic	NumStability.theorem20_10_householder_gammaA	public	definition	169	-	retain_document	-
NumStability.Algorithms.LinearSystems.LeastSquares.Equality.Basic	NumStability.theorem20_10_householder_gammaA_conservativeRhs	public	definition	170	-	retain_document	-
NumStability.Algorithms.LinearSystems.LeastSquares.Equality.Basic	NumStability.theorem20_10_householder_gammaA_conservativeRhs_nonneg	public	theorem	171	-	retain_document	-
NumStability.Algorithms.LinearSystems.LeastSquares.Equality.Basic	NumStability.theorem20_10_householder_gammaA_le_linear_unit_roundoff_of_small	public	theorem	172	-	retain_document	-
NumStability.Algorithms.LinearSystems.LeastSquares.Equality.Basic	NumStability.theorem20_10_householder_gammaB	public	definition	173	-	retain_document	-
NumStability.Algorithms.LinearSystems.LeastSquares.Equality.Basic	NumStability.theorem20_10_householder_gammaB_le_linear_unit_roundoff_of_small	public	theorem	174	-	retain_document	-
NumStability.Algorithms.LinearSystems.LeastSquares.Equality.Basic	NumStability.theorem20_10_householder_rhs_conservative_gamma	public	definition	175	-	retain_document	-
NumStability.Algorithms.LinearSystems.LeastSquares.Equality.Basic	NumStability.theorem20_10_householder_rhs_conservative_gamma_le_linear_unit_roundoff_of_small	public	theorem	176	-	retain_document	-
NumStability.Algorithms.LinearSystems.LeastSquares.Equality.Basic	NumStability.theorem20_7_abs_b_le_phi_initialRowMax_permuteRows	public	theorem	177	-	retain_document	-
NumStability.Algorithms.LinearSystems.LeastSquares.Equality.Basic	NumStability.theorem20_7_abs_b_sorted_of_initialRowMax_sorted_compat_nat	public	theorem	178	-	retain_document	-
NumStability.Algorithms.LinearSystems.LeastSquares.Equality.Basic	NumStability.theorem20_7_abs_b_sorted_of_permuteRows_initialRowMax_sorted_compat_nat	public	theorem	179	-	retain_document	-
NumStability.Algorithms.LinearSystems.LeastSquares.Equality.Basic	NumStability.theorem20_7_abs_b_sorted_of_permuteRows_sorted_nat	public	theorem	180	-	retain_document	-
NumStability.Algorithms.LinearSystems.LeastSquares.Equality.Basic	NumStability.theorem20_7_alpha	public	definition	181	-	retain_document	-
NumStability.Algorithms.LinearSystems.LeastSquares.Equality.Basic	NumStability.theorem20_7_alpha_le_of_stageRowMax_le_mul_initial	public	theorem	182	-	retain_document	-
NumStability.Algorithms.LinearSystems.LeastSquares.Equality.Basic	NumStability.theorem20_7_alpha_permuteRows	public	theorem	183	-	retain_document	-
NumStability.Algorithms.LinearSystems.LeastSquares.Equality.Basic	NumStability.theorem20_7_colPivot_entrywise_recursive_cons_of_sigma	public	theorem	184	-	retain_document	-
NumStability.Algorithms.LinearSystems.LeastSquares.Equality.Basic	NumStability.theorem20_7_compactActiveHorizon	public	definition	185	-	retain_document	-
NumStability.Algorithms.LinearSystems.LeastSquares.Equality.Basic	NumStability.theorem20_7_compactActiveHorizonStepSlack	public	definition	186	-	retain_document	-
NumStability.Algorithms.LinearSystems.LeastSquares.Equality.Basic	NumStability.theorem20_7_compactActiveHorizonStepSlack_recurrence_nat	public	theorem	187	-	retain_document	-
NumStability.Algorithms.LinearSystems.LeastSquares.Equality.Basic	NumStability.theorem20_7_compactActiveHorizon_nonneg	public	theorem	188	-	retain_document	-
NumStability.Algorithms.LinearSystems.LeastSquares.Equality.Basic	NumStability.theorem20_7_compactActiveStepFactor	public	definition	189	-	retain_document	-
NumStability.Algorithms.LinearSystems.LeastSquares.Equality.Basic	NumStability.theorem20_7_compactActiveStepFactor_nonneg	public	theorem	190	-	retain_document	-
NumStability.Algorithms.LinearSystems.LeastSquares.Equality.Basic	NumStability.theorem20_7_compactStepSlack	public	definition	191	-	retain_document	-
NumStability.Algorithms.LinearSystems.LeastSquares.Equality.Basic	NumStability.theorem20_7_compactStepSlack_nonneg	public	theorem	192	-	retain_document	-
NumStability.Algorithms.LinearSystems.LeastSquares.Equality.Basic	NumStability.theorem20_7_completedA_preservation_of_signed_stage_subtractZeroExact_nat	public	theorem	193	-	retain_document	-
NumStability.Algorithms.LinearSystems.LeastSquares.Equality.Basic	NumStability.theorem20_7_completedA_preservation_of_stored_panel_step_row_preservation_nat	public	theorem	194	-	retain_document	-
NumStability.Algorithms.LinearSystems.LeastSquares.Equality.Basic	NumStability.theorem20_7_completedB_preservation_of_stored_rhs_steps_nat	public	theorem	195	-	retain_document	-
NumStability.Algorithms.LinearSystems.LeastSquares.Equality.Basic	NumStability.theorem20_7_exists_abs_b_sorted_permuteRows_nat	public	theorem	196	-	retain_document	-
NumStability.Algorithms.LinearSystems.LeastSquares.Equality.Basic	NumStability.theorem20_7_exists_descending_key_permutation_nat	public	theorem	197	-	retain_document	-
NumStability.Algorithms.LinearSystems.LeastSquares.Equality.Basic	NumStability.theorem20_7_exists_initialRowMax_sorted_permuteRows_nat	public	theorem	198	-	retain_document	-
NumStability.Algorithms.LinearSystems.LeastSquares.Equality.Basic	NumStability.theorem20_7_initialRowMax	public	definition	199	-	retain_document	-
NumStability.Algorithms.LinearSystems.LeastSquares.Equality.Basic	NumStability.theorem20_7_initialRowMax_entry_le	public	theorem	200	-	retain_document	-
NumStability.Algorithms.LinearSystems.LeastSquares.Equality.Basic	NumStability.theorem20_7_initialRowMax_nonneg	public	theorem	201	-	retain_document	-
NumStability.Algorithms.LinearSystems.LeastSquares.Equality.Basic	NumStability.theorem20_7_initialRowMax_permuteRows	public	theorem	202	-	retain_document	-
NumStability.Algorithms.LinearSystems.LeastSquares.Equality.Basic	NumStability.theorem20_7_initialRowMax_pos_of_exists_entry_ne_zero	public	theorem	203	-	retain_document	-
NumStability.Algorithms.LinearSystems.LeastSquares.Equality.Basic	NumStability.theorem20_7_initialRowMax_ratio_le_of_sqrt_domination_nat	public	theorem	204	-	retain_document	-
NumStability.Algorithms.LinearSystems.LeastSquares.Equality.Basic	NumStability.theorem20_7_initialRowMax_ratio_of_permuteRows_ratio_nat	public	theorem	205	-	retain_document	-
NumStability.Algorithms.LinearSystems.LeastSquares.Equality.Basic	NumStability.theorem20_7_initialRowMax_sorted_not_imp_sqrt_row_domination_two_by_one	public	theorem	206	-	retain_document	-
NumStability.Algorithms.LinearSystems.LeastSquares.Equality.Basic	NumStability.theorem20_7_initialRowMax_sorted_of_permuteRows_sorted_nat	public	theorem	207	-	retain_document	-
NumStability.Algorithms.LinearSystems.LeastSquares.Equality.Basic	NumStability.theorem20_7_initialRowMax_sqrt_domination_of_ratio_le_nat	public	theorem	208	-	retain_document	-
NumStability.Algorithms.LinearSystems.LeastSquares.Equality.Basic	NumStability.theorem20_7_pivotMax_of_activeMaxPivotColumn_nat	public	theorem	209	-	retain_document	-
NumStability.Algorithms.LinearSystems.LeastSquares.Equality.Basic	NumStability.theorem20_7_pivotMax_of_activeMaxPivotColumn_stage_swaps_nat	public	theorem	210	-	retain_document	-
NumStability.Algorithms.LinearSystems.LeastSquares.Equality.Basic	NumStability.theorem20_7_pivoted_householder_qr_packaged_original_space_column_norm	public	theorem	211	-	retain_document	-
NumStability.Algorithms.LinearSystems.LeastSquares.Equality.Basic	NumStability.theorem20_7_rowRatioMax	public	definition	212	-	retain_document	-
NumStability.Algorithms.LinearSystems.LeastSquares.Equality.Basic	NumStability.theorem20_7_rowRatioMax_entry_le	public	theorem	213	-	retain_document	-
NumStability.Algorithms.LinearSystems.LeastSquares.Equality.Basic	NumStability.theorem20_7_rowRatioMax_le_of_forall	public	theorem	214	-	retain_document	-
NumStability.Algorithms.LinearSystems.LeastSquares.Equality.Basic	NumStability.theorem20_7_rows_nonzero_permuteRows	public	theorem	215	-	retain_document	-
NumStability.Algorithms.LinearSystems.LeastSquares.Equality.Basic	NumStability.theorem20_7_signed_stage_completed_column_preservation_nat	public	theorem	216	-	retain_document	-
NumStability.Algorithms.LinearSystems.LeastSquares.Equality.Basic	NumStability.theorem20_7_signed_stage_norm_coeff_slack_of_trailingNorm_pos_nat	public	theorem	217	-	retain_document	-
NumStability.Algorithms.LinearSystems.LeastSquares.Equality.Basic	NumStability.theorem20_7_signed_stage_pivot_column_zero_below_of_trailingNorm_pos_nat	public	theorem	218	-	retain_document	-
NumStability.Algorithms.LinearSystems.LeastSquares.Equality.Basic	NumStability.theorem20_7_signed_stage_stored_panel_row_preservation_of_subtractZeroExact_nat	public	theorem	219	-	retain_document	-
NumStability.Algorithms.LinearSystems.LeastSquares.Equality.Basic	NumStability.theorem20_7_sourceColumnFactor	public	definition	220	-	retain_document	-
NumStability.Algorithms.LinearSystems.LeastSquares.Equality.Basic	NumStability.theorem20_7_sourceColumnFactor_nonneg	public	theorem	221	-	retain_document	-
NumStability.Algorithms.LinearSystems.LeastSquares.Equality.Basic	NumStability.theorem20_7_sourceDimensionFactor	public	definition	222	-	retain_document	-
NumStability.Algorithms.LinearSystems.LeastSquares.Equality.Basic	NumStability.theorem20_7_sourceDimensionFactor_nonneg	public	theorem	223	-	retain_document	-
NumStability.Algorithms.LinearSystems.LeastSquares.Equality.Basic	NumStability.theorem20_7_stageBMax	public	definition	224	-	retain_document	-
NumStability.Algorithms.LinearSystems.LeastSquares.Equality.Basic	NumStability.theorem20_7_stageBMax_entry_le	public	theorem	225	-	retain_document	-
NumStability.Algorithms.LinearSystems.LeastSquares.Equality.Basic	NumStability.theorem20_7_stageBMax_le_of_entry_le	public	theorem	226	-	retain_document	-
NumStability.Algorithms.LinearSystems.LeastSquares.Equality.Basic	NumStability.theorem20_7_stageBMax_le_of_entry_le_nat	public	theorem	227	-	retain_document	-
NumStability.Algorithms.LinearSystems.LeastSquares.Equality.Basic	NumStability.theorem20_7_stageBMax_permuteRows	public	theorem	228	-	retain_document	-
NumStability.Algorithms.LinearSystems.LeastSquares.Equality.Basic	NumStability.theorem20_7_stageRowMax	public	definition	229	-	retain_document	-
NumStability.Algorithms.LinearSystems.LeastSquares.Equality.Basic	NumStability.theorem20_7_stageRowMax_entry_le	public	theorem	230	-	retain_document	-
NumStability.Algorithms.LinearSystems.LeastSquares.Equality.Basic	NumStability.theorem20_7_stageRowMax_le_mul_initial_of_alpha_le	public	theorem	231	-	retain_document	-
NumStability.Algorithms.LinearSystems.LeastSquares.Equality.Basic	NumStability.theorem20_7_stageRowMax_le_of_entry_le	public	theorem	232	-	retain_document	-
NumStability.Algorithms.LinearSystems.LeastSquares.Equality.Basic	NumStability.theorem20_7_stageRowMax_le_of_entry_le_nat	public	theorem	233	-	retain_document	-
NumStability.Algorithms.LinearSystems.LeastSquares.Equality.Basic	NumStability.theorem20_7_stageRowMax_nonneg	public	theorem	234	-	retain_document	-
NumStability.Algorithms.LinearSystems.LeastSquares.Equality.Basic	NumStability.theorem20_7_stageRowMax_permuteRows	public	theorem	235	-	retain_document	-
NumStability.Algorithms.LinearSystems.LeastSquares.Equality.Basic	NumStability.theorem20_7_storedHouseholderQRMatrixSeq_current_diag_nonzero_of_leadingBlock_det_ne_zero_nat	public	theorem	236	-	retain_document	-
NumStability.Algorithms.LinearSystems.LeastSquares.Equality.Basic	NumStability.theorem20_7_storedHouseholderQRMatrixSeq_diagLead_of_step_diag_and_current_diag_nat	public	theorem	237	-	retain_document	-
NumStability.Algorithms.LinearSystems.LeastSquares.Equality.Basic	NumStability.theorem20_7_storedHouseholderQRMatrixSeq_diagPrev_of_diagLead_nat	public	theorem	238	-	retain_document	-
NumStability.Algorithms.LinearSystems.LeastSquares.Equality.Basic	NumStability.theorem20_7_storedHouseholderQRMatrixSeq_prefix_lower_zero_nat	public	theorem	239	-	retain_document	-
NumStability.Algorithms.LinearSystems.LeastSquares.Equality.Basic	NumStability.theorem20_7_storedQRSignedStageVector_zero_prefix_nat	public	theorem	240	-	retain_document	-
NumStability.Algorithms.LinearSystems.LeastSquares.Equality.Basic	NumStability.theorem20_7_vecNorm2_le_sqrt_card_mul_scale_of_abs_le	public	theorem	241	-	retain_document	-
NumStability.Algorithms.LinearSystems.LeastSquares.Equality.Basic	NumStability.theorem20_7_vecNorm2_trailingPart_le_sqrt_card_mul_scale_of_active_abs_le	public	theorem	242	-	retain_document	-
NumStability.Algorithms.LinearSystems.LeastSquares.Equality.Basic	NumStability.theorem20_7_zeroBasedColumnSq_le_sourceColumnFactor	public	theorem	243	-	retain_document	-
NumStability.Algorithms.LinearSystems.LeastSquares.Equality.Basic	NumStability.theorem20_8ABplus_eq_A_APplus_A_Bplus_add_A_BAplus	public	theorem	244	-	retain_document	-
NumStability.Algorithms.LinearSystems.LeastSquares.Equality.Basic	NumStability.theorem20_8AP	public	definition	245	-	retain_document	-
NumStability.Algorithms.LinearSystems.LeastSquares.Equality.Basic	NumStability.theorem20_8AP_apply_feasible_difference	public	theorem	246	-	retain_document	-
NumStability.Algorithms.LinearSystems.LeastSquares.Equality.Basic	NumStability.theorem20_8AP_apply_nullspace	public	theorem	247	-	retain_document	-
NumStability.Algorithms.LinearSystems.LeastSquares.Equality.Basic	NumStability.theorem20_8AP_feasible_step_action	public	theorem	248	-	retain_document	-
NumStability.Algorithms.LinearSystems.LeastSquares.Equality.Basic	NumStability.theorem20_8AP_feasible_step_objective	public	theorem	249	-	retain_document	-
NumStability.Algorithms.LinearSystems.LeastSquares.Equality.Basic	NumStability.theorem20_8AP_feasible_step_residual	public	theorem	250	-	retain_document	-
NumStability.Algorithms.LinearSystems.LeastSquares.Equality.Basic	NumStability.theorem20_8AP_mul_projection_eq_self	public	theorem	251	-	retain_document	-
NumStability.Algorithms.LinearSystems.LeastSquares.Equality.Basic	NumStability.theorem20_8AP_perturbed_unconstrained_minimizer_of_lse_minimizer	public	theorem	252	-	retain_document	-
NumStability.Algorithms.LinearSystems.LeastSquares.Equality.Basic	NumStability.theorem20_8AP_unconstrained_minimizer_lifts	public	theorem	253	-	retain_document	-
NumStability.Algorithms.LinearSystems.LeastSquares.Equality.Basic	NumStability.theorem20_8AP_unconstrained_minimizer_of_lse_minimizer	public	theorem	254	-	retain_document	-
NumStability.Algorithms.LinearSystems.LeastSquares.Equality.Basic	NumStability.theorem20_8A_BAplus_apply	public	theorem	255	-	retain_document	-
NumStability.Algorithms.LinearSystems.LeastSquares.Equality.Basic	NumStability.theorem20_8BAplus	public	definition	256	-	retain_document	-
NumStability.Algorithms.LinearSystems.LeastSquares.Equality.Basic	NumStability.theorem20_8BAplusResidualGapCorrection	public	definition	257	-	retain_document	-
NumStability.Algorithms.LinearSystems.LeastSquares.Equality.Basic	NumStability.theorem20_8BAplusResidualGapCorrection_mono_of_vecNorm2_le	public	theorem	258	-	retain_document	-
NumStability.Algorithms.LinearSystems.LeastSquares.Equality.Basic	NumStability.theorem20_8BAplusSmallGainResidualRadius	public	definition	259	-	retain_document	-
NumStability.Algorithms.LinearSystems.LeastSquares.Equality.Basic	NumStability.theorem20_8BAplusSmallGainResidualRadiusCoeff	public	definition	260	-	retain_document	-
NumStability.Algorithms.LinearSystems.LeastSquares.Equality.Basic	NumStability.theorem20_8BAplusSmallGainResidualRadius_eq_eps_mul_coeff	public	theorem	261	-	retain_document	-
NumStability.Algorithms.LinearSystems.LeastSquares.Equality.Basic	NumStability.theorem20_8BAplusSmallGainResidualRadius_le_eps_residual_of_coeff_le	public	theorem	262	-	retain_document	-
NumStability.Algorithms.LinearSystems.LeastSquares.Equality.Basic	NumStability.theorem20_8BAplusSmallGainResidualRadius_mono_of_vecNorm2_le	public	theorem	263	-	retain_document	-
NumStability.Algorithms.LinearSystems.LeastSquares.Equality.Basic	NumStability.theorem20_8BAplusSmallGainSolutionRHS	public	definition	264	-	retain_document	-
NumStability.Algorithms.LinearSystems.LeastSquares.Equality.Basic	NumStability.theorem20_8BAplusSmallGainSolutionRHS_mono_of_vecNorm2_le	public	theorem	265	-	retain_document	-
NumStability.Algorithms.LinearSystems.LeastSquares.Equality.Basic	NumStability.theorem20_8BAplus_apply	public	theorem	266	-	retain_document	-
NumStability.Algorithms.LinearSystems.LeastSquares.Equality.Basic	NumStability.theorem20_8FirstOrderRHS	public	definition	267	-	retain_document	-
NumStability.Algorithms.LinearSystems.LeastSquares.Equality.Basic	NumStability.theorem20_8FirstOrderRHS_eq_zero_residual_add_residual_term	public	theorem	268	-	retain_document	-
NumStability.Algorithms.LinearSystems.LeastSquares.Equality.Basic	NumStability.theorem20_8FirstOrderRHS_le_of_residual_norm_le	public	theorem	269	-	retain_document	-
NumStability.Algorithms.LinearSystems.LeastSquares.Equality.Basic	NumStability.theorem20_8FirstOrderRHS_nonneg	public	theorem	270	-	retain_document	-
NumStability.Algorithms.LinearSystems.LeastSquares.Equality.Basic	NumStability.theorem20_8FirstOrderRHS_of_zero_residual	public	theorem	271	-	retain_document	-
NumStability.Algorithms.LinearSystems.LeastSquares.Equality.Basic	NumStability.theorem20_8FirstOrderRHS_zero_residual_le	public	theorem	272	-	retain_document	-
NumStability.Algorithms.LinearSystems.LeastSquares.Equality.Basic	NumStability.theorem20_8KappaA	public	definition	273	-	retain_document	-
NumStability.Algorithms.LinearSystems.LeastSquares.Equality.Basic	NumStability.theorem20_8KappaA_directCorrection_sourceTerm_eq	public	theorem	274	-	retain_document	-
NumStability.Algorithms.LinearSystems.LeastSquares.Equality.Basic	NumStability.theorem20_8KappaA_nonneg	public	theorem	275	-	retain_document	-
NumStability.Algorithms.LinearSystems.LeastSquares.Equality.Basic	NumStability.theorem20_8KappaA_sourceTerm_le_firstOrderRHS	public	theorem	276	-	retain_document	-
NumStability.Algorithms.LinearSystems.LeastSquares.Equality.Basic	NumStability.theorem20_8KappaB	public	definition	277	-	retain_document	-
NumStability.Algorithms.LinearSystems.LeastSquares.Equality.Basic	NumStability.theorem20_8KappaB_dataForcing_sourceTerm_eq	public	theorem	278	-	retain_document	-
NumStability.Algorithms.LinearSystems.LeastSquares.Equality.Basic	NumStability.theorem20_8KappaB_dataSourceTerm_le_firstOrderRHS	public	theorem	279	-	retain_document	-
NumStability.Algorithms.LinearSystems.LeastSquares.Equality.Basic	NumStability.theorem20_8KappaB_mul_eps_lt_one_of_eps_lt_inv	public	theorem	280	-	retain_document	-
NumStability.Algorithms.LinearSystems.LeastSquares.Equality.Basic	NumStability.theorem20_8KappaB_nonneg	public	theorem	281	-	retain_document	-
NumStability.Algorithms.LinearSystems.LeastSquares.Equality.Basic	NumStability.theorem20_8Projection	public	definition	282	-	retain_document	-
NumStability.Algorithms.LinearSystems.LeastSquares.Equality.Basic	NumStability.theorem20_8Projection_apply_feasible_difference	public	theorem	283	-	retain_document	-
NumStability.Algorithms.LinearSystems.LeastSquares.Equality.Basic	NumStability.theorem20_8Projection_apply_nullspace	public	theorem	284	-	retain_document	-
NumStability.Algorithms.LinearSystems.LeastSquares.Equality.Basic	NumStability.theorem20_8Projection_apply_of_constraint	public	theorem	285	-	retain_document	-
NumStability.Algorithms.LinearSystems.LeastSquares.Equality.Basic	NumStability.theorem20_8Projection_apply_perturbed_feasible_difference	public	theorem	286	-	retain_document	-
NumStability.Algorithms.LinearSystems.LeastSquares.Equality.Basic	NumStability.theorem20_8Projection_constraint_vec_zero	public	theorem	287	-	retain_document	-
NumStability.Algorithms.LinearSystems.LeastSquares.Equality.Basic	NumStability.theorem20_8Projection_constraint_zero	public	theorem	288	-	retain_document	-
NumStability.Algorithms.LinearSystems.LeastSquares.Equality.Basic	NumStability.theorem20_8Projection_feasible_difference_decomp	public	theorem	289	-	retain_document	-
NumStability.Algorithms.LinearSystems.LeastSquares.Equality.Basic	NumStability.theorem20_8Projection_feasible_step	public	theorem	290	-	retain_document	-
NumStability.Algorithms.LinearSystems.LeastSquares.Equality.Basic	NumStability.theorem20_8Projection_symmetric_of_domain_projection_symmetric	public	theorem	291	-	retain_document	-
NumStability.Algorithms.LinearSystems.LeastSquares.Equality.Basic	NumStability.theorem20_8Projection_symmetric_of_gram_pseudoinverse	public	theorem	292	-	retain_document	-
NumStability.Algorithms.LinearSystems.LeastSquares.Equality.Basic	NumStability.theorem20_8Projection_vec_idempotent	public	theorem	293	-	retain_document	-
NumStability.Algorithms.LinearSystems.LeastSquares.Equality.Basic	NumStability.theorem20_8ResidualAmplifier	public	definition	294	-	retain_document	-
NumStability.Algorithms.LinearSystems.LeastSquares.Equality.Basic	NumStability.theorem20_8ResidualAmplifier_nonneg	public	theorem	295	-	retain_document	-
NumStability.Algorithms.LinearSystems.LeastSquares.Equality.Basic	NumStability.theorem20_8Residual_sourceRadius_le_firstOrderRHS_scaled	public	theorem	296	-	retain_document	-
NumStability.Algorithms.LinearSystems.LeastSquares.Equality.Basic	NumStability.theorem20_8Residual_sourceTerm_le_firstOrderRHS	public	theorem	297	-	retain_document	-
NumStability.Algorithms.LinearSystems.LeastSquares.Equality.Basic	NumStability.theorem20_8Residual_sourceTerm_scaled_eq	public	theorem	298	-	retain_document	-
NumStability.Algorithms.LinearSystems.LeastSquares.Equality.Basic	NumStability.theorem20_8Residual_sourceTerm_scaled_le_firstOrderRHS	public	theorem	299	-	retain_document	-
NumStability.Algorithms.LinearSystems.LeastSquares.Equality.Basic	NumStability.theorem20_8SourceCoefficientSum_eq_firstOrderRHS	public	theorem	300	-	retain_document	-
NumStability.Algorithms.LinearSystems.LeastSquares.Equality.Basic	NumStability.theorem20_8SourceCoefficientSum_le_firstOrderRHS	public	theorem	301	-	retain_document	-
NumStability.Algorithms.LinearSystems.LeastSquares.Equality.Basic	NumStability.theorem20_8SourceCoefficientSum_scaled_eq_firstOrderRHS	public	theorem	302	-	retain_document	-
NumStability.Algorithms.LinearSystems.LeastSquares.Equality.Basic	NumStability.theorem20_8SourceCoefficientSum_scaled_le_firstOrderRHS	public	theorem	303	-	retain_document	-
NumStability.Algorithms.LinearSystems.LeastSquares.Equality.Basic	NumStability.theorem20_8SourceRadiiSum_le_firstOrderRHS_scaled	public	theorem	304	-	retain_document	-
NumStability.Algorithms.LinearSystems.LeastSquares.Equality.Basic	NumStability.theorem20_8_AP_difference_eq_action_minus_constraint_correction	public	theorem	305	-	retain_document	-
NumStability.Algorithms.LinearSystems.LeastSquares.Equality.Basic	NumStability.theorem20_8_AP_difference_eq_of_perturbed_higham_residual_eq	public	theorem	306	-	retain_document	-
NumStability.Algorithms.LinearSystems.LeastSquares.Equality.Basic	NumStability.theorem20_8_AP_difference_eq_of_perturbed_residual_eq	public	theorem	307	-	retain_document	-
NumStability.Algorithms.LinearSystems.LeastSquares.Equality.Basic	NumStability.theorem20_8_AP_difference_eq_of_same_higham_residual_eq	public	theorem	308	-	retain_document	-
NumStability.Algorithms.LinearSystems.LeastSquares.Equality.Basic	NumStability.theorem20_8_AP_injective_on_nullspace_of_nullIntersectionTrivial	public	theorem	309	-	retain_document	-
NumStability.Algorithms.LinearSystems.LeastSquares.Equality.Basic	NumStability.theorem20_8_AP_left_inverse_on_nullspace_of_MP_matrix_range_null_nullIntersection	public	theorem	310	-	retain_document	-
NumStability.Algorithms.LinearSystems.LeastSquares.Equality.Basic	NumStability.theorem20_8_AP_left_inverse_on_nullspace_of_MP_projection_range_nullIntersection	public	theorem	311	-	retain_document	-
NumStability.Algorithms.LinearSystems.LeastSquares.Equality.Basic	NumStability.theorem20_8_AP_left_inverse_on_nullspace_of_MP_transpose_range_null_nullIntersection	public	theorem	312	-	retain_document	-
NumStability.Algorithms.LinearSystems.LeastSquares.Equality.Basic	NumStability.theorem20_8_AP_left_inverse_on_nullspace_of_gram_MP_gram_projection_nullIntersection	public	theorem	313	-	retain_document	-
NumStability.Algorithms.LinearSystems.LeastSquares.Equality.Basic	NumStability.theorem20_8_AP_left_inverse_on_nullspace_of_penrose1_matrix_range_null_nullIntersection	public	theorem	314	-	retain_document	-
NumStability.Algorithms.LinearSystems.LeastSquares.Equality.Basic	NumStability.theorem20_8_AP_left_inverse_on_nullspace_of_penrose1_range_null_injective	public	theorem	315	-	retain_document	-
NumStability.Algorithms.LinearSystems.LeastSquares.Equality.Basic	NumStability.theorem20_8_AP_left_inverse_on_nullspace_of_penrose1_range_null_nullIntersection	public	theorem	316	-	retain_document	-
NumStability.Algorithms.LinearSystems.LeastSquares.Equality.Basic	NumStability.theorem20_8_AP_transpose_constraint_annihilates_of_gram_projection	public	theorem	317	-	retain_document	-
NumStability.Algorithms.LinearSystems.LeastSquares.Equality.Basic	NumStability.theorem20_8_AP_transpose_constraint_annihilates_of_projection_symmetric	public	theorem	318	-	retain_document	-
NumStability.Algorithms.LinearSystems.LeastSquares.Equality.Basic	NumStability.theorem20_8_APplus_AP_eq_projection_of_AP_left_inverse_on_nullspace	public	theorem	319	-	retain_document	-
NumStability.Algorithms.LinearSystems.LeastSquares.Equality.Basic	NumStability.theorem20_8_APplus_AP_eq_projection_of_MP_transpose_range_nullIntersection	public	theorem	320	-	retain_document	-
NumStability.Algorithms.LinearSystems.LeastSquares.Equality.Basic	NumStability.theorem20_8_APplus_constraint_annihilates_of_MP_transpose_constraint	public	theorem	321	-	retain_document	-
NumStability.Algorithms.LinearSystems.LeastSquares.Equality.Basic	NumStability.theorem20_8_APplus_constraint_annihilates_of_projection_range	public	theorem	322	-	retain_document	-
NumStability.Algorithms.LinearSystems.LeastSquares.Equality.Basic	NumStability.theorem20_8_APplus_projection_range_of_MP_transpose_constraint	public	theorem	323	-	retain_document	-
NumStability.Algorithms.LinearSystems.LeastSquares.Equality.Basic	NumStability.theorem20_8_APplus_projection_range_of_MP_transpose_range	public	theorem	324	-	retain_document	-
NumStability.Algorithms.LinearSystems.LeastSquares.Equality.Basic	NumStability.theorem20_8_APplus_projection_range_of_constraint_annihilates	public	theorem	325	-	retain_document	-
NumStability.Algorithms.LinearSystems.LeastSquares.Equality.Basic	NumStability.theorem20_8_APplus_range_null_of_constraint_annihilates	public	theorem	326	-	retain_document	-
NumStability.Algorithms.LinearSystems.LeastSquares.Equality.Basic	NumStability.theorem20_8_feasible_difference_constraint_zero	public	theorem	327	-	retain_document	-
NumStability.Algorithms.LinearSystems.LeastSquares.Equality.Basic	NumStability.theorem20_8_gram_APplus_constraint_annihilates_of_AP_transpose_constraint	public	theorem	328	-	retain_document	-
NumStability.Algorithms.LinearSystems.LeastSquares.Equality.Basic	NumStability.theorem20_8_gram_APplus_constraint_annihilates_of_gram_projection	public	theorem	329	-	retain_document	-
NumStability.Algorithms.LinearSystems.LeastSquares.Equality.Basic	NumStability.theorem20_8_not_residual_amplifier_factor_ge_one_add_inv_of_ABAplus_op2_eq_zero	public	theorem	330	-	retain_document	-
NumStability.Algorithms.LinearSystems.LeastSquares.Equality.Basic	NumStability.theorem20_8_penrose1_of_rectMoorePenrosePseudoinverse	public	theorem	331	-	retain_document	-
NumStability.Algorithms.LinearSystems.LeastSquares.Equality.Basic	NumStability.theorem20_8_perturbed_feasible_difference_constraint	public	theorem	332	-	retain_document	-
NumStability.Algorithms.LinearSystems.LeastSquares.Equality.Basic	NumStability.theorem20_8_perturbed_feasible_difference_decomp	public	theorem	333	-	retain_document	-
NumStability.Algorithms.LinearSystems.LeastSquares.Equality.Basic	NumStability.theorem20_8_perturbed_feasible_point_action_decomp	public	theorem	334	-	retain_document	-
NumStability.Algorithms.LinearSystems.LeastSquares.Equality.Basic	NumStability.theorem20_8_perturbed_feasible_point_decomp	public	theorem	335	-	retain_document	-
NumStability.Algorithms.LinearSystems.LeastSquares.Equality.Basic	NumStability.theorem20_8_perturbed_feasible_residual_decomp	public	theorem	336	-	retain_document	-
NumStability.Algorithms.LinearSystems.LeastSquares.Equality.Basic	NumStability.theorem20_8_perturbed_feasible_residual_decomp_BAplus	public	theorem	337	-	retain_document	-
NumStability.Algorithms.LinearSystems.LeastSquares.Equality.Basic	NumStability.theorem20_8_projected_action_of_AP_left_inverse_on_nullspace	public	theorem	338	-	retain_document	-
NumStability.Algorithms.LinearSystems.LeastSquares.Equality.Basic	NumStability.theorem20_8_projected_action_of_AP_penrose1_range_null_injective	public	theorem	339	-	retain_document	-
NumStability.Algorithms.LinearSystems.LeastSquares.Equality.Basic	NumStability.theorem20_8_projected_action_of_nullspace_left_inverse	public	theorem	340	-	retain_document	-
NumStability.Algorithms.LinearSystems.LeastSquares.Equality.Basic	NumStability.theorem20_8_projected_difference_eq_APplus_of_AP_left_inverse_on_nullspace_reduced_difference_eq	public	theorem	341	-	retain_document	-
NumStability.Algorithms.LinearSystems.LeastSquares.Equality.Basic	NumStability.theorem20_8_projected_difference_eq_APplus_of_AP_penrose1_range_null_injective_reduced_difference_eq	public	theorem	342	-	retain_document	-
NumStability.Algorithms.LinearSystems.LeastSquares.Equality.Basic	NumStability.theorem20_8_projected_difference_eq_APplus_of_nullspace_left_inverse_reduced_difference_eq	public	theorem	343	-	retain_document	-
NumStability.Algorithms.LinearSystems.LeastSquares.Equality.Basic	NumStability.theorem20_8_projected_difference_eq_APplus_of_perturbed_higham_residual_eq	public	theorem	344	-	retain_document	-
NumStability.Algorithms.LinearSystems.LeastSquares.Equality.Basic	NumStability.theorem20_8_projected_difference_eq_APplus_of_projected_action_reduced_difference_eq	public	theorem	345	-	retain_document	-
NumStability.Algorithms.LinearSystems.LeastSquares.Equality.Basic	NumStability.theorem20_8_projected_difference_eq_APplus_of_reduced_difference_eq	public	theorem	346	-	retain_document	-
NumStability.Algorithms.LinearSystems.LeastSquares.Equality.Basic	NumStability.theorem20_8_projected_difference_eq_APplus_of_same_higham_residual_eq	public	theorem	347	-	retain_document	-
NumStability.Algorithms.LinearSystems.LeastSquares.Equality.Basic	NumStability.theorem20_8_projected_difference_eq_APplus_of_same_higham_residual_projected_action	public	theorem	348	-	retain_document	-
NumStability.Algorithms.LinearSystems.LeastSquares.Equality.Basic	NumStability.theorem20_8_quadratic_remainder_relative_eq_eps_sq_coefficient	public	theorem	349	-	retain_document	-
NumStability.Algorithms.LinearSystems.LeastSquares.Equality.Basic	NumStability.theorem20_8_relative_remainder_eq_eps_radius_coefficient	public	theorem	350	-	retain_document	-
NumStability.Algorithms.LinearSystems.LeastSquares.Equality.Basic	NumStability.theorem20_8_solution_difference_eq_BAplus_add_APplus_of_AP_left_inverse_on_nullspace_reduced_difference_eq	public	theorem	351	-	retain_document	-
NumStability.Algorithms.LinearSystems.LeastSquares.Equality.Basic	NumStability.theorem20_8_solution_difference_eq_BAplus_add_APplus_of_AP_penrose1_range_null_injective_reduced_difference_eq	public	theorem	352	-	retain_document	-
NumStability.Algorithms.LinearSystems.LeastSquares.Equality.Basic	NumStability.theorem20_8_solution_difference_eq_BAplus_add_APplus_of_perturbed_higham_residual_eq	public	theorem	353	-	retain_document	-
NumStability.Algorithms.LinearSystems.LeastSquares.Equality.Basic	NumStability.theorem20_8_solution_difference_eq_BAplus_add_APplus_of_perturbed_higham_residual_projected_action	public	theorem	354	-	retain_document	-
NumStability.Algorithms.LinearSystems.LeastSquares.Equality.Basic	NumStability.theorem20_8_solution_difference_eq_BAplus_add_APplus_of_projected_action_reduced_difference_eq	public	theorem	355	-	retain_document	-
NumStability.Algorithms.LinearSystems.LeastSquares.Equality.Basic	NumStability.theorem20_8_solution_difference_eq_BAplus_add_APplus_of_projected_difference	public	theorem	356	-	retain_document	-
NumStability.Algorithms.LinearSystems.LeastSquares.Equality.Basic	NumStability.theorem20_8_solution_difference_eq_BAplus_add_APplus_of_same_higham_residual_eq	public	theorem	357	-	retain_document	-
NumStability.Algorithms.LinearSystems.LeastSquares.Equality.Basic	NumStability.theorem20_8_solution_difference_eq_BAplus_add_APplus_of_same_higham_residual_projected_action	public	theorem	358	-	retain_document	-
NumStability.Algorithms.LinearSystems.LeastSquares.Equality.Basic	NumStability.theorem20_8_vecNorm2_ABplus_apply_le	public	theorem	359	-	retain_document	-
NumStability.Algorithms.LinearSystems.LeastSquares.Equality.Basic	NumStability.theorem20_8_vecNorm2_ABplus_constraint_defect_le	public	theorem	360	-	retain_document	-
NumStability.Algorithms.LinearSystems.LeastSquares.Equality.Basic	NumStability.theorem20_8_vecNorm2_APplus_higham_data_forcing_eq	public	theorem	361	-	retain_document	-
NumStability.Algorithms.LinearSystems.LeastSquares.Equality.Basic	NumStability.theorem20_8_vecNorm2_A_BAplus_apply_le	public	theorem	362	-	retain_document	-
NumStability.Algorithms.LinearSystems.LeastSquares.Equality.Basic	NumStability.theorem20_8_vecNorm2_A_BAplus_constraint_defect_le	public	theorem	363	-	retain_document	-
NumStability.Algorithms.LinearSystems.LeastSquares.Equality.Basic	NumStability.theorem20_8_vecNorm2_BAplus_apply_le	public	theorem	364	-	retain_document	-
NumStability.Algorithms.LinearSystems.LeastSquares.Equality.Basic	NumStability.theorem20_8_vecNorm2_BAplus_constraint_defect_le	public	theorem	365	-	retain_document	-
NumStability.Algorithms.LinearSystems.LeastSquares.Equality.Basic	NumStability.theorem20_8_vecNorm2_b_le_frobNormRect_mul_x_add_sourceResidual	public	theorem	366	-	retain_document	-
NumStability.Algorithms.LinearSystems.LeastSquares.Equality.Basic	NumStability.theorem20_8_vecNorm2_b_le_of_sourceResidualScale	public	theorem	367	-	retain_document	-
NumStability.Algorithms.LinearSystems.LeastSquares.Equality.Basic	NumStability.theorem20_8_vecNorm2_constraint_defect_le	public	theorem	368	-	retain_document	-
NumStability.Algorithms.LinearSystems.LeastSquares.Equality.Basic	NumStability.theorem20_8_vecNorm2_higham_residual_le	public	theorem	369	-	retain_document	-
NumStability.Algorithms.LinearSystems.LeastSquares.Equality.Basic	NumStability.theorem20_8_vecNorm2_perturbed_residual_correction_le	public	theorem	370	-	retain_document	-
NumStability.Algorithms.LinearSystems.LeastSquares.Equality.Basic	NumStability.theorem20_8_vecNorm2_solution_difference_residual_forcing_le	public	theorem	371	-	retain_document	-
NumStability.Algorithms.LinearSystems.LeastSquares.Equality.Basic	NumStability.theorem20_8_vecNorm2_solution_difference_residual_forcing_le_projected_action	public	theorem	372	-	retain_document	-
NumStability.Algorithms.LinearSystems.LeastSquares.Equality.Basic	NumStability.theorem20_8_vecNorm2_stationarity_forcing_le	public	theorem	373	-	retain_document	-
NumStability.Algorithms.LinearSystems.LeastSquares.Equality.Basic	NumStability.vecNorm2_le_one_add_relative_difference_mul	public	theorem	374	-	retain_document	-
NumStability.Algorithms.LinearSystems.LeastSquares.Equality.Basic	NumStability.vecNorm2_zeroLeft_append	public	theorem	375	-	retain_document	-
NumStability.Algorithms.LinearSystems.LeastSquares.Equality.Basic	_private.NumStability.Algorithms.LinearSystems.LeastSquares.Equality.Basic.0.NumStability.isInverse_rectMatMulVec_bijective	private	theorem	376	-	retain_document	-
NumStability.Algorithms.LinearSystems.LeastSquares.Equality.Basic	_private.NumStability.Algorithms.LinearSystems.LeastSquares.Equality.Basic.0.NumStability.isOrthogonal_of_column_orthonormal	private	theorem	377	-	retain_document	-
NumStability.Algorithms.LinearSystems.LeastSquares.Equality.Basic	_private.NumStability.Algorithms.LinearSystems.LeastSquares.Equality.Basic.0.NumStability.isRightInverse_of_isLeftInverse_square	private	theorem	378	-	retain_document	-
NumStability.Algorithms.LinearSystems.LeastSquares.Equality.Basic	_private.NumStability.Algorithms.LinearSystems.LeastSquares.Equality.Basic.0.NumStability.lseConstraintLinearMap_basis	private	theorem	379	-	retain_document	-
NumStability.Algorithms.LinearSystems.LeastSquares.Equality.Basic	_private.NumStability.Algorithms.LinearSystems.LeastSquares.Equality.Basic.0.NumStability.lseDotDual	private	definition	380	-	retain_document	-
NumStability.Algorithms.LinearSystems.LeastSquares.Equality.Basic	_private.NumStability.Algorithms.LinearSystems.LeastSquares.Equality.Basic.0.NumStability.lseDotDual_basis	private	theorem	381	-	retain_document	-
NumStability.Algorithms.LinearSystems.LeastSquares.Equality.Basic	_private.NumStability.Algorithms.LinearSystems.LeastSquares.Equality.Basic.0.NumStability.lseDual_eval_eq_sum	private	theorem	382	-	retain_document	-
NumStability.Algorithms.LinearSystems.LeastSquares.Equality.Basic	_private.NumStability.Algorithms.LinearSystems.LeastSquares.Equality.Basic.0.NumStability.lseKernelFactorDual	private	definition	383	-	retain_document	-
NumStability.Algorithms.LinearSystems.LeastSquares.Equality.Basic	_private.NumStability.Algorithms.LinearSystems.LeastSquares.Equality.Basic.0.NumStability.lseKernelFactorDual_apply_constraint	private	theorem	384	-	retain_document	-
NumStability.Algorithms.LinearSystems.LeastSquares.Equality.Basic	_private.NumStability.Algorithms.LinearSystems.LeastSquares.Equality.Basic.0.NumStability.lse_linear_term_eq_zero_of_quadratic_nonneg	private	theorem	385	-	retain_document	-
NumStability.Algorithms.LinearSystems.LeastSquares.Equality.Basic	_private.NumStability.Algorithms.LinearSystems.LeastSquares.Equality.Basic.0.NumStability.theorem20_7_finProdUniv_nonempty_of_pos	private	theorem	386	-	retain_document	-
NumStability.Algorithms.LinearSystems.LeastSquares.Equality.Basic	_private.NumStability.Algorithms.LinearSystems.LeastSquares.Equality.Basic.0.NumStability.theorem20_7_finUniv_nonempty_of_pos	private	theorem	387	-	retain_document	-
NumStability.Analysis.Perturbation.LeastSquares.BackwardError	NumStability.LSQRSolveBackwardError	public	inductive	0	-	retain_document	-
NumStability.Analysis.Perturbation.LeastSquares.BackwardError	NumStability.LSQRSolveBackwardError.casesOn	public	definition	1	-	retain_document	-
NumStability.Analysis.Perturbation.LeastSquares.BackwardError	NumStability.LSQRSolveBackwardError.mk	public	constructor	2	-	retain_document	-
NumStability.Analysis.Perturbation.LeastSquares.BackwardError	NumStability.LSQRSolveBackwardError.of_commonQ_topBlock_fl_backSub_gamma_bound_normBudget	public	theorem	3	-	retain_document	-
NumStability.Analysis.Perturbation.LeastSquares.BackwardError	NumStability.LSQRSolveBackwardError.of_compact_householder_sequence_topBlock_fl_backSub_gamma_bound_normBudget	public	theorem	4	-	retain_document	-
NumStability.Analysis.Perturbation.LeastSquares.BackwardError	NumStability.LSQRSolveBackwardError.of_rect_orthogonal_sequence_topBlock_fl_backSub_gamma_bound_normBudget	public	theorem	5	-	retain_document	-
NumStability.Analysis.Perturbation.LeastSquares.BackwardError	NumStability.LSQRSolveBackwardError.of_rectangular_perturbed_normal_equations	public	theorem	6	-	retain_document	-
NumStability.Analysis.Perturbation.LeastSquares.BackwardError	NumStability.LSQRSolveBackwardError.of_rectangular_perturbed_normal_equations_normBudget	public	theorem	7	-	retain_document	-
NumStability.Analysis.Perturbation.LeastSquares.BackwardError	NumStability.LSQRSolveBackwardError.of_stored_trailing_householder_sequence_topBlock_fl_backSub_gamma_bound_explicitCompactBudget_of_previousLeadingBlock_leftInverse_leadingBlock_leftInverse_frobNorm_budget	public	theorem	8	-	retain_document	-
NumStability.Analysis.Perturbation.LeastSquares.BackwardError	NumStability.LSQRSolveBackwardError.of_stored_trailing_householder_sequence_topBlock_fl_backSub_gamma_bound_explicitCompactBudget_of_previousLeadingBlock_leftInverse_leadingBlock_leftInverse_infNorm_budget	public	theorem	9	-	retain_document	-
NumStability.Analysis.Perturbation.LeastSquares.BackwardError	NumStability.LSQRSolveBackwardError.of_stored_trailing_householder_sequence_topBlock_fl_backSub_gamma_bound_explicitCompactBudget_of_previousLeadingBlock_leftInverse_leadingBlock_leftInverse_norm_budget	public	theorem	10	-	retain_document	-
NumStability.Analysis.Perturbation.LeastSquares.BackwardError	NumStability.LSQRSolveBackwardError.of_stored_trailing_householder_sequence_topBlock_fl_backSub_gamma_bound_explicitCompactBudget_of_signed_alpha_diagDominant_finiteMaxNormBudgetCoeffPointwiseBounds_concreteDual	public	theorem	11	-	retain_document	-
NumStability.Analysis.Perturbation.LeastSquares.BackwardError	NumStability.LSQRSolveBackwardError.of_stored_trailing_householder_sequence_topBlock_fl_backSub_gamma_bound_explicitCompactBudget_of_signed_alpha_diagDominant_finiteMaxSmallness_concreteDual	public	theorem	12	-	retain_document	-
NumStability.Analysis.Perturbation.LeastSquares.BackwardError	NumStability.LSQRSolveBackwardError.of_stored_trailing_householder_sequence_topBlock_fl_backSub_gamma_bound_explicitCompactBudget_of_signed_alpha_diagDominant_finiteMaxSourceDenURationalGammaCanonicalBounds	public	theorem	13	-	retain_document	-
NumStability.Analysis.Perturbation.LeastSquares.BackwardError	NumStability.LSQRSolveBackwardError.of_stored_trailing_householder_sequence_topBlock_fl_backSub_gamma_bound_explicitCompactBudget_of_signed_alpha_diagDominant_kappaInf_selfNorm_dualBudget_signedStageUniformBudget_globalCompactBudget_activeMaxPivot_completedColumns_finiteMaxSmallness_stageRowMaxComparisonDefect_offdiag_rows	public	theorem	14	-	retain_document	-
NumStability.Analysis.Perturbation.LeastSquares.BackwardError	NumStability.LSQRSolveBackwardError.of_stored_trailing_householder_sequence_topBlock_fl_backSub_gamma_bound_explicitCompactBudget_of_signed_alpha_diagDominant_kappaInf_selfNorm_dualBudget_signedStageUniformBudget_globalCompactBudget_activeMaxPivot_completedColumns_globalProduct_stageRowMaxComparisonDefect_offdiag_rows	public	theorem	15	-	retain_document	-
NumStability.Analysis.Perturbation.LeastSquares.BackwardError	NumStability.LSQRSolveBackwardError.of_stored_trailing_householder_sequence_topBlock_fl_backSub_gamma_bound_explicitCompactBudget_of_signed_alpha_diagDominant_leadingBlock_det_ne_zero_finiteMaxSourceDenURationalGammaCanonicalBounds	public	theorem	16	-	retain_document	-
NumStability.Analysis.Perturbation.LeastSquares.BackwardError	NumStability.LSQRSolveBackwardError.of_stored_trailing_householder_sequence_topBlock_fl_backSub_gamma_bound_explicitCompactBudget_of_signed_alpha_diagDominant_lowerPrev_finiteMaxSourceDenURationalGammaCanonicalBounds	public	theorem	17	-	retain_document	-
NumStability.Analysis.Perturbation.LeastSquares.BackwardError	NumStability.LSQRSolveBackwardError.of_stored_trailing_householder_sequence_topBlock_fl_backSub_gamma_bound_explicitCompactBudget_of_signed_alpha_diagDominant_previousLeadingBlock_det_ne_zero_finiteMaxSourceDenURationalGammaCanonicalBounds	public	theorem	18	-	retain_document	-
NumStability.Analysis.Perturbation.LeastSquares.BackwardError	NumStability.LSQRSolveBackwardError.of_stored_trailing_householder_sequence_topBlock_fl_backSub_gamma_bound_explicitCompactBudget_of_signed_alpha_diagDominant_signedStageUniformBudget_globalCompactBudget_activeMaxPivot_completedColumns_finiteMaxSmallness_stageRowMaxComparisonDefect_concreteDual_offdiag_rows	public	theorem	19	-	retain_document	-
NumStability.Analysis.Perturbation.LeastSquares.BackwardError	NumStability.LSQRSolveBackwardError.of_stored_trailing_householder_sequence_topBlock_fl_backSub_gamma_bound_explicitCompactBudget_of_signed_alpha_diagDominant_signedStageUniformBudget_globalCompactBudget_activeMaxPivot_completedColumns_finiteMaxSmallness_stageRowMaxComparisonDefect_concreteDual_offdiag_rows_of_actualUnitRoundoff_no_gammaValid	public	theorem	20	-	retain_document	-
NumStability.Analysis.Perturbation.LeastSquares.BackwardError	NumStability.LSQRSolveBackwardError.of_stored_trailing_householder_sequence_topBlock_fl_backSub_gamma_bound_explicitCompactBudget_of_signed_alpha_diagDominant_signedStageUniformBudget_globalCompactBudget_activeMaxPivot_completedColumns_finiteMaxSourceDenURationalGammaCanonicalBounds_stageRowMaxComparisonDefect_offdiag_rows	public	theorem	21	-	retain_document	-
NumStability.Analysis.Perturbation.LeastSquares.BackwardError	NumStability.LSQRSolveBackwardError.of_stored_trailing_householder_sequence_topBlock_fl_backSub_gamma_bound_explicitCompactBudget_of_signed_alpha_diagDominant_signedStageUniformBudget_globalCompactBudget_activeMaxPivot_completedColumns_finiteMaxSourceDenURationalGammaCanonicalBounds_stageRowMaxComparisonDefect_offdiag_rows_of_actualUnitRoundoff_no_gammaValid	public	theorem	22	-	retain_document	-
NumStability.Analysis.Perturbation.LeastSquares.BackwardError	NumStability.LSQRSolveBackwardError.of_stored_trailing_householder_sequence_topBlock_fl_backSub_gamma_bound_explicitCompactBudget_of_signed_alpha_diagDominant_signedStageUniformBudget_globalCompactBudget_activeMaxPivot_completedColumns_finiteMaxSourceDenURationalGammaCanonicalBounds_stageRowMaxComparisonDefect_offdiag_rows_of_actualUnitRoundoff_no_gammaValid_of_horizonBudget	public	theorem	23	-	retain_document	-
NumStability.Analysis.Perturbation.LeastSquares.BackwardError	NumStability.LSQRSolveBackwardError.of_stored_trailing_householder_sequence_topBlock_fl_backSub_gamma_bound_explicitCompactBudget_of_signed_alpha_diagDominant_signedStageUniformBudget_globalCompactBudget_activeMaxPivot_completedColumns_finiteMaxSourceDenURationalGammaCanonicalBounds_stageRowMaxComparisonDefect_offdiag_rows_of_horizonBudget	public	theorem	24	-	retain_document	-
NumStability.Analysis.Perturbation.LeastSquares.BackwardError	NumStability.LSQRSolveBackwardError.of_stored_trailing_householder_sequence_topBlock_fl_backSub_gamma_bound_explicitCompactBudget_of_signed_alpha_diagDominant_storedLower_finiteMaxSourceDenURationalGammaCanonicalBounds	public	theorem	25	-	retain_document	-
NumStability.Analysis.Perturbation.LeastSquares.BackwardError	NumStability.LSQRSolveBackwardError.of_stored_trailing_householder_sequence_topBlock_fl_backSub_gamma_bound_explicitCompactBudget_of_signed_alpha_diagDominant_storedLower_finiteMaxSourceDenURationalGammaCanonicalBounds_of_actualUnitRoundoff	public	theorem	26	-	retain_document	-
NumStability.Analysis.Perturbation.LeastSquares.BackwardError	NumStability.LSQRSolveBackwardError.of_stored_trailing_householder_sequence_topBlock_fl_backSub_gamma_bound_explicitCompactBudget_of_signed_alpha_diagDominant_storedLower_finiteMaxSourceDenURationalGammaCanonicalBounds_of_actualUnitRoundoff_no_gammaValid	public	theorem	27	-	retain_document	-
NumStability.Analysis.Perturbation.LeastSquares.BackwardError	NumStability.LSQRSolveBackwardError.of_stored_trailing_householder_sequence_topBlock_fl_backSub_gamma_bound_explicitCompactBudget_of_signed_alpha_diagDominant_storedLower_finiteMaxSourceDenURationalGammaCanonicalBounds_of_uCap	public	theorem	28	-	retain_document	-
NumStability.Analysis.Perturbation.LeastSquares.BackwardError	NumStability.LSQRSolveBackwardError.of_stored_trailing_householder_sequence_topBlock_fl_backSub_gamma_bound_explicitCompactBudget_of_signed_alpha_diagDominant_storedLower_finiteMaxSourceDenURationalGammaCanonicalBounds_of_uCap_no_gammaValid	public	theorem	29	-	retain_document	-
NumStability.Analysis.Perturbation.LeastSquares.BackwardError	NumStability.LSQRSolveBackwardError.of_stored_trailing_householder_sequence_topBlock_fl_backSub_gamma_bound_explicitCompactBudget_of_signed_alpha_diagDominant_storedLower_signedStageUniformBudget_globalCompactBudget_activeMaxPivot_completedColumns_finiteMaxSourceDenURationalGammaCanonicalBounds_stageRowMaxComparisonDefect_offdiag_rows_of_actualUnitRoundoff_no_gammaValid	public	theorem	30	-	retain_document	-
NumStability.Analysis.Perturbation.LeastSquares.BackwardError	NumStability.LSQRSolveBackwardError.of_stored_trailing_householder_sequence_topBlock_fl_backSub_gamma_bound_explicitCompactBudget_of_signed_alpha_diagDominant_storedLower_signedStageUniformBudget_globalCompactBudget_activeMaxPivot_completedColumns_finiteMaxSourceDenURationalGammaCanonicalBounds_stageRowMaxComparisonDefect_offdiag_rows_of_actualUnitRoundoff_no_gammaValid_of_horizonBudget	public	theorem	31	-	retain_document	-
NumStability.Analysis.Perturbation.LeastSquares.BackwardError	NumStability.LSQRSolveBackwardError.of_stored_trailing_householder_sequence_topBlock_fl_backSub_gamma_bound_explicitCompactBudget_of_signed_alpha_diagDominant_trailingNormPos_finiteMaxSourceDenURationalGammaCanonicalBounds	public	theorem	32	-	retain_document	-
NumStability.Analysis.Perturbation.LeastSquares.BackwardError	NumStability.LSQRSolveBackwardError.of_stored_trailing_householder_sequence_topBlock_fl_backSub_gamma_bound_explicitCompactBudget_of_signed_alpha_diag_offdiag_product	public	theorem	33	-	retain_document	-
NumStability.Analysis.Perturbation.LeastSquares.BackwardError	NumStability.LSQRSolveBackwardError.of_stored_trailing_householder_sequence_topBlock_fl_backSub_gamma_bound_explicitCompactBudget_of_signed_alpha_leadingBlock_det_ne_zero_diagDominant_finiteMaxNormBudgetCoeffPointwiseBounds_concreteDual	public	theorem	34	-	retain_document	-
NumStability.Analysis.Perturbation.LeastSquares.BackwardError	NumStability.LSQRSolveBackwardError.of_stored_trailing_householder_sequence_topBlock_fl_backSub_gamma_bound_explicitCompactBudget_of_signed_alpha_leadingBlock_det_ne_zero_diagDominant_finiteMaxSmallness_concreteDual	public	theorem	35	-	retain_document	-
NumStability.Analysis.Perturbation.LeastSquares.BackwardError	NumStability.LSQRSolveBackwardError.of_stored_trailing_householder_sequence_topBlock_fl_backSub_gamma_bound_explicitCompactBudget_of_signed_alpha_leadingBlock_det_ne_zero_kappaInf_selfNorm_dualBudget_diagDominant_finiteMaxSmallness	public	theorem	36	-	retain_document	-
NumStability.Analysis.Perturbation.LeastSquares.BackwardError	NumStability.LSQRSolveBackwardError.of_stored_trailing_householder_sequence_topBlock_fl_backSub_gamma_bound_explicitCompactBudget_of_signed_alpha_leadingBlock_det_ne_zero_kappaInf_selfNorm_dualBudget_diagDominant_globalProduct	public	theorem	37	-	retain_document	-
NumStability.Analysis.Perturbation.LeastSquares.BackwardError	NumStability.LSQRSolveBackwardError.of_stored_trailing_householder_sequence_topBlock_fl_backSub_gamma_bound_explicitCompactBudget_of_signed_alpha_leadingBlock_det_ne_zero_kappaInf_selfNorm_dualBudget_signedStageUniformBudget_globalCompactBudget_activeMaxPivot_completedColumns_globalProduct_offdiag_rows	public	theorem	38	-	retain_document	-
NumStability.Analysis.Perturbation.LeastSquares.BackwardError	NumStability.LSQRSolveBackwardError.of_stored_trailing_householder_sequence_topBlock_fl_backSub_gamma_bound_explicitCompactBudget_of_signed_alpha_leadingBlock_det_ne_zero_kappaInf_selfNorm_dualBudget_signedStageUniformBudget_globalCompactBudget_activeMaxPivot_completedColumns_globalProduct_rowMaxDiagDefect_stageBudgetLeRowMax_offdiag_rows	public	theorem	39	-	retain_document	-
NumStability.Analysis.Perturbation.LeastSquares.BackwardError	NumStability.LSQRSolveBackwardError.of_stored_trailing_householder_sequence_topBlock_fl_backSub_gamma_bound_explicitCompactBudget_of_signed_alpha_leadingBlock_det_ne_zero_kappaInf_selfNorm_dualBudget_signedStageUniformBudget_globalCompactBudget_activeMaxPivot_completedColumns_globalProduct_rowMaxDiagDefect_stageBudgetLeRowMax_offdiag_rows_of_actualUnitRoundoff_no_gammaValid	public	theorem	40	-	retain_document	-
NumStability.Analysis.Perturbation.LeastSquares.BackwardError	NumStability.LSQRSolveBackwardError.of_stored_trailing_householder_sequence_topBlock_fl_backSub_gamma_bound_explicitCompactBudget_of_signed_alpha_leadingBlock_det_ne_zero_kappaInf_selfNorm_dualBudget_signedStageUniformBudget_globalCompactBudget_activeMaxPivot_completedColumns_globalProduct_rowMaxDiagDefect_stageRowMaxComparisonDefect_offdiag_rows	public	theorem	41	-	retain_document	-
NumStability.Analysis.Perturbation.LeastSquares.BackwardError	NumStability.LSQRSolveBackwardError.of_stored_trailing_householder_sequence_topBlock_fl_backSub_gamma_bound_explicitCompactBudget_of_signed_alpha_leadingBlock_det_ne_zero_kappaInf_selfNorm_dualBudget_signedStageUniformBudget_globalCompactBudget_activeMaxPivot_completedColumns_globalProduct_rowMaxDiagDefect_stageRowMaxComparisonDefect_offdiag_rows_of_actualUnitRoundoff_no_gammaValid	public	theorem	42	-	retain_document	-
NumStability.Analysis.Perturbation.LeastSquares.BackwardError	NumStability.LSQRSolveBackwardError.of_stored_trailing_householder_sequence_topBlock_fl_backSub_gamma_bound_explicitCompactBudget_of_signed_alpha_leadingBlock_det_ne_zero_kappaInf_selfNorm_dualBudget_signedStageUniformBudget_globalCompactBudget_activeMaxPivot_completedColumns_globalProduct_stageDiagDefect_offdiag_rows	public	theorem	43	-	retain_document	-
NumStability.Analysis.Perturbation.LeastSquares.BackwardError	NumStability.LSQRSolveBackwardError.of_stored_trailing_householder_sequence_topBlock_fl_backSub_gamma_bound_explicitCompactBudget_of_signed_alpha_leadingBlock_det_ne_zero_kappaInf_selfNorm_dualBudget_signedStageUniformBudget_globalCompactBudget_completedColumns_globalProduct_offdiag_rows	public	theorem	44	-	retain_document	-
NumStability.Analysis.Perturbation.LeastSquares.BackwardError	NumStability.LSQRSolveBackwardError.of_stored_trailing_householder_sequence_topBlock_fl_backSub_gamma_bound_explicitCompactBudget_of_signed_alpha_leadingBlock_det_ne_zero_kappaInf_selfNorm_dualBudget_signedStageUniformBudget_globalCompactBudget_completedColumns_globalProduct_stageDiagDefect_offdiag_rows	public	theorem	45	-	retain_document	-
NumStability.Analysis.Perturbation.LeastSquares.BackwardError	NumStability.LSQRSolveBackwardError.of_stored_trailing_householder_sequence_topBlock_fl_backSub_gamma_bound_explicitCompactBudget_of_signed_alpha_leadingBlock_det_ne_zero_normSqBudget_offdiag_product	public	theorem	46	-	retain_document	-
NumStability.Analysis.Perturbation.LeastSquares.BackwardError	NumStability.LSQRSolveBackwardError.of_stored_trailing_householder_sequence_topBlock_fl_backSub_gamma_bound_explicitCompactBudget_of_signed_alpha_leadingBlock_det_ne_zero_normSqBudget_rowBudget_product	public	theorem	47	-	retain_document	-
NumStability.Analysis.Perturbation.LeastSquares.BackwardError	NumStability.LSQRSolveBackwardError.of_stored_trailing_householder_sequence_topBlock_fl_backSub_gamma_bound_explicitCompactBudget_of_signed_alpha_leadingBlock_det_ne_zero_normSqBudget_rowBudget_product_of_offdiag_rows	public	theorem	48	-	retain_document	-
NumStability.Analysis.Perturbation.LeastSquares.BackwardError	NumStability.LSQRSolveBackwardError.of_stored_trailing_householder_sequence_topBlock_fl_backSub_gamma_bound_explicitCompactBudget_of_signed_alpha_leadingBlock_det_ne_zero_normSqBudget_signedStageBudget_rowBudget_product	public	theorem	49	-	retain_document	-
NumStability.Analysis.Perturbation.LeastSquares.BackwardError	NumStability.LSQRSolveBackwardError.of_stored_trailing_householder_sequence_topBlock_fl_backSub_gamma_bound_explicitCompactBudget_of_signed_alpha_leadingBlock_det_ne_zero_normSqBudget_signedStageBudget_rowBudget_product_of_normSqBudget	public	theorem	50	-	retain_document	-
NumStability.Analysis.Perturbation.LeastSquares.BackwardError	NumStability.LSQRSolveBackwardError.of_stored_trailing_householder_sequence_topBlock_fl_backSub_gamma_bound_explicitCompactBudget_of_signed_alpha_leadingBlock_det_ne_zero_normSqBudget_signedStageBudget_rowBudget_product_of_normSqBudget_offdiag_rows	public	theorem	51	-	retain_document	-
NumStability.Analysis.Perturbation.LeastSquares.BackwardError	NumStability.LSQRSolveBackwardError.of_stored_trailing_householder_sequence_topBlock_fl_backSub_gamma_bound_explicitCompactBudget_of_signed_alpha_leadingBlock_det_ne_zero_normSqBudget_signedStageBudget_rowBudget_product_of_offdiag_rows	public	theorem	52	-	retain_document	-
NumStability.Analysis.Perturbation.LeastSquares.BackwardError	NumStability.LSQRSolveBackwardError.of_stored_trailing_householder_sequence_topBlock_fl_backSub_gamma_bound_explicitCompactBudget_of_signed_alpha_leadingBlock_det_ne_zero_normSqBudget_signedStageUniformBudget_product_of_normSqBudget	public	theorem	53	-	retain_document	-
NumStability.Analysis.Perturbation.LeastSquares.BackwardError	NumStability.LSQRSolveBackwardError.of_stored_trailing_householder_sequence_topBlock_fl_backSub_gamma_bound_explicitCompactBudget_of_signed_alpha_leadingBlock_det_ne_zero_normSqBudget_signedStageUniformBudget_product_of_normSqBudget_activePrefix_activeBlockRecurrence_globalCompactBudget_completedColumns_globalProduct_offdiag_rows	public	theorem	54	-	retain_document	-
NumStability.Analysis.Perturbation.LeastSquares.BackwardError	NumStability.LSQRSolveBackwardError.of_stored_trailing_householder_sequence_topBlock_fl_backSub_gamma_bound_explicitCompactBudget_of_signed_alpha_leadingBlock_det_ne_zero_normSqBudget_signedStageUniformBudget_product_of_normSqBudget_activePrefix_activeBlockRecurrence_globalCompactBudget_completedColumns_globalProduct_offdiag_rows_of_horizonBudget	public	theorem	55	-	retain_document	-
NumStability.Analysis.Perturbation.LeastSquares.BackwardError	NumStability.LSQRSolveBackwardError.of_stored_trailing_householder_sequence_topBlock_fl_backSub_gamma_bound_explicitCompactBudget_of_signed_alpha_leadingBlock_det_ne_zero_normSqBudget_signedStageUniformBudget_product_of_normSqBudget_activePrefix_activeBlockRecurrence_globalCompactBudget_completedColumns_globalProduct_stageDiagDefect_offdiag_rows	public	theorem	56	-	retain_document	-
NumStability.Analysis.Perturbation.LeastSquares.BackwardError	NumStability.LSQRSolveBackwardError.of_stored_trailing_householder_sequence_topBlock_fl_backSub_gamma_bound_explicitCompactBudget_of_signed_alpha_leadingBlock_det_ne_zero_normSqBudget_signedStageUniformBudget_product_of_normSqBudget_activePrefix_activeBlockRecurrence_globalCompactBudget_completedColumns_offdiag_rows	public	theorem	57	-	retain_document	-
NumStability.Analysis.Perturbation.LeastSquares.BackwardError	NumStability.LSQRSolveBackwardError.of_stored_trailing_householder_sequence_topBlock_fl_backSub_gamma_bound_explicitCompactBudget_of_signed_alpha_leadingBlock_det_ne_zero_normSqBudget_signedStageUniformBudget_product_of_normSqBudget_activePrefix_activeBlockRecurrence_globalCompactBudget_offdiag_rows	public	theorem	58	-	retain_document	-
NumStability.Analysis.Perturbation.LeastSquares.BackwardError	NumStability.LSQRSolveBackwardError.of_stored_trailing_householder_sequence_topBlock_fl_backSub_gamma_bound_explicitCompactBudget_of_signed_alpha_leadingBlock_det_ne_zero_normSqBudget_signedStageUniformBudget_product_of_normSqBudget_activePrefix_activeBlockRecurrence_offdiag_rows	public	theorem	59	-	retain_document	-
NumStability.Analysis.Perturbation.LeastSquares.BackwardError	NumStability.LSQRSolveBackwardError.of_stored_trailing_householder_sequence_topBlock_fl_backSub_gamma_bound_explicitCompactBudget_of_signed_alpha_leadingBlock_det_ne_zero_normSqBudget_signedStageUniformBudget_product_of_normSqBudget_activePrefix_activeBlockRecurrence_prefixRowRecurrence_offdiag_rows	public	theorem	60	-	retain_document	-
NumStability.Analysis.Perturbation.LeastSquares.BackwardError	NumStability.LSQRSolveBackwardError.of_stored_trailing_householder_sequence_topBlock_fl_backSub_gamma_bound_explicitCompactBudget_of_signed_alpha_leadingBlock_det_ne_zero_normSqBudget_signedStageUniformBudget_product_of_normSqBudget_activePrefix_stage_entry_bounds_offdiag_rows	public	theorem	61	-	retain_document	-
NumStability.Analysis.Perturbation.LeastSquares.BackwardError	NumStability.LSQRSolveBackwardError.of_stored_trailing_householder_sequence_topBlock_fl_backSub_gamma_bound_explicitCompactBudget_of_signed_alpha_leadingBlock_det_ne_zero_normSqBudget_signedStageUniformBudget_product_of_normSqBudget_offdiag_rows	public	theorem	62	-	retain_document	-
NumStability.Analysis.Perturbation.LeastSquares.BackwardError	NumStability.LSQRSolveBackwardError.of_stored_trailing_householder_sequence_topBlock_fl_backSub_gamma_bound_explicitCompactBudget_of_signed_alpha_leadingBlock_det_ne_zero_normSqBudget_signedStageUniformBudget_product_of_normSqBudget_stage_entry_bounds	public	theorem	63	-	retain_document	-
NumStability.Analysis.Perturbation.LeastSquares.BackwardError	NumStability.LSQRSolveBackwardError.of_stored_trailing_householder_sequence_topBlock_fl_backSub_gamma_bound_explicitCompactBudget_of_signed_alpha_leadingBlock_det_ne_zero_normSqBudget_signedStageUniformBudget_product_of_normSqBudget_stage_entry_bounds_offdiag_rows	public	theorem	64	-	retain_document	-
NumStability.Analysis.Perturbation.LeastSquares.BackwardError	NumStability.LSQRSolveBackwardError.of_stored_trailing_householder_sequence_topBlock_fl_backSub_gamma_bound_explicitCompactBudget_of_signed_alpha_leadingBlock_det_ne_zero_normSqBudget_stageBudget_rowBudget_product	public	theorem	65	-	retain_document	-
NumStability.Analysis.Perturbation.LeastSquares.BackwardError	NumStability.LSQRSolveBackwardError.of_stored_trailing_householder_sequence_topBlock_fl_backSub_gamma_bound_explicitCompactBudget_of_signed_alpha_leadingBlock_det_ne_zero_normSqBudget_stageBudget_rowBudget_product_of_offdiag_rows	public	theorem	66	-	retain_document	-
NumStability.Analysis.Perturbation.LeastSquares.BackwardError	NumStability.LSQRSolveBackwardError.of_stored_trailing_householder_sequence_topBlock_fl_backSub_gamma_bound_explicitCompactBudget_of_signed_alpha_leadingBlock_det_ne_zero_sqrtBudget_offdiag_product	public	theorem	67	-	retain_document	-
NumStability.Analysis.Perturbation.LeastSquares.BackwardError	NumStability.LSQRSolveBackwardError.of_stored_trailing_householder_sequence_topBlock_fl_backSub_gamma_bound_explicitCompactBudget_of_signed_alpha_offDiagonalControl	public	theorem	68	-	retain_document	-
NumStability.Analysis.Perturbation.LeastSquares.BackwardError	NumStability.LSQRSolveBackwardError.of_stored_trailing_householder_sequence_topBlock_fl_backSub_gamma_bound_explicitCompactBudget_of_signed_alpha_pivot_sqrtBudget_offdiag_product	public	theorem	69	-	retain_document	-
NumStability.Analysis.Perturbation.LeastSquares.BackwardError	NumStability.LSQRSolveBackwardError.of_stored_trailing_householder_sequence_topBlock_fl_backSub_gamma_bound_explicitCompactBudget_of_signed_alpha_prefix_lower_zero_diagDominant_leadingBlock_det_ne_zero_concreteDualBudget	public	theorem	70	-	retain_document	-
NumStability.Analysis.Perturbation.LeastSquares.BackwardError	NumStability.LSQRSolveBackwardError.of_stored_trailing_householder_sequence_topBlock_fl_backSub_gamma_bound_explicitCompactBudget_of_signed_alpha_prefix_lower_zero_diagDominant_leadingBlock_det_ne_zero_concreteDualProductBudget	public	theorem	71	-	retain_document	-
NumStability.Analysis.Perturbation.LeastSquares.BackwardError	NumStability.LSQRSolveBackwardError.of_stored_trailing_householder_sequence_topBlock_fl_backSub_gamma_bound_explicitCompactBudget_of_signed_alpha_prefix_lower_zero_diagDominant_leadingBlock_det_ne_zero_concreteDualProductSequenceBudget	public	theorem	72	-	retain_document	-
NumStability.Analysis.Perturbation.LeastSquares.BackwardError	NumStability.LSQRSolveBackwardError.of_stored_trailing_householder_sequence_topBlock_fl_backSub_gamma_bound_explicitCompactBudget_of_signed_alpha_prefix_lower_zero_diagDominant_leadingBlock_det_ne_zero_dualBudget	public	theorem	73	-	retain_document	-
NumStability.Analysis.Perturbation.LeastSquares.BackwardError	NumStability.LSQRSolveBackwardError.of_stored_trailing_householder_sequence_topBlock_fl_backSub_gamma_bound_explicitCompactBudget_of_signed_alpha_prefix_lower_zero_leadingBlock_det_ne_zero_invNorm_dualBudget	public	theorem	74	-	retain_document	-
NumStability.Analysis.Perturbation.LeastSquares.BackwardError	NumStability.LSQRSolveBackwardError.of_stored_trailing_householder_sequence_topBlock_fl_backSub_gamma_bound_explicitCompactBudget_of_signed_alpha_prefix_lower_zero_leadingBlock_det_ne_zero_kappaInf_selfNorm_dualBudget	public	theorem	75	-	retain_document	-
NumStability.Analysis.Perturbation.LeastSquares.BackwardError	NumStability.LSQRSolveBackwardError.of_stored_trailing_householder_sequence_topBlock_fl_backSub_gamma_bound_explicitCompactBudget_of_signed_alpha_prefix_lower_zero_leadingBlock_det_ne_zero_kappaInf_selfNorm_normSqBudget	public	theorem	76	-	retain_document	-
NumStability.Analysis.Perturbation.LeastSquares.BackwardError	NumStability.LSQRSolveBackwardError.of_stored_trailing_householder_sequence_topBlock_fl_backSub_gamma_bound_explicitCompactBudget_of_signed_alpha_prefix_lower_zero_pivot_nonzero_kappaInf_selfNorm_budget	public	theorem	77	-	retain_document	-
NumStability.Analysis.Perturbation.LeastSquares.BackwardError	NumStability.LSQRSolveBackwardError.of_stored_trailing_householder_sequence_topBlock_fl_backSub_gamma_bound_explicitCompactBudget_of_signed_alpha_prefix_lower_zero_pivot_nonzero_kappaInf_selfNorm_normSqBudget	public	theorem	78	-	retain_document	-
NumStability.Analysis.Perturbation.LeastSquares.BackwardError	NumStability.LSQRSolveBackwardError.of_stored_trailing_householder_sequence_topBlock_fl_backSub_gamma_bound_explicitCompactBudget_of_signed_alpha_previousLeadingBlock_det_ne_zero_leadingBlock_det_ne_zero_frobNorm_budget	public	theorem	79	-	retain_document	-
NumStability.Analysis.Perturbation.LeastSquares.BackwardError	NumStability.LSQRSolveBackwardError.of_stored_trailing_householder_sequence_topBlock_fl_backSub_gamma_bound_explicitCompactBudget_of_signed_alpha_previousLeadingBlock_det_ne_zero_leadingBlock_det_ne_zero_infNorm_budget	public	theorem	80	-	retain_document	-
NumStability.Analysis.Perturbation.LeastSquares.BackwardError	NumStability.LSQRSolveBackwardError.of_stored_trailing_householder_sequence_topBlock_fl_backSub_gamma_bound_explicitCompactBudget_of_signed_alpha_previousLeadingBlock_det_ne_zero_leadingBlock_det_ne_zero_kappaInf_selfNorm_budget	public	theorem	81	-	retain_document	-
NumStability.Analysis.Perturbation.LeastSquares.BackwardError	NumStability.LSQRSolveBackwardError.of_stored_trailing_householder_sequence_topBlock_fl_backSub_gamma_bound_explicitCompactBudget_of_signed_alpha_previousLeadingBlock_det_ne_zero_leadingBlock_det_ne_zero_norm_budget	public	theorem	82	-	retain_document	-
NumStability.Analysis.Perturbation.LeastSquares.BackwardError	NumStability.LSQRSolveBackwardError.of_stored_trailing_householder_sequence_topBlock_fl_backSub_gamma_bound_explicitCompactBudget_of_signed_alpha_previousLeadingBlock_leftInverse_leadingBlock_leftInverse_frobNorm_budget	public	theorem	83	-	retain_document	-
NumStability.Analysis.Perturbation.LeastSquares.BackwardError	NumStability.LSQRSolveBackwardError.of_stored_trailing_householder_sequence_topBlock_fl_backSub_gamma_bound_explicitCompactBudget_of_signed_alpha_previousLeadingBlock_leftInverse_leadingBlock_leftInverse_infNorm_budget	public	theorem	84	-	retain_document	-
NumStability.Analysis.Perturbation.LeastSquares.BackwardError	NumStability.LSQRSolveBackwardError.of_stored_trailing_householder_sequence_topBlock_fl_backSub_gamma_bound_explicitCompactBudget_of_signed_alpha_previousLeadingBlock_leftInverse_leadingBlock_leftInverse_norm_budget	public	theorem	85	-	retain_document	-
NumStability.Analysis.Perturbation.LeastSquares.BackwardError	NumStability.LSQRSolveBackwardError.of_stored_trailing_householder_sequence_topBlock_fl_backSub_gamma_bound_explicitCompactBudget_of_signed_alpha_sourceOffDiagonalControl	public	theorem	86	-	retain_document	-
NumStability.Analysis.Perturbation.LeastSquares.BackwardError	NumStability.LSQRSolveBackwardError.of_stored_trailing_householder_sequence_topBlock_fl_backSub_gamma_bound_explicitCompactBudget_of_signed_alpha_upperTriangular_leadingDiag_ne_zero_kappaInf_selfNorm_budget	public	theorem	87	-	retain_document	-
NumStability.Analysis.Perturbation.LeastSquares.BackwardError	NumStability.LSQRSolveBackwardError.of_stored_trailing_householder_sequence_topBlock_fl_backSub_gamma_bound_explicitCompactBudget_of_span_nonbreakdown_leadingBlock_leftInverse_frobNorm_budget	public	theorem	88	-	retain_document	-
NumStability.Analysis.Perturbation.LeastSquares.BackwardError	NumStability.LSQRSolveBackwardError.of_stored_trailing_householder_sequence_topBlock_fl_backSub_gamma_bound_explicitCompactBudget_of_span_nonbreakdown_leadingBlock_leftInverse_infNorm_budget	public	theorem	89	-	retain_document	-
NumStability.Analysis.Perturbation.LeastSquares.BackwardError	NumStability.LSQRSolveBackwardError.of_stored_trailing_householder_sequence_topBlock_fl_backSub_gamma_bound_explicitCompactBudget_of_span_nonbreakdown_leadingBlock_leftInverse_norm_budget	public	theorem	90	-	retain_document	-
NumStability.Analysis.Perturbation.LeastSquares.BackwardError	NumStability.LSQRSolveBackwardError.of_stored_trailing_householder_sequence_topBlock_fl_backSub_gamma_bound_explicitCompactBudget_of_span_nonbreakdown_leading_dual_norm_budget	public	theorem	91	-	retain_document	-
NumStability.Analysis.Perturbation.LeastSquares.BackwardError	NumStability.LSQRSolveBackwardError.of_stored_trailing_householder_sequence_topBlock_fl_backSub_gamma_bound_explicitNormBudget_of_signed_alpha_prefix_lower_zero_pivot_nonzero_kappaInf_selfNorm_budget	public	theorem	92	-	retain_document	-
NumStability.Analysis.Perturbation.LeastSquares.BackwardError	NumStability.LSQRSolveBackwardError.of_stored_trailing_householder_sequence_topBlock_fl_backSub_gamma_bound_explicitNormBudget_of_span_nonbreakdown_leadingBlock_leftInverse_frobNorm_budget	public	theorem	93	-	retain_document	-
NumStability.Analysis.Perturbation.LeastSquares.BackwardError	NumStability.LSQRSolveBackwardError.of_stored_trailing_householder_sequence_topBlock_fl_backSub_gamma_bound_explicitNormBudget_of_span_nonbreakdown_leadingBlock_leftInverse_infNorm_budget	public	theorem	94	-	retain_document	-
NumStability.Analysis.Perturbation.LeastSquares.BackwardError	NumStability.LSQRSolveBackwardError.of_stored_trailing_householder_sequence_topBlock_fl_backSub_gamma_bound_explicitNormBudget_of_span_nonbreakdown_leadingBlock_leftInverse_norm_budget	public	theorem	95	-	retain_document	-
NumStability.Analysis.Perturbation.LeastSquares.BackwardError	NumStability.LSQRSolveBackwardError.of_stored_trailing_householder_sequence_topBlock_fl_backSub_gamma_bound_explicitNormBudget_of_span_nonbreakdown_leading_dual_norm_budget	public	theorem	96	-	retain_document	-
NumStability.Analysis.Perturbation.LeastSquares.BackwardError	NumStability.LSQRSolveBackwardError.of_stored_trailing_householder_sequence_topBlock_fl_backSub_gamma_bound_normBudget	public	theorem	97	-	retain_document	-
NumStability.Analysis.Perturbation.LeastSquares.BackwardError	NumStability.LSQRSolveBackwardError.of_stored_trailing_householder_sequence_topBlock_fl_backSub_gamma_bound_normBudget_of_leading_block_det_ne_zero_sqrt_budget	public	theorem	98	-	retain_document	-
NumStability.Analysis.Perturbation.LeastSquares.BackwardError	NumStability.LSQRSolveBackwardError.of_stored_trailing_householder_sequence_topBlock_fl_backSub_gamma_bound_normBudget_of_leading_blocks_det_ne_zero_kappaInf_selfNorm_budget	public	theorem	99	-	retain_document	-
NumStability.Analysis.Perturbation.LeastSquares.BackwardError	NumStability.LSQRSolveBackwardError.of_stored_trailing_householder_sequence_topBlock_fl_backSub_gamma_bound_normBudget_of_pivot_error_lt_abs_alpha	public	theorem	100	-	retain_document	-
NumStability.Analysis.Perturbation.LeastSquares.BackwardError	NumStability.LSQRSolveBackwardError.of_stored_trailing_householder_sequence_topBlock_fl_backSub_gamma_bound_normBudget_of_pivot_ne_alpha_and_pivot_error_lt_abs_alpha	public	theorem	101	-	retain_document	-
NumStability.Analysis.Perturbation.LeastSquares.BackwardError	NumStability.LSQRSolveBackwardError.of_stored_trailing_householder_sequence_topBlock_fl_backSub_gamma_bound_normBudget_of_prefix_lower_zero_triangular_leading_blocks_kappaInf_selfNorm_budget	public	theorem	102	-	retain_document	-
NumStability.Analysis.Perturbation.LeastSquares.BackwardError	NumStability.LSQRSolveBackwardError.of_stored_trailing_householder_sequence_topBlock_fl_backSub_gamma_bound_normBudget_of_signed_alpha_prefix_lower_zero_pivot_nonzero_kappaInf_selfNorm_budget	public	theorem	103	-	retain_document	-
NumStability.Analysis.Perturbation.LeastSquares.BackwardError	NumStability.LSQRSolveBackwardError.of_stored_trailing_householder_sequence_topBlock_fl_backSub_gamma_bound_normBudget_of_signed_alpha_prefix_lower_zero_triangular_leading_blocks_kappaInf_selfNorm_budget	public	theorem	104	-	retain_document	-
NumStability.Analysis.Perturbation.LeastSquares.BackwardError	NumStability.LSQRSolveBackwardError.of_stored_trailing_householder_sequence_topBlock_fl_backSub_gamma_bound_normBudget_of_signed_alpha_trailingNorm_pos_and_sqrt_budget	public	theorem	105	-	retain_document	-
NumStability.Analysis.Perturbation.LeastSquares.BackwardError	NumStability.LSQRSolveBackwardError.of_stored_trailing_householder_sequence_topBlock_fl_backSub_gamma_bound_normBudget_of_span_nonbreakdown_active_entry_budget	public	theorem	106	-	retain_document	-
NumStability.Analysis.Perturbation.LeastSquares.BackwardError	NumStability.LSQRSolveBackwardError.of_stored_trailing_householder_sequence_topBlock_fl_backSub_gamma_bound_normBudget_of_span_nonbreakdown_diagDominant_leadingBlock_det_ne_zero_invNorm_budget	public	theorem	107	-	retain_document	-
NumStability.Analysis.Perturbation.LeastSquares.BackwardError	NumStability.LSQRSolveBackwardError.of_stored_trailing_householder_sequence_topBlock_fl_backSub_gamma_bound_normBudget_of_span_nonbreakdown_diagDominant_leadingBlock_invNorm_budget	public	theorem	108	-	retain_document	-
NumStability.Analysis.Perturbation.LeastSquares.BackwardError	NumStability.LSQRSolveBackwardError.of_stored_trailing_householder_sequence_topBlock_fl_backSub_gamma_bound_normBudget_of_span_nonbreakdown_leadingBlock_det_ne_zero_infNorm_budget	public	theorem	109	-	retain_document	-
NumStability.Analysis.Perturbation.LeastSquares.BackwardError	NumStability.LSQRSolveBackwardError.of_stored_trailing_householder_sequence_topBlock_fl_backSub_gamma_bound_normBudget_of_span_nonbreakdown_leadingBlock_det_ne_zero_kappaInf_budget	public	theorem	110	-	retain_document	-
NumStability.Analysis.Perturbation.LeastSquares.BackwardError	NumStability.LSQRSolveBackwardError.of_stored_trailing_householder_sequence_topBlock_fl_backSub_gamma_bound_normBudget_of_span_nonbreakdown_leadingBlock_det_ne_zero_kappaInf_selfNorm_budget	public	theorem	111	-	retain_document	-
NumStability.Analysis.Perturbation.LeastSquares.BackwardError	NumStability.LSQRSolveBackwardError.of_stored_trailing_householder_sequence_topBlock_fl_backSub_gamma_bound_normBudget_of_span_nonbreakdown_leadingBlock_leftInverse_frobNorm_budget	public	theorem	112	-	retain_document	-
NumStability.Analysis.Perturbation.LeastSquares.BackwardError	NumStability.LSQRSolveBackwardError.of_stored_trailing_householder_sequence_topBlock_fl_backSub_gamma_bound_normBudget_of_span_nonbreakdown_leadingBlock_leftInverse_infNorm_budget	public	theorem	113	-	retain_document	-
NumStability.Analysis.Perturbation.LeastSquares.BackwardError	NumStability.LSQRSolveBackwardError.of_stored_trailing_householder_sequence_topBlock_fl_backSub_gamma_bound_normBudget_of_span_nonbreakdown_leadingBlock_leftInverse_norm_budget	public	theorem	114	-	retain_document	-
NumStability.Analysis.Perturbation.LeastSquares.BackwardError	NumStability.LSQRSolveBackwardError.of_stored_trailing_householder_sequence_topBlock_fl_backSub_gamma_bound_normBudget_of_span_nonbreakdown_leading_dual_norm_budget	public	theorem	115	-	retain_document	-
NumStability.Analysis.Perturbation.LeastSquares.BackwardError	NumStability.LSQRSolveBackwardError.of_stored_trailing_householder_sequence_topBlock_fl_backSub_gamma_bound_normBudget_of_span_nonbreakdown_trailingNorm2Sq_budget	public	theorem	116	-	retain_document	-
NumStability.Analysis.Perturbation.LeastSquares.BackwardError	NumStability.LSQRSolveBackwardError.of_stored_trailing_householder_sequence_topBlock_fl_backSub_gamma_bound_normBudget_of_trailingNorm_pos_mul_nonpos_and_pivot_error_lt_abs_alpha	public	theorem	117	-	retain_document	-
NumStability.Analysis.Perturbation.LeastSquares.BackwardError	NumStability.LSQRSolveBackwardError.of_stored_trailing_householder_sequence_topBlock_fl_backSub_gamma_bound_normBudget_of_triangular_leading_blocks_kappaInf_selfNorm_budget	public	theorem	118	-	retain_document	-
NumStability.Analysis.Perturbation.LeastSquares.BackwardError	NumStability.LSQRSolveBackwardError.of_stored_trailing_householder_sequence_topBlock_fl_backSub_gamma_bound_normBudget_of_triangular_leading_blocks_sqrt_budget	public	theorem	119	-	retain_document	-
NumStability.Analysis.Perturbation.LeastSquares.BackwardError	NumStability.LSQRSolveBackwardError.rec	public	recursor	120	-	retain_document	-
NumStability.Analysis.Perturbation.LeastSquares.BackwardError	NumStability.LSQRSolveBackwardError.recOn	public	definition	121	-	retain_document	-
NumStability.Analysis.Perturbation.LeastSquares.BackwardError	NumStability.LSQRSolveBackwardError.result	public	theorem	122	-	retain_document	-
NumStability.Analysis.Perturbation.LeastSquares.Basic	NumStability.Higham20CorrectedSeminormalEquationsStep.updated_isLeastSquaresMinimizer	public	theorem	0	-	retain_document	-
NumStability.Analysis.Perturbation.LeastSquares.Basic	NumStability.Higham20DirectLSRefinementRun.successor_isLeastSquaresMinimizer	public	theorem	1	-	retain_document	-
NumStability.Analysis.Perturbation.LeastSquares.Basic	NumStability.Higham20DirectLSRefinementStep.updated_isLeastSquaresMinimizer	public	theorem	2	-	retain_document	-
NumStability.Analysis.Perturbation.LeastSquares.Basic	NumStability.Higham20RowSorting.abs_householderBeta_mul_inner_trailingPart_le_sqrt_two_mul	public	theorem	3	-	retain_document	-
NumStability.Analysis.Perturbation.LeastSquares.Basic	NumStability.Higham20RowSorting.abs_two_div_mul_le_sqrt_two_mul_of_abs_le_phi_mul_sqrt_mul_sqrt	public	theorem	4	-	retain_document	-
NumStability.Analysis.Perturbation.LeastSquares.Basic	NumStability.LSAugmentedPerturbation	public	inductive	5	-	retain_document	-
NumStability.Analysis.Perturbation.LeastSquares.Basic	NumStability.LSAugmentedPerturbation.casesOn	public	definition	6	-	retain_document	-
NumStability.Analysis.Perturbation.LeastSquares.Basic	NumStability.LSAugmentedPerturbation.eps_nonneg	public	theorem	7	-	retain_document	-
NumStability.Analysis.Perturbation.LeastSquares.Basic	NumStability.LSAugmentedPerturbation.gram_inv	public	theorem	8	-	retain_document	-
NumStability.Analysis.Perturbation.LeastSquares.Basic	NumStability.LSAugmentedPerturbation.mk	public	constructor	9	-	retain_document	-
NumStability.Analysis.Perturbation.LeastSquares.Basic	NumStability.LSAugmentedPerturbation.rec	public	recursor	10	-	retain_document	-
NumStability.Analysis.Perturbation.LeastSquares.Basic	NumStability.LSAugmentedPerturbation.recOn	public	definition	11	-	retain_document	-
NumStability.Analysis.Perturbation.LeastSquares.Basic	NumStability.LSAugmentedPerturbation.solution_bound	public	theorem	12	-	retain_document	-
NumStability.Analysis.Perturbation.LeastSquares.Basic	NumStability.LSComponentwisePerturbation	public	definition	13	-	retain_document	-
NumStability.Analysis.Perturbation.LeastSquares.Basic	NumStability.RectLSNormalEquations.exists_original_perturbation_of_commonQ_topBlock_fl_backSub	public	theorem	14	-	retain_document	-
NumStability.Analysis.Perturbation.LeastSquares.Basic	NumStability.RectLSNormalEquations.exists_original_perturbation_of_commonQ_topBlock_fl_backSub_gamma_bound	public	theorem	15	-	retain_document	-
NumStability.Analysis.Perturbation.LeastSquares.Basic	NumStability.StoredQROffDiagonalControlInvariant.of_diagDominant_finiteMaxAbsBetaNormSqPointwiseBounds	public	theorem	16	-	retain_document	-
NumStability.Analysis.Perturbation.LeastSquares.Basic	NumStability.StoredQROffDiagonalControlInvariant.of_diagDominant_finiteMaxNormBudgetCoeffBoundedSmallness	public	theorem	17	-	retain_document	-
NumStability.Analysis.Perturbation.LeastSquares.Basic	NumStability.StoredQROffDiagonalControlInvariant.of_diagDominant_finiteMaxNormBudgetCoeffPointwiseBounds	public	theorem	18	-	retain_document	-
NumStability.Analysis.Perturbation.LeastSquares.Basic	NumStability.StoredQROffDiagonalControlInvariant.of_diagDominant_finiteMaxNormBudgetCoeffSmallness	public	theorem	19	-	retain_document	-
NumStability.Analysis.Perturbation.LeastSquares.Basic	NumStability.StoredQROffDiagonalControlInvariant.of_diagDominant_finiteMaxSmallness	public	theorem	20	-	retain_document	-
NumStability.Analysis.Perturbation.LeastSquares.Basic	NumStability.StoredQROffDiagonalControlInvariant.of_diagDominant_finiteMaxSourceDenCapBounds	public	theorem	21	-	retain_document	-
NumStability.Analysis.Perturbation.LeastSquares.Basic	NumStability.StoredQROffDiagonalControlInvariant.of_diagDominant_finiteMaxSourceDenPointwiseBounds	public	theorem	22	-	retain_document	-
NumStability.Analysis.Perturbation.LeastSquares.Basic	NumStability.StoredQROffDiagonalControlInvariant.of_diagDominant_finiteMaxSourceDenSimpleBounds	public	theorem	23	-	retain_document	-
NumStability.Analysis.Perturbation.LeastSquares.Basic	NumStability.StoredQROffDiagonalControlInvariant.of_diagDominant_finiteMaxSourceDenUGammaCapBounds	public	theorem	24	-	retain_document	-
NumStability.Analysis.Perturbation.LeastSquares.Basic	NumStability.StoredQROffDiagonalControlInvariant.of_diagDominant_finiteMaxSourceDenURationalGammaCanonicalBounds	public	theorem	25	-	retain_document	-
NumStability.Analysis.Perturbation.LeastSquares.Basic	NumStability.StoredQROffDiagonalControlInvariant.of_diagDominant_finiteMaxSourceDenURationalGammaCapBounds	public	theorem	26	-	retain_document	-
NumStability.Analysis.Perturbation.LeastSquares.Basic	NumStability.StoredQROffDiagonalControlInvariant.of_diagDominant_leadingBlock_det_ne_zero_finiteMaxSourceDenURationalGammaCanonicalBounds	public	theorem	27	-	retain_document	-
NumStability.Analysis.Perturbation.LeastSquares.Basic	NumStability.StoredQROffDiagonalControlInvariant.of_diagDominant_signedAlphaDef_leadingBlock_det_ne_zero_finiteMaxSourceDenURationalGammaCanonicalBounds	public	theorem	28	-	retain_document	-
NumStability.Analysis.Perturbation.LeastSquares.Basic	NumStability.StoredQROffDiagonalControlInvariant.of_diagDominant_signedAlphaDef_lowerPrev_finiteMaxSourceDenURationalGammaCanonicalBounds	public	theorem	29	-	retain_document	-
NumStability.Analysis.Perturbation.LeastSquares.Basic	NumStability.StoredQROffDiagonalControlInvariant.of_diagDominant_signedAlphaDef_previousLeadingBlock_det_ne_zero_finiteMaxSourceDenURationalGammaCanonicalBounds	public	theorem	30	-	retain_document	-
NumStability.Analysis.Perturbation.LeastSquares.Basic	NumStability.StoredQROffDiagonalControlInvariant.of_diagDominant_trailingNormPos_finiteMaxSourceDenURationalGammaCanonicalBounds	public	theorem	31	-	retain_document	-
NumStability.Analysis.Perturbation.LeastSquares.Basic	NumStability.StoredQRSourceOffDiagonalControl.of_stored_trailing_sequence_diagDominant_kappaInf_selfNorm_dualBudget_signedStageUniformBudget_globalCompactBudget_activeMaxPivot_completedColumns_finiteMaxSmallness_stageRowMaxComparisonDefect_offdiag_rows	public	theorem	32	-	retain_document	-
NumStability.Analysis.Perturbation.LeastSquares.Basic	NumStability.StoredQRSourceOffDiagonalControl.of_stored_trailing_sequence_diagDominant_kappaInf_selfNorm_dualBudget_signedStageUniformBudget_globalCompactBudget_activeMaxPivot_completedColumns_globalProduct_stageRowMaxComparisonDefect_offdiag_rows	public	theorem	33	-	retain_document	-
NumStability.Analysis.Perturbation.LeastSquares.Basic	NumStability.StoredQRSourceOffDiagonalControl.of_stored_trailing_sequence_diagDominant_signedStageUniformBudget_globalCompactBudget_activeMaxPivot_completedColumns_finiteMaxSmallness_stageRowMaxComparisonDefect_concreteDual_offdiag_rows	public	theorem	34	-	retain_document	-
NumStability.Analysis.Perturbation.LeastSquares.Basic	NumStability.StoredQRSourceOffDiagonalControl.of_stored_trailing_sequence_diagDominant_signedStageUniformBudget_globalCompactBudget_activeMaxPivot_completedColumns_finiteMaxSmallness_stageRowMaxComparisonDefect_concreteDual_offdiag_rows_of_actualUnitRoundoff_no_gammaValid	public	theorem	35	-	retain_document	-
NumStability.Analysis.Perturbation.LeastSquares.Basic	NumStability.StoredQRSourceOffDiagonalControl.of_stored_trailing_sequence_diagDominant_signedStageUniformBudget_globalCompactBudget_activeMaxPivot_completedColumns_finiteMaxSourceDenURationalGammaCanonicalBounds_stageRowMaxComparisonDefect_offdiag_rows	public	theorem	36	-	retain_document	-
NumStability.Analysis.Perturbation.LeastSquares.Basic	NumStability.StoredQRSourceOffDiagonalControl.of_stored_trailing_sequence_diagDominant_signedStageUniformBudget_globalCompactBudget_activeMaxPivot_completedColumns_finiteMaxSourceDenURationalGammaCanonicalBounds_stageRowMaxComparisonDefect_offdiag_rows_of_actualUnitRoundoff_no_gammaValid	public	theorem	37	-	retain_document	-
NumStability.Analysis.Perturbation.LeastSquares.Basic	NumStability.StoredQRSourceOffDiagonalControl.of_stored_trailing_sequence_diagDominant_signedStageUniformBudget_globalCompactBudget_activeMaxPivot_completedColumns_finiteMaxSourceDenURationalGammaCanonicalBounds_stageRowMaxComparisonDefect_offdiag_rows_of_horizonBudget	public	theorem	38	-	retain_document	-
NumStability.Analysis.Perturbation.LeastSquares.Basic	NumStability.StoredQRSourceOffDiagonalControl.of_stored_trailing_sequence_diagDominant_signedStageUniformBudget_globalCompactBudget_activeMaxPivot_completedColumns_finiteMaxSourceDenURationalGammaCanonicalBounds_stageRowMaxComparisonDefect_offdiag_rows_of_horizonBudget_of_initial_nonneg	public	theorem	39	-	retain_document	-
NumStability.Analysis.Perturbation.LeastSquares.Basic	NumStability.StoredQRSourceOffDiagonalControl.of_stored_trailing_sequence_diagDominant_storedLower_signedStageUniformBudget_globalCompactBudget_activeMaxPivot_completedColumns_finiteMaxSourceDenURationalGammaCanonicalBounds_stageRowMaxComparisonDefect_offdiag_rows_of_actualUnitRoundoff_no_gammaValid	public	theorem	40	-	retain_document	-
NumStability.Analysis.Perturbation.LeastSquares.Basic	NumStability.StoredQRSourceOffDiagonalControl.of_stored_trailing_sequence_diagDominant_storedLower_signedStageUniformBudget_globalCompactBudget_activeMaxPivot_completedColumns_finiteMaxSourceDenURationalGammaCanonicalBounds_stageRowMaxComparisonDefect_offdiag_rows_of_actualUnitRoundoff_no_gammaValid_of_horizonBudget	public	theorem	41	-	retain_document	-
NumStability.Analysis.Perturbation.LeastSquares.Basic	NumStability.StoredQRSourceOffDiagonalControl.of_stored_trailing_sequence_leadingBlock_det_ne_zero_kappaInf_selfNorm_dualBudget_diagDominant_finiteMaxSmallness	public	theorem	42	-	retain_document	-
NumStability.Analysis.Perturbation.LeastSquares.Basic	NumStability.StoredQRSourceOffDiagonalControl.of_stored_trailing_sequence_leadingBlock_det_ne_zero_kappaInf_selfNorm_dualBudget_diagDominant_globalProduct	public	theorem	43	-	retain_document	-
NumStability.Analysis.Perturbation.LeastSquares.Basic	NumStability.StoredQRSourceOffDiagonalControl.of_stored_trailing_sequence_leadingBlock_det_ne_zero_kappaInf_selfNorm_dualBudget_signedStageUniformBudget_globalCompactBudget_activeMaxPivot_completedColumns_globalProduct_rowMaxDiagDefect_stageBudgetLeRowMax_offdiag_rows	public	theorem	44	-	retain_document	-
NumStability.Analysis.Perturbation.LeastSquares.Basic	NumStability.StoredQRSourceOffDiagonalControl.of_stored_trailing_sequence_leadingBlock_det_ne_zero_kappaInf_selfNorm_dualBudget_signedStageUniformBudget_globalCompactBudget_activeMaxPivot_completedColumns_globalProduct_rowMaxDiagDefect_stageBudgetLeRowMax_offdiag_rows_of_actualUnitRoundoff_no_gammaValid	public	theorem	45	-	retain_document	-
NumStability.Analysis.Perturbation.LeastSquares.Basic	NumStability.StoredQRSourceOffDiagonalControl.of_stored_trailing_sequence_leadingBlock_det_ne_zero_kappaInf_selfNorm_dualBudget_signedStageUniformBudget_globalCompactBudget_activeMaxPivot_completedColumns_globalProduct_rowMaxDiagDefect_stageRowMaxComparisonDefect_offdiag_rows	public	theorem	46	-	retain_document	-
NumStability.Analysis.Perturbation.LeastSquares.Basic	NumStability.StoredQRSourceOffDiagonalControl.of_stored_trailing_sequence_leadingBlock_det_ne_zero_kappaInf_selfNorm_dualBudget_signedStageUniformBudget_globalCompactBudget_activeMaxPivot_completedColumns_globalProduct_rowMaxDiagDefect_stageRowMaxComparisonDefect_offdiag_rows_of_actualUnitRoundoff_no_gammaValid	public	theorem	47	-	retain_document	-
NumStability.Analysis.Perturbation.LeastSquares.Basic	NumStability.StoredQRSourceOffDiagonalControl.of_stored_trailing_sequence_leadingBlock_det_ne_zero_kappaInf_selfNorm_dualBudget_signedStageUniformBudget_globalCompactBudget_activeMaxPivot_completedColumns_globalProduct_stageDiagDefect_offdiag_rows	public	theorem	48	-	retain_document	-
NumStability.Analysis.Perturbation.LeastSquares.Basic	NumStability.StoredQRSourceOffDiagonalControl.of_stored_trailing_sequence_leadingBlock_det_ne_zero_kappaInf_selfNorm_dualBudget_signedStageUniformBudget_globalCompactBudget_completedColumns_globalProduct_offdiag_rows	public	theorem	49	-	retain_document	-
NumStability.Analysis.Perturbation.LeastSquares.Basic	NumStability.StoredQRSourceOffDiagonalControl.of_stored_trailing_sequence_leadingBlock_det_ne_zero_kappaInf_selfNorm_dualBudget_signedStageUniformBudget_globalCompactBudget_completedColumns_globalProduct_stageDiagDefect_offdiag_rows	public	theorem	50	-	retain_document	-
NumStability.Analysis.Perturbation.LeastSquares.Basic	NumStability.StoredQRSourceOffDiagonalControl.of_stored_trailing_sequence_leadingBlock_det_ne_zero_normSqBudget_diagDominant_finiteMaxSmallness	public	theorem	51	-	retain_document	-
NumStability.Analysis.Perturbation.LeastSquares.Basic	NumStability.StoredQRSourceOffDiagonalControl.of_stored_trailing_sequence_leadingBlock_det_ne_zero_normSqBudget_diagDominant_globalProduct	public	theorem	52	-	retain_document	-
NumStability.Analysis.Perturbation.LeastSquares.Basic	NumStability.StoredQRSourceOffDiagonalControl.of_stored_trailing_sequence_leadingBlock_det_ne_zero_normSqBudget_offdiag_product	public	theorem	53	-	retain_document	-
NumStability.Analysis.Perturbation.LeastSquares.Basic	NumStability.StoredQRSourceOffDiagonalControl.of_stored_trailing_sequence_leadingBlock_det_ne_zero_normSqBudget_rowBudget_product	public	theorem	54	-	retain_document	-
NumStability.Analysis.Perturbation.LeastSquares.Basic	NumStability.StoredQRSourceOffDiagonalControl.of_stored_trailing_sequence_leadingBlock_det_ne_zero_normSqBudget_rowBudget_product_of_offdiag_rows	public	theorem	55	-	retain_document	-
NumStability.Analysis.Perturbation.LeastSquares.Basic	NumStability.StoredQRSourceOffDiagonalControl.of_stored_trailing_sequence_leadingBlock_det_ne_zero_normSqBudget_signedStageBudget_rowBudget_product	public	theorem	56	-	retain_document	-
NumStability.Analysis.Perturbation.LeastSquares.Basic	NumStability.StoredQRSourceOffDiagonalControl.of_stored_trailing_sequence_leadingBlock_det_ne_zero_normSqBudget_signedStageBudget_rowBudget_product_of_normSqBudget	public	theorem	57	-	retain_document	-
NumStability.Analysis.Perturbation.LeastSquares.Basic	NumStability.StoredQRSourceOffDiagonalControl.of_stored_trailing_sequence_leadingBlock_det_ne_zero_normSqBudget_signedStageBudget_rowBudget_product_of_normSqBudget_offdiag_rows	public	theorem	58	-	retain_document	-
NumStability.Analysis.Perturbation.LeastSquares.Basic	NumStability.StoredQRSourceOffDiagonalControl.of_stored_trailing_sequence_leadingBlock_det_ne_zero_normSqBudget_signedStageBudget_rowBudget_product_of_offdiag_rows	public	theorem	59	-	retain_document	-
NumStability.Analysis.Perturbation.LeastSquares.Basic	NumStability.StoredQRSourceOffDiagonalControl.of_stored_trailing_sequence_leadingBlock_det_ne_zero_normSqBudget_signedStageUniformBudget_product_of_normSqBudget	public	theorem	60	-	retain_document	-
NumStability.Analysis.Perturbation.LeastSquares.Basic	NumStability.StoredQRSourceOffDiagonalControl.of_stored_trailing_sequence_leadingBlock_det_ne_zero_normSqBudget_signedStageUniformBudget_product_of_normSqBudget_activePrefix_activeBlockRecurrence_globalCompactBudget_activeMaxPivot_completedColumns_globalProduct_stageDiagDefect_offdiag_rows	public	theorem	61	-	retain_document	-
NumStability.Analysis.Perturbation.LeastSquares.Basic	NumStability.StoredQRSourceOffDiagonalControl.of_stored_trailing_sequence_leadingBlock_det_ne_zero_normSqBudget_signedStageUniformBudget_product_of_normSqBudget_activePrefix_activeBlockRecurrence_globalCompactBudget_completedColumns_globalProduct_offdiag_rows	public	theorem	62	-	retain_document	-
NumStability.Analysis.Perturbation.LeastSquares.Basic	NumStability.StoredQRSourceOffDiagonalControl.of_stored_trailing_sequence_leadingBlock_det_ne_zero_normSqBudget_signedStageUniformBudget_product_of_normSqBudget_activePrefix_activeBlockRecurrence_globalCompactBudget_completedColumns_globalProduct_offdiag_rows_of_horizonBudget	public	theorem	63	-	retain_document	-
NumStability.Analysis.Perturbation.LeastSquares.Basic	NumStability.StoredQRSourceOffDiagonalControl.of_stored_trailing_sequence_leadingBlock_det_ne_zero_normSqBudget_signedStageUniformBudget_product_of_normSqBudget_activePrefix_activeBlockRecurrence_globalCompactBudget_completedColumns_globalProduct_stageDiagDefect_offdiag_rows	public	theorem	64	-	retain_document	-
NumStability.Analysis.Perturbation.LeastSquares.Basic	NumStability.StoredQRSourceOffDiagonalControl.of_stored_trailing_sequence_leadingBlock_det_ne_zero_normSqBudget_signedStageUniformBudget_product_of_normSqBudget_activePrefix_activeBlockRecurrence_globalCompactBudget_completedColumns_offdiag_rows	public	theorem	65	-	retain_document	-
NumStability.Analysis.Perturbation.LeastSquares.Basic	NumStability.StoredQRSourceOffDiagonalControl.of_stored_trailing_sequence_leadingBlock_det_ne_zero_normSqBudget_signedStageUniformBudget_product_of_normSqBudget_activePrefix_activeBlockRecurrence_globalCompactBudget_offdiag_rows	public	theorem	66	-	retain_document	-
NumStability.Analysis.Perturbation.LeastSquares.Basic	NumStability.StoredQRSourceOffDiagonalControl.of_stored_trailing_sequence_leadingBlock_det_ne_zero_normSqBudget_signedStageUniformBudget_product_of_normSqBudget_activePrefix_activeBlockRecurrence_offdiag_rows	public	theorem	67	-	retain_document	-
NumStability.Analysis.Perturbation.LeastSquares.Basic	NumStability.StoredQRSourceOffDiagonalControl.of_stored_trailing_sequence_leadingBlock_det_ne_zero_normSqBudget_signedStageUniformBudget_product_of_normSqBudget_activePrefix_activeBlockRecurrence_prefixRowRecurrence_offdiag_rows	public	theorem	68	-	retain_document	-
NumStability.Analysis.Perturbation.LeastSquares.Basic	NumStability.StoredQRSourceOffDiagonalControl.of_stored_trailing_sequence_leadingBlock_det_ne_zero_normSqBudget_signedStageUniformBudget_product_of_normSqBudget_activePrefix_stage_entry_bounds_offdiag_rows	public	theorem	69	-	retain_document	-
NumStability.Analysis.Perturbation.LeastSquares.Basic	NumStability.StoredQRSourceOffDiagonalControl.of_stored_trailing_sequence_leadingBlock_det_ne_zero_normSqBudget_signedStageUniformBudget_product_of_normSqBudget_offdiag_rows	public	theorem	70	-	retain_document	-
NumStability.Analysis.Perturbation.LeastSquares.Basic	NumStability.StoredQRSourceOffDiagonalControl.of_stored_trailing_sequence_leadingBlock_det_ne_zero_normSqBudget_signedStageUniformBudget_product_of_normSqBudget_stage_entry_bounds	public	theorem	71	-	retain_document	-
NumStability.Analysis.Perturbation.LeastSquares.Basic	NumStability.StoredQRSourceOffDiagonalControl.of_stored_trailing_sequence_leadingBlock_det_ne_zero_normSqBudget_signedStageUniformBudget_product_of_normSqBudget_stage_entry_bounds_offdiag_rows	public	theorem	72	-	retain_document	-
NumStability.Analysis.Perturbation.LeastSquares.Basic	NumStability.StoredQRSourceOffDiagonalControl.of_stored_trailing_sequence_leadingBlock_det_ne_zero_normSqBudget_stageBudget_rowBudget_product	public	theorem	73	-	retain_document	-
NumStability.Analysis.Perturbation.LeastSquares.Basic	NumStability.StoredQRSourceOffDiagonalControl.of_stored_trailing_sequence_leadingBlock_det_ne_zero_normSqBudget_stageBudget_rowBudget_product_of_offdiag_rows	public	theorem	74	-	retain_document	-
NumStability.Analysis.Perturbation.LeastSquares.Basic	NumStability.StoredQRSourceOffDiagonalControl.of_stored_trailing_sequence_leadingBlock_det_ne_zero_sqrtBudget_offdiag_product	public	theorem	75	-	retain_document	-
NumStability.Analysis.Perturbation.LeastSquares.Basic	NumStability.StoredQRSourceOffDiagonalControl.of_stored_trailing_sequence_pivot_sqrtBudget_offdiag_product	public	theorem	76	-	retain_document	-
NumStability.Analysis.Perturbation.LeastSquares.Basic	NumStability.exists_perturbed_ls_minimizer_of_commonQ_topBlock_fl_backSub_gamma_bound	public	theorem	77	-	retain_document	-
NumStability.Analysis.Perturbation.LeastSquares.Basic	NumStability.exists_perturbed_ls_minimizer_of_commonQ_topBlock_fl_backSub_gamma_bound_columnwise	public	theorem	78	-	retain_document	-
NumStability.Analysis.Perturbation.LeastSquares.Basic	NumStability.exists_perturbed_ls_minimizer_of_compact_householder_sequence_topBlock_fl_backSub_gamma_bound	public	theorem	79	-	retain_document	-
NumStability.Analysis.Perturbation.LeastSquares.Basic	NumStability.exists_perturbed_ls_minimizer_of_rectLSNormalEquations_normBound	public	theorem	80	-	retain_document	-
NumStability.Analysis.Perturbation.LeastSquares.Basic	NumStability.exists_perturbed_ls_minimizer_of_rect_orthogonal_sequence_topBlock_fl_backSub_gamma_bound	public	theorem	81	-	retain_document	-
NumStability.Analysis.Perturbation.LeastSquares.Basic	NumStability.exists_perturbed_ls_minimizer_of_stored_trailing_householder_sequence_topBlock_fl_backSub_gammaTilde_bound_columnwise	public	theorem	82	-	retain_document	-
NumStability.Analysis.Perturbation.LeastSquares.Basic	NumStability.exists_perturbed_ls_minimizer_of_stored_trailing_householder_sequence_topBlock_fl_backSub_gamma_bound	public	theorem	83	-	retain_document	-
NumStability.Analysis.Perturbation.LeastSquares.Basic	NumStability.exists_perturbed_ls_minimizer_of_stored_trailing_householder_sequence_topBlock_fl_backSub_gamma_bound_columnwise	public	theorem	84	-	retain_document	-
NumStability.Analysis.Perturbation.LeastSquares.Basic	NumStability.exists_perturbed_ls_minimizer_of_stored_trailing_householder_sequence_topBlock_fl_backSub_gamma_bound_columnwise_of_cStep_le_gamma	public	theorem	85	-	retain_document	-
NumStability.Analysis.Perturbation.LeastSquares.Basic	NumStability.exists_perturbed_ls_minimizer_of_stored_trailing_householder_sequence_topBlock_fl_backSub_gamma_bound_columnwise_of_sequenceBudget_le_gamma	public	theorem	86	-	retain_document	-
NumStability.Analysis.Perturbation.LeastSquares.Basic	NumStability.exists_perturbed_ls_minimizer_of_stored_trailing_householder_sequence_topBlock_fl_backSub_gamma_bound_columnwise_of_sourceDen_conservativeOperationCount_signed_alpha_diagDominant_finiteMaxSourceDenURationalGammaCanonicalBounds_no_gammaValid	public	theorem	87	-	retain_document	-
NumStability.Analysis.Perturbation.LeastSquares.Basic	NumStability.exists_perturbed_ls_minimizer_of_stored_trailing_householder_sequence_topBlock_fl_backSub_gamma_bound_columnwise_of_sourceDen_conservativeOperationCount_signed_alpha_diagDominant_storedLower_finiteMaxSourceDenURationalGammaCanonicalBounds_no_gammaValid	public	theorem	88	-	retain_document	-
NumStability.Analysis.Perturbation.LeastSquares.Basic	NumStability.exists_perturbed_ls_minimizer_of_stored_trailing_householder_sequence_topBlock_fl_backSub_gamma_bound_columnwise_of_sourceDen_conservativeOperationCount_signed_alpha_diagDominant_storedLower_finiteMaxSourceDenURationalGammaCanonicalBounds_of_actualUnitRoundoff_no_gammaValid	public	theorem	89	-	retain_document	-
NumStability.Analysis.Perturbation.LeastSquares.Basic	NumStability.exists_perturbed_ls_minimizer_of_stored_trailing_householder_sequence_topBlock_fl_backSub_gamma_bound_columnwise_of_sourceDen_conservativeOperationCount_signed_alpha_diagDominant_trailingNormPos_finiteMaxSourceDenURationalGammaCanonicalBounds_no_gammaValid	public	theorem	90	-	retain_document	-
NumStability.Analysis.Perturbation.LeastSquares.Basic	NumStability.exists_perturbed_ls_minimizer_of_stored_trailing_householder_sequence_topBlock_fl_backSub_gamma_bound_columnwise_of_sourceDen_conservativeOperationCount_signed_alpha_leadingBlock_det_ne_zero_kappaInf_selfNorm_dualBudget_no_gammaValid	public	theorem	91	-	retain_document	-
NumStability.Analysis.Perturbation.LeastSquares.Basic	NumStability.exists_perturbed_ls_minimizer_of_stored_trailing_householder_sequence_topBlock_fl_backSub_gamma_bound_columnwise_of_sourceDen_conservativeOperationCount_signed_alpha_normSqBudget_no_gammaValid	public	theorem	92	-	retain_document	-
NumStability.Analysis.Perturbation.LeastSquares.Basic	NumStability.exists_perturbed_ls_minimizer_of_stored_trailing_householder_sequence_topBlock_fl_backSub_gamma_bound_columnwise_of_sourceDen_conservativeOperationCount_signed_alpha_sqrt_budget_no_gammaValid	public	theorem	93	-	retain_document	-
NumStability.Analysis.Perturbation.LeastSquares.Basic	NumStability.exists_perturbed_ls_minimizer_of_stored_trailing_householder_sequence_topBlock_fl_backSub_gamma_bound_columnwise_of_sourceDen_conservativeOperationCount_signed_alpha_trailingNorm_pos_and_sqrt_budget	public	theorem	94	-	retain_document	-
NumStability.Analysis.Perturbation.LeastSquares.Basic	NumStability.exists_perturbed_ls_minimizer_of_stored_trailing_householder_sequence_topBlock_fl_backSub_gamma_bound_columnwise_of_sourceDen_conservativeOperationCount_signed_alpha_trailingNorm_pos_and_sqrt_budget_no_gammaValid	public	theorem	95	-	retain_document	-
NumStability.Analysis.Perturbation.LeastSquares.Basic	NumStability.exists_perturbed_ls_minimizer_of_stored_trailing_householder_sequence_topBlock_fl_backSub_gamma_bound_columnwise_of_sourceDen_stepOps	public	theorem	96	-	retain_document	-
NumStability.Analysis.Perturbation.LeastSquares.Basic	NumStability.exists_perturbed_ls_minimizer_of_stored_trailing_householder_sequence_topBlock_fl_backSub_gamma_bound_columnwise_of_sourceDen_stepOps_pivot_error_lt_abs_alpha	public	theorem	97	-	retain_document	-
NumStability.Analysis.Perturbation.LeastSquares.Basic	NumStability.exists_perturbed_ls_minimizer_of_stored_trailing_householder_sequence_topBlock_fl_backSub_gamma_bound_columnwise_of_sourceDen_stepOps_signed_alpha_trailingNorm_pos_and_sqrt_budget	public	theorem	98	-	retain_document	-
NumStability.Analysis.Perturbation.LeastSquares.Basic	NumStability.exists_perturbed_ls_minimizer_of_stored_trailing_householder_sequence_topBlock_fl_backSub_gamma_bound_columnwise_of_sourceDen_stepOps_signed_alpha_trailingNorm_pos_and_sqrt_budget_of_total_gammaValid	public	theorem	99	-	retain_document	-
NumStability.Analysis.Perturbation.LeastSquares.Basic	NumStability.exists_perturbed_ls_minimizer_of_stored_trailing_householder_sequence_topBlock_fl_backSub_gamma_bound_columnwise_of_stepBudget_le_gamma	public	theorem	100	-	retain_document	-
NumStability.Analysis.Perturbation.LeastSquares.Basic	NumStability.exists_perturbed_ls_minimizer_of_stored_trailing_householder_sequence_topBlock_fl_backSub_gamma_bound_explicitCompactBudget_of_signed_alpha_diagDominant_finiteMaxNormBudgetCoeffPointwiseBounds_concreteDual	public	theorem	101	-	retain_document	-
NumStability.Analysis.Perturbation.LeastSquares.Basic	NumStability.exists_perturbed_ls_minimizer_of_stored_trailing_householder_sequence_topBlock_fl_backSub_gamma_bound_explicitCompactBudget_of_signed_alpha_diagDominant_finiteMaxSmallness_concreteDual	public	theorem	102	-	retain_document	-
NumStability.Analysis.Perturbation.LeastSquares.Basic	NumStability.exists_perturbed_ls_minimizer_of_stored_trailing_householder_sequence_topBlock_fl_backSub_gamma_bound_explicitCompactBudget_of_signed_alpha_diagDominant_finiteMaxSourceDenURationalGammaCanonicalBounds	public	theorem	103	-	retain_document	-
NumStability.Analysis.Perturbation.LeastSquares.Basic	NumStability.exists_perturbed_ls_minimizer_of_stored_trailing_householder_sequence_topBlock_fl_backSub_gamma_bound_explicitCompactBudget_of_signed_alpha_diagDominant_kappaInf_selfNorm_dualBudget_signedStageUniformBudget_globalCompactBudget_activeMaxPivot_completedColumns_finiteMaxSmallness_stageRowMaxComparisonDefect_offdiag_rows	public	theorem	104	-	retain_document	-
NumStability.Analysis.Perturbation.LeastSquares.Basic	NumStability.exists_perturbed_ls_minimizer_of_stored_trailing_householder_sequence_topBlock_fl_backSub_gamma_bound_explicitCompactBudget_of_signed_alpha_diagDominant_kappaInf_selfNorm_dualBudget_signedStageUniformBudget_globalCompactBudget_activeMaxPivot_completedColumns_globalProduct_stageRowMaxComparisonDefect_offdiag_rows	public	theorem	105	-	retain_document	-
NumStability.Analysis.Perturbation.LeastSquares.Basic	NumStability.exists_perturbed_ls_minimizer_of_stored_trailing_householder_sequence_topBlock_fl_backSub_gamma_bound_explicitCompactBudget_of_signed_alpha_diagDominant_lowerPrev_finiteMaxSourceDenURationalGammaCanonicalBounds	public	theorem	106	-	retain_document	-
NumStability.Analysis.Perturbation.LeastSquares.Basic	NumStability.exists_perturbed_ls_minimizer_of_stored_trailing_householder_sequence_topBlock_fl_backSub_gamma_bound_explicitCompactBudget_of_signed_alpha_diagDominant_signedStageUniformBudget_globalCompactBudget_activeMaxPivot_completedColumns_finiteMaxSmallness_stageRowMaxComparisonDefect_concreteDual_offdiag_rows	public	theorem	107	-	retain_document	-
NumStability.Analysis.Perturbation.LeastSquares.Basic	NumStability.exists_perturbed_ls_minimizer_of_stored_trailing_householder_sequence_topBlock_fl_backSub_gamma_bound_explicitCompactBudget_of_signed_alpha_diagDominant_signedStageUniformBudget_globalCompactBudget_activeMaxPivot_completedColumns_finiteMaxSmallness_stageRowMaxComparisonDefect_concreteDual_offdiag_rows_of_actualUnitRoundoff_no_gammaValid	public	theorem	108	-	retain_document	-
NumStability.Analysis.Perturbation.LeastSquares.Basic	NumStability.exists_perturbed_ls_minimizer_of_stored_trailing_householder_sequence_topBlock_fl_backSub_gamma_bound_explicitCompactBudget_of_signed_alpha_diagDominant_signedStageUniformBudget_globalCompactBudget_activeMaxPivot_completedColumns_finiteMaxSourceDenURationalGammaCanonicalBounds_stageRowMaxComparisonDefect_offdiag_rows	public	theorem	109	-	retain_document	-
NumStability.Analysis.Perturbation.LeastSquares.Basic	NumStability.exists_perturbed_ls_minimizer_of_stored_trailing_householder_sequence_topBlock_fl_backSub_gamma_bound_explicitCompactBudget_of_signed_alpha_diagDominant_signedStageUniformBudget_globalCompactBudget_activeMaxPivot_completedColumns_finiteMaxSourceDenURationalGammaCanonicalBounds_stageRowMaxComparisonDefect_offdiag_rows_of_actualUnitRoundoff_no_gammaValid	public	theorem	110	-	retain_document	-
NumStability.Analysis.Perturbation.LeastSquares.Basic	NumStability.exists_perturbed_ls_minimizer_of_stored_trailing_householder_sequence_topBlock_fl_backSub_gamma_bound_explicitCompactBudget_of_signed_alpha_diagDominant_signedStageUniformBudget_globalCompactBudget_activeMaxPivot_completedColumns_finiteMaxSourceDenURationalGammaCanonicalBounds_stageRowMaxComparisonDefect_offdiag_rows_of_actualUnitRoundoff_no_gammaValid_of_horizonBudget	public	theorem	111	-	retain_document	-
NumStability.Analysis.Perturbation.LeastSquares.Basic	NumStability.exists_perturbed_ls_minimizer_of_stored_trailing_householder_sequence_topBlock_fl_backSub_gamma_bound_explicitCompactBudget_of_signed_alpha_diagDominant_signedStageUniformBudget_globalCompactBudget_activeMaxPivot_completedColumns_finiteMaxSourceDenURationalGammaCanonicalBounds_stageRowMaxComparisonDefect_offdiag_rows_of_horizonBudget	public	theorem	112	-	retain_document	-
NumStability.Analysis.Perturbation.LeastSquares.Basic	NumStability.exists_perturbed_ls_minimizer_of_stored_trailing_householder_sequence_topBlock_fl_backSub_gamma_bound_explicitCompactBudget_of_signed_alpha_diagDominant_storedLower_finiteMaxSourceDenURationalGammaCanonicalBounds	public	theorem	113	-	retain_document	-
NumStability.Analysis.Perturbation.LeastSquares.Basic	NumStability.exists_perturbed_ls_minimizer_of_stored_trailing_householder_sequence_topBlock_fl_backSub_gamma_bound_explicitCompactBudget_of_signed_alpha_diagDominant_storedLower_finiteMaxSourceDenURationalGammaCanonicalBounds_of_actualUnitRoundoff_no_gammaValid	public	theorem	114	-	retain_document	-
NumStability.Analysis.Perturbation.LeastSquares.Basic	NumStability.exists_perturbed_ls_minimizer_of_stored_trailing_householder_sequence_topBlock_fl_backSub_gamma_bound_explicitCompactBudget_of_signed_alpha_diagDominant_storedLower_finiteMaxSourceDenURationalGammaCanonicalBounds_of_uCap_no_gammaValid	public	theorem	115	-	retain_document	-
NumStability.Analysis.Perturbation.LeastSquares.Basic	NumStability.exists_perturbed_ls_minimizer_of_stored_trailing_householder_sequence_topBlock_fl_backSub_gamma_bound_explicitCompactBudget_of_signed_alpha_diagDominant_storedLower_signedStageUniformBudget_globalCompactBudget_activeMaxPivot_completedColumns_finiteMaxSourceDenURationalGammaCanonicalBounds_stageRowMaxComparisonDefect_offdiag_rows_of_actualUnitRoundoff_no_gammaValid	public	theorem	116	-	retain_document	-
NumStability.Analysis.Perturbation.LeastSquares.Basic	NumStability.exists_perturbed_ls_minimizer_of_stored_trailing_householder_sequence_topBlock_fl_backSub_gamma_bound_explicitCompactBudget_of_signed_alpha_diagDominant_storedLower_signedStageUniformBudget_globalCompactBudget_activeMaxPivot_completedColumns_finiteMaxSourceDenURationalGammaCanonicalBounds_stageRowMaxComparisonDefect_offdiag_rows_of_actualUnitRoundoff_no_gammaValid_of_horizonBudget	public	theorem	117	-	retain_document	-
NumStability.Analysis.Perturbation.LeastSquares.Basic	NumStability.exists_perturbed_ls_minimizer_of_stored_trailing_householder_sequence_topBlock_fl_backSub_gamma_bound_explicitCompactBudget_of_signed_alpha_diagDominant_trailingNormPos_finiteMaxSourceDenURationalGammaCanonicalBounds	public	theorem	118	-	retain_document	-
NumStability.Analysis.Perturbation.LeastSquares.Basic	NumStability.exists_perturbed_ls_minimizer_of_stored_trailing_householder_sequence_topBlock_fl_backSub_gamma_bound_explicitCompactBudget_of_signed_alpha_diag_offdiag_product	public	theorem	119	-	retain_document	-
NumStability.Analysis.Perturbation.LeastSquares.Basic	NumStability.exists_perturbed_ls_minimizer_of_stored_trailing_householder_sequence_topBlock_fl_backSub_gamma_bound_explicitCompactBudget_of_signed_alpha_leadingBlock_det_ne_zero_diagDominant_finiteMaxNormBudgetCoeffPointwiseBounds_concreteDual	public	theorem	120	-	retain_document	-
NumStability.Analysis.Perturbation.LeastSquares.Basic	NumStability.exists_perturbed_ls_minimizer_of_stored_trailing_householder_sequence_topBlock_fl_backSub_gamma_bound_explicitCompactBudget_of_signed_alpha_leadingBlock_det_ne_zero_diagDominant_finiteMaxSmallness_concreteDual	public	theorem	121	-	retain_document	-
NumStability.Analysis.Perturbation.LeastSquares.Basic	NumStability.exists_perturbed_ls_minimizer_of_stored_trailing_householder_sequence_topBlock_fl_backSub_gamma_bound_explicitCompactBudget_of_signed_alpha_leadingBlock_det_ne_zero_kappaInf_selfNorm_dualBudget_signedStageUniformBudget_globalCompactBudget_activeMaxPivot_completedColumns_globalProduct_rowMaxDiagDefect_stageBudgetLeRowMax_offdiag_rows	public	theorem	122	-	retain_document	-
NumStability.Analysis.Perturbation.LeastSquares.Basic	NumStability.exists_perturbed_ls_minimizer_of_stored_trailing_householder_sequence_topBlock_fl_backSub_gamma_bound_explicitCompactBudget_of_signed_alpha_leadingBlock_det_ne_zero_kappaInf_selfNorm_dualBudget_signedStageUniformBudget_globalCompactBudget_activeMaxPivot_completedColumns_globalProduct_rowMaxDiagDefect_stageBudgetLeRowMax_offdiag_rows_of_actualUnitRoundoff_no_gammaValid	public	theorem	123	-	retain_document	-
NumStability.Analysis.Perturbation.LeastSquares.Basic	NumStability.exists_perturbed_ls_minimizer_of_stored_trailing_householder_sequence_topBlock_fl_backSub_gamma_bound_explicitCompactBudget_of_signed_alpha_leadingBlock_det_ne_zero_kappaInf_selfNorm_dualBudget_signedStageUniformBudget_globalCompactBudget_activeMaxPivot_completedColumns_globalProduct_rowMaxDiagDefect_stageRowMaxComparisonDefect_offdiag_rows	public	theorem	124	-	retain_document	-
NumStability.Analysis.Perturbation.LeastSquares.Basic	NumStability.exists_perturbed_ls_minimizer_of_stored_trailing_householder_sequence_topBlock_fl_backSub_gamma_bound_explicitCompactBudget_of_signed_alpha_leadingBlock_det_ne_zero_kappaInf_selfNorm_dualBudget_signedStageUniformBudget_globalCompactBudget_activeMaxPivot_completedColumns_globalProduct_rowMaxDiagDefect_stageRowMaxComparisonDefect_offdiag_rows_of_actualUnitRoundoff_no_gammaValid	public	theorem	125	-	retain_document	-
NumStability.Analysis.Perturbation.LeastSquares.Basic	NumStability.exists_perturbed_ls_minimizer_of_stored_trailing_householder_sequence_topBlock_fl_backSub_gamma_bound_explicitCompactBudget_of_signed_alpha_leadingBlock_det_ne_zero_kappaInf_selfNorm_dualBudget_signedStageUniformBudget_globalCompactBudget_activeMaxPivot_completedColumns_globalProduct_stageDiagDefect_offdiag_rows	public	theorem	126	-	retain_document	-
NumStability.Analysis.Perturbation.LeastSquares.Basic	NumStability.exists_perturbed_ls_minimizer_of_stored_trailing_householder_sequence_topBlock_fl_backSub_gamma_bound_explicitCompactBudget_of_signed_alpha_leadingBlock_det_ne_zero_kappaInf_selfNorm_dualBudget_signedStageUniformBudget_globalCompactBudget_activeMaxPivot_completedColumns_globalProduct_stageDiagDefect_offdiag_rows_of_actualUnitRoundoff_no_gammaValid	public	theorem	127	-	retain_document	-
NumStability.Analysis.Perturbation.LeastSquares.Basic	NumStability.exists_perturbed_ls_minimizer_of_stored_trailing_householder_sequence_topBlock_fl_backSub_gamma_bound_explicitCompactBudget_of_signed_alpha_leadingBlock_det_ne_zero_normSqBudget_offdiag_product	public	theorem	128	-	retain_document	-
NumStability.Analysis.Perturbation.LeastSquares.Basic	NumStability.exists_perturbed_ls_minimizer_of_stored_trailing_householder_sequence_topBlock_fl_backSub_gamma_bound_explicitCompactBudget_of_signed_alpha_leadingBlock_det_ne_zero_normSqBudget_rowBudget_product	public	theorem	129	-	retain_document	-
NumStability.Analysis.Perturbation.LeastSquares.Basic	NumStability.exists_perturbed_ls_minimizer_of_stored_trailing_householder_sequence_topBlock_fl_backSub_gamma_bound_explicitCompactBudget_of_signed_alpha_leadingBlock_det_ne_zero_normSqBudget_rowBudget_product_of_offdiag_rows	public	theorem	130	-	retain_document	-
NumStability.Analysis.Perturbation.LeastSquares.Basic	NumStability.exists_perturbed_ls_minimizer_of_stored_trailing_householder_sequence_topBlock_fl_backSub_gamma_bound_explicitCompactBudget_of_signed_alpha_leadingBlock_det_ne_zero_normSqBudget_signedStageBudget_rowBudget_product	public	theorem	131	-	retain_document	-
NumStability.Analysis.Perturbation.LeastSquares.Basic	NumStability.exists_perturbed_ls_minimizer_of_stored_trailing_householder_sequence_topBlock_fl_backSub_gamma_bound_explicitCompactBudget_of_signed_alpha_leadingBlock_det_ne_zero_normSqBudget_signedStageBudget_rowBudget_product_of_normSqBudget	public	theorem	132	-	retain_document	-
NumStability.Analysis.Perturbation.LeastSquares.Basic	NumStability.exists_perturbed_ls_minimizer_of_stored_trailing_householder_sequence_topBlock_fl_backSub_gamma_bound_explicitCompactBudget_of_signed_alpha_leadingBlock_det_ne_zero_normSqBudget_signedStageBudget_rowBudget_product_of_normSqBudget_offdiag_rows	public	theorem	133	-	retain_document	-
NumStability.Analysis.Perturbation.LeastSquares.Basic	NumStability.exists_perturbed_ls_minimizer_of_stored_trailing_householder_sequence_topBlock_fl_backSub_gamma_bound_explicitCompactBudget_of_signed_alpha_leadingBlock_det_ne_zero_normSqBudget_signedStageBudget_rowBudget_product_of_offdiag_rows	public	theorem	134	-	retain_document	-
NumStability.Analysis.Perturbation.LeastSquares.Basic	NumStability.exists_perturbed_ls_minimizer_of_stored_trailing_householder_sequence_topBlock_fl_backSub_gamma_bound_explicitCompactBudget_of_signed_alpha_leadingBlock_det_ne_zero_normSqBudget_signedStageUniformBudget_product_of_normSqBudget	public	theorem	135	-	retain_document	-
NumStability.Analysis.Perturbation.LeastSquares.Basic	NumStability.exists_perturbed_ls_minimizer_of_stored_trailing_householder_sequence_topBlock_fl_backSub_gamma_bound_explicitCompactBudget_of_signed_alpha_leadingBlock_det_ne_zero_normSqBudget_signedStageUniformBudget_product_of_normSqBudget_activePrefix_stage_entry_bounds_offdiag_rows	public	theorem	136	-	retain_document	-
NumStability.Analysis.Perturbation.LeastSquares.Basic	NumStability.exists_perturbed_ls_minimizer_of_stored_trailing_householder_sequence_topBlock_fl_backSub_gamma_bound_explicitCompactBudget_of_signed_alpha_leadingBlock_det_ne_zero_normSqBudget_signedStageUniformBudget_product_of_normSqBudget_offdiag_rows	public	theorem	137	-	retain_document	-
NumStability.Analysis.Perturbation.LeastSquares.Basic	NumStability.exists_perturbed_ls_minimizer_of_stored_trailing_householder_sequence_topBlock_fl_backSub_gamma_bound_explicitCompactBudget_of_signed_alpha_leadingBlock_det_ne_zero_normSqBudget_signedStageUniformBudget_product_of_normSqBudget_stage_entry_bounds	public	theorem	138	-	retain_document	-
NumStability.Analysis.Perturbation.LeastSquares.Basic	NumStability.exists_perturbed_ls_minimizer_of_stored_trailing_householder_sequence_topBlock_fl_backSub_gamma_bound_explicitCompactBudget_of_signed_alpha_leadingBlock_det_ne_zero_normSqBudget_signedStageUniformBudget_product_of_normSqBudget_stage_entry_bounds_offdiag_rows	public	theorem	139	-	retain_document	-
NumStability.Analysis.Perturbation.LeastSquares.Basic	NumStability.exists_perturbed_ls_minimizer_of_stored_trailing_householder_sequence_topBlock_fl_backSub_gamma_bound_explicitCompactBudget_of_signed_alpha_leadingBlock_det_ne_zero_normSqBudget_stageBudget_rowBudget_product	public	theorem	140	-	retain_document	-
NumStability.Analysis.Perturbation.LeastSquares.Basic	NumStability.exists_perturbed_ls_minimizer_of_stored_trailing_householder_sequence_topBlock_fl_backSub_gamma_bound_explicitCompactBudget_of_signed_alpha_leadingBlock_det_ne_zero_normSqBudget_stageBudget_rowBudget_product_of_offdiag_rows	public	theorem	141	-	retain_document	-
NumStability.Analysis.Perturbation.LeastSquares.Basic	NumStability.exists_perturbed_ls_minimizer_of_stored_trailing_householder_sequence_topBlock_fl_backSub_gamma_bound_explicitCompactBudget_of_signed_alpha_leadingBlock_det_ne_zero_sqrtBudget_offdiag_product	public	theorem	142	-	retain_document	-
NumStability.Analysis.Perturbation.LeastSquares.Basic	NumStability.exists_perturbed_ls_minimizer_of_stored_trailing_householder_sequence_topBlock_fl_backSub_gamma_bound_explicitCompactBudget_of_signed_alpha_offDiagonalControl	public	theorem	143	-	retain_document	-
NumStability.Analysis.Perturbation.LeastSquares.Basic	NumStability.exists_perturbed_ls_minimizer_of_stored_trailing_householder_sequence_topBlock_fl_backSub_gamma_bound_explicitCompactBudget_of_signed_alpha_pivot_sqrtBudget_offdiag_product	public	theorem	144	-	retain_document	-
NumStability.Analysis.Perturbation.LeastSquares.Basic	NumStability.exists_perturbed_ls_minimizer_of_stored_trailing_householder_sequence_topBlock_fl_backSub_gamma_bound_explicitCompactBudget_of_signed_alpha_prefix_lower_zero_diagDominant_leadingBlock_det_ne_zero_concreteDualBudget	public	theorem	145	-	retain_document	-
NumStability.Analysis.Perturbation.LeastSquares.Basic	NumStability.exists_perturbed_ls_minimizer_of_stored_trailing_householder_sequence_topBlock_fl_backSub_gamma_bound_explicitCompactBudget_of_signed_alpha_prefix_lower_zero_diagDominant_leadingBlock_det_ne_zero_concreteDualProductBudget	public	theorem	146	-	retain_document	-
NumStability.Analysis.Perturbation.LeastSquares.Basic	NumStability.exists_perturbed_ls_minimizer_of_stored_trailing_householder_sequence_topBlock_fl_backSub_gamma_bound_explicitCompactBudget_of_signed_alpha_prefix_lower_zero_diagDominant_leadingBlock_det_ne_zero_concreteDualProductSequenceBudget	public	theorem	147	-	retain_document	-
NumStability.Analysis.Perturbation.LeastSquares.Basic	NumStability.exists_perturbed_ls_minimizer_of_stored_trailing_householder_sequence_topBlock_fl_backSub_gamma_bound_explicitCompactBudget_of_signed_alpha_prefix_lower_zero_diagDominant_leadingBlock_det_ne_zero_dualBudget	public	theorem	148	-	retain_document	-
NumStability.Analysis.Perturbation.LeastSquares.Basic	NumStability.exists_perturbed_ls_minimizer_of_stored_trailing_householder_sequence_topBlock_fl_backSub_gamma_bound_explicitCompactBudget_of_signed_alpha_prefix_lower_zero_leadingBlock_det_ne_zero_invNorm_dualBudget	public	theorem	149	-	retain_document	-
NumStability.Analysis.Perturbation.LeastSquares.Basic	NumStability.exists_perturbed_ls_minimizer_of_stored_trailing_householder_sequence_topBlock_fl_backSub_gamma_bound_explicitCompactBudget_of_signed_alpha_prefix_lower_zero_leadingBlock_det_ne_zero_kappaInf_selfNorm_dualBudget	public	theorem	150	-	retain_document	-
NumStability.Analysis.Perturbation.LeastSquares.Basic	NumStability.exists_perturbed_ls_minimizer_of_stored_trailing_householder_sequence_topBlock_fl_backSub_gamma_bound_explicitCompactBudget_of_signed_alpha_prefix_lower_zero_leadingBlock_det_ne_zero_kappaInf_selfNorm_normSqBudget	public	theorem	151	-	retain_document	-
NumStability.Analysis.Perturbation.LeastSquares.Basic	NumStability.exists_perturbed_ls_minimizer_of_stored_trailing_householder_sequence_topBlock_fl_backSub_gamma_bound_explicitCompactBudget_of_signed_alpha_prefix_lower_zero_pivot_nonzero_kappaInf_selfNorm_budget	public	theorem	152	-	retain_document	-
NumStability.Analysis.Perturbation.LeastSquares.Basic	NumStability.exists_perturbed_ls_minimizer_of_stored_trailing_householder_sequence_topBlock_fl_backSub_gamma_bound_explicitCompactBudget_of_signed_alpha_prefix_lower_zero_pivot_nonzero_kappaInf_selfNorm_normSqBudget	public	theorem	153	-	retain_document	-
NumStability.Analysis.Perturbation.LeastSquares.Basic	NumStability.exists_perturbed_ls_minimizer_of_stored_trailing_householder_sequence_topBlock_fl_backSub_gamma_bound_explicitCompactBudget_of_signed_alpha_sourceOffDiagonalControl	public	theorem	154	-	retain_document	-
NumStability.Analysis.Perturbation.LeastSquares.Basic	NumStability.exists_perturbed_ls_minimizer_of_stored_trailing_householder_sequence_topBlock_fl_backSub_gamma_bound_of_leading_block_det_ne_zero_sqrt_budget	public	theorem	155	-	retain_document	-
NumStability.Analysis.Perturbation.LeastSquares.Basic	NumStability.exists_perturbed_ls_minimizer_of_stored_trailing_householder_sequence_topBlock_fl_backSub_gamma_bound_of_leading_blocks_det_ne_zero_kappaInf_selfNorm_budget	public	theorem	156	-	retain_document	-
NumStability.Analysis.Perturbation.LeastSquares.Basic	NumStability.exists_perturbed_ls_minimizer_of_stored_trailing_householder_sequence_topBlock_fl_backSub_gamma_bound_of_pivot_error_lt_abs_alpha	public	theorem	157	-	retain_document	-
NumStability.Analysis.Perturbation.LeastSquares.Basic	NumStability.exists_perturbed_ls_minimizer_of_stored_trailing_householder_sequence_topBlock_fl_backSub_gamma_bound_of_pivot_ne_alpha_and_pivot_error_lt_abs_alpha	public	theorem	158	-	retain_document	-
NumStability.Analysis.Perturbation.LeastSquares.Basic	NumStability.exists_perturbed_ls_minimizer_of_stored_trailing_householder_sequence_topBlock_fl_backSub_gamma_bound_of_prefix_lower_zero_triangular_leading_blocks_kappaInf_selfNorm_budget	public	theorem	159	-	retain_document	-
NumStability.Analysis.Perturbation.LeastSquares.Basic	NumStability.exists_perturbed_ls_minimizer_of_stored_trailing_householder_sequence_topBlock_fl_backSub_gamma_bound_of_signed_alpha_prefix_lower_zero_pivot_nonzero_kappaInf_selfNorm_budget	public	theorem	160	-	retain_document	-
NumStability.Analysis.Perturbation.LeastSquares.Basic	NumStability.exists_perturbed_ls_minimizer_of_stored_trailing_householder_sequence_topBlock_fl_backSub_gamma_bound_of_signed_alpha_prefix_lower_zero_triangular_leading_blocks_kappaInf_selfNorm_budget	public	theorem	161	-	retain_document	-
NumStability.Analysis.Perturbation.LeastSquares.Basic	NumStability.exists_perturbed_ls_minimizer_of_stored_trailing_householder_sequence_topBlock_fl_backSub_gamma_bound_of_signed_alpha_trailingNorm_pos_and_sqrt_budget	public	theorem	162	-	retain_document	-
NumStability.Analysis.Perturbation.LeastSquares.Basic	NumStability.exists_perturbed_ls_minimizer_of_stored_trailing_householder_sequence_topBlock_fl_backSub_gamma_bound_of_trailingNorm_pos_mul_nonpos_and_pivot_error_lt_abs_alpha	public	theorem	163	-	retain_document	-
NumStability.Analysis.Perturbation.LeastSquares.Basic	NumStability.exists_perturbed_ls_minimizer_of_stored_trailing_householder_sequence_topBlock_fl_backSub_gamma_bound_of_triangular_leading_blocks_kappaInf_selfNorm_budget	public	theorem	164	-	retain_document	-
NumStability.Analysis.Perturbation.LeastSquares.Basic	NumStability.exists_perturbed_ls_minimizer_of_stored_trailing_householder_sequence_topBlock_fl_backSub_gamma_bound_of_triangular_leading_blocks_sqrt_budget	public	theorem	165	-	retain_document	-
NumStability.Analysis.Perturbation.LeastSquares.Basic	NumStability.gram_forward_error_normwise	public	theorem	166	-	retain_document	-
NumStability.Analysis.Perturbation.LeastSquares.Basic	NumStability.higham20Eq20_4CorrectionMajorant	public	definition	167	-	retain_document	-
NumStability.Analysis.Perturbation.LeastSquares.Basic	NumStability.higham20Eq20_4CorrectionResidual	public	definition	168	-	retain_document	-
NumStability.Analysis.Perturbation.LeastSquares.Basic	NumStability.higham20GammaRemainder	public	definition	169	-	retain_document	-
NumStability.Analysis.Perturbation.LeastSquares.Basic	NumStability.higham20_directLSRefinement_objective_translation	public	theorem	170	-	retain_document	-
NumStability.Analysis.Perturbation.LeastSquares.Basic	NumStability.higham20_directLSRefinement_residual_translation	public	theorem	171	-	retain_document	-
NumStability.Analysis.Perturbation.LeastSquares.Basic	NumStability.higham20_directLSRefinement_update_isLeastSquaresMinimizer	public	theorem	172	-	retain_document	-
NumStability.Analysis.Perturbation.LeastSquares.Basic	NumStability.higham20_gamma_eq_linear_add_remainder	public	theorem	173	-	retain_document	-
NumStability.Analysis.Perturbation.LeastSquares.Basic	NumStability.lsComponentwiseDataMajorant	public	definition	174	-	retain_document	-
NumStability.Analysis.Perturbation.LeastSquares.Basic	NumStability.lsComponentwiseTransposeMajorant	public	definition	175	-	retain_document	-
NumStability.Analysis.Perturbation.LeastSquares.Basic	NumStability.ls_qr_forward_error	public	theorem	176	-	retain_document	-
NumStability.Analysis.Perturbation.LeastSquares.Basic	NumStability.not_forall_diagDominant_signedAlphaDef_sourceDen_actualU_implies_uRationalGammaCanonicalSmallness	public	theorem	177	-	retain_document	-
NumStability.Analysis.Perturbation.LeastSquares.Basic	NumStability.not_forall_diagDominant_signedAlphaDef_sourceDen_actualU_no_gammaValid_implies_uRationalGammaCanonicalSmallness	public	theorem	178	-	retain_document	-
NumStability.Analysis.Perturbation.LeastSquares.Basic	NumStability.not_forall_diagDominant_signedAlphaDef_stored_trailing_sequence_actualU_no_gammaValid_implies_uRationalGammaCanonicalSmallness	public	theorem	179	-	retain_document	-
NumStability.Analysis.Perturbation.LeastSquares.Basic	NumStability.not_forall_diagDominant_sourceDen_actualU_implies_uRationalGammaCanonicalSmallness	public	theorem	180	-	retain_document	-
NumStability.Analysis.Perturbation.LeastSquares.Basic	NumStability.not_forall_diagDominant_sourceDen_uCap_implies_uRationalGammaCanonicalSmallness	public	theorem	181	-	retain_document	-
NumStability.Analysis.Perturbation.LeastSquares.Basic	NumStability.not_forall_leadingBlock_upper_det_activeBlockPos_offdiagBudget_implies_rowBudget_diag	public	theorem	182	-	retain_document	-
NumStability.Analysis.Perturbation.LeastSquares.Basic	NumStability.qrLeadingStrictUpperRowMaxBudget	public	definition	183	-	retain_document	-
NumStability.Analysis.Perturbation.LeastSquares.Basic	NumStability.qrLeadingStrictUpperRowMaxBudget_entry_le	public	theorem	184	-	retain_document	-
NumStability.Analysis.Perturbation.LeastSquares.Basic	NumStability.qrLeadingStrictUpperRowMaxBudget_le_diag_of_offdiag	public	theorem	185	-	retain_document	-
NumStability.Analysis.Perturbation.LeastSquares.Basic	NumStability.qrSolveFinalDataPerturbationBudget	public	definition	186	-	retain_document	-
NumStability.Analysis.Perturbation.LeastSquares.Basic	NumStability.qrSolveFinalDataPerturbationBudget_nonneg	public	theorem	187	-	retain_document	-
NumStability.Analysis.Perturbation.LeastSquares.Basic	NumStability.qrSolveFinalGramBudget	public	definition	188	-	retain_document	-
NumStability.Analysis.Perturbation.LeastSquares.Basic	NumStability.qrSolveFinalRhsBudget	public	definition	189	-	retain_document	-
NumStability.Analysis.Perturbation.LeastSquares.Basic	NumStability.qrSolveFinalRhsPerturbationBudget	public	definition	190	-	retain_document	-
NumStability.Analysis.Perturbation.LeastSquares.Basic	NumStability.qrSolveFinalRhsPerturbationBudget_nonneg	public	theorem	191	-	retain_document	-
NumStability.Analysis.Perturbation.LeastSquares.Basic	NumStability.qrStageHorizonBudget	public	definition	192	-	retain_document	-
NumStability.Analysis.Perturbation.LeastSquares.Basic	NumStability.qrStageHorizonBudget_eq_of_le	public	theorem	193	-	retain_document	-
NumStability.Analysis.Perturbation.LeastSquares.Basic	NumStability.qrStageHorizonBudget_mono_of_mono_on_stages	public	theorem	194	-	retain_document	-
NumStability.Analysis.Perturbation.LeastSquares.Basic	NumStability.qrStageHorizonBudget_nonneg	public	theorem	195	-	retain_document	-
NumStability.Analysis.Perturbation.LeastSquares.Basic	NumStability.qrStageHorizonBudget_nonneg_of_nonneg_on_stages	public	theorem	196	-	retain_document	-
NumStability.Analysis.Perturbation.LeastSquares.Basic	NumStability.rectLSNormalEquations_perturbed_to_gram_system	public	theorem	197	-	retain_document	-
NumStability.Analysis.Perturbation.LeastSquares.Basic	NumStability.rectLSRhsPerturbation	public	definition	198	-	retain_document	-
NumStability.Analysis.Perturbation.LeastSquares.Basic	NumStability.rectLSRhsPerturbationEntryBudget	public	definition	199	-	retain_document	-
NumStability.Analysis.Perturbation.LeastSquares.Basic	NumStability.rectLSRhsPerturbationEntryBudget_nonneg	public	theorem	200	-	retain_document	-
NumStability.Analysis.Perturbation.LeastSquares.Basic	NumStability.rectLSRhsPerturbationNormBudget	public	definition	201	-	retain_document	-
NumStability.Analysis.Perturbation.LeastSquares.Basic	NumStability.rectLSRhsPerturbationNormBudget_le_sum	public	theorem	202	-	retain_document	-
NumStability.Analysis.Perturbation.LeastSquares.Basic	NumStability.rectLSRhsPerturbationNormBudget_nonneg	public	theorem	203	-	retain_document	-
NumStability.Analysis.Perturbation.LeastSquares.Basic	NumStability.rectLSRhsPerturbation_abs_le_entryBudget	public	theorem	204	-	retain_document	-
NumStability.Analysis.Perturbation.LeastSquares.Basic	NumStability.rectLSRhsPerturbation_abs_le_normBudget	public	theorem	205	-	retain_document	-
NumStability.Analysis.Perturbation.LeastSquares.Basic	NumStability.rectLSRhsPerturbation_eq_sum	public	theorem	206	-	retain_document	-
NumStability.Analysis.Perturbation.LeastSquares.Basic	NumStability.rectTopBlock_col_vecNorm2_perturb_bound	public	theorem	207	-	retain_document	-
NumStability.Analysis.Perturbation.LeastSquares.Basic	NumStability.rectTopBlock_col_vecNorm2_perturb_bound_of_gamma	public	theorem	208	-	retain_document	-
NumStability.Analysis.Perturbation.LeastSquares.Basic	NumStability.rectTopBlock_frobNorm_perturb_bound	public	theorem	209	-	retain_document	-
NumStability.Analysis.Perturbation.LeastSquares.Basic	NumStability.rectTopBlock_frobNorm_perturb_bound_of_gamma	public	theorem	210	-	retain_document	-
NumStability.Analysis.Perturbation.LeastSquares.Basic	NumStability.storedHouseholderQRFrobStageBudget	public	definition	211	-	retain_document	-
NumStability.Analysis.Perturbation.LeastSquares.Basic	NumStability.storedHouseholderQRFrobStageBudget_succ_of_lt	public	theorem	212	-	retain_document	-
NumStability.Analysis.Perturbation.LeastSquares.Basic	NumStability.storedHouseholderQRFrobStageBudget_zero	public	theorem	213	-	retain_document	-
NumStability.Analysis.Perturbation.LeastSquares.Basic	NumStability.storedQRCompactNormBudgetCoeffSmallness_of_bounds	public	theorem	214	-	retain_document	-
NumStability.Analysis.Perturbation.LeastSquares.Basic	NumStability.storedQRCompactNormBudgetCoeffSmallness_of_pointwise_absBetaNormSq_bounds	public	theorem	215	-	retain_document	-
NumStability.Analysis.Perturbation.LeastSquares.Basic	NumStability.storedQRCompactNormBudgetCoeffSmallness_of_pointwise_bounds	public	theorem	216	-	retain_document	-
NumStability.Analysis.Perturbation.LeastSquares.Basic	NumStability.storedQRCompactNormBudgetCoeffSmallness_of_pointwise_source_den_ne_zero_bounds	public	theorem	217	-	retain_document	-
NumStability.Analysis.Perturbation.LeastSquares.Basic	NumStability.storedQRCompactNormBudgetCoeffSmallness_of_pointwise_source_den_ne_zero_cap_bounds	public	theorem	218	-	retain_document	-
NumStability.Analysis.Perturbation.LeastSquares.Basic	NumStability.storedQRCompactNormBudgetCoeffSmallness_of_pointwise_source_den_ne_zero_simple_bounds	public	theorem	219	-	retain_document	-
NumStability.Analysis.Perturbation.LeastSquares.Basic	NumStability.storedQRCompactNormBudgetCoeffSmallness_of_pointwise_source_den_ne_zero_uGammaCapBounds	public	theorem	220	-	retain_document	-
NumStability.Analysis.Perturbation.LeastSquares.Basic	NumStability.storedQRCompactNormBudgetCoeffSmallness_of_pointwise_source_den_ne_zero_uRationalGammaCapBounds	public	theorem	221	-	retain_document	-
NumStability.Analysis.Perturbation.LeastSquares.Basic	NumStability.storedQRCompactNormBudgetCoeffSmallness_of_source_den_ne_zero_uRationalGammaCanonicalBounds	public	theorem	222	-	retain_document	-
NumStability.Analysis.Perturbation.LeastSquares.Basic	NumStability.storedQRCompactSequenceProductBudget	public	definition	223	-	retain_document	-
NumStability.Analysis.Perturbation.LeastSquares.Basic	NumStability.storedQRCompactSequenceProductBudget_lt_one_of_diagDominant_factor_norm_bounds	public	theorem	224	-	retain_document	-
NumStability.Analysis.Perturbation.LeastSquares.Basic	NumStability.storedQRCompactSequenceProductBudget_lt_one_of_diagDominant_finite_max_absBetaNormSqPointwiseBounds	public	theorem	225	-	retain_document	-
NumStability.Analysis.Perturbation.LeastSquares.Basic	NumStability.storedQRCompactSequenceProductBudget_lt_one_of_diagDominant_finite_max_columnRhsBudget_le	public	theorem	226	-	retain_document	-
NumStability.Analysis.Perturbation.LeastSquares.Basic	NumStability.storedQRCompactSequenceProductBudget_lt_one_of_diagDominant_finite_max_columnRhsComponentBudget_le	public	theorem	227	-	retain_document	-
NumStability.Analysis.Perturbation.LeastSquares.Basic	NumStability.storedQRCompactSequenceProductBudget_lt_one_of_diagDominant_finite_max_columnRhsNormBudget_le	public	theorem	228	-	retain_document	-
NumStability.Analysis.Perturbation.LeastSquares.Basic	NumStability.storedQRCompactSequenceProductBudget_lt_one_of_diagDominant_finite_max_normBudgetCoeffBudget	public	theorem	229	-	retain_document	-
NumStability.Analysis.Perturbation.LeastSquares.Basic	NumStability.storedQRCompactSequenceProductBudget_lt_one_of_diagDominant_finite_max_normBudgetCoeffBudget_bounds	public	theorem	230	-	retain_document	-
NumStability.Analysis.Perturbation.LeastSquares.Basic	NumStability.storedQRCompactSequenceProductBudget_lt_one_of_diagDominant_finite_max_normBudgetCoeffBudget_pointwise_bounds	public	theorem	231	-	retain_document	-
NumStability.Analysis.Perturbation.LeastSquares.Basic	NumStability.storedQRCompactSequenceProductBudget_lt_one_of_diagDominant_finite_max_normBudgetCoeff_le	public	theorem	232	-	retain_document	-
NumStability.Analysis.Perturbation.LeastSquares.Basic	NumStability.storedQRCompactSequenceProductBudget_lt_one_of_diagDominant_finite_max_relativeBudget_le	public	theorem	233	-	retain_document	-
NumStability.Analysis.Perturbation.LeastSquares.Basic	NumStability.storedQRCompactSequenceProductBudget_lt_one_of_diagDominant_finite_max_smallness	public	theorem	234	-	retain_document	-
NumStability.Analysis.Perturbation.LeastSquares.Basic	NumStability.storedQRCompactSequenceProductBudget_lt_one_of_diagDominant_finite_max_sourceDenCapBounds	public	theorem	235	-	retain_document	-
NumStability.Analysis.Perturbation.LeastSquares.Basic	NumStability.storedQRCompactSequenceProductBudget_lt_one_of_diagDominant_finite_max_sourceDenPointwiseBounds	public	theorem	236	-	retain_document	-
NumStability.Analysis.Perturbation.LeastSquares.Basic	NumStability.storedQRCompactSequenceProductBudget_lt_one_of_diagDominant_finite_max_sourceDenSimpleBounds	public	theorem	237	-	retain_document	-
NumStability.Analysis.Perturbation.LeastSquares.Basic	NumStability.storedQRCompactSequenceProductBudget_lt_one_of_diagDominant_finite_max_sourceDenUGammaCapBounds	public	theorem	238	-	retain_document	-
NumStability.Analysis.Perturbation.LeastSquares.Basic	NumStability.storedQRCompactSequenceProductBudget_lt_one_of_diagDominant_finite_max_sourceDenURationalGammaCanonicalBounds	public	theorem	239	-	retain_document	-
NumStability.Analysis.Perturbation.LeastSquares.Basic	NumStability.storedQRCompactSequenceProductBudget_lt_one_of_diagDominant_finite_max_sourceDenURationalGammaCapBounds	public	theorem	240	-	retain_document	-
NumStability.Analysis.Perturbation.LeastSquares.Basic	NumStability.storedQRCompactSequenceProductBudget_lt_one_of_diagDominant_finite_max_stepBudget_le	public	theorem	241	-	retain_document	-
NumStability.Analysis.Perturbation.LeastSquares.Basic	NumStability.storedQRCompactSequenceProductBudget_lt_one_of_forall_expr_lt	public	theorem	242	-	retain_document	-
NumStability.Analysis.Perturbation.LeastSquares.Basic	NumStability.storedQRCompactSequenceProductBudget_lt_one_of_forall_pivot_product	public	theorem	243	-	retain_document	-
NumStability.Analysis.Perturbation.LeastSquares.Basic	NumStability.storedQRCompactSequenceProductBudget_lt_one_of_relativeBudget_eq_zero	public	theorem	244	-	retain_document	-
NumStability.Analysis.Perturbation.LeastSquares.Basic	NumStability.storedQRCompactSequenceProductExpr_le_budget	public	theorem	245	-	retain_document	-
NumStability.Analysis.Perturbation.LeastSquares.Basic	NumStability.storedQRCompactStepNormBudgetCoeffBudget	public	definition	246	-	retain_document	-
NumStability.Analysis.Perturbation.LeastSquares.Basic	NumStability.storedQRCompactStepNormBudgetCoeffBudget_le_of_forall_abs_beta_norm_sq_le	public	theorem	247	-	retain_document	-
NumStability.Analysis.Perturbation.LeastSquares.Basic	NumStability.storedQRCompactStepNormBudgetCoeffBudget_le_of_forall_le	public	theorem	248	-	retain_document	-
NumStability.Analysis.Perturbation.LeastSquares.Basic	NumStability.storedQRCompactStepNormBudgetCoeffBudget_le_of_forall_source_den_ne_zero	public	theorem	249	-	retain_document	-
NumStability.Analysis.Perturbation.LeastSquares.Basic	NumStability.storedQRCompactStepNormBudgetCoeffBudget_nonneg	public	theorem	250	-	retain_document	-
NumStability.Analysis.Perturbation.LeastSquares.Basic	NumStability.storedQRCompactStepNormBudgetCoeff_le_budget	public	theorem	251	-	retain_document	-
NumStability.Analysis.Perturbation.LeastSquares.Basic	NumStability.storedQRDiagDominantInvFactorBudget	public	definition	252	-	retain_document	-
NumStability.Analysis.Perturbation.LeastSquares.Basic	NumStability.storedQRDiagDominantInvFactorBudget_le_of_forall_le	public	theorem	253	-	retain_document	-
NumStability.Analysis.Perturbation.LeastSquares.Basic	NumStability.storedQRDiagDominantInvFactorBudget_nonneg	public	theorem	254	-	retain_document	-
NumStability.Analysis.Perturbation.LeastSquares.Basic	NumStability.storedQRDiagDominantInvFactor_le_budget	public	theorem	255	-	retain_document	-
NumStability.Analysis.Perturbation.LeastSquares.Basic	NumStability.storedQRPivotColumnNormBudget	public	definition	256	-	retain_document	-
NumStability.Analysis.Perturbation.LeastSquares.Basic	NumStability.storedQRPivotColumnNormBudget_le_of_forall_le	public	theorem	257	-	retain_document	-
NumStability.Analysis.Perturbation.LeastSquares.Basic	NumStability.storedQRPivotColumnNormBudget_nonneg	public	theorem	258	-	retain_document	-
NumStability.Analysis.Perturbation.LeastSquares.Basic	NumStability.storedQRPivotColumnNorm_le_budget	public	theorem	259	-	retain_document	-
NumStability.Analysis.Perturbation.LeastSquares.Basic	NumStability.storedQRRowMaxDiagDefectBudget	public	definition	260	-	retain_document	-
NumStability.Analysis.Perturbation.LeastSquares.Basic	NumStability.storedQRRowMaxDiagDefectBudget_nonpos_of_diagDominant	public	theorem	261	-	retain_document	-
NumStability.Analysis.Perturbation.LeastSquares.Basic	NumStability.storedQRRowMaxDiagDefect_le_budget	public	theorem	262	-	retain_document	-
NumStability.Analysis.Perturbation.LeastSquares.Basic	NumStability.storedQRSignedStageBudget_mono_on_stages_of_globalCompactBudget	public	theorem	263	-	retain_document	-
NumStability.Analysis.Perturbation.LeastSquares.Basic	NumStability.storedQRSignedStageBudget_mono_on_stages_of_globalCompactBudget_of_initial_nonneg	public	theorem	264	-	retain_document	-
NumStability.Analysis.Perturbation.LeastSquares.Basic	NumStability.storedQRSignedStageBudget_nonneg_on_stages_of_globalCompactBudget	public	theorem	265	-	retain_document	-
NumStability.Analysis.Perturbation.LeastSquares.Basic	NumStability.storedQRSignedStageGlobalCompactBudget	public	definition	266	-	retain_document	-
NumStability.Analysis.Perturbation.LeastSquares.Basic	NumStability.storedQRSignedStageGlobalCompactBudget_nonneg	public	theorem	267	-	retain_document	-
NumStability.Analysis.Perturbation.LeastSquares.Basic	NumStability.storedQRSignedStage_active_block_bound_of_signed_stage_budget	public	theorem	268	-	retain_document	-
NumStability.Analysis.Perturbation.LeastSquares.Basic	NumStability.storedQRSignedStage_active_prefix_budgets_of_globalCompactBudget	public	theorem	269	-	retain_document	-
NumStability.Analysis.Perturbation.LeastSquares.Basic	NumStability.storedQRSignedStage_compact_component_le_globalBudget	public	theorem	270	-	retain_document	-
NumStability.Analysis.Perturbation.LeastSquares.Basic	NumStability.storedQRSignedStage_normSqBudget_of_leadingBlock_det_ne_zero_diagDominant_concreteDualProductSequenceBudget	public	theorem	271	-	retain_document	-
NumStability.Analysis.Perturbation.LeastSquares.Basic	NumStability.storedQRSignedStage_normSqBudget_of_leadingBlock_det_ne_zero_kappaInf_selfNorm_dualBudget	public	theorem	272	-	retain_document	-
NumStability.Analysis.Perturbation.LeastSquares.Basic	NumStability.storedQRSignedStage_prefix_row_bound_of_active_block_and_prefix_budget	public	theorem	273	-	retain_document	-
NumStability.Analysis.Perturbation.LeastSquares.Basic	NumStability.storedQRStageBudget_le_diag_of_stageDiagLowerDefectBudget_nonpos	public	theorem	274	-	retain_document	-
NumStability.Analysis.Perturbation.LeastSquares.Basic	NumStability.storedQRStageBudget_le_rowMax_of_stageRowMaxComparisonDefectBudget_nonpos	public	theorem	275	-	retain_document	-
NumStability.Analysis.Perturbation.LeastSquares.Basic	NumStability.storedQRStageDiagLowerDefectBudget	public	definition	276	-	retain_document	-
NumStability.Analysis.Perturbation.LeastSquares.Basic	NumStability.storedQRStageDiagLowerDefectBudget_nonpos_of_diagDominant_stageBudget_le_rowMax	public	theorem	277	-	retain_document	-
NumStability.Analysis.Perturbation.LeastSquares.Basic	NumStability.storedQRStageDiagLowerDefectBudget_nonpos_of_diagDominant_stageRowMaxComparisonDefectBudget_nonpos	public	theorem	278	-	retain_document	-
NumStability.Analysis.Perturbation.LeastSquares.Basic	NumStability.storedQRStageDiagLowerDefectBudget_nonpos_of_rowMaxDiagDefectBudget_nonpos_stageBudget_le_rowMax	public	theorem	279	-	retain_document	-
NumStability.Analysis.Perturbation.LeastSquares.Basic	NumStability.storedQRStageDiagLowerDefectBudget_nonpos_of_rowMaxDiagDefectBudget_nonpos_stageRowMaxComparisonDefectBudget_nonpos	public	theorem	280	-	retain_document	-
NumStability.Analysis.Perturbation.LeastSquares.Basic	NumStability.storedQRStageDiagLowerDefectBudget_nonpos_of_stageBudget_le_diag	public	theorem	281	-	retain_document	-
NumStability.Analysis.Perturbation.LeastSquares.Basic	NumStability.storedQRStageDiagLowerDefect_le_budget	public	theorem	282	-	retain_document	-
NumStability.Analysis.Perturbation.LeastSquares.Basic	NumStability.storedQRStageRowMaxComparisonDefectBudget	public	definition	283	-	retain_document	-
NumStability.Analysis.Perturbation.LeastSquares.Basic	NumStability.storedQRStageRowMaxComparisonDefectBudget_nonpos_of_horizonBudget	public	theorem	284	-	retain_document	-
NumStability.Analysis.Perturbation.LeastSquares.Basic	NumStability.storedQRStageRowMaxComparisonDefectBudget_nonpos_of_stageBudget_le_rowMax	public	theorem	285	-	retain_document	-
NumStability.Analysis.Perturbation.LeastSquares.Basic	NumStability.storedQRStageRowMaxComparisonDefect_le_budget	public	theorem	286	-	retain_document	-
NumStability.Analysis.Perturbation.LeastSquares.Basic	NumStability.theorem20_3_householder_qr_ls_backward_error_columnwise_of_diagDominant_storedLower_finiteMax_actualUnitRoundoff	public	theorem	287	-	retain_document	-
NumStability.Analysis.Perturbation.LeastSquares.Basic	NumStability.theorem20_3_householder_qr_ls_backward_error_compactBudget_of_activePivot_diagDominant_rowMax_dualBudget_concreteStored_frobStageBudget_normCoeffBudgetSmallness_actualUnitRoundoff_of_nonempty	public	theorem	288	-	retain_document	-
NumStability.Analysis.Perturbation.LeastSquares.Basic	NumStability.theorem20_3_householder_qr_ls_backward_error_compactBudget_of_activePivot_rowMax_dualBudget_actualUnitRoundoff	public	theorem	289	-	retain_document	-
NumStability.Analysis.Perturbation.LeastSquares.Basic	NumStability.theorem20_3_householder_qr_ls_backward_error_compactBudget_of_activePivot_rowMax_dualBudget_concreteStored_frobStageBudget_finiteMaxSmallness_actualUnitRoundoff_of_nonempty	public	theorem	290	-	retain_document	-
NumStability.Analysis.Perturbation.LeastSquares.Basic	NumStability.theorem20_3_householder_qr_ls_backward_error_compactBudget_of_activePivot_rowMax_dualBudget_concreteStored_horizonBudget_actualUnitRoundoff	public	theorem	291	-	retain_document	-
NumStability.Analysis.Perturbation.LeastSquares.Basic	NumStability.theorem20_3_householder_qr_ls_backward_error_compactBudget_of_activePivot_rowMax_dualBudget_concreteStored_horizonBudget_actualUnitRoundoff_of_nonempty	public	theorem	292	-	retain_document	-
NumStability.Analysis.Perturbation.LeastSquares.Basic	NumStability.theorem20_3_householder_qr_ls_backward_error_compactBudget_of_activePivot_rowMax_dualBudget_concreteStored_horizonBudget_actualUnitRoundoff_of_nonempty_frobInitial	public	theorem	293	-	retain_document	-
NumStability.Analysis.Perturbation.LeastSquares.Basic	NumStability.theorem20_3_householder_qr_ls_backward_error_compactBudget_of_activePivot_rowMax_dualBudget_concreteStored_horizonBudget_finiteMaxSmallness_actualUnitRoundoff_of_nonempty_frobInitial	public	theorem	294	-	retain_document	-
NumStability.Analysis.Perturbation.LeastSquares.Basic	NumStability.theorem20_3_householder_qr_ls_backward_error_compactBudget_of_activePivot_rowMax_dualBudget_horizonBudget_actualUnitRoundoff	public	theorem	295	-	retain_document	-
NumStability.Analysis.Perturbation.LeastSquares.Basic	NumStability.theorem20_3_householder_qr_ls_backward_error_compactBudget_of_activePivot_stageDiag_dualBudget_actualUnitRoundoff	public	theorem	296	-	retain_document	-
NumStability.Analysis.Perturbation.LeastSquares.Basic	NumStability.theorem20_3_householder_qr_ls_backward_error_compactBudget_of_diagDominant_concreteStoredLower_activePivot_actualUnitRoundoff_horizonBudget_of_nonempty	public	theorem	297	-	retain_document	-
NumStability.Analysis.Perturbation.LeastSquares.Basic	NumStability.theorem20_3_householder_qr_ls_backward_error_compactBudget_of_diagDominant_concreteStoredLower_activePivot_actualUnitRoundoff_horizonBudget_of_nonempty_frobInitial	public	theorem	298	-	retain_document	-
NumStability.Analysis.Perturbation.LeastSquares.Basic	NumStability.theorem20_3_householder_qr_ls_backward_error_compactBudget_of_diagDominant_concreteStoredLower_activePivot_actualUnitRoundoff_horizonBudget_of_nonempty_frobStageBudget	public	theorem	299	-	retain_document	-
NumStability.Analysis.Perturbation.LeastSquares.Basic	NumStability.theorem20_3_householder_qr_ls_backward_error_compactBudget_of_diagDominant_concreteStoredLower_activePivot_actualUnitRoundoff_initialBudget_horizonBudget	public	theorem	300	-	retain_document	-
NumStability.Analysis.Perturbation.LeastSquares.Basic	NumStability.theorem20_3_householder_qr_ls_backward_error_compactBudget_of_diagDominant_storedLower_activePivot_actualUnitRoundoff_horizonBudget	public	theorem	301	-	retain_document	-
NumStability.Analysis.Perturbation.LeastSquares.Basic	NumStability.theorem20_3_householder_qr_ls_backward_error_compactBudget_of_diagDominant_storedLower_activePivot_actualUnitRoundoff_initialBudget_horizonBudget	public	theorem	302	-	retain_document	-
NumStability.Analysis.Perturbation.LeastSquares.Basic	NumStability.theorem20_4GammaFactorRhsSmallnessThreshold	public	definition	303	-	retain_document	-
NumStability.Analysis.Perturbation.LeastSquares.Basic	NumStability.theorem20_4GammaFactorRhsSmallnessThreshold_pos	public	theorem	304	-	retain_document	-
NumStability.Analysis.Perturbation.LeastSquares.Basic	NumStability.theorem20_4GammaFactorRhs_half_of_unit_roundoff_lt_smallnessThreshold	public	theorem	305	-	retain_document	-
NumStability.Analysis.Perturbation.LeastSquares.Equality.MixedStability	NumStability.GeneralizedQRFactorization.exists_unique_method_solution_of_theorem20_10_perturbed_d	public	theorem	0	-	retain_document	-
NumStability.Analysis.Perturbation.LeastSquares.Equality.MixedStability	NumStability.GeneralizedQRFactorization.exists_unique_method_solution_of_theorem20_10_perturbed_same_d	public	theorem	1	-	retain_document	-
NumStability.Analysis.Perturbation.LeastSquares.Equality.MixedStability	NumStability.Theorem20_10.fullConstraintGammaIndex	public	definition	2	-	retain_document	-
NumStability.Analysis.Perturbation.LeastSquares.Equality.MixedStability	NumStability.Theorem20_10.fullConstraintSourceRankRadius	public	definition	3	-	retain_document	-
NumStability.Analysis.Perturbation.LeastSquares.Equality.MixedStability	NumStability.Theorem20_10.fullConstraintUnitRoundoffSmallnessThreshold	public	definition	4	-	retain_document	-
NumStability.Analysis.Perturbation.LeastSquares.Equality.MixedStability	NumStability.Theorem20_10.fullConstraintUnitRoundoffSmallnessThreshold_pos	public	theorem	5	-	retain_document	-
NumStability.Analysis.Perturbation.LeastSquares.Equality.MixedStability	NumStability.Theorem20_10.fullConstraint_unit_roundoff_conditions_of_lt_smallnessThreshold	public	theorem	6	-	retain_document	-
NumStability.Analysis.Perturbation.LeastSquares.Equality.MixedStability	NumStability.Theorem20_10HouseholderComponentPartBCertificateRoute	public	definition	7	-	retain_document	-
NumStability.Analysis.Perturbation.LeastSquares.Equality.MixedStability	NumStability.Theorem20_10HouseholderComponentPartBCertificateRoute.partB_certificate	public	theorem	8	-	retain_document	-
NumStability.Analysis.Perturbation.LeastSquares.Equality.MixedStability	NumStability.Theorem20_10PartAPerturbationCertificate	public	inductive	9	-	retain_document	-
NumStability.Analysis.Perturbation.LeastSquares.Equality.MixedStability	NumStability.Theorem20_10PartAPerturbationCertificate.DeltaA	public	definition	10	-	retain_document	-
NumStability.Analysis.Perturbation.LeastSquares.Equality.MixedStability	NumStability.Theorem20_10PartAPerturbationCertificate.DeltaB	public	definition	11	-	retain_document	-
NumStability.Analysis.Perturbation.LeastSquares.Equality.MixedStability	NumStability.Theorem20_10PartAPerturbationCertificate.Deltab	public	definition	12	-	retain_document	-
NumStability.Analysis.Perturbation.LeastSquares.Equality.MixedStability	NumStability.Theorem20_10PartAPerturbationCertificate.casesOn	public	definition	13	-	retain_document	-
NumStability.Analysis.Perturbation.LeastSquares.Equality.MixedStability	NumStability.Theorem20_10PartAPerturbationCertificate.ctorIdx	public	definition	14	-	retain_document	-
NumStability.Analysis.Perturbation.LeastSquares.Equality.MixedStability	NumStability.Theorem20_10PartAPerturbationCertificate.hB	public	theorem	15	-	retain_document	-
NumStability.Analysis.Perturbation.LeastSquares.Equality.MixedStability	NumStability.Theorem20_10PartAPerturbationCertificate.hDeltaA	public	theorem	16	-	retain_document	-
NumStability.Analysis.Perturbation.LeastSquares.Equality.MixedStability	NumStability.Theorem20_10PartAPerturbationCertificate.hDeltaB	public	theorem	17	-	retain_document	-
NumStability.Analysis.Perturbation.LeastSquares.Equality.MixedStability	NumStability.Theorem20_10PartAPerturbationCertificate.hDeltab	public	theorem	18	-	retain_document	-
NumStability.Analysis.Perturbation.LeastSquares.Equality.MixedStability	NumStability.Theorem20_10PartAPerturbationCertificate.hstack	public	theorem	19	-	retain_document	-
NumStability.Analysis.Perturbation.LeastSquares.Equality.MixedStability	NumStability.Theorem20_10PartAPerturbationCertificate.mk	public	constructor	20	-	retain_document	-
NumStability.Analysis.Perturbation.LeastSquares.Equality.MixedStability	NumStability.Theorem20_10PartAPerturbationCertificate.mk.inj	public	theorem	21	-	retain_document	-
NumStability.Analysis.Perturbation.LeastSquares.Equality.MixedStability	NumStability.Theorem20_10PartAPerturbationCertificate.mk.injEq	public	theorem	22	-	retain_document	-
NumStability.Analysis.Perturbation.LeastSquares.Equality.MixedStability	NumStability.Theorem20_10PartAPerturbationCertificate.mk.noConfusion	public	definition	23	-	retain_document	-
NumStability.Analysis.Perturbation.LeastSquares.Equality.MixedStability	NumStability.Theorem20_10PartAPerturbationCertificate.mk.sizeOf_spec	public	theorem	24	-	retain_document	-
NumStability.Analysis.Perturbation.LeastSquares.Equality.MixedStability	NumStability.Theorem20_10PartAPerturbationCertificate.near_exact_solution	public	theorem	25	-	retain_document	-
NumStability.Analysis.Perturbation.LeastSquares.Equality.MixedStability	NumStability.Theorem20_10PartAPerturbationCertificate.noConfusion	public	definition	26	-	retain_document	-
NumStability.Analysis.Perturbation.LeastSquares.Equality.MixedStability	NumStability.Theorem20_10PartAPerturbationCertificate.noConfusionType	public	definition	27	-	retain_document	-
NumStability.Analysis.Perturbation.LeastSquares.Equality.MixedStability	NumStability.Theorem20_10PartAPerturbationCertificate.rec	public	recursor	28	-	retain_document	-
NumStability.Analysis.Perturbation.LeastSquares.Equality.MixedStability	NumStability.Theorem20_10PartAPerturbationCertificate.recOn	public	definition	29	-	retain_document	-
NumStability.Analysis.Perturbation.LeastSquares.Equality.MixedStability	NumStability.Theorem20_10PartBPerturbationCertificate	public	inductive	30	-	retain_document	-
NumStability.Analysis.Perturbation.LeastSquares.Equality.MixedStability	NumStability.Theorem20_10PartBPerturbationCertificate.DeltaA	public	definition	31	-	retain_document	-
NumStability.Analysis.Perturbation.LeastSquares.Equality.MixedStability	NumStability.Theorem20_10PartBPerturbationCertificate.DeltaB	public	definition	32	-	retain_document	-
NumStability.Analysis.Perturbation.LeastSquares.Equality.MixedStability	NumStability.Theorem20_10PartBPerturbationCertificate.Deltab	public	definition	33	-	retain_document	-
NumStability.Analysis.Perturbation.LeastSquares.Equality.MixedStability	NumStability.Theorem20_10PartBPerturbationCertificate.Deltad	public	definition	34	-	retain_document	-
NumStability.Analysis.Perturbation.LeastSquares.Equality.MixedStability	NumStability.Theorem20_10PartBPerturbationCertificate.casesOn	public	definition	35	-	retain_document	-
NumStability.Analysis.Perturbation.LeastSquares.Equality.MixedStability	NumStability.Theorem20_10PartBPerturbationCertificate.ctorIdx	public	definition	36	-	retain_document	-
NumStability.Analysis.Perturbation.LeastSquares.Equality.MixedStability	NumStability.Theorem20_10PartBPerturbationCertificate.hB	public	theorem	37	-	retain_document	-
NumStability.Analysis.Perturbation.LeastSquares.Equality.MixedStability	NumStability.Theorem20_10PartBPerturbationCertificate.hDeltaA	public	theorem	38	-	retain_document	-
NumStability.Analysis.Perturbation.LeastSquares.Equality.MixedStability	NumStability.Theorem20_10PartBPerturbationCertificate.hDeltaB	public	theorem	39	-	retain_document	-
NumStability.Analysis.Perturbation.LeastSquares.Equality.MixedStability	NumStability.Theorem20_10PartBPerturbationCertificate.hDeltab	public	theorem	40	-	retain_document	-
NumStability.Analysis.Perturbation.LeastSquares.Equality.MixedStability	NumStability.Theorem20_10PartBPerturbationCertificate.hDeltad	public	theorem	41	-	retain_document	-
NumStability.Analysis.Perturbation.LeastSquares.Equality.MixedStability	NumStability.Theorem20_10PartBPerturbationCertificate.hstack	public	theorem	42	-	retain_document	-
NumStability.Analysis.Perturbation.LeastSquares.Equality.MixedStability	NumStability.Theorem20_10PartBPerturbationCertificate.mk	public	constructor	43	-	retain_document	-
NumStability.Analysis.Perturbation.LeastSquares.Equality.MixedStability	NumStability.Theorem20_10PartBPerturbationCertificate.mk.inj	public	theorem	44	-	retain_document	-
NumStability.Analysis.Perturbation.LeastSquares.Equality.MixedStability	NumStability.Theorem20_10PartBPerturbationCertificate.mk.injEq	public	theorem	45	-	retain_document	-
NumStability.Analysis.Perturbation.LeastSquares.Equality.MixedStability	NumStability.Theorem20_10PartBPerturbationCertificate.mk.noConfusion	public	definition	46	-	retain_document	-
NumStability.Analysis.Perturbation.LeastSquares.Equality.MixedStability	NumStability.Theorem20_10PartBPerturbationCertificate.mk.sizeOf_spec	public	theorem	47	-	retain_document	-
NumStability.Analysis.Perturbation.LeastSquares.Equality.MixedStability	NumStability.Theorem20_10PartBPerturbationCertificate.noConfusion	public	definition	48	-	retain_document	-
NumStability.Analysis.Perturbation.LeastSquares.Equality.MixedStability	NumStability.Theorem20_10PartBPerturbationCertificate.noConfusionType	public	definition	49	-	retain_document	-
NumStability.Analysis.Perturbation.LeastSquares.Equality.MixedStability	NumStability.Theorem20_10PartBPerturbationCertificate.rec	public	recursor	50	-	retain_document	-
NumStability.Analysis.Perturbation.LeastSquares.Equality.MixedStability	NumStability.Theorem20_10PartBPerturbationCertificate.recOn	public	definition	51	-	retain_document	-
NumStability.Analysis.Perturbation.LeastSquares.Equality.MixedStability	NumStability.theorem20_10_constraint_rhs_perturbation_bound_of_DeltaB	public	theorem	52	-	retain_document	-
NumStability.Analysis.Perturbation.LeastSquares.Equality.MixedStability	NumStability.theorem20_10_constructed_householder_returned_vector_partB_route_exists_of_source_ranks_unit_roundoff_smallnessThreshold_composed_conservative_gamma	public	theorem	53	-	retain_document	-
NumStability.Analysis.Perturbation.LeastSquares.Equality.MixedStability	NumStability.theorem20_10_constructed_householder_returned_xhat	public	definition	54	-	retain_document	-
NumStability.Analysis.Perturbation.LeastSquares.Equality.MixedStability	NumStability.theorem20_10_constructed_householder_returned_xhat_certificate_spec	public	theorem	55	-	retain_document	-
NumStability.Analysis.Perturbation.LeastSquares.Equality.MixedStability	NumStability.theorem20_10_constructed_householder_returned_xhat_component_certificate_route_and_unperturbed_constraint_rhs_of_source_ranks_unit_roundoff_smallnessThreshold_composed_conservative_gamma	public	theorem	56	-	retain_document	-
NumStability.Analysis.Perturbation.LeastSquares.Equality.MixedStability	NumStability.theorem20_10_constructed_householder_returned_xhat_component_route_and_unperturbed_constraint_rhs_of_source_ranks_unit_roundoff_smallnessThreshold_composed_conservative_gamma	public	theorem	57	-	retain_document	-
NumStability.Analysis.Perturbation.LeastSquares.Equality.MixedStability	NumStability.theorem20_10_constructed_householder_returned_xhat_eq_transformed_tail_of_source_ranks_unit_roundoff_smallnessThreshold_composed_conservative_gamma	public	theorem	58	-	retain_document	-
NumStability.Analysis.Perturbation.LeastSquares.Equality.MixedStability	NumStability.theorem20_10_constructed_householder_returned_xhat_exact_perturbed_minimizer_of_source_ranks_unit_roundoff_smallnessThreshold_composed_conservative_gamma	public	theorem	59	-	retain_document	-
NumStability.Analysis.Perturbation.LeastSquares.Equality.MixedStability	NumStability.theorem20_10_constructed_householder_returned_xhat_exact_perturbed_minimizer_unperturbed_constraint_rhs_of_source_ranks_unit_roundoff_smallnessThreshold_composed_conservative_gamma	public	theorem	60	-	retain_document	-
NumStability.Analysis.Perturbation.LeastSquares.Equality.MixedStability	NumStability.theorem20_10_constructed_householder_returned_xhat_partB_certificate_of_source_ranks_unit_roundoff_smallnessThreshold_conservative_gamma	public	theorem	61	-	retain_document	-
NumStability.Analysis.Perturbation.LeastSquares.Equality.MixedStability	NumStability.theorem20_10_constructed_householder_returned_xhat_rank_preserved_triangular_solve_and_exact_perturbed_minimizer_of_source_ranks_unit_roundoff_smallnessThreshold_composed_conservative_gamma	public	theorem	62	-	retain_document	-
NumStability.Analysis.Perturbation.LeastSquares.Equality.MixedStability	NumStability.theorem20_10_constructed_householder_returned_xhat_spec	public	theorem	63	-	retain_document	-
NumStability.Analysis.Perturbation.LeastSquares.Equality.MixedStability	NumStability.theorem20_10_constructed_householder_returned_xhat_triangular_solve_frob_perturbation_bound_of_source_ranks_unit_roundoff_smallnessThreshold_composed_conservative_gamma	public	theorem	64	-	retain_document	-
NumStability.Analysis.Perturbation.LeastSquares.Equality.MixedStability	NumStability.theorem20_10_constructed_householder_returned_xhat_triangular_solve_frob_perturbation_bound_of_source_ranks_unit_roundoff_smallnessThreshold_composed_conservative_gamma_rank_preserved	public	theorem	65	-	retain_document	-
NumStability.Analysis.Perturbation.LeastSquares.Equality.MixedStability	NumStability.theorem20_10_constructed_returned_vector_with_computed_B_transpose_Q_component_partB_certificate_route_source_ranks_unit_roundoff_smallnessThreshold_conservative_gamma	public	theorem	66	-	retain_document	-
NumStability.Analysis.Perturbation.LeastSquares.Equality.MixedStability	NumStability.theorem20_10_constructed_returned_vector_with_computed_B_transpose_Q_component_partB_route_source_ranks_unit_roundoff_smallnessThreshold_conservative_gamma	public	theorem	67	-	retain_document	-
NumStability.Analysis.Perturbation.LeastSquares.Equality.MixedStability	NumStability.theorem20_10_gqr_forwardSub_triangular_solve_frob_perturbation_bound	public	theorem	68	-	retain_document	-
NumStability.Analysis.Perturbation.LeastSquares.Equality.MixedStability	NumStability.theorem20_10_gqr_forwardSub_triangular_solve_perturbation_bound	public	theorem	69	-	retain_document	-
NumStability.Analysis.Perturbation.LeastSquares.Equality.MixedStability	NumStability.theorem20_10_gqr_xhat_isLSEMinimizer_of_supplied_perturbed_triangular_factors	public	theorem	70	-	retain_document	-
NumStability.Analysis.Perturbation.LeastSquares.Equality.MixedStability	NumStability.theorem20_10_gqr_xhat_of_transformed_tail_isLSEMinimizer_of_supplied_perturbed_triangular_factors	public	theorem	71	-	retain_document	-
NumStability.Analysis.Perturbation.LeastSquares.Equality.MixedStability	NumStability.theorem20_10_gqr_xhat_of_transformed_tail_rank_and_minimizer_of_supplied_perturbed_triangular_factors	public	theorem	72	-	retain_document	-
NumStability.Analysis.Perturbation.LeastSquares.Equality.MixedStability	NumStability.theorem20_10_gqr_xhat_of_transformed_tail_supplied_perturbed_factor_rank_minimizer_certificate	public	theorem	73	-	retain_document	-
NumStability.Analysis.Perturbation.LeastSquares.Equality.MixedStability	NumStability.theorem20_10_gqr_xhat_of_transformed_tail_supplied_perturbed_factor_zero_deltaX_certificate	public	theorem	74	-	retain_document	-
NumStability.Analysis.Perturbation.LeastSquares.Equality.MixedStability	NumStability.theorem20_10_gqr_xhat_of_transformed_tail_triangular_solve_frob_perturbation_bound	public	theorem	75	-	retain_document	-
NumStability.Analysis.Perturbation.LeastSquares.Equality.MixedStability	NumStability.theorem20_10_gqr_xhat_of_transformed_tail_zero_deltaX_of_supplied_perturbed_triangular_factors	public	theorem	76	-	retain_document	-
NumStability.Analysis.Perturbation.LeastSquares.Equality.MixedStability	NumStability.theorem20_10_gqr_xhat_rank_and_minimizer_of_supplied_perturbed_triangular_factors	public	theorem	77	-	retain_document	-
NumStability.Analysis.Perturbation.LeastSquares.Equality.MixedStability	NumStability.theorem20_10_gqr_xhat_supplied_perturbed_factor_minimizer_certificate	public	theorem	78	-	retain_document	-
NumStability.Analysis.Perturbation.LeastSquares.Equality.MixedStability	NumStability.theorem20_10_gqr_xhat_supplied_perturbed_factor_rank_minimizer_certificate	public	theorem	79	-	retain_document	-
NumStability.Analysis.Perturbation.LeastSquares.Equality.MixedStability	NumStability.theorem20_10_gqr_xhat_supplied_perturbed_factor_zero_deltaX_certificate	public	theorem	80	-	retain_document	-
NumStability.Analysis.Perturbation.LeastSquares.Equality.MixedStability	NumStability.theorem20_10_gqr_xhat_triangular_solve_frob_perturbation_bound	public	theorem	81	-	retain_document	-
NumStability.Analysis.Perturbation.LeastSquares.Equality.MixedStability	NumStability.theorem20_10_gqr_xhat_zero_deltaX_of_supplied_perturbed_triangular_factors	public	theorem	82	-	retain_document	-
NumStability.Analysis.Perturbation.LeastSquares.Equality.MixedStability	NumStability.theorem20_10_householder_AQ2_frob_perturbation_bound	public	theorem	83	-	retain_document	-
NumStability.Analysis.Perturbation.LeastSquares.Equality.MixedStability	NumStability.theorem20_10_householder_AQ2_full_A_frob_perturbation_bound	public	theorem	84	-	retain_document	-
NumStability.Analysis.Perturbation.LeastSquares.Equality.MixedStability	NumStability.theorem20_10_householder_AQ2_rhs_vecNorm2_perturbation_bound	public	theorem	85	-	retain_document	-
NumStability.Analysis.Perturbation.LeastSquares.Equality.MixedStability	NumStability.theorem20_10_householder_AQ2_rhs_vecNorm2_perturbation_bound_of_gammaFactor	public	theorem	86	-	retain_document	-
NumStability.Analysis.Perturbation.LeastSquares.Equality.MixedStability	NumStability.theorem20_10_householder_AQ2_rhs_vecNorm2_perturbation_bound_of_global_gammaValid	public	theorem	87	-	retain_document	-
NumStability.Analysis.Perturbation.LeastSquares.Equality.MixedStability	NumStability.theorem20_10_householder_B_transpose_Deltad_bound	public	theorem	88	-	retain_document	-
NumStability.Analysis.Perturbation.LeastSquares.Equality.MixedStability	NumStability.theorem20_10_householder_B_transpose_constructed_sourceA_gqr_factorization	public	theorem	89	-	retain_document	-
NumStability.Analysis.Perturbation.LeastSquares.Equality.MixedStability	NumStability.theorem20_10_householder_B_transpose_frob_perturbation_bound	public	theorem	90	-	retain_document	-
NumStability.Analysis.Perturbation.LeastSquares.Equality.MixedStability	NumStability.theorem20_10_householder_B_transpose_perturbed_constraint_block	public	theorem	91	-	retain_document	-
NumStability.Analysis.Perturbation.LeastSquares.Equality.MixedStability	NumStability.theorem20_10_householder_componentSourceRankBudget	public	definition	92	-	retain_document	-
NumStability.Analysis.Perturbation.LeastSquares.Equality.MixedStability	NumStability.theorem20_10_householder_componentSourceRankBudget_lt_sourceRankRadius_of_max_gamma_lt_sourceRankGammaThreshold	public	theorem	93	-	retain_document	-
NumStability.Analysis.Perturbation.LeastSquares.Equality.MixedStability	NumStability.theorem20_10_householder_componentSourceRankBudget_lt_sourceRankRadius_of_max_gamma_sum_bound	public	theorem	94	-	retain_document	-
NumStability.Analysis.Perturbation.LeastSquares.Equality.MixedStability	NumStability.theorem20_10_householder_componentSourceRankBudget_lt_sourceRankRadius_of_unit_roundoff_smallnessThreshold	public	theorem	95	-	retain_document	-
NumStability.Analysis.Perturbation.LeastSquares.Equality.MixedStability	NumStability.theorem20_10_householder_componentSourceRankBudget_nonneg	public	theorem	96	-	retain_document	-
NumStability.Analysis.Perturbation.LeastSquares.Equality.MixedStability	NumStability.theorem20_10_householder_componentSourceRankMargins_of_budget_lt_sourceRankRadius	public	theorem	97	-	retain_document	-
NumStability.Analysis.Perturbation.LeastSquares.Equality.MixedStability	NumStability.theorem20_10_householder_componentSourceRankMargins_of_max_gamma_lt_sourceRankGammaThreshold	public	theorem	98	-	retain_document	-
NumStability.Analysis.Perturbation.LeastSquares.Equality.MixedStability	NumStability.theorem20_10_householder_componentSourceRankMargins_of_max_gamma_sum_bound	public	theorem	99	-	retain_document	-
NumStability.Analysis.Perturbation.LeastSquares.Equality.MixedStability	NumStability.theorem20_10_householder_componentSourceRankMargins_of_unit_roundoff_smallnessThreshold	public	theorem	100	-	retain_document	-
NumStability.Analysis.Perturbation.LeastSquares.Equality.MixedStability	NumStability.theorem20_10_householder_componentUnitRoundoffSmallnessThreshold	public	definition	101	-	retain_document	-
NumStability.Analysis.Perturbation.LeastSquares.Equality.MixedStability	NumStability.theorem20_10_householder_componentUnitRoundoffSmallnessThreshold_pos	public	theorem	102	-	retain_document	-
NumStability.Analysis.Perturbation.LeastSquares.Equality.MixedStability	NumStability.theorem20_10_householder_component_max_gamma_lt_sourceRankGammaThreshold_of_unit_roundoff_bound	public	theorem	103	-	retain_document	-
NumStability.Analysis.Perturbation.LeastSquares.Equality.MixedStability	NumStability.theorem20_10_householder_component_max_gamma_lt_sourceRankGammaThreshold_of_unit_roundoff_smallnessThreshold	public	theorem	104	-	retain_document	-
NumStability.Analysis.Perturbation.LeastSquares.Equality.MixedStability	NumStability.theorem20_10_householder_component_max_gamma_sum_bound_of_max_gamma_lt_sourceRankGammaThreshold	public	theorem	105	-	retain_document	-
NumStability.Analysis.Perturbation.LeastSquares.Equality.MixedStability	NumStability.theorem20_10_householder_component_partB_certificate_route_of_computed_B_transpose_Q_source_ranks_unit_roundoff_smallnessThreshold_conservative_gamma	public	theorem	106	-	retain_document	-
NumStability.Analysis.Perturbation.LeastSquares.Equality.MixedStability	NumStability.theorem20_10_householder_component_partB_certificate_route_of_source_ranks_gamma_threshold_conservative_gamma	public	theorem	107	-	retain_document	-
NumStability.Analysis.Perturbation.LeastSquares.Equality.MixedStability	NumStability.theorem20_10_householder_component_partB_certificate_route_of_source_ranks_margins_conservative_gamma	public	theorem	108	-	retain_document	-
NumStability.Analysis.Perturbation.LeastSquares.Equality.MixedStability	NumStability.theorem20_10_householder_component_partB_certificate_route_of_source_ranks_max_gamma_sum_bound_conservative_gamma	public	theorem	109	-	retain_document	-
NumStability.Analysis.Perturbation.LeastSquares.Equality.MixedStability	NumStability.theorem20_10_householder_component_partB_certificate_route_of_source_ranks_rank_radius_conservative_gamma	public	theorem	110	-	retain_document	-
NumStability.Analysis.Perturbation.LeastSquares.Equality.MixedStability	NumStability.theorem20_10_householder_component_partB_certificate_route_of_source_ranks_unit_roundoff_smallnessThreshold_conservative_gamma	public	theorem	111	-	retain_document	-
NumStability.Analysis.Perturbation.LeastSquares.Equality.MixedStability	NumStability.theorem20_10_householder_component_partB_certificate_route_of_source_ranks_unit_roundoff_threshold_conservative_gamma	public	theorem	112	-	retain_document	-
NumStability.Analysis.Perturbation.LeastSquares.Equality.MixedStability	NumStability.theorem20_10_householder_component_partB_route_of_computed_B_transpose_Q_source_ranks_unit_roundoff_smallnessThreshold_conservative_gamma	public	theorem	113	-	retain_document	-
NumStability.Analysis.Perturbation.LeastSquares.Equality.MixedStability	NumStability.theorem20_10_householder_component_partB_route_of_source_ranks_unit_roundoff_smallnessThreshold_conservative_gamma	public	theorem	114	-	retain_document	-
NumStability.Analysis.Perturbation.LeastSquares.Equality.MixedStability	NumStability.theorem20_10_householder_component_unit_roundoff_conditions_of_lt_smallnessThreshold	public	theorem	115	-	retain_document	-
NumStability.Analysis.Perturbation.LeastSquares.Equality.MixedStability	NumStability.theorem20_10_householder_concrete_perturbation_components_bound	public	theorem	116	-	retain_document	-
NumStability.Analysis.Perturbation.LeastSquares.Equality.MixedStability	NumStability.theorem20_10_householder_constructed_gqr_reversed_rhs_tail_partA_certificate_of_diagonal_composed	public	theorem	117	-	retain_document	-
NumStability.Analysis.Perturbation.LeastSquares.Equality.MixedStability	NumStability.theorem20_10_householder_constructed_gqr_reversed_rhs_tail_partA_certificate_of_diagonal_composed_conservative_gamma	public	theorem	118	-	retain_document	-
NumStability.Analysis.Perturbation.LeastSquares.Equality.MixedStability	NumStability.theorem20_10_householder_constructed_gqr_reversed_rhs_tail_partA_mixed_stability_of_diagonal_composed_conservative_gamma	public	theorem	119	-	retain_document	-
NumStability.Analysis.Perturbation.LeastSquares.Equality.MixedStability	NumStability.theorem20_10_householder_constructed_gqr_reversed_rhs_tail_partB_backward_error_of_diagonal_composed_conservative_gamma	public	theorem	120	-	retain_document	-
NumStability.Analysis.Perturbation.LeastSquares.Equality.MixedStability	NumStability.theorem20_10_householder_constructed_gqr_reversed_rhs_tail_partB_certificate_of_diagonal_composed_conservative_gamma	public	theorem	121	-	retain_document	-
NumStability.Analysis.Perturbation.LeastSquares.Equality.MixedStability	NumStability.theorem20_10_householder_constructed_gqr_reversed_rhs_tail_partB_exists_xhat_minimizer_of_source_ranks_component_gamma_threshold_composed_conservative_gamma	public	theorem	122	-	retain_document	-
NumStability.Analysis.Perturbation.LeastSquares.Equality.MixedStability	NumStability.theorem20_10_householder_constructed_gqr_reversed_rhs_tail_partB_exists_xhat_minimizer_of_source_ranks_component_max_gamma_sum_bound_composed_conservative_gamma	public	theorem	123	-	retain_document	-
NumStability.Analysis.Perturbation.LeastSquares.Equality.MixedStability	NumStability.theorem20_10_householder_constructed_gqr_reversed_rhs_tail_partB_exists_xhat_minimizer_of_source_ranks_component_unit_roundoff_smallnessThreshold_composed_conservative_gamma	public	theorem	124	-	retain_document	-
NumStability.Analysis.Perturbation.LeastSquares.Equality.MixedStability	NumStability.theorem20_10_householder_constructed_gqr_reversed_rhs_tail_partB_exists_xhat_minimizer_of_source_ranks_component_unit_roundoff_threshold_composed_conservative_gamma	public	theorem	125	-	retain_document	-
NumStability.Analysis.Perturbation.LeastSquares.Equality.MixedStability	NumStability.theorem20_10_householder_constructed_gqr_reversed_rhs_tail_partB_exists_xhat_minimizer_of_source_ranks_gamma_threshold_composed_conservative_gamma	public	theorem	126	-	retain_document	-
NumStability.Analysis.Perturbation.LeastSquares.Equality.MixedStability	NumStability.theorem20_10_householder_constructed_gqr_reversed_rhs_tail_partB_exists_xhat_minimizer_of_source_ranks_max_gamma_sum_bound_composed_conservative_gamma	public	theorem	127	-	retain_document	-
NumStability.Analysis.Perturbation.LeastSquares.Equality.MixedStability	NumStability.theorem20_10_householder_constructed_gqr_reversed_rhs_tail_partB_exists_xhat_minimizer_of_source_ranks_rank_radius_composed_conservative_gamma	public	theorem	128	-	retain_document	-
NumStability.Analysis.Perturbation.LeastSquares.Equality.MixedStability	NumStability.theorem20_10_householder_constructed_gqr_reversed_rhs_tail_partB_xhat_minimizer_of_diagonal_composed_conservative_gamma	public	theorem	129	-	retain_document	-
NumStability.Analysis.Perturbation.LeastSquares.Equality.MixedStability	NumStability.theorem20_10_householder_constructed_gqr_reversed_rhs_tail_partB_xhat_minimizer_of_frobenius_rank_margins_composed_conservative_gamma	public	theorem	130	-	retain_document	-
NumStability.Analysis.Perturbation.LeastSquares.Equality.MixedStability	NumStability.theorem20_10_householder_constructed_gqr_reversed_rhs_tail_partB_xhat_minimizer_of_perturbed_rank_composed_conservative_gamma	public	theorem	131	-	retain_document	-
NumStability.Analysis.Perturbation.LeastSquares.Equality.MixedStability	NumStability.theorem20_10_householder_constructed_gqr_reversed_rhs_tail_partB_xhat_minimizer_of_rank_lower_bounds_composed_conservative_gamma	public	theorem	132	-	retain_document	-
NumStability.Analysis.Perturbation.LeastSquares.Equality.MixedStability	NumStability.theorem20_10_householder_constructed_gqr_reversed_rhs_tail_partB_xhat_minimizer_of_source_ranks_component_gamma_threshold_composed_conservative_gamma	public	theorem	133	-	retain_document	-
NumStability.Analysis.Perturbation.LeastSquares.Equality.MixedStability	NumStability.theorem20_10_householder_constructed_gqr_reversed_rhs_tail_partB_xhat_minimizer_of_source_ranks_component_max_gamma_sum_bound_composed_conservative_gamma	public	theorem	134	-	retain_document	-
NumStability.Analysis.Perturbation.LeastSquares.Equality.MixedStability	NumStability.theorem20_10_householder_constructed_gqr_reversed_rhs_tail_partB_xhat_minimizer_of_source_ranks_component_rank_budget_composed_conservative_gamma	public	theorem	135	-	retain_document	-
NumStability.Analysis.Perturbation.LeastSquares.Equality.MixedStability	NumStability.theorem20_10_householder_constructed_gqr_reversed_rhs_tail_partB_xhat_minimizer_of_source_ranks_component_unit_roundoff_smallnessThreshold_composed_conservative_gamma	public	theorem	136	-	retain_document	-
NumStability.Analysis.Perturbation.LeastSquares.Equality.MixedStability	NumStability.theorem20_10_householder_constructed_gqr_reversed_rhs_tail_partB_xhat_minimizer_of_source_ranks_component_unit_roundoff_threshold_composed_conservative_gamma	public	theorem	137	-	retain_document	-
NumStability.Analysis.Perturbation.LeastSquares.Equality.MixedStability	NumStability.theorem20_10_householder_constructed_gqr_reversed_rhs_tail_partB_xhat_minimizer_of_source_ranks_frobenius_margins_composed_conservative_gamma	public	theorem	138	-	retain_document	-
NumStability.Analysis.Perturbation.LeastSquares.Equality.MixedStability	NumStability.theorem20_10_householder_constructed_gqr_reversed_rhs_tail_partB_xhat_minimizer_of_source_ranks_gamma_threshold_composed_conservative_gamma	public	theorem	139	-	retain_document	-
NumStability.Analysis.Perturbation.LeastSquares.Equality.MixedStability	NumStability.theorem20_10_householder_constructed_gqr_reversed_rhs_tail_partB_xhat_minimizer_of_source_ranks_max_gamma_sum_bound_composed_conservative_gamma	public	theorem	140	-	retain_document	-
NumStability.Analysis.Perturbation.LeastSquares.Equality.MixedStability	NumStability.theorem20_10_householder_constructed_gqr_reversed_rhs_tail_partB_xhat_minimizer_of_source_ranks_rank_radius_composed_conservative_gamma	public	theorem	141	-	retain_document	-
NumStability.Analysis.Perturbation.LeastSquares.Equality.MixedStability	NumStability.theorem20_10_householder_constructed_gqr_reversed_rhs_tail_partB_xhat_minimizer_of_stacked_lower_bound_composed_conservative_gamma	public	theorem	142	-	retain_document	-
NumStability.Analysis.Perturbation.LeastSquares.Equality.MixedStability	NumStability.theorem20_10_householder_constructed_perturbed_gqr_exact_method_of_diagonal	public	theorem	143	-	retain_document	-
NumStability.Analysis.Perturbation.LeastSquares.Equality.MixedStability	NumStability.theorem20_10_householder_constructed_perturbed_gqr_exact_method_of_diagonal_reversed_rhs_tail	public	theorem	144	-	retain_document	-
NumStability.Analysis.Perturbation.LeastSquares.Equality.MixedStability	NumStability.theorem20_10_householder_constructed_perturbed_gqr_factorization	public	theorem	145	-	retain_document	-
NumStability.Analysis.Perturbation.LeastSquares.Equality.MixedStability	NumStability.theorem20_10_householder_constructed_perturbed_gqr_factorization_with_U_tail	public	theorem	146	-	retain_document	-
NumStability.Analysis.Perturbation.LeastSquares.Equality.MixedStability	NumStability.theorem20_10_householder_constructed_perturbed_gqr_rank_iff_diagonal	public	theorem	147	-	retain_document	-
NumStability.Analysis.Perturbation.LeastSquares.Equality.MixedStability	NumStability.theorem20_10_householder_constructed_perturbed_gqr_reversed_rhs_tail	public	theorem	148	-	retain_document	-
NumStability.Analysis.Perturbation.LeastSquares.Equality.MixedStability	NumStability.theorem20_10_householder_constructed_perturbed_gqr_reversed_rhs_tail_partA_certificate_of_diagonal	public	theorem	149	-	retain_document	-
NumStability.Analysis.Perturbation.LeastSquares.Equality.MixedStability	NumStability.theorem20_10_householder_constructed_perturbed_gqr_reversed_rhs_tail_triangular_solve_frob_perturbation_bound	public	theorem	150	-	retain_document	-
NumStability.Analysis.Perturbation.LeastSquares.Equality.MixedStability	NumStability.theorem20_10_householder_max_gamma_sum_bound_of_max_gamma_lt_sourceRankGammaThreshold	public	theorem	151	-	retain_document	-
NumStability.Analysis.Perturbation.LeastSquares.Equality.MixedStability	NumStability.theorem20_10_householder_panel_rhs_vecNorm2_perturbation_bound_of_gammaFactor	public	theorem	152	-	retain_document	-
NumStability.Analysis.Perturbation.LeastSquares.Equality.MixedStability	NumStability.theorem20_10_householder_reversed_AQ2_frob_perturbation_bound	public	theorem	153	-	retain_document	-
NumStability.Analysis.Perturbation.LeastSquares.Equality.MixedStability	NumStability.theorem20_10_householder_reversed_AQ2_full_A_frob_perturbation_bound	public	theorem	154	-	retain_document	-
NumStability.Analysis.Perturbation.LeastSquares.Equality.MixedStability	NumStability.theorem20_10_householder_reversed_AQ2_full_A_source_frob_perturbation_bound	public	theorem	155	-	retain_document	-
NumStability.Analysis.Perturbation.LeastSquares.Equality.MixedStability	NumStability.theorem20_10_householder_reversed_AQ2_rhs_tail_vecNorm2_perturbation_bound_of_gammaFactor	public	theorem	156	-	retain_document	-
NumStability.Analysis.Perturbation.LeastSquares.Equality.MixedStability	NumStability.theorem20_10_householder_sourceRankBudget	public	definition	157	-	retain_document	-
NumStability.Analysis.Perturbation.LeastSquares.Equality.MixedStability	NumStability.theorem20_10_householder_sourceRankBudget_le_componentSourceRankBudget	public	theorem	158	-	retain_document	-
NumStability.Analysis.Perturbation.LeastSquares.Equality.MixedStability	NumStability.theorem20_10_householder_sourceRankBudget_lt_sourceRankRadius_of_componentSourceRankBudget_lt	public	theorem	159	-	retain_document	-
NumStability.Analysis.Perturbation.LeastSquares.Equality.MixedStability	NumStability.theorem20_10_householder_sourceRankBudget_lt_sourceRankRadius_of_half_bounds	public	theorem	160	-	retain_document	-
NumStability.Analysis.Perturbation.LeastSquares.Equality.MixedStability	NumStability.theorem20_10_householder_sourceRankBudget_lt_sourceRankRadius_of_max_gamma_lt_sourceRankGammaThreshold	public	theorem	161	-	retain_document	-
NumStability.Analysis.Perturbation.LeastSquares.Equality.MixedStability	NumStability.theorem20_10_householder_sourceRankBudget_lt_sourceRankRadius_of_max_gamma_sum_bound	public	theorem	162	-	retain_document	-
NumStability.Analysis.Perturbation.LeastSquares.Equality.MixedStability	NumStability.theorem20_10_householder_sourceRankBudget_lt_sourceRankRadius_of_unit_roundoff_smallnessThreshold	public	theorem	163	-	retain_document	-
NumStability.Analysis.Perturbation.LeastSquares.Equality.MixedStability	NumStability.theorem20_10_householder_sourceRankBudget_nonneg	public	theorem	164	-	retain_document	-
NumStability.Analysis.Perturbation.LeastSquares.Equality.MixedStability	NumStability.theorem20_10_householder_sourceRankGammaThreshold	public	definition	165	-	retain_document	-
NumStability.Analysis.Perturbation.LeastSquares.Equality.MixedStability	NumStability.theorem20_10_householder_sourceRankGammaThreshold_pos	public	theorem	166	-	retain_document	-
NumStability.Analysis.Perturbation.LeastSquares.Equality.MixedStability	NumStability.theorem20_10_householder_sourceRankRadius	public	definition	167	-	retain_document	-
NumStability.Analysis.Perturbation.LeastSquares.Equality.MixedStability	NumStability.theorem20_10_householder_sourceRankRadius_pos	public	theorem	168	-	retain_document	-
NumStability.Analysis.Perturbation.LeastSquares.Equality.MixedStability	NumStability.theorem20_10_nonempty_partA_certificate_compose_source_perturbations	public	theorem	169	-	retain_document	-
NumStability.Analysis.Perturbation.LeastSquares.Equality.MixedStability	NumStability.theorem20_10_partA_certificate_compose_source_perturbations	public	definition	170	-	retain_document	-
NumStability.Analysis.Perturbation.LeastSquares.Equality.MixedStability	NumStability.theorem20_10_partA_certificate_of_constructed_perturbed_source_blocks	public	theorem	171	-	retain_document	-
NumStability.Analysis.Perturbation.LeastSquares.Equality.MixedStability	NumStability.theorem20_10_partA_certificate_of_constructed_perturbed_source_blocks_of_double_gammaValid	public	theorem	172	-	retain_document	-
NumStability.Analysis.Perturbation.LeastSquares.Equality.MixedStability	NumStability.theorem20_10_partA_certificate_of_constructed_perturbed_source_blocks_of_double_gammaValid_exact_rhs	public	theorem	173	-	retain_document	-
NumStability.Analysis.Perturbation.LeastSquares.Equality.MixedStability	NumStability.theorem20_10_partA_certificate_of_constructed_perturbed_source_blocks_of_double_gammaValid_source_bounds	public	theorem	174	-	retain_document	-
NumStability.Analysis.Perturbation.LeastSquares.Equality.MixedStability	NumStability.theorem20_10_partA_certificate_of_constructed_perturbed_source_blocks_of_double_gammaValid_source_bounds_transformed_tail	public	theorem	175	-	retain_document	-
NumStability.Analysis.Perturbation.LeastSquares.Equality.MixedStability	NumStability.theorem20_10_partA_certificate_of_constructed_perturbed_source_blocks_of_gamma_lt_one	public	theorem	176	-	retain_document	-
NumStability.Analysis.Perturbation.LeastSquares.Equality.MixedStability	NumStability.theorem20_10_partA_certificate_of_constructed_perturbed_source_blocks_of_transformed_tail	public	theorem	177	-	retain_document	-
NumStability.Analysis.Perturbation.LeastSquares.Equality.MixedStability	NumStability.theorem20_10_partA_certificate_of_constructed_source_exact_rhs_householder_gamma	public	theorem	178	-	retain_document	-
NumStability.Analysis.Perturbation.LeastSquares.Equality.MixedStability	NumStability.theorem20_10_partA_certificate_of_constructed_source_exact_rhs_householder_gamma_of_source_ranks	public	theorem	179	-	retain_document	-
NumStability.Analysis.Perturbation.LeastSquares.Equality.MixedStability	NumStability.theorem20_10_partA_certificate_of_constructed_source_exact_rhs_householder_gamma_of_source_ranks_unit_roundoff_smallnessThreshold	public	theorem	180	-	retain_document	-
NumStability.Analysis.Perturbation.LeastSquares.Equality.MixedStability	NumStability.theorem20_10_partA_certificate_of_constructed_source_householder_rhs_conservative_bound	public	theorem	181	-	retain_document	-
NumStability.Analysis.Perturbation.LeastSquares.Equality.MixedStability	NumStability.theorem20_10_partA_certificate_of_supplied_perturbed_factor_zero_deltaX	public	theorem	182	-	retain_document	-
NumStability.Analysis.Perturbation.LeastSquares.Equality.MixedStability	NumStability.theorem20_10_partA_certificate_of_supplied_perturbed_factor_zero_deltaX_of_transformed_tail	public	theorem	183	-	retain_document	-
NumStability.Analysis.Perturbation.LeastSquares.Equality.MixedStability	NumStability.theorem20_10_partA_mixed_stability_of_constructed_source_exact_rhs	public	theorem	184	-	retain_document	-
NumStability.Analysis.Perturbation.LeastSquares.Equality.MixedStability	NumStability.theorem20_10_partA_mixed_stability_of_constructed_source_exact_rhs_householder_gamma	public	theorem	185	-	retain_document	-
NumStability.Analysis.Perturbation.LeastSquares.Equality.MixedStability	NumStability.theorem20_10_partA_mixed_stability_of_constructed_source_exact_rhs_householder_gamma_of_source_ranks	public	theorem	186	-	retain_document	-
NumStability.Analysis.Perturbation.LeastSquares.Equality.MixedStability	NumStability.theorem20_10_partA_mixed_stability_of_constructed_source_exact_rhs_householder_gamma_of_source_ranks_unit_roundoff_smallnessThreshold	public	theorem	187	-	retain_document	-
NumStability.Analysis.Perturbation.LeastSquares.Equality.MixedStability	NumStability.theorem20_10_partA_mixed_stability_of_constructed_source_householder_rhs_conservative_bound	public	theorem	188	-	retain_document	-
NumStability.Analysis.Perturbation.LeastSquares.Equality.MixedStability	NumStability.theorem20_10_partA_mixed_stability_of_constructed_source_householder_rhs_conservative_gamma	public	theorem	189	-	retain_document	-
NumStability.Analysis.Perturbation.LeastSquares.Equality.MixedStability	NumStability.theorem20_10_partA_mixed_stability_of_householder_gamma_certificate	public	theorem	190	-	retain_document	-
NumStability.Analysis.Perturbation.LeastSquares.Equality.MixedStability	NumStability.theorem20_10_partA_mixed_stability_of_nonempty_householder_gamma_certificate	public	theorem	191	-	retain_document	-
NumStability.Analysis.Perturbation.LeastSquares.Equality.MixedStability	NumStability.theorem20_10_partA_mixed_stability_of_perturbation_certificate	public	theorem	192	-	retain_document	-
NumStability.Analysis.Perturbation.LeastSquares.Equality.MixedStability	NumStability.theorem20_10_partB_backward_error_of_constructed_householder_returned_xhat_certificate_source_ranks_unit_roundoff_smallnessThreshold_conservative_gamma	public	theorem	193	-	retain_document	-
NumStability.Analysis.Perturbation.LeastSquares.Equality.MixedStability	NumStability.theorem20_10_partB_backward_error_of_constructed_householder_returned_xhat_computed_B_transpose_Q_source_ranks_unit_roundoff_smallnessThreshold_conservative_gamma	public	theorem	194	-	retain_document	-
NumStability.Analysis.Perturbation.LeastSquares.Equality.MixedStability	NumStability.theorem20_10_partB_backward_error_of_constructed_source_exact_rhs_householder_gamma	public	theorem	195	-	retain_document	-
NumStability.Analysis.Perturbation.LeastSquares.Equality.MixedStability	NumStability.theorem20_10_partB_backward_error_of_constructed_source_exact_rhs_householder_gamma_of_source_ranks	public	theorem	196	-	retain_document	-
NumStability.Analysis.Perturbation.LeastSquares.Equality.MixedStability	NumStability.theorem20_10_partB_backward_error_of_constructed_source_exact_rhs_householder_gamma_of_source_ranks_unit_roundoff_smallnessThreshold	public	theorem	197	-	retain_document	-
NumStability.Analysis.Perturbation.LeastSquares.Equality.MixedStability	NumStability.theorem20_10_partB_backward_error_of_constructed_source_householder_rhs_conservative_bound	public	theorem	198	-	retain_document	-
NumStability.Analysis.Perturbation.LeastSquares.Equality.MixedStability	NumStability.theorem20_10_partB_backward_error_of_constructed_source_householder_rhs_conservative_gamma	public	theorem	199	-	retain_document	-
NumStability.Analysis.Perturbation.LeastSquares.Equality.MixedStability	NumStability.theorem20_10_partB_backward_error_of_constructed_source_householder_rhs_conservative_gamma_of_source_ranks	public	theorem	200	-	retain_document	-
NumStability.Analysis.Perturbation.LeastSquares.Equality.MixedStability	NumStability.theorem20_10_partB_backward_error_of_householder_components_computed_B_transpose_Q_source_ranks_unit_roundoff_smallnessThreshold_conservative_gamma	public	theorem	201	-	retain_document	-
NumStability.Analysis.Perturbation.LeastSquares.Equality.MixedStability	NumStability.theorem20_10_partB_backward_error_of_householder_components_conservative_gamma	public	theorem	202	-	retain_document	-
NumStability.Analysis.Perturbation.LeastSquares.Equality.MixedStability	NumStability.theorem20_10_partB_backward_error_of_householder_components_source_ranks_conservative_gamma	public	theorem	203	-	retain_document	-
NumStability.Analysis.Perturbation.LeastSquares.Equality.MixedStability	NumStability.theorem20_10_partB_backward_error_of_householder_components_source_ranks_gamma_threshold_conservative_gamma	public	theorem	204	-	retain_document	-
NumStability.Analysis.Perturbation.LeastSquares.Equality.MixedStability	NumStability.theorem20_10_partB_backward_error_of_householder_components_source_ranks_max_gamma_sum_bound_conservative_gamma	public	theorem	205	-	retain_document	-
NumStability.Analysis.Perturbation.LeastSquares.Equality.MixedStability	NumStability.theorem20_10_partB_backward_error_of_householder_components_source_ranks_rank_radius_conservative_gamma	public	theorem	206	-	retain_document	-
NumStability.Analysis.Perturbation.LeastSquares.Equality.MixedStability	NumStability.theorem20_10_partB_backward_error_of_householder_components_source_ranks_unit_roundoff_smallnessThreshold_conservative_gamma	public	theorem	207	-	retain_document	-
NumStability.Analysis.Perturbation.LeastSquares.Equality.MixedStability	NumStability.theorem20_10_partB_backward_error_of_householder_components_source_ranks_unit_roundoff_threshold_conservative_gamma	public	theorem	208	-	retain_document	-
NumStability.Analysis.Perturbation.LeastSquares.Equality.MixedStability	NumStability.theorem20_10_partB_backward_error_of_householder_gamma_certificate	public	theorem	209	-	retain_document	-
NumStability.Analysis.Perturbation.LeastSquares.Equality.MixedStability	NumStability.theorem20_10_partB_backward_error_of_nonempty_householder_gamma_certificate	public	theorem	210	-	retain_document	-
NumStability.Analysis.Perturbation.LeastSquares.Equality.MixedStability	NumStability.theorem20_10_partB_backward_error_of_nonempty_partA_certificate	public	theorem	211	-	retain_document	-
NumStability.Analysis.Perturbation.LeastSquares.Equality.MixedStability	NumStability.theorem20_10_partB_backward_error_of_partA_certificate	public	theorem	212	-	retain_document	-
NumStability.Analysis.Perturbation.LeastSquares.Equality.MixedStability	NumStability.theorem20_10_partB_backward_error_of_perturbation_certificate	public	theorem	213	-	retain_document	-
NumStability.Analysis.Perturbation.LeastSquares.Equality.MixedStability	NumStability.theorem20_10_partB_certificate_of_constructed_source_exact_rhs_householder_gamma_of_source_ranks	public	theorem	214	-	retain_document	-
NumStability.Analysis.Perturbation.LeastSquares.Equality.MixedStability	NumStability.theorem20_10_partB_certificate_of_constructed_source_exact_rhs_householder_gamma_of_source_ranks_unit_roundoff_smallnessThreshold	public	theorem	215	-	retain_document	-
NumStability.Analysis.Perturbation.LeastSquares.Equality.MixedStability	NumStability.theorem20_10_partB_certificate_of_constructed_source_householder_rhs_conservative_bound	public	theorem	216	-	retain_document	-
NumStability.Analysis.Perturbation.LeastSquares.Equality.MixedStability	NumStability.theorem20_10_partB_certificate_of_constructed_source_householder_rhs_conservative_gamma	public	theorem	217	-	retain_document	-
NumStability.Analysis.Perturbation.LeastSquares.Equality.MixedStability	NumStability.theorem20_10_partB_certificate_of_constructed_source_householder_rhs_conservative_gamma_of_source_ranks	public	theorem	218	-	retain_document	-
NumStability.Analysis.Perturbation.LeastSquares.Equality.MixedStability	NumStability.theorem20_10_partB_certificate_of_householder_components_conservative_gamma	public	theorem	219	-	retain_document	-
NumStability.Analysis.Perturbation.LeastSquares.Equality.MixedStability	NumStability.theorem20_10_partB_certificate_of_householder_components_source_ranks_conservative_gamma	public	theorem	220	-	retain_document	-
NumStability.Analysis.Perturbation.LeastSquares.Equality.MixedStability	NumStability.theorem20_10_partB_certificate_of_nonempty_partA_certificate	public	theorem	221	-	retain_document	-
NumStability.Analysis.Perturbation.LeastSquares.Equality.MixedStability	NumStability.theorem20_10_partB_certificate_of_partA_certificate	public	theorem	222	-	retain_document	-
NumStability.Analysis.Perturbation.LeastSquares.Equality.Perturbation	NumStability.GeneralizedQRFactorization.conditions20_24_iff_s_l22_bijective	public	theorem	0	-	retain_document	-
NumStability.Analysis.Perturbation.LeastSquares.Equality.Perturbation	NumStability.GeneralizedQRFactorization.conditions20_24_iff_s_l22_diag_ne_zero	public	theorem	1	-	retain_document	-
NumStability.Analysis.Perturbation.LeastSquares.Equality.Perturbation	NumStability.GeneralizedQRFactorization.conditions20_24_iff_s_l22_kernel_trivial	public	theorem	2	-	retain_document	-
NumStability.Analysis.Perturbation.LeastSquares.Equality.Perturbation	NumStability.GeneralizedQRFactorization.constructed_sourceA_L22_perturbation_frobNorm_bound	public	theorem	3	-	retain_document	-
NumStability.Analysis.Perturbation.LeastSquares.Equality.Perturbation	NumStability.GeneralizedQRFactorization.constructed_sourceB_perturbation_frobNorm_bound	public	theorem	4	-	retain_document	-
NumStability.Analysis.Perturbation.LeastSquares.Equality.Perturbation	NumStability.GeneralizedQRFactorization.exists_isLSEMinimizer_of_conditions20_24	public	theorem	5	-	retain_document	-
NumStability.Analysis.Perturbation.LeastSquares.Equality.Perturbation	NumStability.GeneralizedQRFactorization.exists_isLSEMinimizer_of_fullRowRank_stackedFullColumnRank	public	theorem	6	-	retain_document	-
NumStability.Analysis.Perturbation.LeastSquares.Equality.Perturbation	NumStability.GeneralizedQRFactorization.exists_isLSEMinimizer_of_s_l22_kernel_trivial	public	theorem	7	-	retain_document	-
NumStability.Analysis.Perturbation.LeastSquares.Equality.Perturbation	NumStability.GeneralizedQRFactorization.exists_isLSEMinimizer_of_solve_maps	public	theorem	8	-	retain_document	-
NumStability.Analysis.Perturbation.LeastSquares.Equality.Perturbation	NumStability.GeneralizedQRFactorization.exists_isLSEMinimizer_of_tall_qr_assoc_case_fullRowRank_stackedFullColumnRank	public	theorem	9	-	retain_document	-
NumStability.Analysis.Perturbation.LeastSquares.Equality.Perturbation	NumStability.GeneralizedQRFactorization.exists_isLSEMinimizer_of_triangular_nonsingular	public	theorem	10	-	retain_document	-
NumStability.Analysis.Perturbation.LeastSquares.Equality.Perturbation	NumStability.GeneralizedQRFactorization.exists_isLSEMinimizer_of_wide_qr_assoc_case_fullRowRank_stackedFullColumnRank	public	theorem	11	-	retain_document	-
NumStability.Analysis.Perturbation.LeastSquares.Equality.Perturbation	NumStability.GeneralizedQRFactorization.exists_lse_minimizer_of_conditions20_24	public	theorem	12	-	retain_document	-
NumStability.Analysis.Perturbation.LeastSquares.Equality.Perturbation	NumStability.GeneralizedQRFactorization.exists_lse_minimizer_of_fullRowRank_stackedFullColumnRank	public	theorem	13	-	retain_document	-
NumStability.Analysis.Perturbation.LeastSquares.Equality.Perturbation	NumStability.GeneralizedQRFactorization.exists_lse_minimizer_of_tall_qr_assoc_case_fullRowRank_stackedFullColumnRank	public	theorem	14	-	retain_document	-
NumStability.Analysis.Perturbation.LeastSquares.Equality.Perturbation	NumStability.GeneralizedQRFactorization.exists_lse_minimizer_of_wide_qr_assoc_case_fullRowRank_stackedFullColumnRank	public	theorem	15	-	retain_document	-
NumStability.Analysis.Perturbation.LeastSquares.Equality.Perturbation	NumStability.GeneralizedQRFactorization.exists_unique_lse_minimizer_of_conditions20_24	public	theorem	16	-	retain_document	-
NumStability.Analysis.Perturbation.LeastSquares.Equality.Perturbation	NumStability.GeneralizedQRFactorization.exists_unique_lse_minimizer_of_fullRowRank_stackedFullColumnRank	public	theorem	17	-	retain_document	-
NumStability.Analysis.Perturbation.LeastSquares.Equality.Perturbation	NumStability.GeneralizedQRFactorization.exists_unique_lse_minimizer_of_s_l22_bijective	public	theorem	18	-	retain_document	-
NumStability.Analysis.Perturbation.LeastSquares.Equality.Perturbation	NumStability.GeneralizedQRFactorization.exists_unique_lse_minimizer_of_s_l22_kernel_trivial	public	theorem	19	-	retain_document	-
NumStability.Analysis.Perturbation.LeastSquares.Equality.Perturbation	NumStability.GeneralizedQRFactorization.exists_unique_lse_minimizer_of_tall_fullRowRank_constraint_and_assoc_shape	public	theorem	20	-	retain_document	-
NumStability.Analysis.Perturbation.LeastSquares.Equality.Perturbation	NumStability.GeneralizedQRFactorization.exists_unique_lse_minimizer_of_tall_mgs_constraint_and_assoc_shape	public	theorem	21	-	retain_document	-
NumStability.Analysis.Perturbation.LeastSquares.Equality.Perturbation	NumStability.GeneralizedQRFactorization.exists_unique_lse_minimizer_of_tall_qr_assoc_case_conditions20_24	public	theorem	22	-	retain_document	-
NumStability.Analysis.Perturbation.LeastSquares.Equality.Perturbation	NumStability.GeneralizedQRFactorization.exists_unique_lse_minimizer_of_tall_qr_assoc_case_diag_ne_zero	public	theorem	23	-	retain_document	-
NumStability.Analysis.Perturbation.LeastSquares.Equality.Perturbation	NumStability.GeneralizedQRFactorization.exists_unique_lse_minimizer_of_tall_qr_assoc_case_fullRowRank_stackedFullColumnRank	public	theorem	24	-	retain_document	-
NumStability.Analysis.Perturbation.LeastSquares.Equality.Perturbation	NumStability.GeneralizedQRFactorization.exists_unique_lse_minimizer_of_triangular_nonsingular	public	theorem	25	-	retain_document	-
NumStability.Analysis.Perturbation.LeastSquares.Equality.Perturbation	NumStability.GeneralizedQRFactorization.exists_unique_lse_minimizer_of_wide_fullRowRank_constraint_and_trailing_mgs_assoc_shape	public	theorem	26	-	retain_document	-
NumStability.Analysis.Perturbation.LeastSquares.Equality.Perturbation	NumStability.GeneralizedQRFactorization.exists_unique_lse_minimizer_of_wide_mgs_constraint_and_trailing_mgs_assoc_shape	public	theorem	27	-	retain_document	-
NumStability.Analysis.Perturbation.LeastSquares.Equality.Perturbation	NumStability.GeneralizedQRFactorization.exists_unique_lse_minimizer_of_wide_qr_assoc_case_conditions20_24	public	theorem	28	-	retain_document	-
NumStability.Analysis.Perturbation.LeastSquares.Equality.Perturbation	NumStability.GeneralizedQRFactorization.exists_unique_lse_minimizer_of_wide_qr_assoc_case_diag_ne_zero	public	theorem	29	-	retain_document	-
NumStability.Analysis.Perturbation.LeastSquares.Equality.Perturbation	NumStability.GeneralizedQRFactorization.exists_unique_lse_minimizer_of_wide_qr_assoc_case_fullRowRank_stackedFullColumnRank	public	theorem	30	-	retain_document	-
NumStability.Analysis.Perturbation.LeastSquares.Equality.Perturbation	NumStability.GeneralizedQRFactorization.exists_unique_method_solution_of_fullRowRank_stackedFullColumnRank	public	theorem	31	-	retain_document	-
NumStability.Analysis.Perturbation.LeastSquares.Equality.Perturbation	NumStability.GeneralizedQRFactorization.exists_unique_method_solution_of_tall_fullRowRank_constraint_and_assoc_shape	public	theorem	32	-	retain_document	-
NumStability.Analysis.Perturbation.LeastSquares.Equality.Perturbation	NumStability.GeneralizedQRFactorization.exists_unique_method_solution_of_tall_fullRowRank_constraint_and_exact_householder_assoc_shape	public	theorem	33	-	retain_document	-
NumStability.Analysis.Perturbation.LeastSquares.Equality.Perturbation	NumStability.GeneralizedQRFactorization.exists_unique_method_solution_of_tall_fullRowRank_constraint_and_full_mgs_assoc_shape	public	theorem	34	-	retain_document	-
NumStability.Analysis.Perturbation.LeastSquares.Equality.Perturbation	NumStability.GeneralizedQRFactorization.exists_unique_method_solution_of_tall_mgs_constraint_and_assoc_shape	public	theorem	35	-	retain_document	-
NumStability.Analysis.Perturbation.LeastSquares.Equality.Perturbation	NumStability.GeneralizedQRFactorization.exists_unique_method_solution_of_tall_mgs_constraint_and_exact_householder_assoc_shape	public	theorem	36	-	retain_document	-
NumStability.Analysis.Perturbation.LeastSquares.Equality.Perturbation	NumStability.GeneralizedQRFactorization.exists_unique_method_solution_of_tall_mgs_constraint_and_full_mgs_assoc_shape	public	theorem	37	-	retain_document	-
NumStability.Analysis.Perturbation.LeastSquares.Equality.Perturbation	NumStability.GeneralizedQRFactorization.exists_unique_method_solution_of_tall_qr_assoc_case_fullRowRank_stackedFullColumnRank	public	theorem	38	-	retain_document	-
NumStability.Analysis.Perturbation.LeastSquares.Equality.Perturbation	NumStability.GeneralizedQRFactorization.exists_unique_method_solution_of_wide_fullRowRank_constraint_and_exact_householder_assoc_shape	public	theorem	39	-	retain_document	-
NumStability.Analysis.Perturbation.LeastSquares.Equality.Perturbation	NumStability.GeneralizedQRFactorization.exists_unique_method_solution_of_wide_fullRowRank_constraint_and_trailing_mgs_assoc_shape	public	theorem	40	-	retain_document	-
NumStability.Analysis.Perturbation.LeastSquares.Equality.Perturbation	NumStability.GeneralizedQRFactorization.exists_unique_method_solution_of_wide_mgs_constraint_and_exact_householder_assoc_shape	public	theorem	41	-	retain_document	-
NumStability.Analysis.Perturbation.LeastSquares.Equality.Perturbation	NumStability.GeneralizedQRFactorization.exists_unique_method_solution_of_wide_mgs_constraint_and_trailing_mgs_assoc_shape	public	theorem	42	-	retain_document	-
NumStability.Analysis.Perturbation.LeastSquares.Equality.Perturbation	NumStability.GeneralizedQRFactorization.exists_unique_method_solution_of_wide_qr_assoc_case_fullRowRank_stackedFullColumnRank	public	theorem	43	-	retain_document	-
NumStability.Analysis.Perturbation.LeastSquares.Equality.Perturbation	NumStability.GeneralizedQRFactorization.exists_unique_method_solution_with_A_Q2_tall_assoc_of_fullRowRank_stackedFullColumnRank	public	theorem	44	-	retain_document	-
NumStability.Analysis.Perturbation.LeastSquares.Equality.Perturbation	NumStability.GeneralizedQRFactorization.exists_unique_method_solution_with_A_Q2_tall_assoc_s_l22_bijective_of_fullRowRank_stackedFullColumnRank	public	theorem	45	-	retain_document	-
NumStability.Analysis.Perturbation.LeastSquares.Equality.Perturbation	NumStability.GeneralizedQRFactorization.exists_unique_method_solution_with_A_Q2_tall_assoc_s_l22_diag_ne_zero_of_fullRowRank_stackedFullColumnRank	public	theorem	46	-	retain_document	-
NumStability.Analysis.Perturbation.LeastSquares.Equality.Perturbation	NumStability.GeneralizedQRFactorization.exists_unique_method_solution_with_s_l22_diag_ne_zero_of_tall_fullRowRank_constraint_and_exact_householder_assoc_shape	public	theorem	47	-	retain_document	-
NumStability.Analysis.Perturbation.LeastSquares.Equality.Perturbation	NumStability.GeneralizedQRFactorization.exists_unique_method_solution_with_s_l22_diag_ne_zero_of_wide_fullRowRank_constraint_and_exact_householder_assoc_shape	public	theorem	48	-	retain_document	-
NumStability.Analysis.Perturbation.LeastSquares.Equality.Perturbation	NumStability.GeneralizedQRFactorization.exists_unique_perturbed_lse_minimizer_and_direct_data_correction_bound_liftedReducedGram_BAplus_residual_gap_additive_scaled_of_maxRelativePerturbation_lseStackedFullColumnRank_rank_kkt_smallnessThreshold	public	theorem	49	-	retain_document	-
NumStability.Analysis.Perturbation.LeastSquares.Equality.Perturbation	NumStability.GeneralizedQRFactorization.exists_unique_perturbed_lse_minimizer_and_direct_data_correction_bound_liftedReducedGram_BAplus_residual_gap_coeff_of_maxRelativePerturbation_lseStackedFullColumnRank_rank_kkt_smallnessThreshold	public	theorem	50	-	retain_document	-
NumStability.Analysis.Perturbation.LeastSquares.Equality.Perturbation	NumStability.GeneralizedQRFactorization.exists_unique_perturbed_lse_minimizer_and_direct_data_correction_bound_sourceRightInverse_liftedReducedGram_of_maxRelativePerturbation_lseStackedFullColumnRank_rank_kkt_smallnessThreshold	public	theorem	51	-	retain_document	-
NumStability.Analysis.Perturbation.LeastSquares.Equality.Perturbation	NumStability.GeneralizedQRFactorization.exists_unique_perturbed_lse_minimizer_and_direct_data_correction_bound_sourceRightInverse_liftedReducedGram_sourceResidual_of_maxRelativePerturbation_lseStackedFullColumnRank_rank_kkt_smallnessThreshold	public	theorem	52	-	retain_document	-
NumStability.Analysis.Perturbation.LeastSquares.Equality.Perturbation	NumStability.GeneralizedQRFactorization.exists_unique_perturbed_lse_minimizer_and_solution_difference_bound_liftedReducedGram_BAplus_residual_gap_additive_scaled_of_maxRelativePerturbation_lseStackedFullColumnRank_rank_kkt_smallnessThreshold	public	theorem	53	-	retain_document	-
NumStability.Analysis.Perturbation.LeastSquares.Equality.Perturbation	NumStability.GeneralizedQRFactorization.exists_unique_perturbed_lse_minimizer_and_solution_difference_bound_liftedReducedGram_BAplus_residual_gap_coeff_of_maxRelativePerturbation_lseStackedFullColumnRank_rank_kkt_smallnessThreshold	public	theorem	54	-	retain_document	-
NumStability.Analysis.Perturbation.LeastSquares.Equality.Perturbation	NumStability.GeneralizedQRFactorization.exists_unique_solve_coordinates_of_fullRowRank_stackedFullColumnRank	public	theorem	55	-	retain_document	-
NumStability.Analysis.Perturbation.LeastSquares.Equality.Perturbation	NumStability.GeneralizedQRFactorization.exists_unique_solve_coordinates_of_tall_qr_assoc_case_fullRowRank_stackedFullColumnRank	public	theorem	56	-	retain_document	-
NumStability.Analysis.Perturbation.LeastSquares.Equality.Perturbation	NumStability.GeneralizedQRFactorization.exists_unique_solve_coordinates_of_wide_qr_assoc_case_fullRowRank_stackedFullColumnRank	public	theorem	57	-	retain_document	-
NumStability.Analysis.Perturbation.LeastSquares.Equality.Perturbation	NumStability.GeneralizedQRFactorization.exists_with_s_l22_bijective_of_fullRowRank_stackedFullColumnRank	public	theorem	58	-	retain_document	-
NumStability.Analysis.Perturbation.LeastSquares.Equality.Perturbation	NumStability.GeneralizedQRFactorization.exists_with_s_l22_diag_ne_zero_of_fullRowRank_stackedFullColumnRank	public	theorem	59	-	retain_document	-
NumStability.Analysis.Perturbation.LeastSquares.Equality.Perturbation	NumStability.GeneralizedQRFactorization.fullRowRank_stackedFullColumnRank_iff_s_l22_bijective	public	theorem	60	-	retain_document	-
NumStability.Analysis.Perturbation.LeastSquares.Equality.Perturbation	NumStability.GeneralizedQRFactorization.fullRowRank_stackedFullColumnRank_iff_s_l22_diag_ne_zero	public	theorem	61	-	retain_document	-
NumStability.Analysis.Perturbation.LeastSquares.Equality.Perturbation	NumStability.GeneralizedQRFactorization.fullRowRank_stackedFullColumnRank_iff_s_l22_kernel_trivial	public	theorem	62	-	retain_document	-
NumStability.Analysis.Perturbation.LeastSquares.Equality.Perturbation	NumStability.GeneralizedQRFactorization.isLSEMinimizer_of_triangular_solve	public	theorem	63	-	retain_document	-
NumStability.Analysis.Perturbation.LeastSquares.Equality.Perturbation	NumStability.GeneralizedQRFactorization.tall_eq20_28_matrix_of_block_conditions	public	theorem	64	-	retain_document	-
NumStability.Analysis.Perturbation.LeastSquares.Equality.Perturbation	NumStability.GeneralizedQRFactorization.tall_eq20_28_row_action_of_block_conditions	public	theorem	65	-	retain_document	-
NumStability.Analysis.Perturbation.LeastSquares.Equality.Perturbation	NumStability.GeneralizedQRFactorization.tall_qr_assoc_case_conditions20_24_iff_diag_ne_zero	public	theorem	66	-	retain_document	-
NumStability.Analysis.Perturbation.LeastSquares.Equality.Perturbation	NumStability.GeneralizedQRFactorization.tall_qr_assoc_case_fullRowRank_stackedFullColumnRank_iff_diag_ne_zero	public	theorem	67	-	retain_document	-
NumStability.Analysis.Perturbation.LeastSquares.Equality.Perturbation	NumStability.GeneralizedQRFactorization.theorem20_8KappaB_pos_of_gqrQ2_reducedGram_kappa	public	theorem	68	-	retain_document	-
NumStability.Analysis.Perturbation.LeastSquares.Equality.Perturbation	NumStability.GeneralizedQRFactorization.theorem20_8_direct_data_correction_residual_relative_le_firstOrderRHS_plus_additiveScaledResidualGap_radius_coefficient_of_liftedReducedGram_sourceKappaB_gramProjection_BAplus_residual_gap_additive_scaled_of_minimizers	public	theorem	69	-	retain_document	-
NumStability.Analysis.Perturbation.LeastSquares.Equality.Perturbation	NumStability.GeneralizedQRFactorization.theorem20_8_direct_data_correction_residual_relative_le_firstOrderRHS_plus_eps_KKTSourceResidualRatioCoupledBound_sourceRightInverse_liftedReducedGram_sourceResidual_of_maxRelativePerturbation_lseStackedFullColumnRank_rank_kkt_smallnessThreshold	public	theorem	70	-	retain_document	-
NumStability.Analysis.Perturbation.LeastSquares.Equality.Perturbation	NumStability.GeneralizedQRFactorization.theorem20_8_direct_data_correction_residual_relative_le_firstOrderRHS_plus_residualGapSmallGain_additive_radius_coefficient_of_liftedReducedGram_sourceKappaB_gramProjection_BAplus_residual_gap_small_gain_residualFactor_of_minimizers	public	theorem	71	-	retain_document	-
NumStability.Analysis.Perturbation.LeastSquares.Equality.Perturbation	NumStability.GeneralizedQRFactorization.theorem20_8_direct_data_correction_residual_relative_le_firstOrderRHS_plus_residualGapSmallGain_radius_coefficient_of_liftedReducedGram_sourceKappaB_gramProjection_BAplus_residual_gap_small_gain_coeff_of_minimizers	public	theorem	72	-	retain_document	-
NumStability.Analysis.Perturbation.LeastSquares.Equality.Perturbation	NumStability.GeneralizedQRFactorization.theorem20_8_direct_data_correction_residual_relative_le_firstOrderRHS_plus_residualGapSmallGain_radius_coefficient_of_liftedReducedGram_sourceKappaB_gramProjection_BAplus_residual_gap_small_gain_conditions_of_minimizers	public	theorem	73	-	retain_document	-
NumStability.Analysis.Perturbation.LeastSquares.Equality.Perturbation	NumStability.GeneralizedQRFactorization.theorem20_8_direct_data_correction_residual_relative_le_firstOrderRHS_plus_residualGapSmallGain_radius_coefficient_of_liftedReducedGram_sourceKappaB_gramProjection_BAplus_residual_gap_small_gain_source_radius_of_minimizers	public	theorem	74	-	retain_document	-
NumStability.Analysis.Perturbation.LeastSquares.Equality.Perturbation	NumStability.GeneralizedQRFactorization.theorem20_8_direct_data_correction_residual_relative_le_firstOrderRHS_plus_residualGapSmallGain_split_radius_coefficient_of_liftedReducedGram_sourceKappaB_gramProjection_BAplus_residual_gap_small_gain_residualFactor_of_minimizers	public	theorem	75	-	retain_document	-
NumStability.Analysis.Perturbation.LeastSquares.Equality.Perturbation	NumStability.GeneralizedQRFactorization.theorem20_8_direct_data_correction_residual_relative_le_firstOrderRHS_plus_residualGap_additive_residualFactor_radius_coefficient_of_liftedReducedGram_sourceKappaB_gramProjection_BAplus_residual_gap_additive_residualFactor_of_minimizers	public	theorem	76	-	retain_document	-
NumStability.Analysis.Perturbation.LeastSquares.Equality.Perturbation	NumStability.GeneralizedQRFactorization.theorem20_8_direct_data_correction_residual_relative_le_firstOrderRHS_plus_residualGap_residualFactor_radius_coefficient_of_liftedReducedGram_sourceKappaB_gramProjection_BAplus_residual_gap_residualFactor_of_minimizers	public	theorem	77	-	retain_document	-
NumStability.Analysis.Perturbation.LeastSquares.Equality.Perturbation	NumStability.GeneralizedQRFactorization.theorem20_8_direct_data_correction_residual_relative_le_firstOrderRHS_plus_scaledResidualGap_radius_coefficient_of_liftedReducedGram_sourceKappaB_gramProjection_BAplus_residual_gap_scaled_of_minimizers	public	theorem	78	-	retain_document	-
NumStability.Analysis.Perturbation.LeastSquares.Equality.Perturbation	NumStability.GeneralizedQRFactorization.theorem20_8_direct_data_correction_residual_relative_le_firstOrderRHS_plus_smallGainScaledResidualGap_radius_coefficient_of_liftedReducedGram_sourceKappaB_gramProjection_BAplus_residual_gap_small_gain_scaled_of_minimizers	public	theorem	79	-	retain_document	-
NumStability.Analysis.Perturbation.LeastSquares.Equality.Perturbation	NumStability.GeneralizedQRFactorization.theorem20_8_solution_difference_relative_le_firstOrderRHS_plus_eps_sq_coefficient_of_liftedReducedGram_gramProjection_wedinResidualRHS_first_order_coeff	public	theorem	80	-	retain_document	-
NumStability.Analysis.Perturbation.LeastSquares.Equality.Perturbation	NumStability.GeneralizedQRFactorization.theorem20_8_solution_difference_relative_le_firstOrderRHS_plus_eps_sq_coefficient_of_liftedReducedGram_sourceKappaB_gramProjection_BAplus_residual_gap_additive_bracket_of_minimizers	public	theorem	81	-	retain_document	-
NumStability.Analysis.Perturbation.LeastSquares.Equality.Perturbation	NumStability.GeneralizedQRFactorization.theorem20_8_solution_difference_relative_le_firstOrderRHS_plus_eps_sq_coefficient_of_liftedReducedGram_sourceKappaB_gramProjection_BAplus_residual_gap_additive_residualFactor_of_minimizers	public	theorem	82	-	retain_document	-
NumStability.Analysis.Perturbation.LeastSquares.Equality.Perturbation	NumStability.GeneralizedQRFactorization.theorem20_8_solution_difference_relative_le_firstOrderRHS_plus_eps_sq_coefficient_of_liftedReducedGram_sourceKappaB_gramProjection_BAplus_residual_gap_additive_scaled_of_minimizers	public	theorem	83	-	retain_document	-
NumStability.Analysis.Perturbation.LeastSquares.Equality.Perturbation	NumStability.GeneralizedQRFactorization.theorem20_8_solution_difference_relative_le_firstOrderRHS_plus_eps_sq_coefficient_of_liftedReducedGram_sourceKappaB_gramProjection_BAplus_residual_gap_bracket	public	theorem	84	-	retain_document	-
NumStability.Analysis.Perturbation.LeastSquares.Equality.Perturbation	NumStability.GeneralizedQRFactorization.theorem20_8_solution_difference_relative_le_firstOrderRHS_plus_eps_sq_coefficient_of_liftedReducedGram_sourceKappaB_gramProjection_BAplus_residual_gap_bracket_of_minimizers	public	theorem	85	-	retain_document	-
NumStability.Analysis.Perturbation.LeastSquares.Equality.Perturbation	NumStability.GeneralizedQRFactorization.theorem20_8_solution_difference_relative_le_firstOrderRHS_plus_eps_sq_coefficient_of_liftedReducedGram_sourceKappaB_gramProjection_BAplus_residual_gap_residualFactor_of_minimizers	public	theorem	86	-	retain_document	-
NumStability.Analysis.Perturbation.LeastSquares.Equality.Perturbation	NumStability.GeneralizedQRFactorization.theorem20_8_solution_difference_relative_le_firstOrderRHS_plus_eps_sq_coefficient_of_liftedReducedGram_sourceKappaB_gramProjection_BAplus_residual_gap_scaled_of_minimizers	public	theorem	87	-	retain_document	-
NumStability.Analysis.Perturbation.LeastSquares.Equality.Perturbation	NumStability.GeneralizedQRFactorization.theorem20_8_solution_difference_relative_le_firstOrderRHS_plus_eps_sq_coefficient_of_liftedReducedGram_sourceKappaB_gramProjection_BAplus_residual_gap_small_gain_additive_radius_residualFactor_of_minimizers	public	theorem	88	-	retain_document	-
NumStability.Analysis.Perturbation.LeastSquares.Equality.Perturbation	NumStability.GeneralizedQRFactorization.theorem20_8_solution_difference_relative_le_firstOrderRHS_plus_eps_sq_coefficient_of_liftedReducedGram_sourceKappaB_gramProjection_BAplus_residual_gap_small_gain_coeff_of_minimizers	public	theorem	89	-	retain_document	-
NumStability.Analysis.Perturbation.LeastSquares.Equality.Perturbation	NumStability.GeneralizedQRFactorization.theorem20_8_solution_difference_relative_le_firstOrderRHS_plus_eps_sq_coefficient_of_liftedReducedGram_sourceKappaB_gramProjection_BAplus_residual_gap_small_gain_conditions_of_minimizers	public	theorem	90	-	retain_document	-
NumStability.Analysis.Perturbation.LeastSquares.Equality.Perturbation	NumStability.GeneralizedQRFactorization.theorem20_8_solution_difference_relative_le_firstOrderRHS_plus_eps_sq_coefficient_of_liftedReducedGram_sourceKappaB_gramProjection_BAplus_residual_gap_small_gain_residualFactor_of_minimizers	public	theorem	91	-	retain_document	-
NumStability.Analysis.Perturbation.LeastSquares.Equality.Perturbation	NumStability.GeneralizedQRFactorization.theorem20_8_solution_difference_relative_le_firstOrderRHS_plus_eps_sq_coefficient_of_liftedReducedGram_sourceKappaB_gramProjection_BAplus_residual_gap_small_gain_scaled_of_minimizers	public	theorem	92	-	retain_document	-
NumStability.Analysis.Perturbation.LeastSquares.Equality.Perturbation	NumStability.GeneralizedQRFactorization.theorem20_8_solution_difference_relative_le_firstOrderRHS_plus_eps_sq_coefficient_of_liftedReducedGram_sourceKappaB_gramProjection_BAplus_residual_gap_small_gain_source_radius_of_minimizers	public	theorem	93	-	retain_document	-
NumStability.Analysis.Perturbation.LeastSquares.Equality.Perturbation	NumStability.GeneralizedQRFactorization.theorem20_8_solution_difference_relative_le_firstOrderRHS_plus_eps_sq_coefficient_of_liftedReducedGram_sourceKappaB_gramProjection_source_residual_norm_bracket	public	theorem	94	-	retain_document	-
NumStability.Analysis.Perturbation.LeastSquares.Equality.Perturbation	NumStability.GeneralizedQRFactorization.theorem20_8_solution_difference_relative_le_firstOrderRHS_plus_eps_sq_coefficient_of_liftedReducedGram_sourceKappaB_gramProjection_source_residual_norm_bracket_of_minimizers	public	theorem	95	-	retain_document	-
NumStability.Analysis.Perturbation.LeastSquares.Equality.Perturbation	NumStability.GeneralizedQRFactorization.theorem20_8_solution_difference_relative_le_firstOrderRHS_plus_eps_sq_coefficient_of_liftedReducedGram_sourceKappaB_gramProjection_source_residual_norm_residualFactor	public	theorem	96	-	retain_document	-
NumStability.Analysis.Perturbation.LeastSquares.Equality.Perturbation	NumStability.GeneralizedQRFactorization.theorem20_8_solution_difference_relative_le_firstOrderRHS_plus_eps_sq_coefficient_of_liftedReducedGram_sourceKappaB_gramProjection_source_residual_norm_residualFactor_of_minimizers	public	theorem	97	-	retain_document	-
NumStability.Analysis.Perturbation.LeastSquares.Equality.Perturbation	NumStability.GeneralizedQRFactorization.theorem20_8_solution_difference_relative_le_firstOrderRHS_plus_eps_sq_coefficient_of_liftedReducedGram_sourceKappaB_gramProjection_source_residual_norm_residualFactor_source_minus_of_minimizers	public	theorem	98	-	retain_document	-
NumStability.Analysis.Perturbation.LeastSquares.Equality.Perturbation	NumStability.GeneralizedQRFactorization.theorem20_8_solution_difference_relative_le_firstOrderRHS_plus_eps_sq_coefficient_of_liftedReducedGram_sourceKappaB_gramProjection_source_residual_relative_bracket_of_minimizers	public	theorem	99	-	retain_document	-
NumStability.Analysis.Perturbation.LeastSquares.Equality.Perturbation	NumStability.GeneralizedQRFactorization.theorem20_8_solution_difference_relative_le_firstOrderRHS_plus_eps_sq_coefficient_of_liftedReducedGram_sourceKappaB_gramProjection_source_residual_relative_residualFactor_source_minus_of_minimizers	public	theorem	100	-	retain_document	-
NumStability.Analysis.Perturbation.LeastSquares.Equality.Perturbation	NumStability.GeneralizedQRFactorization.theorem20_8_solution_difference_relative_le_firstOrderRHS_plus_eps_sq_coefficient_of_liftedReducedGram_sourceKappaB_gramProjection_wedinResidualRHS_bracket	public	theorem	101	-	retain_document	-
NumStability.Analysis.Perturbation.LeastSquares.Equality.Perturbation	NumStability.GeneralizedQRFactorization.theorem20_8_solution_difference_relative_le_firstOrderRHS_plus_eps_sq_coefficient_of_liftedReducedGram_sourceKappaB_gramProjection_wedinResidualRHS_bracket_of_minimizers	public	theorem	102	-	retain_document	-
NumStability.Analysis.Perturbation.LeastSquares.Equality.Perturbation	NumStability.GeneralizedQRFactorization.theorem20_8_solution_difference_relative_le_firstOrderRHS_plus_eps_sq_coefficient_of_liftedReducedGram_sourceKappaB_gramProjection_wedinResidualRHS_residualFactor_of_minimizers	public	theorem	103	-	retain_document	-
NumStability.Analysis.Perturbation.LeastSquares.Equality.Perturbation	NumStability.GeneralizedQRFactorization.theorem20_8_solution_difference_relative_le_firstOrderRHS_plus_eps_sq_coefficient_of_liftedReducedGram_sourceKappaB_wedinResidualRHS_bracket	public	theorem	104	-	retain_document	-
NumStability.Analysis.Perturbation.LeastSquares.Equality.Perturbation	NumStability.GeneralizedQRFactorization.theorem20_8_solution_difference_relative_le_firstOrderRHS_plus_eps_sq_coefficient_of_liftedReducedGram_source_residual_gap	public	theorem	105	-	retain_document	-
NumStability.Analysis.Perturbation.LeastSquares.Equality.Perturbation	NumStability.GeneralizedQRFactorization.theorem20_8_solution_difference_relative_le_firstOrderRHS_plus_eps_sq_coefficient_of_liftedReducedGram_source_residual_relative_bound	public	theorem	106	-	retain_document	-
NumStability.Analysis.Perturbation.LeastSquares.Equality.Perturbation	NumStability.GeneralizedQRFactorization.theorem20_8_solution_difference_relative_le_firstOrderRHS_plus_eps_sq_coefficient_of_liftedReducedGram_wedinResidualRHS	public	theorem	107	-	retain_document	-
NumStability.Analysis.Perturbation.LeastSquares.Equality.Perturbation	NumStability.GeneralizedQRFactorization.theorem20_8_solution_difference_relative_le_firstOrderRHS_plus_eps_sq_coefficient_of_liftedReducedGram_wedinResidualRHS_first_order_coeff	public	theorem	108	-	retain_document	-
NumStability.Analysis.Perturbation.LeastSquares.Equality.Perturbation	NumStability.GeneralizedQRFactorization.theorem20_8_solution_difference_relative_le_firstOrderRHS_plus_eps_sq_coefficient_of_liftedReducedGram_wedinResidualRHS_kappaB_bracket	public	theorem	109	-	retain_document	-
NumStability.Analysis.Perturbation.LeastSquares.Equality.Perturbation	NumStability.GeneralizedQRFactorization.theorem20_8_solution_difference_relative_le_firstOrderRHS_plus_eps_sq_coefficient_of_liftedReducedGram_wedinResidualRHS_scalar	public	theorem	110	-	retain_document	-
NumStability.Analysis.Perturbation.LeastSquares.Equality.Perturbation	NumStability.GeneralizedQRFactorization.wide_eq20_28_matrix_of_block_conditions	public	theorem	111	-	retain_document	-
NumStability.Analysis.Perturbation.LeastSquares.Equality.Perturbation	NumStability.GeneralizedQRFactorization.wide_eq20_28_row_action_of_block_conditions	public	theorem	112	-	retain_document	-
NumStability.Analysis.Perturbation.LeastSquares.Equality.Perturbation	NumStability.GeneralizedQRFactorization.wide_qr_assoc_case_conditions20_24_iff_diag_ne_zero	public	theorem	113	-	retain_document	-
NumStability.Analysis.Perturbation.LeastSquares.Equality.Perturbation	NumStability.GeneralizedQRFactorization.wide_qr_assoc_case_fullRowRank_stackedFullColumnRank_iff_diag_ne_zero	public	theorem	114	-	retain_document	-
NumStability.Analysis.Perturbation.LeastSquares.Equality.Perturbation	NumStability.IsLSEMinimizer.exists_lagrange_kkt_difference_eq_inverseTriple	public	theorem	115	-	retain_document	-
NumStability.Analysis.Perturbation.LeastSquares.Equality.Perturbation	NumStability.IsLSEMinimizer.exists_lagrange_kkt_difference_eq_inverseTriple_sourceNormal	public	theorem	116	-	retain_document	-
NumStability.Analysis.Perturbation.LeastSquares.Equality.Perturbation	NumStability.IsLSEMinimizer.exists_lagrange_kkt_multiplier_difference_eq_inverseMultiplierLinearMap	public	theorem	117	-	retain_document	-
NumStability.Analysis.Perturbation.LeastSquares.Equality.Perturbation	NumStability.IsLSEMinimizer.exists_lagrange_kkt_multiplier_difference_vecNorm2_le_inverseMultiplierLinearMap_split	public	theorem	118	-	retain_document	-
NumStability.Analysis.Perturbation.LeastSquares.Equality.Perturbation	NumStability.IsLSEMinimizer.exists_lagrange_kkt_perturbed_multiplier_relative_le_of_inverseMultiplierLinearMap_canonical_response_coeffs_relativeBudget_scales	public	theorem	119	-	retain_document	-
NumStability.Analysis.Perturbation.LeastSquares.Equality.Perturbation	NumStability.IsLSEMinimizer.exists_lagrange_kkt_solution_difference_eq_inverseSolutionLinearMap	public	theorem	120	-	retain_document	-
NumStability.Analysis.Perturbation.LeastSquares.Equality.Perturbation	NumStability.IsLSEMinimizer.exists_lagrange_kkt_solution_difference_eq_inverseSolutionLinearMap_split	public	theorem	121	-	retain_document	-
NumStability.Analysis.Perturbation.LeastSquares.Equality.Perturbation	NumStability.IsLSEMinimizer.exists_lagrange_kkt_solution_difference_vecNorm2_le_inverseSolutionLinearMap_split	public	theorem	122	-	retain_document	-
NumStability.Analysis.Perturbation.LeastSquares.Equality.Perturbation	NumStability.IsLSEMinimizer.exists_unique_perturbed_lse_minimizer_and_direct_data_correction_bound_of_maxRelativePerturbation_lseStackedFullColumnRank_rank_kkt_smallnessThreshold	public	theorem	123	-	retain_document	-
NumStability.Analysis.Perturbation.LeastSquares.Equality.Perturbation	NumStability.IsLSEMinimizer.exists_unique_perturbed_lse_minimizer_and_direct_data_correction_bound_sourceRightInverse_of_maxRelativePerturbation_lseStackedFullColumnRank_rank_kkt_smallnessThreshold	public	theorem	124	-	retain_document	-
NumStability.Analysis.Perturbation.LeastSquares.Equality.Perturbation	NumStability.IsLSEMinimizer.exists_unique_perturbed_lse_minimizer_and_direct_data_correction_bound_sourceRightInverse_sourceResidual_of_maxRelativePerturbation_lseStackedFullColumnRank_rank_kkt_smallnessThreshold	public	theorem	125	-	retain_document	-
NumStability.Analysis.Perturbation.LeastSquares.Equality.Perturbation	NumStability.IsLSEMinimizer.exists_unique_perturbed_lse_minimizer_and_kkt_bound_of_maxRelativePerturbation_lseStackedFullColumnRank	public	theorem	126	-	retain_document	-
NumStability.Analysis.Perturbation.LeastSquares.Equality.Perturbation	NumStability.IsLSEMinimizer.exists_unique_perturbed_lse_minimizer_and_kkt_bound_of_maxRelativePerturbation_lseStackedFullColumnRank_gainConditions	public	theorem	127	-	retain_document	-
NumStability.Analysis.Perturbation.LeastSquares.Equality.Perturbation	NumStability.IsLSEMinimizer.exists_unique_perturbed_lse_minimizer_and_kkt_bound_of_maxRelativePerturbation_lseStackedFullColumnRank_linearized_margins	public	theorem	128	-	retain_document	-
NumStability.Analysis.Perturbation.LeastSquares.Equality.Perturbation	NumStability.IsLSEMinimizer.exists_unique_perturbed_lse_minimizer_and_kkt_bound_of_maxRelativePerturbation_lseStackedFullColumnRank_linearized_smallnessCoeff	public	theorem	129	-	retain_document	-
NumStability.Analysis.Perturbation.LeastSquares.Equality.Perturbation	NumStability.IsLSEMinimizer.exists_unique_perturbed_lse_minimizer_and_kkt_bound_of_maxRelativePerturbation_lseStackedFullColumnRank_linearized_smallnessThreshold	public	theorem	130	-	retain_document	-
NumStability.Analysis.Perturbation.LeastSquares.Equality.Perturbation	NumStability.IsLSEMinimizer.exists_unique_perturbed_lse_minimizer_and_kkt_bound_of_maxRelativePerturbation_lseStackedFullColumnRank_rank_kkt_smallnessThreshold	public	theorem	131	-	retain_document	-
NumStability.Analysis.Perturbation.LeastSquares.Equality.Perturbation	NumStability.IsLSEMinimizer.exists_unique_perturbed_lse_minimizer_and_rank_tolerant_direct_data_correction_bound_of_maxRelativePerturbation_lseStackedFullColumnRank_residual_gap_additive_scaled_rank_kkt_smallnessThreshold	public	theorem	132	-	retain_document	-
NumStability.Analysis.Perturbation.LeastSquares.Equality.Perturbation	NumStability.IsLSEMinimizer.exists_unique_perturbed_lse_minimizer_and_rank_tolerant_direct_data_correction_bound_of_maxRelativePerturbation_lseStackedFullColumnRank_residual_gap_coeff	public	theorem	133	-	retain_document	-
NumStability.Analysis.Perturbation.LeastSquares.Equality.Perturbation	NumStability.IsLSEMinimizer.exists_unique_perturbed_lse_minimizer_and_rank_tolerant_direct_data_correction_bound_of_maxRelativePerturbation_lseStackedFullColumnRank_residual_gap_coeff_rank_kkt_smallnessThreshold	public	theorem	134	-	retain_document	-
NumStability.Analysis.Perturbation.LeastSquares.Equality.Perturbation	NumStability.IsLSEMinimizer.exists_unique_perturbed_lse_minimizer_and_rank_tolerant_direct_data_correction_bound_sourceRightInverse_sourceResidual_of_maxRelativePerturbation_lseStackedFullColumnRank_rank_kkt_smallnessThreshold	public	theorem	135	-	retain_document	-
NumStability.Analysis.Perturbation.LeastSquares.Equality.Perturbation	NumStability.IsLSEMinimizer.exists_unique_perturbed_lse_minimizer_and_rank_tolerant_solution_difference_bound_of_maxRelativePerturbation_lseStackedFullColumnRank_residual_gap_additive_scaled_rank_kkt_smallnessThreshold	public	theorem	136	-	retain_document	-
NumStability.Analysis.Perturbation.LeastSquares.Equality.Perturbation	NumStability.IsLSEMinimizer.exists_unique_perturbed_lse_minimizer_and_rank_tolerant_solution_difference_bound_of_maxRelativePerturbation_lseStackedFullColumnRank_residual_gap_coeff	public	theorem	137	-	retain_document	-
NumStability.Analysis.Perturbation.LeastSquares.Equality.Perturbation	NumStability.IsLSEMinimizer.exists_unique_perturbed_lse_minimizer_and_rank_tolerant_solution_difference_bound_of_maxRelativePerturbation_lseStackedFullColumnRank_residual_gap_coeff_rank_kkt_smallnessThreshold	public	theorem	138	-	retain_document	-
NumStability.Analysis.Perturbation.LeastSquares.Equality.Perturbation	NumStability.IsLSEMinimizer.exists_unique_perturbed_lse_minimizer_and_rank_tolerant_source_residual_relative_solution_difference_and_sourceResidual_kkt_bound_of_maxRelativePerturbation_lseStackedFullColumnRank_rank_kkt_smallnessThreshold	public	theorem	139	-	retain_document	-
NumStability.Analysis.Perturbation.LeastSquares.Equality.Perturbation	NumStability.IsLSEMinimizer.kkt_solution_difference_relative_le_of_inverseSolutionLinearMap_canonical_response_coeffs_relativeBudget_scales	public	theorem	140	-	retain_document	-
NumStability.Analysis.Perturbation.LeastSquares.Equality.Perturbation	NumStability.IsLSEMinimizer.kkt_solution_difference_relative_le_of_inverseSolutionLinearMap_canonical_response_coeffs_relativeBudget_sourceConstraint_scales	public	theorem	141	-	retain_document	-
NumStability.Analysis.Perturbation.LeastSquares.Equality.Perturbation	NumStability.IsLSEMinimizer.kkt_solution_difference_relative_le_of_inverseSolutionLinearMap_canonical_response_coeffs_relativeBudget_sourceResidualRatio_multiplierSmallGain_coupled	public	theorem	142	-	retain_document	-
NumStability.Analysis.Perturbation.LeastSquares.Equality.Perturbation	NumStability.IsLSEMinimizer.kkt_solution_difference_relative_le_of_inverseSolutionLinearMap_canonical_response_coeffs_relativeBudget_sourceResidual_multiplierSmallGain	public	theorem	143	-	retain_document	-
NumStability.Analysis.Perturbation.LeastSquares.Equality.Perturbation	NumStability.IsLSEMinimizer.kkt_solution_difference_relative_le_of_inverseSolutionLinearMap_canonical_response_coeffs_relativeBudget_sourceResidual_multiplierSmallGain_sourceResidualScale	public	theorem	144	-	retain_document	-
NumStability.Analysis.Perturbation.LeastSquares.Equality.Perturbation	NumStability.IsLSEMinimizer.kkt_solution_difference_relative_le_of_inverseSolutionLinearMap_canonical_response_coeffs_relativeBudget_sourceResidual_multiplierSmallGain_sourceResidualScale_coupled	public	theorem	145	-	retain_document	-
NumStability.Analysis.Perturbation.LeastSquares.Equality.Perturbation	NumStability.IsLSEMinimizer.kkt_solution_difference_relative_le_of_inverseSolutionLinearMap_canonical_response_coeffs_relativeBudget_sourceResidual_multiplierSmallGain_sourceResidualScale_relativeDifferenceBound	public	theorem	146	-	retain_document	-
NumStability.Analysis.Perturbation.LeastSquares.Equality.Perturbation	NumStability.IsLSEMinimizer.kkt_solution_difference_relative_le_of_inverseSolutionLinearMap_canonical_response_coeffs_relativeBudget_sourceResidual_multiplierSmallGain_sourceResidualScale_solutionDifferenceBound	public	theorem	147	-	retain_document	-
NumStability.Analysis.Perturbation.LeastSquares.Equality.Perturbation	NumStability.IsLSEMinimizer.kkt_solution_difference_relative_le_of_inverseSolutionLinearMap_canonical_response_coeffs_relativeBudget_sourceResidual_scales	public	theorem	148	-	retain_document	-
NumStability.Analysis.Perturbation.LeastSquares.Equality.Perturbation	NumStability.IsLSEMinimizer.kkt_solution_difference_relative_le_of_inverseSolutionLinearMap_canonical_response_coeffs_relativeBudget_sourceResidual_scales_of_multiplier	public	theorem	149	-	retain_document	-
NumStability.Analysis.Perturbation.LeastSquares.Equality.Perturbation	NumStability.IsLSEMinimizer.kkt_solution_difference_relative_le_of_inverseSolutionLinearMap_canonical_response_coeffs_relativeBudget_sourceResidual_smallGain	public	theorem	150	-	retain_document	-
NumStability.Analysis.Perturbation.LeastSquares.Equality.Perturbation	NumStability.IsLSEMinimizer.kkt_solution_difference_relative_le_of_inverseSolutionLinearMap_canonical_response_coeffs_relativeBudget_sourceResidual_smallGain_of_multiplier	public	theorem	151	-	retain_document	-
NumStability.Analysis.Perturbation.LeastSquares.Equality.Perturbation	NumStability.IsLSEMinimizer.kkt_solution_difference_relative_le_of_inverseSolutionLinearMap_response_coeffs	public	theorem	152	-	retain_document	-
NumStability.Analysis.Perturbation.LeastSquares.Equality.Perturbation	NumStability.IsLSEMinimizer.kkt_solution_difference_relative_le_of_inverseSolutionLinearMap_response_coeffs_relativeBudget_scales	public	theorem	153	-	retain_document	-
NumStability.Analysis.Perturbation.LeastSquares.Equality.Perturbation	NumStability.IsLSEMinimizer.kkt_solution_difference_relative_le_of_inverseSolutionLinearMap_split_bounds	public	theorem	154	-	retain_document	-
NumStability.Analysis.Perturbation.LeastSquares.Equality.Perturbation	NumStability.IsLSEMinimizer.kkt_solution_difference_relative_le_of_inverseSolutionLinearMap_split_coeff_bounds	public	theorem	155	-	retain_document	-
NumStability.Analysis.Perturbation.LeastSquares.Equality.Perturbation	NumStability.IsLSEMinimizer.kkt_solution_difference_relative_le_theorem20_8KKTSourceResidualRatioCoupledBound	public	theorem	156	-	retain_document	-
NumStability.Analysis.Perturbation.LeastSquares.Equality.Perturbation	NumStability.IsLSEMinimizer.kkt_solution_difference_relative_le_theorem20_8KKTSourceResidualRatioCoupledBound_of_gainConditions	public	theorem	157	-	retain_document	-
NumStability.Analysis.Perturbation.LeastSquares.Equality.Perturbation	NumStability.IsLSEMinimizer.kkt_solution_difference_relative_le_theorem20_8KKTSourceResidualRatioCoupledBound_of_linearized_margins	public	theorem	158	-	retain_document	-
NumStability.Analysis.Perturbation.LeastSquares.Equality.Perturbation	NumStability.IsLSEMinimizer.kkt_solution_difference_relative_le_theorem20_8KKTSourceResidualRatioCoupledBound_of_linearized_smallnessCoeff	public	theorem	159	-	retain_document	-
NumStability.Analysis.Perturbation.LeastSquares.Equality.Perturbation	NumStability.IsLSEMinimizer.kkt_solution_difference_relative_le_theorem20_8KKTSourceResidualRatioCoupledBound_of_linearized_smallnessThreshold	public	theorem	160	-	retain_document	-
NumStability.Analysis.Perturbation.LeastSquares.Equality.Perturbation	NumStability.IsLSEMinimizer.kkt_solution_difference_relative_le_theorem20_8KKTSourceResidualRatioCoupledBound_of_maxRelativePerturbation_lseStackedFullColumnRank	public	theorem	161	-	retain_document	-
NumStability.Analysis.Perturbation.LeastSquares.Equality.Perturbation	NumStability.IsLSEMinimizer.kkt_solution_difference_relative_le_theorem20_8KKTSourceResidualRatioCoupledBound_of_maxRelativePerturbation_lseStackedFullColumnRank_gainConditions	public	theorem	162	-	retain_document	-
NumStability.Analysis.Perturbation.LeastSquares.Equality.Perturbation	NumStability.IsLSEMinimizer.kkt_solution_difference_relative_le_theorem20_8KKTSourceResidualRatioCoupledBound_of_maxRelativePerturbation_lseStackedFullColumnRank_linearized_margins	public	theorem	163	-	retain_document	-
NumStability.Analysis.Perturbation.LeastSquares.Equality.Perturbation	NumStability.IsLSEMinimizer.kkt_solution_difference_relative_le_theorem20_8KKTSourceResidualRatioCoupledBound_of_maxRelativePerturbation_lseStackedFullColumnRank_linearized_smallnessCoeff	public	theorem	164	-	retain_document	-
NumStability.Analysis.Perturbation.LeastSquares.Equality.Perturbation	NumStability.IsLSEMinimizer.kkt_solution_difference_relative_le_theorem20_8KKTSourceResidualRatioCoupledBound_of_maxRelativePerturbation_lseStackedFullColumnRank_linearized_smallnessThreshold	public	theorem	165	-	retain_document	-
NumStability.Analysis.Perturbation.LeastSquares.Equality.Perturbation	NumStability.IsLSEMinimizer.kkt_solution_difference_vecNorm2_le_of_inverseSolutionLinearMap_split_bounds	public	theorem	166	-	retain_document	-
NumStability.Analysis.Perturbation.LeastSquares.Equality.Perturbation	NumStability.IsLSEMinimizer.theorem20_8_direct_data_correction_residual_relative_le_firstOrderRHS_plus_eps_KKTSourceResidualRatioCoupledBound_of_maxRelativePerturbation_lseStackedFullColumnRank_gainConditions	public	theorem	167	-	retain_document	-
NumStability.Analysis.Perturbation.LeastSquares.Equality.Perturbation	NumStability.IsLSEMinimizer.theorem20_8_direct_data_correction_residual_relative_le_firstOrderRHS_plus_eps_KKTSourceResidualRatioCoupledBound_sourceRightInverse_of_maxRelativePerturbation_lseStackedFullColumnRank_gainConditions	public	theorem	168	-	retain_document	-
NumStability.Analysis.Perturbation.LeastSquares.Equality.Perturbation	NumStability.IsLSEMinimizer.theorem20_8_direct_data_correction_residual_relative_le_firstOrderRHS_plus_eps_KKTSourceResidualRatioCoupledBound_sourceRightInverse_of_maxRelativePerturbation_lseStackedFullColumnRank_rank_kkt_smallnessThreshold	public	theorem	169	-	retain_document	-
NumStability.Analysis.Perturbation.LeastSquares.Equality.Perturbation	NumStability.IsLSEMinimizer.theorem20_8_direct_data_correction_residual_relative_le_firstOrderRHS_plus_eps_KKTSourceResidualRatioCoupledBound_sourceRightInverse_sourceResidual_of_maxRelativePerturbation_lseStackedFullColumnRank_rank_kkt_smallnessThreshold	public	theorem	170	-	retain_document	-
NumStability.Analysis.Perturbation.LeastSquares.Equality.Perturbation	NumStability.LSEFullRowRank.exists_theorem20_8_rank_tolerant_APplus_MP_gram_projection_kappa_pos	public	theorem	171	-	retain_document	-
NumStability.Analysis.Perturbation.LeastSquares.Equality.Perturbation	NumStability.LSEFullRowRank.exists_theorem20_8_rank_tolerant_APplus_direct_data_correction_residual_relative_le_firstOrderRHS_plus_additiveScaledResidualGap_radius_coefficient_BAplus_residual_gap_additive_scaled_of_minimizers	public	theorem	172	-	retain_document	-
NumStability.Analysis.Perturbation.LeastSquares.Equality.Perturbation	NumStability.LSEFullRowRank.exists_theorem20_8_rank_tolerant_APplus_direct_data_correction_residual_relative_le_firstOrderRHS_plus_residualGapSmallGain_additive_radius_coefficient_BAplus_residual_gap_small_gain_residualFactor_of_minimizers	public	theorem	173	-	retain_document	-
NumStability.Analysis.Perturbation.LeastSquares.Equality.Perturbation	NumStability.LSEFullRowRank.exists_theorem20_8_rank_tolerant_APplus_direct_data_correction_residual_relative_le_firstOrderRHS_plus_residualGapSmallGain_radius_coefficient_BAplus_residual_gap_small_gain_coeff_of_minimizers	public	theorem	174	-	retain_document	-
NumStability.Analysis.Perturbation.LeastSquares.Equality.Perturbation	NumStability.LSEFullRowRank.exists_theorem20_8_rank_tolerant_APplus_direct_data_correction_residual_relative_le_firstOrderRHS_plus_residualGapSmallGain_radius_coefficient_BAplus_residual_gap_small_gain_conditions_of_minimizers	public	theorem	175	-	retain_document	-
NumStability.Analysis.Perturbation.LeastSquares.Equality.Perturbation	NumStability.LSEFullRowRank.exists_theorem20_8_rank_tolerant_APplus_direct_data_correction_residual_relative_le_firstOrderRHS_plus_residualGapSmallGain_radius_coefficient_BAplus_residual_gap_small_gain_source_radius_of_minimizers	public	theorem	176	-	retain_document	-
NumStability.Analysis.Perturbation.LeastSquares.Equality.Perturbation	NumStability.LSEFullRowRank.exists_theorem20_8_rank_tolerant_APplus_direct_data_correction_residual_relative_le_firstOrderRHS_plus_residualGapSmallGain_split_radius_coefficient_BAplus_residual_gap_small_gain_residualFactor_of_minimizers	public	theorem	177	-	retain_document	-
NumStability.Analysis.Perturbation.LeastSquares.Equality.Perturbation	NumStability.LSEFullRowRank.exists_theorem20_8_rank_tolerant_APplus_direct_data_correction_residual_relative_le_firstOrderRHS_plus_residualGap_additive_residualFactor_radius_coefficient_BAplus_residual_gap_additive_residualFactor_of_minimizers	public	theorem	178	-	retain_document	-
NumStability.Analysis.Perturbation.LeastSquares.Equality.Perturbation	NumStability.LSEFullRowRank.exists_theorem20_8_rank_tolerant_APplus_direct_data_correction_residual_relative_le_firstOrderRHS_plus_residualGap_residualFactor_radius_coefficient_BAplus_residual_gap_residualFactor_of_minimizers	public	theorem	179	-	retain_document	-
NumStability.Analysis.Perturbation.LeastSquares.Equality.Perturbation	NumStability.LSEFullRowRank.exists_theorem20_8_rank_tolerant_APplus_direct_data_correction_residual_relative_le_firstOrderRHS_plus_scaledResidualGap_radius_coefficient_BAplus_residual_gap_scaled_of_minimizers	public	theorem	180	-	retain_document	-
NumStability.Analysis.Perturbation.LeastSquares.Equality.Perturbation	NumStability.LSEFullRowRank.exists_theorem20_8_rank_tolerant_APplus_direct_data_correction_residual_relative_le_firstOrderRHS_plus_smallGainScaledResidualGap_radius_coefficient_BAplus_residual_gap_small_gain_scaled_of_minimizers	public	theorem	181	-	retain_document	-
NumStability.Analysis.Perturbation.LeastSquares.Equality.Perturbation	NumStability.LSEFullRowRank.exists_theorem20_8_rank_tolerant_APplus_solution_difference_relative_le_firstOrderRHS_plus_eps_sq_coefficient_BAplus_residual_gap_additive_residualFactor_of_minimizers	public	theorem	182	-	retain_document	-
NumStability.Analysis.Perturbation.LeastSquares.Equality.Perturbation	NumStability.LSEFullRowRank.exists_theorem20_8_rank_tolerant_APplus_solution_difference_relative_le_firstOrderRHS_plus_eps_sq_coefficient_BAplus_residual_gap_additive_scaled_of_minimizers	public	theorem	183	-	retain_document	-
NumStability.Analysis.Perturbation.LeastSquares.Equality.Perturbation	NumStability.LSEFullRowRank.exists_theorem20_8_rank_tolerant_APplus_solution_difference_relative_le_firstOrderRHS_plus_eps_sq_coefficient_BAplus_residual_gap_residualFactor_of_minimizers	public	theorem	184	-	retain_document	-
NumStability.Analysis.Perturbation.LeastSquares.Equality.Perturbation	NumStability.LSEFullRowRank.exists_theorem20_8_rank_tolerant_APplus_solution_difference_relative_le_firstOrderRHS_plus_eps_sq_coefficient_BAplus_residual_gap_scaled_of_minimizers	public	theorem	185	-	retain_document	-
NumStability.Analysis.Perturbation.LeastSquares.Equality.Perturbation	NumStability.LSEFullRowRank.exists_theorem20_8_rank_tolerant_APplus_solution_difference_relative_le_firstOrderRHS_plus_eps_sq_coefficient_BAplus_residual_gap_small_gain_additive_radius_residualFactor_of_minimizers	public	theorem	186	-	retain_document	-
NumStability.Analysis.Perturbation.LeastSquares.Equality.Perturbation	NumStability.LSEFullRowRank.exists_theorem20_8_rank_tolerant_APplus_solution_difference_relative_le_firstOrderRHS_plus_eps_sq_coefficient_BAplus_residual_gap_small_gain_coeff_of_minimizers	public	theorem	187	-	retain_document	-
NumStability.Analysis.Perturbation.LeastSquares.Equality.Perturbation	NumStability.LSEFullRowRank.exists_theorem20_8_rank_tolerant_APplus_solution_difference_relative_le_firstOrderRHS_plus_eps_sq_coefficient_BAplus_residual_gap_small_gain_conditions_of_minimizers	public	theorem	188	-	retain_document	-
NumStability.Analysis.Perturbation.LeastSquares.Equality.Perturbation	NumStability.LSEFullRowRank.exists_theorem20_8_rank_tolerant_APplus_solution_difference_relative_le_firstOrderRHS_plus_eps_sq_coefficient_BAplus_residual_gap_small_gain_residualFactor_of_minimizers	public	theorem	189	-	retain_document	-
NumStability.Analysis.Perturbation.LeastSquares.Equality.Perturbation	NumStability.LSEFullRowRank.exists_theorem20_8_rank_tolerant_APplus_solution_difference_relative_le_firstOrderRHS_plus_eps_sq_coefficient_BAplus_residual_gap_small_gain_source_radius_of_minimizers	public	theorem	190	-	retain_document	-
NumStability.Analysis.Perturbation.LeastSquares.Equality.Perturbation	NumStability.LSEFullRowRank.exists_theorem20_8_rank_tolerant_APplus_solution_difference_relative_le_firstOrderRHS_plus_eps_sq_coefficient_source_residual_norm_bracket_source_minus_of_minimizers	public	theorem	191	-	retain_document	-
NumStability.Analysis.Perturbation.LeastSquares.Equality.Perturbation	NumStability.LSEFullRowRank.exists_theorem20_8_rank_tolerant_APplus_solution_difference_relative_le_firstOrderRHS_plus_eps_sq_coefficient_source_residual_norm_residualFactor_source_minus_of_minimizers	public	theorem	192	-	retain_document	-
NumStability.Analysis.Perturbation.LeastSquares.Equality.Perturbation	NumStability.LSEFullRowRank.exists_theorem20_8_rank_tolerant_APplus_solution_difference_relative_le_firstOrderRHS_plus_eps_sq_coefficient_source_residual_relative_bracket_source_minus_of_minimizers	public	theorem	193	-	retain_document	-
NumStability.Analysis.Perturbation.LeastSquares.Equality.Perturbation	NumStability.LSEFullRowRank.exists_theorem20_8_rank_tolerant_APplus_solution_difference_relative_le_firstOrderRHS_plus_eps_sq_coefficient_source_residual_relative_residualFactor_source_minus_of_minimizers	public	theorem	194	-	retain_document	-
NumStability.Analysis.Perturbation.LeastSquares.Equality.Perturbation	NumStability.LSEFullRowRank.exists_theorem20_8_rank_tolerant_APplus_solution_difference_relative_le_firstOrderRHS_plus_eps_sq_coefficient_wedinResidualRHS_residualFactor_of_minimizers	public	theorem	195	-	retain_document	-
NumStability.Analysis.Perturbation.LeastSquares.Equality.Perturbation	NumStability.LSEFullRowRank.exists_transpose_vecNorm2_lower_bound	public	theorem	196	-	retain_document	-
NumStability.Analysis.Perturbation.LeastSquares.Equality.Perturbation	NumStability.LSEFullRowRank.of_maxRelativePerturbation_lt_transposeLowerMargin	public	theorem	197	-	retain_document	-
NumStability.Analysis.Perturbation.LeastSquares.Equality.Perturbation	NumStability.LSEFullRowRank.of_relativePerturbationBudget_lt_transposeLowerMargin	public	theorem	198	-	retain_document	-
NumStability.Analysis.Perturbation.LeastSquares.Equality.Perturbation	NumStability.LSEFullRowRank.of_transpose_lower_bound_and_rectOpNorm2Le_lt	public	theorem	199	-	retain_document	-
NumStability.Analysis.Perturbation.LeastSquares.Equality.Perturbation	NumStability.LSEFullRowRank.theorem20_8_direct_data_correction_residual_relative_le_firstOrderRHS_plus_eps_sq_coefficient_of_solution_difference_bound	public	theorem	200	-	retain_document	-
NumStability.Analysis.Perturbation.LeastSquares.Equality.Perturbation	NumStability.LSEFullRowRank.theorem20_8_solution_difference_relative_le_firstOrderRHS_of_MP_gram_projection_lseStackedFullColumnRank_same_higham_residual_vecNorm2_le	public	theorem	201	-	retain_document	-
NumStability.Analysis.Perturbation.LeastSquares.Equality.Perturbation	NumStability.LSEFullRowRank.theorem20_8_solution_difference_relative_le_firstOrderRHS_of_MP_gram_projection_lseStackedFullColumnRank_source_residual_gap_op2_le	public	theorem	202	-	retain_document	-
NumStability.Analysis.Perturbation.LeastSquares.Equality.Perturbation	NumStability.LSEFullRowRank.theorem20_8_solution_difference_relative_le_firstOrderRHS_of_MP_gram_projection_lseStackedFullColumnRank_source_residual_relative_bound_op2_le	public	theorem	203	-	retain_document	-
NumStability.Analysis.Perturbation.LeastSquares.Equality.Perturbation	NumStability.LSEFullRowRank.theorem20_8_solution_difference_relative_le_firstOrderRHS_of_MP_gram_projection_lseStackedFullColumnRank_wedinResidualRHS_first_order_coeff_op2_le	public	theorem	204	-	retain_document	-
NumStability.Analysis.Perturbation.LeastSquares.Equality.Perturbation	NumStability.LSEFullRowRank.theorem20_8_solution_difference_relative_le_firstOrderRHS_of_MP_gram_projection_lseStackedFullColumnRank_wedinResidualRHS_scalar_op2_le	public	theorem	205	-	retain_document	-
NumStability.Analysis.Perturbation.LeastSquares.Equality.Perturbation	NumStability.LSEFullRowRank.theorem20_8_solution_difference_relative_le_firstOrderRHS_of_MP_transpose_range_lseStackedFullColumnRank_same_higham_residual_vecNorm2_le	public	theorem	206	-	retain_document	-
NumStability.Analysis.Perturbation.LeastSquares.Equality.Perturbation	NumStability.LSEFullRowRank.theorem20_8_solution_difference_relative_le_firstOrderRHS_of_MP_transpose_range_lseStackedFullColumnRank_source_residual_gap_op2_le	public	theorem	207	-	retain_document	-
NumStability.Analysis.Perturbation.LeastSquares.Equality.Perturbation	NumStability.LSEFullRowRank.theorem20_8_solution_difference_relative_le_firstOrderRHS_of_MP_transpose_range_lseStackedFullColumnRank_source_residual_relative_bound_op2_le	public	theorem	208	-	retain_document	-
NumStability.Analysis.Perturbation.LeastSquares.Equality.Perturbation	NumStability.LSEFullRowRank.theorem20_8_solution_difference_relative_le_firstOrderRHS_of_MP_transpose_range_lseStackedFullColumnRank_wedinResidualRHS_first_order_coeff_op2_le	public	theorem	209	-	retain_document	-
NumStability.Analysis.Perturbation.LeastSquares.Equality.Perturbation	NumStability.LSEFullRowRank.theorem20_8_solution_difference_relative_le_firstOrderRHS_of_MP_transpose_range_lseStackedFullColumnRank_wedinResidualRHS_op2_le	public	theorem	210	-	retain_document	-
NumStability.Analysis.Perturbation.LeastSquares.Equality.Perturbation	NumStability.LSEFullRowRank.theorem20_8_solution_difference_relative_le_firstOrderRHS_of_MP_transpose_range_lseStackedFullColumnRank_wedinResidualRHS_scalar_op2_le	public	theorem	211	-	retain_document	-
NumStability.Analysis.Perturbation.LeastSquares.Equality.Perturbation	NumStability.LSEFullRowRank.theorem20_8_solution_difference_relative_le_firstOrderRHS_of_source_residual_gap_op2_le	public	theorem	212	-	retain_document	-
NumStability.Analysis.Perturbation.LeastSquares.Equality.Perturbation	NumStability.LSEFullRowRank.theorem20_8_solution_difference_relative_le_firstOrderRHS_plus_eps_sq_coefficient_of_MP_gram_projection_lseStackedFullColumnRank_reduced_difference_eq	public	theorem	213	-	retain_document	-
NumStability.Analysis.Perturbation.LeastSquares.Equality.Perturbation	NumStability.LSEFullRowRank.theorem20_8_solution_difference_relative_le_firstOrderRHS_plus_eps_sq_coefficient_of_MP_gram_projection_lseStackedFullColumnRank_same_higham_residual_vecNorm2_le	public	theorem	214	-	retain_document	-
NumStability.Analysis.Perturbation.LeastSquares.Equality.Perturbation	NumStability.LSEFullRowRank.theorem20_8_solution_difference_relative_le_firstOrderRHS_plus_eps_sq_coefficient_of_MP_gram_projection_lseStackedFullColumnRank_source_residual_gap_op2_le	public	theorem	215	-	retain_document	-
NumStability.Analysis.Perturbation.LeastSquares.Equality.Perturbation	NumStability.LSEFullRowRank.theorem20_8_solution_difference_relative_le_firstOrderRHS_plus_eps_sq_coefficient_of_MP_gram_projection_lseStackedFullColumnRank_source_residual_norm_residualFactor_of_minimizers	public	theorem	216	-	retain_document	-
NumStability.Analysis.Perturbation.LeastSquares.Equality.Perturbation	NumStability.LSEFullRowRank.theorem20_8_solution_difference_relative_le_firstOrderRHS_plus_eps_sq_coefficient_of_MP_gram_projection_lseStackedFullColumnRank_source_residual_norm_residualFactor_source_minus_of_minimizers	public	theorem	217	-	retain_document	-
NumStability.Analysis.Perturbation.LeastSquares.Equality.Perturbation	NumStability.LSEFullRowRank.theorem20_8_solution_difference_relative_le_firstOrderRHS_plus_eps_sq_coefficient_of_MP_gram_projection_lseStackedFullColumnRank_source_residual_relative_bound_op2_le	public	theorem	218	-	retain_document	-
NumStability.Analysis.Perturbation.LeastSquares.Equality.Perturbation	NumStability.LSEFullRowRank.theorem20_8_solution_difference_relative_le_firstOrderRHS_plus_eps_sq_coefficient_of_MP_gram_projection_lseStackedFullColumnRank_wedinResidualRHS_first_order_coeff_op2_le	public	theorem	219	-	retain_document	-
NumStability.Analysis.Perturbation.LeastSquares.Equality.Perturbation	NumStability.LSEFullRowRank.theorem20_8_solution_difference_relative_le_firstOrderRHS_plus_eps_sq_coefficient_of_MP_gram_projection_lseStackedFullColumnRank_wedinResidualRHS_scalar_op2_le	public	theorem	220	-	retain_document	-
NumStability.Analysis.Perturbation.LeastSquares.Equality.Perturbation	NumStability.LSEFullRowRank.theorem20_8_solution_difference_relative_le_firstOrderRHS_plus_eps_sq_coefficient_of_MP_gram_projection_nullIntersection_reduced_difference_eq	public	theorem	221	-	retain_document	-
NumStability.Analysis.Perturbation.LeastSquares.Equality.Perturbation	NumStability.LSEFullRowRank.theorem20_8_solution_difference_relative_le_firstOrderRHS_plus_eps_sq_coefficient_of_MP_matrix_range_null_nullIntersection_reduced_difference_eq	public	theorem	222	-	retain_document	-
NumStability.Analysis.Perturbation.LeastSquares.Equality.Perturbation	NumStability.LSEFullRowRank.theorem20_8_solution_difference_relative_le_firstOrderRHS_plus_eps_sq_coefficient_of_MP_projection_range_nullIntersection_reduced_difference_eq	public	theorem	223	-	retain_document	-
NumStability.Analysis.Perturbation.LeastSquares.Equality.Perturbation	NumStability.LSEFullRowRank.theorem20_8_solution_difference_relative_le_firstOrderRHS_plus_eps_sq_coefficient_of_MP_transpose_range_lseStackedFullColumnRank_reduced_difference_eq	public	theorem	224	-	retain_document	-
NumStability.Analysis.Perturbation.LeastSquares.Equality.Perturbation	NumStability.LSEFullRowRank.theorem20_8_solution_difference_relative_le_firstOrderRHS_plus_eps_sq_coefficient_of_MP_transpose_range_lseStackedFullColumnRank_same_higham_residual_vecNorm2_le	public	theorem	225	-	retain_document	-
NumStability.Analysis.Perturbation.LeastSquares.Equality.Perturbation	NumStability.LSEFullRowRank.theorem20_8_solution_difference_relative_le_firstOrderRHS_plus_eps_sq_coefficient_of_MP_transpose_range_lseStackedFullColumnRank_source_residual_gap_op2_le	public	theorem	226	-	retain_document	-
NumStability.Analysis.Perturbation.LeastSquares.Equality.Perturbation	NumStability.LSEFullRowRank.theorem20_8_solution_difference_relative_le_firstOrderRHS_plus_eps_sq_coefficient_of_MP_transpose_range_lseStackedFullColumnRank_source_residual_relative_bound_op2_le	public	theorem	227	-	retain_document	-
NumStability.Analysis.Perturbation.LeastSquares.Equality.Perturbation	NumStability.LSEFullRowRank.theorem20_8_solution_difference_relative_le_firstOrderRHS_plus_eps_sq_coefficient_of_MP_transpose_range_lseStackedFullColumnRank_wedinResidualRHS_first_order_coeff_op2_le	public	theorem	228	-	retain_document	-
NumStability.Analysis.Perturbation.LeastSquares.Equality.Perturbation	NumStability.LSEFullRowRank.theorem20_8_solution_difference_relative_le_firstOrderRHS_plus_eps_sq_coefficient_of_MP_transpose_range_lseStackedFullColumnRank_wedinResidualRHS_op2_le	public	theorem	229	-	retain_document	-
NumStability.Analysis.Perturbation.LeastSquares.Equality.Perturbation	NumStability.LSEFullRowRank.theorem20_8_solution_difference_relative_le_firstOrderRHS_plus_eps_sq_coefficient_of_MP_transpose_range_lseStackedFullColumnRank_wedinResidualRHS_scalar_op2_le	public	theorem	230	-	retain_document	-
NumStability.Analysis.Perturbation.LeastSquares.Equality.Perturbation	NumStability.LSEFullRowRank.theorem20_8_solution_difference_relative_le_firstOrderRHS_plus_eps_sq_coefficient_of_MP_transpose_range_null_nullIntersection_reduced_difference_eq	public	theorem	231	-	retain_document	-
NumStability.Analysis.Perturbation.LeastSquares.Equality.Perturbation	NumStability.LSEFullRowRank.theorem20_8_solution_difference_relative_le_firstOrderRHS_plus_eps_sq_coefficient_of_gram_MP_gram_projection_lseStackedFullColumnRank_same_higham_residual_vecNorm2_le	public	theorem	232	-	retain_document	-
NumStability.Analysis.Perturbation.LeastSquares.Equality.Perturbation	NumStability.LSEFullRowRank.theorem20_8_solution_difference_relative_le_firstOrderRHS_plus_eps_sq_coefficient_of_gram_MP_gram_projection_lseStackedFullColumnRank_source_residual_gap_op2_le	public	theorem	233	-	retain_document	-
NumStability.Analysis.Perturbation.LeastSquares.Equality.Perturbation	NumStability.LSEFullRowRank.theorem20_8_solution_difference_relative_le_firstOrderRHS_plus_eps_sq_coefficient_of_gram_MP_matrix_range_null_nullIntersection_reduced_difference_eq	public	theorem	234	-	retain_document	-
NumStability.Analysis.Perturbation.LeastSquares.Equality.Perturbation	NumStability.LSEFullRowRank.theorem20_8_solution_difference_relative_le_firstOrderRHS_plus_eps_sq_coefficient_of_gram_MP_projection_range_nullIntersection_reduced_difference_eq	public	theorem	235	-	retain_document	-
NumStability.Analysis.Perturbation.LeastSquares.Equality.Perturbation	NumStability.LSEFullRowRank.theorem20_8_solution_difference_relative_le_firstOrderRHS_plus_eps_sq_coefficient_of_gram_MP_transpose_range_null_nullIntersection_reduced_difference_eq	public	theorem	236	-	retain_document	-
NumStability.Analysis.Perturbation.LeastSquares.Equality.Perturbation	NumStability.LSEFullRowRank.theorem20_8_solution_difference_relative_le_firstOrderRHS_plus_eps_sq_coefficient_of_reduced_difference_eq	public	theorem	237	-	retain_document	-
NumStability.Analysis.Perturbation.LeastSquares.Equality.Perturbation	NumStability.LSEFullRowRank.theorem20_8_solution_difference_relative_le_firstOrderRHS_plus_eps_sq_coefficient_of_same_higham_residual_vecNorm2_le	public	theorem	238	-	retain_document	-
NumStability.Analysis.Perturbation.LeastSquares.Equality.Perturbation	NumStability.LSEFullRowRank.theorem20_8_solution_difference_relative_le_firstOrderRHS_plus_eps_sq_coefficient_of_same_source_residual_reduced_difference_eq	public	theorem	239	-	retain_document	-
NumStability.Analysis.Perturbation.LeastSquares.Equality.Perturbation	NumStability.LSEFullRowRank.theorem20_8_solution_difference_relative_le_firstOrderRHS_plus_eps_sq_coefficient_of_source_residual_gap_op2_le	public	theorem	240	-	retain_document	-
NumStability.Analysis.Perturbation.LeastSquares.Equality.Perturbation	NumStability.LSEFullRowRank.theorem20_8_vecNorm2_A_BAplus_constraint_defect_le_of_relativeBudget_op2	public	theorem	241	-	retain_document	-
NumStability.Analysis.Perturbation.LeastSquares.Equality.Perturbation	NumStability.LSEFullRowRank.theorem20_8_vecNorm2_BAplus_constraint_defect_le_of_relativeBudget_op2	public	theorem	242	-	retain_document	-
NumStability.Analysis.Perturbation.LeastSquares.Equality.Perturbation	NumStability.LSEFullRowRank.theorem20_8_vecNorm2_BAplus_split_constraint_defect_le_of_relativeBudget_op2	public	theorem	243	-	retain_document	-
NumStability.Analysis.Perturbation.LeastSquares.Equality.Perturbation	NumStability.LSEFullRowRank.theorem20_8_vecNorm2_perturbed_residual_correction_BAplus_split_le_of_relativeBudget_op2	public	theorem	244	-	retain_document	-
NumStability.Analysis.Perturbation.LeastSquares.Equality.Perturbation	NumStability.LSEFullRowRank.theorem20_8_vecNorm2_solution_difference_residual_forcing_le_of_maxRelativePerturbation_op2	public	theorem	245	-	retain_document	-
NumStability.Analysis.Perturbation.LeastSquares.Equality.Perturbation	NumStability.LSEFullRowRank.theorem20_8_vecNorm2_solution_difference_residual_forcing_le_of_relativeBudget_op2	public	theorem	246	-	retain_document	-
NumStability.Analysis.Perturbation.LeastSquares.Equality.Perturbation	NumStability.LSEFullRowRank.theorem20_8_vecNorm2_solution_difference_same_source_residual_le_firstOrderRHS_scaled_of_vecNorm2_le	public	theorem	247	-	retain_document	-
NumStability.Analysis.Perturbation.LeastSquares.Equality.Perturbation	NumStability.LSEFullRowRank.theorem20_8_vecNorm2_solution_difference_same_source_residual_le_of_maxRelativePerturbation_op2	public	theorem	248	-	retain_document	-
NumStability.Analysis.Perturbation.LeastSquares.Equality.Perturbation	NumStability.LSEFullRowRank.theorem20_8_vecNorm2_solution_difference_source_residual_forcing_le_of_maxRelativePerturbation_op2	public	theorem	249	-	retain_document	-
NumStability.Analysis.Perturbation.LeastSquares.Equality.Perturbation	NumStability.LSEFullRowRank.theorem20_8_vecNorm2_solution_difference_source_residual_gap_le_of_maxRelativePerturbation_op2	public	theorem	250	-	retain_document	-
NumStability.Analysis.Perturbation.LeastSquares.Equality.Perturbation	NumStability.LSEFullRowRank.transposeVecNorm2LowerMargin	public	definition	251	-	retain_document	-
NumStability.Analysis.Perturbation.LeastSquares.Equality.Perturbation	NumStability.LSEFullRowRank.transposeVecNorm2LowerMargin_lower_bound	public	theorem	252	-	retain_document	-
NumStability.Analysis.Perturbation.LeastSquares.Equality.Perturbation	NumStability.LSEFullRowRank.transposeVecNorm2LowerMargin_pos	public	theorem	253	-	retain_document	-
NumStability.Analysis.Perturbation.LeastSquares.Equality.Perturbation	NumStability.LSEKKTInverseLinearMap	public	definition	254	-	retain_document	-
NumStability.Analysis.Perturbation.LeastSquares.Equality.Perturbation	NumStability.LSEKKTInverseLinearMap_apply_eq_inverseTriple	public	theorem	255	-	retain_document	-
NumStability.Analysis.Perturbation.LeastSquares.Equality.Perturbation	NumStability.LSEKKTInverseLinearMap_left_inverse	public	theorem	256	-	retain_document	-
NumStability.Analysis.Perturbation.LeastSquares.Equality.Perturbation	NumStability.LSEKKTInverseLinearMap_right_inverse	public	theorem	257	-	retain_document	-
NumStability.Analysis.Perturbation.LeastSquares.Equality.Perturbation	NumStability.LSEKKTInverseMultiplierConstrCoeff	public	definition	258	-	retain_document	-
NumStability.Analysis.Perturbation.LeastSquares.Equality.Perturbation	NumStability.LSEKKTInverseMultiplierConstrCoeff_nonneg	public	theorem	259	-	retain_document	-
NumStability.Analysis.Perturbation.LeastSquares.Equality.Perturbation	NumStability.LSEKKTInverseMultiplierConstrLinearMap	public	definition	260	-	retain_document	-
NumStability.Analysis.Perturbation.LeastSquares.Equality.Perturbation	NumStability.LSEKKTInverseMultiplierConstrLinearMap_vecNorm2_le_coeff	public	theorem	261	-	retain_document	-
NumStability.Analysis.Perturbation.LeastSquares.Equality.Perturbation	NumStability.LSEKKTInverseMultiplierDataCoeff	public	definition	262	-	retain_document	-
NumStability.Analysis.Perturbation.LeastSquares.Equality.Perturbation	NumStability.LSEKKTInverseMultiplierDataCoeff_nonneg	public	theorem	263	-	retain_document	-
NumStability.Analysis.Perturbation.LeastSquares.Equality.Perturbation	NumStability.LSEKKTInverseMultiplierDataLinearMap	public	definition	264	-	retain_document	-
NumStability.Analysis.Perturbation.LeastSquares.Equality.Perturbation	NumStability.LSEKKTInverseMultiplierDataLinearMap_vecNorm2_le_coeff	public	theorem	265	-	retain_document	-
NumStability.Analysis.Perturbation.LeastSquares.Equality.Perturbation	NumStability.LSEKKTInverseMultiplierLinearMap	public	definition	266	-	retain_document	-
NumStability.Analysis.Perturbation.LeastSquares.Equality.Perturbation	NumStability.LSEKKTInverseMultiplierLinearMap_apply	public	theorem	267	-	retain_document	-
NumStability.Analysis.Perturbation.LeastSquares.Equality.Perturbation	NumStability.LSEKKTInverseMultiplierLinearMap_apply_split	public	theorem	268	-	retain_document	-
NumStability.Analysis.Perturbation.LeastSquares.Equality.Perturbation	NumStability.LSEKKTInverseMultiplierLinearMap_vecNorm2_le_of_split_bounds	public	theorem	269	-	retain_document	-
NumStability.Analysis.Perturbation.LeastSquares.Equality.Perturbation	NumStability.LSEKKTInverseMultiplierLinearMap_vecNorm2_le_split	public	theorem	270	-	retain_document	-
NumStability.Analysis.Perturbation.LeastSquares.Equality.Perturbation	NumStability.LSEKKTInverseMultiplierStatCoeff	public	definition	271	-	retain_document	-
NumStability.Analysis.Perturbation.LeastSquares.Equality.Perturbation	NumStability.LSEKKTInverseMultiplierStatCoeff_nonneg	public	theorem	272	-	retain_document	-
NumStability.Analysis.Perturbation.LeastSquares.Equality.Perturbation	NumStability.LSEKKTInverseMultiplierStatLinearMap	public	definition	273	-	retain_document	-
NumStability.Analysis.Perturbation.LeastSquares.Equality.Perturbation	NumStability.LSEKKTInverseMultiplierStatLinearMap_vecNorm2_le_coeff	public	theorem	274	-	retain_document	-
NumStability.Analysis.Perturbation.LeastSquares.Equality.Perturbation	NumStability.LSEKKTInverseResidualLinearMap	public	definition	275	-	retain_document	-
NumStability.Analysis.Perturbation.LeastSquares.Equality.Perturbation	NumStability.LSEKKTInverseResidualLinearMap_apply	public	theorem	276	-	retain_document	-
NumStability.Analysis.Perturbation.LeastSquares.Equality.Perturbation	NumStability.LSEKKTInverseSolutionConstrCoeff	public	definition	277	-	retain_document	-
NumStability.Analysis.Perturbation.LeastSquares.Equality.Perturbation	NumStability.LSEKKTInverseSolutionConstrCoeff_nonneg	public	theorem	278	-	retain_document	-
NumStability.Analysis.Perturbation.LeastSquares.Equality.Perturbation	NumStability.LSEKKTInverseSolutionConstrLinearMap	public	definition	279	-	retain_document	-
NumStability.Analysis.Perturbation.LeastSquares.Equality.Perturbation	NumStability.LSEKKTInverseSolutionConstrLinearMap_vecNorm2_le_coeff	public	theorem	280	-	retain_document	-
NumStability.Analysis.Perturbation.LeastSquares.Equality.Perturbation	NumStability.LSEKKTInverseSolutionDataCoeff	public	definition	281	-	retain_document	-
NumStability.Analysis.Perturbation.LeastSquares.Equality.Perturbation	NumStability.LSEKKTInverseSolutionDataCoeff_nonneg	public	theorem	282	-	retain_document	-
NumStability.Analysis.Perturbation.LeastSquares.Equality.Perturbation	NumStability.LSEKKTInverseSolutionDataLinearMap	public	definition	283	-	retain_document	-
NumStability.Analysis.Perturbation.LeastSquares.Equality.Perturbation	NumStability.LSEKKTInverseSolutionDataLinearMap_vecNorm2_le_coeff	public	theorem	284	-	retain_document	-
NumStability.Analysis.Perturbation.LeastSquares.Equality.Perturbation	NumStability.LSEKKTInverseSolutionLinearMap	public	definition	285	-	retain_document	-
NumStability.Analysis.Perturbation.LeastSquares.Equality.Perturbation	NumStability.LSEKKTInverseSolutionLinearMap_apply	public	theorem	286	-	retain_document	-
NumStability.Analysis.Perturbation.LeastSquares.Equality.Perturbation	NumStability.LSEKKTInverseSolutionLinearMap_apply_split	public	theorem	287	-	retain_document	-
NumStability.Analysis.Perturbation.LeastSquares.Equality.Perturbation	NumStability.LSEKKTInverseSolutionLinearMap_vecNorm2_le_of_split_bounds	public	theorem	288	-	retain_document	-
NumStability.Analysis.Perturbation.LeastSquares.Equality.Perturbation	NumStability.LSEKKTInverseSolutionLinearMap_vecNorm2_le_split	public	theorem	289	-	retain_document	-
NumStability.Analysis.Perturbation.LeastSquares.Equality.Perturbation	NumStability.LSEKKTInverseSolutionStatCoeff	public	definition	290	-	retain_document	-
NumStability.Analysis.Perturbation.LeastSquares.Equality.Perturbation	NumStability.LSEKKTInverseSolutionStatCoeff_nonneg	public	theorem	291	-	retain_document	-
NumStability.Analysis.Perturbation.LeastSquares.Equality.Perturbation	NumStability.LSEKKTInverseSolutionStatLinearMap	public	definition	292	-	retain_document	-
NumStability.Analysis.Perturbation.LeastSquares.Equality.Perturbation	NumStability.LSEKKTInverseSolutionStatLinearMap_vecNorm2_le_coeff	public	theorem	293	-	retain_document	-
NumStability.Analysis.Perturbation.LeastSquares.Equality.Perturbation	NumStability.LSEKKTInverseTriple	public	definition	294	-	retain_document	-
NumStability.Analysis.Perturbation.LeastSquares.Equality.Perturbation	NumStability.LSEKKTInverseTriple_add	public	theorem	295	-	retain_document	-
NumStability.Analysis.Perturbation.LeastSquares.Equality.Perturbation	NumStability.LSEKKTInverseTriple_eq_of_system	public	theorem	296	-	retain_document	-
NumStability.Analysis.Perturbation.LeastSquares.Equality.Perturbation	NumStability.LSEKKTInverseTriple_linearMap_eq	public	theorem	297	-	retain_document	-
NumStability.Analysis.Perturbation.LeastSquares.Equality.Perturbation	NumStability.LSEKKTInverseTriple_smul	public	theorem	298	-	retain_document	-
NumStability.Analysis.Perturbation.LeastSquares.Equality.Perturbation	NumStability.LSEKKTInverseTriple_system	public	theorem	299	-	retain_document	-
NumStability.Analysis.Perturbation.LeastSquares.Equality.Perturbation	NumStability.LSEKKTLinearEquiv	public	definition	300	-	retain_document	-
NumStability.Analysis.Perturbation.LeastSquares.Equality.Perturbation	NumStability.LSEKKTLinearMap.injective_of_conditions	public	theorem	301	-	retain_document	-
NumStability.Analysis.Perturbation.LeastSquares.Equality.Perturbation	NumStability.LSEKKTSystem.exists_solution_of_conditions	public	theorem	302	-	retain_document	-
NumStability.Analysis.Perturbation.LeastSquares.Equality.Perturbation	NumStability.LSEKKTSystem.exists_unique_solution_of_conditions	public	theorem	303	-	retain_document	-
NumStability.Analysis.Perturbation.LeastSquares.Equality.Perturbation	NumStability.LSEKKTSystem.solution_unique_of_conditions	public	theorem	304	-	retain_document	-
NumStability.Analysis.Perturbation.LeastSquares.Equality.Perturbation	NumStability.LSEStackedFullColumnRank.exists_vecNorm2_lower_bound	public	theorem	305	-	retain_document	-
NumStability.Analysis.Perturbation.LeastSquares.Equality.Perturbation	NumStability.LSEStackedFullColumnRank.of_lower_bound_and_rectOpNorm2Le_lt	public	theorem	306	-	retain_document	-
NumStability.Analysis.Perturbation.LeastSquares.Equality.Perturbation	NumStability.LSEStackedFullColumnRank.of_maxRelativePerturbation_lt_lowerMargin	public	theorem	307	-	retain_document	-
NumStability.Analysis.Perturbation.LeastSquares.Equality.Perturbation	NumStability.LSEStackedFullColumnRank.of_relativePerturbationBudget_lt_lowerMargin	public	theorem	308	-	retain_document	-
NumStability.Analysis.Perturbation.LeastSquares.Equality.Perturbation	NumStability.LSEStackedFullColumnRank.vecNorm2LowerMargin	public	definition	309	-	retain_document	-
NumStability.Analysis.Perturbation.LeastSquares.Equality.Perturbation	NumStability.LSEStackedFullColumnRank.vecNorm2LowerMargin_lower_bound	public	theorem	310	-	retain_document	-
NumStability.Analysis.Perturbation.LeastSquares.Equality.Perturbation	NumStability.LSEStackedFullColumnRank.vecNorm2LowerMargin_pos	public	theorem	311	-	retain_document	-
NumStability.Analysis.Perturbation.LeastSquares.Equality.Perturbation	NumStability.exists_lse_minimizer_of_fullRowRank_stackedFullColumnRank	public	theorem	312	-	retain_document	-
NumStability.Analysis.Perturbation.LeastSquares.Equality.Perturbation	NumStability.exists_unique_lse_minimizer_of_fullRowRank_stackedFullColumnRank	public	theorem	313	-	retain_document	-
NumStability.Analysis.Perturbation.LeastSquares.Equality.Perturbation	NumStability.gqrAQ2Block_exists_full_perturbation_of_trailing_delta	public	theorem	314	-	retain_document	-
NumStability.Analysis.Perturbation.LeastSquares.Equality.Perturbation	NumStability.gqrSourceAFromBlocks_L22_perturbation_eq	public	theorem	315	-	retain_document	-
NumStability.Analysis.Perturbation.LeastSquares.Equality.Perturbation	NumStability.gqrSourceAFromBlocks_L22_perturbation_frobNorm_eq	public	theorem	316	-	retain_document	-
NumStability.Analysis.Perturbation.LeastSquares.Equality.Perturbation	NumStability.gqrSourceBFromBlocks_perturbation_eq	public	theorem	317	-	retain_document	-
NumStability.Analysis.Perturbation.LeastSquares.Equality.Perturbation	NumStability.gqrSourceBFromBlocks_perturbation_frobNorm_eq	public	theorem	318	-	retain_document	-
NumStability.Analysis.Perturbation.LeastSquares.Equality.Perturbation	NumStability.lseConstraintResidual_normSq_le_of_weightedObjective_le	public	theorem	319	-	retain_document	-
NumStability.Analysis.Perturbation.LeastSquares.Equality.Perturbation	NumStability.lseConstraintResidual_norm_le_sqrt_div_of_weightedObjective_le	public	theorem	320	-	retain_document	-
NumStability.Analysis.Perturbation.LeastSquares.Equality.Perturbation	NumStability.lseWeightedConstraintPenalty_le_objective	public	theorem	321	-	retain_document	-
NumStability.Analysis.Perturbation.LeastSquares.Equality.Perturbation	NumStability.lseWeightedMatrix	public	definition	322	-	retain_document	-
NumStability.Analysis.Perturbation.LeastSquares.Equality.Perturbation	NumStability.lseWeightedMatrix_mulVec	public	theorem	323	-	retain_document	-
NumStability.Analysis.Perturbation.LeastSquares.Equality.Perturbation	NumStability.lseWeightedMinimizer_constraintResidual_normSq_le_feasibleObjective_div_mu_sq	public	theorem	324	-	retain_document	-
NumStability.Analysis.Perturbation.LeastSquares.Equality.Perturbation	NumStability.lseWeightedMinimizer_constraintResidual_normSq_tendsto_zero_of_inv_mu_sq	public	theorem	325	-	retain_document	-
NumStability.Analysis.Perturbation.LeastSquares.Equality.Perturbation	NumStability.lseWeightedMinimizer_constraintResidual_norm_tendsto_zero_of_inv_mu_sq	public	theorem	326	-	retain_document	-
NumStability.Analysis.Perturbation.LeastSquares.Equality.Perturbation	NumStability.lseWeightedMinimizer_exists_unique_lseMinimizer_tendsto_of_inv_mu_sq	public	theorem	327	-	retain_document	-
NumStability.Analysis.Perturbation.LeastSquares.Equality.Perturbation	NumStability.lseWeightedMinimizer_exists_unique_lseMinimizer_tendsto_of_lseStackedFullColumnRank_of_inv_mu_sq	public	theorem	328	-	retain_document	-
NumStability.Analysis.Perturbation.LeastSquares.Equality.Perturbation	NumStability.lseWeightedMinimizer_objective_le_feasibleObjective	public	theorem	329	-	retain_document	-
NumStability.Analysis.Perturbation.LeastSquares.Equality.Perturbation	NumStability.lseWeightedMinimizer_objective_le_lseMinimizer	public	theorem	330	-	retain_document	-
NumStability.Analysis.Perturbation.LeastSquares.Equality.Perturbation	NumStability.lseWeightedMinimizer_tendsto_isLSEMinimizer_of_constraintResidual_tendsto_zero	public	theorem	331	-	retain_document	-
NumStability.Analysis.Perturbation.LeastSquares.Equality.Perturbation	NumStability.lseWeightedMinimizer_tendsto_isLSEMinimizer_of_inv_mu_sq	public	theorem	332	-	retain_document	-
NumStability.Analysis.Perturbation.LeastSquares.Equality.Perturbation	NumStability.lseWeightedMinimizer_tendsto_unique_lseMinimizer_of_inv_mu_sq	public	theorem	333	-	retain_document	-
NumStability.Analysis.Perturbation.LeastSquares.Equality.Perturbation	NumStability.lseWeightedMinimizer_tendsto_unique_lseMinimizer_of_lseStackedFullColumnRank_of_inv_mu_sq	public	theorem	334	-	retain_document	-
NumStability.Analysis.Perturbation.LeastSquares.Equality.Perturbation	NumStability.lseWeightedObjective_eq	public	theorem	335	-	retain_document	-
NumStability.Analysis.Perturbation.LeastSquares.Equality.Perturbation	NumStability.lseWeightedObjective_eq_of_feasible	public	theorem	336	-	retain_document	-
NumStability.Analysis.Perturbation.LeastSquares.Equality.Perturbation	NumStability.lseWeightedResidual_eq	public	theorem	337	-	retain_document	-
NumStability.Analysis.Perturbation.LeastSquares.Equality.Perturbation	NumStability.lseWeightedRhs	public	definition	338	-	retain_document	-
NumStability.Analysis.Perturbation.LeastSquares.Equality.Perturbation	NumStability.problem20_11_unconstrained_firstOrderRHS_le_wedin_first_order	public	theorem	339	-	retain_document	-
NumStability.Analysis.Perturbation.LeastSquares.Equality.Perturbation	NumStability.rectOpNorm2Le_lseStackedMatrix_of_frobNormRect_bounds	public	theorem	340	-	retain_document	-
NumStability.Analysis.Perturbation.LeastSquares.Equality.Perturbation	NumStability.theorem20_8BAplusResidualGapSmallGainConditions	public	definition	341	-	retain_document	-
NumStability.Analysis.Perturbation.LeastSquares.Equality.Perturbation	NumStability.theorem20_8BAplusResidualGapSmallGainConditions_of_source_radius	public	theorem	342	-	retain_document	-
NumStability.Analysis.Perturbation.LeastSquares.Equality.Perturbation	NumStability.theorem20_8BAplusResidualGapSmallGainConditions_of_source_radius_coeff	public	theorem	343	-	retain_document	-
NumStability.Analysis.Perturbation.LeastSquares.Equality.Perturbation	NumStability.theorem20_8KKTCoupledSelfCoeff	public	definition	344	-	retain_document	-
NumStability.Analysis.Perturbation.LeastSquares.Equality.Perturbation	NumStability.theorem20_8KKTLinearizedGainSmallnessCoeff	public	definition	345	-	retain_document	-
NumStability.Analysis.Perturbation.LeastSquares.Equality.Perturbation	NumStability.theorem20_8KKTLinearizedGainSmallnessCoeff_eps_mul_lt_one_of_eps_lt_threshold	public	theorem	346	-	retain_document	-
NumStability.Analysis.Perturbation.LeastSquares.Equality.Perturbation	NumStability.theorem20_8KKTLinearizedGainSmallnessCoeff_ge_one	public	theorem	347	-	retain_document	-
NumStability.Analysis.Perturbation.LeastSquares.Equality.Perturbation	NumStability.theorem20_8KKTLinearizedGainSmallnessThreshold	public	definition	348	-	retain_document	-
NumStability.Analysis.Perturbation.LeastSquares.Equality.Perturbation	NumStability.theorem20_8KKTLinearizedGainSmallnessThreshold_pos	public	theorem	349	-	retain_document	-
NumStability.Analysis.Perturbation.LeastSquares.Equality.Perturbation	NumStability.theorem20_8KKTMultiplierSelfLinearCoeff	public	definition	350	-	retain_document	-
NumStability.Analysis.Perturbation.LeastSquares.Equality.Perturbation	NumStability.theorem20_8KKTMultiplierSelfLinearCoeff_nonneg	public	theorem	351	-	retain_document	-
NumStability.Analysis.Perturbation.LeastSquares.Equality.Perturbation	NumStability.theorem20_8KKTMultiplierSelfNumerator_le_linear_of_eps_le_one	public	theorem	352	-	retain_document	-
NumStability.Analysis.Perturbation.LeastSquares.Equality.Perturbation	NumStability.theorem20_8KKTMultiplierSmallGainScale	public	definition	353	-	retain_document	-
NumStability.Analysis.Perturbation.LeastSquares.Equality.Perturbation	NumStability.theorem20_8KKTMultiplierSmallGainScale_one_add_eq	public	theorem	354	-	retain_document	-
NumStability.Analysis.Perturbation.LeastSquares.Equality.Perturbation	NumStability.theorem20_8KKTMultiplierSmallGainSelfCoeff	public	definition	355	-	retain_document	-
NumStability.Analysis.Perturbation.LeastSquares.Equality.Perturbation	NumStability.theorem20_8KKTMultiplierSmallGainSelfCoeff_le_two_mul_linear_of_eps_le_one_of_gain_le_half	public	theorem	356	-	retain_document	-
NumStability.Analysis.Perturbation.LeastSquares.Equality.Perturbation	NumStability.theorem20_8KKTMultiplierSmallGainSelfCoeff_lt_one_of_two_mul_eps_mul_linearCoeff_lt_one	public	theorem	357	-	retain_document	-
NumStability.Analysis.Perturbation.LeastSquares.Equality.Perturbation	NumStability.theorem20_8KKTSolutionSelfCoeff	public	definition	358	-	retain_document	-
NumStability.Analysis.Perturbation.LeastSquares.Equality.Perturbation	NumStability.theorem20_8KKTSolutionSelfCoeff_le_linear_of_eps_le_one	public	theorem	359	-	retain_document	-
NumStability.Analysis.Perturbation.LeastSquares.Equality.Perturbation	NumStability.theorem20_8KKTSolutionSelfCoeff_lt_one_of_eps_mul_linearCoeff_lt_one	public	theorem	360	-	retain_document	-
NumStability.Analysis.Perturbation.LeastSquares.Equality.Perturbation	NumStability.theorem20_8KKTSolutionSelfLinearCoeff	public	definition	361	-	retain_document	-
NumStability.Analysis.Perturbation.LeastSquares.Equality.Perturbation	NumStability.theorem20_8KKTSolutionSelfLinearCoeff_nonneg	public	theorem	362	-	retain_document	-
NumStability.Analysis.Perturbation.LeastSquares.Equality.Perturbation	NumStability.theorem20_8KKTSourceResidualRatioCoupledBound	public	definition	363	-	retain_document	-
NumStability.Analysis.Perturbation.LeastSquares.Equality.Perturbation	NumStability.theorem20_8KKTSourceResidualRatioGainConditions	public	definition	364	-	retain_document	-
NumStability.Analysis.Perturbation.LeastSquares.Equality.Perturbation	NumStability.theorem20_8KKTSourceResidualRatioGainConditions_of_coupledNumerator_lt_solutionMargin	public	theorem	365	-	retain_document	-
NumStability.Analysis.Perturbation.LeastSquares.Equality.Perturbation	NumStability.theorem20_8KKTSourceResidualRatioGainConditions_of_linearized_margins	public	theorem	366	-	retain_document	-
NumStability.Analysis.Perturbation.LeastSquares.Equality.Perturbation	NumStability.theorem20_8KKTSourceResidualRatioGainConditions_of_linearized_smallnessCoeff	public	theorem	367	-	retain_document	-
NumStability.Analysis.Perturbation.LeastSquares.Equality.Perturbation	NumStability.theorem20_8KKTSourceResidualRatioGainConditions_of_linearized_smallnessThreshold	public	theorem	368	-	retain_document	-
NumStability.Analysis.Perturbation.LeastSquares.Equality.Perturbation	NumStability.theorem20_8MaxRelativePerturbation	public	definition	369	-	retain_document	-
NumStability.Analysis.Perturbation.LeastSquares.Equality.Perturbation	NumStability.theorem20_8MaxRelativePerturbation_nonneg	public	theorem	370	-	retain_document	-
NumStability.Analysis.Perturbation.LeastSquares.Equality.Perturbation	NumStability.theorem20_8RankKKTSmallnessThreshold	public	definition	371	-	retain_document	-
NumStability.Analysis.Perturbation.LeastSquares.Equality.Perturbation	NumStability.theorem20_8RankKKTSmallnessThreshold_pos	public	theorem	372	-	retain_document	-
NumStability.Analysis.Perturbation.LeastSquares.Equality.Perturbation	NumStability.theorem20_8RelativePerturbationBudget	public	definition	373	-	retain_document	-
NumStability.Analysis.Perturbation.LeastSquares.Equality.Perturbation	NumStability.theorem20_8RelativePerturbationBudget_of_maxRelativePerturbation_le	public	theorem	374	-	retain_document	-
NumStability.Analysis.Perturbation.LeastSquares.Equality.Perturbation	NumStability.theorem20_8_combined_remainder_relative_le_of_solution_difference_bound	public	theorem	375	-	retain_document	-
NumStability.Analysis.Perturbation.LeastSquares.Equality.Perturbation	NumStability.theorem20_8_combined_remainder_relative_le_of_solution_difference_relative_bound	public	theorem	376	-	retain_document	-
NumStability.Analysis.Perturbation.LeastSquares.Equality.Perturbation	NumStability.theorem20_8_conditions20_24_of_frobNormRect_bounds_lt_margins	public	theorem	377	-	retain_document	-
NumStability.Analysis.Perturbation.LeastSquares.Equality.Perturbation	NumStability.theorem20_8_conditions20_24_of_maxRelativePerturbation_lt_margins	public	theorem	378	-	retain_document	-
NumStability.Analysis.Perturbation.LeastSquares.Equality.Perturbation	NumStability.theorem20_8_conditions20_24_of_relativePerturbationBudget_lt_margins	public	theorem	379	-	retain_document	-
NumStability.Analysis.Perturbation.LeastSquares.Equality.Perturbation	NumStability.theorem20_8_direct_data_correction_residual_relative_le_firstOrderRHS_of_maxRelativePerturbation	public	theorem	380	-	retain_document	-
NumStability.Analysis.Perturbation.LeastSquares.Equality.Perturbation	NumStability.theorem20_8_direct_data_correction_residual_relative_le_firstOrderRHS_plus_eps_radius_coefficient_of_solution_difference_relative_bound	public	theorem	381	-	retain_document	-
NumStability.Analysis.Perturbation.LeastSquares.Equality.Perturbation	NumStability.theorem20_8_direct_data_correction_residual_relative_le_firstOrderRHS_plus_eps_sq_coefficient_of_solution_difference_bound	public	theorem	382	-	retain_document	-
NumStability.Analysis.Perturbation.LeastSquares.Equality.Perturbation	NumStability.theorem20_8_direct_data_correction_residual_relative_le_firstOrderRHS_plus_quadratic_remainder_of_solution_difference_bound	public	theorem	383	-	retain_document	-
NumStability.Analysis.Perturbation.LeastSquares.Equality.Perturbation	NumStability.theorem20_8_direct_data_correction_residual_relative_le_firstOrderRHS_plus_remainder_of_maxRelativePerturbation	public	theorem	384	-	retain_document	-
NumStability.Analysis.Perturbation.LeastSquares.Equality.Perturbation	NumStability.theorem20_8_direct_data_correction_residual_relative_self_le_firstOrderRHS_of_maxRelativePerturbation	public	theorem	385	-	retain_document	-
NumStability.Analysis.Perturbation.LeastSquares.Equality.Perturbation	NumStability.theorem20_8_direct_data_residual_radii_le_firstOrderRHS_scaled	public	theorem	386	-	retain_document	-
NumStability.Analysis.Perturbation.LeastSquares.Equality.Perturbation	NumStability.theorem20_8_direct_data_residual_relative_le_firstOrderRHS	public	theorem	387	-	retain_document	-
NumStability.Analysis.Perturbation.LeastSquares.Equality.Perturbation	NumStability.theorem20_8_direct_data_residual_relative_self_le_firstOrderRHS	public	theorem	388	-	retain_document	-
NumStability.Analysis.Perturbation.LeastSquares.Equality.Perturbation	NumStability.theorem20_8_direct_data_residual_relative_self_le_firstOrderRHS_of_maxRelativePerturbation	public	theorem	389	-	retain_document	-
NumStability.Analysis.Perturbation.LeastSquares.Equality.Perturbation	NumStability.theorem20_8_direct_data_y_correction_residual_relative_le_firstOrderRHS_of_maxRelativePerturbation	public	theorem	390	-	retain_document	-
NumStability.Analysis.Perturbation.LeastSquares.Equality.Perturbation	NumStability.theorem20_8_direct_data_y_residual_radii_le_firstOrderRHS_scaled	public	theorem	391	-	retain_document	-
NumStability.Analysis.Perturbation.LeastSquares.Equality.Perturbation	NumStability.theorem20_8_direct_data_y_residual_relative_le_firstOrderRHS	public	theorem	392	-	retain_document	-
NumStability.Analysis.Perturbation.LeastSquares.Equality.Perturbation	NumStability.theorem20_8_direct_data_y_residual_relative_le_firstOrderRHS_of_maxRelativePerturbation	public	theorem	393	-	retain_document	-
NumStability.Analysis.Perturbation.LeastSquares.Equality.Perturbation	NumStability.theorem20_8_direct_higham_data_y_correction_residual_relative_le_firstOrderRHS_of_maxRelativePerturbation	public	theorem	394	-	retain_document	-
NumStability.Analysis.Perturbation.LeastSquares.Equality.Perturbation	NumStability.theorem20_8_direct_higham_data_y_residual_relative_le_firstOrderRHS_of_maxRelativePerturbation	public	theorem	395	-	retain_document	-
NumStability.Analysis.Perturbation.LeastSquares.Equality.Perturbation	NumStability.theorem20_8_eps_le_wedinResidualRHS_of_nonneg	public	theorem	396	-	retain_document	-
NumStability.Analysis.Perturbation.LeastSquares.Equality.Perturbation	NumStability.theorem20_8_exists_unique_perturbed_lse_minimizer_of_maxRelativePerturbation_lt_margins	public	theorem	397	-	retain_document	-
NumStability.Analysis.Perturbation.LeastSquares.Equality.Perturbation	NumStability.theorem20_8_exists_unique_perturbed_lse_minimizer_of_relativePerturbationBudget_lt_margins	public	theorem	398	-	retain_document	-
NumStability.Analysis.Perturbation.LeastSquares.Equality.Perturbation	NumStability.theorem20_8_kappaB_bracket_of_residual_amplifier_factor_ge_one_add_inv	public	theorem	399	-	retain_document	-
NumStability.Analysis.Perturbation.LeastSquares.Equality.Perturbation	NumStability.theorem20_8_kappaB_bracket_of_residual_amplifier_factor_lower_bound	public	theorem	400	-	retain_document	-
NumStability.Analysis.Perturbation.LeastSquares.Equality.Perturbation	NumStability.theorem20_8_perturbed_multiplier_relative_le_of_inverseMultiplierLinearMap_canonical_response_coeffs_relativeBudget_scales	public	theorem	401	-	retain_document	-
NumStability.Analysis.Perturbation.LeastSquares.Equality.Perturbation	NumStability.theorem20_8_rank_kkt_smallness_conditions_of_eps_lt_threshold	public	theorem	402	-	retain_document	-
NumStability.Analysis.Perturbation.LeastSquares.Equality.Perturbation	NumStability.theorem20_8_rectOpNorm2Le_A_APplus_kappaB	public	theorem	403	-	retain_document	-
NumStability.Analysis.Perturbation.LeastSquares.Equality.Perturbation	NumStability.theorem20_8_rectOpNorm2Le_DeltaA_of_relativePerturbationBudget	public	theorem	404	-	retain_document	-
NumStability.Analysis.Perturbation.LeastSquares.Equality.Perturbation	NumStability.theorem20_8_rectOpNorm2Le_DeltaB_of_relativePerturbationBudget	public	theorem	405	-	retain_document	-
NumStability.Analysis.Perturbation.LeastSquares.Equality.Perturbation	NumStability.theorem20_8_rectOpNorm2Le_DeltaB_transpose_of_relativePerturbationBudget	public	theorem	406	-	retain_document	-
NumStability.Analysis.Perturbation.LeastSquares.Equality.Perturbation	NumStability.theorem20_8_rectOpNorm2Le_lseStackedMatrix_delta_of_relativePerturbationBudget	public	theorem	407	-	retain_document	-
NumStability.Analysis.Perturbation.LeastSquares.Equality.Perturbation	NumStability.theorem20_8_scaled_radius_le_residualAmplifier_of_factor_ge_one_add_inv	public	theorem	408	-	retain_document	-
NumStability.Analysis.Perturbation.LeastSquares.Equality.Perturbation	NumStability.theorem20_8_solution_difference_relative_le_firstOrderRHS_of_same_higham_residual_projected_action_vecNorm2_le	public	theorem	409	-	retain_document	-
NumStability.Analysis.Perturbation.LeastSquares.Equality.Perturbation	NumStability.theorem20_8_solution_difference_relative_le_firstOrderRHS_of_same_higham_residual_vecNorm2_le	public	theorem	410	-	retain_document	-
NumStability.Analysis.Perturbation.LeastSquares.Equality.Perturbation	NumStability.theorem20_8_solution_difference_relative_le_firstOrderRHS_of_source_residual_gap_op2_le	public	theorem	411	-	retain_document	-
NumStability.Analysis.Perturbation.LeastSquares.Equality.Perturbation	NumStability.theorem20_8_solution_difference_relative_le_firstOrderRHS_of_source_residual_gap_projected_action_op2_le	public	theorem	412	-	retain_document	-
NumStability.Analysis.Perturbation.LeastSquares.Equality.Perturbation	NumStability.theorem20_8_solution_difference_relative_le_firstOrderRHS_of_source_residual_relative_bound_projected_action_op2_le	public	theorem	413	-	retain_document	-
NumStability.Analysis.Perturbation.LeastSquares.Equality.Perturbation	NumStability.theorem20_8_solution_difference_relative_le_firstOrderRHS_of_wedinResidualRHS_first_order_coeff_projected_action_op2_le	public	theorem	414	-	retain_document	-
NumStability.Analysis.Perturbation.LeastSquares.Equality.Perturbation	NumStability.theorem20_8_solution_difference_relative_le_firstOrderRHS_of_wedinResidualRHS_projected_action_op2_le	public	theorem	415	-	retain_document	-
NumStability.Analysis.Perturbation.LeastSquares.Equality.Perturbation	NumStability.theorem20_8_solution_difference_relative_le_firstOrderRHS_of_wedinResidualRHS_scalar_projected_action_op2_le	public	theorem	416	-	retain_document	-
NumStability.Analysis.Perturbation.LeastSquares.Equality.Perturbation	NumStability.theorem20_8_solution_difference_relative_le_firstOrderRHS_plus_eps_sq_coefficient_of_AP_left_inverse_on_nullspace_reduced_difference_eq	public	theorem	417	-	retain_document	-
NumStability.Analysis.Perturbation.LeastSquares.Equality.Perturbation	NumStability.theorem20_8_solution_difference_relative_le_firstOrderRHS_plus_eps_sq_coefficient_of_AP_penrose1_range_null_injective_reduced_difference_eq	public	theorem	418	-	retain_document	-
NumStability.Analysis.Perturbation.LeastSquares.Equality.Perturbation	NumStability.theorem20_8_solution_difference_relative_le_firstOrderRHS_plus_eps_sq_coefficient_of_nullspace_left_inverse_reduced_difference_eq	public	theorem	419	-	retain_document	-
NumStability.Analysis.Perturbation.LeastSquares.Equality.Perturbation	NumStability.theorem20_8_solution_difference_relative_le_firstOrderRHS_plus_eps_sq_coefficient_of_projected_action_reduced_difference_eq	public	theorem	420	-	retain_document	-
NumStability.Analysis.Perturbation.LeastSquares.Equality.Perturbation	NumStability.theorem20_8_solution_difference_relative_le_firstOrderRHS_plus_eps_sq_coefficient_of_projected_difference	public	theorem	421	-	retain_document	-
NumStability.Analysis.Perturbation.LeastSquares.Equality.Perturbation	NumStability.theorem20_8_solution_difference_relative_le_firstOrderRHS_plus_eps_sq_coefficient_of_reduced_difference_eq	public	theorem	422	-	retain_document	-
NumStability.Analysis.Perturbation.LeastSquares.Equality.Perturbation	NumStability.theorem20_8_solution_difference_relative_le_firstOrderRHS_plus_eps_sq_coefficient_of_same_higham_residual_projected_action_vecNorm2_le	public	theorem	423	-	retain_document	-
NumStability.Analysis.Perturbation.LeastSquares.Equality.Perturbation	NumStability.theorem20_8_solution_difference_relative_le_firstOrderRHS_plus_eps_sq_coefficient_of_same_higham_residual_vecNorm2_le	public	theorem	424	-	retain_document	-
NumStability.Analysis.Perturbation.LeastSquares.Equality.Perturbation	NumStability.theorem20_8_solution_difference_relative_le_firstOrderRHS_plus_eps_sq_coefficient_of_same_source_residual_reduced_difference_eq	public	theorem	425	-	retain_document	-
NumStability.Analysis.Perturbation.LeastSquares.Equality.Perturbation	NumStability.theorem20_8_solution_difference_relative_le_firstOrderRHS_plus_eps_sq_coefficient_of_source_residual_gap_op2_le	public	theorem	426	-	retain_document	-
NumStability.Analysis.Perturbation.LeastSquares.Equality.Perturbation	NumStability.theorem20_8_solution_difference_relative_le_firstOrderRHS_plus_eps_sq_coefficient_of_source_residual_gap_projected_action_op2_le	public	theorem	427	-	retain_document	-
NumStability.Analysis.Perturbation.LeastSquares.Equality.Perturbation	NumStability.theorem20_8_solution_difference_relative_le_firstOrderRHS_plus_eps_sq_coefficient_of_source_residual_relative_bound_projected_action_op2_le	public	theorem	428	-	retain_document	-
NumStability.Analysis.Perturbation.LeastSquares.Equality.Perturbation	NumStability.theorem20_8_solution_difference_relative_le_firstOrderRHS_plus_eps_sq_coefficient_of_wedinResidualRHS_first_order_coeff_projected_action_op2_le	public	theorem	429	-	retain_document	-
NumStability.Analysis.Perturbation.LeastSquares.Equality.Perturbation	NumStability.theorem20_8_solution_difference_relative_le_firstOrderRHS_plus_eps_sq_coefficient_of_wedinResidualRHS_projected_action_op2_le	public	theorem	430	-	retain_document	-
NumStability.Analysis.Perturbation.LeastSquares.Equality.Perturbation	NumStability.theorem20_8_solution_difference_relative_le_firstOrderRHS_plus_eps_sq_coefficient_of_wedinResidualRHS_scalar_projected_action_op2_le	public	theorem	431	-	retain_document	-
NumStability.Analysis.Perturbation.LeastSquares.Equality.Perturbation	NumStability.theorem20_8_source_lagrange_multiplier_eq_inverseMultiplierLinearMap	public	theorem	432	-	retain_document	-
NumStability.Analysis.Perturbation.LeastSquares.Equality.Perturbation	NumStability.theorem20_8_source_lagrange_multiplier_vecNorm2_le_sourceResidual	public	theorem	433	-	retain_document	-
NumStability.Analysis.Perturbation.LeastSquares.Equality.Perturbation	NumStability.theorem20_8_source_lagrange_multiplier_vecNorm2_le_sourceResidualScale	public	theorem	434	-	retain_document	-
NumStability.Analysis.Perturbation.LeastSquares.Equality.Perturbation	NumStability.theorem20_8_source_residual_gap_norm_le_of_solution_difference_maxRelativePerturbation_BAplus_split	public	theorem	435	-	retain_document	-
NumStability.Analysis.Perturbation.LeastSquares.Equality.Perturbation	NumStability.theorem20_8_source_residual_gap_norm_le_of_solution_difference_relativeBudget_BAplus_split	public	theorem	436	-	retain_document	-
NumStability.Analysis.Perturbation.LeastSquares.Equality.Perturbation	NumStability.theorem20_8_source_residual_gap_norm_le_symm_of_solution_difference_maxRelativePerturbation_BAplus_split	public	theorem	437	-	retain_document	-
NumStability.Analysis.Perturbation.LeastSquares.Equality.Perturbation	NumStability.theorem20_8_source_residual_gap_op2_le_of_BAplus_split_small_gain	public	theorem	438	-	retain_document	-
NumStability.Analysis.Perturbation.LeastSquares.Equality.Perturbation	NumStability.theorem20_8_source_residual_gap_op2_le_of_residual_relative_bound	public	theorem	439	-	retain_document	-
NumStability.Analysis.Perturbation.LeastSquares.Equality.Perturbation	NumStability.theorem20_8_source_residual_gap_op2_le_of_solution_difference_maxRelativePerturbation_BAplus_split	public	theorem	440	-	retain_document	-
NumStability.Analysis.Perturbation.LeastSquares.Equality.Perturbation	NumStability.theorem20_8_source_residual_gap_op2_le_of_solution_difference_maxRelativePerturbation_BAplus_split_additive_scale	public	theorem	441	-	retain_document	-
NumStability.Analysis.Perturbation.LeastSquares.Equality.Perturbation	NumStability.theorem20_8_vecNorm2_APplus_data_forcing_difference_le_of_maxRelativePerturbation	public	theorem	442	-	retain_document	-
NumStability.Analysis.Perturbation.LeastSquares.Equality.Perturbation	NumStability.theorem20_8_vecNorm2_APplus_data_forcing_le_of_relativeBudget_firstOrderRHS	public	theorem	443	-	retain_document	-
NumStability.Analysis.Perturbation.LeastSquares.Equality.Perturbation	NumStability.theorem20_8_vecNorm2_APplus_data_forcing_le_of_relativeBudget_sourceRadius	public	theorem	444	-	retain_document	-
NumStability.Analysis.Perturbation.LeastSquares.Equality.Perturbation	NumStability.theorem20_8_vecNorm2_APplus_data_forcing_le_of_relativeBudget_sourceRadius_of_vecNorm2_le	public	theorem	445	-	retain_document	-
NumStability.Analysis.Perturbation.LeastSquares.Equality.Perturbation	NumStability.theorem20_8_vecNorm2_APplus_higham_data_forcing_le_of_relativeBudget_sourceRadius_of_vecNorm2_le	public	theorem	446	-	retain_document	-
NumStability.Analysis.Perturbation.LeastSquares.Equality.Perturbation	NumStability.theorem20_8_vecNorm2_A_APplus_ABplus_constraint_defect_le	public	theorem	447	-	retain_document	-
NumStability.Analysis.Perturbation.LeastSquares.Equality.Perturbation	NumStability.theorem20_8_vecNorm2_A_APplus_ABplus_constraint_defect_le_of_relativeBudget_op2	public	theorem	448	-	retain_document	-
NumStability.Analysis.Perturbation.LeastSquares.Equality.Perturbation	NumStability.theorem20_8_vecNorm2_A_APplus_apply_le	public	theorem	449	-	retain_document	-
NumStability.Analysis.Perturbation.LeastSquares.Equality.Perturbation	NumStability.theorem20_8_vecNorm2_A_BAplus_constraint_defect_le_of_relativeBudget_op2	public	theorem	450	-	retain_document	-
NumStability.Analysis.Perturbation.LeastSquares.Equality.Perturbation	NumStability.theorem20_8_vecNorm2_BAplus_constraint_defect_difference_le_of_maxRelativePerturbation	public	theorem	451	-	retain_document	-
NumStability.Analysis.Perturbation.LeastSquares.Equality.Perturbation	NumStability.theorem20_8_vecNorm2_BAplus_constraint_defect_le_of_relativeBudget_firstOrderRHS_of_vecNorm2_le	public	theorem	452	-	retain_document	-
NumStability.Analysis.Perturbation.LeastSquares.Equality.Perturbation	NumStability.theorem20_8_vecNorm2_BAplus_constraint_defect_le_of_relativeBudget_firstOrderRHS_self	public	theorem	453	-	retain_document	-
NumStability.Analysis.Perturbation.LeastSquares.Equality.Perturbation	NumStability.theorem20_8_vecNorm2_BAplus_constraint_defect_le_of_relativeBudget_op2	public	theorem	454	-	retain_document	-
NumStability.Analysis.Perturbation.LeastSquares.Equality.Perturbation	NumStability.theorem20_8_vecNorm2_BAplus_constraint_defect_le_of_relativeBudget_sourceRadius_of_vecNorm2_le	public	theorem	455	-	retain_document	-
NumStability.Analysis.Perturbation.LeastSquares.Equality.Perturbation	NumStability.theorem20_8_vecNorm2_BAplus_constraint_defect_le_of_relativeBudget_sourceRadius_self	public	theorem	456	-	retain_document	-
NumStability.Analysis.Perturbation.LeastSquares.Equality.Perturbation	NumStability.theorem20_8_vecNorm2_BAplus_split_constraint_defect_le	public	theorem	457	-	retain_document	-
NumStability.Analysis.Perturbation.LeastSquares.Equality.Perturbation	NumStability.theorem20_8_vecNorm2_BAplus_split_constraint_defect_le_of_relativeBudget_op2	public	theorem	458	-	retain_document	-
NumStability.Analysis.Perturbation.LeastSquares.Equality.Perturbation	NumStability.theorem20_8_vecNorm2_constraint_defect_le_of_relativeBudget	public	theorem	459	-	retain_document	-
NumStability.Analysis.Perturbation.LeastSquares.Equality.Perturbation	NumStability.theorem20_8_vecNorm2_constraint_defect_le_of_relativeBudget_scales	public	theorem	460	-	retain_document	-
NumStability.Analysis.Perturbation.LeastSquares.Equality.Perturbation	NumStability.theorem20_8_vecNorm2_direct_data_correction_difference_le_of_maxRelativePerturbation	public	theorem	461	-	retain_document	-
NumStability.Analysis.Perturbation.LeastSquares.Equality.Perturbation	NumStability.theorem20_8_vecNorm2_higham_data_forcing_le_of_relativeBudget	public	theorem	462	-	retain_document	-
NumStability.Analysis.Perturbation.LeastSquares.Equality.Perturbation	NumStability.theorem20_8_vecNorm2_higham_data_forcing_le_of_relativeBudget_scales	public	theorem	463	-	retain_document	-
NumStability.Analysis.Perturbation.LeastSquares.Equality.Perturbation	NumStability.theorem20_8_vecNorm2_perturbed_higham_residual_le_of_relativeBudget_scales	public	theorem	464	-	retain_document	-
NumStability.Analysis.Perturbation.LeastSquares.Equality.Perturbation	NumStability.theorem20_8_vecNorm2_perturbed_residual_correction_BAplus_split_le	public	theorem	465	-	retain_document	-
NumStability.Analysis.Perturbation.LeastSquares.Equality.Perturbation	NumStability.theorem20_8_vecNorm2_perturbed_residual_correction_BAplus_split_le_of_relativeBudget_op2	public	theorem	466	-	retain_document	-
NumStability.Analysis.Perturbation.LeastSquares.Equality.Perturbation	NumStability.theorem20_8_vecNorm2_perturbed_residual_correction_le_of_relativeBudget	public	theorem	467	-	retain_document	-
NumStability.Analysis.Perturbation.LeastSquares.Equality.Perturbation	NumStability.theorem20_8_vecNorm2_perturbed_residual_correction_le_of_relativeBudget_op2	public	theorem	468	-	retain_document	-
NumStability.Analysis.Perturbation.LeastSquares.Equality.Perturbation	NumStability.theorem20_8_vecNorm2_solution_difference_residual_forcing_le_of_maxRelativePerturbation_op2	public	theorem	469	-	retain_document	-
NumStability.Analysis.Perturbation.LeastSquares.Equality.Perturbation	NumStability.theorem20_8_vecNorm2_solution_difference_residual_forcing_le_of_maxRelativePerturbation_projected_action_op2	public	theorem	470	-	retain_document	-
NumStability.Analysis.Perturbation.LeastSquares.Equality.Perturbation	NumStability.theorem20_8_vecNorm2_solution_difference_residual_forcing_le_of_relativeBudget_op2	public	theorem	471	-	retain_document	-
NumStability.Analysis.Perturbation.LeastSquares.Equality.Perturbation	NumStability.theorem20_8_vecNorm2_solution_difference_residual_forcing_le_of_relativeBudget_projected_action_op2	public	theorem	472	-	retain_document	-
NumStability.Analysis.Perturbation.LeastSquares.Equality.Perturbation	NumStability.theorem20_8_vecNorm2_solution_difference_same_source_residual_le_firstOrderRHS_scaled_of_vecNorm2_le	public	theorem	473	-	retain_document	-
NumStability.Analysis.Perturbation.LeastSquares.Equality.Perturbation	NumStability.theorem20_8_vecNorm2_solution_difference_same_source_residual_le_of_maxRelativePerturbation_op2	public	theorem	474	-	retain_document	-
NumStability.Analysis.Perturbation.LeastSquares.Equality.Perturbation	NumStability.theorem20_8_vecNorm2_solution_difference_source_residual_forcing_le_of_maxRelativePerturbation_op2	public	theorem	475	-	retain_document	-
NumStability.Analysis.Perturbation.LeastSquares.Equality.Perturbation	NumStability.theorem20_8_vecNorm2_solution_difference_source_residual_forcing_le_of_maxRelativePerturbation_projected_action_op2	public	theorem	476	-	retain_document	-
NumStability.Analysis.Perturbation.LeastSquares.Equality.Perturbation	NumStability.theorem20_8_vecNorm2_solution_difference_source_residual_gap_le_of_maxRelativePerturbation_op2	public	theorem	477	-	retain_document	-
NumStability.Analysis.Perturbation.LeastSquares.Equality.Perturbation	NumStability.theorem20_8_vecNorm2_solution_difference_source_residual_gap_le_of_maxRelativePerturbation_projected_action_op2	public	theorem	478	-	retain_document	-
NumStability.Analysis.Perturbation.LeastSquares.Equality.Perturbation	NumStability.theorem20_8_vecNorm2_source_residual_forcing_le_of_residual_gap_relativeBudget	public	theorem	479	-	retain_document	-
NumStability.Analysis.Perturbation.LeastSquares.Equality.Perturbation	NumStability.theorem20_8_vecNorm2_source_residual_forcing_le_of_same_residual_relativeBudget	public	theorem	480	-	retain_document	-
NumStability.Analysis.Perturbation.LeastSquares.Equality.Perturbation	NumStability.theorem20_8_vecNorm2_stationarity_forcing_le_of_relativeBudget	public	theorem	481	-	retain_document	-
NumStability.Analysis.Perturbation.LeastSquares.Equality.Perturbation	NumStability.theorem20_8_vecNorm2_stationarity_forcing_le_of_relativeBudget_scales	public	theorem	482	-	retain_document	-
NumStability.Analysis.Perturbation.LeastSquares.Equality.Perturbation	NumStability.theorem20_8_vecNorm2_stationarity_forcing_perturbed_residual_le_of_relativeBudget_scales	public	theorem	483	-	retain_document	-
NumStability.Analysis.Perturbation.LeastSquares.Equality.Perturbation	NumStability.theorem20_8_wedinResidualRHS_first_order_coeff_le_of_kappaB_bracket	public	theorem	484	-	retain_document	-
NumStability.Analysis.Perturbation.LeastSquares.Equality.Perturbation	NumStability.theorem20_8_wedinResidualRHS_scalar_op2_le_of_first_order_coeff_le	public	theorem	485	-	retain_document	-
NumStability.Analysis.Perturbation.LeastSquares.Equality.Perturbation	NumStability.theorem20_8_wedinResidualRHS_scaled_residual_le_of_first_order_coeff_le	public	theorem	486	-	retain_document	-
NumStability.Analysis.Perturbation.LeastSquares.Equality.Perturbation	NumStability.theorem20_8_wedinResidualRHS_scaled_residual_le_of_scalar_op2_le	public	theorem	487	-	retain_document	-
NumStability.Analysis.Perturbation.LeastSquares.Equality.Perturbation	NumStability.vecNorm2_le_one_add_eps_solutionRadius_mul_of_solution_difference_bound	public	theorem	488	-	retain_document	-
NumStability.Analysis.Perturbation.LeastSquares.Equality.Perturbation	NumStability.vecNorm2_le_one_add_relative_bound_mul	public	theorem	489	-	retain_document	-
NumStability.Analysis.Perturbation.LeastSquares.Equality.Perturbation	_private.NumStability.Analysis.Perturbation.LeastSquares.Equality.Perturbation.0.NumStability.continuous_lsObjective	private	theorem	490	-	retain_document	-
NumStability.Analysis.Perturbation.LeastSquares.Equality.Perturbation	_private.NumStability.Analysis.Perturbation.LeastSquares.Equality.Perturbation.0.NumStability.continuous_lseConstraintResidual_apply	private	theorem	491	-	retain_document	-
NumStability.Analysis.Perturbation.LeastSquares.Equality.Perturbation	_private.NumStability.Analysis.Perturbation.LeastSquares.Equality.Perturbation.0.NumStability.lsObjective_gqrAQBlock_eq	private	theorem	492	-	retain_document	-
NumStability.Analysis.Perturbation.LeastSquares.Equality.Perturbation	_private.NumStability.Analysis.Perturbation.LeastSquares.Equality.Perturbation.0.NumStability.lsResidual_gqrAQBlock	private	theorem	493	-	retain_document	-
NumStability.Analysis.Perturbation.LeastSquares.Equality.Perturbation	_private.NumStability.Analysis.Perturbation.LeastSquares.Equality.Perturbation.0.NumStability.vecNorm2Sq_append	private	theorem	494	-	retain_document	-
NumStability.Analysis.Perturbation.LeastSquares.Equality.RowwiseBackwardError	NumStability.Theorem20_7RowwiseBackwardError	public	inductive	0	-	retain_document	-
NumStability.Analysis.Perturbation.LeastSquares.Equality.RowwiseBackwardError	NumStability.Theorem20_7RowwiseBackwardError.DeltaA	public	definition	1	-	retain_document	-
NumStability.Analysis.Perturbation.LeastSquares.Equality.RowwiseBackwardError	NumStability.Theorem20_7RowwiseBackwardError.Deltab	public	definition	2	-	retain_document	-
NumStability.Analysis.Perturbation.LeastSquares.Equality.RowwiseBackwardError	NumStability.Theorem20_7RowwiseBackwardError.casesOn	public	definition	3	-	retain_document	-
NumStability.Analysis.Perturbation.LeastSquares.Equality.RowwiseBackwardError	NumStability.Theorem20_7RowwiseBackwardError.ctorIdx	public	definition	4	-	retain_document	-
NumStability.Analysis.Perturbation.LeastSquares.Equality.RowwiseBackwardError	NumStability.Theorem20_7RowwiseBackwardError.deltaA_bound	public	theorem	5	-	retain_document	-
NumStability.Analysis.Perturbation.LeastSquares.Equality.RowwiseBackwardError	NumStability.Theorem20_7RowwiseBackwardError.deltaA_bound_of_alphaBetaMax_le	public	theorem	6	-	retain_document	-
NumStability.Analysis.Perturbation.LeastSquares.Equality.RowwiseBackwardError	NumStability.Theorem20_7RowwiseBackwardError.deltab_bound	public	theorem	7	-	retain_document	-
NumStability.Analysis.Perturbation.LeastSquares.Equality.RowwiseBackwardError	NumStability.Theorem20_7RowwiseBackwardError.deltab_bound_of_alphaBetaMax_le	public	theorem	8	-	retain_document	-
NumStability.Analysis.Perturbation.LeastSquares.Equality.RowwiseBackwardError	NumStability.Theorem20_7RowwiseBackwardError.exactSolution	public	theorem	9	-	retain_document	-
NumStability.Analysis.Perturbation.LeastSquares.Equality.RowwiseBackwardError	NumStability.Theorem20_7RowwiseBackwardError.exact_solution	public	theorem	10	-	retain_document	-
NumStability.Analysis.Perturbation.LeastSquares.Equality.RowwiseBackwardError	NumStability.Theorem20_7RowwiseBackwardError.exists_common_sorted_permuteRows_uniform_bounds_of_concrete_stored_householder_qr_active_tail_compactActiveHorizon_rows_nonzero_source_initial_zero_start_zero_budget_of_activeMaxPivotColumn_prefix_lower_signed_alpha_budget_leading_block_det_ne_zero_abs_b_mono_activeRatioMax_le_of_abs_b_le_nat	public	theorem	11	-	retain_document	-
NumStability.Analysis.Perturbation.LeastSquares.Equality.RowwiseBackwardError	NumStability.Theorem20_7RowwiseBackwardError.exists_common_sorted_permuteRows_uniform_bounds_of_concrete_stored_householder_qr_active_tail_compactActiveHorizon_rows_nonzero_source_initial_zero_start_zero_budget_of_activeMaxPivotColumn_prefix_lower_signed_alpha_budget_leading_block_det_ne_zero_sqrtBalancedRowPolicy_of_abs_b_le_nat	public	theorem	12	-	retain_document	-
NumStability.Analysis.Perturbation.LeastSquares.Equality.RowwiseBackwardError	NumStability.Theorem20_7RowwiseBackwardError.exists_common_sorted_permuteRows_uniform_bounds_of_concrete_stored_householder_qr_active_tail_compactActiveHorizon_rows_nonzero_source_initial_zero_start_zero_budget_of_activeMaxPivotColumn_prefix_lower_signed_alpha_budget_sq_leading_block_det_ne_zero_abs_b_mono_activeRatioMax_le_of_abs_b_le_nat	public	theorem	13	-	retain_document	-
NumStability.Analysis.Perturbation.LeastSquares.Equality.RowwiseBackwardError	NumStability.Theorem20_7RowwiseBackwardError.exists_common_sorted_permuteRows_uniform_bounds_of_concrete_stored_householder_qr_active_tail_compactActiveHorizon_rows_nonzero_source_initial_zero_start_zero_budget_of_activeMaxPivotColumn_prefix_lower_signed_alpha_budget_sq_leading_block_det_ne_zero_sqrtBalancedRowPolicy_of_abs_b_le_nat	public	theorem	14	-	retain_document	-
NumStability.Analysis.Perturbation.LeastSquares.Equality.RowwiseBackwardError	NumStability.Theorem20_7RowwiseBackwardError.exists_common_sorted_permuteRows_uniform_bounds_of_exact_perturbations_permuted_concrete_stored_householder_qr_active_tail_compactActiveHorizon_rows_nonzero_source_initial_zero_start_zero_budget_of_activeMaxPivotColumn_prefix_lower_signed_alpha_budget_leading_block_det_ne_zero_abs_b_mono_activeRatioMax_le_of_abs_b_le_nat	public	theorem	15	-	retain_document	-
NumStability.Analysis.Perturbation.LeastSquares.Equality.RowwiseBackwardError	NumStability.Theorem20_7RowwiseBackwardError.exists_common_sorted_permuteRows_uniform_bounds_of_exact_perturbations_permuted_concrete_stored_householder_qr_active_tail_compactActiveHorizon_rows_nonzero_source_initial_zero_start_zero_budget_of_activeMaxPivotColumn_prefix_lower_signed_alpha_budget_leading_block_det_ne_zero_sqrtBalancedRowPolicy_of_abs_b_le_nat	public	theorem	16	-	retain_document	-
NumStability.Analysis.Perturbation.LeastSquares.Equality.RowwiseBackwardError	NumStability.Theorem20_7RowwiseBackwardError.exists_common_sorted_permuteRows_uniform_bounds_of_exact_perturbations_permuted_concrete_stored_householder_qr_active_tail_compactActiveHorizon_rows_nonzero_source_initial_zero_start_zero_budget_of_activeMaxPivotColumn_prefix_lower_signed_alpha_budget_sq_leading_block_det_ne_zero_abs_b_mono_activeRatioMax_le_of_abs_b_le_nat	public	theorem	17	-	retain_document	-
NumStability.Analysis.Perturbation.LeastSquares.Equality.RowwiseBackwardError	NumStability.Theorem20_7RowwiseBackwardError.exists_common_sorted_permuteRows_uniform_bounds_of_exact_perturbations_permuted_concrete_stored_householder_qr_active_tail_compactActiveHorizon_rows_nonzero_source_initial_zero_start_zero_budget_of_activeMaxPivotColumn_prefix_lower_signed_alpha_budget_sq_leading_block_det_ne_zero_sqrtBalancedRowPolicy_of_abs_b_le_nat	public	theorem	18	-	retain_document	-
NumStability.Analysis.Perturbation.LeastSquares.Equality.RowwiseBackwardError	NumStability.Theorem20_7RowwiseBackwardError.exists_uniform_bounds_of_concrete_coxHigham_stageBound_active_row_geometric_entry_growth_rows_nonzero_nat	public	theorem	19	-	retain_document	-
NumStability.Analysis.Perturbation.LeastSquares.Equality.RowwiseBackwardError	NumStability.Theorem20_7RowwiseBackwardError.exists_uniform_bounds_of_concrete_coxHigham_stageBound_active_row_geometric_entry_growth_with_relative_error_rows_nonzero_nat	public	theorem	20	-	retain_document	-
NumStability.Analysis.Perturbation.LeastSquares.Equality.RowwiseBackwardError	NumStability.Theorem20_7RowwiseBackwardError.exists_uniform_bounds_of_permuteRows_concrete_coxHigham_stageBound_active_row_geometric_entry_growth_source_deltab_rows_nonzero_nat	public	theorem	21	-	retain_document	-
NumStability.Analysis.Perturbation.LeastSquares.Equality.RowwiseBackwardError	NumStability.Theorem20_7RowwiseBackwardError.exists_uniform_bounds_of_permuteRows_concrete_coxHigham_stageBound_active_row_geometric_entry_growth_with_relative_error_source_deltab_rows_nonzero_nat	public	theorem	22	-	retain_document	-
NumStability.Analysis.Perturbation.LeastSquares.Equality.RowwiseBackwardError	NumStability.Theorem20_7RowwiseBackwardError.mk	public	constructor	23	-	retain_document	-
NumStability.Analysis.Perturbation.LeastSquares.Equality.RowwiseBackwardError	NumStability.Theorem20_7RowwiseBackwardError.mk.inj	public	theorem	24	-	retain_document	-
NumStability.Analysis.Perturbation.LeastSquares.Equality.RowwiseBackwardError	NumStability.Theorem20_7RowwiseBackwardError.mk.injEq	public	theorem	25	-	retain_document	-
NumStability.Analysis.Perturbation.LeastSquares.Equality.RowwiseBackwardError	NumStability.Theorem20_7RowwiseBackwardError.mk.noConfusion	public	definition	26	-	retain_document	-
NumStability.Analysis.Perturbation.LeastSquares.Equality.RowwiseBackwardError	NumStability.Theorem20_7RowwiseBackwardError.mk.sizeOf_spec	public	theorem	27	-	retain_document	-
NumStability.Analysis.Perturbation.LeastSquares.Equality.RowwiseBackwardError	NumStability.Theorem20_7RowwiseBackwardError.noConfusion	public	definition	28	-	retain_document	-
NumStability.Analysis.Perturbation.LeastSquares.Equality.RowwiseBackwardError	NumStability.Theorem20_7RowwiseBackwardError.noConfusionType	public	definition	29	-	retain_document	-
NumStability.Analysis.Perturbation.LeastSquares.Equality.RowwiseBackwardError	NumStability.Theorem20_7RowwiseBackwardError.of_exact_perturbations	public	definition	30	-	retain_document	-
NumStability.Analysis.Perturbation.LeastSquares.Equality.RowwiseBackwardError	NumStability.Theorem20_7RowwiseBackwardError.of_exact_perturbations_coxHigham_deltaA_no_sqrt_m	public	definition	31	-	retain_document	-
NumStability.Analysis.Perturbation.LeastSquares.Equality.RowwiseBackwardError	NumStability.Theorem20_7RowwiseBackwardError.of_permuteRows	public	definition	32	-	retain_document	-
NumStability.Analysis.Perturbation.LeastSquares.Equality.RowwiseBackwardError	NumStability.Theorem20_7RowwiseBackwardError.rec	public	recursor	33	-	retain_document	-
NumStability.Analysis.Perturbation.LeastSquares.Equality.RowwiseBackwardError	NumStability.Theorem20_7RowwiseBackwardError.recOn	public	definition	34	-	retain_document	-
NumStability.Analysis.Perturbation.LeastSquares.Equality.RowwiseBackwardError	NumStability.Theorem20_7RowwiseBackwardError.uniform_bounds_of_active_completed_entry_growth_compactActiveHorizon_rows_nonzero_nat	public	theorem	35	-	retain_document	-
NumStability.Analysis.Perturbation.LeastSquares.Equality.RowwiseBackwardError	NumStability.Theorem20_7RowwiseBackwardError.uniform_bounds_of_active_row_geometric_entry_growth_rows_nonzero_nat	public	theorem	36	-	retain_document	-
NumStability.Analysis.Perturbation.LeastSquares.Equality.RowwiseBackwardError	NumStability.Theorem20_7RowwiseBackwardError.uniform_bounds_of_active_row_geometric_entry_growth_with_relative_error_rows_nonzero_nat	public	theorem	37	-	retain_document	-
NumStability.Analysis.Perturbation.LeastSquares.Equality.RowwiseBackwardError	NumStability.Theorem20_7RowwiseBackwardError.uniform_bounds_of_alphaBetaMax_le	public	theorem	38	-	retain_document	-
NumStability.Analysis.Perturbation.LeastSquares.Equality.RowwiseBackwardError	NumStability.Theorem20_7RowwiseBackwardError.uniform_bounds_of_concrete_stored_householder_qr_active_tail_compactActiveHorizon_rows_nonzero_source_initial_zero_start_zero_budget_of_initialRowMax_abs_b_mono_of_activeMaxPivotColumn_activeRatioMax_le_of_abs_b_le_nat	public	theorem	39	-	retain_document	-
NumStability.Analysis.Perturbation.LeastSquares.Equality.RowwiseBackwardError	NumStability.Theorem20_7RowwiseBackwardError.uniform_bounds_of_concrete_stored_householder_qr_active_tail_compactActiveHorizon_rows_nonzero_source_initial_zero_start_zero_budget_of_initialRowMax_abs_b_mono_of_activeMaxPivotColumn_leading_block_det_ne_zero_activeRatioMax_le_of_abs_b_le_nat	public	theorem	40	-	retain_document	-
NumStability.Analysis.Perturbation.LeastSquares.Equality.RowwiseBackwardError	NumStability.Theorem20_7RowwiseBackwardError.uniform_bounds_of_concrete_stored_householder_qr_active_tail_compactActiveHorizon_rows_nonzero_source_initial_zero_start_zero_budget_of_initialRowMax_abs_b_mono_of_activeMaxPivotColumn_prefix_lower_leading_diag_ne_zero_activeRatioMax_le_of_abs_b_le_nat	public	theorem	41	-	retain_document	-
NumStability.Analysis.Perturbation.LeastSquares.Equality.RowwiseBackwardError	NumStability.Theorem20_7RowwiseBackwardError.uniform_bounds_of_concrete_stored_householder_qr_active_tail_compactActiveHorizon_rows_nonzero_source_initial_zero_start_zero_budget_of_initialRowMax_abs_b_mono_of_activeMaxPivotColumn_prefix_lower_signed_alpha_budget_leading_block_det_ne_zero_activeRatioMax_le_of_abs_b_le_nat	public	theorem	42	-	retain_document	-
NumStability.Analysis.Perturbation.LeastSquares.Equality.RowwiseBackwardError	NumStability.Theorem20_7RowwiseBackwardError.uniform_bounds_of_concrete_stored_householder_qr_active_tail_compactActiveHorizon_rows_nonzero_source_initial_zero_start_zero_budget_of_initialRowMax_abs_b_mono_of_activeMaxPivotColumn_prefix_lower_signed_alpha_budget_sq_leading_block_det_ne_zero_activeRatioMax_le_of_abs_b_le_nat	public	theorem	43	-	retain_document	-
NumStability.Analysis.Perturbation.LeastSquares.Equality.RowwiseBackwardError	NumStability.Theorem20_7RowwiseBackwardError.uniform_bounds_of_concrete_stored_householder_qr_active_tail_compactActiveHorizon_rows_nonzero_source_initial_zero_start_zero_budget_of_initialRowMax_abs_b_mono_of_activeMaxPivotColumn_prefix_lower_signed_alpha_sqrt_budget_leading_block_det_ne_zero_activeRatioMax_le_of_abs_b_le_nat	public	theorem	44	-	retain_document	-
NumStability.Analysis.Perturbation.LeastSquares.Equality.RowwiseBackwardError	NumStability.Theorem20_7RowwiseBackwardError.uniform_bounds_of_concrete_stored_householder_qr_active_tail_compactActiveHorizon_rows_nonzero_source_initial_zero_start_zero_budget_of_initialRowMax_abs_b_mono_of_activeMaxPivotColumn_prefix_lower_signed_alpha_step_current_diag_budget_bound_ne_zero_activeRatioMax_le_of_abs_b_le_nat	public	theorem	45	-	retain_document	-
NumStability.Analysis.Perturbation.LeastSquares.Equality.RowwiseBackwardError	NumStability.Theorem20_7RowwiseBackwardError.uniform_bounds_of_concrete_stored_householder_qr_active_tail_compactActiveHorizon_rows_nonzero_source_initial_zero_start_zero_budget_of_initialRowMax_abs_b_mono_of_activeMaxPivotColumn_prefix_lower_signed_alpha_step_current_diag_ne_zero_activeRatioMax_le_of_abs_b_le_nat	public	theorem	46	-	retain_document	-
NumStability.Analysis.Perturbation.LeastSquares.Equality.RowwiseBackwardError	NumStability.Theorem20_7RowwiseBackwardError.uniform_bounds_of_concrete_stored_householder_qr_active_tail_compactActiveHorizon_rows_nonzero_source_initial_zero_start_zero_budget_of_initialRowMax_abs_b_mono_of_activeMaxPivotColumn_prefix_lower_signed_alpha_step_leading_block_det_budget_bound_ne_zero_activeRatioMax_le_of_abs_b_le_nat	public	theorem	47	-	retain_document	-
NumStability.Analysis.Perturbation.LeastSquares.Equality.RowwiseBackwardError	NumStability.Theorem20_7RowwiseBackwardError.uniform_bounds_of_concrete_stored_householder_qr_active_tail_compactActiveHorizon_rows_nonzero_source_initial_zero_start_zero_budget_of_initialRowMax_abs_b_mono_of_activeMaxPivotColumn_upper_triangular_diag_ne_zero_activeRatioMax_le_of_abs_b_le_nat	public	theorem	48	-	retain_document	-
NumStability.Analysis.Perturbation.LeastSquares.Equality.RowwiseBackwardError	NumStability.Theorem20_7RowwiseBackwardError.uniform_bounds_of_concrete_stored_householder_qr_active_tail_compactActiveHorizon_rows_nonzero_source_initial_zero_start_zero_budget_of_initialRowMax_abs_b_mono_of_activeMaxPivotColumn_upper_triangular_diag_ne_zero_sqrtBalancedRowPolicy_of_abs_b_le_nat	public	theorem	49	-	retain_document	-
NumStability.Analysis.Perturbation.LeastSquares.Equality.RowwiseBackwardError	NumStability.Theorem20_7RowwiseBackwardError.uniform_bounds_of_concrete_stored_householder_qr_active_tail_compactActiveHorizon_rows_nonzero_source_initial_zero_start_zero_budget_of_initialRowMax_abs_b_sorted_of_activeMaxPivotColumn_activeRatioMax_le_nat	public	theorem	50	-	retain_document	-
NumStability.Analysis.Perturbation.LeastSquares.Equality.RowwiseBackwardError	NumStability.Theorem20_7RowwiseBackwardError.uniform_bounds_of_concrete_stored_householder_qr_active_tail_compactActiveHorizon_rows_nonzero_source_initial_zero_start_zero_budget_of_initialRowMax_abs_b_sorted_of_activeMaxPivotColumn_activeRatioMax_le_of_abs_b_le_nat	public	theorem	51	-	retain_document	-
NumStability.Analysis.Perturbation.LeastSquares.Equality.RowwiseBackwardError	NumStability.Theorem20_7RowwiseBackwardError.uniform_bounds_of_concrete_stored_householder_qr_active_tail_compactActiveHorizon_rows_nonzero_source_initial_zero_start_zero_budget_of_initialRowMax_abs_b_sorted_of_activeMaxPivotColumn_leading_block_det_ne_zero_activeRatioMax_le_nat	public	theorem	52	-	retain_document	-
NumStability.Analysis.Perturbation.LeastSquares.Equality.RowwiseBackwardError	NumStability.Theorem20_7RowwiseBackwardError.uniform_bounds_of_concrete_stored_householder_qr_active_tail_compactActiveHorizon_rows_nonzero_source_initial_zero_start_zero_budget_of_initialRowMax_abs_b_sorted_of_activeMaxPivotColumn_leading_block_det_ne_zero_activeRatioMax_le_of_abs_b_le_nat	public	theorem	53	-	retain_document	-
NumStability.Analysis.Perturbation.LeastSquares.Equality.RowwiseBackwardError	NumStability.Theorem20_7RowwiseBackwardError.uniform_bounds_of_concrete_stored_householder_qr_active_tail_compactActiveHorizon_rows_nonzero_source_initial_zero_start_zero_budget_of_initialRowMax_abs_b_sorted_of_activeMaxPivotColumn_leading_block_det_ne_zero_row_scale_ratios_nat	public	theorem	54	-	retain_document	-
NumStability.Analysis.Perturbation.LeastSquares.Equality.RowwiseBackwardError	NumStability.Theorem20_7RowwiseBackwardError.uniform_bounds_of_concrete_stored_householder_qr_active_tail_compactActiveHorizon_rows_nonzero_source_initial_zero_start_zero_budget_of_initialRowMax_abs_b_sorted_of_activeMaxPivotColumn_prefix_lower_diag_ne_zero_activeRatioMax_le_nat	public	theorem	55	-	retain_document	-
NumStability.Analysis.Perturbation.LeastSquares.Equality.RowwiseBackwardError	NumStability.Theorem20_7RowwiseBackwardError.uniform_bounds_of_concrete_stored_householder_qr_active_tail_compactActiveHorizon_rows_nonzero_source_initial_zero_start_zero_budget_of_initialRowMax_abs_b_sorted_of_activeMaxPivotColumn_prefix_lower_diag_ne_zero_activeRatioMax_le_of_abs_b_le_nat	public	theorem	56	-	retain_document	-
NumStability.Analysis.Perturbation.LeastSquares.Equality.RowwiseBackwardError	NumStability.Theorem20_7RowwiseBackwardError.uniform_bounds_of_concrete_stored_householder_qr_active_tail_compactActiveHorizon_rows_nonzero_source_initial_zero_start_zero_budget_of_initialRowMax_abs_b_sorted_of_activeMaxPivotColumn_prefix_lower_diag_ne_zero_row_scale_ratios_nat	public	theorem	57	-	retain_document	-
NumStability.Analysis.Perturbation.LeastSquares.Equality.RowwiseBackwardError	NumStability.Theorem20_7RowwiseBackwardError.uniform_bounds_of_concrete_stored_householder_qr_active_tail_compactActiveHorizon_rows_nonzero_source_initial_zero_start_zero_budget_of_initialRowMax_abs_b_sorted_of_activeMaxPivotColumn_prefix_lower_leading_diag_ne_zero_activeRatioMax_le_nat	public	theorem	58	-	retain_document	-
NumStability.Analysis.Perturbation.LeastSquares.Equality.RowwiseBackwardError	NumStability.Theorem20_7RowwiseBackwardError.uniform_bounds_of_concrete_stored_householder_qr_active_tail_compactActiveHorizon_rows_nonzero_source_initial_zero_start_zero_budget_of_initialRowMax_abs_b_sorted_of_activeMaxPivotColumn_prefix_lower_leading_diag_ne_zero_activeRatioMax_le_of_abs_b_le_nat	public	theorem	59	-	retain_document	-
NumStability.Analysis.Perturbation.LeastSquares.Equality.RowwiseBackwardError	NumStability.Theorem20_7RowwiseBackwardError.uniform_bounds_of_concrete_stored_householder_qr_active_tail_compactActiveHorizon_rows_nonzero_source_initial_zero_start_zero_budget_of_initialRowMax_abs_b_sorted_of_activeMaxPivotColumn_prefix_lower_leading_diag_ne_zero_row_scale_ratios_nat	public	theorem	60	-	retain_document	-
NumStability.Analysis.Perturbation.LeastSquares.Equality.RowwiseBackwardError	NumStability.Theorem20_7RowwiseBackwardError.uniform_bounds_of_concrete_stored_householder_qr_active_tail_compactActiveHorizon_rows_nonzero_source_initial_zero_start_zero_budget_of_initialRowMax_abs_b_sorted_of_activeMaxPivotColumn_prefix_lower_signed_alpha_budget_leading_block_det_ne_zero_activeRatioMax_le_nat	public	theorem	61	-	retain_document	-
NumStability.Analysis.Perturbation.LeastSquares.Equality.RowwiseBackwardError	NumStability.Theorem20_7RowwiseBackwardError.uniform_bounds_of_concrete_stored_householder_qr_active_tail_compactActiveHorizon_rows_nonzero_source_initial_zero_start_zero_budget_of_initialRowMax_abs_b_sorted_of_activeMaxPivotColumn_prefix_lower_signed_alpha_budget_leading_block_det_ne_zero_activeRatioMax_le_of_abs_b_le_nat	public	theorem	62	-	retain_document	-
NumStability.Analysis.Perturbation.LeastSquares.Equality.RowwiseBackwardError	NumStability.Theorem20_7RowwiseBackwardError.uniform_bounds_of_concrete_stored_householder_qr_active_tail_compactActiveHorizon_rows_nonzero_source_initial_zero_start_zero_budget_of_initialRowMax_abs_b_sorted_of_activeMaxPivotColumn_prefix_lower_signed_alpha_budget_leading_block_det_ne_zero_row_scale_ratios_nat	public	theorem	63	-	retain_document	-
NumStability.Analysis.Perturbation.LeastSquares.Equality.RowwiseBackwardError	NumStability.Theorem20_7RowwiseBackwardError.uniform_bounds_of_concrete_stored_householder_qr_active_tail_compactActiveHorizon_rows_nonzero_source_initial_zero_start_zero_budget_of_initialRowMax_abs_b_sorted_of_activeMaxPivotColumn_prefix_lower_signed_alpha_budget_sq_leading_block_det_ne_zero_activeRatioMax_le_nat	public	theorem	64	-	retain_document	-
NumStability.Analysis.Perturbation.LeastSquares.Equality.RowwiseBackwardError	NumStability.Theorem20_7RowwiseBackwardError.uniform_bounds_of_concrete_stored_householder_qr_active_tail_compactActiveHorizon_rows_nonzero_source_initial_zero_start_zero_budget_of_initialRowMax_abs_b_sorted_of_activeMaxPivotColumn_prefix_lower_signed_alpha_budget_sq_leading_block_det_ne_zero_activeRatioMax_le_of_abs_b_le_nat	public	theorem	65	-	retain_document	-
NumStability.Analysis.Perturbation.LeastSquares.Equality.RowwiseBackwardError	NumStability.Theorem20_7RowwiseBackwardError.uniform_bounds_of_concrete_stored_householder_qr_active_tail_compactActiveHorizon_rows_nonzero_source_initial_zero_start_zero_budget_of_initialRowMax_abs_b_sorted_of_activeMaxPivotColumn_prefix_lower_signed_alpha_budget_sq_leading_block_det_ne_zero_row_scale_ratios_nat	public	theorem	66	-	retain_document	-
NumStability.Analysis.Perturbation.LeastSquares.Equality.RowwiseBackwardError	NumStability.Theorem20_7RowwiseBackwardError.uniform_bounds_of_concrete_stored_householder_qr_active_tail_compactActiveHorizon_rows_nonzero_source_initial_zero_start_zero_budget_of_initialRowMax_abs_b_sorted_of_activeMaxPivotColumn_prefix_lower_signed_alpha_sqrt_budget_leading_block_det_ne_zero_activeRatioMax_le_nat	public	theorem	67	-	retain_document	-
NumStability.Analysis.Perturbation.LeastSquares.Equality.RowwiseBackwardError	NumStability.Theorem20_7RowwiseBackwardError.uniform_bounds_of_concrete_stored_householder_qr_active_tail_compactActiveHorizon_rows_nonzero_source_initial_zero_start_zero_budget_of_initialRowMax_abs_b_sorted_of_activeMaxPivotColumn_prefix_lower_signed_alpha_sqrt_budget_leading_block_det_ne_zero_activeRatioMax_le_of_abs_b_le_nat	public	theorem	68	-	retain_document	-
NumStability.Analysis.Perturbation.LeastSquares.Equality.RowwiseBackwardError	NumStability.Theorem20_7RowwiseBackwardError.uniform_bounds_of_concrete_stored_householder_qr_active_tail_compactActiveHorizon_rows_nonzero_source_initial_zero_start_zero_budget_of_initialRowMax_abs_b_sorted_of_activeMaxPivotColumn_prefix_lower_signed_alpha_sqrt_budget_leading_block_det_ne_zero_row_scale_ratios_nat	public	theorem	69	-	retain_document	-
NumStability.Analysis.Perturbation.LeastSquares.Equality.RowwiseBackwardError	NumStability.Theorem20_7RowwiseBackwardError.uniform_bounds_of_concrete_stored_householder_qr_active_tail_compactActiveHorizon_rows_nonzero_source_initial_zero_start_zero_budget_of_initialRowMax_abs_b_sorted_of_activeMaxPivotColumn_prefix_lower_signed_alpha_step_current_diag_budget_bound_ne_zero_activeRatioMax_le_nat	public	theorem	70	-	retain_document	-
NumStability.Analysis.Perturbation.LeastSquares.Equality.RowwiseBackwardError	NumStability.Theorem20_7RowwiseBackwardError.uniform_bounds_of_concrete_stored_householder_qr_active_tail_compactActiveHorizon_rows_nonzero_source_initial_zero_start_zero_budget_of_initialRowMax_abs_b_sorted_of_activeMaxPivotColumn_prefix_lower_signed_alpha_step_current_diag_budget_bound_ne_zero_activeRatioMax_le_of_abs_b_le_nat	public	theorem	71	-	retain_document	-
NumStability.Analysis.Perturbation.LeastSquares.Equality.RowwiseBackwardError	NumStability.Theorem20_7RowwiseBackwardError.uniform_bounds_of_concrete_stored_householder_qr_active_tail_compactActiveHorizon_rows_nonzero_source_initial_zero_start_zero_budget_of_initialRowMax_abs_b_sorted_of_activeMaxPivotColumn_prefix_lower_signed_alpha_step_current_diag_budget_bound_ne_zero_row_scale_ratios_nat	public	theorem	72	-	retain_document	-
NumStability.Analysis.Perturbation.LeastSquares.Equality.RowwiseBackwardError	NumStability.Theorem20_7RowwiseBackwardError.uniform_bounds_of_concrete_stored_householder_qr_active_tail_compactActiveHorizon_rows_nonzero_source_initial_zero_start_zero_budget_of_initialRowMax_abs_b_sorted_of_activeMaxPivotColumn_prefix_lower_signed_alpha_step_current_diag_ne_zero_activeRatioMax_le_nat	public	theorem	73	-	retain_document	-
NumStability.Analysis.Perturbation.LeastSquares.Equality.RowwiseBackwardError	NumStability.Theorem20_7RowwiseBackwardError.uniform_bounds_of_concrete_stored_householder_qr_active_tail_compactActiveHorizon_rows_nonzero_source_initial_zero_start_zero_budget_of_initialRowMax_abs_b_sorted_of_activeMaxPivotColumn_prefix_lower_signed_alpha_step_current_diag_ne_zero_activeRatioMax_le_of_abs_b_le_nat	public	theorem	74	-	retain_document	-
NumStability.Analysis.Perturbation.LeastSquares.Equality.RowwiseBackwardError	NumStability.Theorem20_7RowwiseBackwardError.uniform_bounds_of_concrete_stored_householder_qr_active_tail_compactActiveHorizon_rows_nonzero_source_initial_zero_start_zero_budget_of_initialRowMax_abs_b_sorted_of_activeMaxPivotColumn_prefix_lower_signed_alpha_step_current_diag_ne_zero_row_scale_ratios_nat	public	theorem	75	-	retain_document	-
NumStability.Analysis.Perturbation.LeastSquares.Equality.RowwiseBackwardError	NumStability.Theorem20_7RowwiseBackwardError.uniform_bounds_of_concrete_stored_householder_qr_active_tail_compactActiveHorizon_rows_nonzero_source_initial_zero_start_zero_budget_of_initialRowMax_abs_b_sorted_of_activeMaxPivotColumn_prefix_lower_signed_alpha_step_leading_block_det_budget_bound_ne_zero_activeRatioMax_le_nat	public	theorem	76	-	retain_document	-
NumStability.Analysis.Perturbation.LeastSquares.Equality.RowwiseBackwardError	NumStability.Theorem20_7RowwiseBackwardError.uniform_bounds_of_concrete_stored_householder_qr_active_tail_compactActiveHorizon_rows_nonzero_source_initial_zero_start_zero_budget_of_initialRowMax_abs_b_sorted_of_activeMaxPivotColumn_prefix_lower_signed_alpha_step_leading_block_det_budget_bound_ne_zero_activeRatioMax_le_of_abs_b_le_nat	public	theorem	77	-	retain_document	-
NumStability.Analysis.Perturbation.LeastSquares.Equality.RowwiseBackwardError	NumStability.Theorem20_7RowwiseBackwardError.uniform_bounds_of_concrete_stored_householder_qr_active_tail_compactActiveHorizon_rows_nonzero_source_initial_zero_start_zero_budget_of_initialRowMax_abs_b_sorted_of_activeMaxPivotColumn_prefix_lower_signed_alpha_step_leading_block_det_budget_bound_ne_zero_row_scale_ratios_nat	public	theorem	78	-	retain_document	-
NumStability.Analysis.Perturbation.LeastSquares.Equality.RowwiseBackwardError	NumStability.Theorem20_7RowwiseBackwardError.uniform_bounds_of_concrete_stored_householder_qr_active_tail_compactActiveHorizon_rows_nonzero_source_initial_zero_start_zero_budget_of_initialRowMax_abs_b_sorted_of_activeMaxPivotColumn_row_scale_ratios_nat	public	theorem	79	-	retain_document	-
NumStability.Analysis.Perturbation.LeastSquares.Equality.RowwiseBackwardError	NumStability.Theorem20_7RowwiseBackwardError.uniform_bounds_of_concrete_stored_householder_qr_active_tail_compactActiveHorizon_rows_nonzero_source_initial_zero_start_zero_budget_of_initialRowMax_abs_b_sorted_of_activeMaxPivotColumn_upper_triangular_diag_ne_zero_activeRatioMax_le_nat	public	theorem	80	-	retain_document	-
NumStability.Analysis.Perturbation.LeastSquares.Equality.RowwiseBackwardError	NumStability.Theorem20_7RowwiseBackwardError.uniform_bounds_of_concrete_stored_householder_qr_active_tail_compactActiveHorizon_rows_nonzero_source_initial_zero_start_zero_budget_of_initialRowMax_abs_b_sorted_of_activeMaxPivotColumn_upper_triangular_diag_ne_zero_activeRatioMax_le_of_abs_b_le_nat	public	theorem	81	-	retain_document	-
NumStability.Analysis.Perturbation.LeastSquares.Equality.RowwiseBackwardError	NumStability.Theorem20_7RowwiseBackwardError.uniform_bounds_of_concrete_stored_householder_qr_active_tail_compactActiveHorizon_rows_nonzero_source_initial_zero_start_zero_budget_of_initialRowMax_abs_b_sorted_of_activeMaxPivotColumn_upper_triangular_diag_ne_zero_row_scale_ratios_nat	public	theorem	82	-	retain_document	-
NumStability.Analysis.Perturbation.LeastSquares.Equality.RowwiseBackwardError	NumStability.Theorem20_7RowwiseBackwardError.uniform_bounds_of_exact_perturbations_active_row_geometric_entry_growth_rows_nonzero_nat	public	theorem	83	-	retain_document	-
NumStability.Analysis.Perturbation.LeastSquares.Equality.RowwiseBackwardError	NumStability.Theorem20_7RowwiseBackwardError.uniform_bounds_of_exact_perturbations_active_row_geometric_entry_growth_with_relative_error_rows_nonzero_nat	public	theorem	84	-	retain_document	-
NumStability.Analysis.Perturbation.LeastSquares.Equality.RowwiseBackwardError	NumStability.Theorem20_7RowwiseBackwardError.uniform_bounds_of_exact_perturbations_alphaBetaMax_le	public	theorem	85	-	retain_document	-
NumStability.Analysis.Perturbation.LeastSquares.Equality.RowwiseBackwardError	NumStability.Theorem20_7RowwiseBackwardError.uniform_bounds_of_exact_perturbations_concrete_stored_householder_qr_active_tail_compactActiveHorizon_rows_nonzero_source_initial_zero_start_zero_budget_of_initialRowMax_abs_b_mono_of_activeMaxPivotColumn_upper_triangular_diag_ne_zero_sqrtBalancedRowPolicy_of_abs_b_le_nat	public	theorem	86	-	retain_document	-
NumStability.Analysis.Perturbation.LeastSquares.Equality.RowwiseBackwardError	NumStability.Theorem20_7RowwiseBackwardError.uniform_bounds_of_exact_perturbations_coxHigham_deltaA_no_sqrt_m_active_row_geometric_entry_growth_rows_nonzero_nat	public	theorem	87	-	retain_document	-
NumStability.Analysis.Perturbation.LeastSquares.Equality.RowwiseBackwardError	NumStability.Theorem20_7RowwiseBackwardError.uniform_bounds_of_exact_perturbations_coxHigham_deltaA_no_sqrt_m_active_row_geometric_entry_growth_with_relative_error_rows_nonzero_nat	public	theorem	88	-	retain_document	-
NumStability.Analysis.Perturbation.LeastSquares.Equality.RowwiseBackwardError	NumStability.Theorem20_7RowwiseBackwardError.uniform_bounds_of_exact_perturbations_coxHigham_deltaA_no_sqrt_m_alphaBetaMax_le	public	theorem	89	-	retain_document	-
NumStability.Analysis.Perturbation.LeastSquares.Equality.RowwiseBackwardError	NumStability.Theorem20_7RowwiseBackwardError.uniform_bounds_of_exact_perturbations_h19_row_sorting_active_completed_accumulated_error_rows_nonzero_source_initial_of_initialRowMax_abs_b_mono_nat	public	theorem	90	-	retain_document	-
NumStability.Analysis.Perturbation.LeastSquares.Equality.RowwiseBackwardError	NumStability.Theorem20_7RowwiseBackwardError.uniform_bounds_of_exact_perturbations_h19_row_sorting_active_completed_accumulated_error_rows_nonzero_source_initial_of_initialRowMax_abs_b_sorted_nat	public	theorem	91	-	retain_document	-
NumStability.Analysis.Perturbation.LeastSquares.Equality.RowwiseBackwardError	NumStability.Theorem20_7RowwiseBackwardError.uniform_bounds_of_exact_perturbations_h19_row_sorting_active_completed_accumulated_error_rows_nonzero_source_initial_zero_start_of_initialRowMax_abs_b_mono_nat	public	theorem	92	-	retain_document	-
NumStability.Analysis.Perturbation.LeastSquares.Equality.RowwiseBackwardError	NumStability.Theorem20_7RowwiseBackwardError.uniform_bounds_of_exact_perturbations_h19_row_sorting_active_completed_accumulated_error_rows_nonzero_source_initial_zero_start_of_initialRowMax_abs_b_sorted_nat	public	theorem	93	-	retain_document	-
NumStability.Analysis.Perturbation.LeastSquares.Equality.RowwiseBackwardError	NumStability.Theorem20_7RowwiseBackwardError.uniform_bounds_of_exact_perturbations_h19_row_sorting_active_completed_accumulated_error_rows_nonzero_source_initial_zero_start_zero_budget_of_initialRowMax_abs_b_mono_activeRatioMax_le_of_abs_b_le_nat	public	theorem	94	-	retain_document	-
NumStability.Analysis.Perturbation.LeastSquares.Equality.RowwiseBackwardError	NumStability.Theorem20_7RowwiseBackwardError.uniform_bounds_of_exact_perturbations_h19_row_sorting_active_completed_accumulated_error_rows_nonzero_source_initial_zero_start_zero_budget_of_initialRowMax_abs_b_mono_nat	public	theorem	95	-	retain_document	-
NumStability.Analysis.Perturbation.LeastSquares.Equality.RowwiseBackwardError	NumStability.Theorem20_7RowwiseBackwardError.uniform_bounds_of_exact_perturbations_h19_row_sorting_active_completed_accumulated_error_rows_nonzero_source_initial_zero_start_zero_budget_of_initialRowMax_abs_b_sorted_activeRatioMax_le_of_abs_b_le_nat	public	theorem	96	-	retain_document	-
NumStability.Analysis.Perturbation.LeastSquares.Equality.RowwiseBackwardError	NumStability.Theorem20_7RowwiseBackwardError.uniform_bounds_of_exact_perturbations_h19_row_sorting_active_completed_accumulated_error_rows_nonzero_source_initial_zero_start_zero_budget_of_initialRowMax_abs_b_sorted_nat	public	theorem	97	-	retain_document	-
NumStability.Analysis.Perturbation.LeastSquares.Equality.RowwiseBackwardError	NumStability.Theorem20_7RowwiseBackwardError.uniform_bounds_of_exact_perturbations_h19_row_sorting_active_completion_preservation_accumulated_error_rows_nonzero_source_initial_of_initialRowMax_abs_b_mono_nat	public	theorem	98	-	retain_document	-
NumStability.Analysis.Perturbation.LeastSquares.Equality.RowwiseBackwardError	NumStability.Theorem20_7RowwiseBackwardError.uniform_bounds_of_exact_perturbations_h19_row_sorting_active_completion_preservation_accumulated_error_rows_nonzero_source_initial_of_initialRowMax_abs_b_sorted_nat	public	theorem	99	-	retain_document	-
NumStability.Analysis.Perturbation.LeastSquares.Equality.RowwiseBackwardError	NumStability.Theorem20_7RowwiseBackwardError.uniform_bounds_of_exact_perturbations_h19_row_sorting_active_completion_preservation_accumulated_error_rows_nonzero_source_initial_zero_start_of_initialRowMax_abs_b_mono_nat	public	theorem	100	-	retain_document	-
NumStability.Analysis.Perturbation.LeastSquares.Equality.RowwiseBackwardError	NumStability.Theorem20_7RowwiseBackwardError.uniform_bounds_of_exact_perturbations_h19_row_sorting_active_completion_preservation_accumulated_error_rows_nonzero_source_initial_zero_start_of_initialRowMax_abs_b_sorted_nat	public	theorem	101	-	retain_document	-
NumStability.Analysis.Perturbation.LeastSquares.Equality.RowwiseBackwardError	NumStability.Theorem20_7RowwiseBackwardError.uniform_bounds_of_exact_perturbations_h19_row_sorting_active_completion_preservation_accumulated_error_rows_nonzero_source_initial_zero_start_zero_budget_of_initialRowMax_abs_b_mono_activeRatioMax_le_of_abs_b_le_nat	public	theorem	102	-	retain_document	-
NumStability.Analysis.Perturbation.LeastSquares.Equality.RowwiseBackwardError	NumStability.Theorem20_7RowwiseBackwardError.uniform_bounds_of_exact_perturbations_h19_row_sorting_active_completion_preservation_accumulated_error_rows_nonzero_source_initial_zero_start_zero_budget_of_initialRowMax_abs_b_mono_nat	public	theorem	103	-	retain_document	-
NumStability.Analysis.Perturbation.LeastSquares.Equality.RowwiseBackwardError	NumStability.Theorem20_7RowwiseBackwardError.uniform_bounds_of_exact_perturbations_h19_row_sorting_active_completion_preservation_accumulated_error_rows_nonzero_source_initial_zero_start_zero_budget_of_initialRowMax_abs_b_sorted_activeRatioMax_le_of_abs_b_le_nat	public	theorem	104	-	retain_document	-
NumStability.Analysis.Perturbation.LeastSquares.Equality.RowwiseBackwardError	NumStability.Theorem20_7RowwiseBackwardError.uniform_bounds_of_exact_perturbations_h19_row_sorting_active_completion_preservation_accumulated_error_rows_nonzero_source_initial_zero_start_zero_budget_of_initialRowMax_abs_b_sorted_nat	public	theorem	105	-	retain_document	-
NumStability.Analysis.Perturbation.LeastSquares.Equality.RowwiseBackwardError	NumStability.Theorem20_7RowwiseBackwardError.uniform_bounds_of_exact_perturbations_h19_row_sorting_active_signed_stage_row_sorted_completion_preservation_accumulated_error_rows_nonzero_source_initial_zero_start_zero_budget_of_initialRowMax_abs_b_mono_of_activeMaxPivotColumn_stage_swaps_activeRatioMax_le_of_abs_b_le_nat	public	theorem	106	-	retain_document	-
NumStability.Analysis.Perturbation.LeastSquares.Equality.RowwiseBackwardError	NumStability.Theorem20_7RowwiseBackwardError.uniform_bounds_of_exact_perturbations_h19_row_sorting_active_tail_signed_stage_compactActiveHorizon_rows_nonzero_source_initial_zero_start_zero_budget_of_initialRowMax_abs_b_mono_of_activeMaxPivotColumn_stage_swaps_activeRatioMax_le_of_abs_b_le_nat	public	theorem	107	-	retain_document	-
NumStability.Analysis.Perturbation.LeastSquares.Equality.RowwiseBackwardError	NumStability.Theorem20_7RowwiseBackwardError.uniform_bounds_of_exact_perturbations_h19_row_sorting_active_tail_signed_stage_row_sorted_completion_preservation_accumulated_error_rows_nonzero_source_initial_active_bounds_of_initialRowMax_abs_b_sorted_nat	public	theorem	108	-	retain_document	-
NumStability.Analysis.Perturbation.LeastSquares.Equality.RowwiseBackwardError	NumStability.Theorem20_7RowwiseBackwardError.uniform_bounds_of_exact_perturbations_h19_row_sorting_active_tail_signed_stage_row_sorted_completion_preservation_accumulated_error_rows_nonzero_source_initial_zero_start_of_initialRowMax_abs_b_sorted_nat	public	theorem	109	-	retain_document	-
NumStability.Analysis.Perturbation.LeastSquares.Equality.RowwiseBackwardError	NumStability.Theorem20_7RowwiseBackwardError.uniform_bounds_of_exact_perturbations_h19_row_sorting_active_tail_signed_stage_row_sorted_completion_preservation_accumulated_error_rows_nonzero_source_initial_zero_start_zero_budget_of_initialRowMax_abs_b_sorted_nat	public	theorem	110	-	retain_document	-
NumStability.Analysis.Perturbation.LeastSquares.Equality.RowwiseBackwardError	NumStability.Theorem20_7RowwiseBackwardError.uniform_bounds_of_exact_perturbations_permuteRows_active_row_geometric_entry_growth_rows_nonzero_nat	public	theorem	111	-	retain_document	-
NumStability.Analysis.Perturbation.LeastSquares.Equality.RowwiseBackwardError	NumStability.Theorem20_7RowwiseBackwardError.uniform_bounds_of_exact_perturbations_permuteRows_active_row_geometric_entry_growth_source_deltab_rows_nonzero_nat	public	theorem	112	-	retain_document	-
NumStability.Analysis.Perturbation.LeastSquares.Equality.RowwiseBackwardError	NumStability.Theorem20_7RowwiseBackwardError.uniform_bounds_of_exact_perturbations_permuteRows_active_row_geometric_entry_growth_with_relative_error_rows_nonzero_nat	public	theorem	113	-	retain_document	-
NumStability.Analysis.Perturbation.LeastSquares.Equality.RowwiseBackwardError	NumStability.Theorem20_7RowwiseBackwardError.uniform_bounds_of_exact_perturbations_permuteRows_active_row_geometric_entry_growth_with_relative_error_source_deltab_rows_nonzero_nat	public	theorem	114	-	retain_document	-
NumStability.Analysis.Perturbation.LeastSquares.Equality.RowwiseBackwardError	NumStability.Theorem20_7RowwiseBackwardError.uniform_bounds_of_exact_perturbations_permuteRows_coxHigham_deltaA_no_sqrt_m_active_row_geometric_entry_growth_rows_nonzero_nat	public	theorem	115	-	retain_document	-
NumStability.Analysis.Perturbation.LeastSquares.Equality.RowwiseBackwardError	NumStability.Theorem20_7RowwiseBackwardError.uniform_bounds_of_exact_perturbations_permuteRows_coxHigham_deltaA_no_sqrt_m_active_row_geometric_entry_growth_source_deltab_rows_nonzero_nat	public	theorem	116	-	retain_document	-
NumStability.Analysis.Perturbation.LeastSquares.Equality.RowwiseBackwardError	NumStability.Theorem20_7RowwiseBackwardError.uniform_bounds_of_exact_perturbations_permuteRows_coxHigham_deltaA_no_sqrt_m_active_row_geometric_entry_growth_with_relative_error_rows_nonzero_nat	public	theorem	117	-	retain_document	-
NumStability.Analysis.Perturbation.LeastSquares.Equality.RowwiseBackwardError	NumStability.Theorem20_7RowwiseBackwardError.uniform_bounds_of_exact_perturbations_permuteRows_coxHigham_deltaA_no_sqrt_m_active_row_geometric_entry_growth_with_relative_error_source_deltab_rows_nonzero_nat	public	theorem	118	-	retain_document	-
NumStability.Analysis.Perturbation.LeastSquares.Equality.RowwiseBackwardError	NumStability.Theorem20_7RowwiseBackwardError.uniform_bounds_of_exact_perturbations_permuted_concrete_stored_householder_qr_active_tail_compactActiveHorizon_rows_nonzero_source_initial_zero_start_zero_budget_of_initialRowMax_abs_b_mono_of_activeMaxPivotColumn_prefix_lower_signed_alpha_budget_leading_block_det_ne_zero_sqrtBalancedRowPolicy_of_abs_b_le_nat	public	theorem	119	-	retain_document	-
NumStability.Analysis.Perturbation.LeastSquares.Equality.RowwiseBackwardError	NumStability.Theorem20_7RowwiseBackwardError.uniform_bounds_of_exact_perturbations_permuted_concrete_stored_householder_qr_active_tail_compactActiveHorizon_rows_nonzero_source_initial_zero_start_zero_budget_of_initialRowMax_abs_b_mono_of_activeMaxPivotColumn_prefix_lower_signed_alpha_budget_sq_leading_block_det_ne_zero_activeRatioMax_le_nat	public	theorem	120	-	retain_document	-
NumStability.Analysis.Perturbation.LeastSquares.Equality.RowwiseBackwardError	NumStability.Theorem20_7RowwiseBackwardError.uniform_bounds_of_exact_perturbations_permuted_concrete_stored_householder_qr_active_tail_compactActiveHorizon_rows_nonzero_source_initial_zero_start_zero_budget_of_initialRowMax_abs_b_mono_of_activeMaxPivotColumn_prefix_lower_signed_alpha_budget_sq_leading_block_det_ne_zero_activeRatioMax_le_of_abs_b_le_nat	public	theorem	121	-	retain_document	-
NumStability.Analysis.Perturbation.LeastSquares.Equality.RowwiseBackwardError	NumStability.Theorem20_7RowwiseBackwardError.uniform_bounds_of_exact_perturbations_permuted_concrete_stored_householder_qr_active_tail_compactActiveHorizon_rows_nonzero_source_initial_zero_start_zero_budget_of_initialRowMax_abs_b_mono_of_activeMaxPivotColumn_prefix_lower_signed_alpha_budget_sq_leading_block_det_ne_zero_row_scale_ratios_nat	public	theorem	122	-	retain_document	-
NumStability.Analysis.Perturbation.LeastSquares.Equality.RowwiseBackwardError	NumStability.Theorem20_7RowwiseBackwardError.uniform_bounds_of_exact_perturbations_permuted_concrete_stored_householder_qr_active_tail_compactActiveHorizon_rows_nonzero_source_initial_zero_start_zero_budget_of_initialRowMax_abs_b_mono_of_activeMaxPivotColumn_prefix_lower_signed_alpha_budget_sq_leading_block_det_ne_zero_sqrtBalancedRowPolicy_of_abs_b_le_nat	public	theorem	123	-	retain_document	-
NumStability.Analysis.Perturbation.LeastSquares.Equality.RowwiseBackwardError	NumStability.Theorem20_7RowwiseBackwardError.uniform_bounds_of_exact_perturbations_permuted_concrete_stored_householder_qr_active_tail_compactActiveHorizon_rows_nonzero_source_initial_zero_start_zero_budget_of_initialRowMax_abs_b_sorted_of_activeMaxPivotColumn_prefix_lower_signed_alpha_budget_sq_leading_block_det_ne_zero_activeRatioMax_le_nat	public	theorem	124	-	retain_document	-
NumStability.Analysis.Perturbation.LeastSquares.Equality.RowwiseBackwardError	NumStability.Theorem20_7RowwiseBackwardError.uniform_bounds_of_exact_perturbations_permuted_concrete_stored_householder_qr_active_tail_compactActiveHorizon_rows_nonzero_source_initial_zero_start_zero_budget_of_initialRowMax_abs_b_sorted_of_activeMaxPivotColumn_prefix_lower_signed_alpha_budget_sq_leading_block_det_ne_zero_activeRatioMax_le_of_abs_b_le_nat	public	theorem	125	-	retain_document	-
NumStability.Analysis.Perturbation.LeastSquares.Equality.RowwiseBackwardError	NumStability.Theorem20_7RowwiseBackwardError.uniform_bounds_of_exact_perturbations_permuted_concrete_stored_householder_qr_active_tail_compactActiveHorizon_rows_nonzero_source_initial_zero_start_zero_budget_of_initialRowMax_abs_b_sorted_of_activeMaxPivotColumn_prefix_lower_signed_alpha_budget_sq_leading_block_det_ne_zero_row_scale_ratios_nat	public	theorem	126	-	retain_document	-
NumStability.Analysis.Perturbation.LeastSquares.Equality.RowwiseBackwardError	NumStability.Theorem20_7RowwiseBackwardError.uniform_bounds_of_h19_row_sorting_active_completed_accumulated_error_rows_nonzero_source_initial_nat	public	theorem	127	-	retain_document	-
NumStability.Analysis.Perturbation.LeastSquares.Equality.RowwiseBackwardError	NumStability.Theorem20_7RowwiseBackwardError.uniform_bounds_of_h19_row_sorting_active_completed_accumulated_error_rows_nonzero_source_initial_of_initialRowMax_abs_b_sorted_nat	public	theorem	128	-	retain_document	-
NumStability.Analysis.Perturbation.LeastSquares.Equality.RowwiseBackwardError	NumStability.Theorem20_7RowwiseBackwardError.uniform_bounds_of_h19_row_sorting_active_completed_accumulated_error_rows_nonzero_source_initial_zero_start_nat	public	theorem	129	-	retain_document	-
NumStability.Analysis.Perturbation.LeastSquares.Equality.RowwiseBackwardError	NumStability.Theorem20_7RowwiseBackwardError.uniform_bounds_of_h19_row_sorting_active_completed_accumulated_error_rows_nonzero_source_initial_zero_start_of_initialRowMax_abs_b_sorted_nat	public	theorem	130	-	retain_document	-
NumStability.Analysis.Perturbation.LeastSquares.Equality.RowwiseBackwardError	NumStability.Theorem20_7RowwiseBackwardError.uniform_bounds_of_h19_row_sorting_active_completed_accumulated_error_rows_nonzero_source_initial_zero_start_zero_budget_nat	public	theorem	131	-	retain_document	-
NumStability.Analysis.Perturbation.LeastSquares.Equality.RowwiseBackwardError	NumStability.Theorem20_7RowwiseBackwardError.uniform_bounds_of_h19_row_sorting_active_completed_accumulated_error_rows_nonzero_source_initial_zero_start_zero_budget_of_initialRowMax_abs_b_mono_activeRatioMax_le_of_abs_b_le_nat	public	theorem	132	-	retain_document	-
NumStability.Analysis.Perturbation.LeastSquares.Equality.RowwiseBackwardError	NumStability.Theorem20_7RowwiseBackwardError.uniform_bounds_of_h19_row_sorting_active_completed_accumulated_error_rows_nonzero_source_initial_zero_start_zero_budget_of_initialRowMax_abs_b_mono_nat	public	theorem	133	-	retain_document	-
NumStability.Analysis.Perturbation.LeastSquares.Equality.RowwiseBackwardError	NumStability.Theorem20_7RowwiseBackwardError.uniform_bounds_of_h19_row_sorting_active_completed_accumulated_error_rows_nonzero_source_initial_zero_start_zero_budget_of_initialRowMax_abs_b_sorted_activeRatioMax_le_of_abs_b_le_nat	public	theorem	134	-	retain_document	-
NumStability.Analysis.Perturbation.LeastSquares.Equality.RowwiseBackwardError	NumStability.Theorem20_7RowwiseBackwardError.uniform_bounds_of_h19_row_sorting_active_completed_accumulated_error_rows_nonzero_source_initial_zero_start_zero_budget_of_initialRowMax_abs_b_sorted_nat	public	theorem	135	-	retain_document	-
NumStability.Analysis.Perturbation.LeastSquares.Equality.RowwiseBackwardError	NumStability.Theorem20_7RowwiseBackwardError.uniform_bounds_of_h19_row_sorting_active_completion_preservation_accumulated_error_rows_nonzero_source_initial_nat	public	theorem	136	-	retain_document	-
NumStability.Analysis.Perturbation.LeastSquares.Equality.RowwiseBackwardError	NumStability.Theorem20_7RowwiseBackwardError.uniform_bounds_of_h19_row_sorting_active_completion_preservation_accumulated_error_rows_nonzero_source_initial_of_initialRowMax_abs_b_mono_nat	public	theorem	137	-	retain_document	-
NumStability.Analysis.Perturbation.LeastSquares.Equality.RowwiseBackwardError	NumStability.Theorem20_7RowwiseBackwardError.uniform_bounds_of_h19_row_sorting_active_completion_preservation_accumulated_error_rows_nonzero_source_initial_of_initialRowMax_abs_b_sorted_nat	public	theorem	138	-	retain_document	-
NumStability.Analysis.Perturbation.LeastSquares.Equality.RowwiseBackwardError	NumStability.Theorem20_7RowwiseBackwardError.uniform_bounds_of_h19_row_sorting_active_completion_preservation_accumulated_error_rows_nonzero_source_initial_zero_start_nat	public	theorem	139	-	retain_document	-
NumStability.Analysis.Perturbation.LeastSquares.Equality.RowwiseBackwardError	NumStability.Theorem20_7RowwiseBackwardError.uniform_bounds_of_h19_row_sorting_active_completion_preservation_accumulated_error_rows_nonzero_source_initial_zero_start_of_initialRowMax_abs_b_mono_nat	public	theorem	140	-	retain_document	-
NumStability.Analysis.Perturbation.LeastSquares.Equality.RowwiseBackwardError	NumStability.Theorem20_7RowwiseBackwardError.uniform_bounds_of_h19_row_sorting_active_completion_preservation_accumulated_error_rows_nonzero_source_initial_zero_start_of_initialRowMax_abs_b_sorted_nat	public	theorem	141	-	retain_document	-
NumStability.Analysis.Perturbation.LeastSquares.Equality.RowwiseBackwardError	NumStability.Theorem20_7RowwiseBackwardError.uniform_bounds_of_h19_row_sorting_active_completion_preservation_accumulated_error_rows_nonzero_source_initial_zero_start_zero_budget_nat	public	theorem	142	-	retain_document	-
NumStability.Analysis.Perturbation.LeastSquares.Equality.RowwiseBackwardError	NumStability.Theorem20_7RowwiseBackwardError.uniform_bounds_of_h19_row_sorting_active_completion_preservation_accumulated_error_rows_nonzero_source_initial_zero_start_zero_budget_of_initialRowMax_abs_b_mono_activeRatioMax_le_of_abs_b_le_nat	public	theorem	143	-	retain_document	-
NumStability.Analysis.Perturbation.LeastSquares.Equality.RowwiseBackwardError	NumStability.Theorem20_7RowwiseBackwardError.uniform_bounds_of_h19_row_sorting_active_completion_preservation_accumulated_error_rows_nonzero_source_initial_zero_start_zero_budget_of_initialRowMax_abs_b_mono_nat	public	theorem	144	-	retain_document	-
NumStability.Analysis.Perturbation.LeastSquares.Equality.RowwiseBackwardError	NumStability.Theorem20_7RowwiseBackwardError.uniform_bounds_of_h19_row_sorting_active_completion_preservation_accumulated_error_rows_nonzero_source_initial_zero_start_zero_budget_of_initialRowMax_abs_b_sorted_activeRatioMax_le_of_abs_b_le_nat	public	theorem	145	-	retain_document	-
NumStability.Analysis.Perturbation.LeastSquares.Equality.RowwiseBackwardError	NumStability.Theorem20_7RowwiseBackwardError.uniform_bounds_of_h19_row_sorting_active_completion_preservation_accumulated_error_rows_nonzero_source_initial_zero_start_zero_budget_of_initialRowMax_abs_b_sorted_nat	public	theorem	146	-	retain_document	-
NumStability.Analysis.Perturbation.LeastSquares.Equality.RowwiseBackwardError	NumStability.Theorem20_7RowwiseBackwardError.uniform_bounds_of_h19_row_sorting_active_signed_stage_completion_preservation_accumulated_error_rows_nonzero_source_initial_zero_start_zero_budget_nat	public	theorem	147	-	retain_document	-
NumStability.Analysis.Perturbation.LeastSquares.Equality.RowwiseBackwardError	NumStability.Theorem20_7RowwiseBackwardError.uniform_bounds_of_h19_row_sorting_active_signed_stage_row_sorted_completion_preservation_accumulated_error_rows_nonzero_source_initial_zero_start_zero_budget_nat	public	theorem	148	-	retain_document	-
NumStability.Analysis.Perturbation.LeastSquares.Equality.RowwiseBackwardError	NumStability.Theorem20_7RowwiseBackwardError.uniform_bounds_of_h19_row_sorting_active_signed_stage_row_sorted_completion_preservation_accumulated_error_rows_nonzero_source_initial_zero_start_zero_budget_of_initialRowMax_abs_b_mono_of_activeMaxPivotColumn_activeRatioMax_le_nat	public	theorem	149	-	retain_document	-
NumStability.Analysis.Perturbation.LeastSquares.Equality.RowwiseBackwardError	NumStability.Theorem20_7RowwiseBackwardError.uniform_bounds_of_h19_row_sorting_active_signed_stage_row_sorted_completion_preservation_accumulated_error_rows_nonzero_source_initial_zero_start_zero_budget_of_initialRowMax_abs_b_mono_of_activeMaxPivotColumn_activeRatioMax_le_of_abs_b_le_nat	public	theorem	150	-	retain_document	-
NumStability.Analysis.Perturbation.LeastSquares.Equality.RowwiseBackwardError	NumStability.Theorem20_7RowwiseBackwardError.uniform_bounds_of_h19_row_sorting_active_signed_stage_row_sorted_completion_preservation_accumulated_error_rows_nonzero_source_initial_zero_start_zero_budget_of_initialRowMax_abs_b_mono_of_activeMaxPivotColumn_stage_swaps_activeRatioMax_le_nat	public	theorem	151	-	retain_document	-
NumStability.Analysis.Perturbation.LeastSquares.Equality.RowwiseBackwardError	NumStability.Theorem20_7RowwiseBackwardError.uniform_bounds_of_h19_row_sorting_active_signed_stage_row_sorted_completion_preservation_accumulated_error_rows_nonzero_source_initial_zero_start_zero_budget_of_initialRowMax_abs_b_mono_of_activeMaxPivotColumn_stage_swaps_activeRatioMax_le_of_abs_b_le_nat	public	theorem	152	-	retain_document	-
NumStability.Analysis.Perturbation.LeastSquares.Equality.RowwiseBackwardError	NumStability.Theorem20_7RowwiseBackwardError.uniform_bounds_of_h19_row_sorting_active_signed_stage_row_sorted_completion_preservation_accumulated_error_rows_nonzero_source_initial_zero_start_zero_budget_of_initialRowMax_abs_b_sorted_nat	public	theorem	153	-	retain_document	-
NumStability.Analysis.Perturbation.LeastSquares.Equality.RowwiseBackwardError	NumStability.Theorem20_7RowwiseBackwardError.uniform_bounds_of_h19_row_sorting_active_signed_stage_row_sorted_completion_preservation_accumulated_error_rows_nonzero_source_initial_zero_start_zero_budget_of_initialRowMax_abs_b_sorted_of_activeMaxPivotColumn_activeRatioMax_le_nat	public	theorem	154	-	retain_document	-
NumStability.Analysis.Perturbation.LeastSquares.Equality.RowwiseBackwardError	NumStability.Theorem20_7RowwiseBackwardError.uniform_bounds_of_h19_row_sorting_active_signed_stage_row_sorted_completion_preservation_accumulated_error_rows_nonzero_source_initial_zero_start_zero_budget_of_initialRowMax_abs_b_sorted_of_activeMaxPivotColumn_activeRatioMax_le_of_abs_b_le_nat	public	theorem	155	-	retain_document	-
NumStability.Analysis.Perturbation.LeastSquares.Equality.RowwiseBackwardError	NumStability.Theorem20_7RowwiseBackwardError.uniform_bounds_of_h19_row_sorting_active_signed_stage_row_sorted_completion_preservation_accumulated_error_rows_nonzero_source_initial_zero_start_zero_budget_of_initialRowMax_abs_b_sorted_of_activeMaxPivotColumn_nat	public	theorem	156	-	retain_document	-
NumStability.Analysis.Perturbation.LeastSquares.Equality.RowwiseBackwardError	NumStability.Theorem20_7RowwiseBackwardError.uniform_bounds_of_h19_row_sorting_active_signed_stage_row_sorted_completion_preservation_accumulated_error_rows_nonzero_source_initial_zero_start_zero_budget_of_initialRowMax_abs_b_sorted_of_activeMaxPivotColumn_stage_swaps_activeRatioMax_le_nat	public	theorem	157	-	retain_document	-
NumStability.Analysis.Perturbation.LeastSquares.Equality.RowwiseBackwardError	NumStability.Theorem20_7RowwiseBackwardError.uniform_bounds_of_h19_row_sorting_active_signed_stage_row_sorted_completion_preservation_accumulated_error_rows_nonzero_source_initial_zero_start_zero_budget_of_initialRowMax_abs_b_sorted_of_activeMaxPivotColumn_stage_swaps_activeRatioMax_le_of_abs_b_le_nat	public	theorem	158	-	retain_document	-
NumStability.Analysis.Perturbation.LeastSquares.Equality.RowwiseBackwardError	NumStability.Theorem20_7RowwiseBackwardError.uniform_bounds_of_h19_row_sorting_active_signed_stage_row_sorted_completion_preservation_accumulated_error_rows_nonzero_source_initial_zero_start_zero_budget_of_initialRowMax_abs_b_sorted_of_activeMaxPivotColumn_stage_swaps_nat	public	theorem	159	-	retain_document	-
NumStability.Analysis.Perturbation.LeastSquares.Equality.RowwiseBackwardError	NumStability.Theorem20_7RowwiseBackwardError.uniform_bounds_of_h19_row_sorting_active_tail_signed_stage_compactActiveHorizon_rows_nonzero_source_initial_of_initialRowMax_abs_b_sorted_nat	public	theorem	160	-	retain_document	-
NumStability.Analysis.Perturbation.LeastSquares.Equality.RowwiseBackwardError	NumStability.Theorem20_7RowwiseBackwardError.uniform_bounds_of_h19_row_sorting_active_tail_signed_stage_compactActiveHorizon_rows_nonzero_source_initial_zero_start_of_initialRowMax_abs_b_sorted_nat	public	theorem	161	-	retain_document	-
NumStability.Analysis.Perturbation.LeastSquares.Equality.RowwiseBackwardError	NumStability.Theorem20_7RowwiseBackwardError.uniform_bounds_of_h19_row_sorting_active_tail_signed_stage_compactActiveHorizon_rows_nonzero_source_initial_zero_start_zero_budget_of_initialRowMax_abs_b_mono_of_activeMaxPivotColumn_stage_swaps_activeRatioMax_le_nat	public	theorem	162	-	retain_document	-
NumStability.Analysis.Perturbation.LeastSquares.Equality.RowwiseBackwardError	NumStability.Theorem20_7RowwiseBackwardError.uniform_bounds_of_h19_row_sorting_active_tail_signed_stage_compactActiveHorizon_rows_nonzero_source_initial_zero_start_zero_budget_of_initialRowMax_abs_b_mono_of_activeMaxPivotColumn_stage_swaps_activeRatioMax_le_of_abs_b_le_nat	public	theorem	163	-	retain_document	-
NumStability.Analysis.Perturbation.LeastSquares.Equality.RowwiseBackwardError	NumStability.Theorem20_7RowwiseBackwardError.uniform_bounds_of_h19_row_sorting_active_tail_signed_stage_compactActiveHorizon_rows_nonzero_source_initial_zero_start_zero_budget_of_initialRowMax_abs_b_mono_of_activeMaxPivotColumn_stage_swaps_row_scale_ratios_nat	public	theorem	164	-	retain_document	-
NumStability.Analysis.Perturbation.LeastSquares.Equality.RowwiseBackwardError	NumStability.Theorem20_7RowwiseBackwardError.uniform_bounds_of_h19_row_sorting_active_tail_signed_stage_compactActiveHorizon_rows_nonzero_source_initial_zero_start_zero_budget_of_initialRowMax_abs_b_sorted_nat	public	theorem	165	-	retain_document	-
NumStability.Analysis.Perturbation.LeastSquares.Equality.RowwiseBackwardError	NumStability.Theorem20_7RowwiseBackwardError.uniform_bounds_of_h19_row_sorting_active_tail_signed_stage_compactActiveHorizon_rows_nonzero_source_initial_zero_start_zero_budget_of_initialRowMax_abs_b_sorted_of_activeMaxPivotColumn_nat	public	theorem	166	-	retain_document	-
NumStability.Analysis.Perturbation.LeastSquares.Equality.RowwiseBackwardError	NumStability.Theorem20_7RowwiseBackwardError.uniform_bounds_of_h19_row_sorting_active_tail_signed_stage_compactActiveHorizon_rows_nonzero_source_initial_zero_start_zero_budget_of_initialRowMax_abs_b_sorted_of_activeMaxPivotColumn_row_scale_ratios_nat	public	theorem	167	-	retain_document	-
NumStability.Analysis.Perturbation.LeastSquares.Equality.RowwiseBackwardError	NumStability.Theorem20_7RowwiseBackwardError.uniform_bounds_of_h19_row_sorting_active_tail_signed_stage_compactActiveHorizon_rows_nonzero_source_initial_zero_start_zero_budget_of_initialRowMax_abs_b_sorted_of_activeMaxPivotColumn_stage_swaps_activeRatioMax_le_nat	public	theorem	168	-	retain_document	-
NumStability.Analysis.Perturbation.LeastSquares.Equality.RowwiseBackwardError	NumStability.Theorem20_7RowwiseBackwardError.uniform_bounds_of_h19_row_sorting_active_tail_signed_stage_compactActiveHorizon_rows_nonzero_source_initial_zero_start_zero_budget_of_initialRowMax_abs_b_sorted_of_activeMaxPivotColumn_stage_swaps_activeRatioMax_le_of_abs_b_le_nat	public	theorem	169	-	retain_document	-
NumStability.Analysis.Perturbation.LeastSquares.Equality.RowwiseBackwardError	NumStability.Theorem20_7RowwiseBackwardError.uniform_bounds_of_h19_row_sorting_active_tail_signed_stage_compactActiveHorizon_rows_nonzero_source_initial_zero_start_zero_budget_of_initialRowMax_abs_b_sorted_of_activeMaxPivotColumn_stage_swaps_nat	public	theorem	170	-	retain_document	-
NumStability.Analysis.Perturbation.LeastSquares.Equality.RowwiseBackwardError	NumStability.Theorem20_7RowwiseBackwardError.uniform_bounds_of_h19_row_sorting_active_tail_signed_stage_compactActiveHorizon_rows_nonzero_source_initial_zero_start_zero_budget_of_initialRowMax_abs_b_sorted_of_activeMaxPivotColumn_stage_swaps_row_scale_ratios_nat	public	theorem	171	-	retain_document	-
NumStability.Analysis.Perturbation.LeastSquares.Equality.RowwiseBackwardError	NumStability.Theorem20_7RowwiseBackwardError.uniform_bounds_of_h19_row_sorting_active_tail_signed_stage_row_sorted_completion_preservation_accumulated_error_rows_nonzero_source_initial_active_bounds_of_initialRowMax_abs_b_sorted_nat	public	theorem	172	-	retain_document	-
NumStability.Analysis.Perturbation.LeastSquares.Equality.RowwiseBackwardError	NumStability.Theorem20_7RowwiseBackwardError.uniform_bounds_of_h19_row_sorting_active_tail_signed_stage_row_sorted_completion_preservation_accumulated_error_rows_nonzero_source_initial_of_initialRowMax_abs_b_sorted_nat	public	theorem	173	-	retain_document	-
NumStability.Analysis.Perturbation.LeastSquares.Equality.RowwiseBackwardError	NumStability.Theorem20_7RowwiseBackwardError.uniform_bounds_of_h19_row_sorting_active_tail_signed_stage_row_sorted_completion_preservation_accumulated_error_rows_nonzero_source_initial_zero_start_of_initialRowMax_abs_b_sorted_nat	public	theorem	174	-	retain_document	-
NumStability.Analysis.Perturbation.LeastSquares.Equality.RowwiseBackwardError	NumStability.Theorem20_7RowwiseBackwardError.uniform_bounds_of_h19_row_sorting_active_tail_signed_stage_row_sorted_completion_preservation_accumulated_error_rows_nonzero_source_initial_zero_start_zero_budget_of_initialRowMax_abs_b_sorted_nat	public	theorem	175	-	retain_document	-
NumStability.Analysis.Perturbation.LeastSquares.Equality.RowwiseBackwardError	NumStability.Theorem20_7RowwiseBackwardError.uniform_bounds_of_permuteRows_active_row_geometric_entry_growth_rows_nonzero_nat	public	theorem	176	-	retain_document	-
NumStability.Analysis.Perturbation.LeastSquares.Equality.RowwiseBackwardError	NumStability.Theorem20_7RowwiseBackwardError.uniform_bounds_of_permuteRows_active_row_geometric_entry_growth_with_relative_error_rows_nonzero_nat	public	theorem	177	-	retain_document	-
NumStability.Analysis.Perturbation.LeastSquares.Equality.RowwiseBackwardError	NumStability.Theorem20_7RowwiseBackwardError.uniform_bounds_of_permuted_concrete_stored_householder_qr_active_tail_compactActiveHorizon_rows_nonzero_source_initial_zero_start_zero_budget_of_initialRowMax_abs_b_mono_of_activeMaxPivotColumn_prefix_lower_signed_alpha_budget_leading_block_det_ne_zero_activeRatioMax_le_nat	public	theorem	178	-	retain_document	-
NumStability.Analysis.Perturbation.LeastSquares.Equality.RowwiseBackwardError	NumStability.Theorem20_7RowwiseBackwardError.uniform_bounds_of_permuted_concrete_stored_householder_qr_active_tail_compactActiveHorizon_rows_nonzero_source_initial_zero_start_zero_budget_of_initialRowMax_abs_b_mono_of_activeMaxPivotColumn_prefix_lower_signed_alpha_budget_leading_block_det_ne_zero_activeRatioMax_le_of_abs_b_le_nat	public	theorem	179	-	retain_document	-
NumStability.Analysis.Perturbation.LeastSquares.Equality.RowwiseBackwardError	NumStability.Theorem20_7RowwiseBackwardError.uniform_bounds_of_permuted_concrete_stored_householder_qr_active_tail_compactActiveHorizon_rows_nonzero_source_initial_zero_start_zero_budget_of_initialRowMax_abs_b_mono_of_activeMaxPivotColumn_prefix_lower_signed_alpha_budget_leading_block_det_ne_zero_sqrtBalancedRowPolicy_of_abs_b_le_nat	public	theorem	180	-	retain_document	-
NumStability.Analysis.Perturbation.LeastSquares.Equality.RowwiseBackwardError	NumStability.Theorem20_7RowwiseBackwardError.uniform_bounds_of_permuted_concrete_stored_householder_qr_active_tail_compactActiveHorizon_rows_nonzero_source_initial_zero_start_zero_budget_of_initialRowMax_abs_b_mono_of_activeMaxPivotColumn_prefix_lower_signed_alpha_budget_sq_leading_block_det_ne_zero_activeRatioMax_le_nat	public	theorem	181	-	retain_document	-
NumStability.Analysis.Perturbation.LeastSquares.Equality.RowwiseBackwardError	NumStability.Theorem20_7RowwiseBackwardError.uniform_bounds_of_permuted_concrete_stored_householder_qr_active_tail_compactActiveHorizon_rows_nonzero_source_initial_zero_start_zero_budget_of_initialRowMax_abs_b_mono_of_activeMaxPivotColumn_prefix_lower_signed_alpha_budget_sq_leading_block_det_ne_zero_activeRatioMax_le_of_abs_b_le_nat	public	theorem	182	-	retain_document	-
NumStability.Analysis.Perturbation.LeastSquares.Equality.RowwiseBackwardError	NumStability.Theorem20_7RowwiseBackwardError.uniform_bounds_of_permuted_concrete_stored_householder_qr_active_tail_compactActiveHorizon_rows_nonzero_source_initial_zero_start_zero_budget_of_initialRowMax_abs_b_mono_of_activeMaxPivotColumn_prefix_lower_signed_alpha_budget_sq_leading_block_det_ne_zero_row_scale_ratios_nat	public	theorem	183	-	retain_document	-
NumStability.Analysis.Perturbation.LeastSquares.Equality.RowwiseBackwardError	NumStability.Theorem20_7RowwiseBackwardError.uniform_bounds_of_permuted_concrete_stored_householder_qr_active_tail_compactActiveHorizon_rows_nonzero_source_initial_zero_start_zero_budget_of_initialRowMax_abs_b_mono_of_activeMaxPivotColumn_prefix_lower_signed_alpha_budget_sq_leading_block_det_ne_zero_sqrtBalancedRowPolicy_of_abs_b_le_nat	public	theorem	184	-	retain_document	-
NumStability.Analysis.Perturbation.LeastSquares.Equality.RowwiseBackwardError	NumStability.Theorem20_7RowwiseBackwardError.uniform_bounds_of_permuted_concrete_stored_householder_qr_active_tail_compactActiveHorizon_rows_nonzero_source_initial_zero_start_zero_budget_of_initialRowMax_abs_b_sorted_of_activeMaxPivotColumn_prefix_lower_signed_alpha_budget_leading_block_det_ne_zero_activeRatioMax_le_nat	public	theorem	185	-	retain_document	-
NumStability.Analysis.Perturbation.LeastSquares.Equality.RowwiseBackwardError	NumStability.Theorem20_7RowwiseBackwardError.uniform_bounds_of_permuted_concrete_stored_householder_qr_active_tail_compactActiveHorizon_rows_nonzero_source_initial_zero_start_zero_budget_of_initialRowMax_abs_b_sorted_of_activeMaxPivotColumn_prefix_lower_signed_alpha_budget_leading_block_det_ne_zero_activeRatioMax_le_of_abs_b_le_nat	public	theorem	186	-	retain_document	-
NumStability.Analysis.Perturbation.LeastSquares.Equality.RowwiseBackwardError	NumStability.Theorem20_7RowwiseBackwardError.uniform_bounds_of_permuted_concrete_stored_householder_qr_active_tail_compactActiveHorizon_rows_nonzero_source_initial_zero_start_zero_budget_of_initialRowMax_abs_b_sorted_of_activeMaxPivotColumn_prefix_lower_signed_alpha_budget_sq_leading_block_det_ne_zero_activeRatioMax_le_nat	public	theorem	187	-	retain_document	-
NumStability.Analysis.Perturbation.LeastSquares.Equality.RowwiseBackwardError	NumStability.Theorem20_7RowwiseBackwardError.uniform_bounds_of_permuted_concrete_stored_householder_qr_active_tail_compactActiveHorizon_rows_nonzero_source_initial_zero_start_zero_budget_of_initialRowMax_abs_b_sorted_of_activeMaxPivotColumn_prefix_lower_signed_alpha_budget_sq_leading_block_det_ne_zero_activeRatioMax_le_of_abs_b_le_nat	public	theorem	188	-	retain_document	-
NumStability.Analysis.Perturbation.LeastSquares.Equality.RowwiseBackwardError	NumStability.Theorem20_7RowwiseBackwardError.uniform_bounds_of_permuted_concrete_stored_householder_qr_active_tail_compactActiveHorizon_rows_nonzero_source_initial_zero_start_zero_budget_of_initialRowMax_abs_b_sorted_of_activeMaxPivotColumn_prefix_lower_signed_alpha_budget_sq_leading_block_det_ne_zero_row_scale_ratios_nat	public	theorem	189	-	retain_document	-
NumStability.Analysis.Perturbation.LeastSquares.Equality.RowwiseBackwardError	NumStability.theorem20_7_activeInitialRowMaxRatioMax	public	definition	190	-	retain_document	-
NumStability.Analysis.Perturbation.LeastSquares.Equality.RowwiseBackwardError	NumStability.theorem20_7_activeInitialRowMaxRatioMax_le_of_forall_nat	public	theorem	191	-	retain_document	-
NumStability.Analysis.Perturbation.LeastSquares.Equality.RowwiseBackwardError	NumStability.theorem20_7_activeInitialRowMaxRatioMax_le_sqrt_of_forall_nat	public	theorem	192	-	retain_document	-
NumStability.Analysis.Perturbation.LeastSquares.Equality.RowwiseBackwardError	NumStability.theorem20_7_activeInitialRowMaxRatioMax_le_sqrt_of_sqrt_domination_nat	public	theorem	193	-	retain_document	-
NumStability.Analysis.Perturbation.LeastSquares.Equality.RowwiseBackwardError	NumStability.theorem20_7_activeInitialWeightedRowMaxRatioMax	public	definition	194	-	retain_document	-
NumStability.Analysis.Perturbation.LeastSquares.Equality.RowwiseBackwardError	NumStability.theorem20_7_activeInitialWeightedRowMaxRatioMax_le_of_activeInitialRowMaxRatioMax_le_abs_b_le_nat	public	theorem	195	-	retain_document	-
NumStability.Analysis.Perturbation.LeastSquares.Equality.RowwiseBackwardError	NumStability.theorem20_7_activeInitialWeightedRowMaxRatioMax_le_of_forall_nat	public	theorem	196	-	retain_document	-
NumStability.Analysis.Perturbation.LeastSquares.Equality.RowwiseBackwardError	NumStability.theorem20_7_activeInitialWeightedRowMaxRatioMax_le_sqrt_of_activeInitialRowMaxRatioMax_le_abs_b_le_nat	public	theorem	197	-	retain_document	-
NumStability.Analysis.Perturbation.LeastSquares.Equality.RowwiseBackwardError	NumStability.theorem20_7_activeInitialWeightedRowMaxRatioMax_le_sqrt_of_forall_nat	public	theorem	198	-	retain_document	-
NumStability.Analysis.Perturbation.LeastSquares.Equality.RowwiseBackwardError	NumStability.theorem20_7_activeInitialWeightedRowMaxRatioMax_le_sqrt_of_permuteRows_activeInitialRowMaxRatioMax_le_abs_b_le_nat	public	theorem	199	-	retain_document	-
NumStability.Analysis.Perturbation.LeastSquares.Equality.RowwiseBackwardError	NumStability.theorem20_7_activeInitialWeightedRowMaxRatioMax_le_sqrt_of_sqrt_domination_nat	public	theorem	200	-	retain_document	-
NumStability.Analysis.Perturbation.LeastSquares.Equality.RowwiseBackwardError	NumStability.theorem20_7_activeRatioMax_fields_of_sqrtBalancedRowPolicy_abs_b_mono_nat	public	theorem	201	-	retain_document	-
NumStability.Analysis.Perturbation.LeastSquares.Equality.RowwiseBackwardError	NumStability.theorem20_7_active_row_growth_factor_le_compactActiveStepFactor	public	theorem	202	-	retain_document	-
NumStability.Analysis.Perturbation.LeastSquares.Equality.RowwiseBackwardError	NumStability.theorem20_7_active_stageA_bound_all_of_h19_row_sorting_source_initial_accumulated_error_compactActiveHorizon_nat	public	theorem	203	-	retain_document	-
NumStability.Analysis.Perturbation.LeastSquares.Equality.RowwiseBackwardError	NumStability.theorem20_7_active_stageA_bound_all_of_stored_panel_lower_zero_and_active_tail_compactActiveHorizon_nat	public	theorem	204	-	retain_document	-
NumStability.Analysis.Perturbation.LeastSquares.Equality.RowwiseBackwardError	NumStability.theorem20_7_active_tail_stageA_bound_of_h19_row_sorting_source_initial_accumulated_error_compactActiveHorizon_nat	public	theorem	205	-	retain_document	-
NumStability.Analysis.Perturbation.LeastSquares.Equality.RowwiseBackwardError	NumStability.theorem20_7_active_tail_stageA_bound_of_h19_row_sorting_source_initial_accumulated_error_compactActiveHorizon_row_scale_ratios_nat	public	theorem	206	-	retain_document	-
NumStability.Analysis.Perturbation.LeastSquares.Equality.RowwiseBackwardError	NumStability.theorem20_7_active_tail_stageA_bound_of_h19_row_sorting_source_initial_accumulated_error_nat	public	theorem	207	-	retain_document	-
NumStability.Analysis.Perturbation.LeastSquares.Equality.RowwiseBackwardError	NumStability.theorem20_7_active_tail_stageB_bound_of_h19_row_sorting_source_initial_accumulated_error_compactActiveHorizon_nat	public	theorem	208	-	retain_document	-
NumStability.Analysis.Perturbation.LeastSquares.Equality.RowwiseBackwardError	NumStability.theorem20_7_active_tail_stageB_bound_of_h19_row_sorting_source_initial_accumulated_error_compactActiveHorizon_row_scale_ratios_nat	public	theorem	209	-	retain_document	-
NumStability.Analysis.Perturbation.LeastSquares.Equality.RowwiseBackwardError	NumStability.theorem20_7_active_tail_stageB_bound_of_h19_row_sorting_source_initial_accumulated_error_nat	public	theorem	210	-	retain_document	-
NumStability.Analysis.Perturbation.LeastSquares.Equality.RowwiseBackwardError	NumStability.theorem20_7_alphaBetaMax	public	definition	211	-	retain_document	-
NumStability.Analysis.Perturbation.LeastSquares.Equality.RowwiseBackwardError	NumStability.theorem20_7_alphaBetaMax_le_of_active_completed_entry_growth_compactActiveHorizon_nat	public	theorem	212	-	retain_document	-
NumStability.Analysis.Perturbation.LeastSquares.Equality.RowwiseBackwardError	NumStability.theorem20_7_alphaBetaMax_le_of_active_row_geometric_entry_growth_nat	public	theorem	213	-	retain_document	-
NumStability.Analysis.Perturbation.LeastSquares.Equality.RowwiseBackwardError	NumStability.theorem20_7_alphaBetaMax_le_of_active_row_geometric_entry_growth_rows_nonzero_nat	public	theorem	214	-	retain_document	-
NumStability.Analysis.Perturbation.LeastSquares.Equality.RowwiseBackwardError	NumStability.theorem20_7_alphaBetaMax_le_of_active_row_geometric_entry_growth_with_relative_error_nat	public	theorem	215	-	retain_document	-
NumStability.Analysis.Perturbation.LeastSquares.Equality.RowwiseBackwardError	NumStability.theorem20_7_alphaBetaMax_le_of_active_row_geometric_entry_growth_with_relative_error_rows_nonzero_nat	public	theorem	216	-	retain_document	-
NumStability.Analysis.Perturbation.LeastSquares.Equality.RowwiseBackwardError	NumStability.theorem20_7_alphaBetaMax_le_of_alpha_beta_le	public	theorem	217	-	retain_document	-
NumStability.Analysis.Perturbation.LeastSquares.Equality.RowwiseBackwardError	NumStability.theorem20_7_alphaBetaMax_le_of_h19_row_sorting_active_completed_accumulated_error_nat	public	theorem	218	-	retain_document	-
NumStability.Analysis.Perturbation.LeastSquares.Equality.RowwiseBackwardError	NumStability.theorem20_7_alphaBetaMax_le_of_h19_row_sorting_active_completion_preservation_accumulated_error_nat	public	theorem	219	-	retain_document	-
NumStability.Analysis.Perturbation.LeastSquares.Equality.RowwiseBackwardError	NumStability.theorem20_7_alphaBetaMax_le_of_h19_row_sorting_active_signed_stage_completion_preservation_accumulated_error_nat	public	theorem	220	-	retain_document	-
NumStability.Analysis.Perturbation.LeastSquares.Equality.RowwiseBackwardError	NumStability.theorem20_7_alphaBetaMax_le_of_h19_row_sorting_active_signed_stage_row_sorted_completion_preservation_accumulated_error_nat	public	theorem	221	-	retain_document	-
NumStability.Analysis.Perturbation.LeastSquares.Equality.RowwiseBackwardError	NumStability.theorem20_7_alphaBetaMax_le_of_h19_row_sorting_active_signed_stage_row_sorted_completion_preservation_accumulated_error_of_initialRowMax_abs_b_sorted_nat	public	theorem	222	-	retain_document	-
NumStability.Analysis.Perturbation.LeastSquares.Equality.RowwiseBackwardError	NumStability.theorem20_7_alphaBetaMax_le_of_h19_row_sorting_active_tail_signed_stage_row_sorted_completion_preservation_accumulated_error_nat	public	theorem	223	-	retain_document	-
NumStability.Analysis.Perturbation.LeastSquares.Equality.RowwiseBackwardError	NumStability.theorem20_7_alphaBetaMax_le_of_permuteRows_active_row_geometric_entry_growth_rows_nonzero_nat	public	theorem	224	-	retain_document	-
NumStability.Analysis.Perturbation.LeastSquares.Equality.RowwiseBackwardError	NumStability.theorem20_7_alphaBetaMax_le_of_permuteRows_active_row_geometric_entry_growth_with_relative_error_rows_nonzero_nat	public	theorem	225	-	retain_document	-
NumStability.Analysis.Perturbation.LeastSquares.Equality.RowwiseBackwardError	NumStability.theorem20_7_alphaBetaMax_le_of_row_sorting_active_completed_entry_growth_with_relative_error_nat	public	theorem	226	-	retain_document	-
NumStability.Analysis.Perturbation.LeastSquares.Equality.RowwiseBackwardError	NumStability.theorem20_7_alphaBetaMax_le_of_row_sorting_geometric_entry_growth_nat	public	theorem	227	-	retain_document	-
NumStability.Analysis.Perturbation.LeastSquares.Equality.RowwiseBackwardError	NumStability.theorem20_7_alphaBetaMax_le_of_row_sorting_geometric_entry_growth_with_relative_error_nat	public	theorem	228	-	retain_document	-
NumStability.Analysis.Perturbation.LeastSquares.Equality.RowwiseBackwardError	NumStability.theorem20_7_alphaBetaMax_le_of_uniform_entry_growth	public	theorem	229	-	retain_document	-
NumStability.Analysis.Perturbation.LeastSquares.Equality.RowwiseBackwardError	NumStability.theorem20_7_alphaBetaMax_le_of_uniform_entry_growth_nat	public	theorem	230	-	retain_document	-
NumStability.Analysis.Perturbation.LeastSquares.Equality.RowwiseBackwardError	NumStability.theorem20_7_alphaBetaMax_le_of_uniform_geometric_entry_growth_nat	public	theorem	231	-	retain_document	-
NumStability.Analysis.Perturbation.LeastSquares.Equality.RowwiseBackwardError	NumStability.theorem20_7_alpha_le_alphaBetaMax	public	theorem	232	-	retain_document	-
NumStability.Analysis.Perturbation.LeastSquares.Equality.RowwiseBackwardError	NumStability.theorem20_7_alpha_le_of_alphaBetaMax_le	public	theorem	233	-	retain_document	-
NumStability.Analysis.Perturbation.LeastSquares.Equality.RowwiseBackwardError	NumStability.theorem20_7_alpha_le_of_entry_growth	public	theorem	234	-	retain_document	-
NumStability.Analysis.Perturbation.LeastSquares.Equality.RowwiseBackwardError	NumStability.theorem20_7_beta	public	definition	235	-	retain_document	-
NumStability.Analysis.Perturbation.LeastSquares.Equality.RowwiseBackwardError	NumStability.theorem20_7_beta_le_alphaBetaMax	public	theorem	236	-	retain_document	-
NumStability.Analysis.Perturbation.LeastSquares.Equality.RowwiseBackwardError	NumStability.theorem20_7_beta_le_of_alphaBetaMax_le	public	theorem	237	-	retain_document	-
NumStability.Analysis.Perturbation.LeastSquares.Equality.RowwiseBackwardError	NumStability.theorem20_7_beta_le_of_component_bounds	public	theorem	238	-	retain_document	-
NumStability.Analysis.Perturbation.LeastSquares.Equality.RowwiseBackwardError	NumStability.theorem20_7_beta_le_of_stageWeighted_le_mul_initial	public	theorem	239	-	retain_document	-
NumStability.Analysis.Perturbation.LeastSquares.Equality.RowwiseBackwardError	NumStability.theorem20_7_beta_permuteRows	public	theorem	240	-	retain_document	-
NumStability.Analysis.Perturbation.LeastSquares.Equality.RowwiseBackwardError	NumStability.theorem20_7_compactActiveHorizonStepSlack_coeff_bound_nat	public	theorem	241	-	retain_document	-
NumStability.Analysis.Perturbation.LeastSquares.Equality.RowwiseBackwardError	NumStability.theorem20_7_compactActiveHorizon_le_final_nat	public	theorem	242	-	retain_document	-
NumStability.Analysis.Perturbation.LeastSquares.Equality.RowwiseBackwardError	NumStability.theorem20_7_compactActiveHorizon_le_of_le	public	theorem	243	-	retain_document	-
NumStability.Analysis.Perturbation.LeastSquares.Equality.RowwiseBackwardError	NumStability.theorem20_7_compactActiveStepFactor_not_le_rowwise_step_growth_factor_nine	public	theorem	244	-	retain_document	-
NumStability.Analysis.Perturbation.LeastSquares.Equality.RowwiseBackwardError	NumStability.theorem20_7_compactStepSlack_coeff_bound_nat	public	theorem	245	-	retain_document	-
NumStability.Analysis.Perturbation.LeastSquares.Equality.RowwiseBackwardError	NumStability.theorem20_7_compactStepSlack_recurrence_of_compactActiveStepFactor_bound_nat	public	theorem	246	-	retain_document	-
NumStability.Analysis.Perturbation.LeastSquares.Equality.RowwiseBackwardError	NumStability.theorem20_7_completedA_bound_of_completion_preservation_compactActiveHorizon_nat	public	theorem	247	-	retain_document	-
NumStability.Analysis.Perturbation.LeastSquares.Equality.RowwiseBackwardError	NumStability.theorem20_7_completedA_bound_of_completion_preservation_nat	public	theorem	248	-	retain_document	-
NumStability.Analysis.Perturbation.LeastSquares.Equality.RowwiseBackwardError	NumStability.theorem20_7_completedA_bound_of_h19_signed_stage_row_sorting_active_tail_stage_compactActiveHorizon_nat	public	theorem	249	-	retain_document	-
NumStability.Analysis.Perturbation.LeastSquares.Equality.RowwiseBackwardError	NumStability.theorem20_7_completedB_bound_of_completion_preservation_compactActiveHorizon_nat	public	theorem	250	-	retain_document	-
NumStability.Analysis.Perturbation.LeastSquares.Equality.RowwiseBackwardError	NumStability.theorem20_7_completedB_bound_of_completion_preservation_nat	public	theorem	251	-	retain_document	-
NumStability.Analysis.Perturbation.LeastSquares.Equality.RowwiseBackwardError	NumStability.theorem20_7_completedB_bound_of_h19_signed_stage_row_sorting_active_stage_compactActiveHorizon_nat	public	theorem	252	-	retain_document	-
NumStability.Analysis.Perturbation.LeastSquares.Equality.RowwiseBackwardError	NumStability.theorem20_7_completionA_active_tail_bound_of_h19_signed_stage_budget_nat	public	theorem	253	-	retain_document	-
NumStability.Analysis.Perturbation.LeastSquares.Equality.RowwiseBackwardError	NumStability.theorem20_7_completionA_active_tail_bound_of_h19_stored_panel_step_budget_nat	public	theorem	254	-	retain_document	-
NumStability.Analysis.Perturbation.LeastSquares.Equality.RowwiseBackwardError	NumStability.theorem20_7_completionA_bound_of_h19_signed_stage_active_stage_budget_nat	public	theorem	255	-	retain_document	-
NumStability.Analysis.Perturbation.LeastSquares.Equality.RowwiseBackwardError	NumStability.theorem20_7_completionA_bound_of_h19_signed_stage_budget_nat	public	theorem	256	-	retain_document	-
NumStability.Analysis.Perturbation.LeastSquares.Equality.RowwiseBackwardError	NumStability.theorem20_7_completionA_bound_of_h19_signed_stage_row_sorting_active_stage_budget_nat	public	theorem	257	-	retain_document	-
NumStability.Analysis.Perturbation.LeastSquares.Equality.RowwiseBackwardError	NumStability.theorem20_7_completionA_bound_of_h19_signed_stage_row_sorting_active_tail_stage_budget_nat	public	theorem	258	-	retain_document	-
NumStability.Analysis.Perturbation.LeastSquares.Equality.RowwiseBackwardError	NumStability.theorem20_7_completionA_bound_of_h19_signed_stage_row_sorting_active_tail_stage_compactActiveHorizon_nat	public	theorem	259	-	retain_document	-
NumStability.Analysis.Perturbation.LeastSquares.Equality.RowwiseBackwardError	NumStability.theorem20_7_completionA_bound_of_h19_stored_panel_step_budget_nat	public	theorem	260	-	retain_document	-
NumStability.Analysis.Perturbation.LeastSquares.Equality.RowwiseBackwardError	NumStability.theorem20_7_completionA_bound_of_stored_panel_lower_zero_and_active_tail_nat	public	theorem	261	-	retain_document	-
NumStability.Analysis.Perturbation.LeastSquares.Equality.RowwiseBackwardError	NumStability.theorem20_7_completionA_budget_of_signed_stage_active_entry_trailingNorm_slack_horizon_nat	public	theorem	262	-	retain_document	-
NumStability.Analysis.Perturbation.LeastSquares.Equality.RowwiseBackwardError	NumStability.theorem20_7_completionA_budget_of_signed_stage_active_entry_trailingNorm_slack_nat	public	theorem	263	-	retain_document	-
NumStability.Analysis.Perturbation.LeastSquares.Equality.RowwiseBackwardError	NumStability.theorem20_7_completionA_budget_of_signed_stage_component_slack_horizon_nat	public	theorem	264	-	retain_document	-
NumStability.Analysis.Perturbation.LeastSquares.Equality.RowwiseBackwardError	NumStability.theorem20_7_completionA_budget_of_signed_stage_component_slack_nat	public	theorem	265	-	retain_document	-
NumStability.Analysis.Perturbation.LeastSquares.Equality.RowwiseBackwardError	NumStability.theorem20_7_completionA_budget_of_signed_stage_norm_coeff_active_entry_slack_horizon_nat	public	theorem	266	-	retain_document	-
NumStability.Analysis.Perturbation.LeastSquares.Equality.RowwiseBackwardError	NumStability.theorem20_7_completionA_budget_of_signed_stage_norm_coeff_active_entry_slack_nat	public	theorem	267	-	retain_document	-
NumStability.Analysis.Perturbation.LeastSquares.Equality.RowwiseBackwardError	NumStability.theorem20_7_completionA_budget_of_signed_stage_norm_coeff_entry_slack_nat	public	theorem	268	-	retain_document	-
NumStability.Analysis.Perturbation.LeastSquares.Equality.RowwiseBackwardError	NumStability.theorem20_7_completionA_budget_of_signed_stage_norm_coeff_slack_nat	public	theorem	269	-	retain_document	-
NumStability.Analysis.Perturbation.LeastSquares.Equality.RowwiseBackwardError	NumStability.theorem20_7_completionA_budget_of_signed_stage_row_sorting_active_tail_trailingNorm_compactActiveHorizon_nat	public	theorem	270	-	retain_document	-
NumStability.Analysis.Perturbation.LeastSquares.Equality.RowwiseBackwardError	NumStability.theorem20_7_completionA_budget_of_signed_stage_row_sorting_active_tail_trailingNorm_slack_horizon_nat	public	theorem	271	-	retain_document	-
NumStability.Analysis.Perturbation.LeastSquares.Equality.RowwiseBackwardError	NumStability.theorem20_7_completionA_budget_of_signed_stage_row_sorting_active_tail_trailingNorm_slack_nat	public	theorem	272	-	retain_document	-
NumStability.Analysis.Perturbation.LeastSquares.Equality.RowwiseBackwardError	NumStability.theorem20_7_completionB_bound_of_h19_signed_stage_active_stage_budget_nat	public	theorem	273	-	retain_document	-
NumStability.Analysis.Perturbation.LeastSquares.Equality.RowwiseBackwardError	NumStability.theorem20_7_completionB_bound_of_h19_signed_stage_budget_nat	public	theorem	274	-	retain_document	-
NumStability.Analysis.Perturbation.LeastSquares.Equality.RowwiseBackwardError	NumStability.theorem20_7_completionB_bound_of_h19_signed_stage_row_sorting_active_stage_budget_nat	public	theorem	275	-	retain_document	-
NumStability.Analysis.Perturbation.LeastSquares.Equality.RowwiseBackwardError	NumStability.theorem20_7_completionB_bound_of_h19_signed_stage_row_sorting_active_stage_budget_of_initialRowMax_abs_b_sorted_nat	public	theorem	276	-	retain_document	-
NumStability.Analysis.Perturbation.LeastSquares.Equality.RowwiseBackwardError	NumStability.theorem20_7_completionB_bound_of_h19_signed_stage_row_sorting_active_stage_compactActiveHorizon_nat	public	theorem	277	-	retain_document	-
NumStability.Analysis.Perturbation.LeastSquares.Equality.RowwiseBackwardError	NumStability.theorem20_7_completionB_bound_of_h19_stored_rhs_step_budget_nat	public	theorem	278	-	retain_document	-
NumStability.Analysis.Perturbation.LeastSquares.Equality.RowwiseBackwardError	NumStability.theorem20_7_completionB_budget_of_signed_stage_active_entry_trailingNorm_slack_horizon_nat	public	theorem	279	-	retain_document	-
NumStability.Analysis.Perturbation.LeastSquares.Equality.RowwiseBackwardError	NumStability.theorem20_7_completionB_budget_of_signed_stage_active_entry_trailingNorm_slack_nat	public	theorem	280	-	retain_document	-
NumStability.Analysis.Perturbation.LeastSquares.Equality.RowwiseBackwardError	NumStability.theorem20_7_completionB_budget_of_signed_stage_component_slack_horizon_nat	public	theorem	281	-	retain_document	-
NumStability.Analysis.Perturbation.LeastSquares.Equality.RowwiseBackwardError	NumStability.theorem20_7_completionB_budget_of_signed_stage_component_slack_nat	public	theorem	282	-	retain_document	-
NumStability.Analysis.Perturbation.LeastSquares.Equality.RowwiseBackwardError	NumStability.theorem20_7_completionB_budget_of_signed_stage_norm_coeff_active_entry_slack_horizon_nat	public	theorem	283	-	retain_document	-
NumStability.Analysis.Perturbation.LeastSquares.Equality.RowwiseBackwardError	NumStability.theorem20_7_completionB_budget_of_signed_stage_norm_coeff_active_entry_slack_nat	public	theorem	284	-	retain_document	-
NumStability.Analysis.Perturbation.LeastSquares.Equality.RowwiseBackwardError	NumStability.theorem20_7_completionB_budget_of_signed_stage_norm_coeff_entry_slack_nat	public	theorem	285	-	retain_document	-
NumStability.Analysis.Perturbation.LeastSquares.Equality.RowwiseBackwardError	NumStability.theorem20_7_completionB_budget_of_signed_stage_norm_coeff_slack_nat	public	theorem	286	-	retain_document	-
NumStability.Analysis.Perturbation.LeastSquares.Equality.RowwiseBackwardError	NumStability.theorem20_7_completionB_budget_of_signed_stage_row_sorting_active_trailingNorm_compactActiveHorizon_nat	public	theorem	287	-	retain_document	-
NumStability.Analysis.Perturbation.LeastSquares.Equality.RowwiseBackwardError	NumStability.theorem20_7_completionB_budget_of_signed_stage_row_sorting_active_trailingNorm_compactActiveHorizon_of_initialRowMax_abs_b_sorted_nat	public	theorem	288	-	retain_document	-
NumStability.Analysis.Perturbation.LeastSquares.Equality.RowwiseBackwardError	NumStability.theorem20_7_completionB_budget_of_signed_stage_row_sorting_active_trailingNorm_slack_horizon_nat	public	theorem	289	-	retain_document	-
NumStability.Analysis.Perturbation.LeastSquares.Equality.RowwiseBackwardError	NumStability.theorem20_7_completionB_budget_of_signed_stage_row_sorting_active_trailingNorm_slack_horizon_of_initialRowMax_abs_b_sorted_nat	public	theorem	290	-	retain_document	-
NumStability.Analysis.Perturbation.LeastSquares.Equality.RowwiseBackwardError	NumStability.theorem20_7_completionB_budget_of_signed_stage_row_sorting_active_trailingNorm_slack_nat	public	theorem	291	-	retain_document	-
NumStability.Analysis.Perturbation.LeastSquares.Equality.RowwiseBackwardError	NumStability.theorem20_7_completionB_budget_of_signed_stage_row_sorting_active_trailingNorm_slack_of_initialRowMax_abs_b_sorted_nat	public	theorem	292	-	retain_document	-
NumStability.Analysis.Perturbation.LeastSquares.Equality.RowwiseBackwardError	NumStability.theorem20_7_coxHigham_rowwise_elementwise_backward_error_no_sqrt_m	public	theorem	293	-	retain_document	-
NumStability.Analysis.Perturbation.LeastSquares.Equality.RowwiseBackwardError	NumStability.theorem20_7_deltaAEntryBudget	public	definition	294	-	retain_document	-
NumStability.Analysis.Perturbation.LeastSquares.Equality.RowwiseBackwardError	NumStability.theorem20_7_deltaAEntryBudget_le_of_active_row_geometric_entry_growth_nat	public	theorem	295	-	retain_document	-
NumStability.Analysis.Perturbation.LeastSquares.Equality.RowwiseBackwardError	NumStability.theorem20_7_deltaAEntryBudget_le_of_active_row_geometric_entry_growth_rows_nonzero_nat	public	theorem	296	-	retain_document	-
NumStability.Analysis.Perturbation.LeastSquares.Equality.RowwiseBackwardError	NumStability.theorem20_7_deltaAEntryBudget_le_of_active_row_geometric_entry_growth_with_relative_error_nat	public	theorem	297	-	retain_document	-
NumStability.Analysis.Perturbation.LeastSquares.Equality.RowwiseBackwardError	NumStability.theorem20_7_deltaAEntryBudget_le_of_active_row_geometric_entry_growth_with_relative_error_rows_nonzero_nat	public	theorem	298	-	retain_document	-
NumStability.Analysis.Perturbation.LeastSquares.Equality.RowwiseBackwardError	NumStability.theorem20_7_deltaAEntryBudget_le_of_alphaBetaMax_le	public	theorem	299	-	retain_document	-
NumStability.Analysis.Perturbation.LeastSquares.Equality.RowwiseBackwardError	NumStability.theorem20_7_deltaAEntryBudget_le_of_alpha_le	public	theorem	300	-	retain_document	-
NumStability.Analysis.Perturbation.LeastSquares.Equality.RowwiseBackwardError	NumStability.theorem20_7_deltaAEntryBudget_le_of_h19_row_sorting_active_completed_accumulated_error_nat	public	theorem	301	-	retain_document	-
NumStability.Analysis.Perturbation.LeastSquares.Equality.RowwiseBackwardError	NumStability.theorem20_7_deltaAEntryBudget_le_of_h19_row_sorting_active_completion_preservation_accumulated_error_nat	public	theorem	302	-	retain_document	-
NumStability.Analysis.Perturbation.LeastSquares.Equality.RowwiseBackwardError	NumStability.theorem20_7_deltaAEntryBudget_le_of_row_sorting_active_completed_entry_growth_with_relative_error_nat	public	theorem	303	-	retain_document	-
NumStability.Analysis.Perturbation.LeastSquares.Equality.RowwiseBackwardError	NumStability.theorem20_7_deltaAEntryBudget_le_of_row_sorting_geometric_entry_growth_nat	public	theorem	304	-	retain_document	-
NumStability.Analysis.Perturbation.LeastSquares.Equality.RowwiseBackwardError	NumStability.theorem20_7_deltaAEntryBudget_le_of_row_sorting_geometric_entry_growth_with_relative_error_nat	public	theorem	305	-	retain_document	-
NumStability.Analysis.Perturbation.LeastSquares.Equality.RowwiseBackwardError	NumStability.theorem20_7_deltaAEntryBudget_of_coxHigham_stageRowMax_no_sqrt_m	public	theorem	306	-	retain_document	-
NumStability.Analysis.Perturbation.LeastSquares.Equality.RowwiseBackwardError	NumStability.theorem20_7_deltaAEntryBudget_of_zeroBased_sq_stageRowMax_no_sqrt_m	public	theorem	307	-	retain_document	-
NumStability.Analysis.Perturbation.LeastSquares.Equality.RowwiseBackwardError	NumStability.theorem20_7_deltaAEntry_bound_of_active_row_geometric_entry_growth_nat	public	theorem	308	-	retain_document	-
NumStability.Analysis.Perturbation.LeastSquares.Equality.RowwiseBackwardError	NumStability.theorem20_7_deltaAEntry_bound_of_active_row_geometric_entry_growth_rows_nonzero_nat	public	theorem	309	-	retain_document	-
NumStability.Analysis.Perturbation.LeastSquares.Equality.RowwiseBackwardError	NumStability.theorem20_7_deltaAEntry_bound_of_active_row_geometric_entry_growth_with_relative_error_nat	public	theorem	310	-	retain_document	-
NumStability.Analysis.Perturbation.LeastSquares.Equality.RowwiseBackwardError	NumStability.theorem20_7_deltaAEntry_bound_of_active_row_geometric_entry_growth_with_relative_error_rows_nonzero_nat	public	theorem	311	-	retain_document	-
NumStability.Analysis.Perturbation.LeastSquares.Equality.RowwiseBackwardError	NumStability.theorem20_7_deltaAEntry_bound_of_alphaBetaMax_le	public	theorem	312	-	retain_document	-
NumStability.Analysis.Perturbation.LeastSquares.Equality.RowwiseBackwardError	NumStability.theorem20_7_deltaAEntry_bound_of_h19_row_sorting_active_completed_accumulated_error_nat	public	theorem	313	-	retain_document	-
NumStability.Analysis.Perturbation.LeastSquares.Equality.RowwiseBackwardError	NumStability.theorem20_7_deltaAEntry_bound_of_h19_row_sorting_active_completion_preservation_accumulated_error_nat	public	theorem	314	-	retain_document	-
NumStability.Analysis.Perturbation.LeastSquares.Equality.RowwiseBackwardError	NumStability.theorem20_7_deltaAEntry_bound_of_row_sorting_active_completed_entry_growth_with_relative_error_nat	public	theorem	315	-	retain_document	-
NumStability.Analysis.Perturbation.LeastSquares.Equality.RowwiseBackwardError	NumStability.theorem20_7_deltaAEntry_bound_of_row_sorting_geometric_entry_growth_nat	public	theorem	316	-	retain_document	-
NumStability.Analysis.Perturbation.LeastSquares.Equality.RowwiseBackwardError	NumStability.theorem20_7_deltaAEntry_bound_of_row_sorting_geometric_entry_growth_with_relative_error_nat	public	theorem	317	-	retain_document	-
NumStability.Analysis.Perturbation.LeastSquares.Equality.RowwiseBackwardError	NumStability.theorem20_7_deltaBEntryBudget	public	definition	318	-	retain_document	-
NumStability.Analysis.Perturbation.LeastSquares.Equality.RowwiseBackwardError	NumStability.theorem20_7_deltaBEntryBudget_le_of_active_row_geometric_entry_growth_nat	public	theorem	319	-	retain_document	-
NumStability.Analysis.Perturbation.LeastSquares.Equality.RowwiseBackwardError	NumStability.theorem20_7_deltaBEntryBudget_le_of_active_row_geometric_entry_growth_rows_nonzero_nat	public	theorem	320	-	retain_document	-
NumStability.Analysis.Perturbation.LeastSquares.Equality.RowwiseBackwardError	NumStability.theorem20_7_deltaBEntryBudget_le_of_active_row_geometric_entry_growth_with_relative_error_nat	public	theorem	321	-	retain_document	-
NumStability.Analysis.Perturbation.LeastSquares.Equality.RowwiseBackwardError	NumStability.theorem20_7_deltaBEntryBudget_le_of_active_row_geometric_entry_growth_with_relative_error_rows_nonzero_nat	public	theorem	322	-	retain_document	-
NumStability.Analysis.Perturbation.LeastSquares.Equality.RowwiseBackwardError	NumStability.theorem20_7_deltaBEntryBudget_le_of_alphaBetaMax_le	public	theorem	323	-	retain_document	-
NumStability.Analysis.Perturbation.LeastSquares.Equality.RowwiseBackwardError	NumStability.theorem20_7_deltaBEntryBudget_le_of_beta_le	public	theorem	324	-	retain_document	-
NumStability.Analysis.Perturbation.LeastSquares.Equality.RowwiseBackwardError	NumStability.theorem20_7_deltaBEntryBudget_le_of_h19_row_sorting_active_completed_accumulated_error_nat	public	theorem	325	-	retain_document	-
NumStability.Analysis.Perturbation.LeastSquares.Equality.RowwiseBackwardError	NumStability.theorem20_7_deltaBEntryBudget_le_of_h19_row_sorting_active_completion_preservation_accumulated_error_nat	public	theorem	326	-	retain_document	-
NumStability.Analysis.Perturbation.LeastSquares.Equality.RowwiseBackwardError	NumStability.theorem20_7_deltaBEntryBudget_le_of_row_sorting_active_completed_entry_growth_with_relative_error_nat	public	theorem	327	-	retain_document	-
NumStability.Analysis.Perturbation.LeastSquares.Equality.RowwiseBackwardError	NumStability.theorem20_7_deltaBEntryBudget_le_of_row_sorting_geometric_entry_growth_nat	public	theorem	328	-	retain_document	-
NumStability.Analysis.Perturbation.LeastSquares.Equality.RowwiseBackwardError	NumStability.theorem20_7_deltaBEntryBudget_le_of_row_sorting_geometric_entry_growth_with_relative_error_nat	public	theorem	329	-	retain_document	-
NumStability.Analysis.Perturbation.LeastSquares.Equality.RowwiseBackwardError	NumStability.theorem20_7_deltaBEntry_bound_of_active_row_geometric_entry_growth_nat	public	theorem	330	-	retain_document	-
NumStability.Analysis.Perturbation.LeastSquares.Equality.RowwiseBackwardError	NumStability.theorem20_7_deltaBEntry_bound_of_active_row_geometric_entry_growth_rows_nonzero_nat	public	theorem	331	-	retain_document	-
NumStability.Analysis.Perturbation.LeastSquares.Equality.RowwiseBackwardError	NumStability.theorem20_7_deltaBEntry_bound_of_active_row_geometric_entry_growth_with_relative_error_nat	public	theorem	332	-	retain_document	-
NumStability.Analysis.Perturbation.LeastSquares.Equality.RowwiseBackwardError	NumStability.theorem20_7_deltaBEntry_bound_of_active_row_geometric_entry_growth_with_relative_error_rows_nonzero_nat	public	theorem	333	-	retain_document	-
NumStability.Analysis.Perturbation.LeastSquares.Equality.RowwiseBackwardError	NumStability.theorem20_7_deltaBEntry_bound_of_alphaBetaMax_le	public	theorem	334	-	retain_document	-
NumStability.Analysis.Perturbation.LeastSquares.Equality.RowwiseBackwardError	NumStability.theorem20_7_deltaBEntry_bound_of_h19_row_sorting_active_completed_accumulated_error_nat	public	theorem	335	-	retain_document	-
NumStability.Analysis.Perturbation.LeastSquares.Equality.RowwiseBackwardError	NumStability.theorem20_7_deltaBEntry_bound_of_h19_row_sorting_active_completion_preservation_accumulated_error_nat	public	theorem	336	-	retain_document	-
NumStability.Analysis.Perturbation.LeastSquares.Equality.RowwiseBackwardError	NumStability.theorem20_7_deltaBEntry_bound_of_row_sorting_active_completed_entry_growth_with_relative_error_nat	public	theorem	337	-	retain_document	-
NumStability.Analysis.Perturbation.LeastSquares.Equality.RowwiseBackwardError	NumStability.theorem20_7_deltaBEntry_bound_of_row_sorting_geometric_entry_growth_nat	public	theorem	338	-	retain_document	-
NumStability.Analysis.Perturbation.LeastSquares.Equality.RowwiseBackwardError	NumStability.theorem20_7_deltaBEntry_bound_of_row_sorting_geometric_entry_growth_with_relative_error_nat	public	theorem	339	-	retain_document	-
NumStability.Analysis.Perturbation.LeastSquares.Equality.RowwiseBackwardError	NumStability.theorem20_7_deltaEntries_bound_all_of_active_completed_entry_growth_compactActiveHorizon_rows_nonzero_nat	public	theorem	340	-	retain_document	-
NumStability.Analysis.Perturbation.LeastSquares.Equality.RowwiseBackwardError	NumStability.theorem20_7_deltaEntries_bound_all_of_active_row_geometric_entry_growth_rows_nonzero_nat	public	theorem	341	-	retain_document	-
NumStability.Analysis.Perturbation.LeastSquares.Equality.RowwiseBackwardError	NumStability.theorem20_7_deltaEntries_bound_all_of_active_row_geometric_entry_growth_with_relative_error_rows_nonzero_nat	public	theorem	342	-	retain_document	-
NumStability.Analysis.Perturbation.LeastSquares.Equality.RowwiseBackwardError	NumStability.theorem20_7_deltaEntries_bound_all_of_concrete_stored_householder_qr_active_tail_compactActiveHorizon_rows_nonzero_source_initial_zero_start_zero_budget_of_initialRowMax_abs_b_mono_of_activeMaxPivotColumn_activeRatioMax_le_of_abs_b_le_nat	public	theorem	343	-	retain_document	-
NumStability.Analysis.Perturbation.LeastSquares.Equality.RowwiseBackwardError	NumStability.theorem20_7_deltaEntries_bound_all_of_concrete_stored_householder_qr_active_tail_compactActiveHorizon_rows_nonzero_source_initial_zero_start_zero_budget_of_initialRowMax_abs_b_mono_of_activeMaxPivotColumn_leading_block_det_ne_zero_activeRatioMax_le_of_abs_b_le_nat	public	theorem	344	-	retain_document	-
NumStability.Analysis.Perturbation.LeastSquares.Equality.RowwiseBackwardError	NumStability.theorem20_7_deltaEntries_bound_all_of_concrete_stored_householder_qr_active_tail_compactActiveHorizon_rows_nonzero_source_initial_zero_start_zero_budget_of_initialRowMax_abs_b_mono_of_activeMaxPivotColumn_prefix_lower_leading_diag_ne_zero_activeRatioMax_le_of_abs_b_le_nat	public	theorem	345	-	retain_document	-
NumStability.Analysis.Perturbation.LeastSquares.Equality.RowwiseBackwardError	NumStability.theorem20_7_deltaEntries_bound_all_of_concrete_stored_householder_qr_active_tail_compactActiveHorizon_rows_nonzero_source_initial_zero_start_zero_budget_of_initialRowMax_abs_b_mono_of_activeMaxPivotColumn_prefix_lower_signed_alpha_budget_leading_block_det_ne_zero_activeRatioMax_le_of_abs_b_le_nat	public	theorem	346	-	retain_document	-
NumStability.Analysis.Perturbation.LeastSquares.Equality.RowwiseBackwardError	NumStability.theorem20_7_deltaEntries_bound_all_of_concrete_stored_householder_qr_active_tail_compactActiveHorizon_rows_nonzero_source_initial_zero_start_zero_budget_of_initialRowMax_abs_b_mono_of_activeMaxPivotColumn_prefix_lower_signed_alpha_budget_sq_leading_block_det_ne_zero_activeRatioMax_le_of_abs_b_le_nat	public	theorem	347	-	retain_document	-
NumStability.Analysis.Perturbation.LeastSquares.Equality.RowwiseBackwardError	NumStability.theorem20_7_deltaEntries_bound_all_of_concrete_stored_householder_qr_active_tail_compactActiveHorizon_rows_nonzero_source_initial_zero_start_zero_budget_of_initialRowMax_abs_b_mono_of_activeMaxPivotColumn_prefix_lower_signed_alpha_sqrt_budget_leading_block_det_ne_zero_activeRatioMax_le_of_abs_b_le_nat	public	theorem	348	-	retain_document	-
NumStability.Analysis.Perturbation.LeastSquares.Equality.RowwiseBackwardError	NumStability.theorem20_7_deltaEntries_bound_all_of_concrete_stored_householder_qr_active_tail_compactActiveHorizon_rows_nonzero_source_initial_zero_start_zero_budget_of_initialRowMax_abs_b_mono_of_activeMaxPivotColumn_prefix_lower_signed_alpha_step_current_diag_budget_bound_ne_zero_activeRatioMax_le_of_abs_b_le_nat	public	theorem	349	-	retain_document	-
NumStability.Analysis.Perturbation.LeastSquares.Equality.RowwiseBackwardError	NumStability.theorem20_7_deltaEntries_bound_all_of_concrete_stored_householder_qr_active_tail_compactActiveHorizon_rows_nonzero_source_initial_zero_start_zero_budget_of_initialRowMax_abs_b_mono_of_activeMaxPivotColumn_prefix_lower_signed_alpha_step_current_diag_ne_zero_activeRatioMax_le_of_abs_b_le_nat	public	theorem	350	-	retain_document	-
NumStability.Analysis.Perturbation.LeastSquares.Equality.RowwiseBackwardError	NumStability.theorem20_7_deltaEntries_bound_all_of_concrete_stored_householder_qr_active_tail_compactActiveHorizon_rows_nonzero_source_initial_zero_start_zero_budget_of_initialRowMax_abs_b_mono_of_activeMaxPivotColumn_prefix_lower_signed_alpha_step_leading_block_det_budget_bound_ne_zero_activeRatioMax_le_of_abs_b_le_nat	public	theorem	351	-	retain_document	-
NumStability.Analysis.Perturbation.LeastSquares.Equality.RowwiseBackwardError	NumStability.theorem20_7_deltaEntries_bound_all_of_concrete_stored_householder_qr_active_tail_compactActiveHorizon_rows_nonzero_source_initial_zero_start_zero_budget_of_initialRowMax_abs_b_mono_of_activeMaxPivotColumn_upper_triangular_diag_ne_zero_activeRatioMax_le_of_abs_b_le_nat	public	theorem	352	-	retain_document	-
NumStability.Analysis.Perturbation.LeastSquares.Equality.RowwiseBackwardError	NumStability.theorem20_7_deltaEntries_bound_all_of_concrete_stored_householder_qr_active_tail_compactActiveHorizon_rows_nonzero_source_initial_zero_start_zero_budget_of_initialRowMax_abs_b_mono_of_activeMaxPivotColumn_upper_triangular_diag_ne_zero_sqrtBalancedRowPolicy_of_abs_b_le_nat	public	theorem	353	-	retain_document	-
NumStability.Analysis.Perturbation.LeastSquares.Equality.RowwiseBackwardError	NumStability.theorem20_7_deltaEntries_bound_all_of_concrete_stored_householder_qr_active_tail_compactActiveHorizon_rows_nonzero_source_initial_zero_start_zero_budget_of_initialRowMax_abs_b_sorted_of_activeMaxPivotColumn_activeRatioMax_le_nat	public	theorem	354	-	retain_document	-
NumStability.Analysis.Perturbation.LeastSquares.Equality.RowwiseBackwardError	NumStability.theorem20_7_deltaEntries_bound_all_of_concrete_stored_householder_qr_active_tail_compactActiveHorizon_rows_nonzero_source_initial_zero_start_zero_budget_of_initialRowMax_abs_b_sorted_of_activeMaxPivotColumn_activeRatioMax_le_of_abs_b_le_nat	public	theorem	355	-	retain_document	-
NumStability.Analysis.Perturbation.LeastSquares.Equality.RowwiseBackwardError	NumStability.theorem20_7_deltaEntries_bound_all_of_concrete_stored_householder_qr_active_tail_compactActiveHorizon_rows_nonzero_source_initial_zero_start_zero_budget_of_initialRowMax_abs_b_sorted_of_activeMaxPivotColumn_leading_block_det_ne_zero_activeRatioMax_le_nat	public	theorem	356	-	retain_document	-
NumStability.Analysis.Perturbation.LeastSquares.Equality.RowwiseBackwardError	NumStability.theorem20_7_deltaEntries_bound_all_of_concrete_stored_householder_qr_active_tail_compactActiveHorizon_rows_nonzero_source_initial_zero_start_zero_budget_of_initialRowMax_abs_b_sorted_of_activeMaxPivotColumn_leading_block_det_ne_zero_activeRatioMax_le_of_abs_b_le_nat	public	theorem	357	-	retain_document	-
NumStability.Analysis.Perturbation.LeastSquares.Equality.RowwiseBackwardError	NumStability.theorem20_7_deltaEntries_bound_all_of_concrete_stored_householder_qr_active_tail_compactActiveHorizon_rows_nonzero_source_initial_zero_start_zero_budget_of_initialRowMax_abs_b_sorted_of_activeMaxPivotColumn_leading_block_det_ne_zero_row_scale_ratios_nat	public	theorem	358	-	retain_document	-
NumStability.Analysis.Perturbation.LeastSquares.Equality.RowwiseBackwardError	NumStability.theorem20_7_deltaEntries_bound_all_of_concrete_stored_householder_qr_active_tail_compactActiveHorizon_rows_nonzero_source_initial_zero_start_zero_budget_of_initialRowMax_abs_b_sorted_of_activeMaxPivotColumn_prefix_lower_diag_ne_zero_activeRatioMax_le_nat	public	theorem	359	-	retain_document	-
NumStability.Analysis.Perturbation.LeastSquares.Equality.RowwiseBackwardError	NumStability.theorem20_7_deltaEntries_bound_all_of_concrete_stored_householder_qr_active_tail_compactActiveHorizon_rows_nonzero_source_initial_zero_start_zero_budget_of_initialRowMax_abs_b_sorted_of_activeMaxPivotColumn_prefix_lower_diag_ne_zero_activeRatioMax_le_of_abs_b_le_nat	public	theorem	360	-	retain_document	-
NumStability.Analysis.Perturbation.LeastSquares.Equality.RowwiseBackwardError	NumStability.theorem20_7_deltaEntries_bound_all_of_concrete_stored_householder_qr_active_tail_compactActiveHorizon_rows_nonzero_source_initial_zero_start_zero_budget_of_initialRowMax_abs_b_sorted_of_activeMaxPivotColumn_prefix_lower_diag_ne_zero_row_scale_ratios_nat	public	theorem	361	-	retain_document	-
NumStability.Analysis.Perturbation.LeastSquares.Equality.RowwiseBackwardError	NumStability.theorem20_7_deltaEntries_bound_all_of_concrete_stored_householder_qr_active_tail_compactActiveHorizon_rows_nonzero_source_initial_zero_start_zero_budget_of_initialRowMax_abs_b_sorted_of_activeMaxPivotColumn_prefix_lower_leading_diag_ne_zero_activeRatioMax_le_nat	public	theorem	362	-	retain_document	-
NumStability.Analysis.Perturbation.LeastSquares.Equality.RowwiseBackwardError	NumStability.theorem20_7_deltaEntries_bound_all_of_concrete_stored_householder_qr_active_tail_compactActiveHorizon_rows_nonzero_source_initial_zero_start_zero_budget_of_initialRowMax_abs_b_sorted_of_activeMaxPivotColumn_prefix_lower_leading_diag_ne_zero_activeRatioMax_le_of_abs_b_le_nat	public	theorem	363	-	retain_document	-
NumStability.Analysis.Perturbation.LeastSquares.Equality.RowwiseBackwardError	NumStability.theorem20_7_deltaEntries_bound_all_of_concrete_stored_householder_qr_active_tail_compactActiveHorizon_rows_nonzero_source_initial_zero_start_zero_budget_of_initialRowMax_abs_b_sorted_of_activeMaxPivotColumn_prefix_lower_leading_diag_ne_zero_row_scale_ratios_nat	public	theorem	364	-	retain_document	-
NumStability.Analysis.Perturbation.LeastSquares.Equality.RowwiseBackwardError	NumStability.theorem20_7_deltaEntries_bound_all_of_concrete_stored_householder_qr_active_tail_compactActiveHorizon_rows_nonzero_source_initial_zero_start_zero_budget_of_initialRowMax_abs_b_sorted_of_activeMaxPivotColumn_prefix_lower_signed_alpha_budget_leading_block_det_ne_zero_activeRatioMax_le_nat	public	theorem	365	-	retain_document	-
NumStability.Analysis.Perturbation.LeastSquares.Equality.RowwiseBackwardError	NumStability.theorem20_7_deltaEntries_bound_all_of_concrete_stored_householder_qr_active_tail_compactActiveHorizon_rows_nonzero_source_initial_zero_start_zero_budget_of_initialRowMax_abs_b_sorted_of_activeMaxPivotColumn_prefix_lower_signed_alpha_budget_leading_block_det_ne_zero_activeRatioMax_le_of_abs_b_le_nat	public	theorem	366	-	retain_document	-
NumStability.Analysis.Perturbation.LeastSquares.Equality.RowwiseBackwardError	NumStability.theorem20_7_deltaEntries_bound_all_of_concrete_stored_householder_qr_active_tail_compactActiveHorizon_rows_nonzero_source_initial_zero_start_zero_budget_of_initialRowMax_abs_b_sorted_of_activeMaxPivotColumn_prefix_lower_signed_alpha_budget_leading_block_det_ne_zero_row_scale_ratios_nat	public	theorem	367	-	retain_document	-
NumStability.Analysis.Perturbation.LeastSquares.Equality.RowwiseBackwardError	NumStability.theorem20_7_deltaEntries_bound_all_of_concrete_stored_householder_qr_active_tail_compactActiveHorizon_rows_nonzero_source_initial_zero_start_zero_budget_of_initialRowMax_abs_b_sorted_of_activeMaxPivotColumn_prefix_lower_signed_alpha_budget_sq_leading_block_det_ne_zero_activeRatioMax_le_nat	public	theorem	368	-	retain_document	-
NumStability.Analysis.Perturbation.LeastSquares.Equality.RowwiseBackwardError	NumStability.theorem20_7_deltaEntries_bound_all_of_concrete_stored_householder_qr_active_tail_compactActiveHorizon_rows_nonzero_source_initial_zero_start_zero_budget_of_initialRowMax_abs_b_sorted_of_activeMaxPivotColumn_prefix_lower_signed_alpha_budget_sq_leading_block_det_ne_zero_activeRatioMax_le_of_abs_b_le_nat	public	theorem	369	-	retain_document	-
NumStability.Analysis.Perturbation.LeastSquares.Equality.RowwiseBackwardError	NumStability.theorem20_7_deltaEntries_bound_all_of_concrete_stored_householder_qr_active_tail_compactActiveHorizon_rows_nonzero_source_initial_zero_start_zero_budget_of_initialRowMax_abs_b_sorted_of_activeMaxPivotColumn_prefix_lower_signed_alpha_budget_sq_leading_block_det_ne_zero_row_scale_ratios_nat	public	theorem	370	-	retain_document	-
NumStability.Analysis.Perturbation.LeastSquares.Equality.RowwiseBackwardError	NumStability.theorem20_7_deltaEntries_bound_all_of_concrete_stored_householder_qr_active_tail_compactActiveHorizon_rows_nonzero_source_initial_zero_start_zero_budget_of_initialRowMax_abs_b_sorted_of_activeMaxPivotColumn_prefix_lower_signed_alpha_sqrt_budget_leading_block_det_ne_zero_activeRatioMax_le_nat	public	theorem	371	-	retain_document	-
NumStability.Analysis.Perturbation.LeastSquares.Equality.RowwiseBackwardError	NumStability.theorem20_7_deltaEntries_bound_all_of_concrete_stored_householder_qr_active_tail_compactActiveHorizon_rows_nonzero_source_initial_zero_start_zero_budget_of_initialRowMax_abs_b_sorted_of_activeMaxPivotColumn_prefix_lower_signed_alpha_sqrt_budget_leading_block_det_ne_zero_activeRatioMax_le_of_abs_b_le_nat	public	theorem	372	-	retain_document	-
NumStability.Analysis.Perturbation.LeastSquares.Equality.RowwiseBackwardError	NumStability.theorem20_7_deltaEntries_bound_all_of_concrete_stored_householder_qr_active_tail_compactActiveHorizon_rows_nonzero_source_initial_zero_start_zero_budget_of_initialRowMax_abs_b_sorted_of_activeMaxPivotColumn_prefix_lower_signed_alpha_sqrt_budget_leading_block_det_ne_zero_row_scale_ratios_nat	public	theorem	373	-	retain_document	-
NumStability.Analysis.Perturbation.LeastSquares.Equality.RowwiseBackwardError	NumStability.theorem20_7_deltaEntries_bound_all_of_concrete_stored_householder_qr_active_tail_compactActiveHorizon_rows_nonzero_source_initial_zero_start_zero_budget_of_initialRowMax_abs_b_sorted_of_activeMaxPivotColumn_prefix_lower_signed_alpha_step_current_diag_budget_bound_ne_zero_activeRatioMax_le_nat	public	theorem	374	-	retain_document	-
NumStability.Analysis.Perturbation.LeastSquares.Equality.RowwiseBackwardError	NumStability.theorem20_7_deltaEntries_bound_all_of_concrete_stored_householder_qr_active_tail_compactActiveHorizon_rows_nonzero_source_initial_zero_start_zero_budget_of_initialRowMax_abs_b_sorted_of_activeMaxPivotColumn_prefix_lower_signed_alpha_step_current_diag_budget_bound_ne_zero_activeRatioMax_le_of_abs_b_le_nat	public	theorem	375	-	retain_document	-
NumStability.Analysis.Perturbation.LeastSquares.Equality.RowwiseBackwardError	NumStability.theorem20_7_deltaEntries_bound_all_of_concrete_stored_householder_qr_active_tail_compactActiveHorizon_rows_nonzero_source_initial_zero_start_zero_budget_of_initialRowMax_abs_b_sorted_of_activeMaxPivotColumn_prefix_lower_signed_alpha_step_current_diag_budget_bound_ne_zero_row_scale_ratios_nat	public	theorem	376	-	retain_document	-
NumStability.Analysis.Perturbation.LeastSquares.Equality.RowwiseBackwardError	NumStability.theorem20_7_deltaEntries_bound_all_of_concrete_stored_householder_qr_active_tail_compactActiveHorizon_rows_nonzero_source_initial_zero_start_zero_budget_of_initialRowMax_abs_b_sorted_of_activeMaxPivotColumn_prefix_lower_signed_alpha_step_current_diag_ne_zero_activeRatioMax_le_nat	public	theorem	377	-	retain_document	-
NumStability.Analysis.Perturbation.LeastSquares.Equality.RowwiseBackwardError	NumStability.theorem20_7_deltaEntries_bound_all_of_concrete_stored_householder_qr_active_tail_compactActiveHorizon_rows_nonzero_source_initial_zero_start_zero_budget_of_initialRowMax_abs_b_sorted_of_activeMaxPivotColumn_prefix_lower_signed_alpha_step_current_diag_ne_zero_activeRatioMax_le_of_abs_b_le_nat	public	theorem	378	-	retain_document	-
NumStability.Analysis.Perturbation.LeastSquares.Equality.RowwiseBackwardError	NumStability.theorem20_7_deltaEntries_bound_all_of_concrete_stored_householder_qr_active_tail_compactActiveHorizon_rows_nonzero_source_initial_zero_start_zero_budget_of_initialRowMax_abs_b_sorted_of_activeMaxPivotColumn_prefix_lower_signed_alpha_step_current_diag_ne_zero_row_scale_ratios_nat	public	theorem	379	-	retain_document	-
NumStability.Analysis.Perturbation.LeastSquares.Equality.RowwiseBackwardError	NumStability.theorem20_7_deltaEntries_bound_all_of_concrete_stored_householder_qr_active_tail_compactActiveHorizon_rows_nonzero_source_initial_zero_start_zero_budget_of_initialRowMax_abs_b_sorted_of_activeMaxPivotColumn_prefix_lower_signed_alpha_step_leading_block_det_budget_bound_ne_zero_activeRatioMax_le_nat	public	theorem	380	-	retain_document	-
NumStability.Analysis.Perturbation.LeastSquares.Equality.RowwiseBackwardError	NumStability.theorem20_7_deltaEntries_bound_all_of_concrete_stored_householder_qr_active_tail_compactActiveHorizon_rows_nonzero_source_initial_zero_start_zero_budget_of_initialRowMax_abs_b_sorted_of_activeMaxPivotColumn_prefix_lower_signed_alpha_step_leading_block_det_budget_bound_ne_zero_activeRatioMax_le_of_abs_b_le_nat	public	theorem	381	-	retain_document	-
NumStability.Analysis.Perturbation.LeastSquares.Equality.RowwiseBackwardError	NumStability.theorem20_7_deltaEntries_bound_all_of_concrete_stored_householder_qr_active_tail_compactActiveHorizon_rows_nonzero_source_initial_zero_start_zero_budget_of_initialRowMax_abs_b_sorted_of_activeMaxPivotColumn_prefix_lower_signed_alpha_step_leading_block_det_budget_bound_ne_zero_row_scale_ratios_nat	public	theorem	382	-	retain_document	-
NumStability.Analysis.Perturbation.LeastSquares.Equality.RowwiseBackwardError	NumStability.theorem20_7_deltaEntries_bound_all_of_concrete_stored_householder_qr_active_tail_compactActiveHorizon_rows_nonzero_source_initial_zero_start_zero_budget_of_initialRowMax_abs_b_sorted_of_activeMaxPivotColumn_row_scale_ratios_nat	public	theorem	383	-	retain_document	-
NumStability.Analysis.Perturbation.LeastSquares.Equality.RowwiseBackwardError	NumStability.theorem20_7_deltaEntries_bound_all_of_concrete_stored_householder_qr_active_tail_compactActiveHorizon_rows_nonzero_source_initial_zero_start_zero_budget_of_initialRowMax_abs_b_sorted_of_activeMaxPivotColumn_upper_triangular_diag_ne_zero_activeRatioMax_le_nat	public	theorem	384	-	retain_document	-
NumStability.Analysis.Perturbation.LeastSquares.Equality.RowwiseBackwardError	NumStability.theorem20_7_deltaEntries_bound_all_of_concrete_stored_householder_qr_active_tail_compactActiveHorizon_rows_nonzero_source_initial_zero_start_zero_budget_of_initialRowMax_abs_b_sorted_of_activeMaxPivotColumn_upper_triangular_diag_ne_zero_activeRatioMax_le_of_abs_b_le_nat	public	theorem	385	-	retain_document	-
NumStability.Analysis.Perturbation.LeastSquares.Equality.RowwiseBackwardError	NumStability.theorem20_7_deltaEntries_bound_all_of_concrete_stored_householder_qr_active_tail_compactActiveHorizon_rows_nonzero_source_initial_zero_start_zero_budget_of_initialRowMax_abs_b_sorted_of_activeMaxPivotColumn_upper_triangular_diag_ne_zero_row_scale_ratios_nat	public	theorem	386	-	retain_document	-
NumStability.Analysis.Perturbation.LeastSquares.Equality.RowwiseBackwardError	NumStability.theorem20_7_deltaEntries_bound_all_of_h19_row_sorting_active_completed_accumulated_error_nat	public	theorem	387	-	retain_document	-
NumStability.Analysis.Perturbation.LeastSquares.Equality.RowwiseBackwardError	NumStability.theorem20_7_deltaEntries_bound_all_of_h19_row_sorting_active_completed_accumulated_error_rows_nonzero_nat	public	theorem	388	-	retain_document	-
NumStability.Analysis.Perturbation.LeastSquares.Equality.RowwiseBackwardError	NumStability.theorem20_7_deltaEntries_bound_all_of_h19_row_sorting_active_completed_accumulated_error_rows_nonzero_source_initial_nat	public	theorem	389	-	retain_document	-
NumStability.Analysis.Perturbation.LeastSquares.Equality.RowwiseBackwardError	NumStability.theorem20_7_deltaEntries_bound_all_of_h19_row_sorting_active_completed_accumulated_error_rows_nonzero_source_initial_of_initialRowMax_abs_b_sorted_nat	public	theorem	390	-	retain_document	-
NumStability.Analysis.Perturbation.LeastSquares.Equality.RowwiseBackwardError	NumStability.theorem20_7_deltaEntries_bound_all_of_h19_row_sorting_active_completed_accumulated_error_rows_nonzero_source_initial_zero_start_nat	public	theorem	391	-	retain_document	-
NumStability.Analysis.Perturbation.LeastSquares.Equality.RowwiseBackwardError	NumStability.theorem20_7_deltaEntries_bound_all_of_h19_row_sorting_active_completed_accumulated_error_rows_nonzero_source_initial_zero_start_of_initialRowMax_abs_b_sorted_nat	public	theorem	392	-	retain_document	-
NumStability.Analysis.Perturbation.LeastSquares.Equality.RowwiseBackwardError	NumStability.theorem20_7_deltaEntries_bound_all_of_h19_row_sorting_active_completed_accumulated_error_rows_nonzero_source_initial_zero_start_zero_budget_nat	public	theorem	393	-	retain_document	-
NumStability.Analysis.Perturbation.LeastSquares.Equality.RowwiseBackwardError	NumStability.theorem20_7_deltaEntries_bound_all_of_h19_row_sorting_active_completed_accumulated_error_rows_nonzero_source_initial_zero_start_zero_budget_of_initialRowMax_abs_b_mono_activeRatioMax_le_of_abs_b_le_nat	public	theorem	394	-	retain_document	-
NumStability.Analysis.Perturbation.LeastSquares.Equality.RowwiseBackwardError	NumStability.theorem20_7_deltaEntries_bound_all_of_h19_row_sorting_active_completed_accumulated_error_rows_nonzero_source_initial_zero_start_zero_budget_of_initialRowMax_abs_b_mono_nat	public	theorem	395	-	retain_document	-
NumStability.Analysis.Perturbation.LeastSquares.Equality.RowwiseBackwardError	NumStability.theorem20_7_deltaEntries_bound_all_of_h19_row_sorting_active_completed_accumulated_error_rows_nonzero_source_initial_zero_start_zero_budget_of_initialRowMax_abs_b_sorted_activeRatioMax_le_of_abs_b_le_nat	public	theorem	396	-	retain_document	-
NumStability.Analysis.Perturbation.LeastSquares.Equality.RowwiseBackwardError	NumStability.theorem20_7_deltaEntries_bound_all_of_h19_row_sorting_active_completed_accumulated_error_rows_nonzero_source_initial_zero_start_zero_budget_of_initialRowMax_abs_b_sorted_nat	public	theorem	397	-	retain_document	-
NumStability.Analysis.Perturbation.LeastSquares.Equality.RowwiseBackwardError	NumStability.theorem20_7_deltaEntries_bound_all_of_h19_row_sorting_active_completion_preservation_accumulated_error_nat	public	theorem	398	-	retain_document	-
NumStability.Analysis.Perturbation.LeastSquares.Equality.RowwiseBackwardError	NumStability.theorem20_7_deltaEntries_bound_all_of_h19_row_sorting_active_completion_preservation_accumulated_error_rows_nonzero_nat	public	theorem	399	-	retain_document	-
NumStability.Analysis.Perturbation.LeastSquares.Equality.RowwiseBackwardError	NumStability.theorem20_7_deltaEntries_bound_all_of_h19_row_sorting_active_completion_preservation_accumulated_error_rows_nonzero_source_initial_nat	public	theorem	400	-	retain_document	-
NumStability.Analysis.Perturbation.LeastSquares.Equality.RowwiseBackwardError	NumStability.theorem20_7_deltaEntries_bound_all_of_h19_row_sorting_active_completion_preservation_accumulated_error_rows_nonzero_source_initial_of_initialRowMax_abs_b_mono_nat	public	theorem	401	-	retain_document	-
NumStability.Analysis.Perturbation.LeastSquares.Equality.RowwiseBackwardError	NumStability.theorem20_7_deltaEntries_bound_all_of_h19_row_sorting_active_completion_preservation_accumulated_error_rows_nonzero_source_initial_of_initialRowMax_abs_b_sorted_nat	public	theorem	402	-	retain_document	-
NumStability.Analysis.Perturbation.LeastSquares.Equality.RowwiseBackwardError	NumStability.theorem20_7_deltaEntries_bound_all_of_h19_row_sorting_active_completion_preservation_accumulated_error_rows_nonzero_source_initial_zero_start_nat	public	theorem	403	-	retain_document	-
NumStability.Analysis.Perturbation.LeastSquares.Equality.RowwiseBackwardError	NumStability.theorem20_7_deltaEntries_bound_all_of_h19_row_sorting_active_completion_preservation_accumulated_error_rows_nonzero_source_initial_zero_start_of_initialRowMax_abs_b_mono_nat	public	theorem	404	-	retain_document	-
NumStability.Analysis.Perturbation.LeastSquares.Equality.RowwiseBackwardError	NumStability.theorem20_7_deltaEntries_bound_all_of_h19_row_sorting_active_completion_preservation_accumulated_error_rows_nonzero_source_initial_zero_start_of_initialRowMax_abs_b_sorted_nat	public	theorem	405	-	retain_document	-
NumStability.Analysis.Perturbation.LeastSquares.Equality.RowwiseBackwardError	NumStability.theorem20_7_deltaEntries_bound_all_of_h19_row_sorting_active_completion_preservation_accumulated_error_rows_nonzero_source_initial_zero_start_zero_budget_nat	public	theorem	406	-	retain_document	-
NumStability.Analysis.Perturbation.LeastSquares.Equality.RowwiseBackwardError	NumStability.theorem20_7_deltaEntries_bound_all_of_h19_row_sorting_active_completion_preservation_accumulated_error_rows_nonzero_source_initial_zero_start_zero_budget_of_initialRowMax_abs_b_mono_activeRatioMax_le_of_abs_b_le_nat	public	theorem	407	-	retain_document	-
NumStability.Analysis.Perturbation.LeastSquares.Equality.RowwiseBackwardError	NumStability.theorem20_7_deltaEntries_bound_all_of_h19_row_sorting_active_completion_preservation_accumulated_error_rows_nonzero_source_initial_zero_start_zero_budget_of_initialRowMax_abs_b_mono_nat	public	theorem	408	-	retain_document	-
NumStability.Analysis.Perturbation.LeastSquares.Equality.RowwiseBackwardError	NumStability.theorem20_7_deltaEntries_bound_all_of_h19_row_sorting_active_completion_preservation_accumulated_error_rows_nonzero_source_initial_zero_start_zero_budget_of_initialRowMax_abs_b_sorted_activeRatioMax_le_of_abs_b_le_nat	public	theorem	409	-	retain_document	-
NumStability.Analysis.Perturbation.LeastSquares.Equality.RowwiseBackwardError	NumStability.theorem20_7_deltaEntries_bound_all_of_h19_row_sorting_active_completion_preservation_accumulated_error_rows_nonzero_source_initial_zero_start_zero_budget_of_initialRowMax_abs_b_sorted_nat	public	theorem	410	-	retain_document	-
NumStability.Analysis.Perturbation.LeastSquares.Equality.RowwiseBackwardError	NumStability.theorem20_7_deltaEntries_bound_all_of_h19_row_sorting_active_signed_stage_completion_preservation_accumulated_error_nat	public	theorem	411	-	retain_document	-
NumStability.Analysis.Perturbation.LeastSquares.Equality.RowwiseBackwardError	NumStability.theorem20_7_deltaEntries_bound_all_of_h19_row_sorting_active_signed_stage_completion_preservation_accumulated_error_rows_nonzero_nat	public	theorem	412	-	retain_document	-
NumStability.Analysis.Perturbation.LeastSquares.Equality.RowwiseBackwardError	NumStability.theorem20_7_deltaEntries_bound_all_of_h19_row_sorting_active_signed_stage_completion_preservation_accumulated_error_rows_nonzero_source_initial_nat	public	theorem	413	-	retain_document	-
NumStability.Analysis.Perturbation.LeastSquares.Equality.RowwiseBackwardError	NumStability.theorem20_7_deltaEntries_bound_all_of_h19_row_sorting_active_signed_stage_completion_preservation_accumulated_error_rows_nonzero_source_initial_zero_start_nat	public	theorem	414	-	retain_document	-
NumStability.Analysis.Perturbation.LeastSquares.Equality.RowwiseBackwardError	NumStability.theorem20_7_deltaEntries_bound_all_of_h19_row_sorting_active_signed_stage_completion_preservation_accumulated_error_rows_nonzero_source_initial_zero_start_zero_budget_nat	public	theorem	415	-	retain_document	-
NumStability.Analysis.Perturbation.LeastSquares.Equality.RowwiseBackwardError	NumStability.theorem20_7_deltaEntries_bound_all_of_h19_row_sorting_active_signed_stage_row_sorted_completion_preservation_accumulated_error_nat	public	theorem	416	-	retain_document	-
NumStability.Analysis.Perturbation.LeastSquares.Equality.RowwiseBackwardError	NumStability.theorem20_7_deltaEntries_bound_all_of_h19_row_sorting_active_signed_stage_row_sorted_completion_preservation_accumulated_error_of_initialRowMax_abs_b_sorted_nat	public	theorem	417	-	retain_document	-
NumStability.Analysis.Perturbation.LeastSquares.Equality.RowwiseBackwardError	NumStability.theorem20_7_deltaEntries_bound_all_of_h19_row_sorting_active_signed_stage_row_sorted_completion_preservation_accumulated_error_rows_nonzero_nat	public	theorem	418	-	retain_document	-
NumStability.Analysis.Perturbation.LeastSquares.Equality.RowwiseBackwardError	NumStability.theorem20_7_deltaEntries_bound_all_of_h19_row_sorting_active_signed_stage_row_sorted_completion_preservation_accumulated_error_rows_nonzero_of_initialRowMax_abs_b_sorted_nat	public	theorem	419	-	retain_document	-
NumStability.Analysis.Perturbation.LeastSquares.Equality.RowwiseBackwardError	NumStability.theorem20_7_deltaEntries_bound_all_of_h19_row_sorting_active_signed_stage_row_sorted_completion_preservation_accumulated_error_rows_nonzero_source_initial_nat	public	theorem	420	-	retain_document	-
NumStability.Analysis.Perturbation.LeastSquares.Equality.RowwiseBackwardError	NumStability.theorem20_7_deltaEntries_bound_all_of_h19_row_sorting_active_signed_stage_row_sorted_completion_preservation_accumulated_error_rows_nonzero_source_initial_of_initialRowMax_abs_b_sorted_nat	public	theorem	421	-	retain_document	-
NumStability.Analysis.Perturbation.LeastSquares.Equality.RowwiseBackwardError	NumStability.theorem20_7_deltaEntries_bound_all_of_h19_row_sorting_active_signed_stage_row_sorted_completion_preservation_accumulated_error_rows_nonzero_source_initial_zero_start_nat	public	theorem	422	-	retain_document	-
NumStability.Analysis.Perturbation.LeastSquares.Equality.RowwiseBackwardError	NumStability.theorem20_7_deltaEntries_bound_all_of_h19_row_sorting_active_signed_stage_row_sorted_completion_preservation_accumulated_error_rows_nonzero_source_initial_zero_start_zero_budget_nat	public	theorem	423	-	retain_document	-
NumStability.Analysis.Perturbation.LeastSquares.Equality.RowwiseBackwardError	NumStability.theorem20_7_deltaEntries_bound_all_of_h19_row_sorting_active_signed_stage_row_sorted_completion_preservation_accumulated_error_rows_nonzero_source_initial_zero_start_zero_budget_of_initialRowMax_abs_b_mono_of_activeMaxPivotColumn_activeRatioMax_le_nat	public	theorem	424	-	retain_document	-
NumStability.Analysis.Perturbation.LeastSquares.Equality.RowwiseBackwardError	NumStability.theorem20_7_deltaEntries_bound_all_of_h19_row_sorting_active_signed_stage_row_sorted_completion_preservation_accumulated_error_rows_nonzero_source_initial_zero_start_zero_budget_of_initialRowMax_abs_b_mono_of_activeMaxPivotColumn_activeRatioMax_le_of_abs_b_le_nat	public	theorem	425	-	retain_document	-
NumStability.Analysis.Perturbation.LeastSquares.Equality.RowwiseBackwardError	NumStability.theorem20_7_deltaEntries_bound_all_of_h19_row_sorting_active_signed_stage_row_sorted_completion_preservation_accumulated_error_rows_nonzero_source_initial_zero_start_zero_budget_of_initialRowMax_abs_b_mono_of_activeMaxPivotColumn_stage_swaps_activeRatioMax_le_nat	public	theorem	426	-	retain_document	-
NumStability.Analysis.Perturbation.LeastSquares.Equality.RowwiseBackwardError	NumStability.theorem20_7_deltaEntries_bound_all_of_h19_row_sorting_active_signed_stage_row_sorted_completion_preservation_accumulated_error_rows_nonzero_source_initial_zero_start_zero_budget_of_initialRowMax_abs_b_mono_of_activeMaxPivotColumn_stage_swaps_activeRatioMax_le_of_abs_b_le_nat	public	theorem	427	-	retain_document	-
NumStability.Analysis.Perturbation.LeastSquares.Equality.RowwiseBackwardError	NumStability.theorem20_7_deltaEntries_bound_all_of_h19_row_sorting_active_signed_stage_row_sorted_completion_preservation_accumulated_error_rows_nonzero_source_initial_zero_start_zero_budget_of_initialRowMax_abs_b_sorted_activeRatioMax_le_nat	public	theorem	428	-	retain_document	-
NumStability.Analysis.Perturbation.LeastSquares.Equality.RowwiseBackwardError	NumStability.theorem20_7_deltaEntries_bound_all_of_h19_row_sorting_active_signed_stage_row_sorted_completion_preservation_accumulated_error_rows_nonzero_source_initial_zero_start_zero_budget_of_initialRowMax_abs_b_sorted_activeRatioMax_le_of_abs_b_le_nat	public	theorem	429	-	retain_document	-
NumStability.Analysis.Perturbation.LeastSquares.Equality.RowwiseBackwardError	NumStability.theorem20_7_deltaEntries_bound_all_of_h19_row_sorting_active_signed_stage_row_sorted_completion_preservation_accumulated_error_rows_nonzero_source_initial_zero_start_zero_budget_of_initialRowMax_abs_b_sorted_nat	public	theorem	430	-	retain_document	-
NumStability.Analysis.Perturbation.LeastSquares.Equality.RowwiseBackwardError	NumStability.theorem20_7_deltaEntries_bound_all_of_h19_row_sorting_active_signed_stage_row_sorted_completion_preservation_accumulated_error_rows_nonzero_source_initial_zero_start_zero_budget_of_initialRowMax_abs_b_sorted_of_activeMaxPivotColumn_activeRatioMax_le_nat	public	theorem	431	-	retain_document	-
NumStability.Analysis.Perturbation.LeastSquares.Equality.RowwiseBackwardError	NumStability.theorem20_7_deltaEntries_bound_all_of_h19_row_sorting_active_signed_stage_row_sorted_completion_preservation_accumulated_error_rows_nonzero_source_initial_zero_start_zero_budget_of_initialRowMax_abs_b_sorted_of_activeMaxPivotColumn_activeRatioMax_le_of_abs_b_le_nat	public	theorem	432	-	retain_document	-
NumStability.Analysis.Perturbation.LeastSquares.Equality.RowwiseBackwardError	NumStability.theorem20_7_deltaEntries_bound_all_of_h19_row_sorting_active_signed_stage_row_sorted_completion_preservation_accumulated_error_rows_nonzero_source_initial_zero_start_zero_budget_of_initialRowMax_abs_b_sorted_of_activeMaxPivotColumn_nat	public	theorem	433	-	retain_document	-
NumStability.Analysis.Perturbation.LeastSquares.Equality.RowwiseBackwardError	NumStability.theorem20_7_deltaEntries_bound_all_of_h19_row_sorting_active_signed_stage_row_sorted_completion_preservation_accumulated_error_rows_nonzero_source_initial_zero_start_zero_budget_of_initialRowMax_abs_b_sorted_of_activeMaxPivotColumn_stage_swaps_activeRatioMax_le_nat	public	theorem	434	-	retain_document	-
NumStability.Analysis.Perturbation.LeastSquares.Equality.RowwiseBackwardError	NumStability.theorem20_7_deltaEntries_bound_all_of_h19_row_sorting_active_signed_stage_row_sorted_completion_preservation_accumulated_error_rows_nonzero_source_initial_zero_start_zero_budget_of_initialRowMax_abs_b_sorted_of_activeMaxPivotColumn_stage_swaps_activeRatioMax_le_of_abs_b_le_nat	public	theorem	435	-	retain_document	-
NumStability.Analysis.Perturbation.LeastSquares.Equality.RowwiseBackwardError	NumStability.theorem20_7_deltaEntries_bound_all_of_h19_row_sorting_active_signed_stage_row_sorted_completion_preservation_accumulated_error_rows_nonzero_source_initial_zero_start_zero_budget_of_initialRowMax_abs_b_sorted_of_activeMaxPivotColumn_stage_swaps_nat	public	theorem	436	-	retain_document	-
NumStability.Analysis.Perturbation.LeastSquares.Equality.RowwiseBackwardError	NumStability.theorem20_7_deltaEntries_bound_all_of_h19_row_sorting_active_tail_signed_stage_compactActiveHorizon_rows_nonzero_source_initial_of_initialRowMax_abs_b_sorted_nat	public	theorem	437	-	retain_document	-
NumStability.Analysis.Perturbation.LeastSquares.Equality.RowwiseBackwardError	NumStability.theorem20_7_deltaEntries_bound_all_of_h19_row_sorting_active_tail_signed_stage_compactActiveHorizon_rows_nonzero_source_initial_zero_start_of_initialRowMax_abs_b_sorted_nat	public	theorem	438	-	retain_document	-
NumStability.Analysis.Perturbation.LeastSquares.Equality.RowwiseBackwardError	NumStability.theorem20_7_deltaEntries_bound_all_of_h19_row_sorting_active_tail_signed_stage_compactActiveHorizon_rows_nonzero_source_initial_zero_start_zero_budget_of_initialRowMax_abs_b_mono_of_activeMaxPivotColumn_stage_swaps_activeRatioMax_le_nat	public	theorem	439	-	retain_document	-
NumStability.Analysis.Perturbation.LeastSquares.Equality.RowwiseBackwardError	NumStability.theorem20_7_deltaEntries_bound_all_of_h19_row_sorting_active_tail_signed_stage_compactActiveHorizon_rows_nonzero_source_initial_zero_start_zero_budget_of_initialRowMax_abs_b_mono_of_activeMaxPivotColumn_stage_swaps_activeRatioMax_le_of_abs_b_le_nat	public	theorem	440	-	retain_document	-
NumStability.Analysis.Perturbation.LeastSquares.Equality.RowwiseBackwardError	NumStability.theorem20_7_deltaEntries_bound_all_of_h19_row_sorting_active_tail_signed_stage_compactActiveHorizon_rows_nonzero_source_initial_zero_start_zero_budget_of_initialRowMax_abs_b_mono_of_activeMaxPivotColumn_stage_swaps_row_scale_ratios_nat	public	theorem	441	-	retain_document	-
NumStability.Analysis.Perturbation.LeastSquares.Equality.RowwiseBackwardError	NumStability.theorem20_7_deltaEntries_bound_all_of_h19_row_sorting_active_tail_signed_stage_compactActiveHorizon_rows_nonzero_source_initial_zero_start_zero_budget_of_initialRowMax_abs_b_sorted_nat	public	theorem	442	-	retain_document	-
NumStability.Analysis.Perturbation.LeastSquares.Equality.RowwiseBackwardError	NumStability.theorem20_7_deltaEntries_bound_all_of_h19_row_sorting_active_tail_signed_stage_compactActiveHorizon_rows_nonzero_source_initial_zero_start_zero_budget_of_initialRowMax_abs_b_sorted_of_activeMaxPivotColumn_nat	public	theorem	443	-	retain_document	-
NumStability.Analysis.Perturbation.LeastSquares.Equality.RowwiseBackwardError	NumStability.theorem20_7_deltaEntries_bound_all_of_h19_row_sorting_active_tail_signed_stage_compactActiveHorizon_rows_nonzero_source_initial_zero_start_zero_budget_of_initialRowMax_abs_b_sorted_of_activeMaxPivotColumn_row_scale_ratios_nat	public	theorem	444	-	retain_document	-
NumStability.Analysis.Perturbation.LeastSquares.Equality.RowwiseBackwardError	NumStability.theorem20_7_deltaEntries_bound_all_of_h19_row_sorting_active_tail_signed_stage_compactActiveHorizon_rows_nonzero_source_initial_zero_start_zero_budget_of_initialRowMax_abs_b_sorted_of_activeMaxPivotColumn_stage_swaps_activeRatioMax_le_nat	public	theorem	445	-	retain_document	-
NumStability.Analysis.Perturbation.LeastSquares.Equality.RowwiseBackwardError	NumStability.theorem20_7_deltaEntries_bound_all_of_h19_row_sorting_active_tail_signed_stage_compactActiveHorizon_rows_nonzero_source_initial_zero_start_zero_budget_of_initialRowMax_abs_b_sorted_of_activeMaxPivotColumn_stage_swaps_activeRatioMax_le_of_abs_b_le_nat	public	theorem	446	-	retain_document	-
NumStability.Analysis.Perturbation.LeastSquares.Equality.RowwiseBackwardError	NumStability.theorem20_7_deltaEntries_bound_all_of_h19_row_sorting_active_tail_signed_stage_compactActiveHorizon_rows_nonzero_source_initial_zero_start_zero_budget_of_initialRowMax_abs_b_sorted_of_activeMaxPivotColumn_stage_swaps_nat	public	theorem	447	-	retain_document	-
NumStability.Analysis.Perturbation.LeastSquares.Equality.RowwiseBackwardError	NumStability.theorem20_7_deltaEntries_bound_all_of_h19_row_sorting_active_tail_signed_stage_compactActiveHorizon_rows_nonzero_source_initial_zero_start_zero_budget_of_initialRowMax_abs_b_sorted_of_activeMaxPivotColumn_stage_swaps_row_scale_ratios_nat	public	theorem	448	-	retain_document	-
NumStability.Analysis.Perturbation.LeastSquares.Equality.RowwiseBackwardError	NumStability.theorem20_7_deltaEntries_bound_all_of_h19_row_sorting_active_tail_signed_stage_row_sorted_completion_preservation_accumulated_error_nat	public	theorem	449	-	retain_document	-
NumStability.Analysis.Perturbation.LeastSquares.Equality.RowwiseBackwardError	NumStability.theorem20_7_deltaEntries_bound_all_of_h19_row_sorting_active_tail_signed_stage_row_sorted_completion_preservation_accumulated_error_of_initialRowMax_abs_b_sorted_nat	public	theorem	450	-	retain_document	-
NumStability.Analysis.Perturbation.LeastSquares.Equality.RowwiseBackwardError	NumStability.theorem20_7_deltaEntries_bound_all_of_h19_row_sorting_active_tail_signed_stage_row_sorted_completion_preservation_accumulated_error_rows_nonzero_of_initialRowMax_abs_b_sorted_nat	public	theorem	451	-	retain_document	-
NumStability.Analysis.Perturbation.LeastSquares.Equality.RowwiseBackwardError	NumStability.theorem20_7_deltaEntries_bound_all_of_h19_row_sorting_active_tail_signed_stage_row_sorted_completion_preservation_accumulated_error_rows_nonzero_source_initial_active_bounds_compact_slack_of_initialRowMax_abs_b_sorted_nat	public	theorem	452	-	retain_document	-
NumStability.Analysis.Perturbation.LeastSquares.Equality.RowwiseBackwardError	NumStability.theorem20_7_deltaEntries_bound_all_of_h19_row_sorting_active_tail_signed_stage_row_sorted_completion_preservation_accumulated_error_rows_nonzero_source_initial_active_bounds_compact_step_slack_of_initialRowMax_abs_b_sorted_nat	public	theorem	453	-	retain_document	-
NumStability.Analysis.Perturbation.LeastSquares.Equality.RowwiseBackwardError	NumStability.theorem20_7_deltaEntries_bound_all_of_h19_row_sorting_active_tail_signed_stage_row_sorted_completion_preservation_accumulated_error_rows_nonzero_source_initial_active_bounds_of_initialRowMax_abs_b_sorted_nat	public	theorem	454	-	retain_document	-
NumStability.Analysis.Perturbation.LeastSquares.Equality.RowwiseBackwardError	NumStability.theorem20_7_deltaEntries_bound_all_of_h19_row_sorting_active_tail_signed_stage_row_sorted_completion_preservation_accumulated_error_rows_nonzero_source_initial_of_initialRowMax_abs_b_sorted_nat	public	theorem	455	-	retain_document	-
NumStability.Analysis.Perturbation.LeastSquares.Equality.RowwiseBackwardError	NumStability.theorem20_7_deltaEntries_bound_all_of_h19_row_sorting_active_tail_signed_stage_row_sorted_completion_preservation_accumulated_error_rows_nonzero_source_initial_zero_start_active_bounds_of_initialRowMax_abs_b_sorted_nat	public	theorem	456	-	retain_document	-
NumStability.Analysis.Perturbation.LeastSquares.Equality.RowwiseBackwardError	NumStability.theorem20_7_deltaEntries_bound_all_of_h19_row_sorting_active_tail_signed_stage_row_sorted_completion_preservation_accumulated_error_rows_nonzero_source_initial_zero_start_of_initialRowMax_abs_b_sorted_nat	public	theorem	457	-	retain_document	-
NumStability.Analysis.Perturbation.LeastSquares.Equality.RowwiseBackwardError	NumStability.theorem20_7_deltaEntries_bound_all_of_h19_row_sorting_active_tail_signed_stage_row_sorted_completion_preservation_accumulated_error_rows_nonzero_source_initial_zero_start_zero_budget_of_initialRowMax_abs_b_sorted_nat	public	theorem	458	-	retain_document	-
NumStability.Analysis.Perturbation.LeastSquares.Equality.RowwiseBackwardError	NumStability.theorem20_7_denominators_pos_of_rows_nonzero	public	theorem	459	-	retain_document	-
NumStability.Analysis.Perturbation.LeastSquares.Equality.RowwiseBackwardError	NumStability.theorem20_7_exists_common_sorted_permuteRows_activeRatioMax_fields_of_abs_b_mono_initialRowMax_nat	public	theorem	460	-	retain_document	-
NumStability.Analysis.Perturbation.LeastSquares.Equality.RowwiseBackwardError	NumStability.theorem20_7_exists_common_sorted_permuteRows_activeRatioMax_fields_of_sqrtBalancedRowPolicy_abs_b_mono_nat	public	theorem	461	-	retain_document	-
NumStability.Analysis.Perturbation.LeastSquares.Equality.RowwiseBackwardError	NumStability.theorem20_7_exists_deltaAEntryBudget_of_concrete_coxHigham_stageBound_no_sqrt_m	public	theorem	462	-	retain_document	-
NumStability.Analysis.Perturbation.LeastSquares.Equality.RowwiseBackwardError	NumStability.theorem20_7_exists_initialRowMax_abs_b_sorted_permuteRows_of_abs_b_mono_initialRowMax_nat	public	theorem	463	-	retain_document	-
NumStability.Analysis.Perturbation.LeastSquares.Equality.RowwiseBackwardError	NumStability.theorem20_7_exists_initialWeightedRowMax_sorted_permuteRows_nat	public	theorem	464	-	retain_document	-
NumStability.Analysis.Perturbation.LeastSquares.Equality.RowwiseBackwardError	NumStability.theorem20_7_householderCompactComponentBudget_eq_trailingPart_of_zero_prefix	public	theorem	465	-	retain_document	-
NumStability.Analysis.Perturbation.LeastSquares.Equality.RowwiseBackwardError	NumStability.theorem20_7_householderCompactComponentBudget_le_normBudgetCoeff_mul_trailingPart_vecNorm2	public	theorem	466	-	retain_document	-
NumStability.Analysis.Perturbation.LeastSquares.Equality.RowwiseBackwardError	NumStability.theorem20_7_householderCompactComponentBudget_le_normBudgetCoeff_mul_vecNorm2	public	theorem	467	-	retain_document	-
NumStability.Analysis.Perturbation.LeastSquares.Equality.RowwiseBackwardError	NumStability.theorem20_7_initialRowMax_ratio_le_of_activeRatioMax_le_nat	public	theorem	468	-	retain_document	-
NumStability.Analysis.Perturbation.LeastSquares.Equality.RowwiseBackwardError	NumStability.theorem20_7_initialRowMax_ratio_of_permuteRows_activeRatioMax_le_nat	public	theorem	469	-	retain_document	-
NumStability.Analysis.Perturbation.LeastSquares.Equality.RowwiseBackwardError	NumStability.theorem20_7_initialWeightedRowMax	public	definition	470	-	retain_document	-
NumStability.Analysis.Perturbation.LeastSquares.Equality.RowwiseBackwardError	NumStability.theorem20_7_initialWeightedRowMax_abs_b_le	public	theorem	471	-	retain_document	-
NumStability.Analysis.Perturbation.LeastSquares.Equality.RowwiseBackwardError	NumStability.theorem20_7_initialWeightedRowMax_eq_phi_mul_initialRowMax_of_abs_b_le	public	theorem	472	-	retain_document	-
NumStability.Analysis.Perturbation.LeastSquares.Equality.RowwiseBackwardError	NumStability.theorem20_7_initialWeightedRowMax_nonneg	public	theorem	473	-	retain_document	-
NumStability.Analysis.Perturbation.LeastSquares.Equality.RowwiseBackwardError	NumStability.theorem20_7_initialWeightedRowMax_permuteRows	public	theorem	474	-	retain_document	-
NumStability.Analysis.Perturbation.LeastSquares.Equality.RowwiseBackwardError	NumStability.theorem20_7_initialWeightedRowMax_pos_of_b_ne_zero	public	theorem	475	-	retain_document	-
NumStability.Analysis.Perturbation.LeastSquares.Equality.RowwiseBackwardError	NumStability.theorem20_7_initialWeightedRowMax_pos_of_exists_entry_ne_zero	public	theorem	476	-	retain_document	-
NumStability.Analysis.Perturbation.LeastSquares.Equality.RowwiseBackwardError	NumStability.theorem20_7_initialWeightedRowMax_ratio_le_of_activeRatioMax_le_nat	public	theorem	477	-	retain_document	-
NumStability.Analysis.Perturbation.LeastSquares.Equality.RowwiseBackwardError	NumStability.theorem20_7_initialWeightedRowMax_ratio_le_of_initialRowMax_ratio_le_abs_b_le_nat	public	theorem	478	-	retain_document	-
NumStability.Analysis.Perturbation.LeastSquares.Equality.RowwiseBackwardError	NumStability.theorem20_7_initialWeightedRowMax_ratio_le_of_sqrt_domination_nat	public	theorem	479	-	retain_document	-
NumStability.Analysis.Perturbation.LeastSquares.Equality.RowwiseBackwardError	NumStability.theorem20_7_initialWeightedRowMax_ratio_of_permuteRows_activeRatioMax_le_nat	public	theorem	480	-	retain_document	-
NumStability.Analysis.Perturbation.LeastSquares.Equality.RowwiseBackwardError	NumStability.theorem20_7_initialWeightedRowMax_ratio_of_permuteRows_ratio_nat	public	theorem	481	-	retain_document	-
NumStability.Analysis.Perturbation.LeastSquares.Equality.RowwiseBackwardError	NumStability.theorem20_7_initialWeightedRowMax_sorted_of_initialRowMax_abs_b_sorted	public	theorem	482	-	retain_document	-
NumStability.Analysis.Perturbation.LeastSquares.Equality.RowwiseBackwardError	NumStability.theorem20_7_initialWeightedRowMax_sorted_of_permuteRows_initialRowMax_abs_b_sorted_nat	public	theorem	483	-	retain_document	-
NumStability.Analysis.Perturbation.LeastSquares.Equality.RowwiseBackwardError	NumStability.theorem20_7_initialWeightedRowMax_sqrt_domination_of_ratio_le_nat	public	theorem	484	-	retain_document	-
NumStability.Analysis.Perturbation.LeastSquares.Equality.RowwiseBackwardError	NumStability.theorem20_7_one_le_compactActiveStepFactor	public	theorem	485	-	retain_document	-
NumStability.Analysis.Perturbation.LeastSquares.Equality.RowwiseBackwardError	NumStability.theorem20_7_packaged_original_space_sqrt_m_j_sq_of_reducedDiff_bound	public	theorem	486	-	retain_document	-
NumStability.Analysis.Perturbation.LeastSquares.Equality.RowwiseBackwardError	NumStability.theorem20_7_pivot_row_entrywiseBudget_incurs_sqrt_m_of_ch19_row_specific_route	public	theorem	487	-	retain_document	-
NumStability.Analysis.Perturbation.LeastSquares.Equality.RowwiseBackwardError	NumStability.theorem20_7_rowwise_horizon_le_compactActiveHorizon	public	theorem	488	-	retain_document	-
NumStability.Analysis.Perturbation.LeastSquares.Equality.RowwiseBackwardError	NumStability.theorem20_7_rowwise_step_growth_factor_le_compactActiveStepFactor	public	theorem	489	-	retain_document	-
NumStability.Analysis.Perturbation.LeastSquares.Equality.RowwiseBackwardError	NumStability.theorem20_7_scalarAffineGrowthBudget_zero_stepBudget	public	theorem	490	-	retain_document	-
NumStability.Analysis.Perturbation.LeastSquares.Equality.RowwiseBackwardError	NumStability.theorem20_7_signed_stage_exact_completionA_bound_of_active_stage_bounds_nat	public	theorem	491	-	retain_document	-
NumStability.Analysis.Perturbation.LeastSquares.Equality.RowwiseBackwardError	NumStability.theorem20_7_signed_stage_exact_completionA_bound_of_row_sorting_active_stage_nat	public	theorem	492	-	retain_document	-
NumStability.Analysis.Perturbation.LeastSquares.Equality.RowwiseBackwardError	NumStability.theorem20_7_signed_stage_exact_completionA_bound_of_row_sorting_active_tail_stage_compactActiveHorizon_nat	public	theorem	493	-	retain_document	-
NumStability.Analysis.Perturbation.LeastSquares.Equality.RowwiseBackwardError	NumStability.theorem20_7_signed_stage_exact_completionA_bound_of_row_sorting_active_tail_stage_nat	public	theorem	494	-	retain_document	-
NumStability.Analysis.Perturbation.LeastSquares.Equality.RowwiseBackwardError	NumStability.theorem20_7_signed_stage_exact_completionB_bound_of_active_stage_bounds_nat	public	theorem	495	-	retain_document	-
NumStability.Analysis.Perturbation.LeastSquares.Equality.RowwiseBackwardError	NumStability.theorem20_7_signed_stage_exact_completionB_bound_of_row_sorting_active_stage_compactActiveHorizon_nat	public	theorem	496	-	retain_document	-
NumStability.Analysis.Perturbation.LeastSquares.Equality.RowwiseBackwardError	NumStability.theorem20_7_signed_stage_exact_completionB_bound_of_row_sorting_active_stage_nat	public	theorem	497	-	retain_document	-
NumStability.Analysis.Perturbation.LeastSquares.Equality.RowwiseBackwardError	NumStability.theorem20_7_stageAEntry_bound_of_h19_row_sorting_accumulated_error	public	theorem	498	-	retain_document	-
NumStability.Analysis.Perturbation.LeastSquares.Equality.RowwiseBackwardError	NumStability.theorem20_7_stageAEntry_le_mul_initial_of_alphaBetaMax_le	public	theorem	499	-	retain_document	-
NumStability.Analysis.Perturbation.LeastSquares.Equality.RowwiseBackwardError	NumStability.theorem20_7_stageAEntry_le_mul_initial_of_alphaBetaMax_le_nat	public	theorem	500	-	retain_document	-
NumStability.Analysis.Perturbation.LeastSquares.Equality.RowwiseBackwardError	NumStability.theorem20_7_stageBEntry_bound_of_h19_row_sorting_accumulated_error	public	theorem	501	-	retain_document	-
NumStability.Analysis.Perturbation.LeastSquares.Equality.RowwiseBackwardError	NumStability.theorem20_7_stageBEntry_le_mul_initialWeighted_of_alphaBetaMax_le	public	theorem	502	-	retain_document	-
NumStability.Analysis.Perturbation.LeastSquares.Equality.RowwiseBackwardError	NumStability.theorem20_7_stageBEntry_le_mul_initialWeighted_of_alphaBetaMax_le_nat	public	theorem	503	-	retain_document	-
NumStability.Analysis.Perturbation.LeastSquares.Equality.RowwiseBackwardError	NumStability.theorem20_7_stageBMax_le_stageWeightedRowMax	public	theorem	504	-	retain_document	-
NumStability.Analysis.Perturbation.LeastSquares.Equality.RowwiseBackwardError	NumStability.theorem20_7_stageRowMax_le_mul_initial_of_alphaBetaMax_le	public	theorem	505	-	retain_document	-
NumStability.Analysis.Perturbation.LeastSquares.Equality.RowwiseBackwardError	NumStability.theorem20_7_stageWeightedRowMax	public	definition	506	-	retain_document	-
NumStability.Analysis.Perturbation.LeastSquares.Equality.RowwiseBackwardError	NumStability.theorem20_7_stageWeightedRowMax_le_mul_initialWeighted_of_alphaBetaMax_le	public	theorem	507	-	retain_document	-
NumStability.Analysis.Perturbation.LeastSquares.Equality.RowwiseBackwardError	NumStability.theorem20_7_stageWeightedRowMax_le_mul_initialWeighted_of_beta_le	public	theorem	508	-	retain_document	-
NumStability.Analysis.Perturbation.LeastSquares.Equality.RowwiseBackwardError	NumStability.theorem20_7_stageWeightedRowMax_le_of_bounds	public	theorem	509	-	retain_document	-
NumStability.Analysis.Perturbation.LeastSquares.Equality.RowwiseBackwardError	NumStability.theorem20_7_stageWeightedRowMax_permuteRows	public	theorem	510	-	retain_document	-
NumStability.Analysis.Perturbation.LeastSquares.Equality.RowwiseBackwardError	NumStability.theorem20_7_storedHouseholderQRMatrixSeq_budgetSqrt_of_component_budget_bound_sq_nat	public	theorem	511	-	retain_document	-
NumStability.Analysis.Perturbation.LeastSquares.Equality.RowwiseBackwardError	NumStability.theorem20_7_storedHouseholderQRMatrixSeq_diagBudget_lt_sqrt_of_component_budget_bound_sq_nat	public	theorem	512	-	retain_document	-
NumStability.Analysis.Perturbation.LeastSquares.Equality.RowwiseBackwardError	NumStability.theorem20_7_storedHouseholderQRMatrixSeq_step_diag_nonzero_of_signed_alpha_component_budget_bound_nat	public	theorem	513	-	retain_document	-
NumStability.Analysis.Perturbation.LeastSquares.Equality.RowwiseBackwardError	NumStability.theorem20_7_storedHouseholderQRMatrixSeq_step_diag_nonzero_of_signed_alpha_component_budget_bound_sq_nat	public	theorem	514	-	retain_document	-
NumStability.Analysis.Perturbation.LeastSquares.Equality.RowwiseBackwardError	NumStability.theorem20_7_storedHouseholderQRMatrixSeq_step_diag_nonzero_of_signed_alpha_sqrt_budget_nat	public	theorem	515	-	retain_document	-
NumStability.Analysis.Perturbation.LeastSquares.Equality.RowwiseBackwardError	NumStability.theorem20_7_storedHouseholderQRMatrixSeq_step_diag_nonzero_of_signed_alpha_trailingNorm_pos_component_budget_bound_nat	public	theorem	516	-	retain_document	-
NumStability.Analysis.Perturbation.LeastSquares.Equality.RowwiseBackwardError	NumStability.theorem20_7_storedHouseholderQRMatrixSeq_step_diag_nonzero_of_signed_alpha_trailingNorm_pos_sqrt_budget_nat	public	theorem	517	-	retain_document	-
NumStability.Analysis.Perturbation.LeastSquares.Equality.RowwiseBackwardError	NumStability.theorem20_7_storedHouseholderQRMatrixSeq_trailingNorm_pos_of_component_budget_bound_nat	public	theorem	518	-	retain_document	-
NumStability.Analysis.Perturbation.LeastSquares.Equality.RowwiseBackwardError	NumStability.theorem20_7_storedHouseholderQRMatrixSeq_trailingNorm_pos_of_component_budget_bound_sq_nat	public	theorem	519	-	retain_document	-
NumStability.Analysis.Perturbation.LeastSquares.Equality.RowwiseBackwardError	NumStability.theorem20_7_storedHouseholderQRMatrixSeq_trailingNorm_pos_of_sqrt_budget_nat	public	theorem	520	-	retain_document	-
NumStability.Analysis.Perturbation.LeastSquares.Equality.RowwiseBackwardError	_private.NumStability.Analysis.Perturbation.LeastSquares.Equality.RowwiseBackwardError.0.NumStability.theorem20_7_finRectProdUniv_nonempty_of_pos	private	theorem	521	-	retain_document	-
NumStability.Source.Higham.Chapter20.Theorem03.QRSolve	NumStability.IsLeastSquaresMinimizer.higham_residual_orthogonal	public	theorem	0	-	retain_document	-
NumStability.Source.Higham.Chapter20.Theorem03.QRSolve	NumStability.IsLeastSquaresMinimizer.wedin_perturbed_residual_column_orthogonal	public	theorem	1	-	retain_document	-
NumStability.Source.Higham.Chapter20.Theorem03.QRSolve	NumStability.IsLeastSquaresMinimizer.wedin_rangeProjection_higham_residual_eq_zero	public	theorem	2	-	retain_document	-
NumStability.Source.Higham.Chapter20.Theorem03.QRSolve	NumStability.IsLeastSquaresMinimizer.wedin_residualRelativeRHSConservative_le_of_Bplus_bound_geometry	public	theorem	3	-	retain_document	-
NumStability.Source.Higham.Chapter20.Theorem03.QRSolve	NumStability.IsLeastSquaresMinimizer.wedin_residualRelativeRHS_le_of_crossProjection_eq_geometry	public	theorem	4	-	retain_document	-
NumStability.Source.Higham.Chapter20.Theorem03.QRSolve	NumStability.IsLeastSquaresMinimizer.wedin_residualRelativeRHS_le_of_min_surface_geometry	public	theorem	5	-	retain_document	-
NumStability.Source.Higham.Chapter20.Theorem03.QRSolve	NumStability.IsLeastSquaresMinimizer.wedin_residualRelativeRHS_le_of_min_surface_geometry_source_minimizer	public	theorem	6	-	retain_document	-
NumStability.Source.Higham.Chapter20.Theorem03.QRSolve	NumStability.IsLeastSquaresMinimizer.wedin_residualRelativeRHS_le_of_projector_bound_geometry	public	theorem	7	-	retain_document	-
NumStability.Source.Higham.Chapter20.Theorem03.QRSolve	NumStability.IsLeastSquaresMinimizer.wedin_solutionRelativeRHSConservative_le_of_Bplus_bound_geometry	public	theorem	8	-	retain_document	-
NumStability.Source.Higham.Chapter20.Theorem03.QRSolve	NumStability.IsLeastSquaresMinimizer.wedin_solutionRelativeRHS_le_of_crossProjection_eq_geometry	public	theorem	9	-	retain_document	-
NumStability.Source.Higham.Chapter20.Theorem03.QRSolve	NumStability.IsLeastSquaresMinimizer.wedin_solutionRelativeRHS_le_of_projector_bound_geometry	public	theorem	10	-	retain_document	-
NumStability.Source.Higham.Chapter20.Theorem03.QRSolve	NumStability.LSAsymmetricAugmentedSystem.exists_exact_qr_solution_of_fl_forwardSub_fl_backSub_of_higham_qr_and_rhs_explicit_backward_error_with_source_rhs_bounds	public	theorem	11	-	retain_document	-
NumStability.Source.Higham.Chapter20.Theorem03.QRSolve	NumStability.LSAsymmetricAugmentedSystem.exists_exact_qr_solution_of_fl_forwardSub_fl_backSub_of_higham_qr_and_rhs_explicit_backward_error_with_zero_deltag_bound	public	theorem	12	-	retain_document	-
NumStability.Source.Higham.Chapter20.Theorem03.QRSolve	NumStability.LSAsymmetricAugmentedSystem.exists_exact_qr_solution_of_fl_householderQRPanel_higham_matrix_solve_components_with_closed_growth_source_rhs_bound	public	theorem	13	-	retain_document	-
NumStability.Source.Higham.Chapter20.Theorem03.QRSolve	NumStability.LSAsymmetricAugmentedSystem.exists_exact_qr_solution_of_fl_householderQRPanel_higham_matrix_solve_components_with_concrete_gammaTilde	public	theorem	14	-	retain_document	-
NumStability.Source.Higham.Chapter20.Theorem03.QRSolve	NumStability.LSAsymmetricAugmentedSystem.exists_exact_qr_solution_of_fl_householderQRPanel_higham_matrix_solve_components_with_concrete_gammaTildeSharp_unified_frob_bound	public	theorem	15	-	retain_document	-
NumStability.Source.Higham.Chapter20.Theorem03.QRSolve	NumStability.LSAsymmetricAugmentedSystem.exists_exact_qr_solution_of_fl_householderQRPanel_higham_matrix_solve_components_with_concrete_gammaTildeSqrtResidual_unified_frob_bound	public	theorem	16	-	retain_document	-
NumStability.Source.Higham.Chapter20.Theorem03.QRSolve	NumStability.LSAsymmetricAugmentedSystem.exists_exact_qr_solution_of_fl_householderQRPanel_higham_matrix_solve_components_with_concrete_gammaTildeSqrtResidual_unified_frob_bound_of_global_gammaValid	public	theorem	17	-	retain_document	-
NumStability.Source.Higham.Chapter20.Theorem03.QRSolve	NumStability.LSAsymmetricAugmentedSystem.exists_exact_qr_solution_of_fl_householderQRPanel_higham_matrix_solve_components_with_concrete_gammaTilde_unified_frob_bound	public	theorem	18	-	retain_document	-
NumStability.Source.Higham.Chapter20.Theorem03.QRSolve	NumStability.LSAsymmetricAugmentedSystem.exists_exact_qr_solution_of_fl_householderQRPanel_higham_matrix_solve_components_with_gamma_closed_growth_source_rhs_bound	public	theorem	19	-	retain_document	-
NumStability.Source.Higham.Chapter20.Theorem03.QRSolve	NumStability.LSAsymmetricAugmentedSystem.exists_exact_qr_solution_of_fl_householderQRPanel_higham_matrix_solve_components_with_gamma_factor_source_rhs_bound	public	theorem	20	-	retain_document	-
NumStability.Source.Higham.Chapter20.Theorem03.QRSolve	NumStability.LSAsymmetricAugmentedSystem.exists_exact_qr_solution_of_fl_householderQRPanel_higham_matrix_solve_components_with_gamma_factor_source_rhs_bound_unit_roundoff_smallnessThreshold	public	theorem	21	-	retain_document	-
NumStability.Source.Higham.Chapter20.Theorem03.QRSolve	NumStability.LSAsymmetricAugmentedSystem.exists_exact_qr_solution_of_fl_householderQRPanel_higham_matrix_solve_components_with_gamma_index_source_rhs_bound	public	theorem	22	-	retain_document	-
NumStability.Source.Higham.Chapter20.Theorem03.QRSolve	NumStability.LSAsymmetricAugmentedSystem.exists_exact_qr_solution_of_fl_householderQRPanel_higham_matrix_solve_components_with_growth_source_rhs_bound	public	theorem	23	-	retain_document	-
NumStability.Source.Higham.Chapter20.Theorem03.QRSolve	NumStability.LSAsymmetricAugmentedSystem.exists_exact_qr_solution_of_fl_householderQRPanel_higham_matrix_solve_components_with_sharp_sqrt_growth_source_rhs_bound	public	theorem	24	-	retain_document	-
NumStability.Source.Higham.Chapter20.Theorem03.QRSolve	NumStability.LSAsymmetricAugmentedSystem.exists_exact_qr_solution_of_fl_householderQRPanel_higham_matrix_solve_components_with_source_rhs_bounds	public	theorem	25	-	retain_document	-
NumStability.Source.Higham.Chapter20.Theorem03.QRSolve	NumStability.LSAsymmetricAugmentedSystem.exists_exact_qr_solution_of_fl_householderQRPanel_higham_matrix_solve_components_with_sqrt_growth_source_rhs_bound	public	theorem	26	-	retain_document	-
NumStability.Source.Higham.Chapter20.Theorem03.QRSolve	NumStability.LSAsymmetricAugmentedSystem.exists_exact_qr_solution_of_fl_householderQRPanel_higham_matrix_solve_components_with_sqrt_residual_growth_source_rhs_bound	public	theorem	27	-	retain_document	-
NumStability.Source.Higham.Chapter20.Theorem03.QRSolve	NumStability.LSAsymmetricAugmentedSystem.exists_exact_qr_solution_of_fl_householderQRPanel_higham_matrix_solve_components_with_uniform_source_rhs_bound	public	theorem	28	-	retain_document	-
NumStability.Source.Higham.Chapter20.Theorem03.QRSolve	NumStability.LSAsymmetricAugmentedSystem.exists_exact_qr_solution_of_fl_householderQRPanel_higham_matrix_solve_components_with_zero_deltag_bound	public	theorem	29	-	retain_document	-
NumStability.Source.Higham.Chapter20.Theorem03.QRSolve	NumStability.LSAsymmetricAugmentedSystem.exists_exact_qr_solution_of_fl_householderQRPanel_higham_matrix_solve_components_with_zero_deltag_bound_sqrt	public	theorem	30	-	retain_document	-
NumStability.Source.Higham.Chapter20.Theorem03.QRSolve	NumStability.LSAsymmetricAugmentedSystem.exists_exact_qr_solution_of_fl_householderQRPanel_higham_matrix_solve_components_with_zero_deltag_bound_sqrt_residual	public	theorem	31	-	retain_document	-
NumStability.Source.Higham.Chapter20.Theorem03.QRSolve	NumStability.LSAsymmetricAugmentedSystem.exists_exact_qr_solution_of_fl_householderQRPanel_theorem20_4_source_fullRank_computed_nonbreakdown	public	theorem	32	-	retain_document	-
NumStability.Source.Higham.Chapter20.Theorem03.QRSolve	NumStability.LSAsymmetricAugmentedSystem.exists_exact_qr_solution_of_fl_householderQRPanel_theorem20_4_source_fullRank_computed_nonbreakdown_total_perturbations	public	theorem	33	-	retain_document	-
NumStability.Source.Higham.Chapter20.Theorem03.QRSolve	NumStability.LSAsymmetricPerturbedAugmentedSystem.exists_augmentedSystem	public	theorem	34	-	retain_document	-
NumStability.Source.Higham.Chapter20.Theorem03.QRSolve	NumStability.LSAsymmetricPerturbedAugmentedSystem.exists_isLeastSquaresMinimizer	public	theorem	35	-	retain_document	-
NumStability.Source.Higham.Chapter20.Theorem03.QRSolve	NumStability.LSAsymmetricPerturbedAugmentedSystem.to_augmentedSystem_of_s_ne_zero	public	theorem	36	-	retain_document	-
NumStability.Source.Higham.Chapter20.Theorem03.QRSolve	NumStability.LSAugmentedNormalSystem.iff_rectLSNormalEquations	public	theorem	37	-	retain_document	-
NumStability.Source.Higham.Chapter20.Theorem03.QRSolve	NumStability.LSAugmentedSystem.iff_rectLSNormalEquations_zero_rhs	public	theorem	38	-	retain_document	-
NumStability.Source.Higham.Chapter20.Theorem03.QRSolve	NumStability.LSAugmentedSystem.isLeastSquaresMinimizer_of_zero_rhs	public	theorem	39	-	retain_document	-
NumStability.Source.Higham.Chapter20.Theorem03.QRSolve	NumStability.LSNormwiseBackwardErrorFeasible.exists_rankOne_source_residual_witness	public	theorem	40	-	retain_document	-
NumStability.Source.Higham.Chapter20.Theorem03.QRSolve	NumStability.LSNormwiseBackwardErrorFeasible.exists_rankTwo_source_residual_witness	public	theorem	41	-	retain_document	-
NumStability.Source.Higham.Chapter20.Theorem03.QRSolve	NumStability.LSNormwiseBackwardErrorFeasible.formulaMatrixSigmaMin_mul_source_residual_vecNorm2_le	public	theorem	42	-	retain_document	-
NumStability.Source.Higham.Chapter20.Theorem03.QRSolve	NumStability.LSNormwiseBackwardErrorFeasible.formulaMatrixSigmaMin_mul_source_residual_vecNorm2_le_add	public	theorem	43	-	retain_document	-
NumStability.Source.Higham.Chapter20.Theorem03.QRSolve	NumStability.LSNormwiseBackwardErrorFeasible.formulaMatrixSigmaMin_mul_source_residual_vecNorm2_sq_le	public	theorem	44	-	retain_document	-
NumStability.Source.Higham.Chapter20.Theorem03.QRSolve	NumStability.LSNormwiseBackwardErrorFeasible.formulaMatrixSigmaMin_mul_source_residual_vecNorm2_sq_le_exact	public	theorem	45	-	retain_document	-
NumStability.Source.Higham.Chapter20.Theorem03.QRSolve	NumStability.LSNormwiseBackwardErrorFeasible.formulaMatrix_transpose_source_residual_eq	public	theorem	46	-	retain_document	-
NumStability.Source.Higham.Chapter20.Theorem03.QRSolve	NumStability.LSNormwiseBackwardErrorFeasible.formulaMatrix_transpose_source_residual_eq_expanded	public	theorem	47	-	retain_document	-
NumStability.Source.Higham.Chapter20.Theorem03.QRSolve	NumStability.LSNormwiseBackwardErrorFeasible.formulaMatrix_transpose_source_residual_left	public	theorem	48	-	retain_document	-
NumStability.Source.Higham.Chapter20.Theorem03.QRSolve	NumStability.LSNormwiseBackwardErrorFeasible.formulaMatrix_transpose_source_residual_vecNorm2Sq_eq	public	theorem	49	-	retain_document	-
NumStability.Source.Higham.Chapter20.Theorem03.QRSolve	NumStability.LSNormwiseBackwardErrorFeasible.formulaMatrix_transpose_source_residual_vecNorm2Sq_eq_expanded	public	theorem	50	-	retain_document	-
NumStability.Source.Higham.Chapter20.Theorem03.QRSolve	NumStability.LSNormwiseBackwardErrorFeasible.formulaMatrix_transpose_source_residual_vecNorm2Sq_le	public	theorem	51	-	retain_document	-
NumStability.Source.Higham.Chapter20.Theorem03.QRSolve	NumStability.LSNormwiseBackwardErrorFeasible.formulaMatrix_transpose_source_residual_vecNorm2_le	public	theorem	52	-	retain_document	-
NumStability.Source.Higham.Chapter20.Theorem03.QRSolve	NumStability.LSNormwiseBackwardErrorFeasible.iff_perturbed_higham_residual_orthogonal	public	theorem	53	-	retain_document	-
NumStability.Source.Higham.Chapter20.Theorem03.QRSolve	NumStability.LSNormwiseBackwardErrorFeasible.iff_source_higham_residual_orthogonal	public	theorem	54	-	retain_document	-
NumStability.Source.Higham.Chapter20.Theorem03.QRSolve	NumStability.LSNormwiseBackwardErrorFeasible.rankOne_source_residual_witness	public	theorem	55	-	retain_document	-
NumStability.Source.Higham.Chapter20.Theorem03.QRSolve	NumStability.LSPerturbedAugmentedSystem.iff_rectLSNormalEquations	public	theorem	56	-	retain_document	-
NumStability.Source.Higham.Chapter20.Theorem03.QRSolve	NumStability.LSPerturbedAugmentedSystem.of_isLeastSquaresMinimizer	public	theorem	57	-	retain_document	-
NumStability.Source.Higham.Chapter20.Theorem03.QRSolve	NumStability.LSQRSolveBackwardError.of_stored_trailing_householder_sequence_topBlock_fl_backSub_gamma_bound_explicitCompactBudget_of_signed_alpha_leadingBlock_det_ne_zero_kappaInf_selfNorm_dualBudget_rowBudgetControl_globalProduct	public	theorem	58	-	retain_document	-
NumStability.Source.Higham.Chapter20.Theorem03.QRSolve	NumStability.LSQRSolveBackwardError.of_stored_trailing_householder_sequence_topBlock_fl_backSub_gamma_bound_explicitCompactBudget_of_signed_alpha_leadingBlock_det_ne_zero_normSqBudget_rowBudgetControl_globalProduct	public	theorem	59	-	retain_document	-
NumStability.Source.Higham.Chapter20.Theorem03.QRSolve	NumStability.LSQRSolveBackwardError.of_stored_trailing_householder_sequence_topBlock_fl_backSub_gamma_bound_explicitCompactBudget_of_signed_alpha_leadingBlock_det_ne_zero_normSqBudget_rowBudgetControl_product	public	theorem	60	-	retain_document	-
NumStability.Source.Higham.Chapter20.Theorem03.QRSolve	NumStability.LSQRSolveBackwardError.of_stored_trailing_householder_sequence_topBlock_fl_backSub_gamma_bound_explicitCompactBudget_of_signed_alpha_leadingBlock_det_ne_zero_normSqBudget_rowMaxBudgetFactor_globalProduct	public	theorem	61	-	retain_document	-
NumStability.Source.Higham.Chapter20.Theorem03.QRSolve	NumStability.LSQRSolveBackwardError.of_stored_trailing_householder_sequence_topBlock_fl_backSub_gamma_bound_explicitCompactBudget_of_signed_alpha_leadingBlock_det_ne_zero_normSqBudget_rowMaxDiagDefect_globalProduct	public	theorem	62	-	retain_document	-
NumStability.Source.Higham.Chapter20.Theorem03.QRSolve	NumStability.LSQRSolveBackwardError.of_stored_trailing_householder_sequence_topBlock_fl_backSub_gamma_bound_explicitCompactBudget_of_signed_alpha_leadingBlock_det_ne_zero_normSqBudget_rowMaxDiagDefect_globalProduct_of_actualUnitRoundoff_no_gammaValid	public	theorem	63	-	retain_document	-
NumStability.Source.Higham.Chapter20.Theorem03.QRSolve	NumStability.StoredQRDisplayedRowBudgetControl	public	inductive	64	-	retain_document	-
NumStability.Source.Higham.Chapter20.Theorem03.QRSolve	NumStability.StoredQRDisplayedRowBudgetControl.casesOn	public	definition	65	-	retain_document	-
NumStability.Source.Higham.Chapter20.Theorem03.QRSolve	NumStability.StoredQRDisplayedRowBudgetControl.diag_lower	public	theorem	66	-	retain_document	-
NumStability.Source.Higham.Chapter20.Theorem03.QRSolve	NumStability.StoredQRDisplayedRowBudgetControl.mk	public	constructor	67	-	retain_document	-
NumStability.Source.Higham.Chapter20.Theorem03.QRSolve	NumStability.StoredQRDisplayedRowBudgetControl.of_diagDominant	public	theorem	68	-	retain_document	-
NumStability.Source.Higham.Chapter20.Theorem03.QRSolve	NumStability.StoredQRDisplayedRowBudgetControl.of_rowMaxBudget_le_diag_factor	public	theorem	69	-	retain_document	-
NumStability.Source.Higham.Chapter20.Theorem03.QRSolve	NumStability.StoredQRDisplayedRowBudgetControl.of_rowMaxDiagDefectBudget_nonpos	public	theorem	70	-	retain_document	-
NumStability.Source.Higham.Chapter20.Theorem03.QRSolve	NumStability.StoredQRDisplayedRowBudgetControl.of_signed_stage_budgets_factor_of_normSqBudget	public	theorem	71	-	retain_document	-
NumStability.Source.Higham.Chapter20.Theorem03.QRSolve	NumStability.StoredQRDisplayedRowBudgetControl.of_signed_stage_uniformBudget_factor_of_normSqBudget	public	theorem	72	-	retain_document	-
NumStability.Source.Higham.Chapter20.Theorem03.QRSolve	NumStability.StoredQRDisplayedRowBudgetControl.of_signed_stage_uniformBudget_globalCompactBudget_activeMaxPivot_kappaInf_dualBudget	public	theorem	73	-	retain_document	-
NumStability.Source.Higham.Chapter20.Theorem03.QRSolve	NumStability.StoredQRDisplayedRowBudgetControl.of_signed_stage_uniformBudget_globalCompactBudget_activeMaxPivot_kappaInf_dualBudget_stageDiagDefect_horizonBudget	public	theorem	74	-	retain_document	-
NumStability.Source.Higham.Chapter20.Theorem03.QRSolve	NumStability.StoredQRDisplayedRowBudgetControl.of_signed_stage_uniformBudget_globalCompactBudget_activeMaxPivot_of_normSqBudget	public	theorem	75	-	retain_document	-
NumStability.Source.Higham.Chapter20.Theorem03.QRSolve	NumStability.StoredQRDisplayedRowBudgetControl.of_signed_stage_uniformBudget_globalCompactBudget_kappaInf_dualBudget	public	theorem	76	-	retain_document	-
NumStability.Source.Higham.Chapter20.Theorem03.QRSolve	NumStability.StoredQRDisplayedRowBudgetControl.of_signed_stage_uniformBudget_globalCompactBudget_of_normSqBudget	public	theorem	77	-	retain_document	-
NumStability.Source.Higham.Chapter20.Theorem03.QRSolve	NumStability.StoredQRDisplayedRowBudgetControl.of_sourceOffDiagonalControl_rowMaxBudget	public	theorem	78	-	retain_document	-
NumStability.Source.Higham.Chapter20.Theorem03.QRSolve	NumStability.StoredQRDisplayedRowBudgetControl.offdiag_le	public	theorem	79	-	retain_document	-
NumStability.Source.Higham.Chapter20.Theorem03.QRSolve	NumStability.StoredQRDisplayedRowBudgetControl.rec	public	recursor	80	-	retain_document	-
NumStability.Source.Higham.Chapter20.Theorem03.QRSolve	NumStability.StoredQRDisplayedRowBudgetControl.recOn	public	definition	81	-	retain_document	-
NumStability.Source.Higham.Chapter20.Theorem03.QRSolve	NumStability.StoredQRSourceOffDiagonalControl.of_stored_trailing_sequence_leadingBlock_det_ne_zero_normSqBudget_rowBudgetControl_globalProduct	public	theorem	82	-	retain_document	-
NumStability.Source.Higham.Chapter20.Theorem03.QRSolve	NumStability.StoredQRSourceOffDiagonalControl.of_stored_trailing_sequence_leadingBlock_det_ne_zero_normSqBudget_rowBudgetControl_product	public	theorem	83	-	retain_document	-
NumStability.Source.Higham.Chapter20.Theorem03.QRSolve	NumStability.StoredQRSourceOffDiagonalControl.of_stored_trailing_sequence_leadingBlock_det_ne_zero_normSqBudget_rowMaxBudgetFactor_globalProduct	public	theorem	84	-	retain_document	-
NumStability.Source.Higham.Chapter20.Theorem03.QRSolve	NumStability.StoredQRSourceOffDiagonalControl.of_stored_trailing_sequence_leadingBlock_det_ne_zero_normSqBudget_rowMaxDiagDefect_globalProduct	public	theorem	85	-	retain_document	-
NumStability.Source.Higham.Chapter20.Theorem03.QRSolve	NumStability.activeMaxPivotRowBudgetDiagCounterexampleA0	public	definition	86	-	retain_document	-
NumStability.Source.Higham.Chapter20.Theorem03.QRSolve	NumStability.activeMaxPivotRowBudgetDiagCounterexampleSeq	public	definition	87	-	retain_document	-
NumStability.Source.Higham.Chapter20.Theorem03.QRSolve	NumStability.activeMaxPivotRowBudgetDiagCounterexample_rowMaxDiagDefectBudget_pos	public	theorem	88	-	retain_document	-
NumStability.Source.Higham.Chapter20.Theorem03.QRSolve	NumStability.activeMaxPivotRowBudgetDiagCounterexample_stageDiagLowerDefectBudget_pos	public	theorem	89	-	retain_document	-
NumStability.Source.Higham.Chapter20.Theorem03.QRSolve	NumStability.activeMaxPivotRowMaxComparisonCounterexampleA0	public	definition	90	-	retain_document	-
NumStability.Source.Higham.Chapter20.Theorem03.QRSolve	NumStability.activeMaxPivotRowMaxComparisonCounterexampleSeq	public	definition	91	-	retain_document	-
NumStability.Source.Higham.Chapter20.Theorem03.QRSolve	NumStability.activeMaxPivotRowMaxComparisonCounterexample_diagDominant	public	theorem	92	-	retain_document	-
NumStability.Source.Higham.Chapter20.Theorem03.QRSolve	NumStability.activeMaxPivotRowMaxComparisonCounterexample_productBudget	public	theorem	93	-	retain_document	-
NumStability.Source.Higham.Chapter20.Theorem03.QRSolve	NumStability.activeMaxPivotRowMaxComparisonCounterexample_rowMaxDiagDefectBudget_nonpos	public	theorem	94	-	retain_document	-
NumStability.Source.Higham.Chapter20.Theorem03.QRSolve	NumStability.activeMaxPivotRowMaxComparisonCounterexample_stageDiagLowerDefectBudget_pos	public	theorem	95	-	retain_document	-
NumStability.Source.Higham.Chapter20.Theorem03.QRSolve	NumStability.activeMaxPivotRowMaxComparisonCounterexample_stageRowMaxComparisonDefectBudget_pos	public	theorem	96	-	retain_document	-
NumStability.Source.Higham.Chapter20.Theorem03.QRSolve	NumStability.exactHouseholderQRDiagDominanceCounterexampleA1	public	definition	97	-	retain_document	-
NumStability.Source.Higham.Chapter20.Theorem03.QRSolve	NumStability.exactHouseholderQRDiagDominanceCounterexampleA2	public	definition	98	-	retain_document	-
NumStability.Source.Higham.Chapter20.Theorem03.QRSolve	NumStability.exactHouseholderQRDiagDominanceCounterexampleAlpha	public	definition	99	-	retain_document	-
NumStability.Source.Higham.Chapter20.Theorem03.QRSolve	NumStability.exactHouseholderQRDiagDominanceCounterexampleFP	public	definition	100	-	retain_document	-
NumStability.Source.Higham.Chapter20.Theorem03.QRSolve	NumStability.exactHouseholderQRDiagDominanceCounterexampleSeq	public	definition	101	-	retain_document	-
NumStability.Source.Higham.Chapter20.Theorem03.QRSolve	NumStability.exactHouseholderQRDiagDominanceCounterexample_alpha_sq	public	theorem	102	-	retain_document	-
NumStability.Source.Higham.Chapter20.Theorem03.QRSolve	NumStability.exactHouseholderQRDiagDominanceCounterexample_den_ne_zero	public	theorem	103	-	retain_document	-
NumStability.Source.Higham.Chapter20.Theorem03.QRSolve	NumStability.exactHouseholderQRDiagDominanceCounterexample_not_activeMaxPivotChoice	public	theorem	104	-	retain_document	-
NumStability.Source.Higham.Chapter20.Theorem03.QRSolve	NumStability.exactHouseholderQRDiagDominanceCounterexample_not_diagDominant	public	theorem	105	-	retain_document	-
NumStability.Source.Higham.Chapter20.Theorem03.QRSolve	NumStability.exactHouseholderQRDiagDominanceCounterexample_rowMaxDiagDefectBudget_pos	public	theorem	106	-	retain_document	-
NumStability.Source.Higham.Chapter20.Theorem03.QRSolve	NumStability.exactHouseholderQRDiagDominanceCounterexample_signed_alpha_def	public	theorem	107	-	retain_document	-
NumStability.Source.Higham.Chapter20.Theorem03.QRSolve	NumStability.exactHouseholderQRDiagDominanceCounterexample_stageDiagLowerDefectBudget_pos	public	theorem	108	-	retain_document	-
NumStability.Source.Higham.Chapter20.Theorem03.QRSolve	NumStability.exactHouseholderQRDiagDominanceCounterexample_stageRowMaxComparisonDefectBudget_pos	public	theorem	109	-	retain_document	-
NumStability.Source.Higham.Chapter20.Theorem03.QRSolve	NumStability.exactHouseholderQRDiagDominanceCounterexample_step	public	theorem	110	-	retain_document	-
NumStability.Source.Higham.Chapter20.Theorem03.QRSolve	NumStability.exactHouseholderQRDiagDominanceCounterexample_stored_step	public	theorem	111	-	retain_document	-
NumStability.Source.Higham.Chapter20.Theorem03.QRSolve	NumStability.exists_lsScaledAugmentedMatrix_kappa2_bounds_of_rectSingularValue_rightGram_basis_of_colRank_eq_card	public	theorem	112	-	retain_document	-
NumStability.Source.Higham.Chapter20.Theorem03.QRSolve	NumStability.exists_lsScaledAugmentedMatrix_kappa2_bounds_of_rightGram_basis_of_colRank_eq_card	public	theorem	113	-	retain_document	-
NumStability.Source.Higham.Chapter20.Theorem03.QRSolve	NumStability.exists_perturbed_ls_minimizer_of_stored_trailing_householder_sequence_topBlock_fl_backSub_gamma_bound_explicitCompactBudget_of_signed_alpha_leadingBlock_det_ne_zero_kappaInf_selfNorm_dualBudget_rowBudgetControl_globalProduct	public	theorem	114	-	retain_document	-
NumStability.Source.Higham.Chapter20.Theorem03.QRSolve	NumStability.exists_perturbed_ls_minimizer_of_stored_trailing_householder_sequence_topBlock_fl_backSub_gamma_bound_explicitCompactBudget_of_signed_alpha_leadingBlock_det_ne_zero_kappaInf_selfNorm_dualBudget_rowBudgetControl_globalProduct_of_actualUnitRoundoff_no_gammaValid	public	theorem	115	-	retain_document	-
NumStability.Source.Higham.Chapter20.Theorem03.QRSolve	NumStability.exists_perturbed_ls_minimizer_of_stored_trailing_householder_sequence_topBlock_fl_backSub_gamma_bound_explicitCompactBudget_of_signed_alpha_leadingBlock_det_ne_zero_normSqBudget_rowBudgetControl_globalProduct	public	theorem	116	-	retain_document	-
NumStability.Source.Higham.Chapter20.Theorem03.QRSolve	NumStability.exists_perturbed_ls_minimizer_of_stored_trailing_householder_sequence_topBlock_fl_backSub_gamma_bound_explicitCompactBudget_of_signed_alpha_leadingBlock_det_ne_zero_normSqBudget_rowBudgetControl_product	public	theorem	117	-	retain_document	-
NumStability.Source.Higham.Chapter20.Theorem03.QRSolve	NumStability.exists_perturbed_ls_minimizer_of_stored_trailing_householder_sequence_topBlock_fl_backSub_gamma_bound_explicitCompactBudget_of_signed_alpha_leadingBlock_det_ne_zero_normSqBudget_rowMaxBudgetFactor_globalProduct	public	theorem	118	-	retain_document	-
NumStability.Source.Higham.Chapter20.Theorem03.QRSolve	NumStability.exists_perturbed_ls_minimizer_of_stored_trailing_householder_sequence_topBlock_fl_backSub_gamma_bound_explicitCompactBudget_of_signed_alpha_leadingBlock_det_ne_zero_normSqBudget_rowMaxDiagDefect_globalProduct	public	theorem	119	-	retain_document	-
NumStability.Source.Higham.Chapter20.Theorem03.QRSolve	NumStability.exists_perturbed_ls_minimizer_of_stored_trailing_householder_sequence_topBlock_fl_backSub_gamma_bound_explicitCompactBudget_of_signed_alpha_leadingBlock_det_ne_zero_normSqBudget_rowMaxDiagDefect_globalProduct_of_actualUnitRoundoff_no_gammaValid	public	theorem	120	-	retain_document	-
NumStability.Source.Higham.Chapter20.Theorem03.QRSolve	NumStability.gamma_le_lsTheorem20_4ConcreteGammaTilde	public	theorem	121	-	retain_document	-
NumStability.Source.Higham.Chapter20.Theorem03.QRSolve	NumStability.gamma_le_lsTheorem20_4ConcreteGammaTildeSharp	public	theorem	122	-	retain_document	-
NumStability.Source.Higham.Chapter20.Theorem03.QRSolve	NumStability.gamma_le_lsTheorem20_4ConcreteGammaTildeSqrtResidual	public	theorem	123	-	retain_document	-
NumStability.Source.Higham.Chapter20.Theorem03.QRSolve	NumStability.householderQRRhsPanelBackwardBound_le_lsTheorem20_4DeltafMajorant_of_f_term_dom	public	theorem	124	-	retain_document	-
NumStability.Source.Higham.Chapter20.Theorem03.QRSolve	NumStability.householderQRRhsPanelBackwardBound_le_lsTheorem20_4DeltafMajorant_of_rhat_term_dom	public	theorem	125	-	retain_document	-
NumStability.Source.Higham.Chapter20.Theorem03.QRSolve	NumStability.householderQRRhsPanelBackwardBound_uniform_f_source_witness	public	theorem	126	-	retain_document	-
NumStability.Source.Higham.Chapter20.Theorem03.QRSolve	NumStability.householderQRRhsPanelBackwardBound_uniform_f_source_witness_of_closedGrowth	public	theorem	127	-	retain_document	-
NumStability.Source.Higham.Chapter20.Theorem03.QRSolve	NumStability.householderQRRhsPanelBackwardBound_uniform_f_source_witness_of_gammaClosedGrowth	public	theorem	128	-	retain_document	-
NumStability.Source.Higham.Chapter20.Theorem03.QRSolve	NumStability.householderQRRhsPanelBackwardBound_uniform_f_source_witness_of_gammaFactor	public	theorem	129	-	retain_document	-
NumStability.Source.Higham.Chapter20.Theorem03.QRSolve	NumStability.householderQRRhsPanelBackwardBound_uniform_f_source_witness_of_gammaIndex	public	theorem	130	-	retain_document	-
NumStability.Source.Higham.Chapter20.Theorem03.QRSolve	NumStability.householderQRRhsPanelBackwardBound_uniform_f_source_witness_of_growthCoeff	public	theorem	131	-	retain_document	-
NumStability.Source.Higham.Chapter20.Theorem03.QRSolve	NumStability.householderQRRhsPanelBackwardBound_uniform_f_source_witness_of_infNorm_dom	public	theorem	132	-	retain_document	-
NumStability.Source.Higham.Chapter20.Theorem03.QRSolve	NumStability.householderQRRhsPanelBackwardBound_uniform_f_source_witness_of_scalar_infNorm_dom	public	theorem	133	-	retain_document	-
NumStability.Source.Higham.Chapter20.Theorem03.QRSolve	NumStability.householderQRRhsPanelSqrtBackwardBound_uniform_f_source_witness_of_scalar_infNorm_dom	public	theorem	134	-	retain_document	-
NumStability.Source.Higham.Chapter20.Theorem03.QRSolve	NumStability.householderQRRhsPanelSqrtBackwardBound_uniform_f_source_witness_of_sqrtGrowthCoeff	public	theorem	135	-	retain_document	-
NumStability.Source.Higham.Chapter20.Theorem03.QRSolve	NumStability.householderQRRhsPanelSqrtBackwardBound_uniform_f_source_witness_of_sqrtGrowthCoeffSharp	public	theorem	136	-	retain_document	-
NumStability.Source.Higham.Chapter20.Theorem03.QRSolve	NumStability.householderQRRhsPanelSqrtGrowthCoeffSharp_le_lsTheorem20_4ConcreteGammaTildeSharp	public	theorem	137	-	retain_document	-
NumStability.Source.Higham.Chapter20.Theorem03.QRSolve	NumStability.householderQRRhsPanelSqrtGrowthCoeff_le_lsTheorem20_4ConcreteGammaTilde	public	theorem	138	-	retain_document	-
NumStability.Source.Higham.Chapter20.Theorem03.QRSolve	NumStability.householderQRRhsPanelSqrtResidualBackwardBound_uniform_f_source_witness_of_sqrtResidualGrowthCoeff	public	theorem	139	-	retain_document	-
NumStability.Source.Higham.Chapter20.Theorem03.QRSolve	NumStability.householderQRRhsPanelSqrtResidualGrowthCoeff_le_lsTheorem20_4ConcreteGammaTildeSqrtResidual	public	theorem	140	-	retain_document	-
NumStability.Source.Higham.Chapter20.Theorem03.QRSolve	NumStability.lsAugmentedEq20_10_numerator_bound_of_perturbation_bounds	public	theorem	141	-	retain_document	-
NumStability.Source.Higham.Chapter20.Theorem03.QRSolve	NumStability.lsAugmentedEq20_10_relative_bound_of_perturbation_bounds	public	theorem	142	-	retain_document	-
NumStability.Source.Higham.Chapter20.Theorem03.QRSolve	NumStability.lsAugmentedEq20_10_relative_bound_of_perturbed_systems	public	theorem	143	-	retain_document	-
NumStability.Source.Higham.Chapter20.Theorem03.QRSolve	NumStability.lsAugmentedEq20_10_relative_bound_of_perturbed_systems_full_column_rank	public	theorem	144	-	retain_document	-
NumStability.Source.Higham.Chapter20.Theorem03.QRSolve	NumStability.lsAugmentedEq20_10_relative_bound_of_perturbed_systems_nonsing_gram	public	theorem	145	-	retain_document	-
NumStability.Source.Higham.Chapter20.Theorem03.QRSolve	NumStability.lsAugmentedEq20_10_relative_bound_of_residual_difference	public	theorem	146	-	retain_document	-
NumStability.Source.Higham.Chapter20.Theorem03.QRSolve	NumStability.lsAugmentedEq20_6_action_eq_differences_of_perturbed_systems	public	theorem	147	-	retain_document	-
NumStability.Source.Higham.Chapter20.Theorem03.QRSolve	NumStability.lsAugmentedEq20_7LeftMajorant	public	definition	148	-	retain_document	-
NumStability.Source.Higham.Chapter20.Theorem03.QRSolve	NumStability.lsAugmentedEq20_7Majorant	public	definition	149	-	retain_document	-
NumStability.Source.Higham.Chapter20.Theorem03.QRSolve	NumStability.lsAugmentedEq20_7RightMajorant	public	definition	150	-	retain_document	-
NumStability.Source.Higham.Chapter20.Theorem03.QRSolve	NumStability.lsAugmentedEq20_7_8_abs_le_of_perturbed_systems_full_column_rank_of_componentwise_perturbation	public	theorem	151	-	retain_document	-
NumStability.Source.Higham.Chapter20.Theorem03.QRSolve	NumStability.lsAugmentedEq20_7_abs_le_of_perturbation_bounds	public	theorem	152	-	retain_document	-
NumStability.Source.Higham.Chapter20.Theorem03.QRSolve	NumStability.lsAugmentedEq20_8LeftMajorant	public	definition	153	-	retain_document	-
NumStability.Source.Higham.Chapter20.Theorem03.QRSolve	NumStability.lsAugmentedEq20_8Majorant	public	definition	154	-	retain_document	-
NumStability.Source.Higham.Chapter20.Theorem03.QRSolve	NumStability.lsAugmentedEq20_8RightMajorant	public	definition	155	-	retain_document	-
NumStability.Source.Higham.Chapter20.Theorem03.QRSolve	NumStability.lsAugmentedEq20_8_abs_le_of_perturbation_bounds	public	theorem	156	-	retain_document	-
NumStability.Source.Higham.Chapter20.Theorem03.QRSolve	NumStability.lsAugmentedEq20_9_numerator_bound_of_perturbation_bounds	public	theorem	157	-	retain_document	-
NumStability.Source.Higham.Chapter20.Theorem03.QRSolve	NumStability.lsAugmentedEq20_9_relative_bound_of_perturbation_bounds	public	theorem	158	-	retain_document	-
NumStability.Source.Higham.Chapter20.Theorem03.QRSolve	NumStability.lsAugmentedEq20_9_relative_bound_of_perturbed_systems	public	theorem	159	-	retain_document	-
NumStability.Source.Higham.Chapter20.Theorem03.QRSolve	NumStability.lsAugmentedEq20_9_relative_bound_of_perturbed_systems_full_column_rank	public	theorem	160	-	retain_document	-
NumStability.Source.Higham.Chapter20.Theorem03.QRSolve	NumStability.lsAugmentedEq20_9_relative_bound_of_perturbed_systems_nonsing_gram	public	theorem	161	-	retain_document	-
NumStability.Source.Higham.Chapter20.Theorem03.QRSolve	NumStability.lsAugmentedEq20_9_relative_bound_of_solution_difference	public	theorem	162	-	retain_document	-
NumStability.Source.Higham.Chapter20.Theorem03.QRSolve	NumStability.lsAugmentedInverseActionBottom_abs_le_of_rhs_bounds	public	theorem	163	-	retain_document	-
NumStability.Source.Higham.Chapter20.Theorem03.QRSolve	NumStability.lsAugmentedInverseActionTop_abs_le_of_rhs_bounds	public	theorem	164	-	retain_document	-
NumStability.Source.Higham.Chapter20.Theorem03.QRSolve	NumStability.lsAugmentedTheorem20_2_relative_bounds_full_column_rank	public	theorem	165	-	retain_document	-
NumStability.Source.Higham.Chapter20.Theorem03.QRSolve	NumStability.lsAugmentedTheorem20_2_relative_bounds_full_column_rank_of_componentwise_perturbation	public	theorem	166	-	retain_document	-
NumStability.Source.Higham.Chapter20.Theorem03.QRSolve	NumStability.lsLemma20_6Beta	public	definition	167	-	retain_document	-
NumStability.Source.Higham.Chapter20.Theorem03.QRSolve	NumStability.lsLemma20_6Perturbation	public	definition	168	-	retain_document	-
NumStability.Source.Higham.Chapter20.Theorem03.QRSolve	NumStability.lsLemma20_6Perturbation_eq_projector_mixture	public	theorem	169	-	retain_document	-
NumStability.Source.Higham.Chapter20.Theorem03.QRSolve	NumStability.lsLemma20_6Perturbation_frobNormSqRect_le	public	theorem	170	-	retain_document	-
NumStability.Source.Higham.Chapter20.Theorem03.QRSolve	NumStability.lsLemma20_6Perturbation_norm_bound_two_frob	public	theorem	171	-	retain_document	-
NumStability.Source.Higham.Chapter20.Theorem03.QRSolve	NumStability.lsLemma20_6Perturbation_norm_bound_two_operator	public	theorem	172	-	retain_document	-
NumStability.Source.Higham.Chapter20.Theorem03.QRSolve	NumStability.lsLemma20_6Projector	public	definition	173	-	retain_document	-
NumStability.Source.Higham.Chapter20.Theorem03.QRSolve	NumStability.lsLemma20_6ProjectorComplement	public	definition	174	-	retain_document	-
NumStability.Source.Higham.Chapter20.Theorem03.QRSolve	NumStability.lsLemma20_6ProjectorComplement_apply_vec	public	theorem	175	-	retain_document	-
NumStability.Source.Higham.Chapter20.Theorem03.QRSolve	NumStability.lsLemma20_6ProjectorComplement_area_identity	public	theorem	176	-	retain_document	-
NumStability.Source.Higham.Chapter20.Theorem03.QRSolve	NumStability.lsLemma20_6ProjectorComplement_area_identity_sub	public	theorem	177	-	retain_document	-
NumStability.Source.Higham.Chapter20.Theorem03.QRSolve	NumStability.lsLemma20_6ProjectorComplement_deltab_sub_deltaA_y	public	theorem	178	-	retain_document	-
NumStability.Source.Higham.Chapter20.Theorem03.QRSolve	NumStability.lsLemma20_6ProjectorComplement_frobNormSqRect_eq_sub	public	theorem	179	-	retain_document	-
NumStability.Source.Higham.Chapter20.Theorem03.QRSolve	NumStability.lsLemma20_6ProjectorComplement_frobNormSqRect_le	public	theorem	180	-	retain_document	-
NumStability.Source.Higham.Chapter20.Theorem03.QRSolve	NumStability.lsLemma20_6ProjectorComplement_idempotent	public	theorem	181	-	retain_document	-
NumStability.Source.Higham.Chapter20.Theorem03.QRSolve	NumStability.lsLemma20_6ProjectorComplement_mulVec_self	public	theorem	182	-	retain_document	-
NumStability.Source.Higham.Chapter20.Theorem03.QRSolve	NumStability.lsLemma20_6ProjectorComplement_projector_frobInner_eq_zero	public	theorem	183	-	retain_document	-
NumStability.Source.Higham.Chapter20.Theorem03.QRSolve	NumStability.lsLemma20_6ProjectorComplement_projector_vecInner_eq_zero	public	theorem	184	-	retain_document	-
NumStability.Source.Higham.Chapter20.Theorem03.QRSolve	NumStability.lsLemma20_6ProjectorComplement_symmetric	public	theorem	185	-	retain_document	-
NumStability.Source.Higham.Chapter20.Theorem03.QRSolve	NumStability.lsLemma20_6ProjectorComplement_transpose_apply_self	public	theorem	186	-	retain_document	-
NumStability.Source.Higham.Chapter20.Theorem03.QRSolve	NumStability.lsLemma20_6ProjectorComplement_vecNorm2Sq_eq_sub	public	theorem	187	-	retain_document	-
NumStability.Source.Higham.Chapter20.Theorem03.QRSolve	NumStability.lsLemma20_6ProjectorComplement_vecNorm2Sq_le	public	theorem	188	-	retain_document	-
NumStability.Source.Higham.Chapter20.Theorem03.QRSolve	NumStability.lsLemma20_6Projector_add_complement	public	theorem	189	-	retain_document	-
NumStability.Source.Higham.Chapter20.Theorem03.QRSolve	NumStability.lsLemma20_6Projector_apply_self	public	theorem	190	-	retain_document	-
NumStability.Source.Higham.Chapter20.Theorem03.QRSolve	NumStability.lsLemma20_6Projector_apply_vec	public	theorem	191	-	retain_document	-
NumStability.Source.Higham.Chapter20.Theorem03.QRSolve	NumStability.lsLemma20_6Projector_den_ne_zero_of_ne_zero	public	theorem	192	-	retain_document	-
NumStability.Source.Higham.Chapter20.Theorem03.QRSolve	NumStability.lsLemma20_6Projector_frobNormSqRect	public	theorem	193	-	retain_document	-
NumStability.Source.Higham.Chapter20.Theorem03.QRSolve	NumStability.lsLemma20_6Projector_frobNormSqRect_le	public	theorem	194	-	retain_document	-
NumStability.Source.Higham.Chapter20.Theorem03.QRSolve	NumStability.lsLemma20_6Projector_idempotent	public	theorem	195	-	retain_document	-
NumStability.Source.Higham.Chapter20.Theorem03.QRSolve	NumStability.lsLemma20_6Projector_matMulRectLeft_entry	public	theorem	196	-	retain_document	-
NumStability.Source.Higham.Chapter20.Theorem03.QRSolve	NumStability.lsLemma20_6Projector_sub_id_apply_self	public	theorem	197	-	retain_document	-
NumStability.Source.Higham.Chapter20.Theorem03.QRSolve	NumStability.lsLemma20_6Projector_symmetric	public	theorem	198	-	retain_document	-
NumStability.Source.Higham.Chapter20.Theorem03.QRSolve	NumStability.lsLemma20_6Projector_transpose_action_vecNorm2Sq_add_complement_frobNormSqRect	public	theorem	199	-	retain_document	-
NumStability.Source.Higham.Chapter20.Theorem03.QRSolve	NumStability.lsLemma20_6Projector_transpose_sub_id_apply_self	public	theorem	200	-	retain_document	-
NumStability.Source.Higham.Chapter20.Theorem03.QRSolve	NumStability.lsLemma20_6Projector_vecNorm2Sq_le	public	theorem	201	-	retain_document	-
NumStability.Source.Higham.Chapter20.Theorem03.QRSolve	NumStability.lsNormwiseBackwardErrorEigenvalueFormulaRHS_tendsto_matrixOnlyEtaF_atTop_of_left_panel_rowRank_eq_card	public	theorem	202	-	retain_document	-
NumStability.Source.Higham.Chapter20.Theorem03.QRSolve	NumStability.lsNormwiseBackwardErrorEigenvalueFormulaRHS_tendsto_nonneg_iSup_atTop_of_left_panel_rowRank_eq_card	public	theorem	203	-	retain_document	-
NumStability.Source.Higham.Chapter20.Theorem03.QRSolve	NumStability.lsNormwiseBackwardErrorEtaF_eq_eigenvalueFormulaRHS_and_pos_of_formulaRHS_eq_eigenvalueFormulaRHS_of_formulaMatrixRowRank_eq_card	public	theorem	204	-	retain_document	-
NumStability.Source.Higham.Chapter20.Theorem03.QRSolve	NumStability.lsNormwiseBackwardErrorEtaF_eq_eigenvalueFormulaRHS_and_pos_of_formulaRHS_eq_eigenvalueFormulaRHS_of_left_panel_rowRank_eq_card	public	theorem	205	-	retain_document	-
NumStability.Source.Higham.Chapter20.Theorem03.QRSolve	NumStability.lsNormwiseBackwardErrorEtaF_eq_eigenvalueFormulaRHS_and_pos_of_positive_theta_not_isLeastSquaresMinimizer	public	theorem	206	-	retain_document	-
NumStability.Source.Higham.Chapter20.Theorem03.QRSolve	NumStability.lsNormwiseBackwardErrorEtaF_eq_eigenvalueFormulaRHS_and_pos_of_positive_theta_not_isLeastSquaresMinimizer_of_formulaMatrixRowRank_eq_card	public	theorem	207	-	retain_document	-
NumStability.Source.Higham.Chapter20.Theorem03.QRSolve	NumStability.lsNormwiseBackwardErrorEtaF_eq_eigenvalueFormulaRHS_and_pos_of_positive_theta_not_isLeastSquaresMinimizer_of_left_panel_rowRank_eq_card	public	theorem	208	-	retain_document	-
NumStability.Source.Higham.Chapter20.Theorem03.QRSolve	NumStability.lsNormwiseBackwardErrorEtaF_eq_formulaRHS_and_pos_of_formulaMatrixSigmaMin_attainer_projected_eq_zero_of_dot_b_ne_zero	public	theorem	209	-	retain_document	-
NumStability.Source.Higham.Chapter20.Theorem03.QRSolve	NumStability.lsNormwiseBackwardErrorEtaF_eq_formulaRHS_and_pos_of_left_panel_positive_formula_certificate	public	theorem	210	-	retain_document	-
NumStability.Source.Higham.Chapter20.Theorem03.QRSolve	NumStability.lsNormwiseBackwardErrorEtaF_eq_formulaRHS_and_pos_of_phi_le_sigmaMin	public	theorem	211	-	retain_document	-
NumStability.Source.Higham.Chapter20.Theorem03.QRSolve	NumStability.lsNormwiseBackwardErrorEtaF_eq_formulaRHS_and_pos_of_positive_formula_certificate	public	theorem	212	-	retain_document	-
NumStability.Source.Higham.Chapter20.Theorem03.QRSolve	NumStability.lsNormwiseBackwardErrorEtaF_eq_formulaRHS_and_pos_of_positive_inequality_certificate	public	theorem	213	-	retain_document	-
NumStability.Source.Higham.Chapter20.Theorem03.QRSolve	NumStability.lsNormwiseBackwardErrorEtaF_eq_formulaRHS_and_pos_of_positive_theta_not_isLeastSquaresMinimizer	public	theorem	214	-	retain_document	-
NumStability.Source.Higham.Chapter20.Theorem03.QRSolve	NumStability.lsNormwiseBackwardErrorEtaF_eq_formulaRHS_and_pos_of_positive_theta_not_isLeastSquaresMinimizer_of_formulaMatrixRowRank_eq_card	public	theorem	215	-	retain_document	-
NumStability.Source.Higham.Chapter20.Theorem03.QRSolve	NumStability.lsNormwiseBackwardErrorEtaF_eq_formulaRHS_and_pos_of_positive_theta_not_isLeastSquaresMinimizer_of_left_panel_rowRank_eq_card	public	theorem	216	-	retain_document	-
NumStability.Source.Higham.Chapter20.Theorem03.QRSolve	NumStability.lsNormwiseBackwardErrorEtaF_eq_formulaRHS_and_pos_of_positive_upper_certificate	public	theorem	217	-	retain_document	-
NumStability.Source.Higham.Chapter20.Theorem03.QRSolve	NumStability.lsNormwiseBackwardErrorEtaF_eq_formulaRHS_and_pos_of_rankOne_expanded_cost_le_sigmaMin	public	theorem	218	-	retain_document	-
NumStability.Source.Higham.Chapter20.Theorem03.QRSolve	NumStability.lsNormwiseBackwardErrorEtaF_eq_formulaRHS_and_pos_of_rankOne_scaled_cost_le_sigmaMin	public	theorem	219	-	retain_document	-
NumStability.Source.Higham.Chapter20.Theorem03.QRSolve	NumStability.lsNormwiseBackwardErrorEtaF_eq_formulaRHS_and_pos_of_rankOne_scaled_source_transpose_projected_eq_zero_of_dot_b_ne_zero	public	theorem	220	-	retain_document	-
NumStability.Source.Higham.Chapter20.Theorem03.QRSolve	NumStability.lsNormwiseBackwardErrorEtaF_eq_formulaRHS_and_pos_of_sigmaMin_le_phi_rankTwo	public	theorem	221	-	retain_document	-
NumStability.Source.Higham.Chapter20.Theorem03.QRSolve	NumStability.lsNormwiseBackwardErrorEtaF_eq_formulaRHS_of_etaF_eq_zero_of_positive_theta	public	theorem	222	-	retain_document	-
NumStability.Source.Higham.Chapter20.Theorem03.QRSolve	NumStability.lsNormwiseBackwardErrorEtaF_eq_formulaRHS_of_formulaMatrixRowRank_eq_card_of_formulaMatrixSigmaMin_attainer_projected_eq_zero_of_dot_b_ne_zero	public	theorem	223	-	retain_document	-
NumStability.Source.Higham.Chapter20.Theorem03.QRSolve	NumStability.lsNormwiseBackwardErrorEtaF_eq_formulaRHS_of_formulaMatrixRowRank_eq_card_of_positive_formula_certificate	public	theorem	224	-	retain_document	-
NumStability.Source.Higham.Chapter20.Theorem03.QRSolve	NumStability.lsNormwiseBackwardErrorEtaF_eq_formulaRHS_of_formulaRHS_eq_zero_of_formulaMatrixRowRank_eq_card	public	theorem	225	-	retain_document	-
NumStability.Source.Higham.Chapter20.Theorem03.QRSolve	NumStability.lsNormwiseBackwardErrorEtaF_eq_formulaRHS_of_formulaRHS_eq_zero_of_left_panel_rowRank_eq_card	public	theorem	226	-	retain_document	-
NumStability.Source.Higham.Chapter20.Theorem03.QRSolve	NumStability.lsNormwiseBackwardErrorEtaF_eq_formulaRHS_of_formulaRHS_eq_zero_of_sigmaMin_pos	public	theorem	227	-	retain_document	-
NumStability.Source.Higham.Chapter20.Theorem03.QRSolve	NumStability.lsNormwiseBackwardErrorEtaF_eq_formulaRHS_of_formula_certificate	public	theorem	228	-	retain_document	-
NumStability.Source.Higham.Chapter20.Theorem03.QRSolve	NumStability.lsNormwiseBackwardErrorEtaF_eq_formulaRHS_of_isLeastSquaresMinimizer	public	theorem	229	-	retain_document	-
NumStability.Source.Higham.Chapter20.Theorem03.QRSolve	NumStability.lsNormwiseBackwardErrorEtaF_eq_formulaRHS_of_left_panel_rowRank_eq_card_of_formulaMatrixSigmaMin_attainer_projected_eq_zero_of_dot_b_ne_zero	public	theorem	230	-	retain_document	-
NumStability.Source.Higham.Chapter20.Theorem03.QRSolve	NumStability.lsNormwiseBackwardErrorEtaF_eq_formulaRHS_of_left_panel_rowRank_eq_card_of_positive_formula_certificate	public	theorem	231	-	retain_document	-
NumStability.Source.Higham.Chapter20.Theorem03.QRSolve	NumStability.lsNormwiseBackwardErrorEtaF_eq_formulaRHS_of_lsResidualHigham_eq_zero	public	theorem	232	-	retain_document	-
NumStability.Source.Higham.Chapter20.Theorem03.QRSolve	NumStability.lsNormwiseBackwardErrorEtaF_le_formulaRHS_of_exists_feasible_cost_eq	public	theorem	233	-	retain_document	-
NumStability.Source.Higham.Chapter20.Theorem03.QRSolve	NumStability.lsNormwiseBackwardErrorEtaF_le_formulaRHS_of_exists_feasible_cost_le	public	theorem	234	-	retain_document	-
NumStability.Source.Higham.Chapter20.Theorem03.QRSolve	NumStability.lsNormwiseBackwardErrorEtaF_le_formulaRHS_of_formulaMatrixSigmaMin_attainer_projected_eq_zero_of_dot_b_ne_zero	public	theorem	235	-	retain_document	-
NumStability.Source.Higham.Chapter20.Theorem03.QRSolve	NumStability.lsNormwiseBackwardErrorEtaF_le_formulaRHS_of_phi_le_sigmaMin	public	theorem	236	-	retain_document	-
NumStability.Source.Higham.Chapter20.Theorem03.QRSolve	NumStability.lsNormwiseBackwardErrorEtaF_le_formulaRHS_of_rankOne_expanded_cost_le_sigmaMin	public	theorem	237	-	retain_document	-
NumStability.Source.Higham.Chapter20.Theorem03.QRSolve	NumStability.lsNormwiseBackwardErrorEtaF_le_formulaRHS_of_rankOne_scaled_cost_le_sigmaMin	public	theorem	238	-	retain_document	-
NumStability.Source.Higham.Chapter20.Theorem03.QRSolve	NumStability.lsNormwiseBackwardErrorEtaF_le_formulaRHS_of_rankOne_scaled_source_transpose_cert	public	theorem	239	-	retain_document	-
NumStability.Source.Higham.Chapter20.Theorem03.QRSolve	NumStability.lsNormwiseBackwardErrorEtaF_le_formulaRHS_of_rankOne_scaled_source_transpose_projected_eq_zero	public	theorem	240	-	retain_document	-
NumStability.Source.Higham.Chapter20.Theorem03.QRSolve	NumStability.lsNormwiseBackwardErrorEtaF_le_formulaRHS_of_rankOne_scaled_source_transpose_projected_eq_zero_of_dot_b_ne_zero	public	theorem	241	-	retain_document	-
NumStability.Source.Higham.Chapter20.Theorem03.QRSolve	NumStability.lsNormwiseBackwardErrorEtaF_le_formulaRHS_of_rankOne_scaled_sq_cost_le_sigmaMin	public	theorem	242	-	retain_document	-
NumStability.Source.Higham.Chapter20.Theorem03.QRSolve	NumStability.lsNormwiseBackwardErrorEtaF_le_formulaRHS_of_rankTwo_scaled_source_transpose_cert	public	theorem	243	-	retain_document	-
NumStability.Source.Higham.Chapter20.Theorem03.QRSolve	NumStability.lsNormwiseBackwardErrorEtaF_le_formulaRHS_of_sigmaMin_le_phi_rankTwo	public	theorem	244	-	retain_document	-
NumStability.Source.Higham.Chapter20.Theorem03.QRSolve	NumStability.lsNormwiseBackwardErrorEtaF_le_phi_of_theta_nonneg	public	theorem	245	-	retain_document	-
NumStability.Source.Higham.Chapter20.Theorem03.QRSolve	NumStability.lsNormwiseBackwardErrorEtaF_le_rankOne_source_residual_witness	public	theorem	246	-	retain_document	-
NumStability.Source.Higham.Chapter20.Theorem03.QRSolve	NumStability.lsNormwiseBackwardErrorEtaF_le_rankOne_source_residual_witness_expanded	public	theorem	247	-	retain_document	-
NumStability.Source.Higham.Chapter20.Theorem03.QRSolve	NumStability.lsNormwiseBackwardErrorEtaF_le_rankOne_source_residual_witness_scaled	public	theorem	248	-	retain_document	-
NumStability.Source.Higham.Chapter20.Theorem03.QRSolve	NumStability.lsNormwiseBackwardErrorEtaF_le_rankTwo_source_residual_witness	public	theorem	249	-	retain_document	-
NumStability.Source.Higham.Chapter20.Theorem03.QRSolve	NumStability.lsNormwiseBackwardErrorExactFitPhiWitness	public	theorem	250	-	retain_document	-
NumStability.Source.Higham.Chapter20.Theorem03.QRSolve	NumStability.lsNormwiseBackwardErrorExactProjector_sq_bound	public	theorem	251	-	retain_document	-
NumStability.Source.Higham.Chapter20.Theorem03.QRSolve	NumStability.lsNormwiseBackwardErrorFormulaMatrix	public	definition	252	-	retain_document	-
NumStability.Source.Higham.Chapter20.Theorem03.QRSolve	NumStability.lsNormwiseBackwardErrorFormulaMatrixRowRank	public	definition	253	-	retain_document	-
NumStability.Source.Higham.Chapter20.Theorem03.QRSolve	NumStability.lsNormwiseBackwardErrorFormulaMatrixRowRank_eq_card_nonzero_rowSingularValue	public	theorem	254	-	retain_document	-
NumStability.Source.Higham.Chapter20.Theorem03.QRSolve	NumStability.lsNormwiseBackwardErrorFormulaMatrixRowRank_eq_card_of_left_panel_rowRank_eq_card	public	theorem	255	-	retain_document	-
NumStability.Source.Higham.Chapter20.Theorem03.QRSolve	NumStability.lsNormwiseBackwardErrorFormulaMatrixRowRank_eq_card_of_positive_theta_not_isLeastSquaresMinimizer	public	theorem	256	-	retain_document	-
NumStability.Source.Higham.Chapter20.Theorem03.QRSolve	NumStability.lsNormwiseBackwardErrorFormulaMatrixRowRank_eq_card_of_sigmaMin_pos	public	theorem	257	-	retain_document	-
NumStability.Source.Higham.Chapter20.Theorem03.QRSolve	NumStability.lsNormwiseBackwardErrorFormulaMatrixRowRank_ne_card_of_leftNull	public	theorem	258	-	retain_document	-
NumStability.Source.Higham.Chapter20.Theorem03.QRSolve	NumStability.lsNormwiseBackwardErrorFormulaMatrixRowSingularValue	public	definition	259	-	retain_document	-
NumStability.Source.Higham.Chapter20.Theorem03.QRSolve	NumStability.lsNormwiseBackwardErrorFormulaMatrixRowSingularValue_le	public	theorem	260	-	retain_document	-
NumStability.Source.Higham.Chapter20.Theorem03.QRSolve	NumStability.lsNormwiseBackwardErrorFormulaMatrixRowSingularValue_nonneg	public	theorem	261	-	retain_document	-
NumStability.Source.Higham.Chapter20.Theorem03.QRSolve	NumStability.lsNormwiseBackwardErrorFormulaMatrixRowSingularValue_pos_of_sigmaMin_pos	public	theorem	262	-	retain_document	-
NumStability.Source.Higham.Chapter20.Theorem03.QRSolve	NumStability.lsNormwiseBackwardErrorFormulaMatrixSigmaMin	public	definition	263	-	retain_document	-
NumStability.Source.Higham.Chapter20.Theorem03.QRSolve	NumStability.lsNormwiseBackwardErrorFormulaMatrixSigmaMin_attainer_projector_comparison_not_of_projected_ne_zero	public	theorem	264	-	retain_document	-
NumStability.Source.Higham.Chapter20.Theorem03.QRSolve	NumStability.lsNormwiseBackwardErrorFormulaMatrixSigmaMin_eq_zero_iff_exists_rowSingularValue_eq_zero	public	theorem	265	-	retain_document	-
NumStability.Source.Higham.Chapter20.Theorem03.QRSolve	NumStability.lsNormwiseBackwardErrorFormulaMatrixSigmaMin_eq_zero_iff_rowRank_ne_card	public	theorem	266	-	retain_document	-
NumStability.Source.Higham.Chapter20.Theorem03.QRSolve	NumStability.lsNormwiseBackwardErrorFormulaMatrixSigmaMin_eq_zero_of_isLeastSquaresMinimizer	public	theorem	267	-	retain_document	-
NumStability.Source.Higham.Chapter20.Theorem03.QRSolve	NumStability.lsNormwiseBackwardErrorFormulaMatrixSigmaMin_eq_zero_of_leftNull	public	theorem	268	-	retain_document	-
NumStability.Source.Higham.Chapter20.Theorem03.QRSolve	NumStability.lsNormwiseBackwardErrorFormulaMatrixSigmaMin_exists_transpose_attaining_vector_sq	public	theorem	269	-	retain_document	-
NumStability.Source.Higham.Chapter20.Theorem03.QRSolve	NumStability.lsNormwiseBackwardErrorFormulaMatrixSigmaMin_le	public	theorem	270	-	retain_document	-
NumStability.Source.Higham.Chapter20.Theorem03.QRSolve	NumStability.lsNormwiseBackwardErrorFormulaMatrixSigmaMin_le_rowSingularValue	public	theorem	271	-	retain_document	-
NumStability.Source.Higham.Chapter20.Theorem03.QRSolve	NumStability.lsNormwiseBackwardErrorFormulaMatrixSigmaMin_mul_vecNorm2_le_transpose_mulVec	public	theorem	272	-	retain_document	-
NumStability.Source.Higham.Chapter20.Theorem03.QRSolve	NumStability.lsNormwiseBackwardErrorFormulaMatrixSigmaMin_nonneg	public	theorem	273	-	retain_document	-
NumStability.Source.Higham.Chapter20.Theorem03.QRSolve	NumStability.lsNormwiseBackwardErrorFormulaMatrixSigmaMin_pos_iff_forall_rowSingularValue_pos	public	theorem	274	-	retain_document	-
NumStability.Source.Higham.Chapter20.Theorem03.QRSolve	NumStability.lsNormwiseBackwardErrorFormulaMatrixSigmaMin_pos_iff_rowRank_eq_card	public	theorem	275	-	retain_document	-
NumStability.Source.Higham.Chapter20.Theorem03.QRSolve	NumStability.lsNormwiseBackwardErrorFormulaMatrixSigmaMin_pos_of_rowRank_eq_card	public	theorem	276	-	retain_document	-
NumStability.Source.Higham.Chapter20.Theorem03.QRSolve	NumStability.lsNormwiseBackwardErrorFormulaMatrixSigmaMin_sq_eq_phi_sq_add_lambdaStar	public	theorem	277	-	retain_document	-
NumStability.Source.Higham.Chapter20.Theorem03.QRSolve	NumStability.lsNormwiseBackwardErrorFormulaMatrixSigmaMin_sq_ge_phi_sq_add_lambdaStar	public	theorem	278	-	retain_document	-
NumStability.Source.Higham.Chapter20.Theorem03.QRSolve	NumStability.lsNormwiseBackwardErrorFormulaMatrixSigmaMin_sq_le_phi_sq_add_lambdaStar	public	theorem	279	-	retain_document	-
NumStability.Source.Higham.Chapter20.Theorem03.QRSolve	NumStability.lsNormwiseBackwardErrorFormulaMatrix_left	public	theorem	280	-	retain_document	-
NumStability.Source.Higham.Chapter20.Theorem03.QRSolve	NumStability.lsNormwiseBackwardErrorFormulaMatrix_left_residual_col_sum_eq_zero	public	theorem	281	-	retain_document	-
NumStability.Source.Higham.Chapter20.Theorem03.QRSolve	NumStability.lsNormwiseBackwardErrorFormulaMatrix_mulVec	public	theorem	282	-	retain_document	-
NumStability.Source.Higham.Chapter20.Theorem03.QRSolve	NumStability.lsNormwiseBackwardErrorFormulaMatrix_rectOpNorm2Le	public	theorem	283	-	retain_document	-
NumStability.Source.Higham.Chapter20.Theorem03.QRSolve	NumStability.lsNormwiseBackwardErrorFormulaMatrix_residual_leftNull_of_column_orthogonal	public	theorem	284	-	retain_document	-
NumStability.Source.Higham.Chapter20.Theorem03.QRSolve	NumStability.lsNormwiseBackwardErrorFormulaMatrix_residual_leftNull_of_isLeastSquaresMinimizer	public	theorem	285	-	retain_document	-
NumStability.Source.Higham.Chapter20.Theorem03.QRSolve	NumStability.lsNormwiseBackwardErrorFormulaMatrix_right	public	theorem	286	-	retain_document	-
NumStability.Source.Higham.Chapter20.Theorem03.QRSolve	NumStability.lsNormwiseBackwardErrorFormulaMatrix_right_residual_col_sum_eq_zero	public	theorem	287	-	retain_document	-
NumStability.Source.Higham.Chapter20.Theorem03.QRSolve	NumStability.lsNormwiseBackwardErrorFormulaMatrix_right_residual_mulVec_eq_zero	public	theorem	288	-	retain_document	-
NumStability.Source.Higham.Chapter20.Theorem03.QRSolve	NumStability.lsNormwiseBackwardErrorFormulaMatrix_rowGram_eq_eigenMatrix_add_phi_sq_id	public	theorem	289	-	retain_document	-
NumStability.Source.Higham.Chapter20.Theorem03.QRSolve	NumStability.lsNormwiseBackwardErrorFormulaMatrix_transpose_source_residual_right	public	theorem	290	-	retain_document	-
NumStability.Source.Higham.Chapter20.Theorem03.QRSolve	NumStability.lsNormwiseBackwardErrorFormulaMatrix_transpose_source_residual_right_expanded	public	theorem	291	-	retain_document	-
NumStability.Source.Higham.Chapter20.Theorem03.QRSolve	NumStability.lsNormwiseBackwardErrorFormulaMatrix_transpose_source_residual_right_vecNorm2_le	public	theorem	292	-	retain_document	-
NumStability.Source.Higham.Chapter20.Theorem03.QRSolve	NumStability.lsNormwiseBackwardErrorFormulaMatrix_transpose_vecNorm2Sq_eq	public	theorem	293	-	retain_document	-
NumStability.Source.Higham.Chapter20.Theorem03.QRSolve	NumStability.lsNormwiseBackwardErrorFormulaMatrix_transpose_vecNorm2Sq_ge_phi_sq_add_lambdaStar	public	theorem	294	-	retain_document	-
NumStability.Source.Higham.Chapter20.Theorem03.QRSolve	NumStability.lsNormwiseBackwardErrorFormulaRHS	public	definition	295	-	retain_document	-
NumStability.Source.Higham.Chapter20.Theorem03.QRSolve	NumStability.lsNormwiseBackwardErrorFormulaRHS_eq_eigenvalueFormulaRHS_of_residual_sq_ne_zero	public	theorem	296	-	retain_document	-
NumStability.Source.Higham.Chapter20.Theorem03.QRSolve	NumStability.lsNormwiseBackwardErrorFormulaRHS_eq_zero_iff	public	theorem	297	-	retain_document	-
NumStability.Source.Higham.Chapter20.Theorem03.QRSolve	NumStability.lsNormwiseBackwardErrorFormulaRHS_eq_zero_iff_etaF_eq_zero_of_theta_pos_of_y_ne_zero_of_formulaMatrixRowRank_eq_card	public	theorem	298	-	retain_document	-
NumStability.Source.Higham.Chapter20.Theorem03.QRSolve	NumStability.lsNormwiseBackwardErrorFormulaRHS_eq_zero_iff_etaF_eq_zero_of_theta_pos_of_y_ne_zero_of_left_panel_rowRank_eq_card	public	theorem	299	-	retain_document	-
NumStability.Source.Higham.Chapter20.Theorem03.QRSolve	NumStability.lsNormwiseBackwardErrorFormulaRHS_eq_zero_iff_etaF_eq_zero_of_theta_pos_of_y_ne_zero_of_sigmaMin_pos	public	theorem	300	-	retain_document	-
NumStability.Source.Higham.Chapter20.Theorem03.QRSolve	NumStability.lsNormwiseBackwardErrorFormulaRHS_eq_zero_iff_etaF_eq_zero_or_formulaMatrixRowRank_ne_card_of_theta_pos_of_y_ne_zero	public	theorem	301	-	retain_document	-
NumStability.Source.Higham.Chapter20.Theorem03.QRSolve	NumStability.lsNormwiseBackwardErrorFormulaRHS_eq_zero_iff_formulaMatrixRowRank_ne_card_of_not_isLeastSquaresMinimizer	public	theorem	302	-	retain_document	-
NumStability.Source.Higham.Chapter20.Theorem03.QRSolve	NumStability.lsNormwiseBackwardErrorFormulaRHS_eq_zero_iff_isLeastSquaresMinimizer_or_formulaMatrixRowRank_ne_card_of_theta_pos_of_y_ne_zero	public	theorem	303	-	retain_document	-
NumStability.Source.Higham.Chapter20.Theorem03.QRSolve	NumStability.lsNormwiseBackwardErrorFormulaRHS_eq_zero_iff_isLeastSquaresMinimizer_or_sigmaMin_eq_zero_of_theta_pos_of_y_ne_zero	public	theorem	304	-	retain_document	-
NumStability.Source.Higham.Chapter20.Theorem03.QRSolve	NumStability.lsNormwiseBackwardErrorFormulaRHS_eq_zero_iff_sigmaMin_eq_zero_of_not_isLeastSquaresMinimizer	public	theorem	305	-	retain_document	-
NumStability.Source.Higham.Chapter20.Theorem03.QRSolve	NumStability.lsNormwiseBackwardErrorFormulaRHS_eq_zero_of_etaF_eq_zero_of_positive_theta	public	theorem	306	-	retain_document	-
NumStability.Source.Higham.Chapter20.Theorem03.QRSolve	NumStability.lsNormwiseBackwardErrorFormulaRHS_eq_zero_of_formulaMatrixRowRank_ne_card	public	theorem	307	-	retain_document	-
NumStability.Source.Higham.Chapter20.Theorem03.QRSolve	NumStability.lsNormwiseBackwardErrorFormulaRHS_eq_zero_of_isLeastSquaresMinimizer	public	theorem	308	-	retain_document	-
NumStability.Source.Higham.Chapter20.Theorem03.QRSolve	NumStability.lsNormwiseBackwardErrorFormulaRHS_eq_zero_of_isLeastSquaresMinimizer_nonzero_residual	public	theorem	309	-	retain_document	-
NumStability.Source.Higham.Chapter20.Theorem03.QRSolve	NumStability.lsNormwiseBackwardErrorFormulaRHS_eq_zero_of_lsResidualHigham_eq_zero	public	theorem	310	-	retain_document	-
NumStability.Source.Higham.Chapter20.Theorem03.QRSolve	NumStability.lsNormwiseBackwardErrorFormulaRHS_le_costF_of_coupled_sq_bound	public	theorem	311	-	retain_document	-
NumStability.Source.Higham.Chapter20.Theorem03.QRSolve	NumStability.lsNormwiseBackwardErrorFormulaRHS_le_costF_of_exact_projector_sq_bound	public	theorem	312	-	retain_document	-
NumStability.Source.Higham.Chapter20.Theorem03.QRSolve	NumStability.lsNormwiseBackwardErrorFormulaRHS_le_costF_of_feasible_finite_theta	public	theorem	313	-	retain_document	-
NumStability.Source.Higham.Chapter20.Theorem03.QRSolve	NumStability.lsNormwiseBackwardErrorFormulaRHS_le_costF_of_nonzero_expanded_residual	public	theorem	314	-	retain_document	-
NumStability.Source.Higham.Chapter20.Theorem03.QRSolve	NumStability.lsNormwiseBackwardErrorFormulaRHS_le_costF_of_source_residual_eq_deltaA_y_sub_deltab	public	theorem	315	-	retain_document	-
NumStability.Source.Higham.Chapter20.Theorem03.QRSolve	NumStability.lsNormwiseBackwardErrorFormulaRHS_le_etaF_of_finite_theta	public	theorem	316	-	retain_document	-
NumStability.Source.Higham.Chapter20.Theorem03.QRSolve	NumStability.lsNormwiseBackwardErrorFormulaRHS_le_etaF_of_forall_feasible_cost_ge	public	theorem	317	-	retain_document	-
NumStability.Source.Higham.Chapter20.Theorem03.QRSolve	NumStability.lsNormwiseBackwardErrorFormulaRHS_le_etaF_of_formulaMatrixRowRank_ne_card	public	theorem	318	-	retain_document	-
NumStability.Source.Higham.Chapter20.Theorem03.QRSolve	NumStability.lsNormwiseBackwardErrorFormulaRHS_le_etaF_of_formulaRHS_eq_zero	public	theorem	319	-	retain_document	-
NumStability.Source.Higham.Chapter20.Theorem03.QRSolve	NumStability.lsNormwiseBackwardErrorFormulaRHS_le_etaF_of_isLeastSquaresMinimizer	public	theorem	320	-	retain_document	-
NumStability.Source.Higham.Chapter20.Theorem03.QRSolve	NumStability.lsNormwiseBackwardErrorFormulaRHS_le_etaF_of_positive_theta_not_isLeastSquaresMinimizer	public	theorem	321	-	retain_document	-
NumStability.Source.Higham.Chapter20.Theorem03.QRSolve	NumStability.lsNormwiseBackwardErrorFormulaRHS_nonneg	public	theorem	322	-	retain_document	-
NumStability.Source.Higham.Chapter20.Theorem03.QRSolve	NumStability.lsNormwiseBackwardErrorFormulaRHS_pos_iff	public	theorem	323	-	retain_document	-
NumStability.Source.Higham.Chapter20.Theorem03.QRSolve	NumStability.lsNormwiseBackwardErrorFormulaRHS_pos_iff_etaF_pos_and_formulaMatrixRowRank_eq_card_of_theta_pos_of_y_ne_zero	public	theorem	324	-	retain_document	-
NumStability.Source.Higham.Chapter20.Theorem03.QRSolve	NumStability.lsNormwiseBackwardErrorFormulaRHS_pos_iff_etaF_pos_of_theta_pos_of_y_ne_zero_of_formulaMatrixRowRank_eq_card	public	theorem	325	-	retain_document	-
NumStability.Source.Higham.Chapter20.Theorem03.QRSolve	NumStability.lsNormwiseBackwardErrorFormulaRHS_pos_iff_etaF_pos_of_theta_pos_of_y_ne_zero_of_left_panel_rowRank_eq_card	public	theorem	326	-	retain_document	-
NumStability.Source.Higham.Chapter20.Theorem03.QRSolve	NumStability.lsNormwiseBackwardErrorFormulaRHS_pos_iff_etaF_pos_of_theta_pos_of_y_ne_zero_of_sigmaMin_pos	public	theorem	327	-	retain_document	-
NumStability.Source.Higham.Chapter20.Theorem03.QRSolve	NumStability.lsNormwiseBackwardErrorFormulaRHS_pos_iff_formulaMatrixRowRank_eq_card_of_not_isLeastSquaresMinimizer	public	theorem	328	-	retain_document	-
NumStability.Source.Higham.Chapter20.Theorem03.QRSolve	NumStability.lsNormwiseBackwardErrorFormulaRHS_pos_iff_not_isLeastSquaresMinimizer_and_formulaMatrixRowRank_eq_card_of_theta_pos_of_y_ne_zero	public	theorem	329	-	retain_document	-
NumStability.Source.Higham.Chapter20.Theorem03.QRSolve	NumStability.lsNormwiseBackwardErrorFormulaRHS_pos_iff_not_isLeastSquaresMinimizer_and_sigmaMin_pos_of_theta_pos_of_y_ne_zero	public	theorem	330	-	retain_document	-
NumStability.Source.Higham.Chapter20.Theorem03.QRSolve	NumStability.lsNormwiseBackwardErrorFormulaRHS_pos_iff_sigmaMin_pos_of_not_isLeastSquaresMinimizer	public	theorem	331	-	retain_document	-
NumStability.Source.Higham.Chapter20.Theorem03.QRSolve	NumStability.lsNormwiseBackwardErrorFormulaValue	public	definition	332	-	retain_document	-
NumStability.Source.Higham.Chapter20.Theorem03.QRSolve	NumStability.lsNormwiseBackwardErrorFormulaValue_eq_eigenvalueFormulaValue	public	theorem	333	-	retain_document	-
NumStability.Source.Higham.Chapter20.Theorem03.QRSolve	NumStability.lsNormwiseBackwardErrorFormulaValue_eq_zero_iff	public	theorem	334	-	retain_document	-
NumStability.Source.Higham.Chapter20.Theorem03.QRSolve	NumStability.lsNormwiseBackwardErrorFormulaValue_le_phi	public	theorem	335	-	retain_document	-
NumStability.Source.Higham.Chapter20.Theorem03.QRSolve	NumStability.lsNormwiseBackwardErrorFormulaValue_le_sigmaMin	public	theorem	336	-	retain_document	-
NumStability.Source.Higham.Chapter20.Theorem03.QRSolve	NumStability.lsNormwiseBackwardErrorFormulaValue_nonneg	public	theorem	337	-	retain_document	-
NumStability.Source.Higham.Chapter20.Theorem03.QRSolve	NumStability.lsNormwiseBackwardErrorFormulaValue_pos_iff	public	theorem	338	-	retain_document	-
NumStability.Source.Higham.Chapter20.Theorem03.QRSolve	NumStability.lsNormwiseBackwardErrorMu_pos_of_theta_pos_of_y_ne_zero	public	theorem	339	-	retain_document	-
NumStability.Source.Higham.Chapter20.Theorem03.QRSolve	NumStability.lsNormwiseBackwardErrorMu_tendsto_one_atTop_of_y_ne_zero	public	theorem	340	-	retain_document	-
NumStability.Source.Higham.Chapter20.Theorem03.QRSolve	NumStability.lsNormwiseBackwardErrorPhi_eq_theta_mul_norm_div_sqrt_den	public	theorem	341	-	retain_document	-
NumStability.Source.Higham.Chapter20.Theorem03.QRSolve	NumStability.lsNormwiseBackwardErrorPhi_eq_zero_iff_residual_eq_zero_of_theta_pos_of_y_ne_zero	public	theorem	342	-	retain_document	-
NumStability.Source.Higham.Chapter20.Theorem03.QRSolve	NumStability.lsNormwiseBackwardErrorPhi_le_costF_of_residual_eq_deltaA_y_sub_deltab	public	theorem	343	-	retain_document	-
NumStability.Source.Higham.Chapter20.Theorem03.QRSolve	NumStability.lsNormwiseBackwardErrorPhi_le_costF_of_residual_eq_deltab_sub_deltaA_y	public	theorem	344	-	retain_document	-
NumStability.Source.Higham.Chapter20.Theorem03.QRSolve	NumStability.lsNormwiseBackwardErrorPhi_mul_deltab_sub_deltaA_y_vecNorm2_le_costF_mul_residual_vecNorm2	public	theorem	345	-	retain_document	-
NumStability.Source.Higham.Chapter20.Theorem03.QRSolve	NumStability.lsNormwiseBackwardErrorPhi_pos_of_not_isLeastSquaresMinimizer_of_theta_pos_of_y_ne_zero	public	theorem	346	-	retain_document	-
NumStability.Source.Higham.Chapter20.Theorem03.QRSolve	NumStability.lsNormwiseBackwardErrorPhi_tendsto_ratio_atTop_of_y_ne_zero	public	theorem	347	-	retain_document	-
NumStability.Source.Higham.Chapter20.Theorem03.QRSolve	NumStability.lsNormwiseBackwardErrorProjectedPerturbationResidual_weighted_vecNorm2Sq_le	public	theorem	348	-	retain_document	-
NumStability.Source.Higham.Chapter20.Theorem03.QRSolve	NumStability.lsNormwiseBackwardErrorRankOneDeltaA_frobNormSq	public	theorem	349	-	retain_document	-
NumStability.Source.Higham.Chapter20.Theorem03.QRSolve	NumStability.lsNormwiseBackwardErrorRankOne_scaled_projector_comparison_not_of_projected_ne_zero	public	theorem	350	-	retain_document	-
NumStability.Source.Higham.Chapter20.Theorem03.QRSolve	NumStability.lsNormwiseBackwardErrorRankOne_scaled_projector_comparison_of_projected_eq_zero	public	theorem	351	-	retain_document	-
NumStability.Source.Higham.Chapter20.Theorem03.QRSolve	NumStability.lsNormwiseBackwardErrorRankOne_scaled_q_optimal_dot_self_eq_zero	public	theorem	352	-	retain_document	-
NumStability.Source.Higham.Chapter20.Theorem03.QRSolve	NumStability.lsNormwiseBackwardErrorRankOne_scaled_q_optimal_eq_neg_projector	public	theorem	353	-	retain_document	-
NumStability.Source.Higham.Chapter20.Theorem03.QRSolve	NumStability.lsNormwiseBackwardErrorRankOne_scaled_q_optimal_vecNorm2Sq	public	theorem	354	-	retain_document	-
NumStability.Source.Higham.Chapter20.Theorem03.QRSolve	NumStability.lsNormwiseBackwardErrorRankOne_scaled_q_projected_eq_neg	public	theorem	355	-	retain_document	-
NumStability.Source.Higham.Chapter20.Theorem03.QRSolve	NumStability.lsNormwiseBackwardErrorRankOne_scaled_q_projector_lower_bound	public	theorem	356	-	retain_document	-
NumStability.Source.Higham.Chapter20.Theorem03.QRSolve	NumStability.lsNormwiseBackwardErrorRankOne_scaled_sq_cost_le_of_source_transpose_sq_le	public	theorem	357	-	retain_document	-
NumStability.Source.Higham.Chapter20.Theorem03.QRSolve	NumStability.lsNormwiseBackwardErrorRankTwoDeltaA_frobNormSq	public	theorem	358	-	retain_document	-
NumStability.Source.Higham.Chapter20.Theorem03.QRSolve	NumStability.lsNormwiseBackwardErrorRankTwoExtraDeltaA_frobNormSq	public	theorem	359	-	retain_document	-
NumStability.Source.Higham.Chapter20.Theorem03.QRSolve	NumStability.lsNormwiseBackwardErrorRankTwo_extra_cost_eq_phi_projector	public	theorem	360	-	retain_document	-
NumStability.Source.Higham.Chapter20.Theorem03.QRSolve	NumStability.lsNormwiseBackwardErrorRankTwo_extra_weighted_cost_eq	public	theorem	361	-	retain_document	-
NumStability.Source.Higham.Chapter20.Theorem03.QRSolve	NumStability.lsNormwiseBackwardErrorRankTwo_scaled_cost_sqrt_le_of_source_transpose_sq_le	public	theorem	362	-	retain_document	-
NumStability.Source.Higham.Chapter20.Theorem03.QRSolve	NumStability.lsNormwiseBackwardErrorRankTwo_scaled_source_cost_eq_formulaMatrix_transpose	public	theorem	363	-	retain_document	-
NumStability.Source.Higham.Chapter20.Theorem03.QRSolve	NumStability.lsNormwiseBackwardErrorRankTwo_scaled_source_cost_le_of_source_transpose_sq_le	public	theorem	364	-	retain_document	-
NumStability.Source.Higham.Chapter20.Theorem03.QRSolve	NumStability.lsRealRectColRank_rectMatMulVec_eq_zero_of_colRank_eq_card	public	theorem	365	-	retain_document	-
NumStability.Source.Higham.Chapter20.Theorem03.QRSolve	NumStability.lsRealRectColRank_rectMatMulVec_injective_of_colRank_eq_card	public	theorem	366	-	retain_document	-
NumStability.Source.Higham.Chapter20.Theorem03.QRSolve	NumStability.lsRealRectRowRank_leftNull_eq_zero_of_rowRank_eq_card	public	theorem	367	-	retain_document	-
NumStability.Source.Higham.Chapter20.Theorem03.QRSolve	NumStability.lsRealRectRowRank_ne_card_of_leftNull	public	theorem	368	-	retain_document	-
NumStability.Source.Higham.Chapter20.Theorem03.QRSolve	NumStability.lsRealRectSigmaMinRow_eq_zero_of_leftNull	public	theorem	369	-	retain_document	-
NumStability.Source.Higham.Chapter20.Theorem03.QRSolve	NumStability.lsResidualComplementProjector	public	definition	370	-	retain_document	-
NumStability.Source.Higham.Chapter20.Theorem03.QRSolve	NumStability.lsResidualComplementProjector_apply	public	theorem	371	-	retain_document	-
NumStability.Source.Higham.Chapter20.Theorem03.QRSolve	NumStability.lsResidualComplementProjector_idempotent	public	theorem	372	-	retain_document	-
NumStability.Source.Higham.Chapter20.Theorem03.QRSolve	NumStability.lsResidualComplementProjector_mulVec_residual	public	theorem	373	-	retain_document	-
NumStability.Source.Higham.Chapter20.Theorem03.QRSolve	NumStability.lsResidualComplementProjector_rectOpNorm2Le_one	public	theorem	374	-	retain_document	-
NumStability.Source.Higham.Chapter20.Theorem03.QRSolve	NumStability.lsResidualComplementProjector_symmetric	public	theorem	375	-	retain_document	-
NumStability.Source.Higham.Chapter20.Theorem03.QRSolve	NumStability.lsResidualComplementProjector_transpose_mul_residual	public	theorem	376	-	retain_document	-
NumStability.Source.Higham.Chapter20.Theorem03.QRSolve	NumStability.lsResidualComplementProjector_transpose_mul_residual_add_eq	public	theorem	377	-	retain_document	-
NumStability.Source.Higham.Chapter20.Theorem03.QRSolve	NumStability.lsResidualPseudoinverseProjector	public	definition	378	-	retain_document	-
NumStability.Source.Higham.Chapter20.Theorem03.QRSolve	NumStability.lsResidualPseudoinverseProjector_apply	public	theorem	379	-	retain_document	-
NumStability.Source.Higham.Chapter20.Theorem03.QRSolve	NumStability.lsResidualPseudoinverseProjector_idempotent	public	theorem	380	-	retain_document	-
NumStability.Source.Higham.Chapter20.Theorem03.QRSolve	NumStability.lsResidualPseudoinverseProjector_mulVec_residual	public	theorem	381	-	retain_document	-
NumStability.Source.Higham.Chapter20.Theorem03.QRSolve	NumStability.lsResidualPseudoinverseProjector_symmetric	public	theorem	382	-	retain_document	-
NumStability.Source.Higham.Chapter20.Theorem03.QRSolve	NumStability.lsTheorem20_4ComputedQRNonbreakdown	public	definition	383	-	retain_document	-
NumStability.Source.Higham.Chapter20.Theorem03.QRSolve	NumStability.lsTheorem20_4ConcreteGammaTilde	public	definition	384	-	retain_document	-
NumStability.Source.Higham.Chapter20.Theorem03.QRSolve	NumStability.lsTheorem20_4ConcreteGammaTildeSharp	public	definition	385	-	retain_document	-
NumStability.Source.Higham.Chapter20.Theorem03.QRSolve	NumStability.lsTheorem20_4ConcreteGammaTildeSharp_base_gammaValid	public	theorem	386	-	retain_document	-
NumStability.Source.Higham.Chapter20.Theorem03.QRSolve	NumStability.lsTheorem20_4ConcreteGammaTildeSharp_nonneg	public	theorem	387	-	retain_document	-
NumStability.Source.Higham.Chapter20.Theorem03.QRSolve	NumStability.lsTheorem20_4ConcreteGammaTildeSqrtResidual	public	definition	388	-	retain_document	-
NumStability.Source.Higham.Chapter20.Theorem03.QRSolve	NumStability.lsTheorem20_4ConcreteGammaTildeSqrtResidual_base_gammaValid	public	theorem	389	-	retain_document	-
NumStability.Source.Higham.Chapter20.Theorem03.QRSolve	NumStability.lsTheorem20_4ConcreteGammaTildeSqrtResidual_nonneg	public	theorem	390	-	retain_document	-
NumStability.Source.Higham.Chapter20.Theorem03.QRSolve	NumStability.lsTheorem20_4ConcreteGammaTilde_base_gammaValid	public	theorem	391	-	retain_document	-
NumStability.Source.Higham.Chapter20.Theorem03.QRSolve	NumStability.lsTheorem20_4ConcreteGammaTilde_nonneg	public	theorem	392	-	retain_document	-
NumStability.Source.Higham.Chapter20.Theorem03.QRSolve	NumStability.lsTheorem20_4DeltafBound_uniform_f_source_witness_of_scalar_infNorm_dom	public	theorem	393	-	retain_document	-
NumStability.Source.Higham.Chapter20.Theorem03.QRSolve	NumStability.lsTheorem20_4DeltafMajorant	public	definition	394	-	retain_document	-
NumStability.Source.Higham.Chapter20.Theorem03.QRSolve	NumStability.lsTheorem20_4DeltafMajorant_dom_of_f_term_dom	public	theorem	395	-	retain_document	-
NumStability.Source.Higham.Chapter20.Theorem03.QRSolve	NumStability.lsTheorem20_4DeltafMajorant_dom_of_rhat_term_dom	public	theorem	396	-	retain_document	-
NumStability.Source.Higham.Chapter20.Theorem03.QRSolve	NumStability.lsTheorem20_4DeltafMajorant_f_term_le	public	theorem	397	-	retain_document	-
NumStability.Source.Higham.Chapter20.Theorem03.QRSolve	NumStability.lsTheorem20_4DeltafMajorant_nonneg	public	theorem	398	-	retain_document	-
NumStability.Source.Higham.Chapter20.Theorem03.QRSolve	NumStability.lsTheorem20_4DeltafMajorant_rhat_term_le	public	theorem	399	-	retain_document	-
NumStability.Source.Higham.Chapter20.Theorem03.QRSolve	NumStability.lsTheorem20_4DeltagMajorant	public	definition	400	-	retain_document	-
NumStability.Source.Higham.Chapter20.Theorem03.QRSolve	NumStability.lsTheorem20_4DeltagMajorant_nonneg	public	theorem	401	-	retain_document	-
NumStability.Source.Higham.Chapter20.Theorem03.QRSolve	NumStability.lsTheorem20_4FullRankComputedQRDomain	public	definition	402	-	retain_document	-
NumStability.Source.Higham.Chapter20.Theorem03.QRSolve	NumStability.lsTheorem20_4FullRankComputedQRDomain.computedQRNonbreakdown	public	theorem	403	-	retain_document	-
NumStability.Source.Higham.Chapter20.Theorem03.QRSolve	NumStability.lsTheorem20_4FullRankComputedQRDomain.fullRank	public	theorem	404	-	retain_document	-
NumStability.Source.Higham.Chapter20.Theorem03.QRSolve	NumStability.lsTheorem20_4OneHotMajorant	public	definition	405	-	retain_document	-
NumStability.Source.Higham.Chapter20.Theorem03.QRSolve	NumStability.lsTheorem20_4OneHotMajorant_frobNorm	public	theorem	406	-	retain_document	-
NumStability.Source.Higham.Chapter20.Theorem03.QRSolve	NumStability.lsTheorem20_4OneHotMajorant_nonneg	public	theorem	407	-	retain_document	-
NumStability.Source.Higham.Chapter20.Theorem03.QRSolve	NumStability.lsTheorem20_4UniformColumnMajorant	public	definition	408	-	retain_document	-
NumStability.Source.Higham.Chapter20.Theorem03.QRSolve	NumStability.lsTheorem20_4UniformColumnMajorant_frobNorm	public	theorem	409	-	retain_document	-
NumStability.Source.Higham.Chapter20.Theorem03.QRSolve	NumStability.lsTheorem20_4UniformColumnMajorant_nonneg	public	theorem	410	-	retain_document	-
NumStability.Source.Higham.Chapter20.Theorem03.QRSolve	NumStability.not_forall_diagDominant_activeMaxPivot_concreteStoredFrobStageBudget_implies_stageRowMaxComparisonDefectBudget_nonpos	public	theorem	411	-	retain_document	-
NumStability.Source.Higham.Chapter20.Theorem03.QRSolve	NumStability.not_forall_diagDominant_activeMaxPivot_finiteMaxSmallness_signedAlphaDef_stored_trailing_sequence_actualU_sourceDen_nonnegStageBudget_implies_stageRowMaxComparisonDefectBudget_nonpos	public	theorem	412	-	retain_document	-
NumStability.Source.Higham.Chapter20.Theorem03.QRSolve	NumStability.not_forall_diagDominant_activeMaxPivot_globalCompactBudget_finiteMaxSmallness_rowMaxDiagDefect_signedAlphaDef_stored_trailing_sequence_actualU_sourceDen_nonnegStageBudget_implies_stageRowMaxComparisonDefectBudget_nonpos	public	theorem	413	-	retain_document	-
NumStability.Source.Higham.Chapter20.Theorem03.QRSolve	NumStability.not_forall_diagDominant_activeMaxPivot_globalCompactBudget_finiteMaxSmallness_signedAlphaDef_stored_trailing_sequence_actualU_sourceDen_nonnegStageBudget_implies_stageRowMaxComparisonDefectBudget_nonpos	public	theorem	414	-	retain_document	-
NumStability.Source.Higham.Chapter20.Theorem03.QRSolve	NumStability.not_forall_diagDominant_activeMaxPivot_leadingBlock_det_ne_zero_globalCompactBudget_finiteMaxSmallness_rowMaxDiagDefect_signedAlphaDef_stored_trailing_sequence_actualU_sourceDen_nonnegStageBudget_implies_stageRowMaxComparisonDefectBudget_nonpos	public	theorem	415	-	retain_document	-
NumStability.Source.Higham.Chapter20.Theorem03.QRSolve	NumStability.not_forall_diagDominant_activeMaxPivot_leadingBlock_det_ne_zero_kappaInf_selfNorm_dualBudget_globalCompactBudget_finiteMaxSmallness_rowMaxDiagDefect_signedAlphaDef_stored_trailing_sequence_actualU_sourceDen_nonnegStageBudget_implies_stageRowMaxComparisonDefectBudget_nonpos	public	theorem	416	-	retain_document	-
NumStability.Source.Higham.Chapter20.Theorem03.QRSolve	NumStability.not_forall_diagDominant_activeMaxPivot_leadingBlock_det_ne_zero_kappaInf_selfNorm_dualBudget_init_globalProduct_globalCompactBudget_rowMaxDiagDefect_signedAlphaDef_stored_trailing_sequence_actualU_sourceDen_nonneg_monoStageBudget_implies_stageRowMaxComparisonDefectBudget_nonpos	public	theorem	417	-	retain_document	-
NumStability.Source.Higham.Chapter20.Theorem03.QRSolve	NumStability.not_forall_diagDominant_activeMaxPivot_leadingBlock_det_ne_zero_kappaInf_selfNorm_dualBudget_init_sourceDenURationalGammaCanonical_globalCompactBudget_rowMaxDiagDefect_signedAlphaDef_stored_trailing_sequence_actualU_sourceDen_nonneg_monoStageBudget_implies_stageRowMaxComparisonDefectBudget_nonpos	public	theorem	418	-	retain_document	-
NumStability.Source.Higham.Chapter20.Theorem03.QRSolve	NumStability.not_forall_diagDominant_activeMaxPivot_product_signedAlphaDef_stored_trailing_sequence_actualU_sourceDen_nonnegStageBudget_implies_stageRowMaxComparisonDefectBudget_nonpos	public	theorem	419	-	retain_document	-
NumStability.Source.Higham.Chapter20.Theorem03.QRSolve	NumStability.not_forall_diagDominant_activeMaxPivot_signedAlphaDef_stored_trailing_sequence_actualU_sourceDen_nonnegStageBudget_implies_stageRowMaxComparisonDefectBudget_nonpos	public	theorem	420	-	retain_document	-
NumStability.Source.Higham.Chapter20.Theorem03.QRSolve	NumStability.not_forall_diagDominant_implies_stageRowMaxComparisonDefectBudget_nonpos	public	theorem	421	-	retain_document	-
NumStability.Source.Higham.Chapter20.Theorem03.QRSolve	NumStability.not_forall_diagDominant_product_activeBlockPos_activeMaxPivot_activeBlockBudget_offdiagBudget_implies_stageRowMaxComparisonDefectBudget_nonpos	public	theorem	422	-	retain_document	-
NumStability.Source.Higham.Chapter20.Theorem03.QRSolve	NumStability.not_forall_diagDominant_product_budget_implies_stageRowMaxComparisonDefectBudget_nonpos	public	theorem	423	-	retain_document	-
NumStability.Source.Higham.Chapter20.Theorem03.QRSolve	NumStability.not_forall_diagDominant_signedAlphaDef_stored_trailing_sequence_actualU_sourceDen_nonnegStageBudget_implies_stageDiagLowerDefectBudget_nonpos	public	theorem	424	-	retain_document	-
NumStability.Source.Higham.Chapter20.Theorem03.QRSolve	NumStability.not_forall_diagDominant_signedAlphaDef_stored_trailing_sequence_actualU_sourceDen_nonnegStageBudget_implies_stageRowMaxComparisonDefectBudget_nonpos	public	theorem	425	-	retain_document	-
NumStability.Source.Higham.Chapter20.Theorem03.QRSolve	NumStability.not_forall_exact_trailing_householder_sequence_implies_diagDominant	public	theorem	426	-	retain_document	-
NumStability.Source.Higham.Chapter20.Theorem03.QRSolve	NumStability.not_forall_exact_trailing_householder_sequence_implies_diagDominant_and_property	public	theorem	427	-	retain_document	-
NumStability.Source.Higham.Chapter20.Theorem03.QRSolve	NumStability.not_forall_exact_trailing_householder_sequence_implies_rowMaxDiagDefectBudget_nonpos	public	theorem	428	-	retain_document	-
NumStability.Source.Higham.Chapter20.Theorem03.QRSolve	NumStability.not_forall_exact_trailing_householder_sequence_implies_stageDiagLowerDefectBudget_nonpos	public	theorem	429	-	retain_document	-
NumStability.Source.Higham.Chapter20.Theorem03.QRSolve	NumStability.not_forall_exact_trailing_householder_sequence_implies_stageRowMaxComparisonDefectBudget_nonpos	public	theorem	430	-	retain_document	-
NumStability.Source.Higham.Chapter20.Theorem03.QRSolve	NumStability.not_forall_leadingBlock_upper_det_activeBlockPos_activeMaxPivot_activeBlockBudget_offdiagBudget_implies_rowBudget_diag	public	theorem	431	-	retain_document	-
NumStability.Source.Higham.Chapter20.Theorem03.QRSolve	NumStability.not_forall_leadingBlock_upper_det_activeBlockPos_activeMaxPivot_activeBlockBudget_offdiagBudget_implies_rowMaxDiagDefectBudget_nonpos	public	theorem	432	-	retain_document	-
NumStability.Source.Higham.Chapter20.Theorem03.QRSolve	NumStability.not_forall_leadingBlock_upper_det_activeBlockPos_activeMaxPivot_activeBlockBudget_offdiagBudget_implies_stageBudget_le_rowMax	public	theorem	433	-	retain_document	-
NumStability.Source.Higham.Chapter20.Theorem03.QRSolve	NumStability.not_forall_leadingBlock_upper_det_activeBlockPos_activeMaxPivot_activeBlockBudget_offdiagBudget_implies_stageDiagLowerDefectBudget_nonpos	public	theorem	434	-	retain_document	-
NumStability.Source.Higham.Chapter20.Theorem03.QRSolve	NumStability.not_forall_leadingBlock_upper_det_activeBlockPos_activeMaxPivot_activeBlockBudget_offdiagBudget_implies_stageRowMaxComparisonDefectBudget_nonpos	public	theorem	435	-	retain_document	-
NumStability.Source.Higham.Chapter20.Theorem03.QRSolve	NumStability.not_forall_leadingBlock_upper_det_activeBlockPos_activeMaxPivot_activeBlockBudget_offdiagBudget_property_implies_rowBudget_diag	public	theorem	436	-	retain_document	-
NumStability.Source.Higham.Chapter20.Theorem03.QRSolve	NumStability.not_forall_leadingBlock_upper_det_activeBlockPos_activeMaxPivot_activeBlockBudget_offdiagBudget_rowMaxDiagDefect_implies_stageDiagLowerDefectBudget_nonpos	public	theorem	437	-	retain_document	-
NumStability.Source.Higham.Chapter20.Theorem03.QRSolve	NumStability.not_forall_leadingBlock_upper_det_activeBlockPos_activeMaxPivot_activeBlockBudget_offdiagBudget_rowMaxDiagDefect_implies_stageRowMaxComparisonDefectBudget_nonpos	public	theorem	438	-	retain_document	-
NumStability.Source.Higham.Chapter20.Theorem03.QRSolve	NumStability.not_forall_leadingBlock_upper_det_activeBlockPos_activeMaxPivot_offdiagBudget_implies_rowBudget_diag	public	theorem	439	-	retain_document	-
NumStability.Source.Higham.Chapter20.Theorem03.QRSolve	NumStability.not_forall_leadingBlock_upper_det_product_activeBlockPos_activeMaxPivot_activeBlockBudget_offdiagBudget_implies_rowMaxDiagDefectBudget_nonpos	public	theorem	440	-	retain_document	-
NumStability.Source.Higham.Chapter20.Theorem03.QRSolve	NumStability.not_forall_leadingBlock_upper_det_product_activeBlockPos_activeMaxPivot_activeBlockBudget_offdiagBudget_implies_stageBudget_le_rowMax	public	theorem	441	-	retain_document	-
NumStability.Source.Higham.Chapter20.Theorem03.QRSolve	NumStability.not_forall_leadingBlock_upper_det_product_activeBlockPos_activeMaxPivot_activeBlockBudget_offdiagBudget_implies_stageDiagLowerDefectBudget_nonpos	public	theorem	442	-	retain_document	-
NumStability.Source.Higham.Chapter20.Theorem03.QRSolve	NumStability.not_forall_leadingBlock_upper_det_product_activeBlockPos_activeMaxPivot_activeBlockBudget_offdiagBudget_implies_stageRowMaxComparisonDefectBudget_nonpos	public	theorem	443	-	retain_document	-
NumStability.Source.Higham.Chapter20.Theorem03.QRSolve	NumStability.not_forall_leadingBlock_upper_det_product_activeBlockPos_activeMaxPivot_activeBlockBudget_offdiagBudget_rowMaxDiagDefect_implies_stageDiagLowerDefectBudget_nonpos	public	theorem	444	-	retain_document	-
NumStability.Source.Higham.Chapter20.Theorem03.QRSolve	NumStability.not_forall_leadingBlock_upper_det_product_activeBlockPos_activeMaxPivot_activeBlockBudget_offdiagBudget_rowMaxDiagDefect_implies_stageRowMaxComparisonDefectBudget_nonpos	public	theorem	445	-	retain_document	-
NumStability.Source.Higham.Chapter20.Theorem03.QRSolve	NumStability.not_forall_rowMaxDiagDefectBudget_implies_stageDiagLowerDefectBudget_nonpos	public	theorem	446	-	retain_document	-
NumStability.Source.Higham.Chapter20.Theorem03.QRSolve	NumStability.not_forall_signedAlphaDef_stored_trailing_sequence_actualU_sourceDen_implies_activeMaxPivotChoice	public	theorem	447	-	retain_document	-
NumStability.Source.Higham.Chapter20.Theorem03.QRSolve	NumStability.not_forall_signedAlphaDef_stored_trailing_sequence_actualU_sourceDen_implies_diagDominant	public	theorem	448	-	retain_document	-
NumStability.Source.Higham.Chapter20.Theorem03.QRSolve	NumStability.not_forall_signedAlphaDef_stored_trailing_sequence_actualU_sourceDen_implies_stageDiagLowerDefectBudget_nonpos	public	theorem	449	-	retain_document	-
NumStability.Source.Higham.Chapter20.Theorem03.QRSolve	NumStability.not_forall_signedAlphaDef_stored_trailing_sequence_actualU_sourceDen_nonnegStageBudget_implies_stageRowMaxComparisonDefectBudget_nonpos	public	theorem	450	-	retain_document	-
NumStability.Source.Higham.Chapter20.Theorem03.QRSolve	NumStability.not_forall_upper_tri_det_ne_zero_product_budget_implies_rowMaxDiagDefectBudget_nonpos	public	theorem	451	-	retain_document	-
NumStability.Source.Higham.Chapter20.Theorem03.QRSolve	NumStability.not_forall_upper_tri_det_ne_zero_product_budget_implies_stageDiagLowerDefectBudget_nonpos	public	theorem	452	-	retain_document	-
NumStability.Source.Higham.Chapter20.Theorem03.QRSolve	NumStability.storedDiagDominantComparisonCounterexampleA1	public	definition	453	-	retain_document	-
NumStability.Source.Higham.Chapter20.Theorem03.QRSolve	NumStability.storedDiagDominantComparisonCounterexampleA2	public	definition	454	-	retain_document	-
NumStability.Source.Higham.Chapter20.Theorem03.QRSolve	NumStability.storedDiagDominantComparisonCounterexampleAlpha	public	definition	455	-	retain_document	-
NumStability.Source.Higham.Chapter20.Theorem03.QRSolve	NumStability.storedDiagDominantComparisonCounterexampleFinalSurfaceStageBudget	public	definition	456	-	retain_document	-
NumStability.Source.Higham.Chapter20.Theorem03.QRSolve	NumStability.storedDiagDominantComparisonCounterexampleGlobalBudgetStageBudget	public	definition	457	-	retain_document	-
NumStability.Source.Higham.Chapter20.Theorem03.QRSolve	NumStability.storedDiagDominantComparisonCounterexampleKappaBudget	public	definition	458	-	retain_document	-
NumStability.Source.Higham.Chapter20.Theorem03.QRSolve	NumStability.storedDiagDominantComparisonCounterexampleKappaNormSqBudget	public	definition	459	-	retain_document	-
NumStability.Source.Higham.Chapter20.Theorem03.QRSolve	NumStability.storedDiagDominantComparisonCounterexampleRhsSeq	public	definition	460	-	retain_document	-
NumStability.Source.Higham.Chapter20.Theorem03.QRSolve	NumStability.storedDiagDominantComparisonCounterexampleSeq	public	definition	461	-	retain_document	-
NumStability.Source.Higham.Chapter20.Theorem03.QRSolve	NumStability.storedDiagDominantComparisonCounterexample_activeMaxPivotChoice	public	theorem	462	-	retain_document	-
NumStability.Source.Higham.Chapter20.Theorem03.QRSolve	NumStability.storedDiagDominantComparisonCounterexample_compactComponentBudget_eq_zero	public	theorem	463	-	retain_document	-
NumStability.Source.Higham.Chapter20.Theorem03.QRSolve	NumStability.storedDiagDominantComparisonCounterexample_compactSequenceProductBudget_lt_one	public	theorem	464	-	retain_document	-
NumStability.Source.Higham.Chapter20.Theorem03.QRSolve	NumStability.storedDiagDominantComparisonCounterexample_compactSequenceRelativeBudget_eq_zero	public	theorem	465	-	retain_document	-
NumStability.Source.Higham.Chapter20.Theorem03.QRSolve	NumStability.storedDiagDominantComparisonCounterexample_concreteFrobStageBudget_stageRowMaxComparisonDefectBudget_pos	public	theorem	466	-	retain_document	-
NumStability.Source.Higham.Chapter20.Theorem03.QRSolve	NumStability.storedDiagDominantComparisonCounterexample_concreteStoredMatrixSeq_one	public	theorem	467	-	retain_document	-
NumStability.Source.Higham.Chapter20.Theorem03.QRSolve	NumStability.storedDiagDominantComparisonCounterexample_coxHighamActiveRowGrowthFactor_two_le_three	public	theorem	468	-	retain_document	-
NumStability.Source.Higham.Chapter20.Theorem03.QRSolve	NumStability.storedDiagDominantComparisonCounterexample_den_ne_zero	public	theorem	469	-	retain_document	-
NumStability.Source.Higham.Chapter20.Theorem03.QRSolve	NumStability.storedDiagDominantComparisonCounterexample_diagDominant	public	theorem	470	-	retain_document	-
NumStability.Source.Higham.Chapter20.Theorem03.QRSolve	NumStability.storedDiagDominantComparisonCounterexample_dualBudget	public	theorem	471	-	retain_document	-
NumStability.Source.Higham.Chapter20.Theorem03.QRSolve	NumStability.storedDiagDominantComparisonCounterexample_finalSurfaceStageBudget_mono	public	theorem	472	-	retain_document	-
NumStability.Source.Higham.Chapter20.Theorem03.QRSolve	NumStability.storedDiagDominantComparisonCounterexample_finalSurfaceStageBudget_nonneg	public	theorem	473	-	retain_document	-
NumStability.Source.Higham.Chapter20.Theorem03.QRSolve	NumStability.storedDiagDominantComparisonCounterexample_finalSurface_globalCompactBudget_recurrence	public	theorem	474	-	retain_document	-
NumStability.Source.Higham.Chapter20.Theorem03.QRSolve	NumStability.storedDiagDominantComparisonCounterexample_finalSurface_init	public	theorem	475	-	retain_document	-
NumStability.Source.Higham.Chapter20.Theorem03.QRSolve	NumStability.storedDiagDominantComparisonCounterexample_finalSurface_initBlock	public	theorem	476	-	retain_document	-
NumStability.Source.Higham.Chapter20.Theorem03.QRSolve	NumStability.storedDiagDominantComparisonCounterexample_finalSurface_sourceDenURationalGammaCanonicalSmallness	public	theorem	477	-	retain_document	-
NumStability.Source.Higham.Chapter20.Theorem03.QRSolve	NumStability.storedDiagDominantComparisonCounterexample_finiteMaxSmallness	public	theorem	478	-	retain_document	-
NumStability.Source.Higham.Chapter20.Theorem03.QRSolve	NumStability.storedDiagDominantComparisonCounterexample_globalBudgetStageBudget_nonneg	public	theorem	479	-	retain_document	-
NumStability.Source.Higham.Chapter20.Theorem03.QRSolve	NumStability.storedDiagDominantComparisonCounterexample_globalCompactBudget_eq_zero	public	theorem	480	-	retain_document	-
NumStability.Source.Higham.Chapter20.Theorem03.QRSolve	NumStability.storedDiagDominantComparisonCounterexample_globalCompactBudget_recurrence	public	theorem	481	-	retain_document	-
NumStability.Source.Higham.Chapter20.Theorem03.QRSolve	NumStability.storedDiagDominantComparisonCounterexample_kappaBudget_le	public	theorem	482	-	retain_document	-
NumStability.Source.Higham.Chapter20.Theorem03.QRSolve	NumStability.storedDiagDominantComparisonCounterexample_kappaNormSqBudget	public	theorem	483	-	retain_document	-
NumStability.Source.Higham.Chapter20.Theorem03.QRSolve	NumStability.storedDiagDominantComparisonCounterexample_kappaNormSqBudget_pos	public	theorem	484	-	retain_document	-
NumStability.Source.Higham.Chapter20.Theorem03.QRSolve	NumStability.storedDiagDominantComparisonCounterexample_leadingBlock_det_ne_zero	public	theorem	485	-	retain_document	-
NumStability.Source.Higham.Chapter20.Theorem03.QRSolve	NumStability.storedDiagDominantComparisonCounterexample_rhs_step	public	theorem	486	-	retain_document	-
NumStability.Source.Higham.Chapter20.Theorem03.QRSolve	NumStability.storedDiagDominantComparisonCounterexample_rowMaxDiagDefectBudget_nonpos	public	theorem	487	-	retain_document	-
NumStability.Source.Higham.Chapter20.Theorem03.QRSolve	NumStability.storedDiagDominantComparisonCounterexample_signed_alpha_def	public	theorem	488	-	retain_document	-
NumStability.Source.Higham.Chapter20.Theorem03.QRSolve	NumStability.storedDiagDominantComparisonCounterexample_stageDiagLowerDefectBudget_pos	public	theorem	489	-	retain_document	-
NumStability.Source.Higham.Chapter20.Theorem03.QRSolve	NumStability.storedDiagDominantComparisonCounterexample_stageRowMaxComparisonDefectBudget_pos	public	theorem	490	-	retain_document	-
NumStability.Source.Higham.Chapter20.Theorem03.QRSolve	NumStability.storedDiagDominantComparisonCounterexample_stageRowMaxComparisonDefectBudget_pos_finalSurfaceStageBudget	public	theorem	491	-	retain_document	-
NumStability.Source.Higham.Chapter20.Theorem03.QRSolve	NumStability.storedDiagDominantComparisonCounterexample_stageRowMaxComparisonDefectBudget_pos_globalBudgetStageBudget	public	theorem	492	-	retain_document	-
NumStability.Source.Higham.Chapter20.Theorem03.QRSolve	NumStability.storedDiagDominantComparisonCounterexample_stored_step	public	theorem	493	-	retain_document	-
NumStability.Source.Higham.Chapter20.Theorem03.QRSolve	NumStability.theorem20_2_eq20_7_8_abs_le_of_minimizers_full_column_rank_of_componentwise_perturbation	public	theorem	494	-	retain_document	-
NumStability.Source.Higham.Chapter20.Theorem03.QRSolve	NumStability.theorem20_2_relative_bounds_of_minimizers_full_column_rank	public	theorem	495	-	retain_document	-
NumStability.Source.Higham.Chapter20.Theorem03.QRSolve	NumStability.theorem20_2_relative_bounds_of_minimizers_full_column_rank_of_componentwise_perturbation	public	theorem	496	-	retain_document	-
NumStability.Source.Higham.Chapter20.Theorem03.QRSolve	NumStability.theorem20_3_householder_qr_ls_backward_error_compactBudget_of_activePivot_diagDominant_stageRowMaxComparison_dualBudget_concreteStored_frobStageBudget_finiteMaxSmallness_actualUnitRoundoff_of_nonempty	public	theorem	497	-	retain_document	-
NumStability.Source.Higham.Chapter20.Theorem03.QRSolve	NumStability.theorem20_3_householder_qr_ls_backward_error_compactBudget_of_activePivot_diagDominant_stageRowMaxComparison_dualBudget_concreteStored_horizonBudget_finiteMaxSmallness_actualUnitRoundoff	public	theorem	498	-	retain_document	-
NumStability.Source.Higham.Chapter20.Theorem03.QRSolve	NumStability.theorem20_3_householder_qr_ls_backward_error_compactBudget_of_activePivot_diagDominant_stageRowMaxComparison_dualBudget_concreteStored_horizonBudget_finiteMaxSmallness_actualUnitRoundoff_of_nonempty	public	theorem	499	-	retain_document	-
NumStability.Source.Higham.Chapter20.Theorem03.QRSolve	NumStability.theorem20_3_householder_qr_ls_backward_error_compactBudget_of_activePivot_diagDominant_stageRowMaxComparison_dualBudget_concreteStored_horizonBudget_finiteMaxSmallness_actualUnitRoundoff_of_nonempty_det_from_diagDominant	public	theorem	500	-	retain_document	-
NumStability.Source.Higham.Chapter20.Theorem03.QRSolve	NumStability.theorem20_3_householder_qr_ls_backward_error_compactBudget_of_activePivot_diagDominant_stageRowMaxComparison_dualBudget_concreteStored_horizonBudget_finiteMaxSmallness_actualUnitRoundoff_of_nonempty_det_from_diagDominant_frobInitial	public	theorem	501	-	retain_document	-
NumStability.Source.Higham.Chapter20.Theorem03.QRSolve	NumStability.theorem20_3_householder_qr_ls_backward_error_compactBudget_of_activePivot_diagDominant_stageRowMaxComparison_dualBudget_horizonBudget_finiteMaxSmallness_actualUnitRoundoff	public	theorem	502	-	retain_document	-
NumStability.Source.Higham.Chapter20.Theorem03.QRSolve	NumStability.theorem20_3_householder_qr_ls_backward_error_compactBudget_of_activePivot_stageDiag_dualBudget_concreteStored_horizonBudget_finiteMaxSmallness_actualUnitRoundoff	public	theorem	503	-	retain_document	-
NumStability.Source.Higham.Chapter20.Theorem03.QRSolve	NumStability.theorem20_3_householder_qr_ls_backward_error_compactBudget_of_activePivot_stageDiag_dualBudget_horizonBudget_actualUnitRoundoff	public	theorem	504	-	retain_document	-
NumStability.Source.Higham.Chapter20.Theorem03.QRSolve	NumStability.theorem20_3_householder_qr_ls_backward_error_compactBudget_of_activePivot_stageDiag_dualBudget_horizonBudget_finiteMaxSmallness_actualUnitRoundoff	public	theorem	505	-	retain_document	-
NumStability.Source.Higham.Chapter20.Theorem03.QRSolve	NumStability.theorem20_3_householder_qr_ls_backward_error_compactBudget_of_rowBudgetControl_dualBudget_actualUnitRoundoff	public	theorem	506	-	retain_document	-
NumStability.Source.Higham.Chapter20.Theorem03.QRSolve	NumStability.theorem20_4_printed_deltaf_coefficient_lt_concrete_gammaTildeSqrtResidual	public	theorem	507	-	retain_document	-
NumStability.Source.Higham.Chapter20.Theorem03.QRSolve	NumStability.theorem20_4_printed_deltaf_coefficient_lt_concrete_gammaTildeSqrtResidual_one_column	public	theorem	508	-	retain_document	-
NumStability.Source.Higham.Chapter20.Theorem03.QRSolve	NumStability.theorem20_4_printed_deltaf_coefficient_lt_conservative_gammaFactor_coefficient	public	theorem	509	-	retain_document	-
NumStability.Source.Higham.Chapter20.Theorem03.QRSolve	NumStability.theorem20_5_wks_finite_formula_and_eigenvalue	public	theorem	510	-	retain_document	-
NumStability.Source.Higham.Chapter20.Theorem03.QRSolve	NumStability.theorem20_5_wks_formula_eigenvalue_and_matrixOnly_limit	public	theorem	511	-	retain_document	-
NumStability.Source.Higham.Chapter20.Theorem03.QRSolve	NumStability.theorem20_5_wks_formula_eigenvalue_and_matrixOnly_limit_of_left_panel_rowRank_eq_card	public	theorem	512	-	retain_document	-
NumStability.Source.Higham.Chapter20.Theorem03.QRSolve	_private.NumStability.Source.Higham.Chapter20.Theorem03.QRSolve.0.NumStability.complexMatrixEuclideanLin_ker_eq_bot_of_rank_eq_card	private	theorem	513	-	retain_document	-
NumStability.Source.Higham.Chapter20.Theorem03.QRSolve	_private.NumStability.Source.Higham.Chapter20.Theorem03.QRSolve.0.NumStability.complexMatrixRank_eq_card_of_euclideanLin_ker_eq_bot	private	theorem	514	-	retain_document	-
NumStability.Source.Higham.Chapter20.Theorem03.QRSolve	_private.NumStability.Source.Higham.Chapter20.Theorem03.QRSolve.0.NumStability.complexMatrixRank_ne_card_of_euclideanLin_ker_nonzero	private	theorem	515	-	retain_document	-
NumStability.Source.Higham.Chapter20.Theorem03.QRSolve	_private.NumStability.Source.Higham.Chapter20.Theorem03.QRSolve.0.NumStability.finiteTranspose_formulaMatrix_real_kernel_eq_zero_of_not_isLeastSquaresMinimizer	private	theorem	516	-	retain_document	-
NumStability.Source.Higham.Chapter20.Theorem03.QRSolve	_private.NumStability.Source.Higham.Chapter20.Theorem03.QRSolve.0.NumStability.frobNormSqRect_add_eq_add_of_inner_eq_zero_lsq	private	theorem	517	-	retain_document	-
NumStability.Source.Higham.Chapter20.Theorem03.QRSolve	_private.NumStability.Source.Higham.Chapter20.Theorem03.QRSolve.0.NumStability.frobNormSqRect_rankOne_real	private	theorem	518	-	retain_document	-
NumStability.Source.Higham.Chapter20.Theorem03.QRSolve	_private.NumStability.Source.Higham.Chapter20.Theorem03.QRSolve.0.NumStability.lsAugmentedEq20_7LeftMajorant_nonneg	private	theorem	519	-	retain_document	-
NumStability.Source.Higham.Chapter20.Theorem03.QRSolve	_private.NumStability.Source.Higham.Chapter20.Theorem03.QRSolve.0.NumStability.lsAugmentedEq20_7Majorant_nonneg	private	theorem	520	-	retain_document	-
NumStability.Source.Higham.Chapter20.Theorem03.QRSolve	_private.NumStability.Source.Higham.Chapter20.Theorem03.QRSolve.0.NumStability.lsAugmentedEq20_7RightMajorant_nonneg	private	theorem	521	-	retain_document	-
NumStability.Source.Higham.Chapter20.Theorem03.QRSolve	_private.NumStability.Source.Higham.Chapter20.Theorem03.QRSolve.0.NumStability.lsAugmentedEq20_8LeftMajorant_nonneg	private	theorem	522	-	retain_document	-
NumStability.Source.Higham.Chapter20.Theorem03.QRSolve	_private.NumStability.Source.Higham.Chapter20.Theorem03.QRSolve.0.NumStability.lsAugmentedEq20_8Majorant_nonneg	private	theorem	523	-	retain_document	-
NumStability.Source.Higham.Chapter20.Theorem03.QRSolve	_private.NumStability.Source.Higham.Chapter20.Theorem03.QRSolve.0.NumStability.lsAugmentedEq20_8RightMajorant_nonneg	private	theorem	524	-	retain_document	-
NumStability.Source.Higham.Chapter20.Theorem03.QRSolve	_private.NumStability.Source.Higham.Chapter20.Theorem03.QRSolve.0.NumStability.lsComponentwiseDataMajorant_nonneg	private	theorem	525	-	retain_document	-
NumStability.Source.Higham.Chapter20.Theorem03.QRSolve	_private.NumStability.Source.Higham.Chapter20.Theorem03.QRSolve.0.NumStability.lsComponentwiseTransposeMajorant_nonneg	private	theorem	526	-	retain_document	-
NumStability.Source.Higham.Chapter20.Theorem03.QRSolve	_private.NumStability.Source.Higham.Chapter20.Theorem03.QRSolve.0.NumStability.lsEq20_6_rhsBottom_abs_le	private	theorem	527	-	retain_document	-
NumStability.Source.Higham.Chapter20.Theorem03.QRSolve	_private.NumStability.Source.Higham.Chapter20.Theorem03.QRSolve.0.NumStability.lsEq20_6_rhsTop_abs_le	private	theorem	528	-	retain_document	-
NumStability.Source.Higham.Chapter20.Theorem03.QRSolve	_private.NumStability.Source.Higham.Chapter20.Theorem03.QRSolve.0.NumStability.lsLemma20_6Perturbation_left_decomp	private	theorem	529	-	retain_document	-
NumStability.Source.Higham.Chapter20.Theorem03.QRSolve	_private.NumStability.Source.Higham.Chapter20.Theorem03.QRSolve.0.NumStability.lsLemma20_6Perturbation_transpose_action_self	private	theorem	530	-	retain_document	-
NumStability.Source.Higham.Chapter20.Theorem03.QRSolve	_private.NumStability.Source.Higham.Chapter20.Theorem03.QRSolve.0.NumStability.lsResidualHigham_column_sum_eq_neg	private	theorem	531	-	retain_document	-
NumStability.Source.Higham.Chapter20.Theorem03.QRSolve	_private.NumStability.Source.Higham.Chapter20.Theorem03.QRSolve.0.NumStability.matMulVec_absMatrix_nonneg	private	theorem	532	-	retain_document	-
NumStability.Source.Higham.Chapter20.Theorem03.QRSolve	_private.NumStability.Source.Higham.Chapter20.Theorem03.QRSolve.0.NumStability.realRectToCMatrix_finiteTranspose_formulaMatrix_left_panel_kernel	private	theorem	533	-	retain_document	-
NumStability.Source.Higham.Chapter20.Theorem03.QRSolve	_private.NumStability.Source.Higham.Chapter20.Theorem03.QRSolve.0.NumStability.realVecToEuclidean_ne_zero_of_vecNorm2Sq_ne_zero	private	theorem	534	-	retain_document	-
NumStability.Source.Higham.Chapter20.Theorem03.QRSolve	_private.NumStability.Source.Higham.Chapter20.Theorem03.QRSolve.0.NumStability.rectMatMulVec_absMatrixRect_nonneg	private	theorem	535	-	retain_document	-
NumStability.Source.Higham.Chapter20.Theorem03.QRSolve	_private.NumStability.Source.Higham.Chapter20.Theorem03.QRSolve.0.NumStability.rectMatMulVec_add_matrix_lsq	private	theorem	536	-	retain_document	-
NumStability.Source.Higham.Chapter20.Theorem03.QRSolve	_private.NumStability.Source.Higham.Chapter20.Theorem03.QRSolve.0.NumStability.vecNorm2Sq_add_eq_add_of_inner_eq_zero_lsq	private	theorem	537	-	retain_document	-
NumStability.Source.Higham.Chapter20.Theorem03.QRSolve	_private.NumStability.Source.Higham.Chapter20.Theorem03.QRSolve.0.NumStability.vecNorm2Sq_pos_of_ne_zero_lsq	private	theorem	538	-	retain_document	-
NumStability.Source.Higham.Chapter20.Theorem03.QRSolve	_private.NumStability.Source.Higham.Chapter20.Theorem03.QRSolve.0.NumStability.vecNorm2_pos_of_ne_zero_lsq	private	theorem	539	-	retain_document	-
